gate,task,like,SourceID,GradeID,MaterialID,Property,Raw value,Raw unit,Raw numeric,Raw uncertainty ±,Raw upper bound,Conversion factor,Normalized value,Normalized uncertainty ±,Normalized upper bound,Normalized unit,Operator,Specimen type,Direction,Notch,Moisture condition,Moisture state,Post-processing,Post-processing state,Anneal °C,Anneal h,Test temperature,Test temperature °C,Standard / load,Standards,Test load MPa,Specimen / print parameters,Locator,quote,note,decision,cause,sign_view,presence,second_read,quote_view,grade_from,reader,rows
ready,reader-round,V009394,R-STRATASYS-mds-fdm-ultem-1010-resin-0626a,G099-08,M099,Tensile break strength,79.2 (4.9),MPa,79.2,Not applicable,Not applicable,1,79.2,Not applicable,Not applicable,MPa,=,Not published (do not assume printed),XZ,Not applicable,Not published,not-stated,Not published,not-stated,Not applicable,Not applicable,Not published,Not published,ASTM D638; printer=F900; tip=T14; layer_height=0.25 mm,ASTM D638,Not applicable,Not published,p. 7: Strength @ Break (XZ; ASTM D638),MPa 79.2 (4.9) 28.2 (8.8) | Strength @ Break,"p. 7, ""Strength @ Break"" under ""Table 4: ULTEM™ 1010 Resin Mechanical Properties - F900 - T14 Tip"": the page prints ""79.2 (4.9)"" (printer=F900; tip=T14; layer_height=0.25 mm); read by sonnet-q7-r9-1, text, second reading agrees.",headline,gap-fill,,text,agreed,line,reader,sonnet-q7-r9-1,readings-1.csv#6
ready,reader-round,V009394,R-STRATASYS-mds-fdm-ultem-1010-resin-0626a,G099-08,M099,Tensile break strength,28.2 (8.8),MPa,28.2,Not applicable,Not applicable,1,28.2,Not applicable,Not applicable,MPa,=,Not published (do not assume printed),ZX,Not applicable,Not published,not-stated,Not published,not-stated,Not applicable,Not applicable,Not published,Not published,ASTM D638; printer=F900; tip=T14; layer_height=0.25 mm,ASTM D638,Not applicable,Not published,p. 7: Strength @ Break (ZX; ASTM D638),MPa 79.2 (4.9) 28.2 (8.8) | Strength @ Break,"p. 7, ""Strength @ Break"" under ""Table 4: ULTEM™ 1010 Resin Mechanical Properties - F900 - T14 Tip"": the page prints ""28.2 (8.8)"" (printer=F900; tip=T14; layer_height=0.25 mm); read by sonnet-q7-r9-1, text, second reading agrees.",headline,gap-fill,,text,agreed,line,reader,sonnet-q7-r9-1,readings-1.csv#7
ready,reader-round,V009394,R-STRATASYS-mds-fdm-ultem-1010-resin-0626a,G099-08,M099,Elongation at break,1.1 (0.45),%,1.1,Not applicable,Not applicable,1,1.1,Not applicable,Not applicable,%,=,Not published (do not assume printed),ZX,Not applicable,Not published,not-stated,Not published,not-stated,Not applicable,Not applicable,Not published,Not published,ASTM D638; printer=F900; tip=T14; layer_height=0.25 mm,ASTM D638,Not applicable,Not published,p. 7: Elongation @ Break,Elongation @ Break % 4.0 (0.42) 1.1 (0.45),"p. 7, ""Elongation @ Break"" under ""Table 4: ULTEM™ 1010 Resin Mechanical Properties - F900 - T14 Tip"": the page prints ""1.1 (0.45)"" (printer=F900; tip=T14; layer_height=0.25 mm); read by sonnet-q7-r9-1, text, second reading agrees.",headline,gap-fill,,text,agreed-reader,line,reader,sonnet-q7-r9-1,readings-1.csv#9
ready,reader-round,V009394,R-STRATASYS-mds-fdm-ultem-1010-resin-0626a,G099-08,M099,Tensile modulus,3.04 (0.18),GPa,3.04,Not applicable,Not applicable,1,3.04,Not applicable,Not applicable,GPa,=,Not published (do not assume printed),XZ,Not applicable,Not published,not-stated,Not published,not-stated,Not applicable,Not applicable,Not published,Not published,ASTM D638; printer=F900; tip=T14; layer_height=0.25 mm,ASTM D638,Not applicable,Not published,p. 7: Modulus (Elastic) (XZ),GPa 3.04 (0.18) 3.00 (0.45) | Modulus (Elastic),"p. 7, ""Modulus (Elastic)"" under ""Table 4: ULTEM™ 1010 Resin Mechanical Properties - F900 - T14 Tip"": the page prints ""3.04 (0.18)"" (printer=F900; tip=T14; layer_height=0.25 mm); read by sonnet-q7-r9-1, text, second reading agrees.",headline,gap-fill,,text,agreed,line,reader,sonnet-q7-r9-1,readings-1.csv#10
ready,reader-round,V009394,R-STRATASYS-mds-fdm-ultem-1010-resin-0626a,G099-08,M099,Tensile modulus,3.00 (0.45),GPa,3,Not applicable,Not applicable,1,3,Not applicable,Not applicable,GPa,=,Not published (do not assume printed),ZX,Not applicable,Not published,not-stated,Not published,not-stated,Not applicable,Not applicable,Not published,Not published,ASTM D638; printer=F900; tip=T14; layer_height=0.25 mm,ASTM D638,Not applicable,Not published,p. 7: Modulus (Elastic) (ZX),GPa 3.04 (0.18) 3.00 (0.45) | Modulus (Elastic),"p. 7, ""Modulus (Elastic)"" under ""Table 4: ULTEM™ 1010 Resin Mechanical Properties - F900 - T14 Tip"": the page prints ""3.00 (0.45)"" (printer=F900; tip=T14; layer_height=0.25 mm); read by sonnet-q7-r9-1, text, second reading agrees.",headline,gap-fill,,text,agreed,line,reader,sonnet-q7-r9-1,readings-1.csv#11
ready,reader-round,V009394,R-STRATASYS-mds-fdm-ultem-1010-resin-0626a,G099-08,M099,Flexural strength,81.6 (13),MPa,81.6,Not applicable,Not applicable,1,81.6,Not applicable,Not applicable,MPa,=,Not published (do not assume printed),ZX,Not applicable,Not published,not-stated,Not published,not-stated,Not applicable,Not applicable,Not published,Not published,"ASTM D790, Procedure A; printer=F900; tip=T14; layer_height=0.25 mm; endpoint=break",ASTM D790,Not applicable,Not published,"p. 7: Strength @ Break (ZX; ASTM D790, Procedure A)",MPa No break 81.6 (13) | Strength @ Break,"p. 7, ""Strength @ Break"" under ""Table 4: ULTEM™ 1010 Resin Mechanical Properties - F900 - T14 Tip"": the page prints ""81.6 (13)"" (printer=F900; tip=T14; layer_height=0.25 mm; endpoint=break); read by sonnet-q7-r9-1, text.",,gap-fill,,text,not-required,line,reader,sonnet-q7-r9-1,readings-1.csv#13
ready,reader-round,V009394,R-STRATASYS-mds-fdm-ultem-1010-resin-0626a,G099-08,M099,Flexural stress at conventional deflection,128 (1.8),MPa,128,Not applicable,Not applicable,1,128,Not applicable,Not applicable,MPa,=,Not published (do not assume printed),XZ,Not applicable,Not published,not-stated,Not published,not-stated,Not applicable,Not applicable,Not published,Not published,"ASTM D790, Procedure A; printer=F900; tip=T14; layer_height=0.25 mm; strain=5%",ASTM D790,Not applicable,Not published,p. 7: Strength @ 5% Strain,MPa 128 (1.8) - | Strength @ 5% Strain,"p. 7, ""Strength @ 5% Strain"" under ""Table 4: ULTEM™ 1010 Resin Mechanical Properties - F900 - T14 Tip"": the page prints ""128 (1.8)"" (printer=F900; tip=T14; layer_height=0.25 mm; strain=5%); read by sonnet-q7-r9-1, text.",,gap-fill,,text,not-required,line,reader,sonnet-q7-r9-1,readings-1.csv#14
ready,reader-round,V009394,R-STRATASYS-mds-fdm-ultem-1010-resin-0626a,G099-08,M099,Flexural elongation at break,3.19 (0.53),%,3.19,Not applicable,Not applicable,1,3.19,Not applicable,Not applicable,%,=,Not published (do not assume printed),ZX,Not applicable,Not published,not-stated,Not published,not-stated,Not applicable,Not applicable,Not published,Not published,"ASTM D790, Procedure A; printer=F900; tip=T14; layer_height=0.25 mm",ASTM D790,Not applicable,Not published,p. 7: Strain @ Break,Strain @ Break % No break 3.19 (0.53),"p. 7, ""Strain @ Break"" under ""Table 4: ULTEM™ 1010 Resin Mechanical Properties - F900 - T14 Tip"": the page prints ""3.19 (0.53)"" (printer=F900; tip=T14; layer_height=0.25 mm); read by sonnet-q7-r9-1, text.",,gap-fill,,text,not-required,line,reader,sonnet-q7-r9-1,readings-1.csv#16
ready,reader-round,V009394,R-STRATASYS-mds-fdm-ultem-1010-resin-0626a,G099-08,M099,Flexural modulus,2.91 (0.049),MPa,2.91,Not applicable,Not applicable,0.001,0.00291,Not applicable,Not applicable,GPa,=,Not published (do not assume printed),XZ,Not applicable,Not published,not-stated,Not published,not-stated,Not applicable,Not applicable,Not published,Not published,"ASTM D790, Procedure A; printer=F900; tip=T14; layer_height=0.25 mm",ASTM D790,Not applicable,Not published,p. 7: Modulus (XZ),MPa 2.91 (0.049) 2.64 (0.13) | Modulus,"p. 7, ""Modulus"" under ""Table 4: ULTEM™ 1010 Resin Mechanical Properties - F900 - T14 Tip"": the page prints ""2.91 (0.049)"" (printer=F900; tip=T14; layer_height=0.25 mm); read by sonnet-q7-r9-1, text.",,gap-fill,,text,not-required,line,reader,sonnet-q7-r9-1,readings-1.csv#17
ready,reader-round,V009394,R-STRATASYS-mds-fdm-ultem-1010-resin-0626a,G099-08,M099,Flexural modulus,2.64 (0.13),MPa,2.64,Not applicable,Not applicable,0.001,0.00264,Not applicable,Not applicable,GPa,=,Not published (do not assume printed),ZX,Not applicable,Not published,not-stated,Not published,not-stated,Not applicable,Not applicable,Not published,Not published,"ASTM D790, Procedure A; printer=F900; tip=T14; layer_height=0.25 mm",ASTM D790,Not applicable,Not published,p. 7: Modulus (ZX),MPa 2.91 (0.049) 2.64 (0.13) | Modulus,"p. 7, ""Modulus"" under ""Table 4: ULTEM™ 1010 Resin Mechanical Properties - F900 - T14 Tip"": the page prints ""2.64 (0.13)"" (printer=F900; tip=T14; layer_height=0.25 mm); read by sonnet-q7-r9-1, text.",,gap-fill,,text,not-required,line,reader,sonnet-q7-r9-1,readings-1.csv#18
ready,reader-round,V009394,R-STRATASYS-mds-fdm-ultem-1010-resin-0626a,G099-08,M099,Compression strength,245 (50),MPa,245,Not applicable,Not applicable,1,245,Not applicable,Not applicable,MPa,=,Not published (do not assume printed),XZ,Not applicable,Not published,not-stated,Not published,not-stated,Not applicable,Not applicable,Not published,Not published,ASTM D695; printer=F900; tip=T14; layer_height=0.25 mm; endpoint=yield,ASTM D695,Not applicable,Not published,p. 7: Yield Strength (XZ),MPa 245 (50) 438 (31) | Yield Strength,"p. 7, ""Yield Strength"" under ""Table 4: ULTEM™ 1010 Resin Mechanical Properties - F900 - T14 Tip"": the page prints ""245 (50)"" (printer=F900; tip=T14; layer_height=0.25 mm; endpoint=yield); read by sonnet-q7-r9-1, text.",,gap-fill,,text,not-required,line,reader,sonnet-q7-r9-1,readings-1.csv#19
ready,reader-round,V009394,R-STRATASYS-mds-fdm-ultem-1010-resin-0626a,G099-08,M099,Compression strength,438 (31),MPa,438,Not applicable,Not applicable,1,438,Not applicable,Not applicable,MPa,=,Not published (do not assume printed),ZX,Not applicable,Not published,not-stated,Not published,not-stated,Not applicable,Not applicable,Not published,Not published,ASTM D695; printer=F900; tip=T14; layer_height=0.25 mm; endpoint=yield,ASTM D695,Not applicable,Not published,p. 7: Yield Strength (ZX),MPa 245 (50) 438 (31) | Yield Strength,"p. 7, ""Yield Strength"" under ""Table 4: ULTEM™ 1010 Resin Mechanical Properties - F900 - T14 Tip"": the page prints ""438 (31)"" (printer=F900; tip=T14; layer_height=0.25 mm; endpoint=yield); read by sonnet-q7-r9-1, text.",,gap-fill,,text,not-required,line,reader,sonnet-q7-r9-1,readings-1.csv#20
ready,reader-round,V009394,R-STRATASYS-mds-fdm-ultem-1010-resin-0626a,G099-08,M099,Izod impact strength,26.6 (3.5),J/m,26.6,Not applicable,Not applicable,1,26.6,Not applicable,Not applicable,J/m,=,Not published (do not assume printed),XZ,Notched,Not published,not-stated,Not published,not-stated,Not applicable,Not applicable,Not published,Not published,"ASTM D256, ASTM D4812; printer=F900; tip=T14; layer_height=0.25 mm",ASTM D256; ASTM D4812,Not applicable,Not published,p. 7: Notched (XZ),J/m 26.6 (3.5) 21.7 (4.7) | Notched,"p. 7, ""Notched"" under ""Table 4: ULTEM™ 1010 Resin Mechanical Properties - F900 - T14 Tip"": the page prints ""26.6 (3.5)"" (printer=F900; tip=T14; layer_height=0.25 mm; notch=notched); read by sonnet-q7-r9-1, text, second reading agrees.",headline,gap-fill,,text,agreed,line,reader,sonnet-q7-r9-1,readings-1.csv#23
ready,reader-round,V009394,R-STRATASYS-mds-fdm-ultem-1010-resin-0626a,G099-08,M099,Izod impact strength,21.7 (4.7),J/m,21.7,Not applicable,Not applicable,1,21.7,Not applicable,Not applicable,J/m,=,Not published (do not assume printed),ZX,Notched,Not published,not-stated,Not published,not-stated,Not applicable,Not applicable,Not published,Not published,"ASTM D256, ASTM D4812; printer=F900; tip=T14; layer_height=0.25 mm",ASTM D256; ASTM D4812,Not applicable,Not published,p. 7: Notched (ZX),J/m 26.6 (3.5) 21.7 (4.7) | Notched,"p. 7, ""Notched"" under ""Table 4: ULTEM™ 1010 Resin Mechanical Properties - F900 - T14 Tip"": the page prints ""21.7 (4.7)"" (printer=F900; tip=T14; layer_height=0.25 mm; notch=notched); read by sonnet-q7-r9-1, text, second reading agrees.",headline,gap-fill,,text,agreed,line,reader,sonnet-q7-r9-1,readings-1.csv#24
ready,reader-round,V009394,R-STRATASYS-mds-fdm-ultem-1010-resin-0626a,G099-08,M099,Izod impact strength,260 (57),J/m,260,Not applicable,Not applicable,1,260,Not applicable,Not applicable,J/m,=,Not published (do not assume printed),XZ,Unnotched,Not published,not-stated,Not published,not-stated,Not applicable,Not applicable,Not published,Not published,"ASTM D256, ASTM D4812; printer=F900; tip=T14; layer_height=0.25 mm",ASTM D256; ASTM D4812,Not applicable,Not published,p. 7: Unnotched (XZ),J/m 260 (57) 68.0 (29.8) | Unnotched,"p. 7, ""Unnotched"" under ""Table 4: ULTEM™ 1010 Resin Mechanical Properties - F900 - T14 Tip"": the page prints ""260 (57)"" (printer=F900; tip=T14; layer_height=0.25 mm; notch=unnotched); read by sonnet-q7-r9-1, text, second reading agrees.",,gap-fill,,text,agreed,line,reader,sonnet-q7-r9-1,readings-1.csv#25
ready,reader-round,V009394,R-STRATASYS-mds-fdm-ultem-1010-resin-0626a,G099-08,M099,Izod impact strength,68.0 (29.8),J/m,68,Not applicable,Not applicable,1,68,Not applicable,Not applicable,J/m,=,Not published (do not assume printed),ZX,Unnotched,Not published,not-stated,Not published,not-stated,Not applicable,Not applicable,Not published,Not published,"ASTM D256, ASTM D4812; printer=F900; tip=T14; layer_height=0.25 mm",ASTM D256; ASTM D4812,Not applicable,Not published,p. 7: Unnotched (ZX),J/m 260 (57) 68.0 (29.8) | Unnotched,"p. 7, ""Unnotched"" under ""Table 4: ULTEM™ 1010 Resin Mechanical Properties - F900 - T14 Tip"": the page prints ""68.0 (29.8)"" (printer=F900; tip=T14; layer_height=0.25 mm; notch=unnotched); read by sonnet-q7-r9-1, text, second reading agrees.",,gap-fill,,text,agreed,line,reader,sonnet-q7-r9-1,readings-1.csv#26
ready,reader-round,V009394,R-STRATASYS-mds-fdm-ultem-1010-resin-0626a,G099-08,M099,Tensile yield strength,92.8 (4),MPa,92.8,Not applicable,Not applicable,1,92.8,Not applicable,Not applicable,MPa,=,Not published (do not assume printed),XZ,Not applicable,Not published,not-stated,Not published,not-stated,Not applicable,Not applicable,Not published,Not published,ASTM D638; printer=F3300; hot_end=N500; layer_height=0.25 mm,ASTM D638,Not applicable,Not published,p. 8: Yield Strength (XZ),MPa 92.8 (4) 35.3 (6.4) | Yield Strength,"p. 8, ""Yield Strength"" under ""Table 5: ULTEM™ 1010 Resin Mechanical Properties - F3300 - N500 Hot End"": the page prints ""92.8 (4)"" (printer=F3300; hot_end=N500; layer_height=0.25 mm); read by sonnet-q7-r9-1, text, second reading agrees.",headline,gap-fill,,text,agreed,line,reader,sonnet-q7-r9-1,readings-1.csv#27
ready,reader-round,V009394,R-STRATASYS-mds-fdm-ultem-1010-resin-0626a,G099-08,M099,Tensile yield strength,35.3 (6.4),MPa,35.3,Not applicable,Not applicable,1,35.3,Not applicable,Not applicable,MPa,=,Not published (do not assume printed),ZX,Not applicable,Not published,not-stated,Not published,not-stated,Not applicable,Not applicable,Not published,Not published,ASTM D638; printer=F3300; hot_end=N500; layer_height=0.25 mm,ASTM D638,Not applicable,Not published,p. 8: Yield Strength (ZX),MPa 92.8 (4) 35.3 (6.4) | Yield Strength,"p. 8, ""Yield Strength"" under ""Table 5: ULTEM™ 1010 Resin Mechanical Properties - F3300 - N500 Hot End"": the page prints ""35.3 (6.4)"" (printer=F3300; hot_end=N500; layer_height=0.25 mm); read by sonnet-q7-r9-1, text, second reading agrees.",headline,gap-fill,,text,agreed,line,reader,sonnet-q7-r9-1,readings-1.csv#28
ready,reader-round,V009394,R-STRATASYS-mds-fdm-ultem-1010-resin-0626a,G099-08,M099,Elongation at yield,1.4 (0.29),%,1.4,Not applicable,Not applicable,1,1.4,Not applicable,Not applicable,%,=,Not published (do not assume printed),ZX,Not applicable,Not published,not-stated,Not published,not-stated,Not applicable,Not applicable,Not published,Not published,ASTM D638; printer=F3300; hot_end=N500; layer_height=0.25 mm,ASTM D638,Not applicable,Not published,p. 8: Elongation @ Yield,% 4.2 (0.35) 1.4 (0.29) | Elongation @ Yield,"p. 8, ""Elongation @ Yield"" under ""Table 5: ULTEM™ 1010 Resin Mechanical Properties - F3300 - N500 Hot End"": the page prints ""1.4 (0.29)"" (printer=F3300; hot_end=N500; layer_height=0.25 mm); read by sonnet-q7-r9-1, text.",,gap-fill,,text,not-required,line,reader,sonnet-q7-r9-1,readings-1.csv#30
ready,reader-round,V009394,R-STRATASYS-mds-fdm-ultem-1010-resin-0626a,G099-08,M099,Tensile break strength,91.6 (4.6),MPa,91.6,Not applicable,Not applicable,1,91.6,Not applicable,Not applicable,MPa,=,Not published (do not assume printed),XZ,Not applicable,Not published,not-stated,Not published,not-stated,Not applicable,Not applicable,Not published,Not published,ASTM D638; printer=F3300; hot_end=N500; layer_height=0.25 mm,ASTM D638,Not applicable,Not published,p. 8: Strength @ Break (XZ; ASTM D638),MPa 91.6 (4.6) 36.7 (6.9) | Strength @ Break,"p. 8, ""Strength @ Break"" under ""Table 5: ULTEM™ 1010 Resin Mechanical Properties - F3300 - N500 Hot End"": the page prints ""91.6 (4.6)"" (printer=F3300; hot_end=N500; layer_height=0.25 mm); read by sonnet-q7-r9-1, text, second reading agrees.",headline,gap-fill,,text,agreed,line,reader,sonnet-q7-r9-1,readings-1.csv#31
ready,reader-round,V009394,R-STRATASYS-mds-fdm-ultem-1010-resin-0626a,G099-08,M099,Tensile break strength,36.7 (6.9),MPa,36.7,Not applicable,Not applicable,1,36.7,Not applicable,Not applicable,MPa,=,Not published (do not assume printed),ZX,Not applicable,Not published,not-stated,Not published,not-stated,Not applicable,Not applicable,Not published,Not published,ASTM D638; printer=F3300; hot_end=N500; layer_height=0.25 mm,ASTM D638,Not applicable,Not published,p. 8: Strength @ Break (ZX; ASTM D638),MPa 91.6 (4.6) 36.7 (6.9) | Strength @ Break,"p. 8, ""Strength @ Break"" under ""Table 5: ULTEM™ 1010 Resin Mechanical Properties - F3300 - N500 Hot End"": the page prints ""36.7 (6.9)"" (printer=F3300; hot_end=N500; layer_height=0.25 mm); read by sonnet-q7-r9-1, text, second reading agrees.",headline,gap-fill,,text,agreed,line,reader,sonnet-q7-r9-1,readings-1.csv#32
ready,reader-round,V009394,R-STRATASYS-mds-fdm-ultem-1010-resin-0626a,G099-08,M099,Elongation at break,1.5 (0.32),%,1.5,Not applicable,Not applicable,1,1.5,Not applicable,Not applicable,%,=,Not published (do not assume printed),ZX,Not applicable,Not published,not-stated,Not published,not-stated,Not applicable,Not applicable,Not published,Not published,ASTM D638; printer=F3300; hot_end=N500; layer_height=0.25 mm,ASTM D638,Not applicable,Not published,p. 8: Elongation @ Break,% 4.1 (0.38) 1.5 (0.32) | Elongation @ Break,"p. 8, ""Elongation @ Break"" under ""Table 5: ULTEM™ 1010 Resin Mechanical Properties - F3300 - N500 Hot End"": the page prints ""1.5 (0.32)"" (printer=F3300; hot_end=N500; layer_height=0.25 mm); read by sonnet-q7-r9-1, text, second reading agrees.",headline,gap-fill,,text,agreed-reader,line,reader,sonnet-q7-r9-1,readings-1.csv#34
ready,reader-round,V009394,R-STRATASYS-mds-fdm-ultem-1010-resin-0626a,G099-08,M099,Tensile modulus,2.92 (0.048),GPa,2.92,Not applicable,Not applicable,1,2.92,Not applicable,Not applicable,GPa,=,Not published (do not assume printed),XZ,Not applicable,Not published,not-stated,Not published,not-stated,Not applicable,Not applicable,Not published,Not published,ASTM D638; printer=F3300; hot_end=N500; layer_height=0.25 mm,ASTM D638,Not applicable,Not published,p. 8: Modulus (Elastic) (XZ),GPa 2.92 (0.048) 2.64 (0.13) | Modulus (Elastic),"p. 8, ""Modulus (Elastic)"" under ""Table 5: ULTEM™ 1010 Resin Mechanical Properties - F3300 - N500 Hot End"": the page prints ""2.92 (0.048)"" (printer=F3300; hot_end=N500; layer_height=0.25 mm); read by sonnet-q7-r9-1, text, second reading agrees.",headline,gap-fill,,text,agreed,line,reader,sonnet-q7-r9-1,readings-1.csv#35
ready,reader-round,V009394,R-STRATASYS-mds-fdm-ultem-1010-resin-0626a,G099-08,M099,Tensile modulus,2.64 (0.13),GPa,2.64,Not applicable,Not applicable,1,2.64,Not applicable,Not applicable,GPa,=,Not published (do not assume printed),ZX,Not applicable,Not published,not-stated,Not published,not-stated,Not applicable,Not applicable,Not published,Not published,ASTM D638; printer=F3300; hot_end=N500; layer_height=0.25 mm,ASTM D638,Not applicable,Not published,p. 8: Modulus (Elastic) (ZX),GPa 2.92 (0.048) 2.64 (0.13) | Modulus (Elastic),"p. 8, ""Modulus (Elastic)"" under ""Table 5: ULTEM™ 1010 Resin Mechanical Properties - F3300 - N500 Hot End"": the page prints ""2.64 (0.13)"" (printer=F3300; hot_end=N500; layer_height=0.25 mm); read by sonnet-q7-r9-1, text, second reading agrees.",headline,gap-fill,,text,agreed,line,reader,sonnet-q7-r9-1,readings-1.csv#36
ready,reader-round,V009394,R-STRATASYS-mds-fdm-ultem-1010-resin-0626a,G099-08,M099,Flexural strength,144 (2.2),MPa,144,Not applicable,Not applicable,1,144,Not applicable,Not applicable,MPa,=,Not published (do not assume printed),XZ,Not applicable,Not published,not-stated,Not published,not-stated,Not applicable,Not applicable,Not published,Not published,"ASTM D790, Procedure A; printer=F3300; hot_end=N500; layer_height=0.25 mm; endpoint=break",ASTM D790,Not applicable,Not published,"p. 8: Strength @ Break (XZ; ASTM D790, Procedure A)",MPa 144 (2.2) 71.5 (12) | Strength @ Break,"p. 8, ""Strength @ Break"" under ""Table 5: ULTEM™ 1010 Resin Mechanical Properties - F3300 - N500 Hot End"": the page prints ""144 (2.2)"" (printer=F3300; hot_end=N500; layer_height=0.25 mm; endpoint=break); read by sonnet-q7-r9-1, text.",,gap-fill,,text,not-required,line,reader,sonnet-q7-r9-1,readings-1.csv#37
ready,reader-round,V009394,R-STRATASYS-mds-fdm-ultem-1010-resin-0626a,G099-08,M099,Flexural strength,71.5 (12),MPa,71.5,Not applicable,Not applicable,1,71.5,Not applicable,Not applicable,MPa,=,Not published (do not assume printed),ZX,Not applicable,Not published,not-stated,Not published,not-stated,Not applicable,Not applicable,Not published,Not published,"ASTM D790, Procedure A; printer=F3300; hot_end=N500; layer_height=0.25 mm; endpoint=break",ASTM D790,Not applicable,Not published,"p. 8: Strength @ Break (ZX; ASTM D790, Procedure A)",MPa 144 (2.2) 71.5 (12) | Strength @ Break,"p. 8, ""Strength @ Break"" under ""Table 5: ULTEM™ 1010 Resin Mechanical Properties - F3300 - N500 Hot End"": the page prints ""71.5 (12)"" (printer=F3300; hot_end=N500; layer_height=0.25 mm; endpoint=break); read by sonnet-q7-r9-1, text.",,gap-fill,,text,not-required,line,reader,sonnet-q7-r9-1,readings-1.csv#38
ready,reader-round,V009394,R-STRATASYS-mds-fdm-ultem-1010-resin-0626a,G099-08,M099,Flexural elongation at break,2.9 (0.71),%,2.9,Not applicable,Not applicable,1,2.9,Not applicable,Not applicable,%,=,Not published (do not assume printed),ZX,Not applicable,Not published,not-stated,Not published,not-stated,Not applicable,Not applicable,Not published,Not published,"ASTM D790, Procedure A; printer=F3300; hot_end=N500; layer_height=0.25 mm",ASTM D790,Not applicable,Not published,p. 8: Strain @ Break,% No break 2.9 (0.71) | Strain @ Break,"p. 8, ""Strain @ Break"" under ""Table 5: ULTEM™ 1010 Resin Mechanical Properties - F3300 - N500 Hot End"": the page prints ""2.9 (0.71)"" (printer=F3300; hot_end=N500; layer_height=0.25 mm); read by sonnet-q7-r9-1, text.",,gap-fill,,text,not-required,line,reader,sonnet-q7-r9-1,readings-1.csv#40
ready,reader-round,V009394,R-STRATASYS-mds-fdm-ultem-1010-resin-0626a,G099-08,M099,Flexural modulus,3.26 (0.056),GPa,3.26,Not applicable,Not applicable,1,3.26,Not applicable,Not applicable,GPa,=,Not published (do not assume printed),XZ,Not applicable,Not published,not-stated,Not published,not-stated,Not applicable,Not applicable,Not published,Not published,"ASTM D790, Procedure A; printer=F3300; hot_end=N500; layer_height=0.25 mm",ASTM D790,Not applicable,Not published,p. 8: Modulus (XZ),GPa 3.26 (0.056) 2.33 (0.3) | Modulus,"p. 8, ""Modulus"" under ""Table 5: ULTEM™ 1010 Resin Mechanical Properties - F3300 - N500 Hot End"": the page prints ""3.26 (0.056)"" (printer=F3300; hot_end=N500; layer_height=0.25 mm); read by sonnet-q7-r9-1, text.",,gap-fill,,text,not-required,line,reader,sonnet-q7-r9-1,readings-1.csv#41
ready,reader-round,V009394,R-STRATASYS-mds-fdm-ultem-1010-resin-0626a,G099-08,M099,Flexural modulus,2.33 (0.3),GPa,2.33,Not applicable,Not applicable,1,2.33,Not applicable,Not applicable,GPa,=,Not published (do not assume printed),ZX,Not applicable,Not published,not-stated,Not published,not-stated,Not applicable,Not applicable,Not published,Not published,"ASTM D790, Procedure A; printer=F3300; hot_end=N500; layer_height=0.25 mm",ASTM D790,Not applicable,Not published,p. 8: Modulus (ZX),GPa 3.26 (0.056) 2.33 (0.3) | Modulus,"p. 8, ""Modulus"" under ""Table 5: ULTEM™ 1010 Resin Mechanical Properties - F3300 - N500 Hot End"": the page prints ""2.33 (0.3)"" (printer=F3300; hot_end=N500; layer_height=0.25 mm); read by sonnet-q7-r9-1, text.",,gap-fill,,text,not-required,line,reader,sonnet-q7-r9-1,readings-1.csv#42
ready,reader-round,V009394,R-STRATASYS-mds-fdm-ultem-1010-resin-0626a,G099-08,M099,Compression strength,77.7 (3.3),MPa,77.7,Not applicable,Not applicable,1,77.7,Not applicable,Not applicable,MPa,=,Not published (do not assume printed),XZ,Not applicable,Not published,not-stated,Not published,not-stated,Not applicable,Not applicable,Not published,Not published,ASTM D695; printer=F3300; hot_end=N500; layer_height=0.25 mm; endpoint=0.2% offset yield,ASTM D695,Not applicable,Not published,p. 8: 0.2% Offset Yield (XZ),MPa 77.7 (3.3) 88.1 (2) | 0.2% Offset Yield,"p. 8, ""0.2% Offset Yield"" under ""Table 5: ULTEM™ 1010 Resin Mechanical Properties - F3300 - N500 Hot End"": the page prints ""77.7 (3.3)"" (printer=F3300; hot_end=N500; layer_height=0.25 mm; endpoint=0.2% offset yield); read by sonnet-q7-r9-1, text.",,gap-fill,,text,not-required,line,reader,sonnet-q7-r9-1,readings-1.csv#43
ready,reader-round,V009394,R-STRATASYS-mds-fdm-ultem-1010-resin-0626a,G099-08,M099,Compression strength,88.1 (2),MPa,88.1,Not applicable,Not applicable,1,88.1,Not applicable,Not applicable,MPa,=,Not published (do not assume printed),ZX,Not applicable,Not published,not-stated,Not published,not-stated,Not applicable,Not applicable,Not published,Not published,ASTM D695; printer=F3300; hot_end=N500; layer_height=0.25 mm; endpoint=0.2% offset yield,ASTM D695,Not applicable,Not published,p. 8: 0.2% Offset Yield (ZX),MPa 77.7 (3.3) 88.1 (2) | 0.2% Offset Yield,"p. 8, ""0.2% Offset Yield"" under ""Table 5: ULTEM™ 1010 Resin Mechanical Properties - F3300 - N500 Hot End"": the page prints ""88.1 (2)"" (printer=F3300; hot_end=N500; layer_height=0.25 mm; endpoint=0.2% offset yield); read by sonnet-q7-r9-1, text.",,gap-fill,,text,not-required,line,reader,sonnet-q7-r9-1,readings-1.csv#44
ready,reader-round,V009394,R-STRATASYS-mds-fdm-ultem-1010-resin-0626a,G099-08,M099,Compression strength,104 (3.5),MPa,104,Not applicable,Not applicable,1,104,Not applicable,Not applicable,MPa,=,Not published (do not assume printed),XZ,Not applicable,Not published,not-stated,Not published,not-stated,Not applicable,Not applicable,Not published,Not published,ASTM D695; printer=F3300; hot_end=N500; layer_height=0.25 mm; endpoint=1.0% offset yield,ASTM D695,Not applicable,Not published,p. 8: 1.0% Offset Yield (XZ),MPa 104 (3.5) 120 (2) | 1.0% Offset Yield,"p. 8, ""1.0% Offset Yield"" under ""Table 5: ULTEM™ 1010 Resin Mechanical Properties - F3300 - N500 Hot End"": the page prints ""104 (3.5)"" (printer=F3300; hot_end=N500; layer_height=0.25 mm; endpoint=1.0% offset yield); read by sonnet-q7-r9-1, text.",,gap-fill,,text,not-required,line,reader,sonnet-q7-r9-1,readings-1.csv#45
ready,reader-round,V009394,R-STRATASYS-mds-fdm-ultem-1010-resin-0626a,G099-08,M099,Compression strength,120 (2),MPa,120,Not applicable,Not applicable,1,120,Not applicable,Not applicable,MPa,=,Not published (do not assume printed),ZX,Not applicable,Not published,not-stated,Not published,not-stated,Not applicable,Not applicable,Not published,Not published,ASTM D695; printer=F3300; hot_end=N500; layer_height=0.25 mm; endpoint=1.0% offset yield,ASTM D695,Not applicable,Not published,p. 8: 1.0% Offset Yield (ZX),MPa 104 (3.5) 120 (2) | 1.0% Offset Yield,"p. 8, ""1.0% Offset Yield"" under ""Table 5: ULTEM™ 1010 Resin Mechanical Properties - F3300 - N500 Hot End"": the page prints ""120 (2)"" (printer=F3300; hot_end=N500; layer_height=0.25 mm; endpoint=1.0% offset yield); read by sonnet-q7-r9-1, text.",,gap-fill,,text,not-required,line,reader,sonnet-q7-r9-1,readings-1.csv#46
ready,reader-round,V009394,R-STRATASYS-mds-fdm-ultem-1010-resin-0626a,G099-08,M099,Izod impact strength,36.3 (4.8),J/m,36.3,Not applicable,Not applicable,1,36.3,Not applicable,Not applicable,J/m,=,Not published (do not assume printed),XZ,Notched,Not published,not-stated,Not published,not-stated,Not applicable,Not applicable,Not published,Not published,"ASTM D256, ASTM D4812; printer=F3300; hot_end=N500; layer_height=0.25 mm; sample thickness=0.125 in",ASTM D256; ASTM D4812,Not applicable,Not published,p. 8: Notched (XZ),J/m 36.3 (4.8) 27.2 (2.4) | Notched,"p. 8, ""Notched"" under ""Table 5: ULTEM™ 1010 Resin Mechanical Properties - F3300 - N500 Hot End"": the page prints ""36.3 (4.8)"" (printer=F3300; hot_end=N500; layer_height=0.25 mm; sample thickness=0.125 in; notch=notched); read by sonnet-q7-r9-1, text, second reading agrees.",headline,gap-fill,,text,agreed,line,reader,sonnet-q7-r9-1,readings-1.csv#49
ready,reader-round,V009394,R-STRATASYS-mds-fdm-ultem-1010-resin-0626a,G099-08,M099,Izod impact strength,27.2 (2.4),J/m,27.2,Not applicable,Not applicable,1,27.2,Not applicable,Not applicable,J/m,=,Not published (do not assume printed),ZX,Notched,Not published,not-stated,Not published,not-stated,Not applicable,Not applicable,Not published,Not published,"ASTM D256, ASTM D4812; printer=F3300; hot_end=N500; layer_height=0.25 mm; sample thickness=0.125 in",ASTM D256; ASTM D4812,Not applicable,Not published,p. 8: Notched (ZX),J/m 36.3 (4.8) 27.2 (2.4) | Notched,"p. 8, ""Notched"" under ""Table 5: ULTEM™ 1010 Resin Mechanical Properties - F3300 - N500 Hot End"": the page prints ""27.2 (2.4)"" (printer=F3300; hot_end=N500; layer_height=0.25 mm; sample thickness=0.125 in; notch=notched); read by sonnet-q7-r9-1, text, second reading agrees.",headline,gap-fill,,text,agreed,line,reader,sonnet-q7-r9-1,readings-1.csv#50
ready,reader-round,V009394,R-STRATASYS-mds-fdm-ultem-1010-resin-0626a,G099-08,M099,Izod impact strength,406 (65),J/m,406,Not applicable,Not applicable,1,406,Not applicable,Not applicable,J/m,=,Not published (do not assume printed),XZ,Unnotched,Not published,not-stated,Not published,not-stated,Not applicable,Not applicable,Not published,Not published,"ASTM D256, ASTM D4812; printer=F3300; hot_end=N500; layer_height=0.25 mm; sample thickness=0.125 in",ASTM D256; ASTM D4812,Not applicable,Not published,p. 8: Unnotched (XZ),J/m 406 (65) 116 (41) | Unnotched,"p. 8, ""Unnotched"" under ""Table 5: ULTEM™ 1010 Resin Mechanical Properties - F3300 - N500 Hot End"": the page prints ""406 (65)"" (printer=F3300; hot_end=N500; layer_height=0.25 mm; sample thickness=0.125 in; notch=unnotched); read by sonnet-q7-r9-1, text, second reading agrees.",,gap-fill,,text,agreed,line,reader,sonnet-q7-r9-1,readings-1.csv#51
ready,reader-round,V009394,R-STRATASYS-mds-fdm-ultem-1010-resin-0626a,G099-08,M099,Izod impact strength,116 (41),J/m,116,Not applicable,Not applicable,1,116,Not applicable,Not applicable,J/m,=,Not published (do not assume printed),ZX,Unnotched,Not published,not-stated,Not published,not-stated,Not applicable,Not applicable,Not published,Not published,"ASTM D256, ASTM D4812; printer=F3300; hot_end=N500; layer_height=0.25 mm; sample thickness=0.125 in",ASTM D256; ASTM D4812,Not applicable,Not published,p. 8: Unnotched (ZX),J/m 406 (65) 116 (41) | Unnotched,"p. 8, ""Unnotched"" under ""Table 5: ULTEM™ 1010 Resin Mechanical Properties - F3300 - N500 Hot End"": the page prints ""116 (41)"" (printer=F3300; hot_end=N500; layer_height=0.25 mm; sample thickness=0.125 in; notch=unnotched); read by sonnet-q7-r9-1, text, second reading agrees.",,gap-fill,,text,agreed,line,reader,sonnet-q7-r9-1,readings-1.csv#52
ready,reader-round,V009342,R-STRATASYS-mds-fdm-pc-abs-0823a,G094-09,M094,Tensile yield strength,36.5 (0.73),MPa,36.5,Not applicable,Not applicable,1,36.5,Not applicable,Not applicable,MPa,=,Not published (do not assume printed),XZ,Not applicable,Not published,not-stated,Not published,not-stated,Not applicable,Not applicable,Not published,Not published,ASTM D638; printer=F900; tip=T16,ASTM D638,Not applicable,Not published,p. 7: Yield Strength (XZ; ASTM D638),MPa 36.5 (0.73) No yield | Yield Strength,"p. 7, ""Yield Strength"" under ""Table 4. PC-ABS Mechanical Properties (F900 - T16 Tip)"": the page prints ""36.5 (0.73)"" (printer=F900; tip=T16); read by sonnet-q7-r9-1, text, second reading agrees.",headline,gap-fill,,text,agreed,line,reader,sonnet-q7-r9-1,readings-1.csv#53
ready,reader-round,V009342,R-STRATASYS-mds-fdm-pc-abs-0823a,G094-09,M094,Tensile break strength,34.7 (0.83),MPa,34.7,Not applicable,Not applicable,1,34.7,Not applicable,Not applicable,MPa,=,Not published (do not assume printed),XZ,Not applicable,Not published,not-stated,Not published,not-stated,Not applicable,Not applicable,Not published,Not published,ASTM D638; printer=F900; tip=T16,ASTM D638,Not applicable,Not published,p. 7: Strength @ Break (XZ; ASTM D638),MPa 34.7 (0.83) 25.9 (1.6) | Strength @ Break,"p. 7, ""Strength @ Break"" under ""Table 4. PC-ABS Mechanical Properties (F900 - T16 Tip)"": the page prints ""34.7 (0.83)"" (printer=F900; tip=T16); read by sonnet-q7-r9-1, text, second reading agrees.",headline,gap-fill,,text,agreed,line,reader,sonnet-q7-r9-1,readings-1.csv#57
ready,reader-round,V009342,R-STRATASYS-mds-fdm-pc-abs-0823a,G094-09,M094,Tensile break strength,25.9 (1.6),MPa,25.9,Not applicable,Not applicable,1,25.9,Not applicable,Not applicable,MPa,=,Not published (do not assume printed),ZX,Not applicable,Not published,not-stated,Not published,not-stated,Not applicable,Not applicable,Not published,Not published,ASTM D638; printer=F900; tip=T16,ASTM D638,Not applicable,Not published,p. 7: Strength @ Break (ZX; ASTM D638),MPa 34.7 (0.83) 25.9 (1.6) | Strength @ Break,"p. 7, ""Strength @ Break"" under ""Table 4. PC-ABS Mechanical Properties (F900 - T16 Tip)"": the page prints ""25.9 (1.6)"" (printer=F900; tip=T16); read by sonnet-q7-r9-1, text, second reading agrees.",headline,gap-fill,,text,agreed,line,reader,sonnet-q7-r9-1,readings-1.csv#58
ready,reader-round,V009342,R-STRATASYS-mds-fdm-pc-abs-0823a,G094-09,M094,Tensile modulus,1.99 (0.038),GPa,1.99,Not applicable,Not applicable,1,1.99,Not applicable,Not applicable,GPa,=,Not published (do not assume printed),XZ,Not applicable,Not published,not-stated,Not published,not-stated,Not applicable,Not applicable,Not published,Not published,ASTM D638; printer=F900; tip=T16,ASTM D638,Not applicable,Not published,p. 7: Modulus (Elastic) (XZ),GPa 1.99 (0.038) 1.87 (0.19) | Modulus (Elastic),"p. 7, ""Modulus (Elastic)"" under ""Table 4. PC-ABS Mechanical Properties (F900 - T16 Tip)"": the page prints ""1.99 (0.038)"" (printer=F900; tip=T16); read by sonnet-q7-r9-1, text, second reading agrees.",headline,gap-fill,,text,agreed,line,reader,sonnet-q7-r9-1,readings-1.csv#61
ready,reader-round,V009342,R-STRATASYS-mds-fdm-pc-abs-0823a,G094-09,M094,Tensile modulus,1.87 (0.19),GPa,1.87,Not applicable,Not applicable,1,1.87,Not applicable,Not applicable,GPa,=,Not published (do not assume printed),ZX,Not applicable,Not published,not-stated,Not published,not-stated,Not applicable,Not applicable,Not published,Not published,ASTM D638; printer=F900; tip=T16,ASTM D638,Not applicable,Not published,p. 7: Modulus (Elastic) (ZX),GPa 1.99 (0.038) 1.87 (0.19) | Modulus (Elastic),"p. 7, ""Modulus (Elastic)"" under ""Table 4. PC-ABS Mechanical Properties (F900 - T16 Tip)"": the page prints ""1.87 (0.19)"" (printer=F900; tip=T16); read by sonnet-q7-r9-1, text, second reading agrees.",headline,gap-fill,,text,agreed,line,reader,sonnet-q7-r9-1,readings-1.csv#62
ready,reader-round,V009342,R-STRATASYS-mds-fdm-pc-abs-0823a,G094-09,M094,Flexural strength,46.2 (2.0),MPa,46.2,Not applicable,Not applicable,1,46.2,Not applicable,Not applicable,MPa,=,Not published (do not assume printed),ZX,Not applicable,Not published,not-stated,Not published,not-stated,Not applicable,Not applicable,Not published,Not published,"ASTM D790, Procedure A; printer=F900; tip=T16; endpoint=break",ASTM D790,Not applicable,Not published,"p. 7: Strength @ Break (ZX; ASTM D790, Procedure A)",MPa No break 46.2 (2.0) | Strength @ Break,"p. 7, ""Strength @ Break"" under ""Table 4. PC-ABS Mechanical Properties (F900 - T16 Tip)"": the page prints ""46.2 (2.0)"" (printer=F900; tip=T16; endpoint=break); read by sonnet-q7-r9-1, text.",,gap-fill,,text,not-required,line,reader,sonnet-q7-r9-1,readings-1.csv#64
ready,reader-round,V009342,R-STRATASYS-mds-fdm-pc-abs-0823a,G094-09,M094,Flexural stress at conventional deflection,61.9 (1.2),MPa,61.9,Not applicable,Not applicable,1,61.9,Not applicable,Not applicable,MPa,=,Not published (do not assume printed),XZ,Not applicable,Not published,not-stated,Not published,not-stated,Not applicable,Not applicable,Not published,Not published,"ASTM D790, Procedure A; printer=F900; tip=T16; strain=5%",ASTM D790,Not applicable,Not published,p. 7: Strength @ 5% Strain,MPa 61.9 (1.2) - | Strength @ 5% Strain,"p. 7, ""Strength @ 5% Strain"" under ""Table 4. PC-ABS Mechanical Properties (F900 - T16 Tip)"": the page prints ""61.9 (1.2)"" (printer=F900; tip=T16; strain=5%); read by sonnet-q7-r9-1, text.",,gap-fill,,text,not-required,line,reader,sonnet-q7-r9-1,readings-1.csv#65
ready,reader-round,V009342,R-STRATASYS-mds-fdm-pc-abs-0823a,G094-09,M094,Flexural elongation at break,3.51 (0.30),%,3.51,Not applicable,Not applicable,1,3.51,Not applicable,Not applicable,%,=,Not published (do not assume printed),ZX,Not applicable,Not published,not-stated,Not published,not-stated,Not applicable,Not applicable,Not published,Not published,"ASTM D790, Procedure A; printer=F900; tip=T16",ASTM D790,Not applicable,Not published,p. 7: Strain @ Break,Strain @ Break % No break 3.51 (0.30),"p. 7, ""Strain @ Break"" under ""Table 4. PC-ABS Mechanical Properties (F900 - T16 Tip)"": the page prints ""3.51 (0.30)"" (printer=F900; tip=T16); read by sonnet-q7-r9-1, text.",,gap-fill,,text,not-required,line,reader,sonnet-q7-r9-1,readings-1.csv#67
ready,reader-round,V009342,R-STRATASYS-mds-fdm-pc-abs-0823a,G094-09,M094,Flexural modulus,1.86 (0.14),GPa,1.86,Not applicable,Not applicable,1,1.86,Not applicable,Not applicable,GPa,=,Not published (do not assume printed),XZ,Not applicable,Not published,not-stated,Not published,not-stated,Not applicable,Not applicable,Not published,Not published,"ASTM D790, Procedure A; printer=F900; tip=T16",ASTM D790,Not applicable,Not published,p. 7: Modulus (XZ),GPa 1.86 (0.14) 1.68 (0.069) | Modulus,"p. 7, ""Modulus"" under ""Table 4. PC-ABS Mechanical Properties (F900 - T16 Tip)"": the page prints ""1.86 (0.14)"" (printer=F900; tip=T16); read by sonnet-q7-r9-1, text.",,gap-fill,,text,not-required,line,reader,sonnet-q7-r9-1,readings-1.csv#68
ready,reader-round,V009342,R-STRATASYS-mds-fdm-pc-abs-0823a,G094-09,M094,Flexural modulus,1.68 (0.069),GPa,1.68,Not applicable,Not applicable,1,1.68,Not applicable,Not applicable,GPa,=,Not published (do not assume printed),ZX,Not applicable,Not published,not-stated,Not published,not-stated,Not applicable,Not applicable,Not published,Not published,"ASTM D790, Procedure A; printer=F900; tip=T16",ASTM D790,Not applicable,Not published,p. 7: Modulus (ZX),GPa 1.86 (0.14) 1.68 (0.069) | Modulus,"p. 7, ""Modulus"" under ""Table 4. PC-ABS Mechanical Properties (F900 - T16 Tip)"": the page prints ""1.68 (0.069)"" (printer=F900; tip=T16); read by sonnet-q7-r9-1, text.",,gap-fill,,text,not-required,line,reader,sonnet-q7-r9-1,readings-1.csv#69
ready,reader-round,V009342,R-STRATASYS-mds-fdm-pc-abs-0823a,G094-09,M094,Compression strength,96.5 (3.6),MPa,96.5,Not applicable,Not applicable,1,96.5,Not applicable,Not applicable,MPa,=,Not published (do not assume printed),XZ,Not applicable,Not published,not-stated,Not published,not-stated,Not applicable,Not applicable,Not published,Not published,ASTM D695; printer=F900; tip=T16; endpoint=yield,ASTM D695,Not applicable,Not published,p. 7: Yield Strength (XZ; ASTM D695),MPa 96.5 (3.6) 172 (13) | Yield Strength,"p. 7, ""Yield Strength"" under ""Table 4. PC-ABS Mechanical Properties (F900 - T16 Tip)"": the page prints ""96.5 (3.6)"" (printer=F900; tip=T16; endpoint=yield); read by sonnet-q7-r9-1, text.",,gap-fill,,text,not-required,line,reader,sonnet-q7-r9-1,readings-1.csv#70
ready,reader-round,V009342,R-STRATASYS-mds-fdm-pc-abs-0823a,G094-09,M094,Compression strength,172 (13),MPa,172,Not applicable,Not applicable,1,172,Not applicable,Not applicable,MPa,=,Not published (do not assume printed),ZX,Not applicable,Not published,not-stated,Not published,not-stated,Not applicable,Not applicable,Not published,Not published,ASTM D695; printer=F900; tip=T16; endpoint=yield,ASTM D695,Not applicable,Not published,p. 7: Yield Strength (ZX; ASTM D695),MPa 96.5 (3.6) 172 (13) | Yield Strength,"p. 7, ""Yield Strength"" under ""Table 4. PC-ABS Mechanical Properties (F900 - T16 Tip)"": the page prints ""172 (13)"" (printer=F900; tip=T16; endpoint=yield); read by sonnet-q7-r9-1, text.",,gap-fill,,text,not-required,line,reader,sonnet-q7-r9-1,readings-1.csv#71
ready,reader-round,V009342,R-STRATASYS-mds-fdm-pc-abs-0823a,G094-09,M094,Izod impact strength,655 (127),J/m,655,Not applicable,Not applicable,1,655,Not applicable,Not applicable,J/m,=,Not published (do not assume printed),XZ,Unnotched,Not published,not-stated,Not published,not-stated,Not applicable,Not applicable,Not published,Not published,"ASTM D256, ASTM D4812; printer=F900; tip=T16",ASTM D256; ASTM D4812,Not applicable,Not published,p. 7: Unnotched (XZ),J/m 655 (127) 101 (23) | Unnotched,"p. 7, ""Unnotched"" under ""Table 4. PC-ABS Mechanical Properties (F900 - T16 Tip)"": the page prints ""655 (127)"" (printer=F900; tip=T16; notch=unnotched); read by sonnet-q7-r9-1, text, second reading agrees.",,gap-fill,,text,agreed,line,reader,sonnet-q7-r9-1,readings-1.csv#76
ready,reader-round,V009342,R-STRATASYS-mds-fdm-pc-abs-0823a,G094-09,M094,Izod impact strength,101 (23),J/m,101,Not applicable,Not applicable,1,101,Not applicable,Not applicable,J/m,=,Not published (do not assume printed),ZX,Unnotched,Not published,not-stated,Not published,not-stated,Not applicable,Not applicable,Not published,Not published,"ASTM D256, ASTM D4812; printer=F900; tip=T16",ASTM D256; ASTM D4812,Not applicable,Not published,p. 7: Unnotched (ZX),J/m 655 (127) 101 (23) | Unnotched,"p. 7, ""Unnotched"" under ""Table 4. PC-ABS Mechanical Properties (F900 - T16 Tip)"": the page prints ""101 (23)"" (printer=F900; tip=T16; notch=unnotched); read by sonnet-q7-r9-1, text, second reading agrees.",,gap-fill,,text,agreed,line,reader,sonnet-q7-r9-1,readings-1.csv#77
ready,reader-round,V009342,R-STRATASYS-mds-fdm-pc-abs-0823a,G094-09,M094,Tensile yield strength,37.5 (0.43),MPa,37.5,Not applicable,Not applicable,1,37.5,Not applicable,Not applicable,MPa,=,Not published (do not assume printed),XZ,Not applicable,Not published,not-stated,Not published,not-stated,Not applicable,Not applicable,Not published,Not published,ASTM D638; printer=Fortus 450mc; tip=T16; colour=Red,ASTM D638,Not applicable,Not published,"p. 8: Yield Strength (XZ; Table 6. Mechanical Properties of PC-ABS Red, Fortus 450mc, T16)",MPa 37.5 (0.43) 29.9 (1.6) | Yield Strength,"p. 8, ""Yield Strength"" under ""Table 6. Mechanical Properties of PC-ABS Red, Fortus 450mc, T16"": the page prints ""37.5 (0.43)"" (printer=Fortus 450mc; tip=T16; colour=Red); read by sonnet-q7-r9-1, text, second reading agrees.",headline,gap-fill,,text,agreed,line,reader,sonnet-q7-r9-1,readings-1.csv#78
ready,reader-round,V009342,R-STRATASYS-mds-fdm-pc-abs-0823a,G094-09,M094,Tensile yield strength,29.9 (1.6),MPa,29.9,Not applicable,Not applicable,1,29.9,Not applicable,Not applicable,MPa,=,Not published (do not assume printed),ZX,Not applicable,Not published,not-stated,Not published,not-stated,Not applicable,Not applicable,Not published,Not published,ASTM D638; printer=Fortus 450mc; tip=T16; colour=Red,ASTM D638,Not applicable,Not published,"p. 8: Yield Strength (ZX; Table 6. Mechanical Properties of PC-ABS Red, Fortus 450mc, T16)",MPa 37.5 (0.43) 29.9 (1.6) | Yield Strength,"p. 8, ""Yield Strength"" under ""Table 6. Mechanical Properties of PC-ABS Red, Fortus 450mc, T16"": the page prints ""29.9 (1.6)"" (printer=Fortus 450mc; tip=T16; colour=Red); read by sonnet-q7-r9-1, text, second reading agrees.",headline,gap-fill,,text,agreed,line,reader,sonnet-q7-r9-1,readings-1.csv#79
ready,reader-round,V009342,R-STRATASYS-mds-fdm-pc-abs-0823a,G094-09,M094,Tensile break strength,35.3 (0.64),MPa,35.3,Not applicable,Not applicable,1,35.3,Not applicable,Not applicable,MPa,=,Not published (do not assume printed),XZ,Not applicable,Not published,not-stated,Not published,not-stated,Not applicable,Not applicable,Not published,Not published,ASTM D638; printer=Fortus 450mc; tip=T16; colour=Red,ASTM D638,Not applicable,Not published,"p. 8: Strength @ Break (XZ; Table 6. Mechanical Properties of PC-ABS Red, Fortus 450mc, T16)",MPa 35.3 (0.64) 30.2 (1.3) | Strength @ Break,"p. 8, ""Strength @ Break"" under ""Table 6. Mechanical Properties of PC-ABS Red, Fortus 450mc, T16"": the page prints ""35.3 (0.64)"" (printer=Fortus 450mc; tip=T16; colour=Red); read by sonnet-q7-r9-1, text, second reading agrees.",headline,gap-fill,,text,agreed,line,reader,sonnet-q7-r9-1,readings-1.csv#82
ready,reader-round,V009342,R-STRATASYS-mds-fdm-pc-abs-0823a,G094-09,M094,Tensile break strength,30.2 (1.3),MPa,30.2,Not applicable,Not applicable,1,30.2,Not applicable,Not applicable,MPa,=,Not published (do not assume printed),ZX,Not applicable,Not published,not-stated,Not published,not-stated,Not applicable,Not applicable,Not published,Not published,ASTM D638; printer=Fortus 450mc; tip=T16; colour=Red,ASTM D638,Not applicable,Not published,"p. 8: Strength @ Break (ZX; Table 6. Mechanical Properties of PC-ABS Red, Fortus 450mc, T16)",MPa 35.3 (0.64) 30.2 (1.3) | Strength @ Break,"p. 8, ""Strength @ Break"" under ""Table 6. Mechanical Properties of PC-ABS Red, Fortus 450mc, T16"": the page prints ""30.2 (1.3)"" (printer=Fortus 450mc; tip=T16; colour=Red); read by sonnet-q7-r9-1, text, second reading agrees.",headline,gap-fill,,text,agreed,line,reader,sonnet-q7-r9-1,readings-1.csv#83
ready,reader-round,V009342,R-STRATASYS-mds-fdm-pc-abs-0823a,G094-09,M094,Tensile modulus,1.73 (0.017),GPa,1.73,Not applicable,Not applicable,1,1.73,Not applicable,Not applicable,GPa,=,Not published (do not assume printed),XZ,Not applicable,Not published,not-stated,Not published,not-stated,Not applicable,Not applicable,Not published,Not published,ASTM D638; printer=Fortus 450mc; tip=T16; colour=Red,ASTM D638,Not applicable,Not published,"p. 8: Modulus (Elastic) (XZ; Table 6. Mechanical Properties of PC-ABS Red, Fortus 450mc, T16)",GPa 1.73 (0.017) 1.75 (0.015) | Modulus (Elastic),"p. 8, ""Modulus (Elastic)"" under ""Table 6. Mechanical Properties of PC-ABS Red, Fortus 450mc, T16"": the page prints ""1.73 (0.017)"" (printer=Fortus 450mc; tip=T16; colour=Red); read by sonnet-q7-r9-1, text, second reading agrees.",headline,gap-fill,,text,agreed,line,reader,sonnet-q7-r9-1,readings-1.csv#86
ready,reader-round,V009342,R-STRATASYS-mds-fdm-pc-abs-0823a,G094-09,M094,Tensile modulus,1.75 (0.015),GPa,1.75,Not applicable,Not applicable,1,1.75,Not applicable,Not applicable,GPa,=,Not published (do not assume printed),ZX,Not applicable,Not published,not-stated,Not published,not-stated,Not applicable,Not applicable,Not published,Not published,ASTM D638; printer=Fortus 450mc; tip=T16; colour=Red,ASTM D638,Not applicable,Not published,"p. 8: Modulus (Elastic) (ZX; Table 6. Mechanical Properties of PC-ABS Red, Fortus 450mc, T16)",GPa 1.73 (0.017) 1.75 (0.015) | Modulus (Elastic),"p. 8, ""Modulus (Elastic)"" under ""Table 6. Mechanical Properties of PC-ABS Red, Fortus 450mc, T16"": the page prints ""1.75 (0.015)"" (printer=Fortus 450mc; tip=T16; colour=Red); read by sonnet-q7-r9-1, text, second reading agrees.",headline,gap-fill,,text,agreed,line,reader,sonnet-q7-r9-1,readings-1.csv#87
ready,reader-round,V009342,R-STRATASYS-mds-fdm-pc-abs-0823a,G094-09,M094,Tensile yield strength,32.7 (0.46),MPa,32.7,Not applicable,Not applicable,1,32.7,Not applicable,Not applicable,MPa,=,Not published (do not assume printed),XZ,Not applicable,Not published,not-stated,Not published,not-stated,Not applicable,Not applicable,Not published,Not published,ASTM D638; printer=F900; tip=T16; colour=Red,ASTM D638,Not applicable,Not published,"p. 8: Yield Strength (XZ; Table 7. Mechanical Properties of PC-ABS Red, F900, T16)",MPa 32.7 (0.46) 26.9 (0.60) | Yield Strength,"p. 8, ""Yield Strength"" under ""Table 7. Mechanical Properties of PC-ABS Red, F900, T16"": the page prints ""32.7 (0.46)"" (printer=F900; tip=T16; colour=Red); read by sonnet-q7-r9-1, text, second reading agrees.",headline,gap-fill,,text,agreed,line,reader,sonnet-q7-r9-1,readings-1.csv#88
ready,reader-round,V009342,R-STRATASYS-mds-fdm-pc-abs-0823a,G094-09,M094,Tensile yield strength,26.9 (0.60),MPa,26.9,Not applicable,Not applicable,1,26.9,Not applicable,Not applicable,MPa,=,Not published (do not assume printed),ZX,Not applicable,Not published,not-stated,Not published,not-stated,Not applicable,Not applicable,Not published,Not published,ASTM D638; printer=F900; tip=T16; colour=Red,ASTM D638,Not applicable,Not published,"p. 8: Yield Strength (ZX; Table 7. Mechanical Properties of PC-ABS Red, F900, T16)",MPa 32.7 (0.46) 26.9 (0.60) | Yield Strength,"p. 8, ""Yield Strength"" under ""Table 7. Mechanical Properties of PC-ABS Red, F900, T16"": the page prints ""26.9 (0.60)"" (printer=F900; tip=T16; colour=Red); read by sonnet-q7-r9-1, text, second reading agrees.",headline,gap-fill,,text,agreed,line,reader,sonnet-q7-r9-1,readings-1.csv#89
ready,reader-round,V009342,R-STRATASYS-mds-fdm-pc-abs-0823a,G094-09,M094,Tensile break strength,31.0 (0.50),MPa,31,Not applicable,Not applicable,1,31,Not applicable,Not applicable,MPa,=,Not published (do not assume printed),XZ,Not applicable,Not published,not-stated,Not published,not-stated,Not applicable,Not applicable,Not published,Not published,ASTM D638; printer=F900; tip=T16; colour=Red,ASTM D638,Not applicable,Not published,"p. 8: Strength @ Break (XZ; Table 7. Mechanical Properties of PC-ABS Red, F900, T16)",MPa 31.0 (0.50) 26.3 (0.59) | Strength @ Break,"p. 8, ""Strength @ Break"" under ""Table 7. Mechanical Properties of PC-ABS Red, F900, T16"": the page prints ""31.0 (0.50)"" (printer=F900; tip=T16; colour=Red); read by sonnet-q7-r9-1, text, second reading agrees.",headline,gap-fill,,text,agreed,line,reader,sonnet-q7-r9-1,readings-1.csv#92
ready,reader-round,V009342,R-STRATASYS-mds-fdm-pc-abs-0823a,G094-09,M094,Tensile break strength,26.3 (0.59),MPa,26.3,Not applicable,Not applicable,1,26.3,Not applicable,Not applicable,MPa,=,Not published (do not assume printed),ZX,Not applicable,Not published,not-stated,Not published,not-stated,Not applicable,Not applicable,Not published,Not published,ASTM D638; printer=F900; tip=T16; colour=Red,ASTM D638,Not applicable,Not published,"p. 8: Strength @ Break (ZX; Table 7. Mechanical Properties of PC-ABS Red, F900, T16)",MPa 31.0 (0.50) 26.3 (0.59) | Strength @ Break,"p. 8, ""Strength @ Break"" under ""Table 7. Mechanical Properties of PC-ABS Red, F900, T16"": the page prints ""26.3 (0.59)"" (printer=F900; tip=T16; colour=Red); read by sonnet-q7-r9-1, text, second reading agrees.",headline,gap-fill,,text,agreed,line,reader,sonnet-q7-r9-1,readings-1.csv#93
ready,reader-round,V009342,R-STRATASYS-mds-fdm-pc-abs-0823a,G094-09,M094,Tensile modulus,1.65 (0.020),GPa,1.65,Not applicable,Not applicable,1,1.65,Not applicable,Not applicable,GPa,=,Not published (do not assume printed),XZ,Not applicable,Not published,not-stated,Not published,not-stated,Not applicable,Not applicable,Not published,Not published,ASTM D638; printer=F900; tip=T16; colour=Red,ASTM D638,Not applicable,Not published,"p. 8: Modulus (Elastic) (XZ; Table 7. Mechanical Properties of PC-ABS Red, F900, T16)",GPa 1.65 (0.020) 1.63 (0.035) | Modulus (Elastic),"p. 8, ""Modulus (Elastic)"" under ""Table 7. Mechanical Properties of PC-ABS Red, F900, T16"": the page prints ""1.65 (0.020)"" (printer=F900; tip=T16; colour=Red); read by sonnet-q7-r9-1, text, second reading agrees.",headline,gap-fill,,text,agreed,line,reader,sonnet-q7-r9-1,readings-1.csv#96
ready,reader-round,V009342,R-STRATASYS-mds-fdm-pc-abs-0823a,G094-09,M094,Tensile modulus,1.63 (0.035),GPa,1.63,Not applicable,Not applicable,1,1.63,Not applicable,Not applicable,GPa,=,Not published (do not assume printed),ZX,Not applicable,Not published,not-stated,Not published,not-stated,Not applicable,Not applicable,Not published,Not published,ASTM D638; printer=F900; tip=T16; colour=Red,ASTM D638,Not applicable,Not published,"p. 8: Modulus (Elastic) (ZX; Table 7. Mechanical Properties of PC-ABS Red, F900, T16)",GPa 1.65 (0.020) 1.63 (0.035) | Modulus (Elastic),"p. 8, ""Modulus (Elastic)"" under ""Table 7. Mechanical Properties of PC-ABS Red, F900, T16"": the page prints ""1.63 (0.035)"" (printer=F900; tip=T16; colour=Red); read by sonnet-q7-r9-1, text, second reading agrees.",headline,gap-fill,,text,agreed,line,reader,sonnet-q7-r9-1,readings-1.csv#97
ready,reader-round,V009342,R-STRATASYS-mds-fdm-pc-abs-0823a,G094-09,M094,Tensile yield strength,26.7,MPa,26.7,Not applicable,Not applicable,1,26.7,Not applicable,Not applicable,MPa,=,Not published (do not assume printed),Unstated,Not applicable,Not published,not-stated,Not published,not-stated,Not applicable,Not applicable,Not published,Not published,ASTM D638; conditioning=No UV Exposure; material column=PC; printer=F370; head=F123; orientation per text above table=ZX (upright dogbones),ASTM D638,Not applicable,Not published,p. 7: Yield Strength (MPa) (26.7),No UV Exposure 3880 26.7 3870 26.7 2.4 224 1.54 | (psi) (MPa) (psi) (MPa) (%) (%) (ksi) (GPa),"p. 7, ""Yield Strength (MPa)"" under ""Table 5. PC-ABS UV Exposure Test Results"": the page prints ""26.7"" (conditioning=No UV Exposure; material column=PC; printer=F370; head=F123; orientation per text above table=ZX (upright dogbones)); read by sonnet-q7-r9-1, text, second reading agrees.",headline,gap-fill,,text,agreed,line,reader,sonnet-q7-r9-1,readings-1.csv#98
ready,reader-round,V009342,R-STRATASYS-mds-fdm-pc-abs-0823a,G094-09,M094,Tensile break strength,26.7,MPa,26.7,Not applicable,Not applicable,1,26.7,Not applicable,Not applicable,MPa,=,Not published (do not assume printed),Unstated,Not applicable,Not published,not-stated,Not published,not-stated,Not applicable,Not applicable,Not published,Not published,ASTM D638; conditioning=No UV Exposure; material column=PC; printer=F370; head=F123; orientation per text above table=ZX (upright dogbones),ASTM D638,Not applicable,Not published,p. 7: Stress at Break (MPa) (26.7),No UV Exposure 3880 26.7 3870 26.7 2.4 224 1.54 | (psi) (MPa) (psi) (MPa) (%) (%) (ksi) (GPa),"p. 7, ""Stress at Break (MPa)"" under ""Table 5. PC-ABS UV Exposure Test Results"": the page prints ""26.7"" (conditioning=No UV Exposure; material column=PC; printer=F370; head=F123; orientation per text above table=ZX (upright dogbones)); read by sonnet-q7-r9-1, text, second reading agrees.",headline,gap-fill,,text,agreed,line,reader,sonnet-q7-r9-1,readings-1.csv#99
ready,reader-round,V009342,R-STRATASYS-mds-fdm-pc-abs-0823a,G094-09,M094,Elongation at break,2.4,%,2.4,Not applicable,Not applicable,1,2.4,Not applicable,Not applicable,%,=,Not published (do not assume printed),Unstated,Not applicable,Not published,not-stated,Not published,not-stated,Not applicable,Not applicable,Not published,Not published,ASTM D638; conditioning=No UV Exposure; material column=PC; printer=F370; head=F123; orientation per text above table=ZX (upright dogbones),ASTM D638,Not applicable,Not published,p. 7: Elongation at break (%) (2.4),No UV Exposure 3880 26.7 3870 26.7 2.4 224 1.54 | (psi) (MPa) (psi) (MPa) (%) (%) (ksi) (GPa),"p. 7, ""Elongation at break (%)"" under ""Table 5. PC-ABS UV Exposure Test Results"": the page prints ""2.4"" (conditioning=No UV Exposure; material column=PC; printer=F370; head=F123; orientation per text above table=ZX (upright dogbones)); read by sonnet-q7-r9-1, text, second reading agrees.",headline,gap-fill,,text,agreed,line,reader,sonnet-q7-r9-1,readings-1.csv#100
ready,reader-round,V009342,R-STRATASYS-mds-fdm-pc-abs-0823a,G094-09,M094,Tensile modulus,1.54,GPa,1.54,Not applicable,Not applicable,1,1.54,Not applicable,Not applicable,GPa,=,Not published (do not assume printed),Unstated,Not applicable,Not published,not-stated,Not published,not-stated,Not applicable,Not applicable,Not published,Not published,ASTM D638; conditioning=No UV Exposure; material column=PC; printer=F370; head=F123; orientation per text above table=ZX (upright dogbones),ASTM D638,Not applicable,Not published,p. 7: Modulus (GPa) (1.54),No UV Exposure 3880 26.7 3870 26.7 2.4 224 1.54 | (psi) (MPa) (psi) (MPa) (%) (%) (ksi) (GPa),"p. 7, ""Modulus (GPa)"" under ""Table 5. PC-ABS UV Exposure Test Results"": the page prints ""1.54"" (conditioning=No UV Exposure; material column=PC; printer=F370; head=F123; orientation per text above table=ZX (upright dogbones)); read by sonnet-q7-r9-1, text, second reading agrees.",headline,gap-fill,,text,agreed,line,reader,sonnet-q7-r9-1,readings-1.csv#101
ready,reader-round,V009342,R-STRATASYS-mds-fdm-pc-abs-0823a,G094-09,M094,Tensile yield strength,25.6,MPa,25.6,Not applicable,Not applicable,1,25.6,Not applicable,Not applicable,MPa,=,Not published (do not assume printed),Unstated,Not applicable,Not published,not-stated,Not published,not-stated,Not applicable,Not applicable,Not published,Not published,ASTM D638; conditioning=UV Exposure; material column=PC; printer=F370; head=F123; orientation per text above table=ZX (upright dogbones),ASTM D638,Not applicable,Not published,p. 7: Yield Strength (MPa) (25.6),UV Exposure 3710 25.6 3720 25.7 2.1 -3.80% 230 1.59 | (psi) (MPa) (psi) (MPa) (%) (%) (ksi) (GPa),"p. 7, ""Yield Strength (MPa)"" under ""Table 5. PC-ABS UV Exposure Test Results"": the page prints ""25.6"" (conditioning=UV Exposure; material column=PC; printer=F370; head=F123; orientation per text above table=ZX (upright dogbones)); read by sonnet-q7-r9-1, text, second reading agrees.",headline,gap-fill,,text,agreed,line,reader,sonnet-q7-r9-1,readings-1.csv#102
ready,reader-round,V009342,R-STRATASYS-mds-fdm-pc-abs-0823a,G094-09,M094,Tensile break strength,25.7,MPa,25.7,Not applicable,Not applicable,1,25.7,Not applicable,Not applicable,MPa,=,Not published (do not assume printed),Unstated,Not applicable,Not published,not-stated,Not published,not-stated,Not applicable,Not applicable,Not published,Not published,ASTM D638; conditioning=UV Exposure; material column=PC; printer=F370; head=F123; orientation per text above table=ZX (upright dogbones),ASTM D638,Not applicable,Not published,p. 7: Stress at Break (MPa) (25.7),UV Exposure 3710 25.6 3720 25.7 2.1 -3.80% 230 1.59 | (psi) (MPa) (psi) (MPa) (%) (%) (ksi) (GPa),"p. 7, ""Stress at Break (MPa)"" under ""Table 5. PC-ABS UV Exposure Test Results"": the page prints ""25.7"" (conditioning=UV Exposure; material column=PC; printer=F370; head=F123; orientation per text above table=ZX (upright dogbones)); read by sonnet-q7-r9-1, text, second reading agrees.",headline,gap-fill,,text,agreed,line,reader,sonnet-q7-r9-1,readings-1.csv#103
ready,reader-round,V009342,R-STRATASYS-mds-fdm-pc-abs-0823a,G094-09,M094,Elongation at break,2.1,%,2.1,Not applicable,Not applicable,1,2.1,Not applicable,Not applicable,%,=,Not published (do not assume printed),Unstated,Not applicable,Not published,not-stated,Not published,not-stated,Not applicable,Not applicable,Not published,Not published,ASTM D638; conditioning=UV Exposure; material column=PC; printer=F370; head=F123; orientation per text above table=ZX (upright dogbones),ASTM D638,Not applicable,Not published,p. 7: Elongation at break (%) (2.1),UV Exposure 3710 25.6 3720 25.7 2.1 -3.80% 230 1.59 | (psi) (MPa) (psi) (MPa) (%) (%) (ksi) (GPa),"p. 7, ""Elongation at break (%)"" under ""Table 5. PC-ABS UV Exposure Test Results"": the page prints ""2.1"" (conditioning=UV Exposure; material column=PC; printer=F370; head=F123; orientation per text above table=ZX (upright dogbones)); read by sonnet-q7-r9-1, text, second reading agrees.",headline,gap-fill,,text,agreed,line,reader,sonnet-q7-r9-1,readings-1.csv#104
ready,reader-round,V009342,R-STRATASYS-mds-fdm-pc-abs-0823a,G094-09,M094,Tensile modulus,1.59,GPa,1.59,Not applicable,Not applicable,1,1.59,Not applicable,Not applicable,GPa,=,Not published (do not assume printed),Unstated,Not applicable,Not published,not-stated,Not published,not-stated,Not applicable,Not applicable,Not published,Not published,ASTM D638; conditioning=UV Exposure; material column=PC; printer=F370; head=F123; orientation per text above table=ZX (upright dogbones),ASTM D638,Not applicable,Not published,p. 7: Modulus (GPa) (1.59),UV Exposure 3710 25.6 3720 25.7 2.1 -3.80% 230 1.59 | (psi) (MPa) (psi) (MPa) (%) (%) (ksi) (GPa),"p. 7, ""Modulus (GPa)"" under ""Table 5. PC-ABS UV Exposure Test Results"": the page prints ""1.59"" (conditioning=UV Exposure; material column=PC; printer=F370; head=F123; orientation per text above table=ZX (upright dogbones)); read by sonnet-q7-r9-1, text, second reading agrees.",headline,gap-fill,,text,agreed,line,reader,sonnet-q7-r9-1,readings-1.csv#105
ready,reader-round,V009430,R-STRATASYS-mds-fdm-pc-0426a,G035-23,M035,Tensile yield strength,93.9 (2.15),MPa,93.9,Not applicable,Not applicable,1,93.9,Not applicable,Not applicable,MPa,=,Not published (do not assume printed),XZ,Not applicable,Not published,not-stated,Not published,not-stated,Not applicable,Not applicable,Not published,Not published,ASTM D638; printer=F900; tip=T16; colour=White; layer_height=0.25 mm,ASTM D638,Not applicable,Not published,p. 8: Yield Strength (XZ; ASTM D638),MPa 93.9 (2.15) 53.1 (4.1) | Yield Strength,"p. 8, ""Yield Strength"" under ""Table 4: PC White Mechanical Properties - F900 - T16 Tip"": the page prints ""93.9 (2.15)"" (printer=F900; tip=T16; colour=White; layer_height=0.25 mm); read by sonnet-q7-r9-1, text, second reading agrees.",headline,gap-fill,,text,agreed,line,reader,sonnet-q7-r9-1,readings-1.csv#107
ready,reader-round,V009430,R-STRATASYS-mds-fdm-pc-0426a,G035-23,M035,Tensile yield strength,53.1 (4.1),MPa,53.1,Not applicable,Not applicable,1,53.1,Not applicable,Not applicable,MPa,=,Not published (do not assume printed),ZX,Not applicable,Not published,not-stated,Not published,not-stated,Not applicable,Not applicable,Not published,Not published,ASTM D638; printer=F900; tip=T16; colour=White; layer_height=0.25 mm,ASTM D638,Not applicable,Not published,p. 8: Yield Strength (ZX; ASTM D638),MPa 93.9 (2.15) 53.1 (4.1) | Yield Strength,"p. 8, ""Yield Strength"" under ""Table 4: PC White Mechanical Properties - F900 - T16 Tip"": the page prints ""53.1 (4.1)"" (printer=F900; tip=T16; colour=White; layer_height=0.25 mm); read by sonnet-q7-r9-1, text, second reading agrees.",headline,gap-fill,,text,agreed,line,reader,sonnet-q7-r9-1,readings-1.csv#108
ready,reader-round,V009430,R-STRATASYS-mds-fdm-pc-0426a,G035-23,M035,Tensile break strength,54.1 (11),MPa,54.1,Not applicable,Not applicable,1,54.1,Not applicable,Not applicable,MPa,=,Not published (do not assume printed),XZ,Not applicable,Not published,not-stated,Not published,not-stated,Not applicable,Not applicable,Not published,Not published,ASTM D638; printer=F900; tip=T16; colour=White; layer_height=0.25 mm,ASTM D638,Not applicable,Not published,p. 8: Strength @ Break (XZ; ASTM D638),MPa 54.1 (11) 52.6 (4.0) | Strength @ Break,"p. 8, ""Strength @ Break"" under ""Table 4: PC White Mechanical Properties - F900 - T16 Tip"": the page prints ""54.1 (11)"" (printer=F900; tip=T16; colour=White; layer_height=0.25 mm); read by sonnet-q7-r9-1, text, second reading agrees.",headline,gap-fill,,text,agreed,line,reader,sonnet-q7-r9-1,readings-1.csv#111
ready,reader-round,V009430,R-STRATASYS-mds-fdm-pc-0426a,G035-23,M035,Tensile break strength,52.6 (4.0),MPa,52.6,Not applicable,Not applicable,1,52.6,Not applicable,Not applicable,MPa,=,Not published (do not assume printed),ZX,Not applicable,Not published,not-stated,Not published,not-stated,Not applicable,Not applicable,Not published,Not published,ASTM D638; printer=F900; tip=T16; colour=White; layer_height=0.25 mm,ASTM D638,Not applicable,Not published,p. 8: Strength @ Break (ZX; ASTM D638),MPa 54.1 (11) 52.6 (4.0) | Strength @ Break,"p. 8, ""Strength @ Break"" under ""Table 4: PC White Mechanical Properties - F900 - T16 Tip"": the page prints ""52.6 (4.0)"" (printer=F900; tip=T16; colour=White; layer_height=0.25 mm); read by sonnet-q7-r9-1, text, second reading agrees.",headline,gap-fill,,text,agreed,line,reader,sonnet-q7-r9-1,readings-1.csv#112
ready,reader-round,V009430,R-STRATASYS-mds-fdm-pc-0426a,G035-23,M035,Tensile modulus,2.94 (0.05),GPa,2.94,Not applicable,Not applicable,1,2.94,Not applicable,Not applicable,GPa,=,Not published (do not assume printed),XZ,Not applicable,Not published,not-stated,Not published,not-stated,Not applicable,Not applicable,Not published,Not published,ASTM D638; printer=F900; tip=T16; colour=White; layer_height=0.25 mm,ASTM D638,Not applicable,Not published,p. 8: Modulus (Elastic) (XZ),GPa 2.94 (0.05) 2.88 (0.07) | Modulus (Elastic),"p. 8, ""Modulus (Elastic)"" under ""Table 4: PC White Mechanical Properties - F900 - T16 Tip"": the page prints ""2.94 (0.05)"" (printer=F900; tip=T16; colour=White; layer_height=0.25 mm); read by sonnet-q7-r9-1, text, second reading agrees.",headline,gap-fill,,text,agreed,line,reader,sonnet-q7-r9-1,readings-1.csv#115
ready,reader-round,V009430,R-STRATASYS-mds-fdm-pc-0426a,G035-23,M035,Tensile modulus,2.88 (0.07),GPa,2.88,Not applicable,Not applicable,1,2.88,Not applicable,Not applicable,GPa,=,Not published (do not assume printed),ZX,Not applicable,Not published,not-stated,Not published,not-stated,Not applicable,Not applicable,Not published,Not published,ASTM D638; printer=F900; tip=T16; colour=White; layer_height=0.25 mm,ASTM D638,Not applicable,Not published,p. 8: Modulus (Elastic) (ZX),GPa 2.94 (0.05) 2.88 (0.07) | Modulus (Elastic),"p. 8, ""Modulus (Elastic)"" under ""Table 4: PC White Mechanical Properties - F900 - T16 Tip"": the page prints ""2.88 (0.07)"" (printer=F900; tip=T16; colour=White; layer_height=0.25 mm); read by sonnet-q7-r9-1, text, second reading agrees.",headline,gap-fill,,text,agreed,line,reader,sonnet-q7-r9-1,readings-1.csv#116
ready,reader-round,V009430,R-STRATASYS-mds-fdm-pc-0426a,G035-23,M035,Flexural strength,85.3 (14),MPa,85.3,Not applicable,Not applicable,1,85.3,Not applicable,Not applicable,MPa,=,Not published (do not assume printed),ZX,Not applicable,Not published,not-stated,Not published,not-stated,Not applicable,Not applicable,Not published,Not published,"ASTM D790, Procedure A; printer=F900; tip=T16; colour=White; layer_height=0.25 mm; endpoint=break",ASTM D790,Not applicable,Not published,"p. 8: Strength @ Break (ZX; ASTM D790, Procedure A)",MPa 85.3 (14) | Strength @ Break No Break,"p. 8, ""Strength @ Break"" under ""Table 4: PC White Mechanical Properties - F900 - T16 Tip"": the page prints ""85.3 (14)"" (printer=F900; tip=T16; colour=White; layer_height=0.25 mm; endpoint=break); read by sonnet-q7-r9-1, text.",,gap-fill,,text,not-required,line,reader,sonnet-q7-r9-1,readings-1.csv#118
ready,reader-round,V009430,R-STRATASYS-mds-fdm-pc-0426a,G035-23,M035,Flexural stress at conventional deflection,144 (4.6),MPa,144,Not applicable,Not applicable,1,144,Not applicable,Not applicable,MPa,=,Not published (do not assume printed),XZ,Not applicable,Not published,not-stated,Not published,not-stated,Not applicable,Not applicable,Not published,Not published,"ASTM D790, Procedure A; printer=F900; tip=T16; colour=White; layer_height=0.25 mm; strain=5%",ASTM D790,Not applicable,Not published,p. 8: Strength @ 5% Strain,MPa 144 (4.6) - | Strength @ 5% Strain,"p. 8, ""Strength @ 5% Strain"" under ""Table 4: PC White Mechanical Properties - F900 - T16 Tip"": the page prints ""144 (4.6)"" (printer=F900; tip=T16; colour=White; layer_height=0.25 mm; strain=5%); read by sonnet-q7-r9-1, text.",,gap-fill,,text,not-required,line,reader,sonnet-q7-r9-1,readings-1.csv#119
ready,reader-round,V009430,R-STRATASYS-mds-fdm-pc-0426a,G035-23,M035,Flexural elongation at break,3.1,%,3.1,Not applicable,Not applicable,1,3.1,Not applicable,Not applicable,%,=,Not published (do not assume printed),ZX,Not applicable,Not published,not-stated,Not published,not-stated,Not applicable,Not applicable,Not published,Not published,"ASTM D790, Procedure A; printer=F900; tip=T16; colour=White; layer_height=0.25 mm",ASTM D790,Not applicable,Not published,p. 8: Strain @ Break,Strain @ Break % No Break 3.1,"p. 8, ""Strain @ Break"" under ""Table 4: PC White Mechanical Properties - F900 - T16 Tip"": the page prints ""3.1"" (printer=F900; tip=T16; colour=White; layer_height=0.25 mm); read by sonnet-q7-r9-1, text.",,gap-fill,,text,not-required,line,reader,sonnet-q7-r9-1,readings-1.csv#121
ready,reader-round,V009430,R-STRATASYS-mds-fdm-pc-0426a,G035-23,M035,Flexural modulus,3.43 (0.09),GPa,3.43,Not applicable,Not applicable,1,3.43,Not applicable,Not applicable,GPa,=,Not published (do not assume printed),XZ,Not applicable,Not published,not-stated,Not published,not-stated,Not applicable,Not applicable,Not published,Not published,"ASTM D790, Procedure A; printer=F900; tip=T16; colour=White; layer_height=0.25 mm",ASTM D790,Not applicable,Not published,p. 8: Modulus (XZ),GPa 3.43 (0.09) 2.80 (0.06) | Modulus,"p. 8, ""Modulus"" under ""Table 4: PC White Mechanical Properties - F900 - T16 Tip"": the page prints ""3.43 (0.09)"" (printer=F900; tip=T16; colour=White; layer_height=0.25 mm); read by sonnet-q7-r9-1, text.",,gap-fill,,text,not-required,line,reader,sonnet-q7-r9-1,readings-1.csv#122
ready,reader-round,V009430,R-STRATASYS-mds-fdm-pc-0426a,G035-23,M035,Flexural modulus,2.80 (0.06),GPa,2.8,Not applicable,Not applicable,1,2.8,Not applicable,Not applicable,GPa,=,Not published (do not assume printed),ZX,Not applicable,Not published,not-stated,Not published,not-stated,Not applicable,Not applicable,Not published,Not published,"ASTM D790, Procedure A; printer=F900; tip=T16; colour=White; layer_height=0.25 mm",ASTM D790,Not applicable,Not published,p. 8: Modulus (ZX),GPa 3.43 (0.09) 2.80 (0.06) | Modulus,"p. 8, ""Modulus"" under ""Table 4: PC White Mechanical Properties - F900 - T16 Tip"": the page prints ""2.80 (0.06)"" (printer=F900; tip=T16; colour=White; layer_height=0.25 mm); read by sonnet-q7-r9-1, text.",,gap-fill,,text,not-required,line,reader,sonnet-q7-r9-1,readings-1.csv#123
ready,reader-round,V009430,R-STRATASYS-mds-fdm-pc-0426a,G035-23,M035,Compression strength,106 (3.3),MPa,106,Not applicable,Not applicable,1,106,Not applicable,Not applicable,MPa,=,Not published (do not assume printed),XZ,Not applicable,Not published,not-stated,Not published,not-stated,Not applicable,Not applicable,Not published,Not published,ASTM D695; printer=F900; tip=T16; colour=White; layer_height=0.25 mm; endpoint=yield,ASTM D695,Not applicable,Not published,p. 8: Yield Strength (XZ; ASTM D695),MPa 106 (3.3) 106 (3.1) | Yield Strength,"p. 8, ""Yield Strength"" under ""Table 4: PC White Mechanical Properties - F900 - T16 Tip"": the page prints ""106 (3.3)"" (printer=F900; tip=T16; colour=White; layer_height=0.25 mm; endpoint=yield); read by sonnet-q7-r9-1, text.",,gap-fill,,text,not-required,line,reader,sonnet-q7-r9-1,readings-1.csv#124
ready,reader-round,V009430,R-STRATASYS-mds-fdm-pc-0426a,G035-23,M035,Compression strength,106 (3.1),MPa,106,Not applicable,Not applicable,1,106,Not applicable,Not applicable,MPa,=,Not published (do not assume printed),ZX,Not applicable,Not published,not-stated,Not published,not-stated,Not applicable,Not applicable,Not published,Not published,ASTM D695; printer=F900; tip=T16; colour=White; layer_height=0.25 mm; endpoint=yield,ASTM D695,Not applicable,Not published,p. 8: Yield Strength (ZX; ASTM D695),MPa 106 (3.3) 106 (3.1) | Yield Strength,"p. 8, ""Yield Strength"" under ""Table 4: PC White Mechanical Properties - F900 - T16 Tip"": the page prints ""106 (3.1)"" (printer=F900; tip=T16; colour=White; layer_height=0.25 mm; endpoint=yield); read by sonnet-q7-r9-1, text.",,gap-fill,,text,not-required,line,reader,sonnet-q7-r9-1,readings-1.csv#125
ready,reader-round,V009430,R-STRATASYS-mds-fdm-pc-0426a,G035-23,M035,Izod impact strength,"1,930 (950)",J/m,1930,Not applicable,Not applicable,1,1930,Not applicable,Not applicable,J/m,=,Not published (do not assume printed),XZ,Unnotched,Not published,not-stated,Not published,not-stated,Not applicable,Not applicable,Not published,Not published,"ASTM D256, ASTM D4812; printer=F900; tip=T16; colour=White; layer_height=0.25 mm",ASTM D256; ASTM D4812,Not applicable,Not published,p. 8: Unnotched (XZ),"J/m 1,930 (950) 143.2 (32) | Unnotched","p. 8, ""Unnotched"" under ""Table 4: PC White Mechanical Properties - F900 - T16 Tip"": the page prints ""1,930 (950)"" (printer=F900; tip=T16; colour=White; layer_height=0.25 mm; notch=unnotched); read by sonnet-q7-r9-1, text, second reading agrees.",,gap-fill,,text,agreed,line,reader,sonnet-q7-r9-1,readings-1.csv#130
ready,reader-round,V009430,R-STRATASYS-mds-fdm-pc-0426a,G035-23,M035,Izod impact strength,143.2 (32),J/m,143.2,Not applicable,Not applicable,1,143.2,Not applicable,Not applicable,J/m,=,Not published (do not assume printed),ZX,Unnotched,Not published,not-stated,Not published,not-stated,Not applicable,Not applicable,Not published,Not published,"ASTM D256, ASTM D4812; printer=F900; tip=T16; colour=White; layer_height=0.25 mm",ASTM D256; ASTM D4812,Not applicable,Not published,p. 8: Unnotched (ZX),"J/m 1,930 (950) 143.2 (32) | Unnotched","p. 8, ""Unnotched"" under ""Table 4: PC White Mechanical Properties - F900 - T16 Tip"": the page prints ""143.2 (32)"" (printer=F900; tip=T16; colour=White; layer_height=0.25 mm; notch=unnotched); read by sonnet-q7-r9-1, text, second reading agrees.",,gap-fill,,text,agreed,line,reader,sonnet-q7-r9-1,readings-1.csv#131
ready,reader-round,V009430,R-STRATASYS-mds-fdm-pc-0426a,G035-23,M035,Tensile yield strength,64.6 (0.44),MPa,64.6,Not applicable,Not applicable,1,64.6,Not applicable,Not applicable,MPa,=,Not published (do not assume printed),XZ,Not applicable,Not published,not-stated,Not published,not-stated,Not applicable,Not applicable,Not published,Not published,ASTM D638; printer=Fortus 450mc; tip=T16; colour=Black; layer_height=0.25 mm,ASTM D638,Not applicable,Not published,"p. 11: Yield Strength (XZ; Table 8: Mechanical Properties of PC Black, Fortus 450mc, T16)",MPa 64.6 (0.44) 43 (5.1) | Yield Strength,"p. 11, ""Yield Strength"" under ""Table 8: Mechanical Properties of PC Black, Fortus 450mc, T16"": the page prints ""64.6 (0.44)"" (printer=Fortus 450mc; tip=T16; colour=Black; layer_height=0.25 mm); read by sonnet-q7-r9-1, text, second reading agrees.",headline,gap-fill,,text,agreed,line,reader,sonnet-q7-r9-1,readings-1.csv#132
ready,reader-round,V009430,R-STRATASYS-mds-fdm-pc-0426a,G035-23,M035,Tensile yield strength,43 (5.1),MPa,43,Not applicable,Not applicable,1,43,Not applicable,Not applicable,MPa,=,Not published (do not assume printed),ZX,Not applicable,Not published,not-stated,Not published,not-stated,Not applicable,Not applicable,Not published,Not published,ASTM D638; printer=Fortus 450mc; tip=T16; colour=Black; layer_height=0.25 mm,ASTM D638,Not applicable,Not published,"p. 11: Yield Strength (ZX; Table 8: Mechanical Properties of PC Black, Fortus 450mc, T16)",MPa 64.6 (0.44) 43 (5.1) | Yield Strength,"p. 11, ""Yield Strength"" under ""Table 8: Mechanical Properties of PC Black, Fortus 450mc, T16"": the page prints ""43 (5.1)"" (printer=Fortus 450mc; tip=T16; colour=Black; layer_height=0.25 mm); read by sonnet-q7-r9-1, text, second reading agrees.",headline,gap-fill,,text,agreed,line,reader,sonnet-q7-r9-1,readings-1.csv#133
ready,reader-round,V009430,R-STRATASYS-mds-fdm-pc-0426a,G035-23,M035,Tensile break strength,61.0 (2.3),MPa,61,Not applicable,Not applicable,1,61,Not applicable,Not applicable,MPa,=,Not published (do not assume printed),XZ,Not applicable,Not published,not-stated,Not published,not-stated,Not applicable,Not applicable,Not published,Not published,ASTM D638; printer=Fortus 450mc; tip=T16; colour=Black; layer_height=0.25 mm,ASTM D638,Not applicable,Not published,"p. 11: Strength @ Break (XZ; Table 8: Mechanical Properties of PC Black, Fortus 450mc, T16)",MPa 61.0 (2.3) 44.5 (5.8) | Strength @ Break,"p. 11, ""Strength @ Break"" under ""Table 8: Mechanical Properties of PC Black, Fortus 450mc, T16"": the page prints ""61.0 (2.3)"" (printer=Fortus 450mc; tip=T16; colour=Black; layer_height=0.25 mm); read by sonnet-q7-r9-1, text, second reading agrees.",headline,gap-fill,,text,agreed,line,reader,sonnet-q7-r9-1,readings-1.csv#136
ready,reader-round,V009430,R-STRATASYS-mds-fdm-pc-0426a,G035-23,M035,Tensile break strength,44.5 (5.8),MPa,44.5,Not applicable,Not applicable,1,44.5,Not applicable,Not applicable,MPa,=,Not published (do not assume printed),ZX,Not applicable,Not published,not-stated,Not published,not-stated,Not applicable,Not applicable,Not published,Not published,ASTM D638; printer=Fortus 450mc; tip=T16; colour=Black; layer_height=0.25 mm,ASTM D638,Not applicable,Not published,"p. 11: Strength @ Break (ZX; Table 8: Mechanical Properties of PC Black, Fortus 450mc, T16)",MPa 61.0 (2.3) 44.5 (5.8) | Strength @ Break,"p. 11, ""Strength @ Break"" under ""Table 8: Mechanical Properties of PC Black, Fortus 450mc, T16"": the page prints ""44.5 (5.8)"" (printer=Fortus 450mc; tip=T16; colour=Black; layer_height=0.25 mm); read by sonnet-q7-r9-1, text, second reading agrees.",headline,gap-fill,,text,agreed,line,reader,sonnet-q7-r9-1,readings-1.csv#137
ready,reader-round,V009430,R-STRATASYS-mds-fdm-pc-0426a,G035-23,M035,Tensile modulus,1.93 (0.018),GPa,1.93,Not applicable,Not applicable,1,1.93,Not applicable,Not applicable,GPa,=,Not published (do not assume printed),XZ,Not applicable,Not published,not-stated,Not published,not-stated,Not applicable,Not applicable,Not published,Not published,ASTM D638; printer=Fortus 450mc; tip=T16; colour=Black; layer_height=0.25 mm,ASTM D638,Not applicable,Not published,"p. 11: Modulus (Elastic) (XZ; Table 8: Mechanical Properties of PC Black, Fortus 450mc, T16)",GPa 1.93 (0.018) 2.01 (0.034) | Modulus (Elastic),"p. 11, ""Modulus (Elastic)"" under ""Table 8: Mechanical Properties of PC Black, Fortus 450mc, T16"": the page prints ""1.93 (0.018)"" (printer=Fortus 450mc; tip=T16; colour=Black; layer_height=0.25 mm); read by sonnet-q7-r9-1, text, second reading agrees.",headline,gap-fill,,text,agreed,line,reader,sonnet-q7-r9-1,readings-1.csv#140
ready,reader-round,V009430,R-STRATASYS-mds-fdm-pc-0426a,G035-23,M035,Tensile modulus,2.01 (0.034),GPa,2.01,Not applicable,Not applicable,1,2.01,Not applicable,Not applicable,GPa,=,Not published (do not assume printed),ZX,Not applicable,Not published,not-stated,Not published,not-stated,Not applicable,Not applicable,Not published,Not published,ASTM D638; printer=Fortus 450mc; tip=T16; colour=Black; layer_height=0.25 mm,ASTM D638,Not applicable,Not published,"p. 11: Modulus (Elastic) (ZX; Table 8: Mechanical Properties of PC Black, Fortus 450mc, T16)",GPa 1.93 (0.018) 2.01 (0.034) | Modulus (Elastic),"p. 11, ""Modulus (Elastic)"" under ""Table 8: Mechanical Properties of PC Black, Fortus 450mc, T16"": the page prints ""2.01 (0.034)"" (printer=Fortus 450mc; tip=T16; colour=Black; layer_height=0.25 mm); read by sonnet-q7-r9-1, text, second reading agrees.",headline,gap-fill,,text,agreed,line,reader,sonnet-q7-r9-1,readings-1.csv#141
ready,reader-round,V009430,R-STRATASYS-mds-fdm-pc-0426a,G035-23,M035,Tensile yield strength,62.5 (0.67),MPa,62.5,Not applicable,Not applicable,1,62.5,Not applicable,Not applicable,MPa,=,Not published (do not assume printed),XZ,Not applicable,Not published,not-stated,Not published,not-stated,Not applicable,Not applicable,Not published,Not published,ASTM D638; printer=Fortus 450mc; tip=T16; colour=Red; layer_height=0.25 mm,ASTM D638,Not applicable,Not published,"p. 11: Yield Strength (XZ; Table 9: Mechanical Properties of PC Red, Fortus 450mc, T16)",MPa 62.5 (0.67) 37.1 (2.3) | Yield Strength,"p. 11, ""Yield Strength"" under ""Table 9: Mechanical Properties of PC Red, Fortus 450mc, T16"": the page prints ""62.5 (0.67)"" (printer=Fortus 450mc; tip=T16; colour=Red; layer_height=0.25 mm); read by sonnet-q7-r9-1, text, second reading agrees.",headline,gap-fill,,text,agreed,line,reader,sonnet-q7-r9-1,readings-1.csv#142
ready,reader-round,V009430,R-STRATASYS-mds-fdm-pc-0426a,G035-23,M035,Tensile yield strength,37.1 (2.3),MPa,37.1,Not applicable,Not applicable,1,37.1,Not applicable,Not applicable,MPa,=,Not published (do not assume printed),ZX,Not applicable,Not published,not-stated,Not published,not-stated,Not applicable,Not applicable,Not published,Not published,ASTM D638; printer=Fortus 450mc; tip=T16; colour=Red; layer_height=0.25 mm,ASTM D638,Not applicable,Not published,"p. 11: Yield Strength (ZX; Table 9: Mechanical Properties of PC Red, Fortus 450mc, T16)",MPa 62.5 (0.67) 37.1 (2.3) | Yield Strength,"p. 11, ""Yield Strength"" under ""Table 9: Mechanical Properties of PC Red, Fortus 450mc, T16"": the page prints ""37.1 (2.3)"" (printer=Fortus 450mc; tip=T16; colour=Red; layer_height=0.25 mm); read by sonnet-q7-r9-1, text, second reading agrees.",headline,gap-fill,,text,agreed,line,reader,sonnet-q7-r9-1,readings-1.csv#143
ready,reader-round,V009430,R-STRATASYS-mds-fdm-pc-0426a,G035-23,M035,Tensile break strength,61.7 (0.97),MPa,61.7,Not applicable,Not applicable,1,61.7,Not applicable,Not applicable,MPa,=,Not published (do not assume printed),XZ,Not applicable,Not published,not-stated,Not published,not-stated,Not applicable,Not applicable,Not published,Not published,ASTM D638; printer=Fortus 450mc; tip=T16; colour=Red; layer_height=0.25 mm,ASTM D638,Not applicable,Not published,"p. 11: Strength @ Break (XZ; Table 9: Mechanical Properties of PC Red, Fortus 450mc, T16)",MPa 61.7 (0.97) 36.9 (2.4) | Strength @ Break,"p. 11, ""Strength @ Break"" under ""Table 9: Mechanical Properties of PC Red, Fortus 450mc, T16"": the page prints ""61.7 (0.97)"" (printer=Fortus 450mc; tip=T16; colour=Red; layer_height=0.25 mm); read by sonnet-q7-r9-1, text, second reading agrees.",headline,gap-fill,,text,agreed,line,reader,sonnet-q7-r9-1,readings-1.csv#146
ready,reader-round,V009430,R-STRATASYS-mds-fdm-pc-0426a,G035-23,M035,Tensile break strength,36.9 (2.4),MPa,36.9,Not applicable,Not applicable,1,36.9,Not applicable,Not applicable,MPa,=,Not published (do not assume printed),ZX,Not applicable,Not published,not-stated,Not published,not-stated,Not applicable,Not applicable,Not published,Not published,ASTM D638; printer=Fortus 450mc; tip=T16; colour=Red; layer_height=0.25 mm,ASTM D638,Not applicable,Not published,"p. 11: Strength @ Break (ZX; Table 9: Mechanical Properties of PC Red, Fortus 450mc, T16)",MPa 61.7 (0.97) 36.9 (2.4) | Strength @ Break,"p. 11, ""Strength @ Break"" under ""Table 9: Mechanical Properties of PC Red, Fortus 450mc, T16"": the page prints ""36.9 (2.4)"" (printer=Fortus 450mc; tip=T16; colour=Red; layer_height=0.25 mm); read by sonnet-q7-r9-1, text, second reading agrees.",headline,gap-fill,,text,agreed,line,reader,sonnet-q7-r9-1,readings-1.csv#147
ready,reader-round,V009430,R-STRATASYS-mds-fdm-pc-0426a,G035-23,M035,Tensile modulus,1.95 (0.021),GPa,1.95,Not applicable,Not applicable,1,1.95,Not applicable,Not applicable,GPa,=,Not published (do not assume printed),XZ,Not applicable,Not published,not-stated,Not published,not-stated,Not applicable,Not applicable,Not published,Not published,ASTM D638; printer=Fortus 450mc; tip=T16; colour=Red; layer_height=0.25 mm,ASTM D638,Not applicable,Not published,"p. 11: Modulus (Elastic) (XZ; Table 9: Mechanical Properties of PC Red, Fortus 450mc, T16)",GPa 1.95 (0.021) 2.07 (0.024) | Modulus (Elastic),"p. 11, ""Modulus (Elastic)"" under ""Table 9: Mechanical Properties of PC Red, Fortus 450mc, T16"": the page prints ""1.95 (0.021)"" (printer=Fortus 450mc; tip=T16; colour=Red; layer_height=0.25 mm); read by sonnet-q7-r9-1, text, second reading agrees.",headline,gap-fill,,text,agreed,line,reader,sonnet-q7-r9-1,readings-1.csv#150
ready,reader-round,V009430,R-STRATASYS-mds-fdm-pc-0426a,G035-23,M035,Tensile modulus,2.07 (0.024),GPa,2.07,Not applicable,Not applicable,1,2.07,Not applicable,Not applicable,GPa,=,Not published (do not assume printed),ZX,Not applicable,Not published,not-stated,Not published,not-stated,Not applicable,Not applicable,Not published,Not published,ASTM D638; printer=Fortus 450mc; tip=T16; colour=Red; layer_height=0.25 mm,ASTM D638,Not applicable,Not published,"p. 11: Modulus (Elastic) (ZX; Table 9: Mechanical Properties of PC Red, Fortus 450mc, T16)",GPa 1.95 (0.021) 2.07 (0.024) | Modulus (Elastic),"p. 11, ""Modulus (Elastic)"" under ""Table 9: Mechanical Properties of PC Red, Fortus 450mc, T16"": the page prints ""2.07 (0.024)"" (printer=Fortus 450mc; tip=T16; colour=Red; layer_height=0.25 mm); read by sonnet-q7-r9-1, text, second reading agrees.",headline,gap-fill,,text,agreed,line,reader,sonnet-q7-r9-1,readings-1.csv#151
ready,reader-round,V009430,R-STRATASYS-mds-fdm-pc-0426a,G035-23,M035,Tensile yield strength,62.3 (0.46),MPa,62.3,Not applicable,Not applicable,1,62.3,Not applicable,Not applicable,MPa,=,Not published (do not assume printed),XZ,Not applicable,Not published,not-stated,Not published,not-stated,Not applicable,Not applicable,Not published,Not published,ASTM D638; printer=F900; tip=T16; colour=Red; layer_height=0.25 mm,ASTM D638,Not applicable,Not published,p. 12: Yield Strength (XZ),MPa 62.3 (0.46) 45.3 (4.9) | Yield Strength,"p. 12, ""Yield Strength"" under ""Table 10: Mechanical Properties of PC Red, F900, T16"": the page prints ""62.3 (0.46)"" (printer=F900; tip=T16; colour=Red; layer_height=0.25 mm); read by sonnet-q7-r9-1, text, second reading agrees.",headline,gap-fill,,text,agreed,line,reader,sonnet-q7-r9-1,readings-1.csv#152
ready,reader-round,V009430,R-STRATASYS-mds-fdm-pc-0426a,G035-23,M035,Tensile yield strength,45.3 (4.9),MPa,45.3,Not applicable,Not applicable,1,45.3,Not applicable,Not applicable,MPa,=,Not published (do not assume printed),ZX,Not applicable,Not published,not-stated,Not published,not-stated,Not applicable,Not applicable,Not published,Not published,ASTM D638; printer=F900; tip=T16; colour=Red; layer_height=0.25 mm,ASTM D638,Not applicable,Not published,p. 12: Yield Strength (ZX),MPa 62.3 (0.46) 45.3 (4.9) | Yield Strength,"p. 12, ""Yield Strength"" under ""Table 10: Mechanical Properties of PC Red, F900, T16"": the page prints ""45.3 (4.9)"" (printer=F900; tip=T16; colour=Red; layer_height=0.25 mm); read by sonnet-q7-r9-1, text, second reading agrees.",headline,gap-fill,,text,agreed,line,reader,sonnet-q7-r9-1,readings-1.csv#153
ready,reader-round,V009430,R-STRATASYS-mds-fdm-pc-0426a,G035-23,M035,Tensile break strength,54.4 (2.4),MPa,54.4,Not applicable,Not applicable,1,54.4,Not applicable,Not applicable,MPa,=,Not published (do not assume printed),XZ,Not applicable,Not published,not-stated,Not published,not-stated,Not applicable,Not applicable,Not published,Not published,ASTM D638; printer=F900; tip=T16; colour=Red; layer_height=0.25 mm,ASTM D638,Not applicable,Not published,p. 12: Strength @ Break (XZ),MPa 54.4 (2.4) 45.3 (4.9) | Strength @ Break,"p. 12, ""Strength @ Break"" under ""Table 10: Mechanical Properties of PC Red, F900, T16"": the page prints ""54.4 (2.4)"" (printer=F900; tip=T16; colour=Red; layer_height=0.25 mm); read by sonnet-q7-r9-1, text, second reading agrees.",headline,gap-fill,,text,agreed,line,reader,sonnet-q7-r9-1,readings-1.csv#156
ready,reader-round,V009430,R-STRATASYS-mds-fdm-pc-0426a,G035-23,M035,Tensile break strength,45.3 (4.9),MPa,45.3,Not applicable,Not applicable,1,45.3,Not applicable,Not applicable,MPa,=,Not published (do not assume printed),ZX,Not applicable,Not published,not-stated,Not published,not-stated,Not applicable,Not applicable,Not published,Not published,ASTM D638; printer=F900; tip=T16; colour=Red; layer_height=0.25 mm,ASTM D638,Not applicable,Not published,p. 12: Strength @ Break (ZX),MPa 54.4 (2.4) 45.3 (4.9) | Strength @ Break,"p. 12, ""Strength @ Break"" under ""Table 10: Mechanical Properties of PC Red, F900, T16"": the page prints ""45.3 (4.9)"" (printer=F900; tip=T16; colour=Red; layer_height=0.25 mm); read by sonnet-q7-r9-1, text, second reading agrees.",headline,gap-fill,,text,agreed,line,reader,sonnet-q7-r9-1,readings-1.csv#157
ready,reader-round,V009430,R-STRATASYS-mds-fdm-pc-0426a,G035-23,M035,Tensile modulus,1.92 (0.026),GPa,1.92,Not applicable,Not applicable,1,1.92,Not applicable,Not applicable,GPa,=,Not published (do not assume printed),XZ,Not applicable,Not published,not-stated,Not published,not-stated,Not applicable,Not applicable,Not published,Not published,ASTM D638; printer=F900; tip=T16; colour=Red; layer_height=0.25 mm,ASTM D638,Not applicable,Not published,p. 12: Modulus (Elastic) (XZ),GPa 1.92 (0.026) 1.91 (0.036) | Modulus (Elastic),"p. 12, ""Modulus (Elastic)"" under ""Table 10: Mechanical Properties of PC Red, F900, T16"": the page prints ""1.92 (0.026)"" (printer=F900; tip=T16; colour=Red; layer_height=0.25 mm); read by sonnet-q7-r9-1, text, second reading agrees.",headline,gap-fill,,text,agreed,line,reader,sonnet-q7-r9-1,readings-1.csv#160
ready,reader-round,V009430,R-STRATASYS-mds-fdm-pc-0426a,G035-23,M035,Tensile modulus,1.91 (0.036),GPa,1.91,Not applicable,Not applicable,1,1.91,Not applicable,Not applicable,GPa,=,Not published (do not assume printed),ZX,Not applicable,Not published,not-stated,Not published,not-stated,Not applicable,Not applicable,Not published,Not published,ASTM D638; printer=F900; tip=T16; colour=Red; layer_height=0.25 mm,ASTM D638,Not applicable,Not published,p. 12: Modulus (Elastic) (ZX),GPa 1.92 (0.026) 1.91 (0.036) | Modulus (Elastic),"p. 12, ""Modulus (Elastic)"" under ""Table 10: Mechanical Properties of PC Red, F900, T16"": the page prints ""1.91 (0.036)"" (printer=F900; tip=T16; colour=Red; layer_height=0.25 mm); read by sonnet-q7-r9-1, text, second reading agrees.",headline,gap-fill,,text,agreed,line,reader,sonnet-q7-r9-1,readings-1.csv#161
ready,reader-round,V009361,R-STRATASYS-mds-fdm-abs-m30-0826a,G027-42,M027,Tensile yield strength,32.5 (1.7),MPa,32.5,Not applicable,Not applicable,1,32.5,Not applicable,Not applicable,MPa,=,Not published (do not assume printed),XZ,Not applicable,Not published,not-stated,Not published,not-stated,Not applicable,Not applicable,Not published,Not published,ASTM D638; printer=F770; tip=T14 Standard Head; colour=Black; layer_height=0.25 mm,ASTM D638,Not applicable,Not published,p. 9: Yield Strength (XZ),MPa 32.5 (1.7) 23.1 (1.3) | Yield Strength,"p. 9, ""Yield Strength"" under ""Table 4: ABS-M30 Black Mechanical Properties - F770 - T14 Standard Head"": the page prints ""32.5 (1.7)"" (printer=F770; tip=T14 Standard Head; colour=Black; layer_height=0.25 mm); read by sonnet-q7-r9-1, text, second reading agrees.",headline,gap-fill,,text,agreed,line,reader,sonnet-q7-r9-1,readings-1.csv#162
ready,reader-round,V009361,R-STRATASYS-mds-fdm-abs-m30-0826a,G027-42,M027,Tensile yield strength,23.1 (1.3),MPa,23.1,Not applicable,Not applicable,1,23.1,Not applicable,Not applicable,MPa,=,Not published (do not assume printed),ZX,Not applicable,Not published,not-stated,Not published,not-stated,Not applicable,Not applicable,Not published,Not published,ASTM D638; printer=F770; tip=T14 Standard Head; colour=Black; layer_height=0.25 mm,ASTM D638,Not applicable,Not published,p. 9: Yield Strength (ZX),MPa 32.5 (1.7) 23.1 (1.3) | Yield Strength,"p. 9, ""Yield Strength"" under ""Table 4: ABS-M30 Black Mechanical Properties - F770 - T14 Standard Head"": the page prints ""23.1 (1.3)"" (printer=F770; tip=T14 Standard Head; colour=Black; layer_height=0.25 mm); read by sonnet-q7-r9-1, text, second reading agrees.",headline,gap-fill,,text,agreed,line,reader,sonnet-q7-r9-1,readings-1.csv#163
ready,reader-round,V009361,R-STRATASYS-mds-fdm-abs-m30-0826a,G027-42,M027,Tensile break strength,27.6 (2.4),MPa,27.6,Not applicable,Not applicable,1,27.6,Not applicable,Not applicable,MPa,=,Not published (do not assume printed),XZ,Not applicable,Not published,not-stated,Not published,not-stated,Not applicable,Not applicable,Not published,Not published,ASTM D638; printer=F770; tip=T14 Standard Head; colour=Black; layer_height=0.25 mm,ASTM D638,Not applicable,Not published,p. 9: Strength at Break (XZ; ASTM D638),MPa 27.6 (2.4) 22.9 (1.2) | Strength at Break,"p. 9, ""Strength at Break"" under ""Table 4: ABS-M30 Black Mechanical Properties - F770 - T14 Standard Head"": the page prints ""27.6 (2.4)"" (printer=F770; tip=T14 Standard Head; colour=Black; layer_height=0.25 mm); read by sonnet-q7-r9-1, text, second reading agrees.",headline,gap-fill,,text,agreed,line,reader,sonnet-q7-r9-1,readings-1.csv#166
ready,reader-round,V009361,R-STRATASYS-mds-fdm-abs-m30-0826a,G027-42,M027,Tensile break strength,22.9 (1.2),MPa,22.9,Not applicable,Not applicable,1,22.9,Not applicable,Not applicable,MPa,=,Not published (do not assume printed),ZX,Not applicable,Not published,not-stated,Not published,not-stated,Not applicable,Not applicable,Not published,Not published,ASTM D638; printer=F770; tip=T14 Standard Head; colour=Black; layer_height=0.25 mm,ASTM D638,Not applicable,Not published,p. 9: Strength at Break (ZX; ASTM D638),MPa 27.6 (2.4) 22.9 (1.2) | Strength at Break,"p. 9, ""Strength at Break"" under ""Table 4: ABS-M30 Black Mechanical Properties - F770 - T14 Standard Head"": the page prints ""22.9 (1.2)"" (printer=F770; tip=T14 Standard Head; colour=Black; layer_height=0.25 mm); read by sonnet-q7-r9-1, text, second reading agrees.",headline,gap-fill,,text,agreed,line,reader,sonnet-q7-r9-1,readings-1.csv#167
ready,reader-round,V009361,R-STRATASYS-mds-fdm-abs-m30-0826a,G027-42,M027,Tensile modulus,2.00 (27),GPa,2,Not applicable,Not applicable,1,2,Not applicable,Not applicable,GPa,=,Not published (do not assume printed),XZ,Not applicable,Not published,not-stated,Not published,not-stated,Not applicable,Not applicable,Not published,Not published,ASTM D638; printer=F770; tip=T14 Standard Head; colour=Black; layer_height=0.25 mm,ASTM D638,Not applicable,Not published,p. 9: Modulus (Elastic) (XZ),GPa 2.00 (27) 1.78 (29) | Modulus (Elastic),"p. 9, ""Modulus (Elastic)"" under ""Table 4: ABS-M30 Black Mechanical Properties - F770 - T14 Standard Head"": the page prints ""2.00 (27)"" (printer=F770; tip=T14 Standard Head; colour=Black; layer_height=0.25 mm); read by sonnet-q7-r9-1, text, second reading agrees.",headline,gap-fill,,text,agreed,line,reader,sonnet-q7-r9-1,readings-1.csv#170
ready,reader-round,V009361,R-STRATASYS-mds-fdm-abs-m30-0826a,G027-42,M027,Tensile modulus,1.78 (29),GPa,1.78,Not applicable,Not applicable,1,1.78,Not applicable,Not applicable,GPa,=,Not published (do not assume printed),ZX,Not applicable,Not published,not-stated,Not published,not-stated,Not applicable,Not applicable,Not published,Not published,ASTM D638; printer=F770; tip=T14 Standard Head; colour=Black; layer_height=0.25 mm,ASTM D638,Not applicable,Not published,p. 9: Modulus (Elastic) (ZX),GPa 2.00 (27) 1.78 (29) | Modulus (Elastic),"p. 9, ""Modulus (Elastic)"" under ""Table 4: ABS-M30 Black Mechanical Properties - F770 - T14 Standard Head"": the page prints ""1.78 (29)"" (printer=F770; tip=T14 Standard Head; colour=Black; layer_height=0.25 mm); read by sonnet-q7-r9-1, text, second reading agrees.",headline,gap-fill,,text,agreed,line,reader,sonnet-q7-r9-1,readings-1.csv#171
ready,reader-round,V009361,R-STRATASYS-mds-fdm-abs-m30-0826a,G027-42,M027,Flexural strength,37.8 (4.1),MPa,37.8,Not applicable,Not applicable,1,37.8,Not applicable,Not applicable,MPa,=,Not published (do not assume printed),ZX,Not applicable,Not published,not-stated,Not published,not-stated,Not applicable,Not applicable,Not published,Not published,"ASTM D790, Procedure A; printer=F770; tip=T14 Standard Head; colour=Black; layer_height=0.25 mm; endpoint=break",ASTM D790,Not applicable,Not published,"p. 9: Strength at Break (ZX; ASTM D790, Procedure A)",MPa No Break 37.8 (4.1) | Strength at Break,"p. 9, ""Strength at Break"" under ""Table 4: ABS-M30 Black Mechanical Properties - F770 - T14 Standard Head"": the page prints ""37.8 (4.1)"" (printer=F770; tip=T14 Standard Head; colour=Black; layer_height=0.25 mm; endpoint=break); read by sonnet-q7-r9-1, text.",,gap-fill,,text,not-required,line,reader,sonnet-q7-r9-1,readings-1.csv#173
ready,reader-round,V009361,R-STRATASYS-mds-fdm-abs-m30-0826a,G027-42,M027,Flexural stress at conventional deflection,58.1 (2.2),MPa,58.1,Not applicable,Not applicable,1,58.1,Not applicable,Not applicable,MPa,=,Not published (do not assume printed),XZ,Not applicable,Not published,not-stated,Not published,not-stated,Not applicable,Not applicable,Not published,Not published,"ASTM D790, Procedure A; printer=F770; tip=T14 Standard Head; colour=Black; layer_height=0.25 mm; strain=5%",ASTM D790,Not applicable,Not published,p. 9: Strength at 5% Strain,MPa 58.1 (2.2) - | Strength at 5% Strain,"p. 9, ""Strength at 5% Strain"" under ""Table 4: ABS-M30 Black Mechanical Properties - F770 - T14 Standard Head"": the page prints ""58.1 (2.2)"" (printer=F770; tip=T14 Standard Head; colour=Black; layer_height=0.25 mm; strain=5%); read by sonnet-q7-r9-1, text.",,gap-fill,,text,not-required,line,reader,sonnet-q7-r9-1,readings-1.csv#174
ready,reader-round,V009361,R-STRATASYS-mds-fdm-abs-m30-0826a,G027-42,M027,Flexural modulus,2.17 (0.03),GPa,2.17,Not applicable,Not applicable,1,2.17,Not applicable,Not applicable,GPa,=,Not published (do not assume printed),XZ,Not applicable,Not published,not-stated,Not published,not-stated,Not applicable,Not applicable,Not published,Not published,"ASTM D790, Procedure A; printer=F770; tip=T14 Standard Head; colour=Black; layer_height=0.25 mm",ASTM D790,Not applicable,Not published,p. 9: Modulus (XZ),GPa 2.17 (0.03) 1.84 (0.06) | Modulus,"p. 9, ""Modulus"" under ""Table 4: ABS-M30 Black Mechanical Properties - F770 - T14 Standard Head"": the page prints ""2.17 (0.03)"" (printer=F770; tip=T14 Standard Head; colour=Black; layer_height=0.25 mm); read by sonnet-q7-r9-1, text.",,gap-fill,,text,not-required,line,reader,sonnet-q7-r9-1,readings-1.csv#177
ready,reader-round,V009361,R-STRATASYS-mds-fdm-abs-m30-0826a,G027-42,M027,Flexural modulus,1.84 (0.06),GPa,1.84,Not applicable,Not applicable,1,1.84,Not applicable,Not applicable,GPa,=,Not published (do not assume printed),ZX,Not applicable,Not published,not-stated,Not published,not-stated,Not applicable,Not applicable,Not published,Not published,"ASTM D790, Procedure A; printer=F770; tip=T14 Standard Head; colour=Black; layer_height=0.25 mm",ASTM D790,Not applicable,Not published,p. 9: Modulus (ZX),GPa 2.17 (0.03) 1.84 (0.06) | Modulus,"p. 9, ""Modulus"" under ""Table 4: ABS-M30 Black Mechanical Properties - F770 - T14 Standard Head"": the page prints ""1.84 (0.06)"" (printer=F770; tip=T14 Standard Head; colour=Black; layer_height=0.25 mm); read by sonnet-q7-r9-1, text.",,gap-fill,,text,not-required,line,reader,sonnet-q7-r9-1,readings-1.csv#178
ready,reader-round,V009361,R-STRATASYS-mds-fdm-abs-m30-0826a,G027-42,M027,Flexural strength,47.7 (2.2),MPa,47.7,Not applicable,Not applicable,1,47.7,Not applicable,Not applicable,MPa,=,Not published (do not assume printed),ZX,Not applicable,Not published,not-stated,Not published,not-stated,Not applicable,Not applicable,Not published,Not published,"ASTM D790, Procedure A; printer=F900; tip=T16; colour=Black; layer_height=0.25 mm; endpoint=break",ASTM D790,Not applicable,Not published,p. 10: Strength at Break,MPa No break 47.7 (2.2) | Strength at Break,"p. 10, ""Strength at Break"" under ""Table 5: ABS-M30 Black Mechanical Properties - F900 - T16 Tip"": the page prints ""47.7 (2.2)"" (printer=F900; tip=T16; colour=Black; layer_height=0.25 mm; endpoint=break); read by sonnet-q7-r9-1, text.",,gap-fill,,text,not-required,line,reader,sonnet-q7-r9-1,readings-1.csv#190
ready,reader-round,V009361,R-STRATASYS-mds-fdm-abs-m30-0826a,G027-42,M027,Flexural modulus,1.96 (0.064),GPa,1.96,Not applicable,Not applicable,1,1.96,Not applicable,Not applicable,GPa,=,Not published (do not assume printed),ZX,Not applicable,Not published,not-stated,Not published,not-stated,Not applicable,Not applicable,Not published,Not published,"ASTM D790, Procedure A; printer=F900; tip=T16; colour=Black; layer_height=0.25 mm",ASTM D790,Not applicable,Not published,p. 10: Modulus,GPa 2.22 (0.037) 1.96 (0.064) | Modulus,"p. 10, ""Modulus"" under ""Table 5: ABS-M30 Black Mechanical Properties - F900 - T16 Tip"": the page prints ""1.96 (0.064)"" (printer=F900; tip=T16; colour=Black; layer_height=0.25 mm); read by sonnet-q7-r9-1, text.",,gap-fill,,text,not-required,line,reader,sonnet-q7-r9-1,readings-1.csv#195
ready,reader-round,V009361,R-STRATASYS-mds-fdm-abs-m30-0826a,G027-42,M027,Compression strength,208 (15),MPa,208,Not applicable,Not applicable,1,208,Not applicable,Not applicable,MPa,=,Not published (do not assume printed),ZX,Not applicable,Not published,not-stated,Not published,not-stated,Not applicable,Not applicable,Not published,Not published,ASTM D695; printer=F900; tip=T16; colour=Black; layer_height=0.25 mm; endpoint=yield,ASTM D695,Not applicable,Not published,p. 10: Yield Strength,MPa 88.3 (3.0) 208 (15) | Yield Strength,"p. 10, ""Yield Strength"" under ""Table 5: ABS-M30 Black Mechanical Properties - F900 - T16 Tip"": the page prints ""208 (15)"" (printer=F900; tip=T16; colour=Black; layer_height=0.25 mm; endpoint=yield); read by sonnet-q7-r9-1, text.",,gap-fill,,text,not-required,line,reader,sonnet-q7-r9-1,readings-1.csv#197
ready,reader-round,V009361,R-STRATASYS-mds-fdm-abs-m30-0826a,G027-42,M027,Izod impact strength,291 (57),J/m,291,Not applicable,Not applicable,1,291,Not applicable,Not applicable,J/m,=,Not published (do not assume printed),XZ,Unnotched,Not published,not-stated,Not published,not-stated,Not applicable,Not applicable,Not published,Not published,"ASTM D256, ASTM D4812; printer=F900; tip=T16; colour=Black; layer_height=0.25 mm",ASTM D256; ASTM D4812,Not applicable,Not published,p. 10: Unnotched (XZ),J/m 291 (57) 103 (30) | Unnotched,"p. 10, ""Unnotched"" under ""Table 5: ABS-M30 Black Mechanical Properties - F900 - T16 Tip"": the page prints ""291 (57)"" (printer=F900; tip=T16; colour=Black; layer_height=0.25 mm; notch=unnotched); read by sonnet-q7-r9-1, text, second reading agrees.",,gap-fill,,text,agreed,line,reader,sonnet-q7-r9-1,readings-1.csv#202
ready,reader-round,V009361,R-STRATASYS-mds-fdm-abs-m30-0826a,G027-42,M027,Izod impact strength,103 (30),J/m,103,Not applicable,Not applicable,1,103,Not applicable,Not applicable,J/m,=,Not published (do not assume printed),ZX,Unnotched,Not published,not-stated,Not published,not-stated,Not applicable,Not applicable,Not published,Not published,"ASTM D256, ASTM D4812; printer=F900; tip=T16; colour=Black; layer_height=0.25 mm",ASTM D256; ASTM D4812,Not applicable,Not published,p. 10: Unnotched (ZX),J/m 291 (57) 103 (30) | Unnotched,"p. 10, ""Unnotched"" under ""Table 5: ABS-M30 Black Mechanical Properties - F900 - T16 Tip"": the page prints ""103 (30)"" (printer=F900; tip=T16; colour=Black; layer_height=0.25 mm; notch=unnotched); read by sonnet-q7-r9-1, text, second reading agrees.",,gap-fill,,text,agreed,line,reader,sonnet-q7-r9-1,readings-1.csv#203
ready,reader-round,V008088,R-QIDI-PETG-RAPIDO,G020-44,M020,Tensile strength (endpoint unspecified),39-47,MPa,39,Not applicable,47,1,39,Not applicable,47,MPa,=,Printed specimen,XY,Not applicable,Not published,not-stated,Not published,not-stated,Not applicable,Not applicable,Not published,Not published,ISO 527; infill=100%,ISO 527,Not applicable,Not published,p. 2: Tensile Strength (MPa) (XY),ISO 527 39-47 52-59 33-37 | Tensile Strength,"p. 2, ""Tensile Strength (MPa)"" under ""MECHANICAL PROPERTIES (TENSILE TEST)"": the page prints ""39-47"" (infill=100%); read by sonnet-q7-r9-1, text, second reading agrees.",headline,gap-fill,,text,agreed,line,reader,sonnet-q7-r9-1,readings-1.csv#208
ready,reader-round,V008088,R-QIDI-PETG-RAPIDO,G020-44,M020,Tensile strength (endpoint unspecified),52-59,MPa,52,Not applicable,59,1,52,Not applicable,59,MPa,=,Printed specimen,XZ,Not applicable,Not published,not-stated,Not published,not-stated,Not applicable,Not applicable,Not published,Not published,ISO 527; infill=100%,ISO 527,Not applicable,Not published,p. 2: Tensile Strength (MPa) (XZ),ISO 527 39-47 52-59 33-37 | Tensile Strength,"p. 2, ""Tensile Strength (MPa)"" under ""MECHANICAL PROPERTIES (TENSILE TEST)"": the page prints ""52-59"" (infill=100%); read by sonnet-q7-r9-1, text, second reading agrees.",headline,gap-fill,,text,agreed,line,reader,sonnet-q7-r9-1,readings-1.csv#209
ready,reader-round,V008088,R-QIDI-PETG-RAPIDO,G020-44,M020,Tensile strength (endpoint unspecified),33-37,MPa,33,Not applicable,37,1,33,Not applicable,37,MPa,=,Printed specimen,ZX,Not applicable,Not published,not-stated,Not published,not-stated,Not applicable,Not applicable,Not published,Not published,ISO 527; infill=100%,ISO 527,Not applicable,Not published,p. 2: Tensile Strength (MPa) (ZX),ISO 527 39-47 52-59 33-37 | Tensile Strength,"p. 2, ""Tensile Strength (MPa)"" under ""MECHANICAL PROPERTIES (TENSILE TEST)"": the page prints ""33-37"" (infill=100%); read by sonnet-q7-r9-1, text, second reading agrees.",headline,gap-fill,,text,agreed,line,reader,sonnet-q7-r9-1,readings-1.csv#210
ready,reader-round,V008088,R-QIDI-PETG-RAPIDO,G020-44,M020,Elongation at break,7-10,%,7,Not applicable,10,1,7,Not applicable,10,%,=,Printed specimen,XY,Not applicable,Not published,not-stated,Not published,not-stated,Not applicable,Not applicable,Not published,Not published,ISO 527; infill=100%,ISO 527,Not applicable,Not published,p. 2: Elongation at Break (%) (XY),ISO 527 7-10 8-10 5-8 | Elongation at Break,"p. 2, ""Elongation at Break (%)"" under ""MECHANICAL PROPERTIES (TENSILE TEST)"": the page prints ""7-10"" (infill=100%); read by sonnet-q7-r9-1, text, second reading agrees.",headline,gap-fill,,text,agreed,line,reader,sonnet-q7-r9-1,readings-1.csv#211
ready,reader-round,V008088,R-QIDI-PETG-RAPIDO,G020-44,M020,Elongation at break,8-10,%,8,Not applicable,10,1,8,Not applicable,10,%,=,Printed specimen,XZ,Not applicable,Not published,not-stated,Not published,not-stated,Not applicable,Not applicable,Not published,Not published,ISO 527; infill=100%,ISO 527,Not applicable,Not published,p. 2: Elongation at Break (%) (XZ),ISO 527 7-10 8-10 5-8 | Elongation at Break,"p. 2, ""Elongation at Break (%)"" under ""MECHANICAL PROPERTIES (TENSILE TEST)"": the page prints ""8-10"" (infill=100%); read by sonnet-q7-r9-1, text, second reading agrees.",headline,gap-fill,,text,agreed,line,reader,sonnet-q7-r9-1,readings-1.csv#212
ready,reader-round,V008088,R-QIDI-PETG-RAPIDO,G020-44,M020,Elongation at break,5-8,%,5,Not applicable,8,1,5,Not applicable,8,%,=,Printed specimen,ZX,Not applicable,Not published,not-stated,Not published,not-stated,Not applicable,Not applicable,Not published,Not published,ISO 527; infill=100%,ISO 527,Not applicable,Not published,p. 2: Elongation at Break (%) (ZX),ISO 527 7-10 8-10 5-8 | Elongation at Break,"p. 2, ""Elongation at Break (%)"" under ""MECHANICAL PROPERTIES (TENSILE TEST)"": the page prints ""5-8"" (infill=100%); read by sonnet-q7-r9-1, text, second reading agrees.",headline,gap-fill,,text,agreed,line,reader,sonnet-q7-r9-1,readings-1.csv#213
ready,reader-round,V008088,R-QIDI-PETG-RAPIDO,G020-44,M020,Tensile modulus,1700-2000,MPa,1700,Not applicable,2000,0.001,1.7,Not applicable,2,GPa,=,Printed specimen,XY,Not applicable,Not published,not-stated,Not published,not-stated,Not applicable,Not applicable,Not published,Not published,ISO 527; infill=100%,ISO 527,Not applicable,Not published,p. 2: Young's Modulus (MPa) (XY),ISO 527 1700-2000 2000-2200 1600-1800 | Young's Modulus,"p. 2, ""Young's Modulus (MPa)"" under ""MECHANICAL PROPERTIES (TENSILE TEST)"": the page prints ""1700-2000"" (infill=100%); read by sonnet-q7-r9-1, text, second reading agrees.",headline,gap-fill,,text,agreed,line,reader,sonnet-q7-r9-1,readings-1.csv#214
ready,reader-round,V008088,R-QIDI-PETG-RAPIDO,G020-44,M020,Tensile modulus,2000-2200,MPa,2000,Not applicable,2200,0.001,2,Not applicable,2.2,GPa,=,Printed specimen,XZ,Not applicable,Not published,not-stated,Not published,not-stated,Not applicable,Not applicable,Not published,Not published,ISO 527; infill=100%,ISO 527,Not applicable,Not published,p. 2: Young's Modulus (MPa) (XZ),ISO 527 1700-2000 2000-2200 1600-1800 | Young's Modulus,"p. 2, ""Young's Modulus (MPa)"" under ""MECHANICAL PROPERTIES (TENSILE TEST)"": the page prints ""2000-2200"" (infill=100%); read by sonnet-q7-r9-1, text, second reading agrees.",headline,gap-fill,,text,agreed,line,reader,sonnet-q7-r9-1,readings-1.csv#215
ready,reader-round,V008088,R-QIDI-PETG-RAPIDO,G020-44,M020,Tensile modulus,1600-1800,MPa,1600,Not applicable,1800,0.001,1.6,Not applicable,1.8,GPa,=,Printed specimen,ZX,Not applicable,Not published,not-stated,Not published,not-stated,Not applicable,Not applicable,Not published,Not published,ISO 527; infill=100%,ISO 527,Not applicable,Not published,p. 2: Young's Modulus (MPa) (ZX),ISO 527 1700-2000 2000-2200 1600-1800 | Young's Modulus,"p. 2, ""Young's Modulus (MPa)"" under ""MECHANICAL PROPERTIES (TENSILE TEST)"": the page prints ""1600-1800"" (infill=100%); read by sonnet-q7-r9-1, text, second reading agrees.",headline,gap-fill,,text,agreed,line,reader,sonnet-q7-r9-1,readings-1.csv#216
ready,reader-round,V008088,R-QIDI-PETG-RAPIDO,G020-44,M020,Charpy strength,3-5,kJ/m²,3,Not applicable,5,1,3,Not applicable,5,kJ/m²,=,Printed specimen,Unstated,Notched,Not published,not-stated,Not published,not-stated,Not applicable,Not applicable,Not published,Not published,ISO 179; column=drawing 1; infill=100%,ISO 179,Not applicable,Not published,p. 2: Notch Impact Strength (kJ/m²) (3-5),ISO 179 3-5 2-4 1-3 | Notch Impact Strength,"p. 2, ""Notch Impact Strength (kJ/m²)"" under ""MECHANICAL PROPERTIES (IMPACT TEST)"": the page prints ""3-5"" (column=drawing 1; infill=100%; notch=notched); read by sonnet-q7-r9-1, text, second reading agrees.",headline,gap-fill,,text,agreed,line,reader,sonnet-q7-r9-1,readings-1.csv#220
ready,reader-round,V008088,R-QIDI-PETG-RAPIDO,G020-44,M020,Charpy strength,2-4,kJ/m²,2,Not applicable,4,1,2,Not applicable,4,kJ/m²,=,Printed specimen,Unstated,Notched,Not published,not-stated,Not published,not-stated,Not applicable,Not applicable,Not published,Not published,ISO 179; column=drawing 2; infill=100%,ISO 179,Not applicable,Not published,p. 2: Notch Impact Strength (kJ/m²) (2-4),ISO 179 3-5 2-4 1-3 | Notch Impact Strength,"p. 2, ""Notch Impact Strength (kJ/m²)"" under ""MECHANICAL PROPERTIES (IMPACT TEST)"": the page prints ""2-4"" (column=drawing 2; infill=100%; notch=notched); read by sonnet-q7-r9-1, text, second reading agrees.",headline,gap-fill,,text,agreed,line,reader,sonnet-q7-r9-1,readings-1.csv#221
ready,reader-round,V008088,R-QIDI-PETG-RAPIDO,G020-44,M020,Charpy strength,1-3,kJ/m²,1,Not applicable,3,1,1,Not applicable,3,kJ/m²,=,Printed specimen,Unstated,Notched,Not published,not-stated,Not published,not-stated,Not applicable,Not applicable,Not published,Not published,ISO 179; column=drawing 3; infill=100%,ISO 179,Not applicable,Not published,p. 2: Notch Impact Strength (kJ/m²) (1-3),ISO 179 3-5 2-4 1-3 | Notch Impact Strength,"p. 2, ""Notch Impact Strength (kJ/m²)"" under ""MECHANICAL PROPERTIES (IMPACT TEST)"": the page prints ""1-3"" (column=drawing 3; infill=100%; notch=notched); read by sonnet-q7-r9-1, text, second reading agrees.",headline,gap-fill,,text,agreed,line,reader,sonnet-q7-r9-1,readings-1.csv#222
ready,reader-round,V008044,R-QIDI-PETG-GF,G025-04,M025,Tensile strength (endpoint unspecified),45-51,MPa,45,Not applicable,51,1,45,Not applicable,51,MPa,=,Printed specimen,XY,Not applicable,Not published,not-stated,Not published,not-stated,Not applicable,Not applicable,Not published,Not published,ISO 527; infill=100%,ISO 527,Not applicable,Not published,p. 2: Tensile Strength (MPa) (XY),ISO 527 45-51 48-51 25-31 | Tensile Strength,"p. 2, ""Tensile Strength (MPa)"" under ""MECHANICAL PROPERTIES (TENSILE TEST)"": the page prints ""45-51"" (infill=100%); read by sonnet-q7-r9-1, text, second reading agrees.",headline,gap-fill,,text,agreed,line,reader,sonnet-q7-r9-1,readings-1.csv#223
ready,reader-round,V008044,R-QIDI-PETG-GF,G025-04,M025,Tensile strength (endpoint unspecified),48-51,MPa,48,Not applicable,51,1,48,Not applicable,51,MPa,=,Printed specimen,XZ,Not applicable,Not published,not-stated,Not published,not-stated,Not applicable,Not applicable,Not published,Not published,ISO 527; infill=100%,ISO 527,Not applicable,Not published,p. 2: Tensile Strength (MPa) (XZ),ISO 527 45-51 48-51 25-31 | Tensile Strength,"p. 2, ""Tensile Strength (MPa)"" under ""MECHANICAL PROPERTIES (TENSILE TEST)"": the page prints ""48-51"" (infill=100%); read by sonnet-q7-r9-1, text, second reading agrees.",headline,gap-fill,,text,agreed,line,reader,sonnet-q7-r9-1,readings-1.csv#224
ready,reader-round,V008044,R-QIDI-PETG-GF,G025-04,M025,Tensile strength (endpoint unspecified),25-31,MPa,25,Not applicable,31,1,25,Not applicable,31,MPa,=,Printed specimen,ZX,Not applicable,Not published,not-stated,Not published,not-stated,Not applicable,Not applicable,Not published,Not published,ISO 527; infill=100%,ISO 527,Not applicable,Not published,p. 2: Tensile Strength (MPa) (ZX),ISO 527 45-51 48-51 25-31 | Tensile Strength,"p. 2, ""Tensile Strength (MPa)"" under ""MECHANICAL PROPERTIES (TENSILE TEST)"": the page prints ""25-31"" (infill=100%); read by sonnet-q7-r9-1, text, second reading agrees.",headline,gap-fill,,text,agreed,line,reader,sonnet-q7-r9-1,readings-1.csv#225
ready,reader-round,V008044,R-QIDI-PETG-GF,G025-04,M025,Elongation at break,4-8,%,4,Not applicable,8,1,4,Not applicable,8,%,=,Printed specimen,XY,Not applicable,Not published,not-stated,Not published,not-stated,Not applicable,Not applicable,Not published,Not published,ISO 527; infill=100%,ISO 527,Not applicable,Not published,p. 2: Elongation at Break (%) (XY),ISO 527 4-8 7-10 2-7 | Elongation at Break,"p. 2, ""Elongation at Break (%)"" under ""MECHANICAL PROPERTIES (TENSILE TEST)"": the page prints ""4-8"" (infill=100%); read by sonnet-q7-r9-1, text, second reading agrees.",headline,gap-fill,,text,agreed,line,reader,sonnet-q7-r9-1,readings-1.csv#226
ready,reader-round,V008044,R-QIDI-PETG-GF,G025-04,M025,Elongation at break,7-10,%,7,Not applicable,10,1,7,Not applicable,10,%,=,Printed specimen,XZ,Not applicable,Not published,not-stated,Not published,not-stated,Not applicable,Not applicable,Not published,Not published,ISO 527; infill=100%,ISO 527,Not applicable,Not published,p. 2: Elongation at Break (%) (XZ),ISO 527 4-8 7-10 2-7 | Elongation at Break,"p. 2, ""Elongation at Break (%)"" under ""MECHANICAL PROPERTIES (TENSILE TEST)"": the page prints ""7-10"" (infill=100%); read by sonnet-q7-r9-1, text, second reading agrees.",headline,gap-fill,,text,agreed,line,reader,sonnet-q7-r9-1,readings-1.csv#227
ready,reader-round,V008044,R-QIDI-PETG-GF,G025-04,M025,Elongation at break,2-7,%,2,Not applicable,7,1,2,Not applicable,7,%,=,Printed specimen,ZX,Not applicable,Not published,not-stated,Not published,not-stated,Not applicable,Not applicable,Not published,Not published,ISO 527; infill=100%,ISO 527,Not applicable,Not published,p. 2: Elongation at Break (%) (ZX),ISO 527 4-8 7-10 2-7 | Elongation at Break,"p. 2, ""Elongation at Break (%)"" under ""MECHANICAL PROPERTIES (TENSILE TEST)"": the page prints ""2-7"" (infill=100%); read by sonnet-q7-r9-1, text, second reading agrees.",headline,gap-fill,,text,agreed,line,reader,sonnet-q7-r9-1,readings-1.csv#228
ready,reader-round,V008044,R-QIDI-PETG-GF,G025-04,M025,Tensile modulus,2200-2400,MPa,2200,Not applicable,2400,0.001,2.2,Not applicable,2.4,GPa,=,Printed specimen,XY,Not applicable,Not published,not-stated,Not published,not-stated,Not applicable,Not applicable,Not published,Not published,ISO 527; infill=100%,ISO 527,Not applicable,Not published,p. 2: Young's Modulus (MPa) (XY),ISO 527 2200-2400 2300-2400 1100-1400 | Young's Modulus,"p. 2, ""Young's Modulus (MPa)"" under ""MECHANICAL PROPERTIES (TENSILE TEST)"": the page prints ""2200-2400"" (infill=100%); read by sonnet-q7-r9-1, text, second reading agrees.",headline,gap-fill,,text,agreed,line,reader,sonnet-q7-r9-1,readings-1.csv#229
ready,reader-round,V008044,R-QIDI-PETG-GF,G025-04,M025,Tensile modulus,2300-2400,MPa,2300,Not applicable,2400,0.001,2.3,Not applicable,2.4,GPa,=,Printed specimen,XZ,Not applicable,Not published,not-stated,Not published,not-stated,Not applicable,Not applicable,Not published,Not published,ISO 527; infill=100%,ISO 527,Not applicable,Not published,p. 2: Young's Modulus (MPa) (XZ),ISO 527 2200-2400 2300-2400 1100-1400 | Young's Modulus,"p. 2, ""Young's Modulus (MPa)"" under ""MECHANICAL PROPERTIES (TENSILE TEST)"": the page prints ""2300-2400"" (infill=100%); read by sonnet-q7-r9-1, text, second reading agrees.",headline,gap-fill,,text,agreed,line,reader,sonnet-q7-r9-1,readings-1.csv#230
ready,reader-round,V008044,R-QIDI-PETG-GF,G025-04,M025,Tensile modulus,1100-1400,MPa,1100,Not applicable,1400,0.001,1.1,Not applicable,1.4,GPa,=,Printed specimen,ZX,Not applicable,Not published,not-stated,Not published,not-stated,Not applicable,Not applicable,Not published,Not published,ISO 527; infill=100%,ISO 527,Not applicable,Not published,p. 2: Young's Modulus (MPa) (ZX),ISO 527 2200-2400 2300-2400 1100-1400 | Young's Modulus,"p. 2, ""Young's Modulus (MPa)"" under ""MECHANICAL PROPERTIES (TENSILE TEST)"": the page prints ""1100-1400"" (infill=100%); read by sonnet-q7-r9-1, text, second reading agrees.",headline,gap-fill,,text,agreed,line,reader,sonnet-q7-r9-1,readings-1.csv#231
ready,reader-round,V008044,R-QIDI-PETG-GF,G025-04,M025,Charpy strength,4-6,kJ/m²,4,Not applicable,6,1,4,Not applicable,6,kJ/m²,=,Printed specimen,Unstated,Notched,Not published,not-stated,Not published,not-stated,Not applicable,Not applicable,Not published,Not published,ISO 179; column=drawing 1; infill=100%,ISO 179,Not applicable,Not published,p. 2: Notch Impact Strength (kJ/m²) (4-6),ISO 179 4-6 4-5 1-2 | Notch Impact Strength,"p. 2, ""Notch Impact Strength (kJ/m²)"" under ""MECHANICAL PROPERTIES (IMPACT TEST)"": the page prints ""4-6"" (column=drawing 1; infill=100%; notch=notched); read by sonnet-q7-r9-1, text, second reading agrees.",headline,gap-fill,,text,agreed,line,reader,sonnet-q7-r9-1,readings-1.csv#235
ready,reader-round,V008044,R-QIDI-PETG-GF,G025-04,M025,Charpy strength,4-5,kJ/m²,4,Not applicable,5,1,4,Not applicable,5,kJ/m²,=,Printed specimen,Unstated,Notched,Not published,not-stated,Not published,not-stated,Not applicable,Not applicable,Not published,Not published,ISO 179; column=drawing 2; infill=100%,ISO 179,Not applicable,Not published,p. 2: Notch Impact Strength (kJ/m²) (4-5),ISO 179 4-6 4-5 1-2 | Notch Impact Strength,"p. 2, ""Notch Impact Strength (kJ/m²)"" under ""MECHANICAL PROPERTIES (IMPACT TEST)"": the page prints ""4-5"" (column=drawing 2; infill=100%; notch=notched); read by sonnet-q7-r9-1, text, second reading agrees.",headline,gap-fill,,text,agreed,line,reader,sonnet-q7-r9-1,readings-1.csv#236
ready,reader-round,V008044,R-QIDI-PETG-GF,G025-04,M025,Charpy strength,1-2,kJ/m²,1,Not applicable,2,1,1,Not applicable,2,kJ/m²,=,Printed specimen,Unstated,Notched,Not published,not-stated,Not published,not-stated,Not applicable,Not applicable,Not published,Not published,ISO 179; column=drawing 3; infill=100%,ISO 179,Not applicable,Not published,p. 2: Notch Impact Strength (kJ/m²) (1-2),ISO 179 4-6 4-5 1-2 | Notch Impact Strength,"p. 2, ""Notch Impact Strength (kJ/m²)"" under ""MECHANICAL PROPERTIES (IMPACT TEST)"": the page prints ""1-2"" (column=drawing 3; infill=100%; notch=notched); read by sonnet-q7-r9-1, text, second reading agrees.",headline,gap-fill,,text,agreed,line,reader,sonnet-q7-r9-1,readings-1.csv#237
