Task,Item,Kind,Tier,Table,Record,PairRecord,Field,GradeID,Product,SourceID,SHA256,File,Page,Locator,Held,Question,Leverage
T00001,1,copy-pair,,measurements,V012397,V002086,HDT,G072-02,Spectrum pps am230,R-SPECTRUM-PORTFOLIO-2024,4fb78715b81997ecd11b61d8b84393e1bfc6fe096ed35fc50ac062073c96cd74,.cache/sources/by-sha/4fb78715b81997ecd11b61d8b84393e1bfc6fe096ed35fc50ac062073c96cd74.pdf,5,p. 5: HDT B (G072-02),129°C · specimen: Not published (do not assume printed),"Does the copy's page print exactly ""129°C"" for this product, as a point or a range? The record that stays (V002086) is on S-SPECTRUM-en-tds-spectrum-pps-am230 p. 1 (""p. 1: Heat Deflection Temperature 0.45mn/m2*""), printed ""129°C"", filed as a moulded bar (Raw material value): is that the same value, does its moulded statement cover this table, and does the copy's own page say anything about how its bar was made?",value
T00002,1,copy-pair,,measurements,V010486,V002682,Tensile modulus,G020-67,Fiberlogy PET-G VO,R-FIBERLOGY-FIBERLOGY-PETGV0-TDS,1f6b5674f733643fa092831822a66dc54a2c8d0ca07563c54dae5c16faeed988,.cache/sources/by-sha/1f6b5674f733643fa092831822a66dc54a2c8d0ca07563c54dae5c16faeed988.pdf,1,p. 1: Tensile Modulus ISO 527 MPa,2350 MPa · Unstated · specimen: Not published (do not assume printed),"Does the copy's page print exactly ""2350 MPa"" for this product, as a point or a range? The record that stays (V002682) is on S-SPECTRUM-en-tds-petg-frv0 p. 1 (""p. 1: Elastic modulus***""), printed ""2350 MPa"", filed as a moulded bar (Raw material value): is that the same value, does its moulded statement cover this table, and does the copy's own page say anything about how its bar was made?",value
T00003,1,copy-pair,,measurements,V010484,V002680,Tensile yield strength,G020-67,Fiberlogy PET-G VO,R-FIBERLOGY-FIBERLOGY-PETGV0-TDS,1f6b5674f733643fa092831822a66dc54a2c8d0ca07563c54dae5c16faeed988,.cache/sources/by-sha/1f6b5674f733643fa092831822a66dc54a2c8d0ca07563c54dae5c16faeed988.pdf,1,p. 1: Tensile Strength @ Yield ISO 527 MPa,40 MPa · Unstated · specimen: Not published (do not assume printed),"Does the copy's page print exactly ""40 MPa"" for this product, as a point or a range? The record that stays (V002680) is on S-SPECTRUM-en-tds-petg-frv0 p. 1 (""p. 1: Tensile Strength at Yield**""), printed ""40 MPa"", filed as a moulded bar (Raw material value): is that the same value, does its moulded statement cover this table, and does the copy's own page say anything about how its bar was made?",value
T00004,1,copy-pair,,measurements,V010488,V002679,Elongation at break,G020-67,Fiberlogy PET-G VO,R-FIBERLOGY-FIBERLOGY-PETGV0-TDS,1f6b5674f733643fa092831822a66dc54a2c8d0ca07563c54dae5c16faeed988,.cache/sources/by-sha/1f6b5674f733643fa092831822a66dc54a2c8d0ca07563c54dae5c16faeed988.pdf,1,p. 1: Elongation @ Break ISO 527 %,40 % · Unstated · specimen: Not published (do not assume printed),"Does the copy's page print exactly ""40 %"" for this product, as a point or a range? The record that stays (V002679) is on S-SPECTRUM-en-tds-petg-frv0 p. 1 (""p. 1: Tensile Elongation at Break**""), printed ""40,00 %"", filed as a moulded bar (Raw material value): is that the same value, does its moulded statement cover this table, and does the copy's own page say anything about how its bar was made?",value
T00005,1,copy-pair,,measurements,V007687,V002824,Elongation at break,G033-12,FormFutura ApolloX CF10,S-PET-formfutura-tds-apolloxcf10,9a8747109ad8ea6fe3dbb2d91b96d1aa41d15c3eefaa132703e857a3f888a9bf,.cache/sources/by-sha/9a8747109ad8ea6fe3dbb2d91b96d1aa41d15c3eefaa132703e857a3f888a9bf.pdf,1,"p. 1: Elongation at break (23°C, 50mm/min)","1,8 % · Unstated · specimen: Not published (do not assume printed)","Does the copy's page print exactly ""1,8 %"" for this product, as a point or a range? The record that stays (V002824) is on S-SPECTRUM-en-tds-spectrum-asax-cf10 p. 1 (""p. 1: Tensile Elongation at Break*""), printed ""1,80 %"", filed as a moulded bar (Raw material value): is that the same value, does its moulded statement cover this table, and does the copy's own page say anything about how its bar was made?",value
T00006,1,copy-pair,,measurements,V012376,V002829,HDT,G033-04,Spectrum ASA-X CF10,R-SPECTRUM-PORTFOLIO-2024,4fb78715b81997ecd11b61d8b84393e1bfc6fe096ed35fc50ac062073c96cd74,.cache/sources/by-sha/4fb78715b81997ecd11b61d8b84393e1bfc6fe096ed35fc50ac062073c96cd74.pdf,4,p. 4: HDT A (G033-04),95°C · specimen: Not published (do not assume printed),"Does the copy's page print exactly ""95°C"" for this product, as a point or a range? The record that stays (V002829) is on S-SPECTRUM-en-tds-spectrum-asax-cf10 p. 1 (""p. 1: Heat Deflection Temperature 264psi*""), printed ""95 °C"", filed as a moulded bar (Raw material value): is that the same value, does its moulded statement cover this table, and does the copy's own page say anything about how its bar was made?",value
T00007,1,copy-pair,,measurements,V011490,V003123,Tensile modulus,G113-02,FormFutura ApolloX Kevlar,S-PET-TDS-ApolloX-Kevlar,247abb9d6cb925a232b6f816dff3bbb4aea450a2300970eeb8513cd2e350e304,.cache/sources/by-sha/247abb9d6cb925a232b6f816dff3bbb4aea450a2300970eeb8513cd2e350e304.pdf,1,p. 1: Elastic tensile modulus,2200 MPa · Unstated · specimen: Not published (do not assume printed),"Does the copy's page print exactly ""2200 MPa"" for this product, as a point or a range? The record that stays (V003123) is on S-SPECTRUM-en-tds-spectrum-asa-kevlar p. 1 (""p. 1: Elastic modulus tensile* (speed 1mm/min)""), printed ""2200 Mpa"", filed as a moulded bar (Raw material value): is that the same value, does its moulded statement cover this table, and does the copy's own page say anything about how its bar was made?",value
T00008,1,copy-pair,,measurements,V007519,V003121,Tensile yield strength,G113-02,FormFutura ApolloX Kevlar,S-PET-TDS-ApolloX-Kevlar,247abb9d6cb925a232b6f816dff3bbb4aea450a2300970eeb8513cd2e350e304,.cache/sources/by-sha/247abb9d6cb925a232b6f816dff3bbb4aea450a2300970eeb8513cd2e350e304.pdf,1,p. 1: Tensile strength at yield,40 MPa · Unstated · specimen: Not published (do not assume printed),"Does the copy's page print exactly ""40 MPa"" for this product, as a point or a range? The record that stays (V003121) is on S-SPECTRUM-en-tds-spectrum-asa-kevlar p. 1 (""p. 1: Tensile Strength at Yield*""), printed ""40 MPa"", filed as a moulded bar (Raw material value): is that the same value, does its moulded statement cover this table, and does the copy's own page say anything about how its bar was made?",value
T00009,1,copy-pair,,measurements,V007522,V003120,Elongation at break,G113-02,FormFutura ApolloX Kevlar,S-PET-TDS-ApolloX-Kevlar,247abb9d6cb925a232b6f816dff3bbb4aea450a2300970eeb8513cd2e350e304,.cache/sources/by-sha/247abb9d6cb925a232b6f816dff3bbb4aea450a2300970eeb8513cd2e350e304.pdf,1,p. 1: Elongation at break,6 % · Unstated · specimen: Not published (do not assume printed),"Does the copy's page print exactly ""6 %"" for this product, as a point or a range? The record that stays (V003120) is on S-SPECTRUM-en-tds-spectrum-asa-kevlar p. 1 (""p. 1: Tensile Elongation at Break*""), printed ""6,00 %"", filed as a moulded bar (Raw material value): is that the same value, does its moulded statement cover this table, and does the copy's own page say anything about how its bar was made?",value
T00010,1,copy-pair,,measurements,V012395,V003125,HDT,G113-01,Spectrum ASA Kevlar,R-SPECTRUM-PORTFOLIO-2024,4fb78715b81997ecd11b61d8b84393e1bfc6fe096ed35fc50ac062073c96cd74,.cache/sources/by-sha/4fb78715b81997ecd11b61d8b84393e1bfc6fe096ed35fc50ac062073c96cd74.pdf,5,p. 5: HDT B (G113-01),89°C · specimen: Not published (do not assume printed),"Does the copy's page print exactly ""89°C"" for this product, as a point or a range? The record that stays (V003125) is on S-SPECTRUM-en-tds-spectrum-asa-kevlar p. 1 (""p. 1: Heat Deflection Temperature 0.45mn/m2*""), printed ""89 °C"", filed as a moulded bar (Raw material value): is that the same value, does its moulded statement cover this table, and does the copy's own page say anything about how its bar was made?",value
T00011,1,copy-pair,,measurements,V006274,V004110,Density,G088-03,Extrudr PCTG,R-EXTRUDR-pctg-TDS-de,2aa7e9b2bef4b39703b7751027cb35165ab603d4f77dc48fc6fb3599f80a7b40,.cache/sources/by-sha/2aa7e9b2bef4b39703b7751027cb35165ab603d4f77dc48fc6fb3599f80a7b40.pdf,1,p. 1: Dichte ASTM D792 g/cm3,"1,23 g/cm3 · specimen: Not published (density specimen form not explicitly established)","Does the copy's page print exactly ""1,23 g/cm3"" for this product, as a point or a range? The record that stays (V004110) is on R-EXTRUDR-pctg-TDS-en p. 1 (""p. 1: Density ASTM D792 g/cm3""), printed ""1,23 g/cm3"", filed as a moulded bar (Raw material value): is that the same value, does its moulded statement cover this table, and does the copy's own page say anything about how its bar was made?",value
T00012,1,copy-pair,,measurements,V006143,V004130,Density,G129-02,Extrudr FLEX HARD CF,R-EXTRUDR-flex-hard-cf-TDS-de,02707aa13e9f490d90bad172fa26d19b8051da04c3aaba598c5d0b31824e9396,.cache/sources/by-sha/02707aa13e9f490d90bad172fa26d19b8051da04c3aaba598c5d0b31824e9396.pdf,1,p. 1: Dichte ISO 2781 g/cm³,1.22 g/cm³ · specimen: Not published (density specimen form not explicitly established),"Does the copy's page print exactly ""1.22 g/cm³"" for this product, as a point or a range? The record that stays (V004130) is on R-EXTRUDR-flex-hard-cf-TDS-en p. 1 (""p. 1: Density ISO 2781 g/cm³""), printed ""1.22 g/cm³"", filed as a moulded bar (Raw material value): is that the same value, does its moulded statement cover this table, and does the copy's own page say anything about how its bar was made?",value
T00013,1,copy-pair,,measurements,V006176,V004138,Density,G039-15,Extrudr FLEX SEMISOFT,R-EXTRUDR-flex-semisoft-TDS-de,0cfc5f3d4c3bdfde6c8cfb10873bbd33712a176907aff504b90c8b2999eec452,.cache/sources/by-sha/0cfc5f3d4c3bdfde6c8cfb10873bbd33712a176907aff504b90c8b2999eec452.pdf,1,p. 1: Dichte ISO 2781 g/cm³,1.18 g/cm³ · specimen: Not published (density specimen form not explicitly established),"Does the copy's page print exactly ""1.18 g/cm³"" for this product, as a point or a range? The record that stays (V004138) is on R-EXTRUDR-flex-semisoft-TDS-en p. 1 (""p. 1: Density ISO 2781 g/cm³""), printed ""1.18 g/cm³"", filed as a moulded bar (Raw material value): is that the same value, does its moulded statement cover this table, and does the copy's own page say anything about how its bar was made?",value
T00014,1,copy-pair,,measurements,V008711,V004140,Glass transition temperature,G039-15,Extrudr FLEX SEMISOFT,R-EXTRUDR-flex-semisoft-TDS-en-f4e958,f4e958b6a40166f72e50ae86a330026c92ac453b20e5a05e5a0beaa47e4a3ccf,.cache/sources/by-sha/f4e958b6a40166f72e50ae86a330026c92ac453b20e5a05e5a0beaa47e4a3ccf.pdf,1,p. 1: Glass transition temperature °C,-34 °C · specimen: Not published (do not assume printed),"Does the copy's page print exactly ""-34 °C"" for this product, as a point or a range? The record that stays (V004140) is on R-EXTRUDR-flex-semisoft-TDS-en p. 1 (""p. 1: Glass transition temperature °C""), printed ""-34 °C"", filed as a moulded bar (Raw material value): is that the same value, does its moulded statement cover this table, and does the copy's own page say anything about how its bar was made?",value
T00015,1,copy-pair,,measurements,V006445,V004184,Density,G020-17,Extrudr PETG,R-EXTRUDR-petg-TDS-en,8864ef2742bfc24e5fea43d10d946bc81e8c6aec4bfc2a774bfc22aa8105ab00,.cache/sources/by-sha/8864ef2742bfc24e5fea43d10d946bc81e8c6aec4bfc2a774bfc22aa8105ab00.pdf,1,p. 1: Density ASTM D792 g/cm³,"1,29 g/cm³ · specimen: Not published (density specimen form not explicitly established)","Does the copy's page print exactly ""1,29 g/cm³"" for this product, as a point or a range? The record that stays (V004184) is on R-EXTRUDR-petg-bundle-TDS-en p. 1 (""p. 1: Density ASTM D792 g/cm³""), printed ""1,29 g/cm³"", filed as a moulded bar (Raw material value): is that the same value, does its moulded statement cover this table, and does the copy's own page say anything about how its bar was made?",value
T00016,1,copy-pair,,measurements,V012130,V004193,HDT,G052-02,Extrudr DURAPRO PA12,R-EXTRUDR-PRIORITY-20261003-cafa71249318,cafa71249318d61f2228eac0e1b1745dbefe81bb330ed953aa5f2cb9a553b481,.cache/sources/by-sha/cafa71249318d61f2228eac0e1b1745dbefe81bb330ed953aa5f2cb9a553b481.html,1,p. 1: Heat deflection temp. (HDT/B) — 0.45 MPa,135 °C · specimen: Not published (do not assume printed),"Does the copy's page print exactly ""135 °C"" for this product, as a point or a range? The record that stays (V004193) is on R-EXTRUDR-durapro-pa12-TDS-en p. 1 (""p. 1: Heat Deflection Temperature (DTUL) 0.45 MPa, unannealed ISO 75-2/B °C""), printed ""135 °C"", filed as a moulded bar (Raw material value): is that the same value, does its moulded statement cover this table, and does the copy's own page say anything about how its bar was made?",value
T00017,1,copy-pair,,measurements,V008571,V004200,Density,G039-16,Extrudr FLEX HARD,R-EXTRUDR-flex-hard-TDS-en-cbd667,cbd667aaf13501cc6ac1583c430e228004edd8484d295939bd2abd693757da68,.cache/sources/by-sha/cbd667aaf13501cc6ac1583c430e228004edd8484d295939bd2abd693757da68.pdf,1,p. 1: Density ISO 2781 g/cm³,1.2 g/cm³ · specimen: Not published (density specimen form not explicitly established),"Does the copy's page print exactly ""1.2 g/cm³"" for this product, as a point or a range? The record that stays (V004200) is on R-EXTRUDR-flex-hard-TDS-en p. 1 (""p. 1: Density ISO 2781 g/cm³""), printed ""1.2 g/cm³"", filed as a moulded bar (Raw material value): is that the same value, does its moulded statement cover this table, and does the copy's own page say anything about how its bar was made?",value
T00018,1,copy-pair,,measurements,V008575,V004202,Glass transition temperature,G039-16,Extrudr FLEX HARD,R-EXTRUDR-flex-hard-TDS-en-cbd667,cbd667aaf13501cc6ac1583c430e228004edd8484d295939bd2abd693757da68,.cache/sources/by-sha/cbd667aaf13501cc6ac1583c430e228004edd8484d295939bd2abd693757da68.pdf,1,p. 1: Glass transition temperature °C,-24 °C · specimen: Not published (do not assume printed),"Does the copy's page print exactly ""-24 °C"" for this product, as a point or a range? The record that stays (V004202) is on R-EXTRUDR-flex-hard-TDS-en p. 1 (""p. 1: Glass transition temperature °C""), printed ""-24 °C"", filed as a moulded bar (Raw material value): is that the same value, does its moulded statement cover this table, and does the copy's own page say anything about how its bar was made?",value
T00019,1,copy-pair,,measurements,V008566,V004254,Density,G001-33,Extrudr PLA NX2 MATT,R-EXTRUDR-pla-nx2-TDS-en,c55d66cf725c65a29a62351388cd1ea4032f877454a49cb4673f029faaaa527f,.cache/sources/by-sha/c55d66cf725c65a29a62351388cd1ea4032f877454a49cb4673f029faaaa527f.pdf,1,p. 1: Density ISO 1183 g/cm³,1.3 g/cm³ · specimen: Not published (density specimen form not explicitly established),"Does the copy's page print exactly ""1.3 g/cm³"" for this product, as a point or a range? The record that stays (V004254) is on R-EXTRUDR-pla-nx2-matt-TDS-en p. 1 (""p. 1: Density ISO 1183 g/cm³""), printed ""1.3 g/cm³"", filed as a moulded bar (Raw material value): is that the same value, does its moulded statement cover this table, and does the copy's own page say anything about how its bar was made?",value
T00020,1,copy-pair,,measurements,V006417,V004263,Density,G001-34,Extrudr PLA BASIC,R-EXTRUDR-pla-basic-cmyk-TDS-en,7de56af7cd91903198b6ad95de782e9a816543f0b0a0332092c068e894e1353d,.cache/sources/by-sha/7de56af7cd91903198b6ad95de782e9a816543f0b0a0332092c068e894e1353d.pdf,1,p. 1: Density ASTM D792 g/cm³,"1,24 g/cm³ · specimen: Not published (density specimen form not explicitly established)","Does the copy's page print exactly ""1,24 g/cm³"" for this product, as a point or a range? The record that stays (V004263) is on R-EXTRUDR-pla-basic-TDS-en p. 1 (""p. 1: Density ASTM D792 g/cm³""), printed ""1,24 g/cm³"", filed as a moulded bar (Raw material value): is that the same value, does its moulded statement cover this table, and does the copy's own page say anything about how its bar was made?",value
T00021,1,copy-pair,,measurements,V008754,V004274,HDT,G027-34,3DJake ABS,R-3DJAKE-3DJAKE-3DJake-ABS,0c3f0544ff800f3c69b8c86c8f0874a7010720bfa9ad650e13149716895f2c48,.cache/sources/by-sha/0c3f0544ff800f3c69b8c86c8f0874a7010720bfa9ad650e13149716895f2c48.pdf,1,p. 1: HDT/B,85 °C · specimen: Not published (do not assume printed),"Does the copy's page print exactly ""85 °C"" for this product, as a point or a range? The record that stays (V004274) is on R-EXTRUDR-durapro-abs-TDS-en p. 1 (""p. 1: HDT/B ASTM D648 °C""), printed ""85 °C"", filed as a moulded bar (Raw material value): is that the same value, does its moulded statement cover this table, and does the copy's own page say anything about how its bar was made?",value
T00022,1,copy-pair,,measurements,V006418,V004291,Density,G001-35,Extrudr PLA HIGH-SPEED,R-EXTRUDR-pla-high-speed-TDS-en,80ed0f31cdb4abafd9c25874ba576213853c3c42d2b32ff618dd7474f58b6d92,.cache/sources/by-sha/80ed0f31cdb4abafd9c25874ba576213853c3c42d2b32ff618dd7474f58b6d92.pdf,1,p. 1: Density ISO 1183 g/cm3,1.24 g/cm3 · specimen: Not published (density specimen form not explicitly established),"Does the copy's page print exactly ""1.24 g/cm3"" for this product, as a point or a range? The record that stays (V004291) is on R-EXTRUDR-pla-hs-TDS-en p. 1 (""p. 1: Density ISO 1183 g/cm3""), printed ""1.24 g/cm3"", filed as a moulded bar (Raw material value): is that the same value, does its moulded statement cover this table, and does the copy's own page say anything about how its bar was made?",value
T00023,1,copy-pair,,measurements,V006421,V004294,Glass transition temperature,G001-35,Extrudr PLA HIGH-SPEED,R-EXTRUDR-pla-high-speed-TDS-en,80ed0f31cdb4abafd9c25874ba576213853c3c42d2b32ff618dd7474f58b6d92,.cache/sources/by-sha/80ed0f31cdb4abafd9c25874ba576213853c3c42d2b32ff618dd7474f58b6d92.pdf,1,p. 1: Glass transition temperature DSC °C,60 °C · specimen: Not published (do not assume printed),"Does the copy's page print exactly ""60 °C"" for this product, as a point or a range? The record that stays (V004294) is on R-EXTRUDR-pla-hs-TDS-en p. 1 (""p. 1: Glass transition temperature DSC °C""), printed ""60 °C"", filed as a moulded bar (Raw material value): is that the same value, does its moulded statement cover this table, and does the copy's own page say anything about how its bar was made?",value
T00024,1,copy-pair,,measurements,V008604,V004314,Density,G039-17,Extrudr FLEX MEDIUM,R-EXTRUDR-flex-medium-TDS-en-d2c5e4,d2c5e458d7764cb6035e2d5899351c3c9e760b68de12a9b8a2a0601376d89f04,.cache/sources/by-sha/d2c5e458d7764cb6035e2d5899351c3c9e760b68de12a9b8a2a0601376d89f04.pdf,1,p. 1: Density ISO 2781 g/cm³,1.19 g/cm³ · specimen: Not published (density specimen form not explicitly established),"Does the copy's page print exactly ""1.19 g/cm³"" for this product, as a point or a range? The record that stays (V004314) is on R-EXTRUDR-flex-medium-TDS-en p. 1 (""p. 1: Density ISO 2781 g/cm³""), printed ""1.19 g/cm³"", filed as a moulded bar (Raw material value): is that the same value, does its moulded statement cover this table, and does the copy's own page say anything about how its bar was made?",value
T00025,1,copy-pair,,measurements,V008680,V004317,Density,G126-02,Extrudr FLEX MEDIUM ESD,R-EXTRUDR-flex-medium-esd-TDS-en-eb4012,eb4012ca08808445660e6d9b92656f7f1e4b9c9dea155fcec14eab4e19b8f656,.cache/sources/by-sha/eb4012ca08808445660e6d9b92656f7f1e4b9c9dea155fcec14eab4e19b8f656.pdf,1,p. 1: Specific Gravity (20 °C) DIN 53.479 g/cm³,"1,20 g/cm³ · specimen: Not published (density specimen form not explicitly established)","Does the copy's page print exactly ""1,20 g/cm³"" for this product, as a point or a range? The record that stays (V004317) is on R-EXTRUDR-flex-medium-esd-TDS-en p. 1 (""p. 1: Specific Gravity (20 °C) DIN 53.479 g/cm³""), printed ""1,20 g/cm³"", filed as a moulded bar (Raw material value): is that the same value, does its moulded statement cover this table, and does the copy's own page say anything about how its bar was made?",value
T00026,1,copy-pair,,measurements,V013090,V004329,HDT,G050-05,Extrudr DURAPRO PA6 CF,R-EXTRUDR-PRIORITY-20261003-e49b91234afa,e49b91234afaaf448d1e91b9441b7d2dad11bd1ed5016ad0bc98ee4338f6b8e3,.cache/sources/by-sha/e49b91234afaaf448d1e91b9441b7d2dad11bd1ed5016ad0bc98ee4338f6b8e3.html,1,p. 1: Heat deflection temp. (HDT/B) — 0.45 MPa,170 °C · specimen: Not published (do not assume printed),"Does the copy's page print exactly ""170 °C"" for this product, as a point or a range? The record that stays (V004329) is on R-EXTRUDR-durapro-pa6-cf-TDS-en p. 1 (""p. 1: Heat Deflection Temperature (DTUL) 0.45 MPa, unannealed ISO 75-2/B °C""), printed ""170 °C"", filed as a moulded bar (Raw material value): is that the same value, does its moulded statement cover this table, and does the copy's own page say anything about how its bar was made?",value
T00027,1,copy-pair,,measurements,V006201,V004333,Density,G053-04,Extrudr DURAPRO PA12 CF,R-EXTRUDR-durapro-pa12-cf-TDS-it,13fe5630213b65cc23e62e005adaf0f914bfc1b6bc74a6f37a3e407888e02171,.cache/sources/by-sha/13fe5630213b65cc23e62e005adaf0f914bfc1b6bc74a6f37a3e407888e02171.pdf,1,p. 1: Dichte ISO 1183 g/cm³,1.03 g/cm³ · specimen: Not published (density specimen form not explicitly established),"Does the copy's page print exactly ""1.03 g/cm³"" for this product, as a point or a range? The record that stays (V004333) is on R-EXTRUDR-durapro-pa12-cf-TDS-en p. 1 (""p. 1: Density ISO 1183 g/cm³""), printed ""1.03 g/cm³"", filed as a moulded bar (Raw material value): is that the same value, does its moulded statement cover this table, and does the copy's own page say anything about how its bar was made?",value
T00028,1,copy-pair,,measurements,V005938,V005771,Glass transition temperature,G017-09,colorFabb Light Weight PLA (LW-PLA),R-COLORFABB-colorFabb-LW-PLA-TDS,ac886392fd1f461c573760ef5c721e49bc483c48418ec9ac8722ff117cb356b4,.cache/sources/by-sha/ac886392fd1f461c573760ef5c721e49bc483c48418ec9ac8722ff117cb356b4.pdf,1,p. 1: Glass Transition Temperature °C,55-60 °C · specimen: Not published (do not assume printed),"Does the copy's page print exactly ""55-60 °C"" for this product, as a point or a range? The record that stays (V005771) is on R-COLORFABB-TDS-E-ColorFabb-LW-PLA p. 1 (""p. 1: Glass Transition Temp. DSC, ISO 11357""), printed ""55-60 °C"", filed as a moulded bar (Raw material value): is that the same value, does its moulded statement cover this table, and does the copy's own page say anything about how its bar was made?",value
T00029,1,copy-pair,,measurements,V005819,V005781,Glass transition temperature,G039-25,colorFabb varioShore TPU,R-COLORFABB-colorFabb-VarioShore-TPU-TDS,5eed6a625b56f39b9859185c198aa8e4d95c0c01aff95ec21196ff779c64508f,.cache/sources/by-sha/5eed6a625b56f39b9859185c198aa8e4d95c0c01aff95ec21196ff779c64508f.pdf,1,p. 1: Glass transition temperature °C,-20 °C · specimen: Not published (do not assume printed),"Does the copy's page print exactly ""-20 °C"" for this product, as a point or a range? The record that stays (V005781) is on R-COLORFABB-TDS-varioShore-TPU-95A p. 1 (""p. 1: Glass Transition Temp. DSC, ISO 11357""), printed ""-20 °C"", filed as a moulded bar (Raw material value): is that the same value, does its moulded statement cover this table, and does the copy's own page say anything about how its bar was made?",value
T00030,1,copy-pair,,measurements,V005958,V005800,Density,G001-59,colorFabb PLA Economy,R-COLORFABB-colorFabb-Economy-PLA-TDS,c0bcaa7145880aecc9f603eac73d3041012da005b3824ba388b494cbfabbc249,.cache/sources/by-sha/c0bcaa7145880aecc9f603eac73d3041012da005b3824ba388b494cbfabbc249.pdf,1,p. 1: Density g/cm3,"1,2-1,3 g/cm3 · specimen: Not published (density specimen form not explicitly established)","Does the copy's page print exactly ""1,2-1,3 g/cm3"" for this product, as a point or a range? The record that stays (V005800) is on R-COLORFABB-TDS-E-ColorFabb-Economy-PLA p. 1 (""p. 1: Density ISO 1183""), printed ""1,2 g/cm3"", filed as a moulded bar (Raw material value): is that the same value, does its moulded statement cover this table, and does the copy's own page say anything about how its bar was made?",value
T00031,1,copy-pair,,measurements,V005959,V005801,Glass transition temperature,G001-59,colorFabb PLA Economy,R-COLORFABB-colorFabb-Economy-PLA-TDS,c0bcaa7145880aecc9f603eac73d3041012da005b3824ba388b494cbfabbc249,.cache/sources/by-sha/c0bcaa7145880aecc9f603eac73d3041012da005b3824ba388b494cbfabbc249.pdf,1,p. 1: Glass Transition Temperature °C,55-60 °C · specimen: Not published (do not assume printed),"Does the copy's page print exactly ""55-60 °C"" for this product, as a point or a range? The record that stays (V005801) is on R-COLORFABB-TDS-E-ColorFabb-Economy-PLA p. 1 (""p. 1: Glass Transition Temp. DSC, ISO 11357""), printed ""55-60 °C"", filed as a moulded bar (Raw material value): is that the same value, does its moulded statement cover this table, and does the copy's own page say anything about how its bar was made?",value
T00032,1,copy-pair,,measurements,V005823,V005936,Density,G031-13,colorFabb ASA,R-COLORFABB-colorFabb-ASA-TDS,6ee0f30f73a8b0f39d0b4d6810702249b726dea59b9471b4dc1bf46f3ae2b18f,.cache/sources/by-sha/6ee0f30f73a8b0f39d0b4d6810702249b726dea59b9471b4dc1bf46f3ae2b18f.pdf,1,p. 1: Density g/cm3,"1,07 g/cm3 · specimen: Not published (density specimen form not explicitly established)","Does the copy's page print exactly ""1,07 g/cm3"" for this product, as a point or a range? The record that stays (V005936) is on R-COLORFABB-TDS-E-ColorFabb-ASA p. 1 (""p. 1: Density ISO 1183""), printed ""1.07 g/cm3"", filed as a moulded bar (Raw material value): is that the same value, does its moulded statement cover this table, and does the copy's own page say anything about how its bar was made?",value
T00033,1,copy-pair,,measurements,V005964,V005880,Density,G020-27,colorFabb PETG Economy,R-COLORFABB-colorFabb-PETG-Economy-TDS,c3eadd1436d6d75abb3640ef099ae94dc1f6af637dacc8edecb2e0fceed6ab93,.cache/sources/by-sha/c3eadd1436d6d75abb3640ef099ae94dc1f6af637dacc8edecb2e0fceed6ab93.pdf,1,p. 1: Density g/cm3,1.28 g/cm3 · specimen: Not published (density specimen form not explicitly established),"Does the copy's page print exactly ""1.28 g/cm3"" for this product, as a point or a range? The record that stays (V005880) is on R-COLORFABB-TDS-E-ColorFabb-PETG-Economy p. 1 (""p. 1: Density ISO 1183""), printed ""1.28 g/cm3"", filed as a moulded bar (Raw material value): is that the same value, does its moulded statement cover this table, and does the copy's own page say anything about how its bar was made?",value
T00034,1,copy-pair,,measurements,V005965,V005881,Glass transition temperature,G020-27,colorFabb PETG Economy,R-COLORFABB-colorFabb-PETG-Economy-TDS,c3eadd1436d6d75abb3640ef099ae94dc1f6af637dacc8edecb2e0fceed6ab93,.cache/sources/by-sha/c3eadd1436d6d75abb3640ef099ae94dc1f6af637dacc8edecb2e0fceed6ab93.pdf,1,p. 1: Glass Transition Temperature °C,70 °C · specimen: Not published (do not assume printed),"Does the copy's page print exactly ""70 °C"" for this product, as a point or a range? The record that stays (V005881) is on R-COLORFABB-TDS-E-ColorFabb-PETG-Economy p. 1 (""p. 1: Glass Transition Temp. DSC, ISO 11357""), printed ""70 °C"", filed as a moulded bar (Raw material value): is that the same value, does its moulded statement cover this table, and does the copy's own page say anything about how its bar was made?",value
T00035,1,copy-pair,,measurements,V005917,V001964,Density,G092-02,colorFabb nGen,R-COLORFABB-colorFabb-nGen-Filament-TDS,a994a7773027b4992f604c6c5d1fa1dc247cc93b894e9bb30814c6f23ded0c1c,.cache/sources/by-sha/a994a7773027b4992f604c6c5d1fa1dc247cc93b894e9bb30814c6f23ded0c1c.pdf,1,p. 1: Density g/cm3,"1,20 g/cm3 · specimen: Not published (density specimen form not explicitly established)","Does the copy's page print exactly ""1,20 g/cm3"" for this product, as a point or a range? The record that stays (V001964) is on R-COLORFABB-NGEN-TDS-V2 p. 1 (""p. 1: Mechanical Properties - Injection Molded: Density""), printed ""1.2 g/cm3"", filed as a moulded bar (Raw material value): is that the same value, does its moulded statement cover this table, and does the copy's own page say anything about how its bar was made?",value
T00036,1,copy-pair,,measurements,V005927,V001965,HDT,G092-02,colorFabb nGen,R-COLORFABB-colorFabb-nGen-Filament-TDS,a994a7773027b4992f604c6c5d1fa1dc247cc93b894e9bb30814c6f23ded0c1c,.cache/sources/by-sha/a994a7773027b4992f604c6c5d1fa1dc247cc93b894e9bb30814c6f23ded0c1c.pdf,1,p. 1: Deflection Temperature @ 0.455 MPa °C,71 °C · specimen: Not published (do not assume printed),"Does the copy's page print exactly ""71 °C"" for this product, as a point or a range? The record that stays (V001965) is on R-COLORFABB-NGEN-TDS-V2 p. 1 (""p. 1: Thermal Properties: Heat Deflection Temp. @0.455 MPa""), printed ""71 °C"", filed as a moulded bar (Raw material value): is that the same value, does its moulded statement cover this table, and does the copy's own page say anything about how its bar was made?",value
T00037,1,copy-pair,,measurements,V007689,V002828,HDT,G033-12,FormFutura ApolloX CF10,S-PET-formfutura-tds-apolloxcf10,9a8747109ad8ea6fe3dbb2d91b96d1aa41d15c3eefaa132703e857a3f888a9bf,.cache/sources/by-sha/9a8747109ad8ea6fe3dbb2d91b96d1aa41d15c3eefaa132703e857a3f888a9bf.pdf,1,p. 1: Heat deflection temperature (HDT) @ 66 psi,100.5 °C · specimen: Not published (do not assume printed),"Does the copy's page print exactly ""100.5 °C"" for this product, as a point or a range? The record that stays (V002828) is on S-SPECTRUM-en-tds-spectrum-asax-cf10 p. 1 (""p. 1: Heat Deflection Temperature 66 psi*""), printed ""100,5 °C"", filed as a moulded bar (Raw material value): is that the same value, does its moulded statement cover this table, and does the copy's own page say anything about how its bar was made?",value
T00038,1,copy-pair,,measurements,V009231,V009254,Density,G001-136,colorFabb BronzeFill,R-COLORFABB-colorFabb-BronzeFill-TDS,80ea075e752cb74cacc7ab1ec9534c1bbe0a504690eb85588eff9d28bf4fd668,.cache/sources/by-sha/80ea075e752cb74cacc7ab1ec9534c1bbe0a504690eb85588eff9d28bf4fd668.pdf,1,p. 1: Density g/cm3,"3,9 g/cm3 · specimen: Not published (density specimen form not explicitly established)","Does the copy's page print exactly ""3,9 g/cm3"" for this product, as a point or a range? The record that stays (V009254) is on R-COLORFABB-TDS-E-ColorFabb-BronzeFill p. 1 (""p. 1: Density ISO 1183""), printed ""3.9 g/cm3"", filed as a moulded bar (Raw material value): is that the same value, does its moulded statement cover this table, and does the copy's own page say anything about how its bar was made?",value
T00039,1,copy-pair,,measurements,V009275,V009245,Density,G001-137,colorFabb steelFill,R-COLORFABB-colorFabb-SteelFill-TDS,d1358ae4e125b109162e624b6f9af2c627158c326a35586ff29df59376812622,.cache/sources/by-sha/d1358ae4e125b109162e624b6f9af2c627158c326a35586ff29df59376812622.pdf,1,p. 1: Density g/cm3,"3,13 g/cm3 · specimen: Not published (density specimen form not explicitly established)","Does the copy's page print exactly ""3,13 g/cm3"" for this product, as a point or a range? The record that stays (V009245) is on R-COLORFABB-TDS-E-ColorFabb-SteelFill p. 1 (""p. 1: Density ISO 1183""), printed ""3.13 g/cm3"", filed as a moulded bar (Raw material value): is that the same value, does its moulded statement cover this table, and does the copy's own page say anything about how its bar was made?",value
T00040,1,copy-pair,,measurements,V011438,V009643,Density,G147-01,LEHVOSS LUVOCOM 3F PAHT 9825 NT,R-COLORFABB-TDS-LUVOCOM-3F-Filaments-9825-NT,ce40603f06ddc81effd4a7ac26bd7e3e162c427013aa60aa18eabb6677397eb7,.cache/sources/by-sha/ce40603f06ddc81effd4a7ac26bd7e3e162c427013aa60aa18eabb6677397eb7.pdf,1,p. 1: Specific gravity ISO 1183-3,1.20 g/cm³ · specimen: Not published (density specimen form not explicitly established),"Does the copy's page print exactly ""1.20 g/cm³"" for this product, as a point or a range? The record that stays (V009643) is on S-PET-TDS-LUVOCOM-3F-PAHT-9825-NT-Injection-molded-specimen p. 1 (""p. 1: Specific Gravity ISO 1183 MPTS ISO 3167 A g/cm³""), printed ""1,20 g/cm³"", filed as a moulded bar (Raw material value): is that the same value, does its moulded statement cover this table, and does the copy's own page say anything about how its bar was made?",value
T00041,1,copy-pair,,measurements,V011933,V010365,HDT,G156-01,eSUN ePA CF,S-ESUN-PRINT-20260928-333834d1b9db,333834d1b9dbd37660b8fb0a722a797107850ccdc5f651066ce8adc43e858449,.cache/sources/by-sha/333834d1b9dbd37660b8fb0a722a797107850ccdc5f651066ce8adc43e858449.html,1,p. 1: Heat Distortion Temperature(°C),155 · specimen: Not published (do not assume printed),"Does the copy's page print exactly ""155"" for this product, as a point or a range? The record that stays (V010365) is on S-PEBA-eSUN-ePA-CF-Filament-TDS-V4-0 p. 1 (""p. 1: Heat distortion Temperature""), printed ""155 ℃"", filed as a moulded bar (Raw material value): is that the same value, does its moulded statement cover this table, and does the copy's own page say anything about how its bar was made?",value
T00042,1,copy-pair,,measurements,V005832,V005935,Izod impact strength,G031-13,colorFabb ASA,R-COLORFABB-colorFabb-ASA-TDS,6ee0f30f73a8b0f39d0b4d6810702249b726dea59b9471b4dc1bf46f3ae2b18f,.cache/sources/by-sha/6ee0f30f73a8b0f39d0b4d6810702249b726dea59b9471b4dc1bf46f3ae2b18f.pdf,1,"p. 1: Izod Impact strength, notched @ 23 °C J/m",140 J/m · Notched · specimen: Not published (do not assume printed),"Does the copy's page print exactly ""140 J/m"" for this product, as a point or a range? The record that stays (V005935) is on R-COLORFABB-TDS-E-ColorFabb-ASA p. 1 (""p. 1: Izod Impact Strength Izod Notch, ISO 180""), printed ""140 J/m"", filed as a moulded bar (Raw material value): is that the same value, does its moulded statement cover this table, and does the copy's own page say anything about how its bar was made?",recheck
T00043,1,copy-pair,,measurements,V005925,V001963,Izod impact strength,G092-02,colorFabb nGen,R-COLORFABB-colorFabb-nGen-Filament-TDS,a994a7773027b4992f604c6c5d1fa1dc247cc93b894e9bb30814c6f23ded0c1c,.cache/sources/by-sha/a994a7773027b4992f604c6c5d1fa1dc247cc93b894e9bb30814c6f23ded0c1c.pdf,1,"p. 1: Izod Impact strength, notched @ 23 °C J/m",70 J/m · Notched · specimen: Not published (do not assume printed),"Does the copy's page print exactly ""70 J/m"" for this product, as a point or a range? The record that stays (V001963) is on R-COLORFABB-NGEN-TDS-V2 p. 1 (""p. 1: Mechanical Properties - Injection Molded: Izod Impact Strength""), printed ""70 J/m"", filed as a moulded bar (Raw material value): is that the same value, does its moulded statement cover this table, and does the copy's own page say anything about how its bar was made?",recheck
T00044,1,copy-pair,,measurements,V006008,V005865,Izod impact strength,G143-01,colorFabb nGen_FLEX,R-COLORFABB-colorFabb-nGen-Flex-Filament-TDS,e2a86ba681dd0ef8cb66eabf7b7f86a1d44a979f4299961202dc564728bfd939,.cache/sources/by-sha/e2a86ba681dd0ef8cb66eabf7b7f86a1d44a979f4299961202dc564728bfd939.pdf,1,"p. 1: Izod Impact strength, notched @ -40 °C J/m",40 J/m · Notched · specimen: Not published (do not assume printed),"Does the copy's page print exactly ""40 J/m"" for this product, as a point or a range? The record that stays (V005865) is on R-COLORFABB-TDS-E-ColorFabb-nGen-FLEX p. 1 (""p. 1: Izod Impact Strength Izod Notch, ISO 179""), printed ""40 J/m"", filed as a moulded bar (Raw material value): is that the same value, does its moulded statement cover this table, and does the copy's own page say anything about how its bar was made?",recheck
T00045,1,copy-pair,,measurements,V007523,V003117,Charpy strength,G113-02,FormFutura ApolloX Kevlar,S-PET-TDS-ApolloX-Kevlar,247abb9d6cb925a232b6f816dff3bbb4aea450a2300970eeb8513cd2e350e304,.cache/sources/by-sha/247abb9d6cb925a232b6f816dff3bbb4aea450a2300970eeb8513cd2e350e304.pdf,1,"p. 1: Charpy unnotched impact strength, 23°C",25 KJ/m2 · Unnotched · specimen: Not published (do not assume printed),"Does the copy's page print exactly ""25 KJ/m2"" for this product, as a point or a range? The record that stays (V003117) is on S-SPECTRUM-en-tds-spectrum-asa-kevlar p. 1 (""p. 1: Charpy impact strength, unnotched*""), printed ""25 kJ/m2"", filed as a moulded bar (Raw material value): is that the same value, does its moulded statement cover this table, and does the copy's own page say anything about how its bar was made?",recheck
T00046,1,copy-pair,,measurements,V007524,V003118,Charpy strength,G113-02,FormFutura ApolloX Kevlar,S-PET-TDS-ApolloX-Kevlar,247abb9d6cb925a232b6f816dff3bbb4aea450a2300970eeb8513cd2e350e304,.cache/sources/by-sha/247abb9d6cb925a232b6f816dff3bbb4aea450a2300970eeb8513cd2e350e304.pdf,1,"p. 1: Charpy notched impact strength, 23°C","7,5 KJ/m2 · Notched · specimen: Not published (do not assume printed)","Does the copy's page print exactly ""7,5 KJ/m2"" for this product, as a point or a range? The record that stays (V003118) is on S-SPECTRUM-en-tds-spectrum-asa-kevlar p. 1 (""p. 1: Charpy impact strength, notched*""), printed ""7,5 kJ/m2"", filed as a moulded bar (Raw material value): is that the same value, does its moulded statement cover this table, and does the copy's own page say anything about how its bar was made?",recheck
T00047,1,copy-pair,,measurements,V009453,V009462,Charpy strength,G145-01,colorFabb PLA/PHA,R-COLORFABB-colorFabb-PLA-PHA-Printing-Filament-TDS,d92bf0040ab556fb90b6060a652c07541c7364d9dcd25a18432f941242b7b5f7,.cache/sources/by-sha/d92bf0040ab556fb90b6060a652c07541c7364d9dcd25a18432f941242b7b5f7.pdf,1,"p. 1: Notched impact strength (Charpy), RT kJ/m²","2,8 kJ/m² · Notched · specimen: Not published (do not assume printed)","Does the copy's page print exactly ""2,8 kJ/m²"" for this product, as a point or a range? The record that stays (V009462) is on R-COLORFABB-TDS-PLA-PHA p. 1 (""p. 1: Charpy Impact Charpy Notch, ISO 179""), printed ""2.8 kJ/m2"", filed as a moulded bar (Raw material value): is that the same value, does its moulded statement cover this table, and does the copy's own page say anything about how its bar was made?",recheck
T00048,1,copy-pair,,measurements,V010489,V002677,Charpy strength,G020-67,Fiberlogy PET-G VO,R-FIBERLOGY-FIBERLOGY-PETGV0-TDS,1f6b5674f733643fa092831822a66dc54a2c8d0ca07563c54dae5c16faeed988,.cache/sources/by-sha/1f6b5674f733643fa092831822a66dc54a2c8d0ca07563c54dae5c16faeed988.pdf,1,p. 1: Charpy Impact Strength (Notched) @ 23°C ISO 179 kJ/m2,3 kJ/m2 · Notched · specimen: Not published (do not assume printed),"Does the copy's page print exactly ""3 kJ/m2"" for this product, as a point or a range? The record that stays (V002677) is on S-SPECTRUM-en-tds-petg-frv0 p. 1 (""p. 1: Charpy impact strength, notched*""), printed ""3 kJ/m2"", filed as a moulded bar (Raw material value): is that the same value, does its moulded statement cover this table, and does the copy's own page say anything about how its bar was made?",recheck
T00049,1,copy-pair,,measurements,V011931,V007109,Izod impact strength,G008-12,eSUN ePLA-Silk Rainbow,D-ESUN-EPLA-SILK-RAINBOW-PRODUCT-PAGE,fc8d02819299808e6d907e45410a9f97392bec7c741ea560b3ae9e802da3115a,.cache/sources/by-sha/fc8d02819299808e6d907e45410a9f97392bec7c741ea560b3ae9e802da3115a.html,1,p. 1: IZOD Impact Strength (XY) (kJ/m²),4.58 · XY · specimen: Not published (do not assume printed),"Does the copy's page print exactly ""4.58"" for this product, as a point or a range? The record that stays (V007109) is on S-PEBA-79f73c22-1 p. 1 (""p. 1: IZOD Impact Strength""), printed ""4.58 kJ/m2"", filed as a moulded bar (Raw material value): is that the same value, does its moulded statement cover this table, and does the copy's own page say anything about how its bar was made?",recheck
T00050,1,copy-pair,,measurements,V012095,V011212,Charpy strength,G169-01,Extrudr GREENTEC PRO CF,R-EXTRUDR-PRINT-20260929-463457967aab,463457967aab73c4a6f8c599b28f492d9fbed676861bbd966c4624389353cd28,.cache/sources/by-sha/463457967aab73c4a6f8c599b28f492d9fbed676861bbd966c4624389353cd28.html,1,p. 1: Charpy notched impact strength (+23°C),4.6 kJ/m² · Notched · Unstated · specimen: Not published (do not assume printed),"Does the copy's page print exactly ""4.6 kJ/m²"" for this product, as a point or a range? The record that stays (V011212) is on R-EXTRUDR-greentec-pro-cf-TDS-en p. 1 (""p. 1: Notched impact strength ISO 179/1eA kj/m²""), printed ""4.6 kj/m²"", filed as a moulded bar (Raw material value): is that the same value, does its moulded statement cover this table, and does the copy's own page say anything about how its bar was made?",recheck
T00051,1,copy-pair,,measurements,V012097,V011213,Charpy strength,G169-01,Extrudr GREENTEC PRO CF,R-EXTRUDR-PRINT-20260929-463457967aab,463457967aab73c4a6f8c599b28f492d9fbed676861bbd966c4624389353cd28,.cache/sources/by-sha/463457967aab73c4a6f8c599b28f492d9fbed676861bbd966c4624389353cd28.html,1,p. 1: Charpy unnotched impact strength (+23°C),82 kJ/m² · Unnotched · Unstated · specimen: Not published (do not assume printed),"Does the copy's page print exactly ""82 kJ/m²"" for this product, as a point or a range? The record that stays (V011213) is on R-EXTRUDR-greentec-pro-cf-TDS-en p. 1 (""p. 1: Unnotched impact strength ISO 179/1eU kj/m²""), printed ""82 kj/m²"", filed as a moulded bar (Raw material value): is that the same value, does its moulded statement cover this table, and does the copy's own page say anything about how its bar was made?",recheck
T00052,1,copy-pair,,measurements,V012128,V004191,Charpy strength,G052-02,Extrudr DURAPRO PA12,R-EXTRUDR-PRIORITY-20261003-cafa71249318,cafa71249318d61f2228eac0e1b1745dbefe81bb330ed953aa5f2cb9a553b481,.cache/sources/by-sha/cafa71249318d61f2228eac0e1b1745dbefe81bb330ed953aa5f2cb9a553b481.html,1,p. 1: Charpy notched impact strength (+23°C),11 kJ/m² · Notched · Unstated · specimen: Not published (do not assume printed),"Does the copy's page print exactly ""11 kJ/m²"" for this product, as a point or a range? The record that stays (V004191) is on R-EXTRUDR-durapro-pa12-TDS-en p. 1 (""p. 1: Charpy Notched Impact Strength (+23°C) ISO 179/1eA kJ/m²""), printed ""11 kJ/m²"", filed as a moulded bar (Raw material value): is that the same value, does its moulded statement cover this table, and does the copy's own page say anything about how its bar was made?",recheck
T00053,1,copy-pair,,measurements,V012129,V004192,Charpy strength,G052-02,Extrudr DURAPRO PA12,R-EXTRUDR-PRIORITY-20261003-cafa71249318,cafa71249318d61f2228eac0e1b1745dbefe81bb330ed953aa5f2cb9a553b481,.cache/sources/by-sha/cafa71249318d61f2228eac0e1b1745dbefe81bb330ed953aa5f2cb9a553b481.html,1,p. 1: Charpy notched impact strength (-30°C),6 kJ/m² · Notched · Unstated · specimen: Not published (do not assume printed),"Does the copy's page print exactly ""6 kJ/m²"" for this product, as a point or a range? The record that stays (V004192) is on R-EXTRUDR-durapro-pa12-TDS-en p. 1 (""p. 1: Charpy Notched Impact Strength (-30°C) ISO 179/1eA kJ/m²""), printed ""6.0 kJ/m²"", filed as a moulded bar (Raw material value): is that the same value, does its moulded statement cover this table, and does the copy's own page say anything about how its bar was made?",recheck
T00054,1,copy-pair,,measurements,V012187,V003117,Charpy strength,G113-01,Spectrum ASA Kevlar,R-FIBERLOGY-FIBERLOGY-ASA-AF-TDS,d73f22ceb1679c3aef90be6ec6f76d8035f811c80ecb14ae47b4d66ab1038fdf,.cache/sources/by-sha/d73f22ceb1679c3aef90be6ec6f76d8035f811c80ecb14ae47b4d66ab1038fdf.pdf,1,p. 1: Charpy Impact Strength (Unnotched),25 kJ/m² · Unnotched · Unstated · specimen: Not published (do not assume printed),"Does the copy's page print exactly ""25 kJ/m²"" for this product, as a point or a range? The record that stays (V003117) is on S-SPECTRUM-en-tds-spectrum-asa-kevlar p. 1 (""p. 1: Charpy impact strength, unnotched*""), printed ""25 kJ/m2"", filed as a moulded bar (Raw material value): is that the same value, does its moulded statement cover this table, and does the copy's own page say anything about how its bar was made?",recheck
T00055,1,copy-pair,,measurements,V012188,V003118,Charpy strength,G113-01,Spectrum ASA Kevlar,R-FIBERLOGY-FIBERLOGY-ASA-AF-TDS,d73f22ceb1679c3aef90be6ec6f76d8035f811c80ecb14ae47b4d66ab1038fdf,.cache/sources/by-sha/d73f22ceb1679c3aef90be6ec6f76d8035f811c80ecb14ae47b4d66ab1038fdf.pdf,1,p. 1: Charpy Impact Strength (Notched),7.5 kJ/m² · Notched · Unstated · specimen: Not published (do not assume printed),"Does the copy's page print exactly ""7.5 kJ/m²"" for this product, as a point or a range? The record that stays (V003118) is on S-SPECTRUM-en-tds-spectrum-asa-kevlar p. 1 (""p. 1: Charpy impact strength, notched*""), printed ""7,5 kJ/m2"", filed as a moulded bar (Raw material value): is that the same value, does its moulded statement cover this table, and does the copy's own page say anything about how its bar was made?",recheck
T00056,1,copy-pair,,measurements,V012947,V004225,Charpy strength,G095-02,Extrudr DURAPRO PC-PBT,R-EXTRUDR-PRINT-20260928-8ac1c5367674,8ac1c5367674e848ac3703989ea20c851833d65840789e2a8df94ef273293a62,.cache/sources/by-sha/8ac1c5367674e848ac3703989ea20c851833d65840789e2a8df94ef273293a62.html,1,p. 1: Charpy notched impact strength (+23°C),60 kJ/m² · Notched · Unstated · specimen: Not published (do not assume printed),"Does the copy's page print exactly ""60 kJ/m²"" for this product, as a point or a range? The record that stays (V004225) is on R-EXTRUDR-durapro-pc-pbt-TDS-en p. 1 (""p. 1: Charpy Notched Impact Strength ISO 179/1eA kJ/m²""), printed ""60 kJ/m²"", filed as a moulded bar (Raw material value): is that the same value, does its moulded statement cover this table, and does the copy's own page say anything about how its bar was made?",recheck
T00057,1,copy-pair,,measurements,V013170,V002677,Charpy strength,G020-05,Spectrum PET-G FR V0,D-FIBERLOGY-PETG-FR-V0-FILAMENT-PAGE,56a73f8fa1498a3a905cc761283fbb9b13319a53bfb00f2d2b0df849d684ccca,.cache/sources/by-sha/56a73f8fa1498a3a905cc761283fbb9b13319a53bfb00f2d2b0df849d684ccca.html,1,p. 1: Charpy impact strength (notched) @ 23°C,3 kJ/m² · Notched · Unstated · specimen: Not published (do not assume printed),"Does the copy's page print exactly ""3 kJ/m²"" for this product, as a point or a range? The record that stays (V002677) is on S-SPECTRUM-en-tds-petg-frv0 p. 1 (""p. 1: Charpy impact strength, notched*""), printed ""3 kJ/m2"", filed as a moulded bar (Raw material value): is that the same value, does its moulded statement cover this table, and does the copy's own page say anything about how its bar was made?",recheck
T00058,1,copy-pair,,measurements,V014769,V011223,Charpy strength,G168-03,Extrudr GREENTEC PRO,R-EXTRUDR-GAP2-20261005-8a59c7615526,8a59c76155262e82bfc5f7e51d8bc729d81b4ffb88723cebe72e8e80af631c5d,.cache/sources/by-sha/8a59c76155262e82bfc5f7e51d8bc729d81b4ffb88723cebe72e8e80af631c5d.html,1,p. 1: Charpy notched impact strength (+23°C),4 kJ/m² · Notched · Unstated · specimen: Not published (do not assume printed),"Does the copy's page print exactly ""4 kJ/m²"" for this product, as a point or a range? The record that stays (V011223) is on R-EXTRUDR-greentec-pro-TDS-en p. 1 (""p. 1: Notched impact strength ISO 179/1eA kJ/m2""), printed ""4 kJ/m2"", filed as a moulded bar (Raw material value): is that the same value, does its moulded statement cover this table, and does the copy's own page say anything about how its bar was made?",recheck
T00059,1,copy-pair,,measurements,V014771,V011224,Charpy strength,G168-03,Extrudr GREENTEC PRO,R-EXTRUDR-GAP2-20261005-8a59c7615526,8a59c76155262e82bfc5f7e51d8bc729d81b4ffb88723cebe72e8e80af631c5d,.cache/sources/by-sha/8a59c76155262e82bfc5f7e51d8bc729d81b4ffb88723cebe72e8e80af631c5d.html,1,p. 1: Charpy unnotched impact strength (+23°C),71 kJ/m² · Unnotched · Unstated · specimen: Not published (do not assume printed),"Does the copy's page print exactly ""71 kJ/m²"" for this product, as a point or a range? The record that stays (V011224) is on R-EXTRUDR-greentec-pro-TDS-en p. 1 (""p. 1: Unnotched impact strength ISO 179/1eU kJ/m2""), printed ""71 kJ/m2"", filed as a moulded bar (Raw material value): is that the same value, does its moulded statement cover this table, and does the copy's own page say anything about how its bar was made?",recheck
T00060,1,copy-pair,,measurements,V014803,V006802,Izod impact strength,G057-04,eSUN PA Nylon Filament (1kg) Natural,S-PEBA-eSUN-ePA-Filament-TDS-V4-0,9f94dd632ee88f499b49fc4ee58c9b2a34a92896da840c54371601670d8fd07c,.cache/sources/by-sha/9f94dd632ee88f499b49fc4ee58c9b2a34a92896da840c54371601670d8fd07c.pdf,1,p. 1: IZOD Impact Strength,18.4 kJ/m² · Unstated · specimen: Not published (do not assume printed),"Does the copy's page print exactly ""18.4 kJ/m²"" for this product, as a point or a range? The record that stays (V006802) is on S-PEBA-eSUN-ePA-Filament-TDS-V4-02 p. 1 (""p. 1: IZOD Impact Strength""), printed ""18.4 kJ/㎡"", filed as a moulded bar (Raw material value): is that the same value, does its moulded statement cover this table, and does the copy's own page say anything about how its bar was made?",recheck
T00061,1,copy-pair,,measurements,V014807,V004118,Charpy strength,G034-05,Extrudr DURAPRO ASA GF,R-EXTRUDR-PRIORITY-20261003-8f1f07e586ce,8f1f07e586ce6b1eaed1c7a9efd71d881141b30e9a1c6ad255c20d31a5973017,.cache/sources/by-sha/8f1f07e586ce6b1eaed1c7a9efd71d881141b30e9a1c6ad255c20d31a5973017.html,1,p. 1: Charpy notched impact strength (+23°C),8 kJ/m² · Notched · Unstated · specimen: Not published (do not assume printed),"Does the copy's page print exactly ""8 kJ/m²"" for this product, as a point or a range? The record that stays (V004118) is on R-EXTRUDR-durapro-asa-gf-TDS-en p. 1 (""p. 1: Charpy Impact Strength (23 °C) ISO 179/1eA kJ/m2""), printed ""8-10 kJ/m2"", filed as a moulded bar (Raw material value): is that the same value, does its moulded statement cover this table, and does the copy's own page say anything about how its bar was made?",recheck
T00062,2,value-check,1b,measurements,V000717,,Charpy strength,G036-01,Bambu Lab PC FR,B-pc-fr-TDS,9270695083ba583121736306b8e60fda24402a156a1883771aecd5ddc612be8f,.cache/sources/by-sha/9270695083ba583121736306b8e60fda24402a156a1883771aecd5ddc612be8f.pdf,2,p. 2: Impact Strength (X-Y) — notched,8.4 ± 1.3 kJ/m² · Notched · XY · specimen: Printed specimen,The text layer prints 8.4 for Charpy strength; the optical reading did not find it. Judge the value from the page image.,value
T00063,2,value-check,1b,measurements,V002417,,Glass transition temperature,G067-02,Polymaker Fiberon PET-CF17,R-FIBERON-PETCF17-TDS,640a5ed487a8475805af3ecf387e942805182e263fdef5ebe0e5587a3e60a254,.cache/sources/by-sha/640a5ed487a8475805af3ecf387e942805182e263fdef5ebe0e5587a3e60a254.pdf,1,p. 1: Glass transition temp.,79.3 °C · specimen: Not published (do not assume printed),The text layer prints 79.3 for Glass transition temperature; the optical reading did not find it. Judge the value from the page image.,value
T00064,2,value-check,1b,measurements,V004344,,Tensile strength (endpoint unspecified),G008-04,SUNLU Silk PLA+ Four-Color,R-SUNLU-27be2474-b2dd-45b3-8a14-5f742b314e33,0049b4facf5ff87b0380109e7b4c5644ed2ec0cc2c7ae7beb7d5f7e606a324de,.cache/sources/by-sha/0049b4facf5ff87b0380109e7b4c5644ed2ec0cc2c7ae7beb7d5f7e606a324de.pdf,1,p. 1: (X-Y) Tensile Strength ISO 527/2 50 mm/min MPa,50 ± 4 MPa · XY · specimen: Printed specimen,The text layer prints 50 for Tensile strength (endpoint unspecified); the optical reading did not find it. Judge the value from the page image.,value
T00065,2,value-check,1b,measurements,V004345,,Elongation at break,G008-04,SUNLU Silk PLA+ Four-Color,R-SUNLU-27be2474-b2dd-45b3-8a14-5f742b314e33,0049b4facf5ff87b0380109e7b4c5644ed2ec0cc2c7ae7beb7d5f7e606a324de,.cache/sources/by-sha/0049b4facf5ff87b0380109e7b4c5644ed2ec0cc2c7ae7beb7d5f7e606a324de.pdf,1,p. 1: (X-Y) Elongation at break ISO 527/2 50 mm/min %,11 ± 3 % · XY · specimen: Printed specimen,The text layer prints 11 for Elongation at break; the optical reading did not find it. Judge the value from the page image.,value
T00066,2,value-check,1b,measurements,V004348,,Izod impact strength,G008-04,SUNLU Silk PLA+ Four-Color,R-SUNLU-27be2474-b2dd-45b3-8a14-5f742b314e33,0049b4facf5ff87b0380109e7b4c5644ed2ec0cc2c7ae7beb7d5f7e606a324de,.cache/sources/by-sha/0049b4facf5ff87b0380109e7b4c5644ed2ec0cc2c7ae7beb7d5f7e606a324de.pdf,1,p. 1: (X-Y) Izod Impact Strength of Notched ISO 180 23℃ KJ/m2 Specimen,3.5 ± 1.5 KJ/m2 · Notched · XY · specimen: Printed specimen,The text layer prints 1.5; 3.5 for Izod impact strength; the optical reading did not find it. Judge the value from the page image.,value
T00067,2,value-check,1b,measurements,V004351,,HDT,G008-04,SUNLU Silk PLA+ Four-Color,R-SUNLU-27be2474-b2dd-45b3-8a14-5f742b314e33,0049b4facf5ff87b0380109e7b4c5644ed2ec0cc2c7ae7beb7d5f7e606a324de,.cache/sources/by-sha/0049b4facf5ff87b0380109e7b4c5644ed2ec0cc2c7ae7beb7d5f7e606a324de.pdf,1,p. 1: (X-Y) Heat Distortion (HDT) ISO 75 0.45 MPa ℃,57 ± 3 ℃ · XY · specimen: Printed specimen,The text layer prints 57 for HDT; the optical reading did not find it. Judge the value from the page image.,value
T00068,2,value-check,1b,measurements,V004352,,Glass transition temperature,G008-04,SUNLU Silk PLA+ Four-Color,R-SUNLU-27be2474-b2dd-45b3-8a14-5f742b314e33,0049b4facf5ff87b0380109e7b4c5644ed2ec0cc2c7ae7beb7d5f7e606a324de,.cache/sources/by-sha/0049b4facf5ff87b0380109e7b4c5644ed2ec0cc2c7ae7beb7d5f7e606a324de.pdf,1,p. 1: Glass Transition (Tg) ISO 11357-2 10 ℃/min ℃,60.9 ℃ · specimen: Printed specimen,The text layer prints 60.9 for Glass transition temperature; the optical reading did not find it. Judge the value from the page image.,value
T00069,2,value-check,1b,measurements,V004356,,Density,G008-04,SUNLU Silk PLA+ Four-Color,R-SUNLU-27be2474-b2dd-45b3-8a14-5f742b314e33,0049b4facf5ff87b0380109e7b4c5644ed2ec0cc2c7ae7beb7d5f7e606a324de,.cache/sources/by-sha/0049b4facf5ff87b0380109e7b4c5644ed2ec0cc2c7ae7beb7d5f7e606a324de.pdf,1,p. 1: Density ISO 1183 23℃ g/cm3,1.23 g/cm3 · specimen: Not published (density specimen form not explicitly established),The text layer prints 1.23 for Density; the optical reading did not find it. Judge the value from the page image.,value
T00070,2,value-check,1b,measurements,V004357,,Tensile strength (endpoint unspecified),G001-36,SUNLU PLA Lite,R-SUNLU-bbf6d99b-179f-4eee-a7d6-505d125658cd,026956efec70960e88eac19c404dc5029f35388eed3dafb26638abc4f0378cd5,.cache/sources/by-sha/026956efec70960e88eac19c404dc5029f35388eed3dafb26638abc4f0378cd5.pdf,1,p. 1: (X-Y) Tensile Strength ISO 527/2 50 mm/min MPa,27 ± 4 MPa · XY · specimen: Printed specimen,The text layer prints 27 for Tensile strength (endpoint unspecified); the optical reading did not find it. Judge the value from the page image.,value
T00071,2,value-check,1b,measurements,V004358,,Elongation at break,G001-36,SUNLU PLA Lite,R-SUNLU-bbf6d99b-179f-4eee-a7d6-505d125658cd,026956efec70960e88eac19c404dc5029f35388eed3dafb26638abc4f0378cd5,.cache/sources/by-sha/026956efec70960e88eac19c404dc5029f35388eed3dafb26638abc4f0378cd5.pdf,1,p. 1: (X-Y) Elongation at break ISO 527/2 50 mm/min %,20 ± 7 % · XY · specimen: Printed specimen,The text layer prints 20 for Elongation at break; the optical reading did not find it. Judge the value from the page image.,value
T00072,2,value-check,1b,measurements,V004364,,HDT,G001-36,SUNLU PLA Lite,R-SUNLU-bbf6d99b-179f-4eee-a7d6-505d125658cd,026956efec70960e88eac19c404dc5029f35388eed3dafb26638abc4f0378cd5,.cache/sources/by-sha/026956efec70960e88eac19c404dc5029f35388eed3dafb26638abc4f0378cd5.pdf,1,p. 1: (X-Y) Heat Distortion (HDT) ISO 75 0.45 MPa ℃,55 ± 3 ℃ · XY · specimen: Printed specimen,The text layer prints 55 for HDT; the optical reading did not find it. Judge the value from the page image.,value
T00073,2,value-check,1b,measurements,V004365,,Glass transition temperature,G001-36,SUNLU PLA Lite,R-SUNLU-bbf6d99b-179f-4eee-a7d6-505d125658cd,026956efec70960e88eac19c404dc5029f35388eed3dafb26638abc4f0378cd5,.cache/sources/by-sha/026956efec70960e88eac19c404dc5029f35388eed3dafb26638abc4f0378cd5.pdf,1,p. 1: Glass Transition (Tg) ISO 11357-2 10 ℃/min ℃,56 ℃ · specimen: Printed specimen,The text layer prints 56 for Glass transition temperature; the optical reading did not find it. Judge the value from the page image.,value
T00074,2,value-check,1b,measurements,V004368,,Density,G001-36,SUNLU PLA Lite,R-SUNLU-bbf6d99b-179f-4eee-a7d6-505d125658cd,026956efec70960e88eac19c404dc5029f35388eed3dafb26638abc4f0378cd5,.cache/sources/by-sha/026956efec70960e88eac19c404dc5029f35388eed3dafb26638abc4f0378cd5.pdf,1,p. 1: Density ISO 1183 23℃ g/cm3,1.36 g/cm3 · specimen: Not published (density specimen form not explicitly established),The text layer prints 1.36 for Density; the optical reading did not find it. Judge the value from the page image.,value
T00075,2,value-check,1b,measurements,V004369,,Tensile modulus,G008-05,SUNLU PLA+ Silk 2.0,R-SUNLU-56889371789540318047,05905ccb757833a685563516d337fdbd5804d690ee041f84dcfd9f5d6bba2d62,.cache/sources/by-sha/05905ccb757833a685563516d337fdbd5804d690ee041f84dcfd9f5d6bba2d62.pdf,1,p. 1: 拉伸模量(X-Y) Tensile Modulus ISO 527/2 50 mm/min MPa,597 ± 50 MPa · XY · specimen: Not published (do not assume printed),The text layer prints 597; 50 for Tensile modulus; the optical reading did not find it. Judge the value from the page image.,value
T00076,2,value-check,1b,measurements,V004371,,Tensile strength (endpoint unspecified),G008-05,SUNLU PLA+ Silk 2.0,R-SUNLU-56889371789540318047,05905ccb757833a685563516d337fdbd5804d690ee041f84dcfd9f5d6bba2d62,.cache/sources/by-sha/05905ccb757833a685563516d337fdbd5804d690ee041f84dcfd9f5d6bba2d62.pdf,1,p. 1: 拉伸强度(X-Y) Tensile Strength ISO 527/2 50 mm/min MPa,51 ± 4 MPa · XY · specimen: Not published (do not assume printed),The text layer prints 51 for Tensile strength (endpoint unspecified); the optical reading did not find it. Judge the value from the page image.,value
T00077,2,value-check,1b,measurements,V004373,,Elongation at break,G008-05,SUNLU PLA+ Silk 2.0,R-SUNLU-56889371789540318047,05905ccb757833a685563516d337fdbd5804d690ee041f84dcfd9f5d6bba2d62,.cache/sources/by-sha/05905ccb757833a685563516d337fdbd5804d690ee041f84dcfd9f5d6bba2d62.pdf,1,p. 1: 断裂伸长率(X-Y) Elongation at break ISO 527/2 50 mm/min %,11 ± 3 % · XY · specimen: Not published (do not assume printed),The text layer prints 11 for Elongation at break; the optical reading did not find it. Judge the value from the page image.,value
T00078,2,value-check,1b,measurements,V004381,,Izod impact strength,G008-05,SUNLU PLA+ Silk 2.0,R-SUNLU-56889371789540318047,05905ccb757833a685563516d337fdbd5804d690ee041f84dcfd9f5d6bba2d62,.cache/sources/by-sha/05905ccb757833a685563516d337fdbd5804d690ee041f84dcfd9f5d6bba2d62.pdf,1,p. 1: 悬 臂 梁 缺 口 冲 击 强 度 (X-Y) Izod Impact ISO 180 23℃ KJ/m2 Strength of Notched Specimen,4.29 ± 1.5 KJ/m2 · Notched · XY · specimen: Not published (do not assume printed),The text layer prints 4.29; 1.5 for Izod impact strength; the optical reading did not find it. Judge the value from the page image.,value
T00079,2,value-check,1b,measurements,V004383,,HDT,G008-05,SUNLU PLA+ Silk 2.0,R-SUNLU-56889371789540318047,05905ccb757833a685563516d337fdbd5804d690ee041f84dcfd9f5d6bba2d62,.cache/sources/by-sha/05905ccb757833a685563516d337fdbd5804d690ee041f84dcfd9f5d6bba2d62.pdf,1,p. 1: 热变形温度(X-Y) Heat Distortion (HDT) ISO 75 0.45 MPa ℃,57 ± 3 ℃ · XY · specimen: Not published (do not assume printed),The text layer prints 57 for HDT; the optical reading did not find it. Judge the value from the page image.,value
T00080,2,value-check,1b,measurements,V004384,,Glass transition temperature,G008-05,SUNLU PLA+ Silk 2.0,R-SUNLU-56889371789540318047,05905ccb757833a685563516d337fdbd5804d690ee041f84dcfd9f5d6bba2d62,.cache/sources/by-sha/05905ccb757833a685563516d337fdbd5804d690ee041f84dcfd9f5d6bba2d62.pdf,1,p. 1: 玻璃化转变温度 Glass Transition (Tg) ISO 11357-2 10 ℃/min ℃,60.9 ℃ · specimen: Not published (do not assume printed),The text layer prints 60.9 for Glass transition temperature; the optical reading did not find it. Judge the value from the page image.,value
T00081,2,value-check,1b,measurements,V004388,,Density,G008-05,SUNLU PLA+ Silk 2.0,R-SUNLU-56889371789540318047,05905ccb757833a685563516d337fdbd5804d690ee041f84dcfd9f5d6bba2d62,.cache/sources/by-sha/05905ccb757833a685563516d337fdbd5804d690ee041f84dcfd9f5d6bba2d62.pdf,1,p. 1: 密度 Density ISO 1183 23℃ g/cm3,1.25 g/cm3 · specimen: Not published (density specimen form not explicitly established),The text layer prints 1.25 for Density; the optical reading did not find it. Judge the value from the page image.,value
T00082,2,value-check,1b,measurements,V004389,,Tensile modulus,G020-18,SUNLU PETG 2.0,R-SUNLU-30522971789539747056,078860f565ca6586b313bd9ef777b516f298a5c17d29d57a1b9a748733bcf0a7,.cache/sources/by-sha/078860f565ca6586b313bd9ef777b516f298a5c17d29d57a1b9a748733bcf0a7.pdf,1,p. 1: 拉伸模量(X-Y) Tensile Modulus ISO 527/2 50 mm/min MPa,500 ± 50 MPa · XY · specimen: Not published (do not assume printed),The text layer prints 500; 50 for Tensile modulus; the optical reading did not find it. Judge the value from the page image.,value
T00083,2,value-check,1b,measurements,V004391,,Tensile strength (endpoint unspecified),G020-18,SUNLU PETG 2.0,R-SUNLU-30522971789539747056,078860f565ca6586b313bd9ef777b516f298a5c17d29d57a1b9a748733bcf0a7,.cache/sources/by-sha/078860f565ca6586b313bd9ef777b516f298a5c17d29d57a1b9a748733bcf0a7.pdf,1,p. 1: 拉伸强度(X-Y) Tensile Strength ISO 527/2 50 mm/min MPa,43 ± 10 MPa · XY · specimen: Not published (do not assume printed),The text layer prints 43; 10 for Tensile strength (endpoint unspecified); the optical reading did not find it. Judge the value from the page image.,value
T00084,2,value-check,1b,measurements,V004393,,Elongation at break,G020-18,SUNLU PETG 2.0,R-SUNLU-30522971789539747056,078860f565ca6586b313bd9ef777b516f298a5c17d29d57a1b9a748733bcf0a7,.cache/sources/by-sha/078860f565ca6586b313bd9ef777b516f298a5c17d29d57a1b9a748733bcf0a7.pdf,1,p. 1: 断裂伸长率(X-Y) Elongation at break ISO 527/2 50 mm/min %,12 ± 5 % · XY · specimen: Not published (do not assume printed),The text layer prints 12 for Elongation at break; the optical reading did not find it. Judge the value from the page image.,value
T00085,2,value-check,1,measurements,V004403,,HDT,G020-18,SUNLU PETG 2.0,R-SUNLU-30522971789539747056,078860f565ca6586b313bd9ef777b516f298a5c17d29d57a1b9a748733bcf0a7,.cache/sources/by-sha/078860f565ca6586b313bd9ef777b516f298a5c17d29d57a1b9a748733bcf0a7.pdf,1,p. 1: 热变形温度(X-Y) Heat Distortion (HDT) ISO 75 0.45 MPa ℃,71 ± 4 ℃ · XY · specimen: Not published (do not assume printed),The text layer prints 71 for HDT; the optical reading did not find it. Judge the value from the page image.,yes
T00086,2,value-check,1b,measurements,V004404,,Glass transition temperature,G020-18,SUNLU PETG 2.0,R-SUNLU-30522971789539747056,078860f565ca6586b313bd9ef777b516f298a5c17d29d57a1b9a748733bcf0a7,.cache/sources/by-sha/078860f565ca6586b313bd9ef777b516f298a5c17d29d57a1b9a748733bcf0a7.pdf,1,p. 1: 玻璃化转变温度 Glass Transition (Tg) ISO 11357-2 10 ℃/min ℃,83 ℃ · specimen: Not published (do not assume printed),The text layer prints 83 for Glass transition temperature; the optical reading did not find it. Judge the value from the page image.,value
T00087,2,value-check,1b,measurements,V004406,,Density,G020-18,SUNLU PETG 2.0,R-SUNLU-30522971789539747056,078860f565ca6586b313bd9ef777b516f298a5c17d29d57a1b9a748733bcf0a7,.cache/sources/by-sha/078860f565ca6586b313bd9ef777b516f298a5c17d29d57a1b9a748733bcf0a7.pdf,1,p. 1: 密度 Density ISO 1183 23℃ g/cm3,1.22 g/cm3 · specimen: Not published (density specimen form not explicitly established),The text layer prints 1.22 for Density; the optical reading did not find it. Judge the value from the page image.,value
T00088,2,value-check,1b,measurements,V004407,,Tensile strength (endpoint unspecified),G020-19,SUNLU PETG,R-SUNLU-f27808f0-3a19-49e3-bd79-6e846d6f4c15,08e386cd13004305dc7e0123ce1daa42d7e4fce46ce227f697b7374b86cdd056,.cache/sources/by-sha/08e386cd13004305dc7e0123ce1daa42d7e4fce46ce227f697b7374b86cdd056.pdf,1,p. 1: 拉伸强度(X-Y) Tensile Strength ISO 527/2 50 mm/min MPa,48 ± 10 MPa · XY · specimen: Not published (do not assume printed),The text layer prints 10; 48 for Tensile strength (endpoint unspecified); the optical reading did not find it. Judge the value from the page image.,value
T00089,2,value-check,1b,measurements,V004408,,Elongation at break,G020-19,SUNLU PETG,R-SUNLU-f27808f0-3a19-49e3-bd79-6e846d6f4c15,08e386cd13004305dc7e0123ce1daa42d7e4fce46ce227f697b7374b86cdd056,.cache/sources/by-sha/08e386cd13004305dc7e0123ce1daa42d7e4fce46ce227f697b7374b86cdd056.pdf,1,p. 1: 断裂伸长率(X-Y) Elongation at break ISO 527/2 50 mm/min %,11 ± 5 % · XY · specimen: Not published (do not assume printed),The text layer prints 11 for Elongation at break; the optical reading did not find it. Judge the value from the page image.,value
T00090,2,value-check,1,measurements,V004414,,HDT,G020-19,SUNLU PETG,R-SUNLU-f27808f0-3a19-49e3-bd79-6e846d6f4c15,08e386cd13004305dc7e0123ce1daa42d7e4fce46ce227f697b7374b86cdd056,.cache/sources/by-sha/08e386cd13004305dc7e0123ce1daa42d7e4fce46ce227f697b7374b86cdd056.pdf,1,p. 1: 热变形温度(X-Y) Heat Distortion (HDT) ISO 75 0.45 MPa ℃,70 ± 5 ℃ · XY · specimen: Not published (do not assume printed),The text layer prints 70 for HDT; the optical reading did not find it. Judge the value from the page image.,yes
T00091,2,value-check,1b,measurements,V004415,,Glass transition temperature,G020-19,SUNLU PETG,R-SUNLU-f27808f0-3a19-49e3-bd79-6e846d6f4c15,08e386cd13004305dc7e0123ce1daa42d7e4fce46ce227f697b7374b86cdd056,.cache/sources/by-sha/08e386cd13004305dc7e0123ce1daa42d7e4fce46ce227f697b7374b86cdd056.pdf,1,p. 1: 玻璃化转变温度 Glass Transition (Tg) ISO 11357-2 10 ℃/min ℃,79.4 ℃ · specimen: Not published (do not assume printed),The text layer prints 79.4 for Glass transition temperature; the optical reading did not find it. Judge the value from the page image.,value
T00092,2,value-check,1b,measurements,V004418,,Density,G020-19,SUNLU PETG,R-SUNLU-f27808f0-3a19-49e3-bd79-6e846d6f4c15,08e386cd13004305dc7e0123ce1daa42d7e4fce46ce227f697b7374b86cdd056,.cache/sources/by-sha/08e386cd13004305dc7e0123ce1daa42d7e4fce46ce227f697b7374b86cdd056.pdf,1,p. 1: 密度 Density ISO 1183 23℃ g/cm3,1.27 g/cm3 · specimen: Not published (density specimen form not explicitly established),The text layer prints 1.27 for Density; the optical reading did not find it. Judge the value from the page image.,value
T00093,2,value-check,1b,measurements,V004419,,Tensile strength (endpoint unspecified),G082-04,SUNLU PP2.0,R-SUNLU-25182761789529093884,0dfe19aea957140cb70fed1d7b242c960ab7417125668b6f3e0d674024430879,.cache/sources/by-sha/0dfe19aea957140cb70fed1d7b242c960ab7417125668b6f3e0d674024430879.pdf,1,p. 1: 拉伸强度(X-Y) Tensile Strength ISO 527/2 50 mm/min MPa,15 ± 3 MPa · XY · specimen: Not published (do not assume printed),The text layer prints 15 for Tensile strength (endpoint unspecified); the optical reading did not find it. Judge the value from the page image.,value
T00094,2,value-check,1,measurements,V004420,,Elongation at break,G082-04,SUNLU PP2.0,R-SUNLU-25182761789529093884,0dfe19aea957140cb70fed1d7b242c960ab7417125668b6f3e0d674024430879,.cache/sources/by-sha/0dfe19aea957140cb70fed1d7b242c960ab7417125668b6f3e0d674024430879.pdf,1,p. 1: 断裂伸长率(X-Y) Elongation at break ISO 527/2 50 mm/min %,900 ± 300 % · XY · specimen: Not published (do not assume printed),The text layer prints 900; 300 for Elongation at break; the optical reading did not find it. Judge the value from the page image.,yes
T00095,2,value-check,1b,measurements,V004423,,Izod impact strength,G082-04,SUNLU PP2.0,R-SUNLU-25182761789529093884,0dfe19aea957140cb70fed1d7b242c960ab7417125668b6f3e0d674024430879,.cache/sources/by-sha/0dfe19aea957140cb70fed1d7b242c960ab7417125668b6f3e0d674024430879.pdf,1,p. 1: 悬 臂 梁 缺 口 冲 击 强 度 (X-Y) Izod Impact ISO 180 23℃ KJ/m2 Strength of Notched Specimen,23 ± 5 KJ/m2 · Notched · XY · specimen: Not published (do not assume printed),The text layer prints 23 for Izod impact strength; the optical reading did not find it. Judge the value from the page image.,value
T00096,2,value-check,1,measurements,V004425,,HDT,G082-04,SUNLU PP2.0,R-SUNLU-25182761789529093884,0dfe19aea957140cb70fed1d7b242c960ab7417125668b6f3e0d674024430879,.cache/sources/by-sha/0dfe19aea957140cb70fed1d7b242c960ab7417125668b6f3e0d674024430879.pdf,1,p. 1: 热变形温度(X-Y) Heat Distortion (HDT) ISO 75 0.45 MPa ℃,65 ± 10 ℃ · XY · specimen: Not published (do not assume printed),The text layer prints 10; 65 for HDT; the optical reading did not find it. Judge the value from the page image.,yes
T00097,2,value-check,1b,measurements,V004428,,Density,G082-04,SUNLU PP2.0,R-SUNLU-25182761789529093884,0dfe19aea957140cb70fed1d7b242c960ab7417125668b6f3e0d674024430879,.cache/sources/by-sha/0dfe19aea957140cb70fed1d7b242c960ab7417125668b6f3e0d674024430879.pdf,1,p. 1: 密度 Density ISO 1183 23℃ g/cm3,1.01 g/cm3 · specimen: Not published (density specimen form not explicitly established),The text layer prints 1.01 for Density; the optical reading did not find it. Judge the value from the page image.,value
T00098,2,value-check,1b,measurements,V004429,,Tensile strength (endpoint unspecified),G001-37,SUNLU PLA,R-SUNLU-73632671781747576290,13fac1b4645829b9e1c6f2bc9ef64d57742bdaf9c192f338ecc96cfd0dc93930,.cache/sources/by-sha/13fac1b4645829b9e1c6f2bc9ef64d57742bdaf9c192f338ecc96cfd0dc93930.pdf,1,p. 1: (X-Y) Tensile Strength ISO 527/2 50 mm/min MPa,40 ± 6 MPa · XY · specimen: Printed specimen,The text layer prints 40 for Tensile strength (endpoint unspecified); the optical reading did not find it. Judge the value from the page image.,value
T00099,2,value-check,1b,measurements,V004430,,Elongation at break,G001-37,SUNLU PLA,R-SUNLU-73632671781747576290,13fac1b4645829b9e1c6f2bc9ef64d57742bdaf9c192f338ecc96cfd0dc93930,.cache/sources/by-sha/13fac1b4645829b9e1c6f2bc9ef64d57742bdaf9c192f338ecc96cfd0dc93930.pdf,1,p. 1: (X-Y) Elongation at break ISO 527/2 50 mm/min %,10 ± 5 % · XY · specimen: Printed specimen,The text layer prints 10 for Elongation at break; the optical reading did not find it. Judge the value from the page image.,value
T00100,2,value-check,1b,measurements,V004436,,HDT,G001-37,SUNLU PLA,R-SUNLU-73632671781747576290,13fac1b4645829b9e1c6f2bc9ef64d57742bdaf9c192f338ecc96cfd0dc93930,.cache/sources/by-sha/13fac1b4645829b9e1c6f2bc9ef64d57742bdaf9c192f338ecc96cfd0dc93930.pdf,1,p. 1: (X-Y) Heat Distortion (HDT) ISO 75 0.45 MPa ℃,55 ± 5 ℃ · XY · specimen: Printed specimen,The text layer prints 55 for HDT; the optical reading did not find it. Judge the value from the page image.,value
T00101,2,value-check,1b,measurements,V004437,,Glass transition temperature,G001-37,SUNLU PLA,R-SUNLU-73632671781747576290,13fac1b4645829b9e1c6f2bc9ef64d57742bdaf9c192f338ecc96cfd0dc93930,.cache/sources/by-sha/13fac1b4645829b9e1c6f2bc9ef64d57742bdaf9c192f338ecc96cfd0dc93930.pdf,1,p. 1: Glass Transition (Tg) ISO 11357-2 10 ℃/min ℃,63 ℃ · specimen: Printed specimen,The text layer prints 63 for Glass transition temperature; the optical reading did not find it. Judge the value from the page image.,value
T00102,2,value-check,1b,measurements,V004441,,Density,G001-37,SUNLU PLA,R-SUNLU-73632671781747576290,13fac1b4645829b9e1c6f2bc9ef64d57742bdaf9c192f338ecc96cfd0dc93930,.cache/sources/by-sha/13fac1b4645829b9e1c6f2bc9ef64d57742bdaf9c192f338ecc96cfd0dc93930.pdf,1,p. 1: Density ISO 1183 23℃ g/cm3,1.23 g/cm3 · specimen: Not published (density specimen form not explicitly established),The text layer prints 1.23 for Density; the optical reading did not find it. Judge the value from the page image.,value
T00103,2,value-check,1b,measurements,V004446,,Izod impact strength,G001-143,SUNLU PLA+2.0,R-SUNLU-65301701781747847057,1833d0910da27075d9dac2c44b60fc051786197a25d9ef8b0688d59fbf7e284b,.cache/sources/by-sha/1833d0910da27075d9dac2c44b60fc051786197a25d9ef8b0688d59fbf7e284b.pdf,1,p. 1: (X-Y) Izod Impact Strength of Notched ISO 180 23℃ KJ/m2 Specimen,10 ± 3 KJ/m2 · Notched · XY · specimen: Printed specimen,The text layer prints 10 for Izod impact strength; the optical reading did not find it. Judge the value from the page image.,value
T00104,2,value-check,1b,measurements,V004454,,Density,G001-143,SUNLU PLA+2.0,R-SUNLU-65301701781747847057,1833d0910da27075d9dac2c44b60fc051786197a25d9ef8b0688d59fbf7e284b,.cache/sources/by-sha/1833d0910da27075d9dac2c44b60fc051786197a25d9ef8b0688d59fbf7e284b.pdf,1,p. 1: Density ISO 1183 23℃ g/cm3,1.21 g/cm3 · specimen: Not published (density specimen form not explicitly established),The text layer prints 1.21 for Density; the optical reading did not find it. Judge the value from the page image.,value
T00105,2,value-check,1b,measurements,V004455,,Tensile strength (endpoint unspecified),G028-04,SUNLU ABS-GF,R-SUNLU-b74bf860-1989-443e-b917-58f7a97096a0,1a67c0c36fede8858a68ec18d3c07b0b56506a8efc26cfcef7259509829fd5b7,.cache/sources/by-sha/1a67c0c36fede8858a68ec18d3c07b0b56506a8efc26cfcef7259509829fd5b7.pdf,1,p. 1: (X-Y) Tensile Strength ISO 527/2 50 mm/min MPa,55 ± 5 MPa · XY · specimen: Printed specimen,The text layer prints 55 for Tensile strength (endpoint unspecified); the optical reading did not find it. Judge the value from the page image.,value
T00106,2,value-check,1b,measurements,V004456,,Elongation at break,G028-04,SUNLU ABS-GF,R-SUNLU-b74bf860-1989-443e-b917-58f7a97096a0,1a67c0c36fede8858a68ec18d3c07b0b56506a8efc26cfcef7259509829fd5b7,.cache/sources/by-sha/1a67c0c36fede8858a68ec18d3c07b0b56506a8efc26cfcef7259509829fd5b7.pdf,1,p. 1: (X-Y) Elongation at break ISO 527/2 50 mm/min %,10 ± 2 % · XY · specimen: Printed specimen,The text layer prints 10 for Elongation at break; the optical reading did not find it. Judge the value from the page image.,value
T00107,2,value-check,1,measurements,V004462,,HDT,G028-04,SUNLU ABS-GF,R-SUNLU-b74bf860-1989-443e-b917-58f7a97096a0,1a67c0c36fede8858a68ec18d3c07b0b56506a8efc26cfcef7259509829fd5b7,.cache/sources/by-sha/1a67c0c36fede8858a68ec18d3c07b0b56506a8efc26cfcef7259509829fd5b7.pdf,1,p. 1: (X-Y) Heat Distortion (HDT) ISO 75 0.45 MPa ℃,100 ± 5 ℃ · XY · specimen: Printed specimen,The text layer prints 100 for HDT; the optical reading did not find it. Judge the value from the page image.,yes
T00108,2,value-check,1b,measurements,V004463,,Glass transition temperature,G028-04,SUNLU ABS-GF,R-SUNLU-b74bf860-1989-443e-b917-58f7a97096a0,1a67c0c36fede8858a68ec18d3c07b0b56506a8efc26cfcef7259509829fd5b7,.cache/sources/by-sha/1a67c0c36fede8858a68ec18d3c07b0b56506a8efc26cfcef7259509829fd5b7.pdf,1,p. 1: Glass Transition (Tg) ISO 11357-2 10 ℃/min ℃,135 ℃ · specimen: Printed specimen,The text layer prints 135 for Glass transition temperature; the optical reading did not find it. Judge the value from the page image.,value
T00109,2,value-check,1b,measurements,V004467,,Density,G028-04,SUNLU ABS-GF,R-SUNLU-b74bf860-1989-443e-b917-58f7a97096a0,1a67c0c36fede8858a68ec18d3c07b0b56506a8efc26cfcef7259509829fd5b7,.cache/sources/by-sha/1a67c0c36fede8858a68ec18d3c07b0b56506a8efc26cfcef7259509829fd5b7.pdf,1,p. 1: Density ISO 1183 23℃ g/cm3,1.016 ± 0.01 g/cm3 · specimen: Not published (density specimen form not explicitly established),The text layer prints 0.01; 1.016 for Density; the optical reading did not find it. Judge the value from the page image.,value
T00110,2,value-check,1b,measurements,V004468,,Tensile strength (endpoint unspecified),G039-18,SUNLU TPU 90A,R-SUNLU-c7dd1bd8-a2c5-4908-bc1c-479ca23cbd3b,1ec4d5c2bee6bfc2d7bc7b600cc80447fcdcec70391a4c77be4d8a1b402efda9,.cache/sources/by-sha/1ec4d5c2bee6bfc2d7bc7b600cc80447fcdcec70391a4c77be4d8a1b402efda9.pdf,1,p. 1: (X-Y) Tensile Strength ISO 527/2 50 mm/min MPa,30 ± 3 MPa · XY · specimen: Printed specimen,The text layer prints 30 for Tensile strength (endpoint unspecified); the optical reading did not find it. Judge the value from the page image.,value
T00111,2,value-check,1,measurements,V004469,,Elongation at break,G039-18,SUNLU TPU 90A,R-SUNLU-c7dd1bd8-a2c5-4908-bc1c-479ca23cbd3b,1ec4d5c2bee6bfc2d7bc7b600cc80447fcdcec70391a4c77be4d8a1b402efda9,.cache/sources/by-sha/1ec4d5c2bee6bfc2d7bc7b600cc80447fcdcec70391a4c77be4d8a1b402efda9.pdf,1,p. 1: (X-Y) Elongation at break ISO 527/2 50 mm/min %,1000 % · XY · specimen: Printed specimen,The text layer prints 1000 for Elongation at break; the optical reading did not find it. Judge the value from the page image.,yes
T00112,2,value-check,1b,measurements,V004473,,Density,G039-18,SUNLU TPU 90A,R-SUNLU-c7dd1bd8-a2c5-4908-bc1c-479ca23cbd3b,1ec4d5c2bee6bfc2d7bc7b600cc80447fcdcec70391a4c77be4d8a1b402efda9,.cache/sources/by-sha/1ec4d5c2bee6bfc2d7bc7b600cc80447fcdcec70391a4c77be4d8a1b402efda9.pdf,1,p. 1: Density ISO 1183 23℃ g/cm3,1.17 ± 0.02 g/cm3 · specimen: Not published (density specimen form not explicitly established),The text layer prints 0.02; 1.17 for Density; the optical reading did not find it. Judge the value from the page image.,value
T00113,2,value-check,1b,measurements,V004474,,Tensile strength (endpoint unspecified),G094-04,SUNLU PC/ABS,R-SUNLU-d7bcafe0-f102-4dcb-a87a-59f458f0358d,21631f3193d547ef693726f70be5bb36c3abb385b3978470832bbb89e430593b,.cache/sources/by-sha/21631f3193d547ef693726f70be5bb36c3abb385b3978470832bbb89e430593b.pdf,1,p. 1: (X-Y) Tensile Strength ISO 527/2 50 mm/min MPa,38 ± 3 MPa · XY · specimen: Printed specimen,The text layer prints 38 for Tensile strength (endpoint unspecified); the optical reading did not find it. Judge the value from the page image.,value
T00114,2,value-check,1b,measurements,V004478,,Izod impact strength,G094-04,SUNLU PC/ABS,R-SUNLU-d7bcafe0-f102-4dcb-a87a-59f458f0358d,21631f3193d547ef693726f70be5bb36c3abb385b3978470832bbb89e430593b,.cache/sources/by-sha/21631f3193d547ef693726f70be5bb36c3abb385b3978470832bbb89e430593b.pdf,1,p. 1: (X-Y) Izod Impact Strength of Notched ISO 180 23℃ KJ/m2 Specimen,15 ± 3 KJ/m2 · Notched · XY · specimen: Printed specimen,The text layer prints 15 for Izod impact strength; the optical reading did not find it. Judge the value from the page image.,value
T00115,2,value-check,1,measurements,V004480,,HDT,G094-04,SUNLU PC/ABS,R-SUNLU-d7bcafe0-f102-4dcb-a87a-59f458f0358d,21631f3193d547ef693726f70be5bb36c3abb385b3978470832bbb89e430593b,.cache/sources/by-sha/21631f3193d547ef693726f70be5bb36c3abb385b3978470832bbb89e430593b.pdf,1,p. 1: (X-Y) Heat Distortion (HDT) ISO 75 0.45 MPa ℃,102 ± 2 ℃ · XY · specimen: Printed specimen,The text layer prints 102 for HDT; the optical reading did not find it. Judge the value from the page image.,yes
T00116,2,value-check,1b,measurements,V004481,,Glass transition temperature,G094-04,SUNLU PC/ABS,R-SUNLU-d7bcafe0-f102-4dcb-a87a-59f458f0358d,21631f3193d547ef693726f70be5bb36c3abb385b3978470832bbb89e430593b,.cache/sources/by-sha/21631f3193d547ef693726f70be5bb36c3abb385b3978470832bbb89e430593b.pdf,1,p. 1: Glass Transition (Tg) ISO 11357-2 10 ℃/min ℃,106 ℃ · specimen: Printed specimen,The text layer prints 106 for Glass transition temperature; the optical reading did not find it. Judge the value from the page image.,value
T00117,2,value-check,1b,measurements,V004483,,Density,G094-04,SUNLU PC/ABS,R-SUNLU-d7bcafe0-f102-4dcb-a87a-59f458f0358d,21631f3193d547ef693726f70be5bb36c3abb385b3978470832bbb89e430593b,.cache/sources/by-sha/21631f3193d547ef693726f70be5bb36c3abb385b3978470832bbb89e430593b.pdf,1,p. 1: Density ISO 1183 23℃ g/cm3,1.081 g/cm3 · specimen: Not published (density specimen form not explicitly established),The text layer prints 1.081 for Density; the optical reading did not find it. Judge the value from the page image.,value
T00118,2,value-check,1b,measurements,V004484,,Tensile strength (endpoint unspecified),G001-38,SUNLU High Speed PLA,R-SUNLU-b129fd4c-7d50-46be-874e-84e0bb6ff1ae,27059e4a61a2cb5e477d38e5550858d29ffe3c54ac7d6123ef5e1f29c25cc3ce,.cache/sources/by-sha/27059e4a61a2cb5e477d38e5550858d29ffe3c54ac7d6123ef5e1f29c25cc3ce.pdf,1,p. 1: (X-Y) Tensile Strength ISO 527/2 50 mm/min MPa,39 ± 5 MPa · XY · specimen: Printed specimen,The text layer prints 39 for Tensile strength (endpoint unspecified); the optical reading did not find it. Judge the value from the page image.,value
T00119,2,value-check,1b,measurements,V004485,,Elongation at break,G001-38,SUNLU High Speed PLA,R-SUNLU-b129fd4c-7d50-46be-874e-84e0bb6ff1ae,27059e4a61a2cb5e477d38e5550858d29ffe3c54ac7d6123ef5e1f29c25cc3ce,.cache/sources/by-sha/27059e4a61a2cb5e477d38e5550858d29ffe3c54ac7d6123ef5e1f29c25cc3ce.pdf,1,p. 1: (X-Y) Elongation at break ISO 527/2 50 mm/min %,12 ± 4 % · XY · specimen: Printed specimen,The text layer prints 12 for Elongation at break; the optical reading did not find it. Judge the value from the page image.,value
T00120,2,value-check,1b,measurements,V004488,,Izod impact strength,G001-38,SUNLU High Speed PLA,R-SUNLU-b129fd4c-7d50-46be-874e-84e0bb6ff1ae,27059e4a61a2cb5e477d38e5550858d29ffe3c54ac7d6123ef5e1f29c25cc3ce,.cache/sources/by-sha/27059e4a61a2cb5e477d38e5550858d29ffe3c54ac7d6123ef5e1f29c25cc3ce.pdf,1,p. 1: (X-Y) Izod Impact Strength of Notched ISO 180 23℃ KJ/m2 Specimen,4.5 ± 2 KJ/m2 · Notched · XY · specimen: Printed specimen,The text layer prints 4.5 for Izod impact strength; the optical reading did not find it. Judge the value from the page image.,value
T00121,2,value-check,1b,measurements,V004491,,HDT,G001-38,SUNLU High Speed PLA,R-SUNLU-b129fd4c-7d50-46be-874e-84e0bb6ff1ae,27059e4a61a2cb5e477d38e5550858d29ffe3c54ac7d6123ef5e1f29c25cc3ce,.cache/sources/by-sha/27059e4a61a2cb5e477d38e5550858d29ffe3c54ac7d6123ef5e1f29c25cc3ce.pdf,1,p. 1: (X-Y) Heat Distortion (HDT) ISO 75 0.45 MPa ℃,57 ± 4 ℃ · XY · specimen: Printed specimen,The text layer prints 57 for HDT; the optical reading did not find it. Judge the value from the page image.,value
T00122,2,value-check,1b,measurements,V004492,,Glass transition temperature,G001-38,SUNLU High Speed PLA,R-SUNLU-b129fd4c-7d50-46be-874e-84e0bb6ff1ae,27059e4a61a2cb5e477d38e5550858d29ffe3c54ac7d6123ef5e1f29c25cc3ce,.cache/sources/by-sha/27059e4a61a2cb5e477d38e5550858d29ffe3c54ac7d6123ef5e1f29c25cc3ce.pdf,1,p. 1: Glass Transition (Tg) ISO 11357-2 10 ℃/min ℃,67.2 ℃ · specimen: Printed specimen,The text layer prints 67.2 for Glass transition temperature; the optical reading did not find it. Judge the value from the page image.,value
T00123,2,value-check,1b,measurements,V004496,,Density,G001-38,SUNLU High Speed PLA,R-SUNLU-b129fd4c-7d50-46be-874e-84e0bb6ff1ae,27059e4a61a2cb5e477d38e5550858d29ffe3c54ac7d6123ef5e1f29c25cc3ce,.cache/sources/by-sha/27059e4a61a2cb5e477d38e5550858d29ffe3c54ac7d6123ef5e1f29c25cc3ce.pdf,1,p. 1: Density ISO 1183 23℃ g/cm3,1.28 g/cm3 · specimen: Not published (density specimen form not explicitly established),The text layer prints 1.28 for Density; the optical reading did not find it. Judge the value from the page image.,value
T00124,2,value-check,1b,measurements,V004497,,Tensile strength (endpoint unspecified),G053-05,SUNLU PA12-CF,R-SUNLU-93d827f4-50e9-45b4-8b24-bf5ddaf8273f,2b8c38d54f96f102c76f6bc596f5a067fe4911d744ed79b468f467e8e9605280,.cache/sources/by-sha/2b8c38d54f96f102c76f6bc596f5a067fe4911d744ed79b468f467e8e9605280.pdf,1,p. 1: (X-Y) Tensile Strength ISO 527/2 50 mm/min MPa,86 ± 6 MPa · XY · specimen: Printed specimen,The text layer prints 86 for Tensile strength (endpoint unspecified); the optical reading did not find it. Judge the value from the page image.,value
T00125,2,value-check,1b,measurements,V004498,,Elongation at break,G053-05,SUNLU PA12-CF,R-SUNLU-93d827f4-50e9-45b4-8b24-bf5ddaf8273f,2b8c38d54f96f102c76f6bc596f5a067fe4911d744ed79b468f467e8e9605280,.cache/sources/by-sha/2b8c38d54f96f102c76f6bc596f5a067fe4911d744ed79b468f467e8e9605280.pdf,1,p. 1: (X-Y) Elongation at break ISO 527/2 50 mm/min %,13.7 ± 2.5 % · XY · specimen: Printed specimen,The text layer prints 13.7; 2.5 for Elongation at break; the optical reading did not find it. Judge the value from the page image.,value
T00126,2,value-check,1b,measurements,V004501,,Izod impact strength,G053-05,SUNLU PA12-CF,R-SUNLU-93d827f4-50e9-45b4-8b24-bf5ddaf8273f,2b8c38d54f96f102c76f6bc596f5a067fe4911d744ed79b468f467e8e9605280,.cache/sources/by-sha/2b8c38d54f96f102c76f6bc596f5a067fe4911d744ed79b468f467e8e9605280.pdf,1,p. 1: (X-Y) Izod Impact Strength of Notched ISO 180 23℃ KJ/m2 Specimen,11.3 ± 2.5 KJ/m2 · Notched · XY · specimen: Printed specimen,The text layer prints 11.3; 2.5 for Izod impact strength; the optical reading did not find it. Judge the value from the page image.,value
T00127,2,value-check,1,measurements,V004504,,HDT,G053-05,SUNLU PA12-CF,R-SUNLU-93d827f4-50e9-45b4-8b24-bf5ddaf8273f,2b8c38d54f96f102c76f6bc596f5a067fe4911d744ed79b468f467e8e9605280,.cache/sources/by-sha/2b8c38d54f96f102c76f6bc596f5a067fe4911d744ed79b468f467e8e9605280.pdf,1,p. 1: (X-Y) Heat Distortion (HDT) ISO 75 0.45 MPa ℃,175 ± 3 ℃ · XY · specimen: Printed specimen,The text layer prints 175 for HDT; the optical reading did not find it. Judge the value from the page image.,yes
T00128,2,value-check,1b,measurements,V004505,,Glass transition temperature,G053-05,SUNLU PA12-CF,R-SUNLU-93d827f4-50e9-45b4-8b24-bf5ddaf8273f,2b8c38d54f96f102c76f6bc596f5a067fe4911d744ed79b468f467e8e9605280,.cache/sources/by-sha/2b8c38d54f96f102c76f6bc596f5a067fe4911d744ed79b468f467e8e9605280.pdf,1,p. 1: Glass Transition (Tg) ISO 11357-2 10 ℃/min ℃,99 ℃ · specimen: Printed specimen,The text layer prints 99 for Glass transition temperature; the optical reading did not find it. Judge the value from the page image.,value
T00129,2,value-check,1b,measurements,V004508,,Density,G053-05,SUNLU PA12-CF,R-SUNLU-93d827f4-50e9-45b4-8b24-bf5ddaf8273f,2b8c38d54f96f102c76f6bc596f5a067fe4911d744ed79b468f467e8e9605280,.cache/sources/by-sha/2b8c38d54f96f102c76f6bc596f5a067fe4911d744ed79b468f467e8e9605280.pdf,1,p. 1: Density ISO 1183 23℃ g/cm3,1.08 g/cm3 · specimen: Not published (density specimen form not explicitly established),The text layer prints 1.08 for Density; the optical reading did not find it. Judge the value from the page image.,value
T00130,2,value-check,1b,measurements,V004509,,Tensile strength (endpoint unspecified),G017-05,SUNLU PLA-LW,R-SUNLU-23d648ce-7d03-45e3-a5db-ff13dda26c5d,36cc3d5f082a77cc0d12b3d94e8eca2073f826a3683797410f08e2724cfe1e58,.cache/sources/by-sha/36cc3d5f082a77cc0d12b3d94e8eca2073f826a3683797410f08e2724cfe1e58.pdf,1,p. 1: (X-Y) Tensile Strength ISO 527/2 50 mm/min MPa,20 MPa · XY · specimen: Printed specimen,The text layer prints 20 for Tensile strength (endpoint unspecified); the optical reading did not find it. Judge the value from the page image.,value
T00131,2,value-check,1,measurements,V004510,,Tensile modulus,G017-05,SUNLU PLA-LW,R-SUNLU-23d648ce-7d03-45e3-a5db-ff13dda26c5d,36cc3d5f082a77cc0d12b3d94e8eca2073f826a3683797410f08e2724cfe1e58,.cache/sources/by-sha/36cc3d5f082a77cc0d12b3d94e8eca2073f826a3683797410f08e2724cfe1e58.pdf,1,p. 1: (X-Y) Young’s Modulus ISO 527/2 1 mm/min MPa,3100 MPa · XY · specimen: Printed specimen,The text layer prints 3100 for Tensile modulus; the optical reading did not find it. Judge the value from the page image.,yes
T00132,2,value-check,1b,measurements,V004511,,Elongation at break,G017-05,SUNLU PLA-LW,R-SUNLU-23d648ce-7d03-45e3-a5db-ff13dda26c5d,36cc3d5f082a77cc0d12b3d94e8eca2073f826a3683797410f08e2724cfe1e58,.cache/sources/by-sha/36cc3d5f082a77cc0d12b3d94e8eca2073f826a3683797410f08e2724cfe1e58.pdf,1,p. 1: (X-Y) Elongation at break ISO 527/2 50 mm/min %,15 % · XY · specimen: Printed specimen,The text layer prints 15 for Elongation at break; the optical reading did not find it. Judge the value from the page image.,value
T00133,2,value-check,1b,measurements,V004514,,Izod impact strength,G017-05,SUNLU PLA-LW,R-SUNLU-23d648ce-7d03-45e3-a5db-ff13dda26c5d,36cc3d5f082a77cc0d12b3d94e8eca2073f826a3683797410f08e2724cfe1e58,.cache/sources/by-sha/36cc3d5f082a77cc0d12b3d94e8eca2073f826a3683797410f08e2724cfe1e58.pdf,1,p. 1: (X-Y) Izod Impact Strength of Notched ISO 180 23℃ KJ/m2 Specimen,2.5 KJ/m2 · Notched · XY · specimen: Printed specimen,The text layer prints 2.5 for Izod impact strength; the optical reading did not find it. Judge the value from the page image.,value
T00134,2,value-check,1b,measurements,V004517,,HDT,G017-05,SUNLU PLA-LW,R-SUNLU-23d648ce-7d03-45e3-a5db-ff13dda26c5d,36cc3d5f082a77cc0d12b3d94e8eca2073f826a3683797410f08e2724cfe1e58,.cache/sources/by-sha/36cc3d5f082a77cc0d12b3d94e8eca2073f826a3683797410f08e2724cfe1e58.pdf,1,p. 1: (X-Y) Heat Distortion (HDT) ISO 75 0.45 MPa ℃,52 ℃ · XY · specimen: Printed specimen,The text layer prints 52 for HDT; the optical reading did not find it. Judge the value from the page image.,value
T00135,2,value-check,1b,measurements,V004518,,Glass transition temperature,G017-05,SUNLU PLA-LW,R-SUNLU-23d648ce-7d03-45e3-a5db-ff13dda26c5d,36cc3d5f082a77cc0d12b3d94e8eca2073f826a3683797410f08e2724cfe1e58,.cache/sources/by-sha/36cc3d5f082a77cc0d12b3d94e8eca2073f826a3683797410f08e2724cfe1e58.pdf,1,p. 1: Glass Transition (Tg) ISO 11357-2 10 ℃/min ℃,63 ℃ · specimen: Printed specimen,The text layer prints 63 for Glass transition temperature; the optical reading did not find it. Judge the value from the page image.,value
T00136,2,value-check,1,measurements,V004522,,Density,G017-05,SUNLU PLA-LW,R-SUNLU-23d648ce-7d03-45e3-a5db-ff13dda26c5d,36cc3d5f082a77cc0d12b3d94e8eca2073f826a3683797410f08e2724cfe1e58,.cache/sources/by-sha/36cc3d5f082a77cc0d12b3d94e8eca2073f826a3683797410f08e2724cfe1e58.pdf,1,p. 1: Density ISO 1183 23℃ g/cm3,0.84 g/cm3 · specimen: Not published (density specimen form not explicitly established),The text layer prints 0.84 for Density; the optical reading did not find it. Judge the value from the page image.,yes
T00137,2,value-check,1b,measurements,V004523,,Tensile strength (endpoint unspecified),G050-06,SUNLU PA6-CF,R-SUNLU-68c0ccf4-9059-4b50-ad40-95ba3634f0ae,3c9552022e6281990e72561484cc4c5fd85b5c04118df1d501c453dea22394e5,.cache/sources/by-sha/3c9552022e6281990e72561484cc4c5fd85b5c04118df1d501c453dea22394e5.pdf,1,p. 1: (X-Y) Tensile Strength ISO 527/2 50 mm/min MPa,112 ± 10 MPa · XY · specimen: Printed specimen,The text layer prints 10; 112 for Tensile strength (endpoint unspecified); the optical reading did not find it. Judge the value from the page image.,value
T00138,2,value-check,1b,measurements,V004524,,Elongation at break,G050-06,SUNLU PA6-CF,R-SUNLU-68c0ccf4-9059-4b50-ad40-95ba3634f0ae,3c9552022e6281990e72561484cc4c5fd85b5c04118df1d501c453dea22394e5,.cache/sources/by-sha/3c9552022e6281990e72561484cc4c5fd85b5c04118df1d501c453dea22394e5.pdf,1,p. 1: (X-Y) Elongation at break ISO 527/2 50 mm/min %,12 ± 3 % · XY · specimen: Printed specimen,The text layer prints 12 for Elongation at break; the optical reading did not find it. Judge the value from the page image.,value
T00139,2,value-check,1b,measurements,V004527,,Izod impact strength,G050-06,SUNLU PA6-CF,R-SUNLU-68c0ccf4-9059-4b50-ad40-95ba3634f0ae,3c9552022e6281990e72561484cc4c5fd85b5c04118df1d501c453dea22394e5,.cache/sources/by-sha/3c9552022e6281990e72561484cc4c5fd85b5c04118df1d501c453dea22394e5.pdf,1,p. 1: (X-Y) Izod Impact Strength of Notched ISO 180 23℃ KJ/m2 Specimen,6.5 ± 2 KJ/m2 · Notched · XY · specimen: Printed specimen,The text layer prints 6.5 for Izod impact strength; the optical reading did not find it. Judge the value from the page image.,value
T00140,2,value-check,1,measurements,V004530,,HDT,G050-06,SUNLU PA6-CF,R-SUNLU-68c0ccf4-9059-4b50-ad40-95ba3634f0ae,3c9552022e6281990e72561484cc4c5fd85b5c04118df1d501c453dea22394e5,.cache/sources/by-sha/3c9552022e6281990e72561484cc4c5fd85b5c04118df1d501c453dea22394e5.pdf,1,p. 1: (X-Y) Heat Distortion (HDT) ISO 75 0.45 MPa ℃,203 ± 3 ℃ · XY · specimen: Printed specimen,The text layer prints 203 for HDT; the optical reading did not find it. Judge the value from the page image.,yes
T00141,2,value-check,1b,measurements,V004531,,Glass transition temperature,G050-06,SUNLU PA6-CF,R-SUNLU-68c0ccf4-9059-4b50-ad40-95ba3634f0ae,3c9552022e6281990e72561484cc4c5fd85b5c04118df1d501c453dea22394e5,.cache/sources/by-sha/3c9552022e6281990e72561484cc4c5fd85b5c04118df1d501c453dea22394e5.pdf,1,p. 1: Glass Transition (Tg) ISO 11357-2 10 ℃/min ℃,65 ℃ · specimen: Printed specimen,The text layer prints 65 for Glass transition temperature; the optical reading did not find it. Judge the value from the page image.,value
T00142,2,value-check,1b,measurements,V004534,,Density,G050-06,SUNLU PA6-CF,R-SUNLU-68c0ccf4-9059-4b50-ad40-95ba3634f0ae,3c9552022e6281990e72561484cc4c5fd85b5c04118df1d501c453dea22394e5,.cache/sources/by-sha/3c9552022e6281990e72561484cc4c5fd85b5c04118df1d501c453dea22394e5.pdf,1,p. 1: Density ISO 1183 23℃ g/cm3,1.12 g/cm3 · specimen: Not published (density specimen form not explicitly established),The text layer prints 1.12 for Density; the optical reading did not find it. Judge the value from the page image.,value
T00143,2,value-check,1b,measurements,V004535,,Tensile strength (endpoint unspecified),G097-03,SUNLU PEEK,R-SUNLU-ddb6b06d-707f-4226-9c00-cc16ef778873,46e1cfb74e3b80b8db8fecc25c6eeb0d5db034009000ae35ba5c6f47dca1c2dd,.cache/sources/by-sha/46e1cfb74e3b80b8db8fecc25c6eeb0d5db034009000ae35ba5c6f47dca1c2dd.pdf,1,p. 1: (X-Y) Tensile Strength ISO 527/2 50 mm/min MPa,77 MPa · XY · specimen: Printed specimen,The text layer prints 77 for Tensile strength (endpoint unspecified); the optical reading did not find it. Judge the value from the page image.,value
T00144,2,value-check,1b,measurements,V004536,,Elongation at break,G097-03,SUNLU PEEK,R-SUNLU-ddb6b06d-707f-4226-9c00-cc16ef778873,46e1cfb74e3b80b8db8fecc25c6eeb0d5db034009000ae35ba5c6f47dca1c2dd,.cache/sources/by-sha/46e1cfb74e3b80b8db8fecc25c6eeb0d5db034009000ae35ba5c6f47dca1c2dd.pdf,1,p. 1: (X-Y) Elongation at break ISO 527/2 50 mm/min %,21 % · XY · specimen: Printed specimen,The text layer prints 21 for Elongation at break; the optical reading did not find it. Judge the value from the page image.,value
T00145,2,value-check,1b,measurements,V004541,,HDT,G097-03,SUNLU PEEK,R-SUNLU-ddb6b06d-707f-4226-9c00-cc16ef778873,46e1cfb74e3b80b8db8fecc25c6eeb0d5db034009000ae35ba5c6f47dca1c2dd,.cache/sources/by-sha/46e1cfb74e3b80b8db8fecc25c6eeb0d5db034009000ae35ba5c6f47dca1c2dd.pdf,1,p. 1: (X-Y) Heat Distortion (HDT) ISO 75 0.45 MPa ℃,147 ℃ · XY · specimen: Printed specimen,The text layer prints 147 for HDT; the optical reading did not find it. Judge the value from the page image.,value
T00146,2,value-check,1b,measurements,V004542,,Glass transition temperature,G097-03,SUNLU PEEK,R-SUNLU-ddb6b06d-707f-4226-9c00-cc16ef778873,46e1cfb74e3b80b8db8fecc25c6eeb0d5db034009000ae35ba5c6f47dca1c2dd,.cache/sources/by-sha/46e1cfb74e3b80b8db8fecc25c6eeb0d5db034009000ae35ba5c6f47dca1c2dd.pdf,1,p. 1: Glass Transition (Tg) ISO 11357-2 10 ℃/min ℃,143 ℃ · specimen: Printed specimen,The text layer prints 143 for Glass transition temperature; the optical reading did not find it. Judge the value from the page image.,value
T00147,2,value-check,1b,measurements,V004545,,Density,G097-03,SUNLU PEEK,R-SUNLU-ddb6b06d-707f-4226-9c00-cc16ef778873,46e1cfb74e3b80b8db8fecc25c6eeb0d5db034009000ae35ba5c6f47dca1c2dd,.cache/sources/by-sha/46e1cfb74e3b80b8db8fecc25c6eeb0d5db034009000ae35ba5c6f47dca1c2dd.pdf,1,p. 1: Density ISO 1183 23℃ g/cm3,1.1965 g/cm3 · specimen: Not published (density specimen form not explicitly established),The text layer prints 1.1965 for Density; the optical reading did not find it. Judge the value from the page image.,value
T00148,2,value-check,1b,measurements,V004546,,Tensile strength (endpoint unspecified),G027-12,SUNLU High Speed ABS,R-SUNLU-ef443c43-b15b-4242-8884-dcce385e8f02,471ccb741b6a86c31d6c2f1f86011cb0845b9856a5900b80931559b800bea6a7,.cache/sources/by-sha/471ccb741b6a86c31d6c2f1f86011cb0845b9856a5900b80931559b800bea6a7.pdf,1,p. 1: (X-Y) Tensile Strength ISO 527/2 50 mm/min MPa,35 ± 5 MPa · XY · specimen: Printed specimen,The text layer prints 35 for Tensile strength (endpoint unspecified); the optical reading did not find it. Judge the value from the page image.,value
T00149,2,value-check,1b,measurements,V004547,,Elongation at break,G027-12,SUNLU High Speed ABS,R-SUNLU-ef443c43-b15b-4242-8884-dcce385e8f02,471ccb741b6a86c31d6c2f1f86011cb0845b9856a5900b80931559b800bea6a7,.cache/sources/by-sha/471ccb741b6a86c31d6c2f1f86011cb0845b9856a5900b80931559b800bea6a7.pdf,1,p. 1: (X-Y) Elongation at break ISO 527/2 50 mm/min %,10 ± 3 % · XY · specimen: Printed specimen,The text layer prints 10 for Elongation at break; the optical reading did not find it. Judge the value from the page image.,value
T00150,2,value-check,1b,measurements,V004550,,Izod impact strength,G027-12,SUNLU High Speed ABS,R-SUNLU-ef443c43-b15b-4242-8884-dcce385e8f02,471ccb741b6a86c31d6c2f1f86011cb0845b9856a5900b80931559b800bea6a7,.cache/sources/by-sha/471ccb741b6a86c31d6c2f1f86011cb0845b9856a5900b80931559b800bea6a7.pdf,1,p. 1: (X-Y) Izod Impact Strength of Notched ISO 180 23℃ KJ/m2 Specimen,10 ± 3 KJ/m2 · Notched · XY · specimen: Printed specimen,The text layer prints 10 for Izod impact strength; the optical reading did not find it. Judge the value from the page image.,value
T00151,2,value-check,1,measurements,V004553,,HDT,G027-12,SUNLU High Speed ABS,R-SUNLU-ef443c43-b15b-4242-8884-dcce385e8f02,471ccb741b6a86c31d6c2f1f86011cb0845b9856a5900b80931559b800bea6a7,.cache/sources/by-sha/471ccb741b6a86c31d6c2f1f86011cb0845b9856a5900b80931559b800bea6a7.pdf,1,p. 1: (X-Y) Heat Distortion (HDT) ISO 75 0.45 MPa ℃,93 ± 3 ℃ · XY · specimen: Printed specimen,The text layer prints 93 for HDT; the optical reading did not find it. Judge the value from the page image.,yes
T00152,2,value-check,1b,measurements,V004554,,Glass transition temperature,G027-12,SUNLU High Speed ABS,R-SUNLU-ef443c43-b15b-4242-8884-dcce385e8f02,471ccb741b6a86c31d6c2f1f86011cb0845b9856a5900b80931559b800bea6a7,.cache/sources/by-sha/471ccb741b6a86c31d6c2f1f86011cb0845b9856a5900b80931559b800bea6a7.pdf,1,p. 1: Glass Transition (Tg) ISO 11357-2 10 ℃/min ℃,105 ℃ · specimen: Printed specimen,The text layer prints 105 for Glass transition temperature; the optical reading did not find it. Judge the value from the page image.,value
T00153,2,value-check,1b,measurements,V004558,,Density,G027-12,SUNLU High Speed ABS,R-SUNLU-ef443c43-b15b-4242-8884-dcce385e8f02,471ccb741b6a86c31d6c2f1f86011cb0845b9856a5900b80931559b800bea6a7,.cache/sources/by-sha/471ccb741b6a86c31d6c2f1f86011cb0845b9856a5900b80931559b800bea6a7.pdf,1,p. 1: Density ISO 1183 23℃ g/cm3,1.046 ± 0.01 g/cm3 · specimen: Not published (density specimen form not explicitly established),The text layer prints 0.01; 1.046 for Density; the optical reading did not find it. Judge the value from the page image.,value
T00154,2,value-check,1b,measurements,V004559,,Tensile strength (endpoint unspecified),G027-13,SUNLU ABS,R-SUNLU-499dacc6-a1e4-4f81-b1ae-8bf1b8e424ec,4aeab9573571c5a150fa5cab17b2f4908da369ba66dd7f0969780402dffc31c3,.cache/sources/by-sha/4aeab9573571c5a150fa5cab17b2f4908da369ba66dd7f0969780402dffc31c3.pdf,1,p. 1: (X-Y) Tensile Strength ISO 527/2 50 mm/min MPa,35 ± 5 MPa · XY · specimen: Printed specimen,The text layer prints 35 for Tensile strength (endpoint unspecified); the optical reading did not find it. Judge the value from the page image.,value
T00155,2,value-check,1b,measurements,V004560,,Elongation at break,G027-13,SUNLU ABS,R-SUNLU-499dacc6-a1e4-4f81-b1ae-8bf1b8e424ec,4aeab9573571c5a150fa5cab17b2f4908da369ba66dd7f0969780402dffc31c3,.cache/sources/by-sha/4aeab9573571c5a150fa5cab17b2f4908da369ba66dd7f0969780402dffc31c3.pdf,1,p. 1: (X-Y) Elongation at break ISO 527/2 50 mm/min %,10 ± 5 % · XY · specimen: Printed specimen,The text layer prints 10 for Elongation at break; the optical reading did not find it. Judge the value from the page image.,value
T00156,2,value-check,1b,measurements,V004563,,Izod impact strength,G027-13,SUNLU ABS,R-SUNLU-499dacc6-a1e4-4f81-b1ae-8bf1b8e424ec,4aeab9573571c5a150fa5cab17b2f4908da369ba66dd7f0969780402dffc31c3,.cache/sources/by-sha/4aeab9573571c5a150fa5cab17b2f4908da369ba66dd7f0969780402dffc31c3.pdf,1,p. 1: (X-Y) Izod Impact Strength of Notched ISO 180 23℃ KJ/m2 Specimen,15 ± 5 KJ/m2 · Notched · XY · specimen: Printed specimen,The text layer prints 15 for Izod impact strength; the optical reading did not find it. Judge the value from the page image.,value
T00157,2,value-check,1,measurements,V004566,,HDT,G027-13,SUNLU ABS,R-SUNLU-499dacc6-a1e4-4f81-b1ae-8bf1b8e424ec,4aeab9573571c5a150fa5cab17b2f4908da369ba66dd7f0969780402dffc31c3,.cache/sources/by-sha/4aeab9573571c5a150fa5cab17b2f4908da369ba66dd7f0969780402dffc31c3.pdf,1,p. 1: (X-Y) Heat Distortion (HDT) ISO 75 0.45 MPa ℃,95 ± 5 ℃ · XY · specimen: Printed specimen,The text layer prints 95 for HDT; the optical reading did not find it. Judge the value from the page image.,yes
T00158,2,value-check,1b,measurements,V004567,,Glass transition temperature,G027-13,SUNLU ABS,R-SUNLU-499dacc6-a1e4-4f81-b1ae-8bf1b8e424ec,4aeab9573571c5a150fa5cab17b2f4908da369ba66dd7f0969780402dffc31c3,.cache/sources/by-sha/4aeab9573571c5a150fa5cab17b2f4908da369ba66dd7f0969780402dffc31c3.pdf,1,p. 1: Glass Transition (Tg) ISO 11357-2 10 ℃/min ℃,109 ℃ · specimen: Printed specimen,The text layer prints 109 for Glass transition temperature; the optical reading did not find it. Judge the value from the page image.,value
T00159,2,value-check,1b,measurements,V004571,,Density,G027-13,SUNLU ABS,R-SUNLU-499dacc6-a1e4-4f81-b1ae-8bf1b8e424ec,4aeab9573571c5a150fa5cab17b2f4908da369ba66dd7f0969780402dffc31c3,.cache/sources/by-sha/4aeab9573571c5a150fa5cab17b2f4908da369ba66dd7f0969780402dffc31c3.pdf,1,p. 1: Density ISO 1183 23℃ g/cm3,1.02 g/cm3 · specimen: Not published (density specimen form not explicitly established),The text layer prints 1.02 for Density; the optical reading did not find it. Judge the value from the page image.,value
T00160,2,value-check,1b,measurements,V004572,,Tensile strength (endpoint unspecified),G014-03,SUNLU WOOD,R-SUNLU-9ecc53a5-f50a-4687-97fc-fab43b1db35b,5035c913031079675e0ab412045ce105daa5ce7cda3a1780df890068770fc20f,.cache/sources/by-sha/5035c913031079675e0ab412045ce105daa5ce7cda3a1780df890068770fc20f.pdf,1,p. 1: (X-Y) Tensile Strength ISO 527/2 50 mm/min MPa,33 ± 6 MPa · XY · specimen: Printed specimen,The text layer prints 33 for Tensile strength (endpoint unspecified); the optical reading did not find it. Judge the value from the page image.,value
T00161,2,value-check,1b,measurements,V004573,,Elongation at break,G014-03,SUNLU WOOD,R-SUNLU-9ecc53a5-f50a-4687-97fc-fab43b1db35b,5035c913031079675e0ab412045ce105daa5ce7cda3a1780df890068770fc20f,.cache/sources/by-sha/5035c913031079675e0ab412045ce105daa5ce7cda3a1780df890068770fc20f.pdf,1,p. 1: (X-Y) Elongation at break ISO 527/2 50 mm/min %,10 ± 5 % · XY · specimen: Printed specimen,The text layer prints 10 for Elongation at break; the optical reading did not find it. Judge the value from the page image.,value
T00162,2,value-check,1b,measurements,V004579,,HDT,G014-03,SUNLU WOOD,R-SUNLU-9ecc53a5-f50a-4687-97fc-fab43b1db35b,5035c913031079675e0ab412045ce105daa5ce7cda3a1780df890068770fc20f,.cache/sources/by-sha/5035c913031079675e0ab412045ce105daa5ce7cda3a1780df890068770fc20f.pdf,1,p. 1: (X-Y) Heat Distortion (HDT) ISO 75 0.45 MPa ℃,55 ± 3 ℃ · XY · specimen: Printed specimen,The text layer prints 55 for HDT; the optical reading did not find it. Judge the value from the page image.,value
T00163,2,value-check,1b,measurements,V004580,,Glass transition temperature,G014-03,SUNLU WOOD,R-SUNLU-9ecc53a5-f50a-4687-97fc-fab43b1db35b,5035c913031079675e0ab412045ce105daa5ce7cda3a1780df890068770fc20f,.cache/sources/by-sha/5035c913031079675e0ab412045ce105daa5ce7cda3a1780df890068770fc20f.pdf,1,p. 1: Glass Transition (Tg) ISO 11357-2 10 ℃/min ℃,60 ℃ · specimen: Printed specimen,The text layer prints 60 for Glass transition temperature; the optical reading did not find it. Judge the value from the page image.,value
T00164,2,value-check,1b,measurements,V004584,,Density,G014-03,SUNLU WOOD,R-SUNLU-9ecc53a5-f50a-4687-97fc-fab43b1db35b,5035c913031079675e0ab412045ce105daa5ce7cda3a1780df890068770fc20f,.cache/sources/by-sha/5035c913031079675e0ab412045ce105daa5ce7cda3a1780df890068770fc20f.pdf,1,p. 1: Density ISO 1183 23℃ g/cm3,1.17 g/cm3 · specimen: Not published (density specimen form not explicitly established),The text layer prints 1.17 for Density; the optical reading did not find it. Judge the value from the page image.,value
T00165,2,value-check,1b,measurements,V004585,,Tensile strength (endpoint unspecified),G051-06,SUNLU PA6-GF,R-SUNLU-e5f16b43-cef6-4f3e-ad93-3cc86f93f7e4,54370666a35ca1f3fa4b57e8f401e7b8a02be73663391fddee7c820a81fdc419,.cache/sources/by-sha/54370666a35ca1f3fa4b57e8f401e7b8a02be73663391fddee7c820a81fdc419.pdf,1,p. 1: (X-Y) Tensile Strength ISO 527/2 50 mm/min MPa,89 ± 8 MPa · XY · specimen: Printed specimen,The text layer prints 89 for Tensile strength (endpoint unspecified); the optical reading did not find it. Judge the value from the page image.,value
T00166,2,value-check,1b,measurements,V004586,,Elongation at break,G051-06,SUNLU PA6-GF,R-SUNLU-e5f16b43-cef6-4f3e-ad93-3cc86f93f7e4,54370666a35ca1f3fa4b57e8f401e7b8a02be73663391fddee7c820a81fdc419,.cache/sources/by-sha/54370666a35ca1f3fa4b57e8f401e7b8a02be73663391fddee7c820a81fdc419.pdf,1,p. 1: (X-Y) Elongation at break ISO 527/2 50 mm/min %,12.5 ± 3 % · XY · specimen: Printed specimen,The text layer prints 12.5 for Elongation at break; the optical reading did not find it. Judge the value from the page image.,value
T00167,2,value-check,1b,measurements,V004589,,Izod impact strength,G051-06,SUNLU PA6-GF,R-SUNLU-e5f16b43-cef6-4f3e-ad93-3cc86f93f7e4,54370666a35ca1f3fa4b57e8f401e7b8a02be73663391fddee7c820a81fdc419,.cache/sources/by-sha/54370666a35ca1f3fa4b57e8f401e7b8a02be73663391fddee7c820a81fdc419.pdf,1,p. 1: (X-Y) Izod Impact Strength of Notched ISO 180 23℃ KJ/m2 Specimen,10.5 ± 2.5 KJ/m2 · Notched · XY · specimen: Printed specimen,The text layer prints 2.5; 10.5 for Izod impact strength; the optical reading did not find it. Judge the value from the page image.,value
T00168,2,value-check,1,measurements,V004592,,HDT,G051-06,SUNLU PA6-GF,R-SUNLU-e5f16b43-cef6-4f3e-ad93-3cc86f93f7e4,54370666a35ca1f3fa4b57e8f401e7b8a02be73663391fddee7c820a81fdc419,.cache/sources/by-sha/54370666a35ca1f3fa4b57e8f401e7b8a02be73663391fddee7c820a81fdc419.pdf,1,p. 1: (X-Y) Heat Distortion (HDT) ISO 75 0.45 MPa ℃,205.2 ± 3 ℃ · XY · specimen: Printed specimen,The text layer prints 205.2 for HDT; the optical reading did not find it. Judge the value from the page image.,yes
T00169,2,value-check,1b,measurements,V004593,,Glass transition temperature,G051-06,SUNLU PA6-GF,R-SUNLU-e5f16b43-cef6-4f3e-ad93-3cc86f93f7e4,54370666a35ca1f3fa4b57e8f401e7b8a02be73663391fddee7c820a81fdc419,.cache/sources/by-sha/54370666a35ca1f3fa4b57e8f401e7b8a02be73663391fddee7c820a81fdc419.pdf,1,p. 1: Glass Transition (Tg) ISO 11357-2 10 ℃/min ℃,65 ℃ · specimen: Printed specimen,The text layer prints 65 for Glass transition temperature; the optical reading did not find it. Judge the value from the page image.,value
T00170,2,value-check,1b,measurements,V004596,,Density,G051-06,SUNLU PA6-GF,R-SUNLU-e5f16b43-cef6-4f3e-ad93-3cc86f93f7e4,54370666a35ca1f3fa4b57e8f401e7b8a02be73663391fddee7c820a81fdc419,.cache/sources/by-sha/54370666a35ca1f3fa4b57e8f401e7b8a02be73663391fddee7c820a81fdc419.pdf,1,p. 1: Density ISO 1183 23℃ g/cm3,1.269 g/cm3 · specimen: Not published (density specimen form not explicitly established),The text layer prints 1.269 for Density; the optical reading did not find it. Judge the value from the page image.,value
T00171,2,value-check,1b,measurements,V004597,,Tensile strength (endpoint unspecified),G001-39,SUNLU PLA-METALLIC PLA,R-SUNLU-19364171789540194308,714d8e8d4f710bc196b4ce96b96d8020e423863ae5fa6ad769044796e65ef560,.cache/sources/by-sha/714d8e8d4f710bc196b4ce96b96d8020e423863ae5fa6ad769044796e65ef560.pdf,1,p. 1: 拉伸强度(X-Y) Tensile Strength ISO 527/2 50 mm/min MPa,45 ± 5 MPa · XY · specimen: Not published (do not assume printed),The text layer prints 45 for Tensile strength (endpoint unspecified); the optical reading did not find it. Judge the value from the page image.,value
T00172,2,value-check,1b,measurements,V004598,,Elongation at break,G001-39,SUNLU PLA-METALLIC PLA,R-SUNLU-19364171789540194308,714d8e8d4f710bc196b4ce96b96d8020e423863ae5fa6ad769044796e65ef560,.cache/sources/by-sha/714d8e8d4f710bc196b4ce96b96d8020e423863ae5fa6ad769044796e65ef560.pdf,1,p. 1: 断裂伸长率(X-Y) Elongation at break ISO 527/2 50 mm/min %,11 ± 2 % · XY · specimen: Not published (do not assume printed),The text layer prints 11 for Elongation at break; the optical reading did not find it. Judge the value from the page image.,value
T00173,2,value-check,1b,measurements,V004604,,HDT,G001-39,SUNLU PLA-METALLIC PLA,R-SUNLU-19364171789540194308,714d8e8d4f710bc196b4ce96b96d8020e423863ae5fa6ad769044796e65ef560,.cache/sources/by-sha/714d8e8d4f710bc196b4ce96b96d8020e423863ae5fa6ad769044796e65ef560.pdf,1,p. 1: 热变形温度(X-Y) Heat Distortion (HDT) ISO 75 0.45 MPa ℃,56 ± 5 ℃ · XY · specimen: Not published (do not assume printed),The text layer prints 56 for HDT; the optical reading did not find it. Judge the value from the page image.,value
T00174,2,value-check,1b,measurements,V004605,,Glass transition temperature,G001-39,SUNLU PLA-METALLIC PLA,R-SUNLU-19364171789540194308,714d8e8d4f710bc196b4ce96b96d8020e423863ae5fa6ad769044796e65ef560,.cache/sources/by-sha/714d8e8d4f710bc196b4ce96b96d8020e423863ae5fa6ad769044796e65ef560.pdf,1,p. 1: 玻璃化转变温度 Glass Transition (Tg) ISO 11357-2 10 ℃/min ℃,60 ℃ · specimen: Not published (do not assume printed),The text layer prints 60 for Glass transition temperature; the optical reading did not find it. Judge the value from the page image.,value
T00175,2,value-check,1b,measurements,V004608,,Density,G001-39,SUNLU PLA-METALLIC PLA,R-SUNLU-19364171789540194308,714d8e8d4f710bc196b4ce96b96d8020e423863ae5fa6ad769044796e65ef560,.cache/sources/by-sha/714d8e8d4f710bc196b4ce96b96d8020e423863ae5fa6ad769044796e65ef560.pdf,1,p. 1: 密度 Density ISO 1183 23℃ g/cm3,1.21 ± 0.02 g/cm3 · specimen: Not published (density specimen form not explicitly established),The text layer prints 0.02; 1.21 for Density; the optical reading did not find it. Judge the value from the page image.,value
T00176,2,value-check,1b,measurements,V004609,,Tensile strength (endpoint unspecified),G001-40,SUNLU PLA Matte Dual-Color,R-SUNLU-a47cd225-7892-4788-9c73-bd27bfd791f5,75e1e2947abe26bc91805a6fb6e6b7a5ceafc3153429bdee65202d280a819ad9,.cache/sources/by-sha/75e1e2947abe26bc91805a6fb6e6b7a5ceafc3153429bdee65202d280a819ad9.pdf,1,p. 1: (X-Y) Tensile Strength ISO 527/2 50 mm/min MPa,39 ± 6 MPa · XY · specimen: Printed specimen,The text layer prints 39 for Tensile strength (endpoint unspecified); the optical reading did not find it. Judge the value from the page image.,value
T00177,2,value-check,1b,measurements,V004610,,Elongation at break,G001-40,SUNLU PLA Matte Dual-Color,R-SUNLU-a47cd225-7892-4788-9c73-bd27bfd791f5,75e1e2947abe26bc91805a6fb6e6b7a5ceafc3153429bdee65202d280a819ad9,.cache/sources/by-sha/75e1e2947abe26bc91805a6fb6e6b7a5ceafc3153429bdee65202d280a819ad9.pdf,1,p. 1: (X-Y) Elongation at break ISO 527/2 50 mm/min %,15 ± 5 % · XY · specimen: Printed specimen,The text layer prints 15 for Elongation at break; the optical reading did not find it. Judge the value from the page image.,value
T00178,2,value-check,1b,measurements,V004616,,HDT,G001-40,SUNLU PLA Matte Dual-Color,R-SUNLU-a47cd225-7892-4788-9c73-bd27bfd791f5,75e1e2947abe26bc91805a6fb6e6b7a5ceafc3153429bdee65202d280a819ad9,.cache/sources/by-sha/75e1e2947abe26bc91805a6fb6e6b7a5ceafc3153429bdee65202d280a819ad9.pdf,1,p. 1: (X-Y) Heat Distortion (HDT) ISO 75 0.45 MPa ℃,55 ± 5 ℃ · XY · specimen: Printed specimen,The text layer prints 55 for HDT; the optical reading did not find it. Judge the value from the page image.,value
T00179,2,value-check,1b,measurements,V004617,,Glass transition temperature,G001-40,SUNLU PLA Matte Dual-Color,R-SUNLU-a47cd225-7892-4788-9c73-bd27bfd791f5,75e1e2947abe26bc91805a6fb6e6b7a5ceafc3153429bdee65202d280a819ad9,.cache/sources/by-sha/75e1e2947abe26bc91805a6fb6e6b7a5ceafc3153429bdee65202d280a819ad9.pdf,1,p. 1: Glass Transition (Tg) ISO 11357-2 10 ℃/min ℃,58.8 ℃ · specimen: Printed specimen,The text layer prints 58.8 for Glass transition temperature; the optical reading did not find it. Judge the value from the page image.,value
T00180,2,value-check,1b,measurements,V004621,,Density,G001-40,SUNLU PLA Matte Dual-Color,R-SUNLU-a47cd225-7892-4788-9c73-bd27bfd791f5,75e1e2947abe26bc91805a6fb6e6b7a5ceafc3153429bdee65202d280a819ad9,.cache/sources/by-sha/75e1e2947abe26bc91805a6fb6e6b7a5ceafc3153429bdee65202d280a819ad9.pdf,1,p. 1: Density ISO 1183 23℃ g/cm3,1.31 g/cm3 · specimen: Not published (density specimen form not explicitly established),The text layer prints 1.31 for Density; the optical reading did not find it. Judge the value from the page image.,value
T00181,2,value-check,1b,measurements,V004622,,Tensile strength (endpoint unspecified),G075-02,SUNLU PVA,R-SUNLU-6f3c0e89-fa56-46b2-ab3d-601ee6b70cf9,77202ef641ffa9bb13da230edf742c59f7eea3bff115829ba9f0b98917e63452,.cache/sources/by-sha/77202ef641ffa9bb13da230edf742c59f7eea3bff115829ba9f0b98917e63452.pdf,1,p. 1: (X-Y) Tensile Strength ISO 527/2 50 mm/min MPa,23 MPa · XY · specimen: Printed specimen,The text layer prints 23 for Tensile strength (endpoint unspecified); the optical reading did not find it. Judge the value from the page image.,value
T00182,2,value-check,1b,measurements,V004623,,Elongation at break,G075-02,SUNLU PVA,R-SUNLU-6f3c0e89-fa56-46b2-ab3d-601ee6b70cf9,77202ef641ffa9bb13da230edf742c59f7eea3bff115829ba9f0b98917e63452,.cache/sources/by-sha/77202ef641ffa9bb13da230edf742c59f7eea3bff115829ba9f0b98917e63452.pdf,1,p. 1: (X-Y) Elongation at break ISO 527/2 50 mm/min %,215 % · XY · specimen: Printed specimen,The text layer prints 215 for Elongation at break; the optical reading did not find it. Judge the value from the page image.,value
T00183,2,value-check,1b,measurements,V004624,,HDT,G075-02,SUNLU PVA,R-SUNLU-6f3c0e89-fa56-46b2-ab3d-601ee6b70cf9,77202ef641ffa9bb13da230edf742c59f7eea3bff115829ba9f0b98917e63452,.cache/sources/by-sha/77202ef641ffa9bb13da230edf742c59f7eea3bff115829ba9f0b98917e63452.pdf,1,p. 1: (X-Y) Heat Distortion (HDT) ISO 75 0.45 MPa ℃,55 ℃ · XY · specimen: Printed specimen,The text layer prints 55 for HDT; the optical reading did not find it. Judge the value from the page image.,value
T00184,2,value-check,1b,measurements,V004628,,Density,G075-02,SUNLU PVA,R-SUNLU-6f3c0e89-fa56-46b2-ab3d-601ee6b70cf9,77202ef641ffa9bb13da230edf742c59f7eea3bff115829ba9f0b98917e63452,.cache/sources/by-sha/77202ef641ffa9bb13da230edf742c59f7eea3bff115829ba9f0b98917e63452.pdf,1,p. 1: Density ISO 1183 23℃ g/cm3,1.01-1.28 g/cm3 · specimen: Not published (density specimen form not explicitly established),The text layer prints 1.28; 1.01 for Density; the optical reading did not find it. Judge the value from the page image.,value
T00185,2,value-check,1b,measurements,V004629,,Tensile strength (endpoint unspecified),G018-08,SUNLU PLA Carbon Fiber,R-SUNLU-75a39c51-7d4c-40c4-839d-58f88cbbbf94,78cf4630e756a753bcd7228107cb761c6d3e858e3655e9cb4e02f5c992a2bd7f,.cache/sources/by-sha/78cf4630e756a753bcd7228107cb761c6d3e858e3655e9cb4e02f5c992a2bd7f.pdf,1,p. 1: (X-Y) Tensile Strength ISO 527/2 50 mm/min MPa,44 ± 5 MPa · XY · specimen: Printed specimen,The text layer prints 44 for Tensile strength (endpoint unspecified); the optical reading did not find it. Judge the value from the page image.,value
T00186,2,value-check,1b,measurements,V004630,,Elongation at break,G018-08,SUNLU PLA Carbon Fiber,R-SUNLU-75a39c51-7d4c-40c4-839d-58f88cbbbf94,78cf4630e756a753bcd7228107cb761c6d3e858e3655e9cb4e02f5c992a2bd7f,.cache/sources/by-sha/78cf4630e756a753bcd7228107cb761c6d3e858e3655e9cb4e02f5c992a2bd7f.pdf,1,p. 1: (X-Y) Elongation at break ISO 527/2 50 mm/min %,10.4 ± 3 % · XY · specimen: Printed specimen,The text layer prints 10.4 for Elongation at break; the optical reading did not find it. Judge the value from the page image.,value
T00187,2,value-check,1b,measurements,V004633,,Izod impact strength,G018-08,SUNLU PLA Carbon Fiber,R-SUNLU-75a39c51-7d4c-40c4-839d-58f88cbbbf94,78cf4630e756a753bcd7228107cb761c6d3e858e3655e9cb4e02f5c992a2bd7f,.cache/sources/by-sha/78cf4630e756a753bcd7228107cb761c6d3e858e3655e9cb4e02f5c992a2bd7f.pdf,1,p. 1: (X-Y) Izod Impact Strength of Notched ISO 180 23℃ KJ/m2 Specimen,3.5 ± 1.5 KJ/m2 · Notched · XY · specimen: Printed specimen,The text layer prints 1.5; 3.5 for Izod impact strength; the optical reading did not find it. Judge the value from the page image.,value
T00188,2,value-check,1b,measurements,V004636,,HDT,G018-08,SUNLU PLA Carbon Fiber,R-SUNLU-75a39c51-7d4c-40c4-839d-58f88cbbbf94,78cf4630e756a753bcd7228107cb761c6d3e858e3655e9cb4e02f5c992a2bd7f,.cache/sources/by-sha/78cf4630e756a753bcd7228107cb761c6d3e858e3655e9cb4e02f5c992a2bd7f.pdf,1,p. 1: (X-Y) Heat Distortion (HDT) ISO 75 0.45 MPa ℃,55.5 ± 3 ℃ · XY · specimen: Printed specimen,The text layer prints 55.5 for HDT; the optical reading did not find it. Judge the value from the page image.,value
T00189,2,value-check,1b,measurements,V004637,,Glass transition temperature,G018-08,SUNLU PLA Carbon Fiber,R-SUNLU-75a39c51-7d4c-40c4-839d-58f88cbbbf94,78cf4630e756a753bcd7228107cb761c6d3e858e3655e9cb4e02f5c992a2bd7f,.cache/sources/by-sha/78cf4630e756a753bcd7228107cb761c6d3e858e3655e9cb4e02f5c992a2bd7f.pdf,1,p. 1: Glass Transition (Tg) ISO 11357-2 10 ℃/min ℃,59 ℃ · specimen: Printed specimen,The text layer prints 59 for Glass transition temperature; the optical reading did not find it. Judge the value from the page image.,value
T00190,2,value-check,1b,measurements,V004641,,Density,G018-08,SUNLU PLA Carbon Fiber,R-SUNLU-75a39c51-7d4c-40c4-839d-58f88cbbbf94,78cf4630e756a753bcd7228107cb761c6d3e858e3655e9cb4e02f5c992a2bd7f,.cache/sources/by-sha/78cf4630e756a753bcd7228107cb761c6d3e858e3655e9cb4e02f5c992a2bd7f.pdf,1,p. 1: Density ISO 1183 23℃ g/cm3,1.23 g/cm3 · specimen: Not published (density specimen form not explicitly established),The text layer prints 1.23 for Density; the optical reading did not find it. Judge the value from the page image.,value
T00191,2,value-check,1b,measurements,V004642,,Tensile strength (endpoint unspecified),G012-02,SUNLU High Speed Marble PLA,R-SUNLU-02f59eef-2adc-4bae-8b08-bfd1a8a278fe,79654c2d7556a5a6bb4024833dd4a185c93f943857af452ab71a880ea6ac2efa,.cache/sources/by-sha/79654c2d7556a5a6bb4024833dd4a185c93f943857af452ab71a880ea6ac2efa.pdf,1,p. 1: (X-Y) Tensile Strength ISO 527/2 50 mm/min MPa,41 ± 6 MPa · XY · specimen: Printed specimen,The text layer prints 41 for Tensile strength (endpoint unspecified); the optical reading did not find it. Judge the value from the page image.,value
T00192,2,value-check,1b,measurements,V004643,,Elongation at break,G012-02,SUNLU High Speed Marble PLA,R-SUNLU-02f59eef-2adc-4bae-8b08-bfd1a8a278fe,79654c2d7556a5a6bb4024833dd4a185c93f943857af452ab71a880ea6ac2efa,.cache/sources/by-sha/79654c2d7556a5a6bb4024833dd4a185c93f943857af452ab71a880ea6ac2efa.pdf,1,p. 1: (X-Y) Elongation at break ISO 527/2 50 mm/min %,25 ± 7 % · XY · specimen: Printed specimen,The text layer prints 25 for Elongation at break; the optical reading did not find it. Judge the value from the page image.,value
T00193,2,value-check,1b,measurements,V004646,,Izod impact strength,G012-02,SUNLU High Speed Marble PLA,R-SUNLU-02f59eef-2adc-4bae-8b08-bfd1a8a278fe,79654c2d7556a5a6bb4024833dd4a185c93f943857af452ab71a880ea6ac2efa,.cache/sources/by-sha/79654c2d7556a5a6bb4024833dd4a185c93f943857af452ab71a880ea6ac2efa.pdf,1,p. 1: (X-Y) Izod Impact Strength of Notched ISO 180 23℃ KJ/m2 Specimen,11 ± 3 KJ/m2 · Notched · XY · specimen: Printed specimen,The text layer prints 11 for Izod impact strength; the optical reading did not find it. Judge the value from the page image.,value
T00194,2,value-check,1b,measurements,V004649,,HDT,G012-02,SUNLU High Speed Marble PLA,R-SUNLU-02f59eef-2adc-4bae-8b08-bfd1a8a278fe,79654c2d7556a5a6bb4024833dd4a185c93f943857af452ab71a880ea6ac2efa,.cache/sources/by-sha/79654c2d7556a5a6bb4024833dd4a185c93f943857af452ab71a880ea6ac2efa.pdf,1,p. 1: (X-Y) Heat Distortion (HDT) ISO 75 0.45 MPa ℃,55 ± 3 ℃ · XY · specimen: Printed specimen,The text layer prints 55 for HDT; the optical reading did not find it. Judge the value from the page image.,value
T00195,2,value-check,1b,measurements,V004650,,Glass transition temperature,G012-02,SUNLU High Speed Marble PLA,R-SUNLU-02f59eef-2adc-4bae-8b08-bfd1a8a278fe,79654c2d7556a5a6bb4024833dd4a185c93f943857af452ab71a880ea6ac2efa,.cache/sources/by-sha/79654c2d7556a5a6bb4024833dd4a185c93f943857af452ab71a880ea6ac2efa.pdf,1,p. 1: Glass Transition (Tg) ISO 11357-2 10 ℃/min ℃,63 ℃ · specimen: Printed specimen,The text layer prints 63 for Glass transition temperature; the optical reading did not find it. Judge the value from the page image.,value
T00196,2,value-check,1b,measurements,V004654,,Density,G012-02,SUNLU High Speed Marble PLA,R-SUNLU-02f59eef-2adc-4bae-8b08-bfd1a8a278fe,79654c2d7556a5a6bb4024833dd4a185c93f943857af452ab71a880ea6ac2efa,.cache/sources/by-sha/79654c2d7556a5a6bb4024833dd4a185c93f943857af452ab71a880ea6ac2efa.pdf,1,p. 1: Density ISO 1183 23℃ g/cm3,1.26 g/cm3 · specimen: Not published (density specimen form not explicitly established),The text layer prints 1.26 for Density; the optical reading did not find it. Judge the value from the page image.,value
T00197,2,value-check,1b,measurements,V004667,,Tensile strength (endpoint unspecified),G031-08,SUNLU ASA,R-SUNLU-7d61617c-7540-4ae2-88d3-a0d206e5d801,921b543c6ecc75c46ce2b1a5f4ea256c468db90c9f75e8ee74e2c56cd002c033,.cache/sources/by-sha/921b543c6ecc75c46ce2b1a5f4ea256c468db90c9f75e8ee74e2c56cd002c033.pdf,1,p. 1: (X-Y) Tensile Strength ISO 527/2 50 mm/min MPa,39 ± 4 MPa · XY · specimen: Printed specimen,The text layer prints 39 for Tensile strength (endpoint unspecified); the optical reading did not find it. Judge the value from the page image.,value
T00198,2,value-check,1b,measurements,V004668,,Elongation at break,G031-08,SUNLU ASA,R-SUNLU-7d61617c-7540-4ae2-88d3-a0d206e5d801,921b543c6ecc75c46ce2b1a5f4ea256c468db90c9f75e8ee74e2c56cd002c033,.cache/sources/by-sha/921b543c6ecc75c46ce2b1a5f4ea256c468db90c9f75e8ee74e2c56cd002c033.pdf,1,p. 1: (X-Y) Elongation at break ISO 527/2 50 mm/min %,11 ± 3 % · XY · specimen: Printed specimen,The text layer prints 11 for Elongation at break; the optical reading did not find it. Judge the value from the page image.,value
T00199,2,value-check,1,measurements,V004674,,HDT,G031-08,SUNLU ASA,R-SUNLU-7d61617c-7540-4ae2-88d3-a0d206e5d801,921b543c6ecc75c46ce2b1a5f4ea256c468db90c9f75e8ee74e2c56cd002c033,.cache/sources/by-sha/921b543c6ecc75c46ce2b1a5f4ea256c468db90c9f75e8ee74e2c56cd002c033.pdf,1,p. 1: (X-Y) Heat Distortion (HDT) ISO 75 0.45 MPa ℃,101 ± 2 ℃ · XY · specimen: Printed specimen,The text layer prints 101 for HDT; the optical reading did not find it. Judge the value from the page image.,yes
T00200,2,value-check,1b,measurements,V004675,,Glass transition temperature,G031-08,SUNLU ASA,R-SUNLU-7d61617c-7540-4ae2-88d3-a0d206e5d801,921b543c6ecc75c46ce2b1a5f4ea256c468db90c9f75e8ee74e2c56cd002c033,.cache/sources/by-sha/921b543c6ecc75c46ce2b1a5f4ea256c468db90c9f75e8ee74e2c56cd002c033.pdf,1,p. 1: Glass Transition (Tg) ISO 11357-2 10 ℃/min ℃,108 ℃ · specimen: Printed specimen,The text layer prints 108 for Glass transition temperature; the optical reading did not find it. Judge the value from the page image.,value
T00201,2,value-check,1b,measurements,V004679,,Density,G031-08,SUNLU ASA,R-SUNLU-7d61617c-7540-4ae2-88d3-a0d206e5d801,921b543c6ecc75c46ce2b1a5f4ea256c468db90c9f75e8ee74e2c56cd002c033,.cache/sources/by-sha/921b543c6ecc75c46ce2b1a5f4ea256c468db90c9f75e8ee74e2c56cd002c033.pdf,1,p. 1: Density ISO 1183 23℃ g/cm3,1.04 g/cm3 · specimen: Not published (density specimen form not explicitly established),The text layer prints 1.04 for Density; the optical reading did not find it. Judge the value from the page image.,value
T00202,2,value-check,1b,measurements,V004680,,Tensile strength (endpoint unspecified),G082-05,SUNLU PP,R-SUNLU-fbfe6e74-b29f-4f0f-a9b3-84aaa6b2fc85,985ffa6209213452ed90a16c488b1d23c275b72b921a754814b2ab86375649f5,.cache/sources/by-sha/985ffa6209213452ed90a16c488b1d23c275b72b921a754814b2ab86375649f5.pdf,1,p. 1: (X-Y) Tensile Strength ISO 527/2 50 mm/min MPa,19 ± 3 MPa · XY · specimen: Printed specimen,The text layer prints 19 for Tensile strength (endpoint unspecified); the optical reading did not find it. Judge the value from the page image.,value
T00203,2,value-check,1,measurements,V004681,,Elongation at break,G082-05,SUNLU PP,R-SUNLU-fbfe6e74-b29f-4f0f-a9b3-84aaa6b2fc85,985ffa6209213452ed90a16c488b1d23c275b72b921a754814b2ab86375649f5,.cache/sources/by-sha/985ffa6209213452ed90a16c488b1d23c275b72b921a754814b2ab86375649f5.pdf,1,p. 1: (X-Y) Elongation at break ISO 527/2 50 mm/min %,850 ± 150 % · XY · specimen: Printed specimen,The text layer prints 850; 150 for Elongation at break; the optical reading did not find it. Judge the value from the page image.,yes
T00204,2,value-check,1b,measurements,V004683,,Izod impact strength,G082-05,SUNLU PP,R-SUNLU-fbfe6e74-b29f-4f0f-a9b3-84aaa6b2fc85,985ffa6209213452ed90a16c488b1d23c275b72b921a754814b2ab86375649f5,.cache/sources/by-sha/985ffa6209213452ed90a16c488b1d23c275b72b921a754814b2ab86375649f5.pdf,1,p. 1: (X-Y) Izod Impact Strength of Notched ISO 180 23℃ KJ/m2 Specimen,5.3 ± 1.5 KJ/m2 · Notched · XY · specimen: Printed specimen,The text layer prints 1.5; 5.3 for Izod impact strength; the optical reading did not find it. Judge the value from the page image.,value
T00205,2,value-check,1b,measurements,V004686,,HDT,G082-05,SUNLU PP,R-SUNLU-fbfe6e74-b29f-4f0f-a9b3-84aaa6b2fc85,985ffa6209213452ed90a16c488b1d23c275b72b921a754814b2ab86375649f5,.cache/sources/by-sha/985ffa6209213452ed90a16c488b1d23c275b72b921a754814b2ab86375649f5.pdf,1,p. 1: (X-Y) Heat Distortion (HDT) ISO 75 0.45 MPa ℃,58.5 ± 3 ℃ · XY · specimen: Printed specimen,The text layer prints 58.5 for HDT; the optical reading did not find it. Judge the value from the page image.,value
T00206,2,value-check,1b,measurements,V004689,,Tensile strength (endpoint unspecified),G027-14,SUNLU ABS-FR,R-SUNLU-48f9a499-b97a-4844-be4b-35ca349b5b64,9de5ef7245a90a97c871bbaad2ac061c22d82c77c9316df48a6a96fc87b47331,.cache/sources/by-sha/9de5ef7245a90a97c871bbaad2ac061c22d82c77c9316df48a6a96fc87b47331.pdf,1,p. 1: 拉伸强度(X-Y) Tensile Strength ISO 527/2 50 mm/min MPa,31.4 ± 4 MPa · XY · specimen: Not published (do not assume printed),The text layer prints 31.4 for Tensile strength (endpoint unspecified); the optical reading did not find it. Judge the value from the page image.,value
T00207,2,value-check,1b,measurements,V004690,,Elongation at break,G027-14,SUNLU ABS-FR,R-SUNLU-48f9a499-b97a-4844-be4b-35ca349b5b64,9de5ef7245a90a97c871bbaad2ac061c22d82c77c9316df48a6a96fc87b47331,.cache/sources/by-sha/9de5ef7245a90a97c871bbaad2ac061c22d82c77c9316df48a6a96fc87b47331.pdf,1,p. 1: 断裂伸长率(X-Y) Elongation at break ISO 527/2 50 mm/min %,11.6 ± 2 % · XY · specimen: Not published (do not assume printed),The text layer prints 11.6 for Elongation at break; the optical reading did not find it. Judge the value from the page image.,value
T00208,2,value-check,1b,measurements,V004693,,Izod impact strength,G027-14,SUNLU ABS-FR,R-SUNLU-48f9a499-b97a-4844-be4b-35ca349b5b64,9de5ef7245a90a97c871bbaad2ac061c22d82c77c9316df48a6a96fc87b47331,.cache/sources/by-sha/9de5ef7245a90a97c871bbaad2ac061c22d82c77c9316df48a6a96fc87b47331.pdf,1,p. 1: 悬 臂 梁 缺 口 冲 击 强 度 (X-Y) Izod Impact ISO 180 23℃ KJ/m2 Strength of Notched Specimen,13.7 ± 3 KJ/m2 · Notched · XY · specimen: Not published (do not assume printed),The text layer prints 13.7 for Izod impact strength; the optical reading did not find it. Judge the value from the page image.,value
T00209,2,value-check,1,measurements,V004696,,HDT,G027-14,SUNLU ABS-FR,R-SUNLU-48f9a499-b97a-4844-be4b-35ca349b5b64,9de5ef7245a90a97c871bbaad2ac061c22d82c77c9316df48a6a96fc87b47331,.cache/sources/by-sha/9de5ef7245a90a97c871bbaad2ac061c22d82c77c9316df48a6a96fc87b47331.pdf,1,p. 1: 热变形温度(X-Y) Heat Distortion (HDT) ISO 75 0.45 MPa ℃,90.5 ± 3 ℃ · XY · specimen: Not published (do not assume printed),The text layer prints 90.5 for HDT; the optical reading did not find it. Judge the value from the page image.,yes
T00210,2,value-check,1b,measurements,V004699,,Density,G027-14,SUNLU ABS-FR,R-SUNLU-48f9a499-b97a-4844-be4b-35ca349b5b64,9de5ef7245a90a97c871bbaad2ac061c22d82c77c9316df48a6a96fc87b47331,.cache/sources/by-sha/9de5ef7245a90a97c871bbaad2ac061c22d82c77c9316df48a6a96fc87b47331.pdf,1,p. 1: 密度 Density ISO 1183 23℃ g/cm3,1.15 g/cm3 · specimen: Not published (density specimen form not explicitly established),The text layer prints 1.15 for Density; the optical reading did not find it. Judge the value from the page image.,value
T00211,2,value-check,1b,measurements,V004700,,Tensile strength (endpoint unspecified),G035-12,SUNLU PC,R-SUNLU-46dca9d5-d877-4a9d-b416-3ad38450204a,a57b4350816468146afbd91371632c9ab7a92cf82b6da01165d39d691df39c26,.cache/sources/by-sha/a57b4350816468146afbd91371632c9ab7a92cf82b6da01165d39d691df39c26.pdf,1,p. 1: (X-Y) Tensile Strength ISO 527/2 50 mm/min MPa,50 ± 3 MPa · XY · specimen: Printed specimen,The text layer prints 50 for Tensile strength (endpoint unspecified); the optical reading did not find it. Judge the value from the page image.,value
T00212,2,value-check,1b,measurements,V004701,,Elongation at break,G035-12,SUNLU PC,R-SUNLU-46dca9d5-d877-4a9d-b416-3ad38450204a,a57b4350816468146afbd91371632c9ab7a92cf82b6da01165d39d691df39c26,.cache/sources/by-sha/a57b4350816468146afbd91371632c9ab7a92cf82b6da01165d39d691df39c26.pdf,1,p. 1: (X-Y) Elongation at break ISO 527/2 50 mm/min %,25 ± 3 % · XY · specimen: Printed specimen,The text layer prints 25 for Elongation at break; the optical reading did not find it. Judge the value from the page image.,value
T00213,2,value-check,1b,measurements,V004704,,Izod impact strength,G035-12,SUNLU PC,R-SUNLU-46dca9d5-d877-4a9d-b416-3ad38450204a,a57b4350816468146afbd91371632c9ab7a92cf82b6da01165d39d691df39c26,.cache/sources/by-sha/a57b4350816468146afbd91371632c9ab7a92cf82b6da01165d39d691df39c26.pdf,1,p. 1: (X-Y) Izod Impact Strength of Notched ISO 180 23℃ KJ/m2 Specimen,35 ± 5 KJ/m2 · Notched · XY · specimen: Printed specimen,The text layer prints 35 for Izod impact strength; the optical reading did not find it. Judge the value from the page image.,value
T00214,2,value-check,1,measurements,V004707,,HDT,G035-12,SUNLU PC,R-SUNLU-46dca9d5-d877-4a9d-b416-3ad38450204a,a57b4350816468146afbd91371632c9ab7a92cf82b6da01165d39d691df39c26,.cache/sources/by-sha/a57b4350816468146afbd91371632c9ab7a92cf82b6da01165d39d691df39c26.pdf,1,p. 1: (X-Y) Heat Distortion (HDT) ISO 75 0.45 MPa ℃,101 ± 2 ℃ · XY · specimen: Printed specimen,The text layer prints 101 for HDT; the optical reading did not find it. Judge the value from the page image.,yes
T00215,2,value-check,1b,measurements,V004709,,Density,G035-12,SUNLU PC,R-SUNLU-46dca9d5-d877-4a9d-b416-3ad38450204a,a57b4350816468146afbd91371632c9ab7a92cf82b6da01165d39d691df39c26,.cache/sources/by-sha/a57b4350816468146afbd91371632c9ab7a92cf82b6da01165d39d691df39c26.pdf,1,p. 1: Density ISO 1183 23℃ g/cm3,1.15 g/cm3 · specimen: Not published (density specimen form not explicitly established),The text layer prints 1.15 for Density; the optical reading did not find it. Judge the value from the page image.,value
T00216,2,value-check,1b,measurements,V004710,,Tensile strength (endpoint unspecified),G001-41,SUNLU PLA Rainbow,R-SUNLU-bbd3e778-b424-49b7-b203-058327f2f6fc,a76533e9c21a1264526635beac9d4d3f5c01753a4ed884f796dae7efca3d326d,.cache/sources/by-sha/a76533e9c21a1264526635beac9d4d3f5c01753a4ed884f796dae7efca3d326d.pdf,1,p. 1: (X-Y) Tensile Strength ISO 527/2 50 mm/min MPa,50 ± 5 MPa · XY · specimen: Printed specimen,The text layer prints 50 for Tensile strength (endpoint unspecified); the optical reading did not find it. Judge the value from the page image.,value
T00217,2,value-check,1b,measurements,V004711,,Elongation at break,G001-41,SUNLU PLA Rainbow,R-SUNLU-bbd3e778-b424-49b7-b203-058327f2f6fc,a76533e9c21a1264526635beac9d4d3f5c01753a4ed884f796dae7efca3d326d,.cache/sources/by-sha/a76533e9c21a1264526635beac9d4d3f5c01753a4ed884f796dae7efca3d326d.pdf,1,p. 1: (X-Y) Elongation at break ISO 527/2 50 mm/min %,10 ± 3 % · XY · specimen: Printed specimen,The text layer prints 10 for Elongation at break; the optical reading did not find it. Judge the value from the page image.,value
T00218,2,value-check,1b,measurements,V004714,,Izod impact strength,G001-41,SUNLU PLA Rainbow,R-SUNLU-bbd3e778-b424-49b7-b203-058327f2f6fc,a76533e9c21a1264526635beac9d4d3f5c01753a4ed884f796dae7efca3d326d,.cache/sources/by-sha/a76533e9c21a1264526635beac9d4d3f5c01753a4ed884f796dae7efca3d326d.pdf,1,p. 1: (X-Y) Izod Impact Strength of Notched ISO 180 23℃ KJ/m2 Specimen,6.5 ± 2.5 KJ/m2 · Notched · XY · specimen: Printed specimen,The text layer prints 6.5; 2.5 for Izod impact strength; the optical reading did not find it. Judge the value from the page image.,value
T00219,2,value-check,1b,measurements,V004717,,HDT,G001-41,SUNLU PLA Rainbow,R-SUNLU-bbd3e778-b424-49b7-b203-058327f2f6fc,a76533e9c21a1264526635beac9d4d3f5c01753a4ed884f796dae7efca3d326d,.cache/sources/by-sha/a76533e9c21a1264526635beac9d4d3f5c01753a4ed884f796dae7efca3d326d.pdf,1,p. 1: (X-Y) Heat Distortion (HDT) ISO 75 0.45 MPa ℃,57 ± 3 ℃ · XY · specimen: Printed specimen,The text layer prints 57 for HDT; the optical reading did not find it. Judge the value from the page image.,value
T00220,2,value-check,1b,measurements,V004718,,Glass transition temperature,G001-41,SUNLU PLA Rainbow,R-SUNLU-bbd3e778-b424-49b7-b203-058327f2f6fc,a76533e9c21a1264526635beac9d4d3f5c01753a4ed884f796dae7efca3d326d,.cache/sources/by-sha/a76533e9c21a1264526635beac9d4d3f5c01753a4ed884f796dae7efca3d326d.pdf,1,p. 1: Glass Transition (Tg) ISO 11357-2 10 ℃/min ℃,63 ℃ · specimen: Printed specimen,The text layer prints 63 for Glass transition temperature; the optical reading did not find it. Judge the value from the page image.,value
T00221,2,value-check,1b,measurements,V004722,,Density,G001-41,SUNLU PLA Rainbow,R-SUNLU-bbd3e778-b424-49b7-b203-058327f2f6fc,a76533e9c21a1264526635beac9d4d3f5c01753a4ed884f796dae7efca3d326d,.cache/sources/by-sha/a76533e9c21a1264526635beac9d4d3f5c01753a4ed884f796dae7efca3d326d.pdf,1,p. 1: Density ISO 1183 23℃ g/cm3,1.21 g/cm3 · specimen: Not published (density specimen form not explicitly established),The text layer prints 1.21 for Density; the optical reading did not find it. Judge the value from the page image.,value
T00222,2,value-check,1b,measurements,V004723,,Tensile strength (endpoint unspecified),G001-42,SUNLU High Speed PLA+2.0,R-SUNLU-225ab1bc-a40a-435b-8d20-a2745303674b,b2d6571516714eee55ef1e0792cad054772487a6238889f3f932cf348f5a89da,.cache/sources/by-sha/b2d6571516714eee55ef1e0792cad054772487a6238889f3f932cf348f5a89da.pdf,1,p. 1: (X-Y) Tensile Strength ISO 527/2 50 mm/min MPa,40 ± 3 MPa · XY · specimen: Printed specimen,The text layer prints 40 for Tensile strength (endpoint unspecified); the optical reading did not find it. Judge the value from the page image.,value
T00223,2,value-check,1b,measurements,V004724,,Elongation at break,G001-42,SUNLU High Speed PLA+2.0,R-SUNLU-225ab1bc-a40a-435b-8d20-a2745303674b,b2d6571516714eee55ef1e0792cad054772487a6238889f3f932cf348f5a89da,.cache/sources/by-sha/b2d6571516714eee55ef1e0792cad054772487a6238889f3f932cf348f5a89da.pdf,1,p. 1: (X-Y) Elongation at break ISO 527/2 50 mm/min %,14 ± 4 % · XY · specimen: Printed specimen,The text layer prints 14 for Elongation at break; the optical reading did not find it. Judge the value from the page image.,value
T00224,2,value-check,1b,measurements,V004727,,Izod impact strength,G001-42,SUNLU High Speed PLA+2.0,R-SUNLU-225ab1bc-a40a-435b-8d20-a2745303674b,b2d6571516714eee55ef1e0792cad054772487a6238889f3f932cf348f5a89da,.cache/sources/by-sha/b2d6571516714eee55ef1e0792cad054772487a6238889f3f932cf348f5a89da.pdf,1,p. 1: (X-Y) Izod Impact Strength of Notched ISO 180 23℃ KJ/m2 Specimen,4.5 ± 1.5 KJ/m2 · Notched · XY · specimen: Printed specimen,The text layer prints 1.5; 4.5 for Izod impact strength; the optical reading did not find it. Judge the value from the page image.,value
T00225,2,value-check,1b,measurements,V004730,,HDT,G001-42,SUNLU High Speed PLA+2.0,R-SUNLU-225ab1bc-a40a-435b-8d20-a2745303674b,b2d6571516714eee55ef1e0792cad054772487a6238889f3f932cf348f5a89da,.cache/sources/by-sha/b2d6571516714eee55ef1e0792cad054772487a6238889f3f932cf348f5a89da.pdf,1,p. 1: X-Y) Heat Distortion (HDT) ISO 75 0.45 MPa ℃,56.5 ± 3 ℃ · XY · specimen: Printed specimen,The text layer prints 56.5 for HDT; the optical reading did not find it. Judge the value from the page image.,value
T00226,2,value-check,1b,measurements,V004731,,Glass transition temperature,G001-42,SUNLU High Speed PLA+2.0,R-SUNLU-225ab1bc-a40a-435b-8d20-a2745303674b,b2d6571516714eee55ef1e0792cad054772487a6238889f3f932cf348f5a89da,.cache/sources/by-sha/b2d6571516714eee55ef1e0792cad054772487a6238889f3f932cf348f5a89da.pdf,1,p. 1: Glass Transition (Tg) ISO 11357-2 10 ℃/min ℃,67.5 ℃ · specimen: Printed specimen,The text layer prints 67.5 for Glass transition temperature; the optical reading did not find it. Judge the value from the page image.,value
T00227,2,value-check,1b,measurements,V004734,,Density,G001-42,SUNLU High Speed PLA+2.0,R-SUNLU-225ab1bc-a40a-435b-8d20-a2745303674b,b2d6571516714eee55ef1e0792cad054772487a6238889f3f932cf348f5a89da,.cache/sources/by-sha/b2d6571516714eee55ef1e0792cad054772487a6238889f3f932cf348f5a89da.pdf,1,p. 1: Density ISO 1183 23℃ g/cm3,1.27 g/cm3 · specimen: Not published (density specimen form not explicitly established),The text layer prints 1.27 for Density; the optical reading did not find it. Judge the value from the page image.,value
T00228,2,value-check,1b,measurements,V004735,,Tensile strength (endpoint unspecified),G020-20,SUNLU High Speed Matte PETG,R-SUNLU-ccf53a55-5b58-49fa-b1d9-08f94c0a4b28,b549a33c5bb86816aa44f46bb1c5b0851fc41358cd67ed98d92c05d3049ab035,.cache/sources/by-sha/b549a33c5bb86816aa44f46bb1c5b0851fc41358cd67ed98d92c05d3049ab035.pdf,1,p. 1: (X-Y) Tensile Strength ISO 527/2 50 mm/min MPa,46 ± 5 MPa · XY · specimen: Printed specimen,The text layer prints 46 for Tensile strength (endpoint unspecified); the optical reading did not find it. Judge the value from the page image.,value
T00229,2,value-check,1b,measurements,V004736,,Elongation at break,G020-20,SUNLU High Speed Matte PETG,R-SUNLU-ccf53a55-5b58-49fa-b1d9-08f94c0a4b28,b549a33c5bb86816aa44f46bb1c5b0851fc41358cd67ed98d92c05d3049ab035,.cache/sources/by-sha/b549a33c5bb86816aa44f46bb1c5b0851fc41358cd67ed98d92c05d3049ab035.pdf,1,p. 1: (X-Y) Elongation at break ISO 527/2 50 mm/min %,14 ± 5 % · XY · specimen: Printed specimen,The text layer prints 14 for Elongation at break; the optical reading did not find it. Judge the value from the page image.,value
T00230,2,value-check,1b,measurements,V004739,,Izod impact strength,G020-20,SUNLU High Speed Matte PETG,R-SUNLU-ccf53a55-5b58-49fa-b1d9-08f94c0a4b28,b549a33c5bb86816aa44f46bb1c5b0851fc41358cd67ed98d92c05d3049ab035,.cache/sources/by-sha/b549a33c5bb86816aa44f46bb1c5b0851fc41358cd67ed98d92c05d3049ab035.pdf,1,p. 1: (X-Y) Izod Impact Strength of Notched ISO 180 23℃ KJ/m2 Specimen,3 ± 1.5 KJ/m2 · Notched · XY · specimen: Printed specimen,The text layer prints 1.5 for Izod impact strength; the optical reading did not find it. Judge the value from the page image.,value
T00231,2,value-check,1,measurements,V004742,,HDT,G020-20,SUNLU High Speed Matte PETG,R-SUNLU-ccf53a55-5b58-49fa-b1d9-08f94c0a4b28,b549a33c5bb86816aa44f46bb1c5b0851fc41358cd67ed98d92c05d3049ab035,.cache/sources/by-sha/b549a33c5bb86816aa44f46bb1c5b0851fc41358cd67ed98d92c05d3049ab035.pdf,1,p. 1: (X-Y) Heat Distortion (HDT) ISO 75 0.45 MPa ℃,70 ± 2 ℃ · XY · specimen: Printed specimen,The text layer prints 70 for HDT; the optical reading did not find it. Judge the value from the page image.,yes
T00232,2,value-check,1b,measurements,V004743,,Glass transition temperature,G020-20,SUNLU High Speed Matte PETG,R-SUNLU-ccf53a55-5b58-49fa-b1d9-08f94c0a4b28,b549a33c5bb86816aa44f46bb1c5b0851fc41358cd67ed98d92c05d3049ab035,.cache/sources/by-sha/b549a33c5bb86816aa44f46bb1c5b0851fc41358cd67ed98d92c05d3049ab035.pdf,1,p. 1: Glass Transition (Tg) ISO 11357-2 10 ℃/min ℃,65.5 ℃ · specimen: Printed specimen,The text layer prints 65.5 for Glass transition temperature; the optical reading did not find it. Judge the value from the page image.,value
T00233,2,value-check,1b,measurements,V004746,,Density,G020-20,SUNLU High Speed Matte PETG,R-SUNLU-ccf53a55-5b58-49fa-b1d9-08f94c0a4b28,b549a33c5bb86816aa44f46bb1c5b0851fc41358cd67ed98d92c05d3049ab035,.cache/sources/by-sha/b549a33c5bb86816aa44f46bb1c5b0851fc41358cd67ed98d92c05d3049ab035.pdf,1,p. 1: Density ISO 1183 23℃ g/cm3,1.28 g/cm3 · specimen: Not published (density specimen form not explicitly established),The text layer prints 1.28 for Density; the optical reading did not find it. Judge the value from the page image.,value
T00234,2,value-check,1b,measurements,V004747,,Tensile strength (endpoint unspecified),G015-02,SUNLU PLA Galaxy,R-SUNLU-cc96ba09-b739-4afb-851f-bcdd5f02dc2b,b5723e949da4bd43f0aef4bef05fd263a072dad1c860dc68bd35f19679a518dc,.cache/sources/by-sha/b5723e949da4bd43f0aef4bef05fd263a072dad1c860dc68bd35f19679a518dc.pdf,1,p. 1: (X-Y) Tensile Strength ISO 527/2 50 mm/min MPa,43.3 ± 6 MPa · XY · specimen: Printed specimen,The text layer prints 43.3 for Tensile strength (endpoint unspecified); the optical reading did not find it. Judge the value from the page image.,value
T00235,2,value-check,1b,measurements,V004748,,Elongation at break,G015-02,SUNLU PLA Galaxy,R-SUNLU-cc96ba09-b739-4afb-851f-bcdd5f02dc2b,b5723e949da4bd43f0aef4bef05fd263a072dad1c860dc68bd35f19679a518dc,.cache/sources/by-sha/b5723e949da4bd43f0aef4bef05fd263a072dad1c860dc68bd35f19679a518dc.pdf,1,p. 1: (X-Y) Elongation at break ISO 527/2 50 mm/min %,16.3 ± 5 % · XY · specimen: Printed specimen,The text layer prints 16.3 for Elongation at break; the optical reading did not find it. Judge the value from the page image.,value
T00236,2,value-check,1b,measurements,V004751,,Izod impact strength,G015-02,SUNLU PLA Galaxy,R-SUNLU-cc96ba09-b739-4afb-851f-bcdd5f02dc2b,b5723e949da4bd43f0aef4bef05fd263a072dad1c860dc68bd35f19679a518dc,.cache/sources/by-sha/b5723e949da4bd43f0aef4bef05fd263a072dad1c860dc68bd35f19679a518dc.pdf,1,p. 1: (X-Y) Izod Impact Strength of Notched ISO 180 23℃ KJ/m2 Specimen,3.8 ± 2 KJ/m2 · Notched · XY · specimen: Printed specimen,The text layer prints 3.8 for Izod impact strength; the optical reading did not find it. Judge the value from the page image.,value
T00237,2,value-check,1b,measurements,V004754,,HDT,G015-02,SUNLU PLA Galaxy,R-SUNLU-cc96ba09-b739-4afb-851f-bcdd5f02dc2b,b5723e949da4bd43f0aef4bef05fd263a072dad1c860dc68bd35f19679a518dc,.cache/sources/by-sha/b5723e949da4bd43f0aef4bef05fd263a072dad1c860dc68bd35f19679a518dc.pdf,1,p. 1: (X-Y) Heat Distortion (HDT) ISO 75 0.45 MPa ℃,54.6 ± 3 ℃ · XY · specimen: Printed specimen,The text layer prints 54.6 for HDT; the optical reading did not find it. Judge the value from the page image.,value
T00238,2,value-check,1b,measurements,V004755,,Glass transition temperature,G015-02,SUNLU PLA Galaxy,R-SUNLU-cc96ba09-b739-4afb-851f-bcdd5f02dc2b,b5723e949da4bd43f0aef4bef05fd263a072dad1c860dc68bd35f19679a518dc,.cache/sources/by-sha/b5723e949da4bd43f0aef4bef05fd263a072dad1c860dc68bd35f19679a518dc.pdf,1,p. 1: Glass Transition (Tg) ISO 11357-2 10 ℃/min ℃,60.9 ℃ · specimen: Printed specimen,The text layer prints 60.9 for Glass transition temperature; the optical reading did not find it. Judge the value from the page image.,value
T00239,2,value-check,1b,measurements,V004758,,Density,G015-02,SUNLU PLA Galaxy,R-SUNLU-cc96ba09-b739-4afb-851f-bcdd5f02dc2b,b5723e949da4bd43f0aef4bef05fd263a072dad1c860dc68bd35f19679a518dc,.cache/sources/by-sha/b5723e949da4bd43f0aef4bef05fd263a072dad1c860dc68bd35f19679a518dc.pdf,1,p. 1: Density ISO 1183 23℃ g/cm3,1.22 g/cm3 · specimen: Not published (density specimen form not explicitly established),The text layer prints 1.22 for Density; the optical reading did not find it. Judge the value from the page image.,value
T00240,2,value-check,1b,measurements,V004759,,Tensile strength (endpoint unspecified),G024-06,SUNLU PETG Carbon Fiber,R-SUNLU-433432a8-dfcb-485e-bd8e-a7be94dda4ce,b813ed0c3823b9712a6c9949b8cf56a450e62bab2997a7907d68acb97437439c,.cache/sources/by-sha/b813ed0c3823b9712a6c9949b8cf56a450e62bab2997a7907d68acb97437439c.pdf,1,p. 1: (X-Y) Tensile Strength ISO 527/2 50 mm/min MPa,32 ± 4 MPa · XY · specimen: Printed specimen,The text layer prints 32 for Tensile strength (endpoint unspecified); the optical reading did not find it. Judge the value from the page image.,value
T00241,2,value-check,1b,measurements,V004760,,Elongation at break,G024-06,SUNLU PETG Carbon Fiber,R-SUNLU-433432a8-dfcb-485e-bd8e-a7be94dda4ce,b813ed0c3823b9712a6c9949b8cf56a450e62bab2997a7907d68acb97437439c,.cache/sources/by-sha/b813ed0c3823b9712a6c9949b8cf56a450e62bab2997a7907d68acb97437439c.pdf,1,p. 1: (X-Y) Elongation at break ISO 527/2 50 mm/min %,14 ± 3 % · XY · specimen: Printed specimen,The text layer prints 14 for Elongation at break; the optical reading did not find it. Judge the value from the page image.,value
T00242,2,value-check,1,measurements,V004766,,HDT,G024-06,SUNLU PETG Carbon Fiber,R-SUNLU-433432a8-dfcb-485e-bd8e-a7be94dda4ce,b813ed0c3823b9712a6c9949b8cf56a450e62bab2997a7907d68acb97437439c,.cache/sources/by-sha/b813ed0c3823b9712a6c9949b8cf56a450e62bab2997a7907d68acb97437439c.pdf,1,p. 1: (X-Y) Heat Distortion (HDT) ISO 75 0.45 MPa ℃,71 ± 3 ℃ · XY · specimen: Printed specimen,The text layer prints 71 for HDT; the optical reading did not find it. Judge the value from the page image.,yes
T00243,2,value-check,1b,measurements,V004767,,Glass transition temperature,G024-06,SUNLU PETG Carbon Fiber,R-SUNLU-433432a8-dfcb-485e-bd8e-a7be94dda4ce,b813ed0c3823b9712a6c9949b8cf56a450e62bab2997a7907d68acb97437439c,.cache/sources/by-sha/b813ed0c3823b9712a6c9949b8cf56a450e62bab2997a7907d68acb97437439c.pdf,1,p. 1: Glass Transition (Tg) ISO 11357-2 10 ℃/min ℃,65 ℃ · specimen: Printed specimen,The text layer prints 65 for Glass transition temperature; the optical reading did not find it. Judge the value from the page image.,value
T00244,2,value-check,1b,measurements,V004769,,Density,G024-06,SUNLU PETG Carbon Fiber,R-SUNLU-433432a8-dfcb-485e-bd8e-a7be94dda4ce,b813ed0c3823b9712a6c9949b8cf56a450e62bab2997a7907d68acb97437439c,.cache/sources/by-sha/b813ed0c3823b9712a6c9949b8cf56a450e62bab2997a7907d68acb97437439c.pdf,1,p. 1: Density ISO 1183 23℃ g/cm3,1.23 g/cm3 · specimen: Not published (density specimen form not explicitly established),The text layer prints 1.23 for Density; the optical reading did not find it. Judge the value from the page image.,value
T00245,2,value-check,1b,measurements,V004770,,Tensile strength (endpoint unspecified),G039-19,SUNLU TPU 95A,R-SUNLU-e8b9c06a-4b93-46cb-9532-d9deb185a7c8,c2da8fbdc75808ce598bb5df4db226b058f1706822340b744f58ec72c4ea2dd0,.cache/sources/by-sha/c2da8fbdc75808ce598bb5df4db226b058f1706822340b744f58ec72c4ea2dd0.pdf,1,p. 1: (X-Y) Tensile Strength ISO 527/2 50 mm/min MPa,31 ± 3 MPa · XY · specimen: Printed specimen,The text layer prints 31 for Tensile strength (endpoint unspecified); the optical reading did not find it. Judge the value from the page image.,value
T00246,2,value-check,1,measurements,V004771,,Elongation at break,G039-19,SUNLU TPU 95A,R-SUNLU-e8b9c06a-4b93-46cb-9532-d9deb185a7c8,c2da8fbdc75808ce598bb5df4db226b058f1706822340b744f58ec72c4ea2dd0,.cache/sources/by-sha/c2da8fbdc75808ce598bb5df4db226b058f1706822340b744f58ec72c4ea2dd0.pdf,1,p. 1: (X-Y) Elongation at break ISO 527/2 50 mm/min %,900 % · XY · specimen: Printed specimen,The text layer prints 900 for Elongation at break; the optical reading did not find it. Judge the value from the page image.,yes
T00247,2,value-check,1b,measurements,V004772,,Izod impact strength,G039-19,SUNLU TPU 95A,R-SUNLU-e8b9c06a-4b93-46cb-9532-d9deb185a7c8,c2da8fbdc75808ce598bb5df4db226b058f1706822340b744f58ec72c4ea2dd0,.cache/sources/by-sha/c2da8fbdc75808ce598bb5df4db226b058f1706822340b744f58ec72c4ea2dd0.pdf,1,p. 1: (X-Y) Izod Impact Strength of Notched ISO 180 23℃ KJ/m2 Specimen,47 ± 5 KJ/m2 · Notched · XY · specimen: Printed specimen,The text layer prints 47 for Izod impact strength; the optical reading did not find it. Judge the value from the page image.,value
T00248,2,value-check,1b,measurements,V004776,,Density,G039-19,SUNLU TPU 95A,R-SUNLU-e8b9c06a-4b93-46cb-9532-d9deb185a7c8,c2da8fbdc75808ce598bb5df4db226b058f1706822340b744f58ec72c4ea2dd0,.cache/sources/by-sha/c2da8fbdc75808ce598bb5df4db226b058f1706822340b744f58ec72c4ea2dd0.pdf,1,p. 1: Density ISO 1183 23℃ g/cm3,1.21 g/cm3 · specimen: Not published (density specimen form not explicitly established),The text layer prints 1.21 for Density; the optical reading did not find it. Judge the value from the page image.,value
T00249,2,value-check,1b,measurements,V004777,,Tensile strength (endpoint unspecified),G013-03,SUNLU PLA Twinkling,R-SUNLU-581a2c53-a377-4a1a-8fa4-f864aa683bd2,e1a590c791fd27eeb4e1a734ef971fb5d3a4b246e61c74e45af5eec68d028da0,.cache/sources/by-sha/e1a590c791fd27eeb4e1a734ef971fb5d3a4b246e61c74e45af5eec68d028da0.pdf,1,p. 1: (X-Y) Tensile Strength ISO 527/2 50 mm/min MPa,59 ± 4 MPa · XY · specimen: Printed specimen,The text layer prints 59 for Tensile strength (endpoint unspecified); the optical reading did not find it. Judge the value from the page image.,value
T00250,2,value-check,1b,measurements,V004778,,Elongation at break,G013-03,SUNLU PLA Twinkling,R-SUNLU-581a2c53-a377-4a1a-8fa4-f864aa683bd2,e1a590c791fd27eeb4e1a734ef971fb5d3a4b246e61c74e45af5eec68d028da0,.cache/sources/by-sha/e1a590c791fd27eeb4e1a734ef971fb5d3a4b246e61c74e45af5eec68d028da0.pdf,1,p. 1: (X-Y) Elongation at break ISO 527/2 50 mm/min %,12.5 ± 3 % · XY · specimen: Printed specimen,The text layer prints 12.5 for Elongation at break; the optical reading did not find it. Judge the value from the page image.,value
T00251,2,value-check,1b,measurements,V004781,,Izod impact strength,G013-03,SUNLU PLA Twinkling,R-SUNLU-581a2c53-a377-4a1a-8fa4-f864aa683bd2,e1a590c791fd27eeb4e1a734ef971fb5d3a4b246e61c74e45af5eec68d028da0,.cache/sources/by-sha/e1a590c791fd27eeb4e1a734ef971fb5d3a4b246e61c74e45af5eec68d028da0.pdf,1,p. 1: (X-Y) Izod Impact Strength of Notched ISO 180 23℃ KJ/m2 Specimen,3.1 ± 1.2 KJ/m2 · Notched · XY · specimen: Printed specimen,The text layer prints 1.2; 3.1 for Izod impact strength; the optical reading did not find it. Judge the value from the page image.,value
T00252,2,value-check,1b,measurements,V004784,,HDT,G013-03,SUNLU PLA Twinkling,R-SUNLU-581a2c53-a377-4a1a-8fa4-f864aa683bd2,e1a590c791fd27eeb4e1a734ef971fb5d3a4b246e61c74e45af5eec68d028da0,.cache/sources/by-sha/e1a590c791fd27eeb4e1a734ef971fb5d3a4b246e61c74e45af5eec68d028da0.pdf,1,p. 1: (X-Y) Heat Distortion (HDT) ISO 75 0.45 MPa ℃,50.8 ± 3 ℃ · XY · specimen: Printed specimen,The text layer prints 50.8 for HDT; the optical reading did not find it. Judge the value from the page image.,value
T00253,2,value-check,1b,measurements,V004785,,Glass transition temperature,G013-03,SUNLU PLA Twinkling,R-SUNLU-581a2c53-a377-4a1a-8fa4-f864aa683bd2,e1a590c791fd27eeb4e1a734ef971fb5d3a4b246e61c74e45af5eec68d028da0,.cache/sources/by-sha/e1a590c791fd27eeb4e1a734ef971fb5d3a4b246e61c74e45af5eec68d028da0.pdf,1,p. 1: Glass Transition (Tg) ISO 11357-2 10 ℃/min ℃,63 ℃ · specimen: Printed specimen,The text layer prints 63 for Glass transition temperature; the optical reading did not find it. Judge the value from the page image.,value
T00254,2,value-check,1b,measurements,V004789,,Density,G013-03,SUNLU PLA Twinkling,R-SUNLU-581a2c53-a377-4a1a-8fa4-f864aa683bd2,e1a590c791fd27eeb4e1a734ef971fb5d3a4b246e61c74e45af5eec68d028da0,.cache/sources/by-sha/e1a590c791fd27eeb4e1a734ef971fb5d3a4b246e61c74e45af5eec68d028da0.pdf,1,p. 1: Density ISO 1183 23℃ g/cm3,1.25 g/cm3 · specimen: Not published (density specimen form not explicitly established),The text layer prints 1.25 for Density; the optical reading did not find it. Judge the value from the page image.,value
T00255,2,value-check,1b,measurements,V004790,,Tensile strength (endpoint unspecified),G093-03,SUNLU PVB,R-SUNLU-042608c3-25e5-4515-a83e-f2220185296c,fab54bfd39fbefe0bca7ddb7e5326b06958da23151c4b01914d1e7ee0bbff589,.cache/sources/by-sha/fab54bfd39fbefe0bca7ddb7e5326b06958da23151c4b01914d1e7ee0bbff589.pdf,1,p. 1: (X-Y) Tensile Strength ISO 527/2 50 mm/min MPa,48 ± 5 MPa · XY · specimen: Printed specimen,The text layer prints 48 for Tensile strength (endpoint unspecified); the optical reading did not find it. Judge the value from the page image.,value
T00256,2,value-check,1b,measurements,V004791,,Elongation at break,G093-03,SUNLU PVB,R-SUNLU-042608c3-25e5-4515-a83e-f2220185296c,fab54bfd39fbefe0bca7ddb7e5326b06958da23151c4b01914d1e7ee0bbff589,.cache/sources/by-sha/fab54bfd39fbefe0bca7ddb7e5326b06958da23151c4b01914d1e7ee0bbff589.pdf,1,p. 1: (X-Y) Elongation at break ISO 527/2 50 mm/min %,14 ± 3 % · XY · specimen: Printed specimen,The text layer prints 14 for Elongation at break; the optical reading did not find it. Judge the value from the page image.,value
T00257,2,value-check,1b,measurements,V004794,,Izod impact strength,G093-03,SUNLU PVB,R-SUNLU-042608c3-25e5-4515-a83e-f2220185296c,fab54bfd39fbefe0bca7ddb7e5326b06958da23151c4b01914d1e7ee0bbff589,.cache/sources/by-sha/fab54bfd39fbefe0bca7ddb7e5326b06958da23151c4b01914d1e7ee0bbff589.pdf,1,p. 1: (X-Y) Izod Impact Strength of Notched ISO 180 23℃ KJ/m2 Specimen,6.5 ± 2 KJ/m2 · Notched · XY · specimen: Printed specimen,The text layer prints 6.5 for Izod impact strength; the optical reading did not find it. Judge the value from the page image.,value
T00258,2,value-check,1b,measurements,V004797,,HDT,G093-03,SUNLU PVB,R-SUNLU-042608c3-25e5-4515-a83e-f2220185296c,fab54bfd39fbefe0bca7ddb7e5326b06958da23151c4b01914d1e7ee0bbff589,.cache/sources/by-sha/fab54bfd39fbefe0bca7ddb7e5326b06958da23151c4b01914d1e7ee0bbff589.pdf,1,p. 1: (X-Y) Heat Distortion (HDT) ISO 75 0.45 MPa ℃,55.8 ± 3 ℃ · XY · specimen: Printed specimen,The text layer prints 55.8 for HDT; the optical reading did not find it. Judge the value from the page image.,value
T00259,2,value-check,1b,measurements,V004798,,Glass transition temperature,G093-03,SUNLU PVB,R-SUNLU-042608c3-25e5-4515-a83e-f2220185296c,fab54bfd39fbefe0bca7ddb7e5326b06958da23151c4b01914d1e7ee0bbff589,.cache/sources/by-sha/fab54bfd39fbefe0bca7ddb7e5326b06958da23151c4b01914d1e7ee0bbff589.pdf,1,p. 1: Glass Transition (Tg) ISO 11357-2 10 ℃/min ℃,70 ℃ · specimen: Printed specimen,The text layer prints 70 for Glass transition temperature; the optical reading did not find it. Judge the value from the page image.,value
T00260,2,value-check,1b,measurements,V004801,,Density,G093-03,SUNLU PVB,R-SUNLU-042608c3-25e5-4515-a83e-f2220185296c,fab54bfd39fbefe0bca7ddb7e5326b06958da23151c4b01914d1e7ee0bbff589,.cache/sources/by-sha/fab54bfd39fbefe0bca7ddb7e5326b06958da23151c4b01914d1e7ee0bbff589.pdf,1,p. 1: Density ISO 1183 23℃ g/cm3,1.08 g/cm3 · specimen: Not published (density specimen form not explicitly established),The text layer prints 1.08 for Density; the optical reading did not find it. Judge the value from the page image.,value
T00261,2,value-check,1b,measurements,V006146,,Glass transition temperature,G026-05,Polymaker PETG ESD,R-POLYMAKER-FIBERON-TDS-FIBERON-PETG-ESD-V1-1-EN-1,058a8c3270f4fec4f190273d689add4ff16245000621c365b7dd3b6caab1c4fb,.cache/sources/by-sha/058a8c3270f4fec4f190273d689add4ff16245000621c365b7dd3b6caab1c4fb.pdf,1,p. 1: Glass transition temp.,77 °C · specimen: Not published (do not assume printed),The text layer prints 77 for Glass transition temperature; the optical reading did not find it. Judge the value from the page image.,value
T00262,2,value-check,1,measurements,V008030,,Density,G028-10,QIDI NexABS-GF25,R-QIDI-ABS-GF25,20d212ff485b8cfde3c86e23dd2fddfb287d0e449e999b6a518430507351ce4d,.cache/sources/by-sha/20d212ff485b8cfde3c86e23dd2fddfb287d0e449e999b6a518430507351ce4d.pdf,3,p. 3: 密度 ISO 1183 Density,1.15 g/cm³ · specimen: Not published (density specimen form not explicitly established),The text layer prints 1.15 for Density; the optical reading did not find it. Judge the value from the page image.,yes
T00263,2,value-check,1b,measurements,V008031,,Glass transition temperature,G028-10,QIDI NexABS-GF25,R-QIDI-ABS-GF25,20d212ff485b8cfde3c86e23dd2fddfb287d0e449e999b6a518430507351ce4d,.cache/sources/by-sha/20d212ff485b8cfde3c86e23dd2fddfb287d0e449e999b6a518430507351ce4d.pdf,3,p. 3: 玻璃化转变温度 ISO 11357 Glass transition temperature,103 °C · specimen: Not published (do not assume printed),The text layer prints 103 for Glass transition temperature; the optical reading did not find it. Judge the value from the page image.,value
T00264,2,value-check,1,measurements,V008034,,HDT,G028-10,QIDI NexABS-GF25,R-QIDI-ABS-GF25,20d212ff485b8cfde3c86e23dd2fddfb287d0e449e999b6a518430507351ce4d,.cache/sources/by-sha/20d212ff485b8cfde3c86e23dd2fddfb287d0e449e999b6a518430507351ce4d.pdf,3,p. 3: Heat deflection temperature,87 °C · specimen: Printed specimen,The text layer prints 87 for HDT; the optical reading did not find it. Judge the value from the page image.,yes
T00265,2,value-check,1b,measurements,V008035,,Tensile break strength,G028-10,QIDI NexABS-GF25,R-QIDI-ABS-GF25,20d212ff485b8cfde3c86e23dd2fddfb287d0e449e999b6a518430507351ce4d,.cache/sources/by-sha/20d212ff485b8cfde3c86e23dd2fddfb287d0e449e999b6a518430507351ce4d.pdf,4,p. 4: 拉伸断裂强度(X-Y) Tensile breaking strength,48.48 ± 0.61 MPa · XY · specimen: Printed specimen,The text layer prints 0.61; 48.48 for Tensile break strength; the optical reading did not find it. Judge the value from the page image.,value
T00266,2,value-check,1b,measurements,V008036,,Elongation at break,G028-10,QIDI NexABS-GF25,R-QIDI-ABS-GF25,20d212ff485b8cfde3c86e23dd2fddfb287d0e449e999b6a518430507351ce4d,.cache/sources/by-sha/20d212ff485b8cfde3c86e23dd2fddfb287d0e449e999b6a518430507351ce4d.pdf,4,p. 4: 断裂伸长率(X-Y) ISO 527 Elongation at break,2.10 ± 0.10 % · XY · specimen: Printed specimen,The text layer prints 2.1; 0.1 for Elongation at break; the optical reading did not find it. Judge the value from the page image.,value
T00267,2,value-check,1,measurements,V008037,,Tensile modulus,G028-10,QIDI NexABS-GF25,R-QIDI-ABS-GF25,20d212ff485b8cfde3c86e23dd2fddfb287d0e449e999b6a518430507351ce4d,.cache/sources/by-sha/20d212ff485b8cfde3c86e23dd2fddfb287d0e449e999b6a518430507351ce4d.pdf,4,p. 4: 杨氏模量(X-Y) Young's Modulus,3752.13 ± 68.39 MPa · XY · specimen: Printed specimen,The text layer prints 68.39; 3752.13 for Tensile modulus; the optical reading did not find it. Judge the value from the page image.,yes
T00268,2,value-check,1b,measurements,V008038,,Tensile break strength,G028-10,QIDI NexABS-GF25,R-QIDI-ABS-GF25,20d212ff485b8cfde3c86e23dd2fddfb287d0e449e999b6a518430507351ce4d,.cache/sources/by-sha/20d212ff485b8cfde3c86e23dd2fddfb287d0e449e999b6a518430507351ce4d.pdf,4,p. 4: 拉伸断裂强度(Z) Tensile breaking strength,30.48 ± 0.47 MPa · Z · specimen: Printed specimen,The text layer prints 30.48; 0.47 for Tensile break strength; the optical reading did not find it. Judge the value from the page image.,value
T00269,2,value-check,1b,measurements,V008043,,Charpy strength,G028-10,QIDI NexABS-GF25,R-QIDI-ABS-GF25,20d212ff485b8cfde3c86e23dd2fddfb287d0e449e999b6a518430507351ce4d,.cache/sources/by-sha/20d212ff485b8cfde3c86e23dd2fddfb287d0e449e999b6a518430507351ce4d.pdf,4,p. 4: 缺口冲击强度(X-Y) ISO 179 Charpy impact strength,8.91 ± 0.63 KJ/㎡ · Notched · XY · specimen: Printed specimen,The text layer prints 8.91; 0.63 for Charpy strength; the optical reading did not find it. Judge the value from the page image.,value
T00270,2,value-check,1b,measurements,V008047,,Density,G027-32,QIDI ABS,R-QIDI-ODORLESS-ABS,387e9400e0e400ca0712b225e27c3cded5daf7411adbc83c1d70289169be2633,.cache/sources/by-sha/387e9400e0e400ca0712b225e27c3cded5daf7411adbc83c1d70289169be2633.pdf,2,p. 2: 密度 ISO 1183,1.05 g/cm³ · specimen: Not published (density specimen form not explicitly established),The text layer prints 1.05 for Density; the optical reading did not find it. Judge the value from the page image.,value
T00271,2,value-check,1b,measurements,V008048,,Glass transition temperature,G027-32,QIDI ABS,R-QIDI-ODORLESS-ABS,387e9400e0e400ca0712b225e27c3cded5daf7411adbc83c1d70289169be2633,.cache/sources/by-sha/387e9400e0e400ca0712b225e27c3cded5daf7411adbc83c1d70289169be2633.pdf,2,p. 2: 玻璃化转变温度 ISO 11357 Glass transition temperature,101 °C · specimen: Not published (do not assume printed),The text layer prints 101 for Glass transition temperature; the optical reading did not find it. Judge the value from the page image.,value
T00272,2,value-check,1,measurements,V008052,,HDT,G027-32,QIDI ABS,R-QIDI-ODORLESS-ABS,387e9400e0e400ca0712b225e27c3cded5daf7411adbc83c1d70289169be2633,.cache/sources/by-sha/387e9400e0e400ca0712b225e27c3cded5daf7411adbc83c1d70289169be2633.pdf,2,p. 2: Determination of temperature 拉伸屈服强度,92 °C · specimen: Printed specimen,The text layer prints 92 for HDT; the optical reading did not find it. Judge the value from the page image.,yes
T00273,2,value-check,1b,measurements,V008053,,Tensile yield strength,G027-32,QIDI ABS,R-QIDI-ODORLESS-ABS,387e9400e0e400ca0712b225e27c3cded5daf7411adbc83c1d70289169be2633,.cache/sources/by-sha/387e9400e0e400ca0712b225e27c3cded5daf7411adbc83c1d70289169be2633.pdf,2,p. 2: 拉伸屈服强度 Tensile yield strength (X-Y),38.96 ± 0.33 MPa · XY · specimen: Printed specimen,The text layer prints 0.33; 38.96 for Tensile yield strength; the optical reading did not find it. Judge the value from the page image.,value
T00274,2,value-check,1b,measurements,V008054,,Tensile modulus,G027-32,QIDI ABS,R-QIDI-ODORLESS-ABS,387e9400e0e400ca0712b225e27c3cded5daf7411adbc83c1d70289169be2633,.cache/sources/by-sha/387e9400e0e400ca0712b225e27c3cded5daf7411adbc83c1d70289169be2633.pdf,2,p. 2: (X-Y) 拉伸模量 Young's Modulus,2384.22 ± 20.0 MPa · XY · specimen: Printed specimen,The text layer prints 20; 2384.22 for Tensile modulus; the optical reading did not find it. Judge the value from the page image.,value
T00275,2,value-check,1b,measurements,V008056,,Elongation at break,G027-32,QIDI ABS,R-QIDI-ODORLESS-ABS,387e9400e0e400ca0712b225e27c3cded5daf7411adbc83c1d70289169be2633,.cache/sources/by-sha/387e9400e0e400ca0712b225e27c3cded5daf7411adbc83c1d70289169be2633.pdf,3,p. 3: 断裂伸长率 Elongation at break (X-Y),5.77 ± 0.84 % · XY · specimen: Printed specimen,The text layer prints 0.84; 5.77 for Elongation at break; the optical reading did not find it. Judge the value from the page image.,value
T00276,2,value-check,1b,measurements,V008057,,Tensile break strength,G027-32,QIDI ABS,R-QIDI-ODORLESS-ABS,387e9400e0e400ca0712b225e27c3cded5daf7411adbc83c1d70289169be2633,.cache/sources/by-sha/387e9400e0e400ca0712b225e27c3cded5daf7411adbc83c1d70289169be2633.pdf,3,p. 3: Tensile breaking strength,26.16 ± 1.73 MPa · Z · specimen: Printed specimen,The text layer prints 1.73; 26.16 for Tensile break strength; the optical reading did not find it. Judge the value from the page image.,value
T00277,2,value-check,1b,measurements,V008063,,Charpy strength,G027-32,QIDI ABS,R-QIDI-ODORLESS-ABS,387e9400e0e400ca0712b225e27c3cded5daf7411adbc83c1d70289169be2633,.cache/sources/by-sha/387e9400e0e400ca0712b225e27c3cded5daf7411adbc83c1d70289169be2633.pdf,3,p. 3: Charpy impact strength ISO 179,20.03 ± 1.32 KJ/㎡ · Notched · XY · specimen: Printed specimen,The text layer prints 1.32; 20.03 for Charpy strength; the optical reading did not find it. Judge the value from the page image.,value
T00278,2,value-check,1b,measurements,V008064,,Density,G032-04,QIDI ASA-Aero,R-QIDI-ASA-AERO,446c853fea6a7e4f1e01a4b1b7939f27e8f6e3b98768fc007e418ec8ef402c1c,.cache/sources/by-sha/446c853fea6a7e4f1e01a4b1b7939f27e8f6e3b98768fc007e418ec8ef402c1c.pdf,2,p. 2: 密度 ISO 845 Density,1.03 g/cm³ · specimen: Not published (density specimen form not explicitly established),The text layer prints 1.03 for Density; the optical reading did not find it. Judge the value from the page image.,value
T00279,2,value-check,1b,measurements,V008066,,HDT,G032-04,QIDI ASA-Aero,R-QIDI-ASA-AERO,446c853fea6a7e4f1e01a4b1b7939f27e8f6e3b98768fc007e418ec8ef402c1c,.cache/sources/by-sha/446c853fea6a7e4f1e01a4b1b7939f27e8f6e3b98768fc007e418ec8ef402c1c.pdf,2,p. 2: Determination of temperature,70 °C · specimen: Printed specimen,The text layer prints 70 for HDT; the optical reading did not find it. Judge the value from the page image.,value
T00280,2,value-check,1b,measurements,V008067,,Tensile break strength,G032-04,QIDI ASA-Aero,R-QIDI-ASA-AERO,446c853fea6a7e4f1e01a4b1b7939f27e8f6e3b98768fc007e418ec8ef402c1c,.cache/sources/by-sha/446c853fea6a7e4f1e01a4b1b7939f27e8f6e3b98768fc007e418ec8ef402c1c.pdf,2,p. 2: 断裂拉伸强度(X-Y) Tensile strength at Break (X-Y),8.25 ± 0.15 MPa · XY · specimen: Printed specimen,The text layer prints 0.15; 8.25 for Tensile break strength; the optical reading did not find it. Judge the value from the page image.,value
T00281,2,value-check,1b,measurements,V008068,,Elongation at break,G032-04,QIDI ASA-Aero,R-QIDI-ASA-AERO,446c853fea6a7e4f1e01a4b1b7939f27e8f6e3b98768fc007e418ec8ef402c1c,.cache/sources/by-sha/446c853fea6a7e4f1e01a4b1b7939f27e8f6e3b98768fc007e418ec8ef402c1c.pdf,2,p. 2: 断裂伸长率(X-Y) ISO 527 Elongation at break (X-Y),11.52 ± 0.58 % · XY · specimen: Printed specimen,The text layer prints 11.52; 0.58 for Elongation at break; the optical reading did not find it. Judge the value from the page image.,value
T00282,2,value-check,1b,measurements,V008069,,Tensile modulus,G032-04,QIDI ASA-Aero,R-QIDI-ASA-AERO,446c853fea6a7e4f1e01a4b1b7939f27e8f6e3b98768fc007e418ec8ef402c1c,.cache/sources/by-sha/446c853fea6a7e4f1e01a4b1b7939f27e8f6e3b98768fc007e418ec8ef402c1c.pdf,2,p. 2: 杨氏模量(X-Y) Young's Modulus,593.99 ± 24.34 MPa · XY · specimen: Printed specimen,The text layer prints 24.34; 593.99 for Tensile modulus; the optical reading did not find it. Judge the value from the page image.,value
T00283,2,value-check,1b,measurements,V008070,,Tensile break strength,G032-04,QIDI ASA-Aero,R-QIDI-ASA-AERO,446c853fea6a7e4f1e01a4b1b7939f27e8f6e3b98768fc007e418ec8ef402c1c,.cache/sources/by-sha/446c853fea6a7e4f1e01a4b1b7939f27e8f6e3b98768fc007e418ec8ef402c1c.pdf,2,p. 2: 断裂拉伸强度(Z) Tensile strength at Break (Z),7.86 ± 0.14 MPa · Z · specimen: Printed specimen,The text layer prints 7.86; 0.14 for Tensile break strength; the optical reading did not find it. Judge the value from the page image.,value
T00284,2,value-check,1,measurements,V008075,,Density,G033-14,QIDI ASA-CF20 Core,R-QIDI-ASA-CF20-CORE,6578afca6561181428c896d6a3ab8ff2f5b1d7a2bf9623eb6e9926590971a320,.cache/sources/by-sha/6578afca6561181428c896d6a3ab8ff2f5b1d7a2bf9623eb6e9926590971a320.pdf,3,p. 3: 密度 ISO 1183,1.06 g/cm³ · specimen: Not published (density specimen form not explicitly established),The text layer prints 1.06 for Density; the optical reading did not find it. Judge the value from the page image.,yes
T00285,2,value-check,1,measurements,V008078,,HDT,G033-14,QIDI ASA-CF20 Core,R-QIDI-ASA-CF20-CORE,6578afca6561181428c896d6a3ab8ff2f5b1d7a2bf9623eb6e9926590971a320,.cache/sources/by-sha/6578afca6561181428c896d6a3ab8ff2f5b1d7a2bf9623eb6e9926590971a320.pdf,3,p. 3: Determination of temperature ISO 75: Method B 拉伸强度(X-Y),101.1 °C · specimen: Printed specimen,The text layer prints 101.1 for HDT; the optical reading did not find it. Judge the value from the page image.,yes
T00286,2,value-check,1b,measurements,V008079,,Tensile strength (endpoint unspecified),G033-14,QIDI ASA-CF20 Core,R-QIDI-ASA-CF20-CORE,6578afca6561181428c896d6a3ab8ff2f5b1d7a2bf9623eb6e9926590971a320,.cache/sources/by-sha/6578afca6561181428c896d6a3ab8ff2f5b1d7a2bf9623eb6e9926590971a320.pdf,3,p. 3: 拉伸强度(X-Y) Tensile strength(X-Y),50.06 ± 1.0 Mpa · XY · specimen: Printed specimen,The text layer prints 50.06 for Tensile strength (endpoint unspecified); the optical reading did not find it. Judge the value from the page image.,value
T00287,2,value-check,1,measurements,V008080,,Tensile modulus,G033-14,QIDI ASA-CF20 Core,R-QIDI-ASA-CF20-CORE,6578afca6561181428c896d6a3ab8ff2f5b1d7a2bf9623eb6e9926590971a320,.cache/sources/by-sha/6578afca6561181428c896d6a3ab8ff2f5b1d7a2bf9623eb6e9926590971a320.pdf,3,p. 3: Tensile strength(X-Y) 拉伸模量(X-Y) ISO 527 Young’s modulus(X-Y),4502.58 ± 103.44 Mpa · XY · specimen: Printed specimen,The text layer prints 4502.58; 103.44 for Tensile modulus; the optical reading did not find it. Judge the value from the page image.,yes
T00288,2,value-check,1b,measurements,V008081,,Elongation at break,G033-14,QIDI ASA-CF20 Core,R-QIDI-ASA-CF20-CORE,6578afca6561181428c896d6a3ab8ff2f5b1d7a2bf9623eb6e9926590971a320,.cache/sources/by-sha/6578afca6561181428c896d6a3ab8ff2f5b1d7a2bf9623eb6e9926590971a320.pdf,3,p. 3: Young’s modulus(X-Y) 断裂伸长率(X-Y) Elongation at break (X-Y),1.64 ± 0.11 % · XY · specimen: Printed specimen,The text layer prints 0.11; 1.64 for Elongation at break; the optical reading did not find it. Judge the value from the page image.,value
T00289,2,value-check,1b,measurements,V008084,,Charpy strength,G033-14,QIDI ASA-CF20 Core,R-QIDI-ASA-CF20-CORE,6578afca6561181428c896d6a3ab8ff2f5b1d7a2bf9623eb6e9926590971a320,.cache/sources/by-sha/6578afca6561181428c896d6a3ab8ff2f5b1d7a2bf9623eb6e9926590971a320.pdf,3,p. 3: 缺口冲击强度 (X-Y) ISO 179 Charpy impact strength (X-Y),5.76 ± 0.17 KJ/㎡ · Notched · XY · specimen: Printed specimen,The text layer prints 5.76; 0.17 for Charpy strength; the optical reading did not find it. Judge the value from the page image.,value
T00290,2,value-check,1b,measurements,V008085,,Tensile strength (endpoint unspecified),G033-14,QIDI ASA-CF20 Core,R-QIDI-ASA-CF20-CORE,6578afca6561181428c896d6a3ab8ff2f5b1d7a2bf9623eb6e9926590971a320,.cache/sources/by-sha/6578afca6561181428c896d6a3ab8ff2f5b1d7a2bf9623eb6e9926590971a320.pdf,3,p. 3: 拉伸强度 (Z) Tensile strength (Z),31.03 ± 2.18 MPa · Z · specimen: Printed specimen,The text layer prints 2.18; 31.03 for Tensile strength (endpoint unspecified); the optical reading did not find it. Judge the value from the page image.,value
T00291,2,value-check,1b,measurements,V008091,,Density,G031-25,QIDI ASA,R-QIDI-ASA,a25213876b47e652fe09ed983f6130faa28e316ad76362637ccc395792bafdf4,.cache/sources/by-sha/a25213876b47e652fe09ed983f6130faa28e316ad76362637ccc395792bafdf4.pdf,2,p. 2: 密度 ISO 1183 Density,1.07 g/cm³ · specimen: Not published (density specimen form not explicitly established),The text layer prints 1.07 for Density; the optical reading did not find it. Judge the value from the page image.,value
T00292,2,value-check,1b,measurements,V008092,,Glass transition temperature,G031-25,QIDI ASA,R-QIDI-ASA,a25213876b47e652fe09ed983f6130faa28e316ad76362637ccc395792bafdf4,.cache/sources/by-sha/a25213876b47e652fe09ed983f6130faa28e316ad76362637ccc395792bafdf4.pdf,2,p. 2: Density 玻璃化转变温度 ISO 11357 Glass transition temperature,98 °C · specimen: Not published (do not assume printed),The text layer prints 98 for Glass transition temperature; the optical reading did not find it. Judge the value from the page image.,value
T00293,2,value-check,1,measurements,V008096,,HDT,G031-25,QIDI ASA,R-QIDI-ASA,a25213876b47e652fe09ed983f6130faa28e316ad76362637ccc395792bafdf4,.cache/sources/by-sha/a25213876b47e652fe09ed983f6130faa28e316ad76362637ccc395792bafdf4.pdf,2,p. 2: Determination of temperature,93 °C · specimen: Printed specimen,The text layer prints 93 for HDT; the optical reading did not find it. Judge the value from the page image.,yes
T00294,2,value-check,1b,measurements,V008097,,Tensile yield strength,G031-25,QIDI ASA,R-QIDI-ASA,a25213876b47e652fe09ed983f6130faa28e316ad76362637ccc395792bafdf4,.cache/sources/by-sha/a25213876b47e652fe09ed983f6130faa28e316ad76362637ccc395792bafdf4.pdf,3,p. 3: 拉伸屈服强度(X-Y) Tensile yield strength,38.5 ± 1.60 MPa · XY · specimen: Printed specimen,The text layer prints 38.5; 1.6 for Tensile yield strength; the optical reading did not find it. Judge the value from the page image.,value
T00295,2,value-check,1b,measurements,V008099,,Tensile modulus,G031-25,QIDI ASA,R-QIDI-ASA,a25213876b47e652fe09ed983f6130faa28e316ad76362637ccc395792bafdf4,.cache/sources/by-sha/a25213876b47e652fe09ed983f6130faa28e316ad76362637ccc395792bafdf4.pdf,3,p. 3: 杨氏模量(X-Y) ISO 527 Young's Modulus,2317 ± 246.0 MPa · XY · specimen: Printed specimen,The text layer prints 246; 2317 for Tensile modulus; the optical reading did not find it. Judge the value from the page image.,value
T00296,2,value-check,1b,measurements,V008101,,Elongation at break,G031-25,QIDI ASA,R-QIDI-ASA,a25213876b47e652fe09ed983f6130faa28e316ad76362637ccc395792bafdf4,.cache/sources/by-sha/a25213876b47e652fe09ed983f6130faa28e316ad76362637ccc395792bafdf4.pdf,3,p. 3: 断裂伸长率(X-Y) Elongation at break,5.2 ± 1.40 % · XY · specimen: Printed specimen,The text layer prints 5.2; 1.4 for Elongation at break; the optical reading did not find it. Judge the value from the page image.,value
T00297,2,value-check,1b,measurements,V008102,,Tensile break strength,G031-25,QIDI ASA,R-QIDI-ASA,a25213876b47e652fe09ed983f6130faa28e316ad76362637ccc395792bafdf4,.cache/sources/by-sha/a25213876b47e652fe09ed983f6130faa28e316ad76362637ccc395792bafdf4.pdf,3,p. 3: 拉伸断裂强度(Z) Tensile breaking strength,27.87 ± 0.42 MPa · Z · specimen: Printed specimen,The text layer prints 0.42; 27.87 for Tensile break strength; the optical reading did not find it. Judge the value from the page image.,value
T00298,2,value-check,1b,measurements,V008107,,Charpy strength,G031-25,QIDI ASA,R-QIDI-ASA,a25213876b47e652fe09ed983f6130faa28e316ad76362637ccc395792bafdf4,.cache/sources/by-sha/a25213876b47e652fe09ed983f6130faa28e316ad76362637ccc395792bafdf4.pdf,3,p. 3: 缺口冲击强度(X-Y) ISO 179 Charpy impact strength,12.9 ± 0.9 KJ/㎡ · Notched · XY · specimen: Printed specimen,The text layer prints 0.9; 12.9 for Charpy strength; the optical reading did not find it. Judge the value from the page image.,value
T00299,2,value-check,1b,measurements,V008108,,Density,G039-50,QIDI TPU95A-HF,R-QIDI-TPU95A-HF,aecae6b621183444eb359d8e08099d6f30519e191342392b6b7a7e597b5bb196,.cache/sources/by-sha/aecae6b621183444eb359d8e08099d6f30519e191342392b6b7a7e597b5bb196.pdf,2,p. 2: 密度 ISO 1183 Density,1.15 g/cm³ · specimen: Not published (density specimen form not explicitly established),The text layer prints 1.15 for Density; the optical reading did not find it. Judge the value from the page image.,value
T00300,2,value-check,1b,measurements,V008111,,Tensile break strength,G039-50,QIDI TPU95A-HF,R-QIDI-TPU95A-HF,aecae6b621183444eb359d8e08099d6f30519e191342392b6b7a7e597b5bb196,.cache/sources/by-sha/aecae6b621183444eb359d8e08099d6f30519e191342392b6b7a7e597b5bb196.pdf,2,p. 2: 拉伸断裂强度 (X-Y) Tensile breaking strength (X-Y),31.81 ± 3.26 MPa · XY · specimen: Printed specimen,The text layer prints 3.26; 31.81 for Tensile break strength; the optical reading did not find it. Judge the value from the page image.,value
T00301,2,value-check,1,measurements,V008112,,Elongation at break,G039-50,QIDI TPU95A-HF,R-QIDI-TPU95A-HF,aecae6b621183444eb359d8e08099d6f30519e191342392b6b7a7e597b5bb196,.cache/sources/by-sha/aecae6b621183444eb359d8e08099d6f30519e191342392b6b7a7e597b5bb196.pdf,2,p. 2: elongation at break (X-Y),471 ± 81 % · XY · specimen: Printed specimen,The text layer prints 471; 81 for Elongation at break; the optical reading did not find it. Judge the value from the page image.,yes
T00302,2,value-check,1b,measurements,V008126,,Density,G020-45,QIDI ToughPETG-HF,R-QIDI-PETG-TOUGH,bb72c5721e1b12bc5919cffbaae584d44c120ac3b97be7e3380290876a442b61,.cache/sources/by-sha/bb72c5721e1b12bc5919cffbaae584d44c120ac3b97be7e3380290876a442b61.pdf,2,p. 2: 密度 ISO 1183 Density,1.27 g/cm³ · specimen: Not published (density specimen form not explicitly established),The text layer prints 1.27 for Density; the optical reading did not find it. Judge the value from the page image.,value
T00303,2,value-check,1b,measurements,V008127,,Glass transition temperature,G020-45,QIDI ToughPETG-HF,R-QIDI-PETG-TOUGH,bb72c5721e1b12bc5919cffbaae584d44c120ac3b97be7e3380290876a442b61,.cache/sources/by-sha/bb72c5721e1b12bc5919cffbaae584d44c120ac3b97be7e3380290876a442b61.pdf,2,p. 2: Density 玻璃化转变温度 ISO 11357 Glass transition temperature,80 °C · specimen: Not published (do not assume printed),The text layer prints 80 for Glass transition temperature; the optical reading did not find it. Judge the value from the page image.,value
T00304,2,value-check,1,measurements,V008130,,HDT,G020-45,QIDI ToughPETG-HF,R-QIDI-PETG-TOUGH,bb72c5721e1b12bc5919cffbaae584d44c120ac3b97be7e3380290876a442b61,.cache/sources/by-sha/bb72c5721e1b12bc5919cffbaae584d44c120ac3b97be7e3380290876a442b61.pdf,2,p. 2: Determination of temperature,70 °C · specimen: Printed specimen,The text layer prints 70 for HDT; the optical reading did not find it. Judge the value from the page image.,yes
T00305,2,value-check,1b,measurements,V008131,,Tensile yield strength,G020-45,QIDI ToughPETG-HF,R-QIDI-PETG-TOUGH,bb72c5721e1b12bc5919cffbaae584d44c120ac3b97be7e3380290876a442b61,.cache/sources/by-sha/bb72c5721e1b12bc5919cffbaae584d44c120ac3b97be7e3380290876a442b61.pdf,2,p. 2: 拉伸屈服强度(X-Y) Tensile yield strength(X-Y),44.23 ± 0.64 MPa · XY · specimen: Printed specimen,The text layer prints 0.64; 44.23 for Tensile yield strength; the optical reading did not find it. Judge the value from the page image.,value
T00306,2,value-check,1b,measurements,V008133,,Tensile modulus,G020-45,QIDI ToughPETG-HF,R-QIDI-PETG-TOUGH,bb72c5721e1b12bc5919cffbaae584d44c120ac3b97be7e3380290876a442b61,.cache/sources/by-sha/bb72c5721e1b12bc5919cffbaae584d44c120ac3b97be7e3380290876a442b61.pdf,2,p. 2: 杨氏模量(X-Y) Young's modulus(X-Y),1821.82 ± 49.41 MPa · XY · specimen: Printed specimen,The text layer prints 49.41; 1821.82 for Tensile modulus; the optical reading did not find it. Judge the value from the page image.,value
T00307,2,value-check,1b,measurements,V008134,,Elongation at break,G020-45,QIDI ToughPETG-HF,R-QIDI-PETG-TOUGH,bb72c5721e1b12bc5919cffbaae584d44c120ac3b97be7e3380290876a442b61,.cache/sources/by-sha/bb72c5721e1b12bc5919cffbaae584d44c120ac3b97be7e3380290876a442b61.pdf,2,p. 2: 断裂伸长率(X-Y) Elongation at break(X-Y),14.04 ± 7.77 % · XY · specimen: Printed specimen,The text layer prints 7.77; 14.04 for Elongation at break; the optical reading did not find it. Judge the value from the page image.,value
T00308,2,value-check,1b,measurements,V008136,,Tensile break strength,G020-45,QIDI ToughPETG-HF,R-QIDI-PETG-TOUGH,bb72c5721e1b12bc5919cffbaae584d44c120ac3b97be7e3380290876a442b61,.cache/sources/by-sha/bb72c5721e1b12bc5919cffbaae584d44c120ac3b97be7e3380290876a442b61.pdf,2,p. 2: 拉伸断裂强度(Z) Tensile breaking strength(Z),42.70 ± 0.51 MPa · Z · specimen: Printed specimen,The text layer prints 0.51; 42.7 for Tensile break strength; the optical reading did not find it. Judge the value from the page image.,value
T00309,2,value-check,1b,measurements,V008150,,Density,G068-05,QIDI PET-GF,R-QIDI-PET-GF,f522e5d934d58f7a20ce24bc3c958c3f976fb570ab0ca9cd73f0d2c2e0f3623a,.cache/sources/by-sha/f522e5d934d58f7a20ce24bc3c958c3f976fb570ab0ca9cd73f0d2c2e0f3623a.pdf,2,p. 2: 密度 ISO 1183,1.38 g/cm³ · specimen: Not published (density specimen form not explicitly established),The text layer prints 1.38 for Density; the optical reading did not find it. Judge the value from the page image.,value
T00310,2,value-check,1,measurements,V008154,,HDT,G068-05,QIDI PET-GF,R-QIDI-PET-GF,f522e5d934d58f7a20ce24bc3c958c3f976fb570ab0ca9cd73f0d2c2e0f3623a,.cache/sources/by-sha/f522e5d934d58f7a20ce24bc3c958c3f976fb570ab0ca9cd73f0d2c2e0f3623a.pdf,3,p. 3: Determination of temperature ISO 75: Method B,120.3 °C · specimen: Printed specimen,The text layer prints 120.3 for HDT; the optical reading did not find it. Judge the value from the page image.,yes
T00311,2,value-check,1b,measurements,V008155,,Tensile strength (endpoint unspecified),G068-05,QIDI PET-GF,R-QIDI-PET-GF,f522e5d934d58f7a20ce24bc3c958c3f976fb570ab0ca9cd73f0d2c2e0f3623a,.cache/sources/by-sha/f522e5d934d58f7a20ce24bc3c958c3f976fb570ab0ca9cd73f0d2c2e0f3623a.pdf,3,p. 3: 拉伸强度(X-Y) Tensile strength(X-Y),70.86 ± 2.86 Mpa · XY · specimen: Printed specimen,The text layer prints 70.86; 2.86 for Tensile strength (endpoint unspecified); the optical reading did not find it. Judge the value from the page image.,value
T00312,2,value-check,1b,measurements,V008156,,Elongation at break,G068-05,QIDI PET-GF,R-QIDI-PET-GF,f522e5d934d58f7a20ce24bc3c958c3f976fb570ab0ca9cd73f0d2c2e0f3623a,.cache/sources/by-sha/f522e5d934d58f7a20ce24bc3c958c3f976fb570ab0ca9cd73f0d2c2e0f3623a.pdf,3,p. 3: 断裂伸长率(X-Y) Elongation at break (X-Y),2.56 ± 0.30 % · XY · specimen: Printed specimen,The text layer prints 0.3; 2.56 for Elongation at break; the optical reading did not find it. Judge the value from the page image.,value
T00313,2,value-check,1b,measurements,V008159,,Charpy strength,G068-05,QIDI PET-GF,R-QIDI-PET-GF,f522e5d934d58f7a20ce24bc3c958c3f976fb570ab0ca9cd73f0d2c2e0f3623a,.cache/sources/by-sha/f522e5d934d58f7a20ce24bc3c958c3f976fb570ab0ca9cd73f0d2c2e0f3623a.pdf,3,p. 3: 缺口冲击强度 (X-Y) ISO 179 Charpy impact strength (X-Y),6.56 ± 0.68 KJ/㎡ · Notched · XY · specimen: Printed specimen,The text layer prints 0.68; 6.56 for Charpy strength; the optical reading did not find it. Judge the value from the page image.,value
T00314,2,value-check,1b,measurements,V008160,,Tensile strength (endpoint unspecified),G068-05,QIDI PET-GF,R-QIDI-PET-GF,f522e5d934d58f7a20ce24bc3c958c3f976fb570ab0ca9cd73f0d2c2e0f3623a,.cache/sources/by-sha/f522e5d934d58f7a20ce24bc3c958c3f976fb570ab0ca9cd73f0d2c2e0f3623a.pdf,3,p. 3: 拉伸强度 (Z) Tensile strength (Z),33.95 ± 2.38 MPa · Z · specimen: Printed specimen,The text layer prints 2.38; 33.95 for Tensile strength (endpoint unspecified); the optical reading did not find it. Judge the value from the page image.,value
T00315,2,value-check,1b,measurements,V008525,,Density,G082-05,SUNLU PP,R-SUNLU-PP-TDS-7b4ac3a3-751e-42d8-9b0b-bff0d1fc0a3b,b73b1805d859a3ad014b3069def3d6c1a7d068bdb07f129c750534731af74b31,.cache/sources/by-sha/b73b1805d859a3ad014b3069def3d6c1a7d068bdb07f129c750534731af74b31.pdf,1,p. 1: Density ISO1183 23℃ g/cm3,0.9 g/cm3 · specimen: Not published (density specimen form not explicitly established),The text layer prints 0.9 for Density; the optical reading did not find it. Judge the value from the page image.,value
T00316,2,value-check,1b,measurements,V008589,,Tensile strength (endpoint unspecified),G001-111,SUNLU PLA Classic,R-SUNLU-PLA-Classic-TDS,d140af2e6529276f85cd006714659be3ddbe3cff5c14b658fb10268f76b8ab53,.cache/sources/by-sha/d140af2e6529276f85cd006714659be3ddbe3cff5c14b658fb10268f76b8ab53.pdf,1,p. 1: Tensile Strength(X-Y) ISO527/2 50mm/min MPa,28.004 MPa · XY · specimen: Printed specimen,The text layer prints 28.004 for Tensile strength (endpoint unspecified); the optical reading did not find it. Judge the value from the page image.,value
T00317,2,value-check,1b,measurements,V008590,,Elongation at break,G001-111,SUNLU PLA Classic,R-SUNLU-PLA-Classic-TDS,d140af2e6529276f85cd006714659be3ddbe3cff5c14b658fb10268f76b8ab53,.cache/sources/by-sha/d140af2e6529276f85cd006714659be3ddbe3cff5c14b658fb10268f76b8ab53.pdf,1,p. 1: Elongation at break(X-Y) ISO527/2 50mm/min %,27.50 % · XY · specimen: Printed specimen,The text layer prints 27.5 for Elongation at break; the optical reading did not find it. Judge the value from the page image.,value
T00318,2,value-check,1b,measurements,V008593,,Izod impact strength,G001-111,SUNLU PLA Classic,R-SUNLU-PLA-Classic-TDS,d140af2e6529276f85cd006714659be3ddbe3cff5c14b658fb10268f76b8ab53,.cache/sources/by-sha/d140af2e6529276f85cd006714659be3ddbe3cff5c14b658fb10268f76b8ab53.pdf,1,p. 1: IZOD Impact Notched(X-Y) ISO180 23℃ KJ/m2,18.0952 KJ/m2 · Notched · XY · specimen: Printed specimen,The text layer prints 18.0952 for Izod impact strength; the optical reading did not find it. Judge the value from the page image.,value
T00319,2,value-check,1b,measurements,V008595,,HDT,G001-111,SUNLU PLA Classic,R-SUNLU-PLA-Classic-TDS,d140af2e6529276f85cd006714659be3ddbe3cff5c14b658fb10268f76b8ab53,.cache/sources/by-sha/d140af2e6529276f85cd006714659be3ddbe3cff5c14b658fb10268f76b8ab53.pdf,1,p. 1: Heat Deflection (HDT) ISO75 0.45MPa ℃,55 ℃ · specimen: Not published (do not assume printed),The text layer prints 55 for HDT; the optical reading did not find it. Judge the value from the page image.,value
T00320,2,value-check,1b,measurements,V008596,,Glass transition temperature,G001-111,SUNLU PLA Classic,R-SUNLU-PLA-Classic-TDS,d140af2e6529276f85cd006714659be3ddbe3cff5c14b658fb10268f76b8ab53,.cache/sources/by-sha/d140af2e6529276f85cd006714659be3ddbe3cff5c14b658fb10268f76b8ab53.pdf,1,p. 1: Glass Transition(Tg) ISO11357-3 10℃/min ℃,56 ℃ · specimen: Not published (do not assume printed),The text layer prints 56 for Glass transition temperature; the optical reading did not find it. Judge the value from the page image.,value
T00321,2,value-check,1b,measurements,V008599,,Density,G001-111,SUNLU PLA Classic,R-SUNLU-PLA-Classic-TDS,d140af2e6529276f85cd006714659be3ddbe3cff5c14b658fb10268f76b8ab53,.cache/sources/by-sha/d140af2e6529276f85cd006714659be3ddbe3cff5c14b658fb10268f76b8ab53.pdf,1,p. 1: Density ISO1183 23℃ g/cm3,1.365 g/cm3 · specimen: Not published (density specimen form not explicitly established),The text layer prints 1.365 for Density; the optical reading did not find it. Judge the value from the page image.,value
T00322,2,value-check,1b,measurements,V009283,,Tensile strength (endpoint unspecified),G057-06,SUNLU Easy PA,R-SUNLU-a5909dda-0573-4f11-a34a-00d495b1ea09,dfc4e8b55e12ca56866c37b5b957fc83fd64ceb88fbd926a10f291b82e609988,.cache/sources/by-sha/dfc4e8b55e12ca56866c37b5b957fc83fd64ceb88fbd926a10f291b82e609988.pdf,1,p. 1: (X-Y) Tensile Strength ISO 527/2 50 mm/min MPa,61 ± 6 MPa · XY · specimen: Printed specimen,The text layer prints 61 for Tensile strength (endpoint unspecified); the optical reading did not find it. Judge the value from the page image.,value
T00323,2,value-check,1b,measurements,V009284,,Elongation at break,G057-06,SUNLU Easy PA,R-SUNLU-a5909dda-0573-4f11-a34a-00d495b1ea09,dfc4e8b55e12ca56866c37b5b957fc83fd64ceb88fbd926a10f291b82e609988,.cache/sources/by-sha/dfc4e8b55e12ca56866c37b5b957fc83fd64ceb88fbd926a10f291b82e609988.pdf,1,p. 1: (X-Y) Elongation at break ISO 527/2 50 mm/min %,15 ± 3 % · XY · specimen: Printed specimen,The text layer prints 15 for Elongation at break; the optical reading did not find it. Judge the value from the page image.,value
T00324,2,value-check,1b,measurements,V009287,,Izod impact strength,G057-06,SUNLU Easy PA,R-SUNLU-a5909dda-0573-4f11-a34a-00d495b1ea09,dfc4e8b55e12ca56866c37b5b957fc83fd64ceb88fbd926a10f291b82e609988,.cache/sources/by-sha/dfc4e8b55e12ca56866c37b5b957fc83fd64ceb88fbd926a10f291b82e609988.pdf,1,p. 1: (X-Y) Izod Impact Strength of Notched ISO 180 23℃ KJ/m2 Specimen,11 ± 3 KJ/m2 · Notched · XY · specimen: Printed specimen,The text layer prints 11 for Izod impact strength; the optical reading did not find it. Judge the value from the page image.,value
T00325,2,value-check,1,measurements,V009289,,HDT,G057-06,SUNLU Easy PA,R-SUNLU-a5909dda-0573-4f11-a34a-00d495b1ea09,dfc4e8b55e12ca56866c37b5b957fc83fd64ceb88fbd926a10f291b82e609988,.cache/sources/by-sha/dfc4e8b55e12ca56866c37b5b957fc83fd64ceb88fbd926a10f291b82e609988.pdf,1,p. 1: (X-Y) Heat Distortion (HDT) ISO 75 0.45 MPa ℃,119 ± 3 ℃ · XY · specimen: Printed specimen,The text layer prints 119 for HDT; the optical reading did not find it. Judge the value from the page image.,yes
T00326,2,value-check,1b,measurements,V009290,,Glass transition temperature,G057-06,SUNLU Easy PA,R-SUNLU-a5909dda-0573-4f11-a34a-00d495b1ea09,dfc4e8b55e12ca56866c37b5b957fc83fd64ceb88fbd926a10f291b82e609988,.cache/sources/by-sha/dfc4e8b55e12ca56866c37b5b957fc83fd64ceb88fbd926a10f291b82e609988.pdf,1,p. 1: Glass Transition (Tg) ISO 11357-2 10 ℃/min ℃,65 ℃ · specimen: Printed specimen,The text layer prints 65 for Glass transition temperature; the optical reading did not find it. Judge the value from the page image.,value
T00327,2,value-check,1b,measurements,V009296,,Density,G057-06,SUNLU Easy PA,R-SUNLU-a5909dda-0573-4f11-a34a-00d495b1ea09,dfc4e8b55e12ca56866c37b5b957fc83fd64ceb88fbd926a10f291b82e609988,.cache/sources/by-sha/dfc4e8b55e12ca56866c37b5b957fc83fd64ceb88fbd926a10f291b82e609988.pdf,1,p. 1: Density ISO 1183 23℃ g/cm3,1.10 g/cm3 · specimen: Not published (density specimen form not explicitly established),The text layer prints 1.1 for Density; the optical reading did not find it. Judge the value from the page image.,value
T00328,2,value-check,1b,measurements,V009348,,Density,G059-02,QIDI PA612-CF,R-QIDI-PA12-CF,3bee87ff0b079c2a03f1395d0dbe71e51815c38a6243afdc9a3c2cc79613bc35,.cache/sources/by-sha/3bee87ff0b079c2a03f1395d0dbe71e51815c38a6243afdc9a3c2cc79613bc35.pdf,2,p. 2: 密度 ISO 1183,1.09 g/cm³ · specimen: Not published (density specimen form not explicitly established),The text layer prints 1.09 for Density; the optical reading did not find it. Judge the value from the page image.,value
T00329,2,value-check,1b,measurements,V009353,,Tensile strength (endpoint unspecified),G059-02,QIDI PA612-CF,R-QIDI-PA12-CF,3bee87ff0b079c2a03f1395d0dbe71e51815c38a6243afdc9a3c2cc79613bc35,.cache/sources/by-sha/3bee87ff0b079c2a03f1395d0dbe71e51815c38a6243afdc9a3c2cc79613bc35.pdf,2,p. 2: Tensile strength(X-Y),83.34 ± 0.30 MPa · XY · specimen: Printed specimen,The text layer prints 0.3; 83.34 for Tensile strength (endpoint unspecified); the optical reading did not find it. Judge the value from the page image.,value
T00330,2,value-check,1,measurements,V009354,,Tensile modulus,G059-02,QIDI PA612-CF,R-QIDI-PA12-CF,3bee87ff0b079c2a03f1395d0dbe71e51815c38a6243afdc9a3c2cc79613bc35,.cache/sources/by-sha/3bee87ff0b079c2a03f1395d0dbe71e51815c38a6243afdc9a3c2cc79613bc35.pdf,2,p. 2: 拉伸模量(X-Y) ISO 527,4884.83 ± 199.19 MPa · XY · specimen: Printed specimen,The text layer prints 199.19; 4884.83 for Tensile modulus; the optical reading did not find it. Judge the value from the page image.,yes
T00331,2,value-check,1b,measurements,V009355,,Elongation at break,G059-02,QIDI PA612-CF,R-QIDI-PA12-CF,3bee87ff0b079c2a03f1395d0dbe71e51815c38a6243afdc9a3c2cc79613bc35,.cache/sources/by-sha/3bee87ff0b079c2a03f1395d0dbe71e51815c38a6243afdc9a3c2cc79613bc35.pdf,2,p. 2: Elongation at break (X-Y),3.16 ± 0.13 % · XY · specimen: Printed specimen,The text layer prints 0.13; 3.16 for Elongation at break; the optical reading did not find it. Judge the value from the page image.,value
T00332,2,value-check,1b,measurements,V009358,,Tensile strength (endpoint unspecified),G059-02,QIDI PA612-CF,R-QIDI-PA12-CF,3bee87ff0b079c2a03f1395d0dbe71e51815c38a6243afdc9a3c2cc79613bc35,.cache/sources/by-sha/3bee87ff0b079c2a03f1395d0dbe71e51815c38a6243afdc9a3c2cc79613bc35.pdf,3,p. 3: 拉伸强度 (Z) Tensile strength (Z),38.61 ± 2.19 MPa · Z · specimen: Printed specimen,The text layer prints 2.19; 38.61 for Tensile strength (endpoint unspecified); the optical reading did not find it. Judge the value from the page image.,value
T00333,2,value-check,1b,measurements,V010189,,Density,G149-03,SUNLU PCL,R-SUNLU-9c709eea-12c7-4a05-b5cd-227c63c700b8,77ea19eb018c179eaa877db371bb052f752b1ce09998d286b788df83db0cdd7b,.cache/sources/by-sha/77ea19eb018c179eaa877db371bb052f752b1ce09998d286b788df83db0cdd7b.pdf,1,p. 1: Density ISO 1183 23℃ g/cm3,1.13 g/cm3 · specimen: Not published (density specimen form not explicitly established),The text layer prints 1.13 for Density; the optical reading did not find it. Judge the value from the page image.,value
T00334,2,value-check,1b,measurements,V011541,,Elongation at break,G149-03,SUNLU PCL,R-SUNLU-COVERAGE-20261001-816dc4c0cc18,816dc4c0cc18aad865d8e9ec3bc83153886f02d2d3357461f93d407ff7b1caec,.cache/sources/by-sha/816dc4c0cc18aad865d8e9ec3bc83153886f02d2d3357461f93d407ff7b1caec.pdf,1,"p. 1: 断裂伸长率(X-Y) Elongation at break, ISO527/2, 50mm/min, %, 800; p. 3: Note [1], specimen printing 45mm/s at80°C; p. 2: recommended nozzle75–85°C",800 % · XY · specimen: Printed specimen,The text layer prints 800 for Elongation at break; the optical reading did not find it. Judge the value from the page image.,value
T00335,2,value-check,1b,measurements,V011882,,Tensile strength (endpoint unspecified),G076-02,BASF Forward AM Ultrafuse BVOH,R-FORWARDAM-ULTRAFUSE-BVOH-EXTENDED-TDS,5c312e6dd2740bf4264081441412666d526fb7ee1f12d681a63f468952a43eda,.cache/sources/by-sha/5c312e6dd2740bf4264081441412666d526fb7ee1f12d681a63f468952a43eda.pdf,4,p. 4: Tensile strength,33.7 MPa · XY · specimen: Printed specimen,The text layer prints 33.7 for Tensile strength (endpoint unspecified); the optical reading did not find it. Judge the value from the page image.,value
T00336,2,value-check,1b,measurements,V011883,,Elongation at break,G076-02,BASF Forward AM Ultrafuse BVOH,R-FORWARDAM-ULTRAFUSE-BVOH-EXTENDED-TDS,5c312e6dd2740bf4264081441412666d526fb7ee1f12d681a63f468952a43eda,.cache/sources/by-sha/5c312e6dd2740bf4264081441412666d526fb7ee1f12d681a63f468952a43eda.pdf,4,p. 4: Elongation at Break (XY),14.8 % · XY · specimen: Printed specimen,The text layer prints 14.8 for Elongation at break; the optical reading did not find it. Judge the value from the page image.,value
T00337,2,value-check,1b,measurements,V011885,,Tensile modulus,G076-02,BASF Forward AM Ultrafuse BVOH,R-FORWARDAM-ULTRAFUSE-BVOH-EXTENDED-TDS,5c312e6dd2740bf4264081441412666d526fb7ee1f12d681a63f468952a43eda,.cache/sources/by-sha/5c312e6dd2740bf4264081441412666d526fb7ee1f12d681a63f468952a43eda.pdf,4,p. 4: Young’s Modulus (XY),2339 MPa · XY · specimen: Printed specimen,The text layer prints 2339 for Tensile modulus; the optical reading did not find it. Judge the value from the page image.,value
T00338,2,value-check,1b,measurements,V012362,,HDT,G001-06,Spectrum PLA Matt,R-SPECTRUM-PORTFOLIO-2024,4fb78715b81997ecd11b61d8b84393e1bfc6fe096ed35fc50ac062073c96cd74,.cache/sources/by-sha/4fb78715b81997ecd11b61d8b84393e1bfc6fe096ed35fc50ac062073c96cd74.pdf,4,p. 4: HDT B (G001-06),116°C · specimen: Not published (do not assume printed),The text layer prints 116 for HDT; the optical reading did not find it. Judge the value from the page image.,value
T00339,2,value-check,1b,measurements,V012363,,HDT,G001-16,Spectrum PLA Pro,R-SPECTRUM-PORTFOLIO-2024,4fb78715b81997ecd11b61d8b84393e1bfc6fe096ed35fc50ac062073c96cd74,.cache/sources/by-sha/4fb78715b81997ecd11b61d8b84393e1bfc6fe096ed35fc50ac062073c96cd74.pdf,4,p. 4: HDT (G001-16),85°C · specimen: Not published (do not assume printed),The text layer prints 85 for HDT; the optical reading did not find it. Judge the value from the page image.,value
T00340,2,value-check,1b,measurements,V012364,,Density,G016-05,Spectrum PLA Glow in the Dark,R-SPECTRUM-PORTFOLIO-2024,4fb78715b81997ecd11b61d8b84393e1bfc6fe096ed35fc50ac062073c96cd74,.cache/sources/by-sha/4fb78715b81997ecd11b61d8b84393e1bfc6fe096ed35fc50ac062073c96cd74.pdf,4,p. 4: Density [g/cm³] (G016-05),1.24 · specimen: Not published (density specimen form not explicitly established),The text layer prints 1.24 for Density; the optical reading did not find it. Judge the value from the page image.,value
T00341,2,value-check,1b,measurements,V012365,,HDT,G016-05,Spectrum PLA Glow in the Dark,R-SPECTRUM-PORTFOLIO-2024,4fb78715b81997ecd11b61d8b84393e1bfc6fe096ed35fc50ac062073c96cd74,.cache/sources/by-sha/4fb78715b81997ecd11b61d8b84393e1bfc6fe096ed35fc50ac062073c96cd74.pdf,4,p. 4: HDT (G016-05),55°C · specimen: Not published (do not assume printed),The text layer prints 55 for HDT; the optical reading did not find it. Judge the value from the page image.,value
T00342,2,value-check,1b,measurements,V012366,,Density,G012-07,Spectrum PLA Stone Age,R-SPECTRUM-PORTFOLIO-2024,4fb78715b81997ecd11b61d8b84393e1bfc6fe096ed35fc50ac062073c96cd74,.cache/sources/by-sha/4fb78715b81997ecd11b61d8b84393e1bfc6fe096ed35fc50ac062073c96cd74.pdf,4,p. 4: Density [g/cm³] (G012-07),1.24 · specimen: Not published (density specimen form not explicitly established),The text layer prints 1.24 for Density; the optical reading did not find it. Judge the value from the page image.,value
T00343,2,value-check,1b,measurements,V012367,,HDT,G012-07,Spectrum PLA Stone Age,R-SPECTRUM-PORTFOLIO-2024,4fb78715b81997ecd11b61d8b84393e1bfc6fe096ed35fc50ac062073c96cd74,.cache/sources/by-sha/4fb78715b81997ecd11b61d8b84393e1bfc6fe096ed35fc50ac062073c96cd74.pdf,4,p. 4: HDT (G012-07),55°C · specimen: Not published (do not assume printed),The text layer prints 55 for HDT; the optical reading did not find it. Judge the value from the page image.,value
T00344,2,value-check,1b,measurements,V012370,,Density,G014-02,Spectrum WOOD,R-SPECTRUM-PORTFOLIO-2024,4fb78715b81997ecd11b61d8b84393e1bfc6fe096ed35fc50ac062073c96cd74,.cache/sources/by-sha/4fb78715b81997ecd11b61d8b84393e1bfc6fe096ed35fc50ac062073c96cd74.pdf,4,p. 4: Density [g/cm³] (G014-02),1.15 · specimen: Not published (density specimen form not explicitly established),The text layer prints 1.15 for Density; the optical reading did not find it. Judge the value from the page image.,value
T00345,2,value-check,1b,measurements,V012371,,HDT,G014-02,Spectrum WOOD,R-SPECTRUM-PORTFOLIO-2024,4fb78715b81997ecd11b61d8b84393e1bfc6fe096ed35fc50ac062073c96cd74,.cache/sources/by-sha/4fb78715b81997ecd11b61d8b84393e1bfc6fe096ed35fc50ac062073c96cd74.pdf,4,p. 4: HDT (G014-02),55°C · specimen: Not published (do not assume printed),The text layer prints 55 for HDT; the optical reading did not find it. Judge the value from the page image.,value
T00346,2,value-check,1b,measurements,V012373,,HDT,G001-10,Spectrum rPLA,R-SPECTRUM-PORTFOLIO-2024,4fb78715b81997ecd11b61d8b84393e1bfc6fe096ed35fc50ac062073c96cd74,.cache/sources/by-sha/4fb78715b81997ecd11b61d8b84393e1bfc6fe096ed35fc50ac062073c96cd74.pdf,4,p. 4: HDT (G001-10),55°C · specimen: Not published (do not assume printed),The text layer prints 55 for HDT; the optical reading did not find it. Judge the value from the page image.,value
T00347,2,value-check,1b,measurements,V012375,,HDT,G027-05,Spectrum Smart ABS,R-SPECTRUM-PORTFOLIO-2024,4fb78715b81997ecd11b61d8b84393e1bfc6fe096ed35fc50ac062073c96cd74,.cache/sources/by-sha/4fb78715b81997ecd11b61d8b84393e1bfc6fe096ed35fc50ac062073c96cd74.pdf,4,p. 4: HDT A (G027-05),85°C · specimen: Not published (do not assume printed),The text layer prints 85 for HDT; the optical reading did not find it. Judge the value from the page image.,value
T00348,2,value-check,1b,measurements,V012376,,HDT,G033-04,Spectrum ASA-X CF10,R-SPECTRUM-PORTFOLIO-2024,4fb78715b81997ecd11b61d8b84393e1bfc6fe096ed35fc50ac062073c96cd74,.cache/sources/by-sha/4fb78715b81997ecd11b61d8b84393e1bfc6fe096ed35fc50ac062073c96cd74.pdf,4,p. 4: HDT A (G033-04),95°C · specimen: Not published (do not assume printed),The text layer prints 95 for HDT; the optical reading did not find it. Judge the value from the page image.,value
T00349,2,value-check,1b,measurements,V012378,,HDT,G024-03,Spectrum PET-G Carbon,R-SPECTRUM-PORTFOLIO-2024,4fb78715b81997ecd11b61d8b84393e1bfc6fe096ed35fc50ac062073c96cd74,.cache/sources/by-sha/4fb78715b81997ecd11b61d8b84393e1bfc6fe096ed35fc50ac062073c96cd74.pdf,4,p. 4: HDT B (G024-03),72°C · specimen: Not published (do not assume printed),The text layer prints 72 for HDT; the optical reading did not find it. Judge the value from the page image.,value
T00350,2,value-check,1b,measurements,V012390,,HDT,G050-04,Spectrum PA6 CF15,R-SPECTRUM-PORTFOLIO-2024,4fb78715b81997ecd11b61d8b84393e1bfc6fe096ed35fc50ac062073c96cd74,.cache/sources/by-sha/4fb78715b81997ecd11b61d8b84393e1bfc6fe096ed35fc50ac062073c96cd74.pdf,5,p. 5: HDT A (G050-04),200°C · specimen: Not published (do not assume printed),The text layer prints 200 for HDT; the optical reading did not find it. Judge the value from the page image.,value
T00351,2,value-check,1b,measurements,V012392,,Density,G020-74,Spectrum PET-G FX120,R-SPECTRUM-PORTFOLIO-2024,4fb78715b81997ecd11b61d8b84393e1bfc6fe096ed35fc50ac062073c96cd74,.cache/sources/by-sha/4fb78715b81997ecd11b61d8b84393e1bfc6fe096ed35fc50ac062073c96cd74.pdf,5,p. 5: Density [g/cm³],1.13 · specimen: Not published (density specimen form not explicitly established),The text layer prints 1.13 for Density; the optical reading did not find it. Judge the value from the page image.,value
T00352,2,value-check,1b,measurements,V012395,,HDT,G113-01,Spectrum ASA Kevlar,R-SPECTRUM-PORTFOLIO-2024,4fb78715b81997ecd11b61d8b84393e1bfc6fe096ed35fc50ac062073c96cd74,.cache/sources/by-sha/4fb78715b81997ecd11b61d8b84393e1bfc6fe096ed35fc50ac062073c96cd74.pdf,5,p. 5: HDT B (G113-01),89°C · specimen: Not published (do not assume printed),The text layer prints 89 for HDT; the optical reading did not find it. Judge the value from the page image.,value
T00353,2,value-check,1b,measurements,V012396,,HDT,G112-01,Spectrum PC/PTFE,R-SPECTRUM-PORTFOLIO-2024,4fb78715b81997ecd11b61d8b84393e1bfc6fe096ed35fc50ac062073c96cd74,.cache/sources/by-sha/4fb78715b81997ecd11b61d8b84393e1bfc6fe096ed35fc50ac062073c96cd74.pdf,5,p. 5: HDT B (G112-01),140°C · specimen: Not published (do not assume printed),The text layer prints 140 for HDT; the optical reading did not find it. Judge the value from the page image.,value
T00354,2,value-check,1b,measurements,V012397,,HDT,G072-02,Spectrum pps am230,R-SPECTRUM-PORTFOLIO-2024,4fb78715b81997ecd11b61d8b84393e1bfc6fe096ed35fc50ac062073c96cd74,.cache/sources/by-sha/4fb78715b81997ecd11b61d8b84393e1bfc6fe096ed35fc50ac062073c96cd74.pdf,5,p. 5: HDT B (G072-02),129°C · specimen: Not published (do not assume printed),The text layer prints 129 for HDT; the optical reading did not find it. Judge the value from the page image.,value
T00355,2,value-check,1b,measurements,V012398,,HDT,G108-01,Spectrum PA6 GK10,R-SPECTRUM-PORTFOLIO-2024,4fb78715b81997ecd11b61d8b84393e1bfc6fe096ed35fc50ac062073c96cd74,.cache/sources/by-sha/4fb78715b81997ecd11b61d8b84393e1bfc6fe096ed35fc50ac062073c96cd74.pdf,5,p. 5: HDT A (G108-01),90°C · specimen: Not published (do not assume printed),The text layer prints 90 for HDT; the optical reading did not find it. Judge the value from the page image.,value
T00356,2,value-check,1b,measurements,V012399,,HDT,G104-01,Spectrum PA6 CS20 FR V0,R-SPECTRUM-PORTFOLIO-2024,4fb78715b81997ecd11b61d8b84393e1bfc6fe096ed35fc50ac062073c96cd74,.cache/sources/by-sha/4fb78715b81997ecd11b61d8b84393e1bfc6fe096ed35fc50ac062073c96cd74.pdf,5,p. 5: HDT A (G104-01),90°C · specimen: Not published (do not assume printed),The text layer prints 90 for HDT; the optical reading did not find it. Judge the value from the page image.,value
T00357,2,value-check,1b,measurements,V012425,,HDT,G031-15,Spectrum FlameGuard ASA 275,R-COVERAGE-20261001-28aad1fe7597,28aad1fe759765537625b69e860f0b3c31082660a9ca7f59f7cd304cee53e4c7,.cache/sources/by-sha/28aad1fe759765537625b69e860f0b3c31082660a9ca7f59f7cd304cee53e4c7.pdf,23,p. 23: HDT (G031-15; 86°C),86°C · specimen: Not published (do not assume printed),The text layer prints 86 for HDT; the optical reading did not find it. Judge the value from the page image.,value
T00358,2,value-check,1b,measurements,V012427,,HDT,G020-09,Spectrum PET-G MATT,R-COVERAGE-20261001-28aad1fe7597,28aad1fe759765537625b69e860f0b3c31082660a9ca7f59f7cd304cee53e4c7,.cache/sources/by-sha/28aad1fe759765537625b69e860f0b3c31082660a9ca7f59f7cd304cee53e4c7.pdf,23,p. 23: HDT (G020-09; 80°C),80°C · specimen: Not published (do not assume printed),The text layer prints 80 for HDT; the optical reading did not find it. Judge the value from the page image.,value
T00359,2,value-check,1b,measurements,V012432,,HDT,G049-04,Spectrum PA6 Neat NT,R-COVERAGE-20261001-28aad1fe7597,28aad1fe759765537625b69e860f0b3c31082660a9ca7f59f7cd304cee53e4c7,.cache/sources/by-sha/28aad1fe759765537625b69e860f0b3c31082660a9ca7f59f7cd304cee53e4c7.pdf,25,p. 25: HDT (G049-04),90°C · specimen: Not published (do not assume printed),The text layer prints 90 for HDT; the optical reading did not find it. Judge the value from the page image.,value
T00360,2,value-check,1b,measurements,V012433,,HDT,G049-01,Spectrum pa6 neat bk,R-COVERAGE-20261001-28aad1fe7597,28aad1fe759765537625b69e860f0b3c31082660a9ca7f59f7cd304cee53e4c7,.cache/sources/by-sha/28aad1fe759765537625b69e860f0b3c31082660a9ca7f59f7cd304cee53e4c7.pdf,25,p. 25: HDT (G049-01),90°C · specimen: Not published (do not assume printed),The text layer prints 90 for HDT; the optical reading did not find it. Judge the value from the page image.,value
T00361,2,value-check,1b,measurements,V013781,,Tensile strength (endpoint unspecified),G059-02,QIDI PA612-CF,R-QIDI-PA12-CF,3bee87ff0b079c2a03f1395d0dbe71e51815c38a6243afdc9a3c2cc79613bc35,.cache/sources/by-sha/3bee87ff0b079c2a03f1395d0dbe71e51815c38a6243afdc9a3c2cc79613bc35.pdf,2,p. 2: Tensile strength(X-Y) [G059-02],76.95±1.17 MPa · XY · specimen: Printed specimen,The text layer prints 76.95; 1.17 for Tensile strength (endpoint unspecified); the optical reading did not find it. Judge the value from the page image.,value
T00362,2,value-check,1b,measurements,V013782,,Tensile modulus,G059-02,QIDI PA612-CF,R-QIDI-PA12-CF,3bee87ff0b079c2a03f1395d0dbe71e51815c38a6243afdc9a3c2cc79613bc35,.cache/sources/by-sha/3bee87ff0b079c2a03f1395d0dbe71e51815c38a6243afdc9a3c2cc79613bc35.pdf,2,p. 2: Young’s modulus(X-Y),5206.35±210.18 MPa · XY · specimen: Printed specimen,The text layer prints 5206.35; 210.18 for Tensile modulus; the optical reading did not find it. Judge the value from the page image.,value
T00363,2,value-check,1b,measurements,V013783,,Elongation at break,G059-02,QIDI PA612-CF,R-QIDI-PA12-CF,3bee87ff0b079c2a03f1395d0dbe71e51815c38a6243afdc9a3c2cc79613bc35,.cache/sources/by-sha/3bee87ff0b079c2a03f1395d0dbe71e51815c38a6243afdc9a3c2cc79613bc35.pdf,2,p. 2: Elongation at break (X-Y) [G059-02],3.62±0.29 % · XY · specimen: Printed specimen,The text layer prints 3.62; 0.29 for Elongation at break; the optical reading did not find it. Judge the value from the page image.,value
T00364,2,value-check,1b,measurements,V013786,,Charpy strength,G059-02,QIDI PA612-CF,R-QIDI-PA12-CF,3bee87ff0b079c2a03f1395d0dbe71e51815c38a6243afdc9a3c2cc79613bc35,.cache/sources/by-sha/3bee87ff0b079c2a03f1395d0dbe71e51815c38a6243afdc9a3c2cc79613bc35.pdf,2,p. 2: 缺口冲击强度 （X-Y） (Charpy impact strength (X-Y) on page 3) (Unannealed),10.01±0.83 KJ/㎡ · Notched · XY · specimen: Printed specimen,The text layer prints 10.01; 0.83 for Charpy strength; the optical reading did not find it. Judge the value from the page image.,value
T00365,2,value-check,1b,measurements,V013787,,Charpy strength,G059-02,QIDI PA612-CF,R-QIDI-PA12-CF,3bee87ff0b079c2a03f1395d0dbe71e51815c38a6243afdc9a3c2cc79613bc35,.cache/sources/by-sha/3bee87ff0b079c2a03f1395d0dbe71e51815c38a6243afdc9a3c2cc79613bc35.pdf,2,p. 2: 缺口冲击强度 （X-Y） (Charpy impact strength (X-Y) on page 3) (Annealed),7.20±1.35 KJ/㎡ · Notched · XY · specimen: Printed specimen,The text layer prints 1.35; 7.2 for Charpy strength; the optical reading did not find it. Judge the value from the page image.,value
T00366,2,value-check,1b,measurements,V014345,,Tensile modulus,G039-19,SUNLU TPU 95A,D-SUNLU-TPU-TDS-2024-06,550a9d1a784b31dc65813a38a5544708002593f92a81241df23fd17d90068ddc,.cache/sources/by-sha/550a9d1a784b31dc65813a38a5544708002593f92a81241df23fd17d90068ddc.pdf,1,p. 1: 杨氏模量(X-Y)Young’s Modulus,50.2 · XY · specimen: Not published (do not assume printed),The text layer prints 50.2 for Tensile modulus; the optical reading did not find it. Judge the value from the page image.,value
T00367,2,value-check,1b,measurements,V014357,,Tensile strength (endpoint unspecified),G001-143,SUNLU PLA+2.0,R-SUNLU-81b1d361-0bd9-4783-ba0f-283a311c6870,674839366a0943712ae139131c1c1a4f27f046e5fa4ea4e1580498038698f6b1,.cache/sources/by-sha/674839366a0943712ae139131c1c1a4f27f046e5fa4ea4e1580498038698f6b1.pdf,1,p. 1: (X-Y) Tensile Strength,46±5 MPa · XY · specimen: Printed specimen,The text layer prints 46 for Tensile strength (endpoint unspecified); the optical reading did not find it. Judge the value from the page image.,value
T00368,2,value-check,1b,measurements,V014358,,Elongation at break,G001-143,SUNLU PLA+2.0,R-SUNLU-81b1d361-0bd9-4783-ba0f-283a311c6870,674839366a0943712ae139131c1c1a4f27f046e5fa4ea4e1580498038698f6b1,.cache/sources/by-sha/674839366a0943712ae139131c1c1a4f27f046e5fa4ea4e1580498038698f6b1.pdf,1,p. 1: (X-Y) Elongation at break,10±2.5 % · XY · specimen: Printed specimen,The text layer prints 2.5; 10 for Elongation at break; the optical reading did not find it. Judge the value from the page image.,value
T00369,2,value-check,1b,measurements,V014361,,HDT,G001-143,SUNLU PLA+2.0,R-SUNLU-81b1d361-0bd9-4783-ba0f-283a311c6870,674839366a0943712ae139131c1c1a4f27f046e5fa4ea4e1580498038698f6b1,.cache/sources/by-sha/674839366a0943712ae139131c1c1a4f27f046e5fa4ea4e1580498038698f6b1.pdf,1,p. 1: X-Y) Heat Distortion (HDT),56±3 ℃ · XY · specimen: Printed specimen,The text layer prints 56 for HDT; the optical reading did not find it. Judge the value from the page image.,value
T00370,2,value-check,1b,measurements,V014362,,Glass transition temperature,G001-143,SUNLU PLA+2.0,R-SUNLU-81b1d361-0bd9-4783-ba0f-283a311c6870,674839366a0943712ae139131c1c1a4f27f046e5fa4ea4e1580498038698f6b1,.cache/sources/by-sha/674839366a0943712ae139131c1c1a4f27f046e5fa4ea4e1580498038698f6b1.pdf,1,p. 1: Glass Transition (Tg),61 ℃ · specimen: Printed specimen,The text layer prints 61 for Glass transition temperature; the optical reading did not find it. Judge the value from the page image.,value
T00371,2,value-check,1b,profiles,P0760,,,G033-14,QIDI ASA-CF20 Core,R-QIDI-ASA-CF20-CORE,6578afca6561181428c896d6a3ab8ff2f5b1d7a2bf9623eb6e9926590971a320,.cache/sources/by-sha/6578afca6561181428c896d6a3ab8ff2f5b1d7a2bf9623eb6e9926590971a320.pdf,4,p. 4: Recommended printing settings; p. 4: Drying note; p. 4: Nozzle Temperature; p. 4: Build plate temperature,undefined · specimen: undefined,The text layer prints 280; 250; 100; 110; 60; 70 for Nozzle °C; Bed °C; Drying; the optical reading did not find it. Judge the value from the page image.,value
T00372,2,value-check,1b,profiles,P0799,,,G001-111,SUNLU PLA Classic,R-SUNLU-PLA-Classic-TDS,d140af2e6529276f85cd006714659be3ddbe3cff5c14b658fb10268f76b8ab53,.cache/sources/by-sha/d140af2e6529276f85cd006714659be3ddbe3cff5c14b658fb10268f76b8ab53.pdf,2,"p. 2: Recommended printing settings; p. 2: Nozzle Print Temp.; p. 2: Print Platform Temp.; p. 2: Nozzle temperature, 50-150mm/s; p. 2: Print Platform Material",undefined · specimen: undefined,The text layer prints 190 for Nozzle °C; the optical reading did not find it. Judge the value from the page image.,value
T00373,2,value-check,1,profiles,P0806,,,G027-33,Prusa Research Buddy3D ABS,S-PVB-technisches-datenblatt-2,e7abf8ceb8be6c2d920d4dcde15ee9107a63fb8e395446ffcd965bebff756904,.cache/sources/by-sha/e7abf8ceb8be6c2d920d4dcde15ee9107a63fb8e395446ffcd965bebff756904.pdf,3,p. 3: Recommended printing settings; p. 3: 3. RECOMMENDATION OF PRINTING,undefined · specimen: undefined,The text layer prints 265; 240; 105; 90 for Nozzle °C; Bed °C; the optical reading did not find it. Judge the value from the page image.,yes
T00374,2,value-check,1b,profiles,P0922,,,G059-02,QIDI PA612-CF,R-QIDI-PA12-CF,3bee87ff0b079c2a03f1395d0dbe71e51815c38a6243afdc9a3c2cc79613bc35,.cache/sources/by-sha/3bee87ff0b079c2a03f1395d0dbe71e51815c38a6243afdc9a3c2cc79613bc35.pdf,3,p. 3: Recommended printing settings; p. 4: Drying note; p. 3: Build plate temperature; p. 3: Recommended Nozzle Diameter; p. 4: Additional Suggestions 3,undefined · specimen: undefined,The text layer prints 280; 300; 70; 40; 100; 80 for Nozzle °C; Bed °C; Drying; the optical reading did not find it. Judge the value from the page image.,value
T00375,2,value-check,1b,profiles,P0946,,,G147-01,LEHVOSS LUVOCOM 3F PAHT 9825 NT,S-PET-TDS-LUVOCOM-3F-PAHT-9825-NT-Injection-molded-specimen,5f6b6c38595f2ca78147f1200199257ae8d7c64a276dedbc52f1cd6c9eb54497,.cache/sources/by-sha/5f6b6c38595f2ca78147f1200199257ae8d7c64a276dedbc52f1cd6c9eb54497.pdf,2,p. 2: Recommended printing settings; p. 2: Dehumidifying dryer (optional),undefined · specimen: undefined,The text layer prints 290; 270; 50; 130 for Nozzle °C; Bed °C; Drying; the optical reading did not find it. Judge the value from the page image.,value
T00376,2,value-check,1,profiles,P1105,,,G008-05,SUNLU PLA+ Silk 2.0,R-SUNLU-56889371789540318047,05905ccb757833a685563516d337fdbd5804d690ee041f84dcfd9f5d6bba2d62,.cache/sources/by-sha/05905ccb757833a685563516d337fdbd5804d690ee041f84dcfd9f5d6bba2d62.pdf,2,p. 2: Drying Temp.; p. 2: 喷嘴温度 Nozzle Temp.; p. 2: 平台温度 Plate Temp.; p. 2: 平台材料 Plate Material,undefined · specimen: undefined,The text layer prints 205 for Nozzle °C; the optical reading did not find it. Judge the value from the page image.,yes
T00377,2,value-check,1,profiles,P1122,,,G027-32,QIDI ABS,R-QIDI-ODORLESS-ABS,387e9400e0e400ca0712b225e27c3cded5daf7411adbc83c1d70289169be2633,.cache/sources/by-sha/387e9400e0e400ca0712b225e27c3cded5daf7411adbc83c1d70289169be2633.pdf,5,p. 5: Drying note; p. 4: Nozzle Temperature; p. 4: Build plate temperature; p. 5: Additional Suggestions,undefined · specimen: undefined,The text layer prints 60; 80; 70; 80 for Chamber °C; Drying; the optical reading did not find it. Judge the value from the page image.,yes
T00378,2,value-check,1b,profiles,P1126,,,G028-10,QIDI NexABS-GF25,R-QIDI-ABS-GF25,20d212ff485b8cfde3c86e23dd2fddfb287d0e449e999b6a518430507351ce4d,.cache/sources/by-sha/20d212ff485b8cfde3c86e23dd2fddfb287d0e449e999b6a518430507351ce4d.pdf,6,p. 6: Drying note; p. 5: Nozzle temperature; p. 5: Build plate temperature; p. 6: Nozzle note,undefined · specimen: undefined,The text layer prints 70 for Drying; the optical reading did not find it. Judge the value from the page image.,value
T00379,2,value-check,1b,profiles,P1138,,,G039-50,QIDI TPU95A-HF,R-QIDI-TPU95A-HF,aecae6b621183444eb359d8e08099d6f30519e191342392b6b7a7e597b5bb196,.cache/sources/by-sha/aecae6b621183444eb359d8e08099d6f30519e191342392b6b7a7e597b5bb196.pdf,4,p. 4: Drying note; p. 3: Nozzle temperature; p. 3: Build plate temperature; p. 3: Recommended nozzle diameter; p. 3: Recommended build surface,undefined · specimen: undefined,The text layer prints 70; 80 for Drying; the optical reading did not find it. Judge the value from the page image.,value
T00380,2,value-check,1,profiles,P1145,,,G068-05,QIDI PET-GF,R-QIDI-PET-GF,f522e5d934d58f7a20ce24bc3c958c3f976fb570ab0ca9cd73f0d2c2e0f3623a,.cache/sources/by-sha/f522e5d934d58f7a20ce24bc3c958c3f976fb570ab0ca9cd73f0d2c2e0f3623a.pdf,4,p. 4: Drying note; p. 3: Nozzle Temperature; p. 4: Build plate temperature; p. 5: Nozzle; p. 3: Recommended Nozzle Diameter,undefined · specimen: undefined,The text layer prints 60; 80; 100; 120 for Bed °C; Drying; the optical reading did not find it. Judge the value from the page image.,yes
T00381,2,value-check,1b,profiles,P1236,,,G020-45,QIDI ToughPETG-HF,R-QIDI-PETG-TOUGH,bb72c5721e1b12bc5919cffbaae584d44c120ac3b97be7e3380290876a442b61,.cache/sources/by-sha/bb72c5721e1b12bc5919cffbaae584d44c120ac3b97be7e3380290876a442b61.pdf,3,"p. 3: Nozzle temperature, Build plate temperature; p. 3: Recommended nozzle diameter and nozzle material; p. 3: Recommended build surface",undefined · specimen: undefined,The text layer prints 260; 230; 70; 80 for Nozzle °C; Bed °C; the optical reading did not find it. Judge the value from the page image.,value
T00382,2,value-check,1,profiles,P1246,,,G031-25,QIDI ASA,R-QIDI-ASA,a25213876b47e652fe09ed983f6130faa28e316ad76362637ccc395792bafdf4,.cache/sources/by-sha/a25213876b47e652fe09ed983f6130faa28e316ad76362637ccc395792bafdf4.pdf,4,"p. 4: Nozzle temperature, Build plate temperature, Additional Suggestions",undefined · specimen: undefined,The text layer prints 260; 240; 100; 110; 60; 80; 70; 80 for Nozzle °C; Bed °C; Chamber °C; Drying; the optical reading did not find it. Judge the value from the page image.,yes
T00383,2,value-check,1,profiles,P1436,,,G058-R1,DuPont Zytel 151L NC010 (PA612 resin),R-DUPONT-ZYTEL-GUIDE,4b28bc3c55f6cebb864463b497521e9dcdca89a1edd82de6fee0bb2a0e820092,.cache/sources/by-sha/4b28bc3c55f6cebb864463b497521e9dcdca89a1edd82de6fee0bb2a0e820092.pdf,3,p. 3: Processing,undefined · specimen: undefined,The text layer prints 0.2; 80 for Drying; the optical reading did not find it. Judge the value from the page image.,yes
T00384,2,value-check,1,profiles,P1502,,,G001-69,Spectrum PLA Premium,R-SPECTRUM-PORTFOLIO-2024,4fb78715b81997ecd11b61d8b84393e1bfc6fe096ed35fc50ac062073c96cd74,.cache/sources/by-sha/4fb78715b81997ecd11b61d8b84393e1bfc6fe096ed35fc50ac062073c96cd74.pdf,4,p. 4: Nozzle temp. [°C]; p. 4: Bed temp. [°C]; p. 4: Closed chamber for printing; p. 4: Dry box recommended; p. 4: Ruby or hardened nozzle recommended; p. 4: Adhesive,undefined · specimen: undefined,The text layer prints 215; 185; 45 for Nozzle °C; Bed °C; the optical reading did not find it. Judge the value from the page image.,yes
T00385,2,value-check,1,profiles,P1503,,,G001-15,Spectrum PLA Crystal,R-SPECTRUM-PORTFOLIO-2024,4fb78715b81997ecd11b61d8b84393e1bfc6fe096ed35fc50ac062073c96cd74,.cache/sources/by-sha/4fb78715b81997ecd11b61d8b84393e1bfc6fe096ed35fc50ac062073c96cd74.pdf,4,p. 4: Nozzle temp. [°C]; p. 4: Bed temp. [°C]; p. 4: Closed chamber for printing; p. 4: Dry box recommended; p. 4: Ruby or hardened nozzle recommended; p. 4: Adhesive,undefined · specimen: undefined,The text layer prints 215; 185; 45 for Nozzle °C; Bed °C; the optical reading did not find it. Judge the value from the page image.,yes
T00386,2,value-check,1,profiles,P1504,,,G001-17,Spectrum Pastello PLA,R-SPECTRUM-PORTFOLIO-2024,4fb78715b81997ecd11b61d8b84393e1bfc6fe096ed35fc50ac062073c96cd74,.cache/sources/by-sha/4fb78715b81997ecd11b61d8b84393e1bfc6fe096ed35fc50ac062073c96cd74.pdf,4,p. 4: Nozzle temp. [°C]; p. 4: Bed temp. [°C]; p. 4: Closed chamber for printing; p. 4: Dry box recommended; p. 4: Ruby or hardened nozzle recommended; p. 4: Adhesive,undefined · specimen: undefined,The text layer prints 215; 185; 60 for Nozzle °C; Bed °C; the optical reading did not find it. Judge the value from the page image.,yes
T00387,2,value-check,1,profiles,P1505,,,G001-07,Spectrum Huracan PLA,R-SPECTRUM-PORTFOLIO-2024,4fb78715b81997ecd11b61d8b84393e1bfc6fe096ed35fc50ac062073c96cd74,.cache/sources/by-sha/4fb78715b81997ecd11b61d8b84393e1bfc6fe096ed35fc50ac062073c96cd74.pdf,4,p. 4: Nozzle temp. [°C]; p. 4: Bed temp. [°C]; p. 4: Closed chamber for printing; p. 4: Dry box recommended; p. 4: Ruby or hardened nozzle recommended; p. 4: Adhesive,undefined · specimen: undefined,The text layer prints 230; 185; 45 for Nozzle °C; Bed °C; the optical reading did not find it. Judge the value from the page image.,yes
T00388,2,value-check,1,profiles,P1506,,,G013-02,Spectrum PLA Glitter,R-SPECTRUM-PORTFOLIO-2024,4fb78715b81997ecd11b61d8b84393e1bfc6fe096ed35fc50ac062073c96cd74,.cache/sources/by-sha/4fb78715b81997ecd11b61d8b84393e1bfc6fe096ed35fc50ac062073c96cd74.pdf,4,p. 4: Nozzle temp. [°C]; p. 4: Bed temp. [°C]; p. 4: Closed chamber for printing; p. 4: Dry box recommended; p. 4: Ruby or hardened nozzle recommended; p. 4: Adhesive,undefined · specimen: undefined,The text layer prints 215; 185; 45 for Nozzle °C; Bed °C; the optical reading did not find it. Judge the value from the page image.,yes
T00389,2,value-check,1,profiles,P1507,,,G001-04,Spectrum PLA Tough,R-SPECTRUM-PORTFOLIO-2024,4fb78715b81997ecd11b61d8b84393e1bfc6fe096ed35fc50ac062073c96cd74,.cache/sources/by-sha/4fb78715b81997ecd11b61d8b84393e1bfc6fe096ed35fc50ac062073c96cd74.pdf,4,p. 4: Nozzle temp. [°C]; p. 4: Bed temp. [°C]; p. 4: Closed chamber for printing; p. 4: Dry box recommended; p. 4: Adhesive,undefined · specimen: undefined,The text layer prints 230; 190; 45 for Nozzle °C; Bed °C; the optical reading did not find it. Judge the value from the page image.,yes
T00390,2,value-check,1,profiles,P1508,,,G001-06,Spectrum PLA Matt,R-SPECTRUM-PORTFOLIO-2024,4fb78715b81997ecd11b61d8b84393e1bfc6fe096ed35fc50ac062073c96cd74,.cache/sources/by-sha/4fb78715b81997ecd11b61d8b84393e1bfc6fe096ed35fc50ac062073c96cd74.pdf,4,p. 4: Nozzle temp. [°C]; p. 4: Bed temp. [°C]; p. 4: Closed chamber for printing; p. 4: Dry box recommended; p. 4: Adhesive,undefined · specimen: undefined,The text layer prints 230; 190; 45 for Nozzle °C; Bed °C; the optical reading did not find it. Judge the value from the page image.,yes
T00391,2,value-check,1,profiles,P1509,,,G001-16,Spectrum PLA Pro,R-SPECTRUM-PORTFOLIO-2024,4fb78715b81997ecd11b61d8b84393e1bfc6fe096ed35fc50ac062073c96cd74,.cache/sources/by-sha/4fb78715b81997ecd11b61d8b84393e1bfc6fe096ed35fc50ac062073c96cd74.pdf,4,p. 4: Nozzle temp. [°C]; p. 4: Closed chamber for printing; p. 4: Adhesive,undefined · specimen: undefined,The text layer prints 230; 185 for Nozzle °C; the optical reading did not find it. Judge the value from the page image.,yes
T00392,2,value-check,1,profiles,P1510,,,G008-21,Spectrum PLA SILK,R-SPECTRUM-PORTFOLIO-2024,4fb78715b81997ecd11b61d8b84393e1bfc6fe096ed35fc50ac062073c96cd74,.cache/sources/by-sha/4fb78715b81997ecd11b61d8b84393e1bfc6fe096ed35fc50ac062073c96cd74.pdf,4,p. 4: Nozzle temp. [°C]; p. 4: Closed chamber for printing; p. 4: Adhesive,undefined · specimen: undefined,The text layer prints 240; 210 for Nozzle °C; the optical reading did not find it. Judge the value from the page image.,yes
T00393,2,value-check,1b,profiles,P1511,,,G016-05,Spectrum PLA Glow in the Dark,R-SPECTRUM-PORTFOLIO-2024,4fb78715b81997ecd11b61d8b84393e1bfc6fe096ed35fc50ac062073c96cd74,.cache/sources/by-sha/4fb78715b81997ecd11b61d8b84393e1bfc6fe096ed35fc50ac062073c96cd74.pdf,4,p. 4: Nozzle temp. [°C]; p. 4: Closed chamber for printing; p. 4: Adhesive,undefined · specimen: undefined,The text layer prints 185; 225 for Nozzle °C; the optical reading did not find it. Judge the value from the page image.,value
T00394,2,value-check,1b,profiles,P1512,,,G018-03,Spectrum PLA Carbon,R-SPECTRUM-PORTFOLIO-2024,4fb78715b81997ecd11b61d8b84393e1bfc6fe096ed35fc50ac062073c96cd74,.cache/sources/by-sha/4fb78715b81997ecd11b61d8b84393e1bfc6fe096ed35fc50ac062073c96cd74.pdf,4,p. 4: Nozzle temp. [°C]; p. 4: Closed chamber for printing; p. 4: Adhesive,undefined · specimen: undefined,The text layer prints 220; 190 for Nozzle °C; the optical reading did not find it. Judge the value from the page image.,value
T00395,2,value-check,1,profiles,P1513,,,G012-07,Spectrum PLA Stone Age,R-SPECTRUM-PORTFOLIO-2024,4fb78715b81997ecd11b61d8b84393e1bfc6fe096ed35fc50ac062073c96cd74,.cache/sources/by-sha/4fb78715b81997ecd11b61d8b84393e1bfc6fe096ed35fc50ac062073c96cd74.pdf,4,p. 4: Nozzle temp. [°C]; p. 4: Closed chamber for printing; p. 4: Adhesive,undefined · specimen: undefined,The text layer prints 185; 225 for Nozzle °C; the optical reading did not find it. Judge the value from the page image.,yes
T00396,2,value-check,1,profiles,P1514,,,G014-02,Spectrum WOOD,R-SPECTRUM-PORTFOLIO-2024,4fb78715b81997ecd11b61d8b84393e1bfc6fe096ed35fc50ac062073c96cd74,.cache/sources/by-sha/4fb78715b81997ecd11b61d8b84393e1bfc6fe096ed35fc50ac062073c96cd74.pdf,4,p. 4: Nozzle temp. [°C]; p. 4: Bed temp. [°C]; p. 4: Closed chamber for printing; p. 4: Dry box recommended; p. 4: Adhesive,undefined · specimen: undefined,The text layer prints 220; 190; 45 for Nozzle °C; Bed °C; the optical reading did not find it. Judge the value from the page image.,yes
T00397,2,value-check,1b,profiles,P1515,,,G001-134,Spectrum GreenyHT,R-SPECTRUM-PORTFOLIO-2024,4fb78715b81997ecd11b61d8b84393e1bfc6fe096ed35fc50ac062073c96cd74,.cache/sources/by-sha/4fb78715b81997ecd11b61d8b84393e1bfc6fe096ed35fc50ac062073c96cd74.pdf,4,p. 4: Nozzle temp. [°C]; p. 4: Bed temp. [°C]; p. 4: Closed chamber for printing; p. 4: Dry box recommended; p. 4: Adhesive,undefined · specimen: undefined,The text layer prints 220; 190; 45 for Nozzle °C; Bed °C; the optical reading did not find it. Judge the value from the page image.,value
T00398,2,value-check,1,profiles,P1516,,,G001-10,Spectrum rPLA,R-SPECTRUM-PORTFOLIO-2024,4fb78715b81997ecd11b61d8b84393e1bfc6fe096ed35fc50ac062073c96cd74,.cache/sources/by-sha/4fb78715b81997ecd11b61d8b84393e1bfc6fe096ed35fc50ac062073c96cd74.pdf,4,p. 4: Nozzle temp. [°C]; p. 4: Closed chamber for printing; p. 4: Adhesive,undefined · specimen: undefined,The text layer prints 215; 190 for Nozzle °C; the optical reading did not find it. Judge the value from the page image.,yes
T00399,2,value-check,1,profiles,P1517,,,G020-11,Spectrum rPETG,R-SPECTRUM-PORTFOLIO-2024,4fb78715b81997ecd11b61d8b84393e1bfc6fe096ed35fc50ac062073c96cd74,.cache/sources/by-sha/4fb78715b81997ecd11b61d8b84393e1bfc6fe096ed35fc50ac062073c96cd74.pdf,4,p. 4: Nozzle temp. [°C]; p. 4: Closed chamber for printing; p. 4: Adhesive,undefined · specimen: undefined,The text layer prints 230; 255 for Nozzle °C; the optical reading did not find it. Judge the value from the page image.,yes
T00400,2,value-check,1,profiles,P1518,,,G027-05,Spectrum Smart ABS,R-SPECTRUM-PORTFOLIO-2024,4fb78715b81997ecd11b61d8b84393e1bfc6fe096ed35fc50ac062073c96cd74,.cache/sources/by-sha/4fb78715b81997ecd11b61d8b84393e1bfc6fe096ed35fc50ac062073c96cd74.pdf,4,p. 4: Nozzle temp. [°C]; p. 4: Adhesive,undefined · specimen: undefined,The text layer prints 230; 255 for Nozzle °C; the optical reading did not find it. Judge the value from the page image.,yes
T00401,2,value-check,1,profiles,P1521,,,G020-04,Spectrum PET-G Premium,R-SPECTRUM-PORTFOLIO-2024,4fb78715b81997ecd11b61d8b84393e1bfc6fe096ed35fc50ac062073c96cd74,.cache/sources/by-sha/4fb78715b81997ecd11b61d8b84393e1bfc6fe096ed35fc50ac062073c96cd74.pdf,4,p. 4: Bed temp. [°C]; p. 4: Closed chamber for printing; p. 4: Dry box recommended; p. 4: Ruby or hardened nozzle recommended; p. 4: Adhesive,undefined · specimen: undefined,The text layer prints 60; 80 for Bed °C; the optical reading did not find it. Judge the value from the page image.,yes
T00402,2,value-check,1b,profiles,P1522,,,G024-03,Spectrum PET-G Carbon,R-SPECTRUM-PORTFOLIO-2024,4fb78715b81997ecd11b61d8b84393e1bfc6fe096ed35fc50ac062073c96cd74,.cache/sources/by-sha/4fb78715b81997ecd11b61d8b84393e1bfc6fe096ed35fc50ac062073c96cd74.pdf,4,p. 4: Bed temp. [°C]; p. 4: Dry box recommended; p. 4: Ruby or hardened nozzle recommended; p. 4: Adhesive,undefined · specimen: undefined,The text layer prints 60; 80 for Bed °C; the optical reading did not find it. Judge the value from the page image.,value
T00403,2,value-check,1,profiles,P1527,,,G039-07,Spectrum S-Flex 85A,R-SPECTRUM-PORTFOLIO-2024,4fb78715b81997ecd11b61d8b84393e1bfc6fe096ed35fc50ac062073c96cd74,.cache/sources/by-sha/4fb78715b81997ecd11b61d8b84393e1bfc6fe096ed35fc50ac062073c96cd74.pdf,4,p. 4: Bed temp. [°C]; p. 4: Closed chamber for printing; p. 4: Dry box recommended; p. 4: Ruby or hardened nozzle recommended; p. 4: Adhesive,undefined · specimen: undefined,The text layer prints 50; 70 for Bed °C; the optical reading did not find it. Judge the value from the page image.,yes
T00404,2,value-check,1,profiles,P1528,,,G039-04,Spectrum S-Flex 90A,R-SPECTRUM-PORTFOLIO-2024,4fb78715b81997ecd11b61d8b84393e1bfc6fe096ed35fc50ac062073c96cd74,.cache/sources/by-sha/4fb78715b81997ecd11b61d8b84393e1bfc6fe096ed35fc50ac062073c96cd74.pdf,4,p. 4: Bed temp. [°C]; p. 4: Dry box recommended; p. 4: Ruby or hardened nozzle recommended; p. 4: Adhesive,undefined · specimen: undefined,The text layer prints 50; 70 for Bed °C; the optical reading did not find it. Judge the value from the page image.,yes
T00405,2,value-check,1b,profiles,P1532,,,G051-04,Spectrum PA6 Low Warp GF30,R-SPECTRUM-PORTFOLIO-2024,4fb78715b81997ecd11b61d8b84393e1bfc6fe096ed35fc50ac062073c96cd74,.cache/sources/by-sha/4fb78715b81997ecd11b61d8b84393e1bfc6fe096ed35fc50ac062073c96cd74.pdf,4,p. 4: Nozzle temp. [°C]; p. 4: Dry box recommended; p. 4: Adhesive,undefined · specimen: undefined,The text layer prints 280; 250 for Nozzle °C; the optical reading did not find it. Judge the value from the page image.,value
T00406,2,value-check,1,profiles,P1533,,,G035-03,Spectrum PC 275,R-SPECTRUM-PORTFOLIO-2024,4fb78715b81997ecd11b61d8b84393e1bfc6fe096ed35fc50ac062073c96cd74,.cache/sources/by-sha/4fb78715b81997ecd11b61d8b84393e1bfc6fe096ed35fc50ac062073c96cd74.pdf,4,p. 4: Nozzle temp. [°C]; p. 4: Bed temp. [°C]; p. 4: Dry box recommended; p. 4: Adhesive,undefined · specimen: undefined,The text layer prints 290; 250; 130; 90 for Nozzle °C; Bed °C; the optical reading did not find it. Judge the value from the page image.,yes
T00407,2,value-check,1b,profiles,P1534,,,G050-04,Spectrum PA6 CF15,R-SPECTRUM-PORTFOLIO-2024,4fb78715b81997ecd11b61d8b84393e1bfc6fe096ed35fc50ac062073c96cd74,.cache/sources/by-sha/4fb78715b81997ecd11b61d8b84393e1bfc6fe096ed35fc50ac062073c96cd74.pdf,5,p. 5: Nozzle temp. [°C]; p. 5: Closed chamber for printing; p. 5: Dry box recommended; p. 5: Ruby or hardened nozzle recommended; p. 5: Adhesive,undefined · specimen: undefined,The text layer prints 290; 260 for Nozzle °C; the optical reading did not find it. Judge the value from the page image.,value
T00408,2,value-check,1b,profiles,P1535,,,G108-01,Spectrum PA6 GK10,R-SPECTRUM-PORTFOLIO-2024,4fb78715b81997ecd11b61d8b84393e1bfc6fe096ed35fc50ac062073c96cd74,.cache/sources/by-sha/4fb78715b81997ecd11b61d8b84393e1bfc6fe096ed35fc50ac062073c96cd74.pdf,5,p. 5: Nozzle temp. [°C]; p. 5: Closed chamber for printing; p. 5: Dry box recommended; p. 5: Ruby or hardened nozzle recommended; p. 5: Adhesive,undefined · specimen: undefined,The text layer prints 290; 260 for Nozzle °C; the optical reading did not find it. Judge the value from the page image.,value
T00409,2,value-check,1b,profiles,P1536,,,G104-01,Spectrum PA6 CS20 FR V0,R-SPECTRUM-PORTFOLIO-2024,4fb78715b81997ecd11b61d8b84393e1bfc6fe096ed35fc50ac062073c96cd74,.cache/sources/by-sha/4fb78715b81997ecd11b61d8b84393e1bfc6fe096ed35fc50ac062073c96cd74.pdf,5,p. 5: Nozzle temp. [°C]; p. 5: Closed chamber for printing; p. 5: Dry box recommended; p. 5: Ruby or hardened nozzle recommended; p. 5: Adhesive,undefined · specimen: undefined,The text layer prints 290; 260 for Nozzle °C; the optical reading did not find it. Judge the value from the page image.,value
T00410,2,value-check,1,profiles,P1537,,,G020-08,Spectrum PET-G HT100,R-SPECTRUM-PORTFOLIO-2024,4fb78715b81997ecd11b61d8b84393e1bfc6fe096ed35fc50ac062073c96cd74,.cache/sources/by-sha/4fb78715b81997ecd11b61d8b84393e1bfc6fe096ed35fc50ac062073c96cd74.pdf,5,p. 5: Nozzle temp. [°C]; p. 5: Bed temp. [°C]; p. 5: Closed chamber for printing; p. 5: Dry box recommended; p. 5: Ruby or hardened nozzle recommended; p. 5: Adhesive,undefined · specimen: undefined,The text layer prints 280; 250; 100; 110 for Nozzle °C; Bed °C; the optical reading did not find it. Judge the value from the page image.,yes
T00411,2,value-check,1,profiles,P1538,,,G020-74,Spectrum PET-G FX120,R-SPECTRUM-PORTFOLIO-2024,4fb78715b81997ecd11b61d8b84393e1bfc6fe096ed35fc50ac062073c96cd74,.cache/sources/by-sha/4fb78715b81997ecd11b61d8b84393e1bfc6fe096ed35fc50ac062073c96cd74.pdf,5,p. 5: Nozzle temp. [°C]; p. 5: Bed temp. [°C]; p. 5: Closed chamber for printing; p. 5: Dry box recommended; p. 5: Ruby or hardened nozzle recommended; p. 5: Adhesive,undefined · specimen: undefined,The text layer prints 260; 240; 80 for Nozzle °C; Bed °C; the optical reading did not find it. Judge the value from the page image.,yes
T00412,2,value-check,1b,profiles,P1539,,,G067-03,Spectrum PET CF15,R-SPECTRUM-PORTFOLIO-2024,4fb78715b81997ecd11b61d8b84393e1bfc6fe096ed35fc50ac062073c96cd74,.cache/sources/by-sha/4fb78715b81997ecd11b61d8b84393e1bfc6fe096ed35fc50ac062073c96cd74.pdf,5,p. 5: Bed temp. [°C]; p. 5: Closed chamber for printing; p. 5: Dry box recommended; p. 5: Ruby or hardened nozzle recommended; p. 5: Adhesive,undefined · specimen: undefined,The text layer prints 50; 70 for Bed °C; the optical reading did not find it. Judge the value from the page image.,value
T00413,2,value-check,1,profiles,P1540,,,G066-02,Spectrum ecoPET 9021,R-SPECTRUM-PORTFOLIO-2024,4fb78715b81997ecd11b61d8b84393e1bfc6fe096ed35fc50ac062073c96cd74,.cache/sources/by-sha/4fb78715b81997ecd11b61d8b84393e1bfc6fe096ed35fc50ac062073c96cd74.pdf,5,p. 5: Nozzle temp. [°C]; p. 5: Closed chamber for printing; p. 5: Dry box recommended; p. 5: Ruby or hardened nozzle recommended; p. 5: Adhesive,undefined · specimen: undefined,The text layer prints 250; 275 for Nozzle °C; the optical reading did not find it. Judge the value from the page image.,yes
T00414,2,value-check,1,profiles,P1542,,,G027-04,Spectrum ABS Medical,R-SPECTRUM-PORTFOLIO-2024,4fb78715b81997ecd11b61d8b84393e1bfc6fe096ed35fc50ac062073c96cd74,.cache/sources/by-sha/4fb78715b81997ecd11b61d8b84393e1bfc6fe096ed35fc50ac062073c96cd74.pdf,5,p. 5: Bed temp. [°C]; p. 5: Dry box recommended; p. 5: Ruby or hardened nozzle recommended; p. 5: Adhesive,undefined · specimen: undefined,The text layer prints 100 for Bed °C; the optical reading did not find it. Judge the value from the page image.,yes
T00415,2,value-check,1b,profiles,P1543,,,G106-01,Spectrum ABS Kevlar,R-SPECTRUM-PORTFOLIO-2024,4fb78715b81997ecd11b61d8b84393e1bfc6fe096ed35fc50ac062073c96cd74,.cache/sources/by-sha/4fb78715b81997ecd11b61d8b84393e1bfc6fe096ed35fc50ac062073c96cd74.pdf,5,p. 5: Nozzle temp. [°C]; p. 5: Bed temp. [°C]; p. 5: Closed chamber for printing; p. 5: Dry box recommended; p. 5: Adhesive,undefined · specimen: undefined,The text layer prints 250; 270; 100 for Nozzle °C; Bed °C; the optical reading did not find it. Judge the value from the page image.,value
T00416,2,value-check,1b,profiles,P1544,,,G113-01,Spectrum ASA Kevlar,R-SPECTRUM-PORTFOLIO-2024,4fb78715b81997ecd11b61d8b84393e1bfc6fe096ed35fc50ac062073c96cd74,.cache/sources/by-sha/4fb78715b81997ecd11b61d8b84393e1bfc6fe096ed35fc50ac062073c96cd74.pdf,5,p. 5: Nozzle temp. [°C]; p. 5: Closed chamber for printing; p. 5: Adhesive,undefined · specimen: undefined,The text layer prints 240; 270 for Nozzle °C; the optical reading did not find it. Judge the value from the page image.,value
T00417,2,value-check,1,profiles,P1548,,,G072-02,Spectrum pps am230,R-SPECTRUM-PORTFOLIO-2024,4fb78715b81997ecd11b61d8b84393e1bfc6fe096ed35fc50ac062073c96cd74,.cache/sources/by-sha/4fb78715b81997ecd11b61d8b84393e1bfc6fe096ed35fc50ac062073c96cd74.pdf,5,p. 5: Bed temp. [°C]; p. 5: Dry box recommended; p. 5: Ruby or hardened nozzle recommended; p. 5: Adhesive,undefined · specimen: undefined,The text layer prints 100; 120 for Bed °C; the optical reading did not find it. Judge the value from the page image.,yes
T00418,2,value-check,1,profiles,P1578,,,G020-07,Spectrum PET-G Premium High Speed,R-COVERAGE-20261001-28aad1fe7597,28aad1fe759765537625b69e860f0b3c31082660a9ca7f59f7cd304cee53e4c7,.cache/sources/by-sha/28aad1fe759765537625b69e860f0b3c31082660a9ca7f59f7cd304cee53e4c7.pdf,22,p. 22: Dry box recommended; p. 22: Ruby or hardened nozzle recommended; p. 22: Nozzle temp. [°C],undefined · specimen: undefined,The text layer prints 245; 270 for Nozzle °C; the optical reading did not find it. Judge the value from the page image.,yes
T00419,2,value-check,3,measurements,V011919,,Tensile modulus,G058-R1,DuPont Zytel 151L NC010 (PA612 resin),R-DUPONT-ZYTEL-GUIDE,4b28bc3c55f6cebb864463b497521e9dcdca89a1edd82de6fee0bb2a0e820092,.cache/sources/by-sha/4b28bc3c55f6cebb864463b497521e9dcdca89a1edd82de6fee0bb2a0e820092.pdf,8,p. 8: Tensile modulus (1700 MPa),1700 MPa · Unstated · specimen: Raw material value,The text layer prints 1700 for Tensile modulus; the optical reading did not find it. Judge the value from the page image.,no
T00420,2,value-check,3,measurements,V004417,,Melt mass-flow rate,G020-19,SUNLU PETG,R-SUNLU-f27808f0-3a19-49e3-bd79-6e846d6f4c15,08e386cd13004305dc7e0123ce1daa42d7e4fce46ce227f697b7374b86cdd056,.cache/sources/by-sha/08e386cd13004305dc7e0123ce1daa42d7e4fce46ce227f697b7374b86cdd056.pdf,1,p. 1: 熔体指数 Melt Mass-flow Rate ISO 1133 190℃/2.16 kg g/10 min,5.7 ± 3 g/10 min · specimen: Not published (do not assume printed),The text layer prints 10; 5.7 for Melt mass-flow rate; the optical reading did not find it. Judge the value from the page image.,no
T00421,2,value-check,3,measurements,V004761,,Flexural strength,G024-06,SUNLU PETG Carbon Fiber,R-SUNLU-433432a8-dfcb-485e-bd8e-a7be94dda4ce,b813ed0c3823b9712a6c9949b8cf56a450e62bab2997a7907d68acb97437439c,.cache/sources/by-sha/b813ed0c3823b9712a6c9949b8cf56a450e62bab2997a7907d68acb97437439c.pdf,1,p. 1: (X-Y) Flexural Strength ISO 178 2 mm/min MPa,55.5 ± 5 MPa · XY · specimen: Printed specimen,The text layer prints 55.5 for Flexural strength; the optical reading did not find it. Judge the value from the page image.,no
T00422,2,value-check,3,measurements,V004644,,Flexural strength,G012-02,SUNLU High Speed Marble PLA,R-SUNLU-02f59eef-2adc-4bae-8b08-bfd1a8a278fe,79654c2d7556a5a6bb4024833dd4a185c93f943857af452ab71a880ea6ac2efa,.cache/sources/by-sha/79654c2d7556a5a6bb4024833dd4a185c93f943857af452ab71a880ea6ac2efa.pdf,1,p. 1: (X-Y) Flexural Strength ISO 178 2 mm/min MPa,72 ± 5 MPa · XY · specimen: Printed specimen,The text layer prints 72 for Flexural strength; the optical reading did not find it. Judge the value from the page image.,no
T00423,2,value-check,3,measurements,V008050,,Vicat softening temperature,G027-32,QIDI ABS,R-QIDI-ODORLESS-ABS,387e9400e0e400ca0712b225e27c3cded5daf7411adbc83c1d70289169be2633,.cache/sources/by-sha/387e9400e0e400ca0712b225e27c3cded5daf7411adbc83c1d70289169be2633.pdf,2,p. 2: 维卡软化点 ISO 306 Vicat softening temperature,103 °C · specimen: Printed specimen,The text layer prints 103 for Vicat softening temperature; the optical reading did not find it. Judge the value from the page image.,no
T00424,2,value-check,3,measurements,V012400,,Hardness,G020-74,Spectrum PET-G FX120,R-SPECTRUM-PORTFOLIO-2024,4fb78715b81997ecd11b61d8b84393e1bfc6fe096ed35fc50ac062073c96cd74,.cache/sources/by-sha/4fb78715b81997ecd11b61d8b84393e1bfc6fe096ed35fc50ac062073c96cd74.pdf,3,p. 3: Shore hardness 95A,95A · specimen: Not published (do not assume printed),The text layer prints 95 for Hardness; the optical reading did not find it. Judge the value from the page image.,no
T00425,2,value-check,3,measurements,V004757,,Melt mass-flow rate,G015-02,SUNLU PLA Galaxy,R-SUNLU-cc96ba09-b739-4afb-851f-bcdd5f02dc2b,b5723e949da4bd43f0aef4bef05fd263a072dad1c860dc68bd35f19679a518dc,.cache/sources/by-sha/b5723e949da4bd43f0aef4bef05fd263a072dad1c860dc68bd35f19679a518dc.pdf,1,p. 1: Melt Mass-flow Rate ISO 1133 190℃/2.16 kg g/10 min,5.46 ± 2.5 g/10 min · specimen: Printed specimen,The text layer prints 2.5; 10; 5.46 for Melt mass-flow rate; the optical reading did not find it. Judge the value from the page image.,no
T00426,2,value-check,3,measurements,V004544,,Melt mass-flow rate,G097-03,SUNLU PEEK,R-SUNLU-ddb6b06d-707f-4226-9c00-cc16ef778873,46e1cfb74e3b80b8db8fecc25c6eeb0d5db034009000ae35ba5c6f47dca1c2dd,.cache/sources/by-sha/46e1cfb74e3b80b8db8fecc25c6eeb0d5db034009000ae35ba5c6f47dca1c2dd.pdf,1,p. 1: Melt Mass-flow Rate ISO 1133 210℃/2.16 kg g/10 min,17 g/10 min · specimen: Printed specimen,The text layer prints 10; 17 for Melt mass-flow rate; the optical reading did not find it. Judge the value from the page image.,no
T00427,2,value-check,3,measurements,V008372,,Density,G093-03,SUNLU PVB,R-SUNLU-PVB-TDS,6622dff0d6b9f85343f2bf6e4370c7b5ae0c2e78581876c24f81c3a54ae006e8,.cache/sources/by-sha/6622dff0d6b9f85343f2bf6e4370c7b5ae0c2e78581876c24f81c3a54ae006e8.pdf,1,p. 1: Density ISO1183 23℃ g/cm3,1.08 g/cm3 · specimen: Not published (density specimen form not explicitly established),The text layer prints 1.08 for Density; the optical reading did not find it. Judge the value from the page image.,no
T00428,2,value-check,3,measurements,V004443,,Elongation at break,G001-143,SUNLU PLA+2.0,R-SUNLU-65301701781747847057,1833d0910da27075d9dac2c44b60fc051786197a25d9ef8b0688d59fbf7e284b,.cache/sources/by-sha/1833d0910da27075d9dac2c44b60fc051786197a25d9ef8b0688d59fbf7e284b.pdf,1,p. 1: (X-Y) Elongation at break ISO 527/2 50 mm/min %,10 ± 2.5 % · XY · specimen: Printed specimen,The text layer prints 2.5; 10 for Elongation at break; the optical reading did not find it. Judge the value from the page image.,no
T00429,2,value-check,3,profiles,P1422,,,G076-02,BASF Forward AM Ultrafuse BVOH,R-FORWARDAM-ULTRAFUSE-BVOH-EXTENDED-TDS,5c312e6dd2740bf4264081441412666d526fb7ee1f12d681a63f468952a43eda,.cache/sources/by-sha/5c312e6dd2740bf4264081441412666d526fb7ee1f12d681a63f468952a43eda.pdf,3,p. 3: Nozzle Temperature; p. 3: Bed Temperature; p. 3: Bed Material; p. 3: Nozzle Diameter,undefined · specimen: undefined,The text layer prints 190; 210; 100; 60 for Nozzle °C; Bed °C; the optical reading did not find it. Judge the value from the page image.,no
T00430,2,value-check,3,measurements,V004779,,Flexural strength,G013-03,SUNLU PLA Twinkling,R-SUNLU-581a2c53-a377-4a1a-8fa4-f864aa683bd2,e1a590c791fd27eeb4e1a734ef971fb5d3a4b246e61c74e45af5eec68d028da0,.cache/sources/by-sha/e1a590c791fd27eeb4e1a734ef971fb5d3a4b246e61c74e45af5eec68d028da0.pdf,1,p. 1: (X-Y) Flexural Strength ISO 178 2 mm/min MPa,97 ± 3 MPa · XY · specimen: Printed specimen,The text layer prints 97 for Flexural strength; the optical reading did not find it. Judge the value from the page image.,no
T00431,2,value-check,3,measurements,V008058,,Tensile modulus,G027-32,QIDI ABS,R-QIDI-ODORLESS-ABS,387e9400e0e400ca0712b225e27c3cded5daf7411adbc83c1d70289169be2633,.cache/sources/by-sha/387e9400e0e400ca0712b225e27c3cded5daf7411adbc83c1d70289169be2633.pdf,3,p. 3: Young's Modulus (无保温环境/开放式打印机),1967.57 ± 119.93 MPa · Z · specimen: Printed specimen,The text layer prints 1967.57; 119.93 for Tensile modulus; the optical reading did not find it. Judge the value from the page image.,no
T00432,2,value-check,3,measurements,V008524,,Melt mass-flow rate,G082-05,SUNLU PP,R-SUNLU-PP-TDS-7b4ac3a3-751e-42d8-9b0b-bff0d1fc0a3b,b73b1805d859a3ad014b3069def3d6c1a7d068bdb07f129c750534731af74b31,.cache/sources/by-sha/b73b1805d859a3ad014b3069def3d6c1a7d068bdb07f129c750534731af74b31.pdf,1,p. 1: Melt Flow Rate ISO1133 190℃/2.16kg g/10min,9 g/10min · specimen: Not published (do not assume printed),The text layer prints 10 for Melt mass-flow rate; the optical reading did not find it. Judge the value from the page image.,no
T00433,2,value-check,3,measurements,V004422,,Flexural modulus,G082-04,SUNLU PP2.0,R-SUNLU-25182761789529093884,0dfe19aea957140cb70fed1d7b242c960ab7417125668b6f3e0d674024430879,.cache/sources/by-sha/0dfe19aea957140cb70fed1d7b242c960ab7417125668b6f3e0d674024430879.pdf,1,p. 1: 弯曲模量(X-Y) Flexural Modulus ISO 178 2 mm/min MPa,500 ± 100 MPa · XY · specimen: Not published (do not assume printed),The text layer prints 500; 100 for Flexural modulus; the optical reading did not find it. Judge the value from the page image.,no
T00434,2,value-check,3,measurements,V004372,,Tensile strength (endpoint unspecified),G008-05,SUNLU PLA+ Silk 2.0,R-SUNLU-56889371789540318047,05905ccb757833a685563516d337fdbd5804d690ee041f84dcfd9f5d6bba2d62,.cache/sources/by-sha/05905ccb757833a685563516d337fdbd5804d690ee041f84dcfd9f5d6bba2d62.pdf,1,p. 1: 拉伸强度(Z-X) Tensile Strength ISO 527/2 50 mm/min MPa,18 ± 3 MPa · ZX · specimen: Not published (do not assume printed),The text layer prints 18 for Tensile strength (endpoint unspecified); the optical reading did not find it. Judge the value from the page image.,no
T00435,2,value-check,3,measurements,V002046,,HDT,G058-R1,DuPont Zytel 151L NC010 (PA612 resin),R-DUPONT-ZYTEL-GUIDE,4b28bc3c55f6cebb864463b497521e9dcdca89a1edd82de6fee0bb2a0e820092,.cache/sources/by-sha/4b28bc3c55f6cebb864463b497521e9dcdca89a1edd82de6fee0bb2a0e820092.pdf,8,"p. 8: Temperature of deflection under load 0.45 MPa, Zytel 151L",135 °C · specimen: Raw material value,The text layer prints 135 for HDT; the optical reading did not find it. Judge the value from the page image.,no
T00436,2,value-check,3,measurements,V008696,,Glass transition temperature,G027-12,SUNLU High Speed ABS,R-SUNLU-High-Speed-ABS-TDS,efe9e1f4c6ca1d0091a21e354edd952ddb9c144ccd2a7f0be205a30520d7d8be,.cache/sources/by-sha/efe9e1f4c6ca1d0091a21e354edd952ddb9c144ccd2a7f0be205a30520d7d8be.pdf,1,p. 1: Glass Transition(Tg) ISO11357-3 10℃/min ℃,105 ℃ · specimen: Not published (do not assume printed),The text layer prints 105 for Glass transition temperature; the optical reading did not find it. Judge the value from the page image.,no
T00437,2,value-check,3,measurements,V004678,,Melt mass-flow rate,G031-08,SUNLU ASA,R-SUNLU-7d61617c-7540-4ae2-88d3-a0d206e5d801,921b543c6ecc75c46ce2b1a5f4ea256c468db90c9f75e8ee74e2c56cd002c033,.cache/sources/by-sha/921b543c6ecc75c46ce2b1a5f4ea256c468db90c9f75e8ee74e2c56cd002c033.pdf,1,p. 1: Melt Mass-flow Rate ISO 1133 220℃/10 kg g/10 min,30.5 ± 3 g/10 min · specimen: Printed specimen,The text layer prints 10; 30.5 for Melt mass-flow rate; the optical reading did not find it. Judge the value from the page image.,no
T00438,2,value-check,3,measurements,V008094,,Vicat softening temperature,G031-25,QIDI ASA,R-QIDI-ASA,a25213876b47e652fe09ed983f6130faa28e316ad76362637ccc395792bafdf4,.cache/sources/by-sha/a25213876b47e652fe09ed983f6130faa28e316ad76362637ccc395792bafdf4.pdf,2,p. 2: 维卡软温度 ISO 306 Vicat softening temperature,101 °C · specimen: Printed specimen,The text layer prints 101 for Vicat softening temperature; the optical reading did not find it. Judge the value from the page image.,no
T00439,2,value-check,3,measurements,V004440,,Melt mass-flow rate,G001-37,SUNLU PLA,R-SUNLU-73632671781747576290,13fac1b4645829b9e1c6f2bc9ef64d57742bdaf9c192f338ecc96cfd0dc93930,.cache/sources/by-sha/13fac1b4645829b9e1c6f2bc9ef64d57742bdaf9c192f338ecc96cfd0dc93930.pdf,1,p. 1: Melt Mass-flow Rate ISO 1133 190℃/2.16 kg g/10 min,6.9 ± 3 g/10 min · specimen: Printed specimen,The text layer prints 10; 6.9 for Melt mass-flow rate; the optical reading did not find it. Judge the value from the page image.,no
T00440,2,value-check,3,measurements,V014359,,Flexural strength,G001-143,SUNLU PLA+2.0,R-SUNLU-81b1d361-0bd9-4783-ba0f-283a311c6870,674839366a0943712ae139131c1c1a4f27f046e5fa4ea4e1580498038698f6b1,.cache/sources/by-sha/674839366a0943712ae139131c1c1a4f27f046e5fa4ea4e1580498038698f6b1.pdf,1,p. 1: (X-Y) Flexural Strength,83±5 MPa · XY · specimen: Printed specimen,The text layer prints 83 for Flexural strength; the optical reading did not find it. Judge the value from the page image.,no
T00441,2,value-check,3,measurements,V008197,,HDT,G053-05,SUNLU PA12-CF,R-SUNLU-PA12-CF-TDS,055519eef178c1845704d555d4dd99620b4a5b5a36c9d79dce2186c67ea0ed68,.cache/sources/by-sha/055519eef178c1845704d555d4dd99620b4a5b5a36c9d79dce2186c67ea0ed68.pdf,1,p. 1: Heat Deflection (HDT) ISO75 0.45MPa ℃,176 ℃ · specimen: Not published (do not assume printed),The text layer prints 176 for HDT; the optical reading did not find it. Judge the value from the page image.,no
T00442,2,value-check,3,measurements,V008051,,HDT,G027-32,QIDI ABS,R-QIDI-ODORLESS-ABS,387e9400e0e400ca0712b225e27c3cded5daf7411adbc83c1d70289169be2633,.cache/sources/by-sha/387e9400e0e400ca0712b225e27c3cded5daf7411adbc83c1d70289169be2633.pdf,2,p. 2: 热变形温度 ISO 75:Method A,86 °C · specimen: Printed specimen,The text layer prints 86 for HDT; the optical reading did not find it. Judge the value from the page image.,no
T00443,2,value-check,3,measurements,V004490,,Hardness,G001-38,SUNLU High Speed PLA,R-SUNLU-b129fd4c-7d50-46be-874e-84e0bb6ff1ae,27059e4a61a2cb5e477d38e5550858d29ffe3c54ac7d6123ef5e1f29c25cc3ce,.cache/sources/by-sha/27059e4a61a2cb5e477d38e5550858d29ffe3c54ac7d6123ef5e1f29c25cc3ce.pdf,1,p. 1: Shore Hardness ISO 868 23℃ HA/HD,81.4 · specimen: Printed specimen,The text layer prints 81.4 for Hardness; the optical reading did not find it. Judge the value from the page image.,no
T00444,2,value-check,3,measurements,V008157,,Flexural strength,G068-05,QIDI PET-GF,R-QIDI-PET-GF,f522e5d934d58f7a20ce24bc3c958c3f976fb570ab0ca9cd73f0d2c2e0f3623a,.cache/sources/by-sha/f522e5d934d58f7a20ce24bc3c958c3f976fb570ab0ca9cd73f0d2c2e0f3623a.pdf,3,p. 3: 弯曲强度(X-Y) Bending strength (X-Y),114.87 ± 3.0 Mpa · XY · specimen: Printed specimen,The text layer prints 114.87 for Flexural strength; the optical reading did not find it. Judge the value from the page image.,no
T00445,2,value-check,3,measurements,V004662,,HDT,G001-38,SUNLU High Speed PLA,R-SUNLU-1cc08af0-45a6-41af-9b5a-07533ce567f3,870d9710fa851063e06633bea393443301a927c1fa34bc9d340941945acc0776,.cache/sources/by-sha/870d9710fa851063e06633bea393443301a927c1fa34bc9d340941945acc0776.pdf,1,p. 1: (X-Y) Heat Distortion (HDT) ISO 75 0.45 MPa ℃,56 ± 3 ℃ · XY · specimen: Printed specimen,The text layer prints 56 for HDT; the optical reading did not find it. Judge the value from the page image.,no
T00446,2,value-check,3,measurements,V008597,,Melting temperature,G001-111,SUNLU PLA Classic,R-SUNLU-PLA-Classic-TDS,d140af2e6529276f85cd006714659be3ddbe3cff5c14b658fb10268f76b8ab53,.cache/sources/by-sha/d140af2e6529276f85cd006714659be3ddbe3cff5c14b658fb10268f76b8ab53.pdf,1,p. 1: Melting Point ISO11357-3 10℃/min ℃,158 ℃ · specimen: Not published (do not assume printed),The text layer prints 158 for Melting temperature; the optical reading did not find it. Judge the value from the page image.,no
T00447,2,value-check,3,measurements,V010187,,Mould shrinkage,G149-03,SUNLU PCL,R-SUNLU-9c709eea-12c7-4a05-b5cd-227c63c700b8,77ea19eb018c179eaa877db371bb052f752b1ce09998d286b788df83db0cdd7b,.cache/sources/by-sha/77ea19eb018c179eaa877db371bb052f752b1ce09998d286b788df83db0cdd7b.pdf,1,p. 1: Moulding Shrinkage ISO 294 23℃ %,1.3-1.6 % · Unstated · specimen: Printed specimen,The text layer prints 1.3; 1.6 for Mould shrinkage; the optical reading did not find it. Judge the value from the page image.,no
T00448,2,value-check,3,measurements,V008691,,Flexural strength,G027-12,SUNLU High Speed ABS,R-SUNLU-High-Speed-ABS-TDS,efe9e1f4c6ca1d0091a21e354edd952ddb9c144ccd2a7f0be205a30520d7d8be,.cache/sources/by-sha/efe9e1f4c6ca1d0091a21e354edd952ddb9c144ccd2a7f0be205a30520d7d8be.pdf,1,p. 1: Flexural Strength(X-Y) ISO178 2mm/min MPa,55 MPa · XY · specimen: Printed specimen,The text layer prints 55 for Flexural strength; the optical reading did not find it. Judge the value from the page image.,no
T00449,2,value-check,3,measurements,V004399,,Izod impact strength,G020-18,SUNLU PETG 2.0,R-SUNLU-30522971789539747056,078860f565ca6586b313bd9ef777b516f298a5c17d29d57a1b9a748733bcf0a7,.cache/sources/by-sha/078860f565ca6586b313bd9ef777b516f298a5c17d29d57a1b9a748733bcf0a7.pdf,1,p. 1: 悬臂梁无缺口冲击强度(X-Y) Izod Impact ISO 180 23℃ KJ/m2 Strength of Unnotched Specimen,38 ± 8 KJ/m2 · Unnotched · XY · specimen: Not published (do not assume printed),The text layer prints 38 for Izod impact strength; the optical reading did not find it. Judge the value from the page image.,no
T00450,2,value-check,3,measurements,V009292,,Decomposition temperature,G057-06,SUNLU Easy PA,R-SUNLU-a5909dda-0573-4f11-a34a-00d495b1ea09,dfc4e8b55e12ca56866c37b5b957fc83fd64ceb88fbd926a10f291b82e609988,.cache/sources/by-sha/dfc4e8b55e12ca56866c37b5b957fc83fd64ceb88fbd926a10f291b82e609988.pdf,1,p. 1: @5%Decomposition Temp. ISO 11358 20 ℃/min ℃,300 ℃ · specimen: Printed specimen,The text layer prints 300 for Decomposition temperature; the optical reading did not find it. Judge the value from the page image.,no
T00451,2,value-check,3,measurements,V004749,,Flexural strength,G015-02,SUNLU PLA Galaxy,R-SUNLU-cc96ba09-b739-4afb-851f-bcdd5f02dc2b,b5723e949da4bd43f0aef4bef05fd263a072dad1c860dc68bd35f19679a518dc,.cache/sources/by-sha/b5723e949da4bd43f0aef4bef05fd263a072dad1c860dc68bd35f19679a518dc.pdf,1,p. 1: (X-Y) Flexural Strength ISO 178 2 mm/min MPa,80.3 ± 10 MPa · XY · specimen: Printed specimen,The text layer prints 80.3; 10 for Flexural strength; the optical reading did not find it. Judge the value from the page image.,no
T00452,2,value-check,3,measurements,V008100,,Tensile break strength,G031-25,QIDI ASA,R-QIDI-ASA,a25213876b47e652fe09ed983f6130faa28e316ad76362637ccc395792bafdf4,.cache/sources/by-sha/a25213876b47e652fe09ed983f6130faa28e316ad76362637ccc395792bafdf4.pdf,3,p. 3: 拉伸断裂强度(X-Y) Tensile breaking strength,32.23 ± 1.13 MPa · XY · specimen: Printed specimen,The text layer prints 32.23; 1.13 for Tensile break strength; the optical reading did not find it. Judge the value from the page image.,no
T00453,2,value-check,3,measurements,V004775,,Melt mass-flow rate,G039-19,SUNLU TPU 95A,R-SUNLU-e8b9c06a-4b93-46cb-9532-d9deb185a7c8,c2da8fbdc75808ce598bb5df4db226b058f1706822340b744f58ec72c4ea2dd0,.cache/sources/by-sha/c2da8fbdc75808ce598bb5df4db226b058f1706822340b744f58ec72c4ea2dd0.pdf,1,p. 1: Melt Mass-flow Rate ISO 1133 190℃/2.16 kg g/10 min,28 ± 3 g/10 min · specimen: Printed specimen,The text layer prints 10; 28 for Melt mass-flow rate; the optical reading did not find it. Judge the value from the page image.,no
T00454,2,value-check,3,measurements,V004360,,Flexural modulus,G001-36,SUNLU PLA Lite,R-SUNLU-bbf6d99b-179f-4eee-a7d6-505d125658cd,026956efec70960e88eac19c404dc5029f35388eed3dafb26638abc4f0378cd5,.cache/sources/by-sha/026956efec70960e88eac19c404dc5029f35388eed3dafb26638abc4f0378cd5.pdf,1,p. 1: (X-Y) Flexural Modulus ISO 178 2 mm/min MPa,3300 ± 400 MPa · XY · specimen: Printed specimen,The text layer prints 400; 3300 for Flexural modulus; the optical reading did not find it. Judge the value from the page image.,no
T00455,2,value-check,3,measurements,V008236,,Glass transition temperature,G051-06,SUNLU PA6-GF,R-SUNLU-PA6-GF-TDS,19c5c4b0244fabf86903c5ac555d9037f816d91bd01d8ba2177268d8dbfd184d,.cache/sources/by-sha/19c5c4b0244fabf86903c5ac555d9037f816d91bd01d8ba2177268d8dbfd184d.pdf,1,p. 1: Glass Transition(Tg) ISO11357-3 10℃/min ℃,65 ℃ · specimen: Not published (do not assume printed),The text layer prints 65 for Glass transition temperature; the optical reading did not find it. Judge the value from the page image.,no
T00456,2,value-check,3,measurements,V004741,,Hardness,G020-20,SUNLU High Speed Matte PETG,R-SUNLU-ccf53a55-5b58-49fa-b1d9-08f94c0a4b28,b549a33c5bb86816aa44f46bb1c5b0851fc41358cd67ed98d92c05d3049ab035,.cache/sources/by-sha/b549a33c5bb86816aa44f46bb1c5b0851fc41358cd67ed98d92c05d3049ab035.pdf,1,p. 1: Shore Hardness ISO 868 23℃ HA/HD,79 · specimen: Printed specimen,The text layer prints 79 for Hardness; the optical reading did not find it. Judge the value from the page image.,no
T00457,2,value-check,3,measurements,V004792,,Flexural strength,G093-03,SUNLU PVB,R-SUNLU-042608c3-25e5-4515-a83e-f2220185296c,fab54bfd39fbefe0bca7ddb7e5326b06958da23151c4b01914d1e7ee0bbff589,.cache/sources/by-sha/fab54bfd39fbefe0bca7ddb7e5326b06958da23151c4b01914d1e7ee0bbff589.pdf,1,p. 1: (X-Y) Flexural Strength ISO 178 2 mm/min MPa,78 ± 6 MPa · XY · specimen: Printed specimen,The text layer prints 78 for Flexural strength; the optical reading did not find it. Judge the value from the page image.,no
T00458,2,value-check,3,measurements,V011890,,Flexural modulus,G076-02,BASF Forward AM Ultrafuse BVOH,R-FORWARDAM-ULTRAFUSE-BVOH-EXTENDED-TDS,5c312e6dd2740bf4264081441412666d526fb7ee1f12d681a63f468952a43eda,.cache/sources/by-sha/5c312e6dd2740bf4264081441412666d526fb7ee1f12d681a63f468952a43eda.pdf,4,p. 4: Flexural Modulus (XY),2236 MPa · XY · specimen: Printed specimen,The text layer prints 2236 for Flexural modulus; the optical reading did not find it. Judge the value from the page image.,no
T00459,2,value-check,3,measurements,V009356,,Flexural strength,G059-02,QIDI PA612-CF,R-QIDI-PA12-CF,3bee87ff0b079c2a03f1395d0dbe71e51815c38a6243afdc9a3c2cc79613bc35,.cache/sources/by-sha/3bee87ff0b079c2a03f1395d0dbe71e51815c38a6243afdc9a3c2cc79613bc35.pdf,2,p. 2: Bending strength (X-Y),124.07 ± 2.36 MPa · XY · specimen: Printed specimen,The text layer prints 124.07; 2.36 for Flexural strength; the optical reading did not find it. Judge the value from the page image.,no
T00460,2,value-check,3,measurements,V008059,,Elongation at break,G027-32,QIDI ABS,R-QIDI-ODORLESS-ABS,387e9400e0e400ca0712b225e27c3cded5daf7411adbc83c1d70289169be2633,.cache/sources/by-sha/387e9400e0e400ca0712b225e27c3cded5daf7411adbc83c1d70289169be2633.pdf,3,p. 3: 断裂伸长率 Elongation at break (Z),1.62 ± 0.14 % · Z · specimen: Printed specimen,The text layer prints 0.14; 1.62 for Elongation at break; the optical reading did not find it. Judge the value from the page image.,no
T00461,2,value-check,3,measurements,V014360,,Flexural modulus,G001-143,SUNLU PLA+2.0,R-SUNLU-81b1d361-0bd9-4783-ba0f-283a311c6870,674839366a0943712ae139131c1c1a4f27f046e5fa4ea4e1580498038698f6b1,.cache/sources/by-sha/674839366a0943712ae139131c1c1a4f27f046e5fa4ea4e1580498038698f6b1.pdf,1,p. 1: (X-Y) Flexural Modulus,2750±200 MPa · XY · specimen: Printed specimen,The text layer prints 200; 2750 for Flexural modulus; the optical reading did not find it. Judge the value from the page image.,no
T00462,2,value-check,3,measurements,V010184,,Elongation at break,G149-03,SUNLU PCL,R-SUNLU-9c709eea-12c7-4a05-b5cd-227c63c700b8,77ea19eb018c179eaa877db371bb052f752b1ce09998d286b788df83db0cdd7b,.cache/sources/by-sha/77ea19eb018c179eaa877db371bb052f752b1ce09998d286b788df83db0cdd7b.pdf,1,"p. 1: (X-Y) Elongation at break ISO 527/2 50 mm/min %; p. 3: specimen Note [1]; p. 2: Recommended Printing Parameters, Nozzle Temp.",800 % · XY · specimen: Printed off the product's recipe,The text layer prints 800 for Elongation at break; the optical reading did not find it. Judge the value from the page image.,no
T00463,2,value-check,3,measurements,V008449,,Decomposition temperature,G020-20,SUNLU High Speed Matte PETG,R-SUNLU-High-Speed-Matte-PETG-TDS,9cf76ba6b1b7a91671d8be801dcbb143a5088aa5d952513cade09e09ceee7143,.cache/sources/by-sha/9cf76ba6b1b7a91671d8be801dcbb143a5088aa5d952513cade09e09ceee7143.pdf,1,p. 1: @5%Decomposition Temp. ISO11358 20℃/min ℃,423 ℃ · specimen: Not published (do not assume printed),The text layer prints 423 for Decomposition temperature; the optical reading did not find it. Judge the value from the page image.,no
T00464,2,value-check,3,measurements,V008581,,Izod impact strength,G027-14,SUNLU ABS-FR,R-SUNLU-ABS-FR-TDS-0,cff0a8dcb674cc54949eece22d90b6ffe4ebc8c574e8839f7fca949da65a86b0,.cache/sources/by-sha/cff0a8dcb674cc54949eece22d90b6ffe4ebc8c574e8839f7fca949da65a86b0.pdf,1,p. 1: IZOD Impact Notched(X-Y) ISO180 23℃ KJ/m2,13 KJ/m2 · Notched · XY · specimen: Printed specimen,The text layer prints 13 for Izod impact strength; the optical reading did not find it. Judge the value from the page image.,no
T00465,2,value-check,3,measurements,V004695,,Hardness,G027-14,SUNLU ABS-FR,R-SUNLU-48f9a499-b97a-4844-be4b-35ca349b5b64,9de5ef7245a90a97c871bbaad2ac061c22d82c77c9316df48a6a96fc87b47331,.cache/sources/by-sha/9de5ef7245a90a97c871bbaad2ac061c22d82c77c9316df48a6a96fc87b47331.pdf,1,p. 1: 邵氏硬度 Shore Hardness ISO 868 23℃ HA/HD,79 · specimen: Not published (do not assume printed),The text layer prints 79 for Hardness; the optical reading did not find it. Judge the value from the page image.,no
T00466,2,value-check,3,measurements,V004506,,Melting temperature,G053-05,SUNLU PA12-CF,R-SUNLU-93d827f4-50e9-45b4-8b24-bf5ddaf8273f,2b8c38d54f96f102c76f6bc596f5a067fe4911d744ed79b468f467e8e9605280,.cache/sources/by-sha/2b8c38d54f96f102c76f6bc596f5a067fe4911d744ed79b468f467e8e9605280.pdf,1,p. 1: Melting Temperature ISO 11357-3 10 ℃/min ℃,190 ℃ · specimen: Printed specimen,The text layer prints 190 for Melting temperature; the optical reading did not find it. Judge the value from the page image.,no
T00467,2,value-check,3,measurements,V004400,,Izod impact strength,G020-18,SUNLU PETG 2.0,R-SUNLU-30522971789539747056,078860f565ca6586b313bd9ef777b516f298a5c17d29d57a1b9a748733bcf0a7,.cache/sources/by-sha/078860f565ca6586b313bd9ef777b516f298a5c17d29d57a1b9a748733bcf0a7.pdf,1,p. 1: 悬臂梁无缺口冲击强度(Z-X) Izod Impact ISO 180 23℃ KJ/m2 Strength of Unnotched Specimen,4.5 ± 2.5 KJ/m2 · Unnotched · ZX · specimen: Not published (do not assume printed),The text layer prints 2.5; 4.5 for Izod impact strength; the optical reading did not find it. Judge the value from the page image.,no
T00468,2,value-check,3,measurements,V004685,,Hardness,G082-05,SUNLU PP,R-SUNLU-fbfe6e74-b29f-4f0f-a9b3-84aaa6b2fc85,985ffa6209213452ed90a16c488b1d23c275b72b921a754814b2ab86375649f5,.cache/sources/by-sha/985ffa6209213452ed90a16c488b1d23c275b72b921a754814b2ab86375649f5.pdf,1,p. 1: Shore Hardness ISO 868 23℃ HA/HD,54.5 · specimen: Printed specimen,The text layer prints 54.5 for Hardness; the optical reading did not find it. Judge the value from the page image.,no
T00469,2,value-check,3,measurements,V008693,,Izod impact strength,G027-12,SUNLU High Speed ABS,R-SUNLU-High-Speed-ABS-TDS,efe9e1f4c6ca1d0091a21e354edd952ddb9c144ccd2a7f0be205a30520d7d8be,.cache/sources/by-sha/efe9e1f4c6ca1d0091a21e354edd952ddb9c144ccd2a7f0be205a30520d7d8be.pdf,1,p. 1: IZOD Impact Notched(X-Y) ISO180 23℃ KJ/m2,10 KJ/m2 · Notched · XY · specimen: Printed specimen,The text layer prints 10 for Izod impact strength; the optical reading did not find it. Judge the value from the page image.,no
T00470,2,value-check,3,measurements,V004410,,Flexural modulus,G020-19,SUNLU PETG,R-SUNLU-f27808f0-3a19-49e3-bd79-6e846d6f4c15,08e386cd13004305dc7e0123ce1daa42d7e4fce46ce227f697b7374b86cdd056,.cache/sources/by-sha/08e386cd13004305dc7e0123ce1daa42d7e4fce46ce227f697b7374b86cdd056.pdf,1,p. 1: 弯曲模量(X-Y) Flexural Modulus ISO 178 2 mm/min MPa,2100 ± 300 MPa · XY · specimen: Not published (do not assume printed),The text layer prints 300; 2100 for Flexural modulus; the optical reading did not find it. Judge the value from the page image.,no
T00471,2,value-check,3,measurements,V014365,,Vicat softening temperature,G001-143,SUNLU PLA+2.0,R-SUNLU-81b1d361-0bd9-4783-ba0f-283a311c6870,674839366a0943712ae139131c1c1a4f27f046e5fa4ea4e1580498038698f6b1,.cache/sources/by-sha/674839366a0943712ae139131c1c1a4f27f046e5fa4ea4e1580498038698f6b1.pdf,1,p. 1: Vicat Softening Temp.,54 ℃ · specimen: Printed specimen,The text layer prints 54 for Vicat softening temperature; the optical reading did not find it. Judge the value from the page image.,no
T00472,2,value-check,3,measurements,V008388,,Tensile strength (endpoint unspecified),G094-04,SUNLU PC/ABS,R-SUNLU-PC-ABS-TDS,819b9fe01752d912622da958d05f1a6829b9473601788d36b010c65c52e0cd9e,.cache/sources/by-sha/819b9fe01752d912622da958d05f1a6829b9473601788d36b010c65c52e0cd9e.pdf,1,p. 1: Tensile Strength(X-Y) ISO527/2 50mm/min MPa,40 MPa · XY · specimen: Printed specimen,The text layer prints 40 for Tensile strength (endpoint unspecified); the optical reading did not find it. Judge the value from the page image.,no
T00473,2,value-check,3,measurements,V004416,,Melting temperature,G020-19,SUNLU PETG,R-SUNLU-f27808f0-3a19-49e3-bd79-6e846d6f4c15,08e386cd13004305dc7e0123ce1daa42d7e4fce46ce227f697b7374b86cdd056,.cache/sources/by-sha/08e386cd13004305dc7e0123ce1daa42d7e4fce46ce227f697b7374b86cdd056.pdf,1,p. 1: 熔点温度 Melting Temperature ISO 11357-3 10 ℃/min ℃,195 ℃ · specimen: Not published (do not assume printed),The text layer prints 195 for Melting temperature; the optical reading did not find it. Judge the value from the page image.,no
T00474,2,value-check,3,measurements,V004669,,Flexural strength,G031-08,SUNLU ASA,R-SUNLU-7d61617c-7540-4ae2-88d3-a0d206e5d801,921b543c6ecc75c46ce2b1a5f4ea256c468db90c9f75e8ee74e2c56cd002c033,.cache/sources/by-sha/921b543c6ecc75c46ce2b1a5f4ea256c468db90c9f75e8ee74e2c56cd002c033.pdf,1,p. 1: (X-Y) Flexural Strength ISO 178 2 mm/min MPa,68 ± 5 MPa · XY · specimen: Printed specimen,The text layer prints 68 for Flexural strength; the optical reading did not find it. Judge the value from the page image.,no
T00475,2,value-check,3,measurements,V012430,,HDT,G053-03,Spectrum pa12 cf15,R-COVERAGE-20261001-28aad1fe7597,28aad1fe759765537625b69e860f0b3c31082660a9ca7f59f7cd304cee53e4c7,.cache/sources/by-sha/28aad1fe759765537625b69e860f0b3c31082660a9ca7f59f7cd304cee53e4c7.pdf,23,p. 23: HDT (G053-03; 170°C),170°C · specimen: Not published (do not assume printed),The text layer prints 170 for HDT; the optical reading did not find it. Judge the value from the page image.,no
T00476,2,value-check,3,measurements,V004634,,Izod impact strength,G018-08,SUNLU PLA Carbon Fiber,R-SUNLU-75a39c51-7d4c-40c4-839d-58f88cbbbf94,78cf4630e756a753bcd7228107cb761c6d3e858e3655e9cb4e02f5c992a2bd7f,.cache/sources/by-sha/78cf4630e756a753bcd7228107cb761c6d3e858e3655e9cb4e02f5c992a2bd7f.pdf,1,p. 1: (Z-X) Izod Impact Strength of Unnotched ISO 180 23℃ KJ/m2 Specimen,5.5 ± 2 KJ/m2 · Unnotched · ZX · specimen: Printed specimen,The text layer prints 5.5 for Izod impact strength; the optical reading did not find it. Judge the value from the page image.,no
T00477,2,value-check,3,measurements,V004702,,Flexural strength,G035-12,SUNLU PC,R-SUNLU-46dca9d5-d877-4a9d-b416-3ad38450204a,a57b4350816468146afbd91371632c9ab7a92cf82b6da01165d39d691df39c26,.cache/sources/by-sha/a57b4350816468146afbd91371632c9ab7a92cf82b6da01165d39d691df39c26.pdf,1,p. 1: (X-Y) Flexural Strength ISO 178 2 mm/min MPa,75 ± 3 MPa · XY · specimen: Printed specimen,The text layer prints 75 for Flexural strength; the optical reading did not find it. Judge the value from the page image.,no
T00478,2,value-check,3,measurements,V008323,,Density,G015-02,SUNLU PLA Galaxy,R-SUNLU-PLA-Galaxy-TDS,413cdb54c97a593e31739d2cfcd54f99bfbdc0989fc4e4f6ab1c7bec612204cd,.cache/sources/by-sha/413cdb54c97a593e31739d2cfcd54f99bfbdc0989fc4e4f6ab1c7bec612204cd.pdf,1,p. 1: Density ISO1183 23℃ g/cm3,1.2225 g/cm3 · specimen: Not published (density specimen form not explicitly established),The text layer prints 1.2225 for Density; the optical reading did not find it. Judge the value from the page image.,no
T00479,2,value-check,3,measurements,V008618,,Izod impact strength,G050-06,SUNLU PA6-CF,R-SUNLU-PA6-CF-TDS,d950c78f73414d4b0e058ee182c368a15942cc93df98b996c2608d7506411a9d,.cache/sources/by-sha/d950c78f73414d4b0e058ee182c368a15942cc93df98b996c2608d7506411a9d.pdf,1,p. 1: IZOD Impact Notched (Z-X) ISO180 23℃ KJ/m2,3.8 KJ/m2 · Notched · ZX · specimen: Printed specimen,The text layer prints 3.8 for Izod impact strength; the optical reading did not find it. Judge the value from the page image.,no
T00480,2,value-check,3,measurements,V012434,,HDT,G082-03,Spectrum PP,R-COVERAGE-20261001-28aad1fe7597,28aad1fe759765537625b69e860f0b3c31082660a9ca7f59f7cd304cee53e4c7,.cache/sources/by-sha/28aad1fe759765537625b69e860f0b3c31082660a9ca7f59f7cd304cee53e4c7.pdf,25,p. 25: HDT (G082-03),80°C · specimen: Not published (do not assume printed),The text layer prints 80 for HDT; the optical reading did not find it. Judge the value from the page image.,no
T00481,2,value-check,3,measurements,V014356,,Mould shrinkage,G031-08,SUNLU ASA,R-SUNLU-7d61617c-7540-4ae2-88d3-a0d206e5d801,921b543c6ecc75c46ce2b1a5f4ea256c468db90c9f75e8ee74e2c56cd002c033,.cache/sources/by-sha/921b543c6ecc75c46ce2b1a5f4ea256c468db90c9f75e8ee74e2c56cd002c033.pdf,1,p. 1: Moulding Shrinkage,0.4-0.9 % · Unstated · specimen: Printed specimen,The text layer prints 0.9; 0.4 for Mould shrinkage; the optical reading did not find it. Judge the value from the page image.,no
T00482,2,value-check,3,measurements,V008441,,Flexural strength,G020-20,SUNLU High Speed Matte PETG,R-SUNLU-High-Speed-Matte-PETG-TDS,9cf76ba6b1b7a91671d8be801dcbb143a5088aa5d952513cade09e09ceee7143,.cache/sources/by-sha/9cf76ba6b1b7a91671d8be801dcbb143a5088aa5d952513cade09e09ceee7143.pdf,1,p. 1: Flexural Strength(X-Y) ISO178 2mm/min MPa,78 MPa · XY · specimen: Printed specimen,The text layer prints 78 for Flexural strength; the optical reading did not find it. Judge the value from the page image.,no
T00483,2,value-check,3,measurements,V009352,,HDT,G059-02,QIDI PA612-CF,R-QIDI-PA12-CF,3bee87ff0b079c2a03f1395d0dbe71e51815c38a6243afdc9a3c2cc79613bc35,.cache/sources/by-sha/3bee87ff0b079c2a03f1395d0dbe71e51815c38a6243afdc9a3c2cc79613bc35.pdf,2,p. 2: 热变形温度 ISO 75: Method A(1.80 MPa),78.4 °C · specimen: Printed specimen,The text layer prints 78.4 for HDT; the optical reading did not find it. Judge the value from the page image.,no
T00484,2,value-check,3,measurements,V008042,,Flexural modulus,G028-10,QIDI NexABS-GF25,R-QIDI-ABS-GF25,20d212ff485b8cfde3c86e23dd2fddfb287d0e449e999b6a518430507351ce4d,.cache/sources/by-sha/20d212ff485b8cfde3c86e23dd2fddfb287d0e449e999b6a518430507351ce4d.pdf,4,p. 4: Bending Modulus,3531.71 ± 75.79 MPa · XY · specimen: Printed specimen,The text layer prints 3531.71; 75.79 for Flexural modulus; the optical reading did not find it. Judge the value from the page image.,no
T00485,2,value-check,3,measurements,V009349,,Water absorption,G059-02,QIDI PA612-CF,R-QIDI-PA12-CF,3bee87ff0b079c2a03f1395d0dbe71e51815c38a6243afdc9a3c2cc79613bc35,.cache/sources/by-sha/3bee87ff0b079c2a03f1395d0dbe71e51815c38a6243afdc9a3c2cc79613bc35.pdf,2,p. 2: Water absorption Method 1,2.46 % · specimen: Not published (do not assume printed),The text layer prints 2.46 for Water absorption; the optical reading did not find it. Judge the value from the page image.,no
T00486,2,value-check,3,measurements,V008624,,Density,G050-06,SUNLU PA6-CF,R-SUNLU-PA6-CF-TDS,d950c78f73414d4b0e058ee182c368a15942cc93df98b996c2608d7506411a9d,.cache/sources/by-sha/d950c78f73414d4b0e058ee182c368a15942cc93df98b996c2608d7506411a9d.pdf,1,p. 1: Density ISO1183 23℃ g/cm3,1.2 g/cm3 · specimen: Not published (density specimen form not explicitly established),The text layer prints 1.2 for Density; the optical reading did not find it. Judge the value from the page image.,no
T00487,2,value-check,3,measurements,V004752,,Izod impact strength,G015-02,SUNLU PLA Galaxy,R-SUNLU-cc96ba09-b739-4afb-851f-bcdd5f02dc2b,b5723e949da4bd43f0aef4bef05fd263a072dad1c860dc68bd35f19679a518dc,.cache/sources/by-sha/b5723e949da4bd43f0aef4bef05fd263a072dad1c860dc68bd35f19679a518dc.pdf,1,p. 1: (Z-X) Izod Impact Strength of Unnotched ISO 180 23℃ KJ/m2 Specimen,15 ± 5 KJ/m2 · Unnotched · ZX · specimen: Printed specimen,The text layer prints 15 for Izod impact strength; the optical reading did not find it. Judge the value from the page image.,no
T00488,2,value-check,3,measurements,V008616,,Flexural modulus,G050-06,SUNLU PA6-CF,R-SUNLU-PA6-CF-TDS,d950c78f73414d4b0e058ee182c368a15942cc93df98b996c2608d7506411a9d,.cache/sources/by-sha/d950c78f73414d4b0e058ee182c368a15942cc93df98b996c2608d7506411a9d.pdf,1,p. 1: Flexural Modulus(X-Y) ISO178 2mm/min MPa,11000 MPa · XY · specimen: Printed specimen,The text layer prints 11000 for Flexural modulus; the optical reading did not find it. Judge the value from the page image.,no
T00489,2,value-check,3,measurements,V008301,,Flexural modulus,G012-02,SUNLU High Speed Marble PLA,R-SUNLU-TDS-High-speed-PLA-marble,3fd065cbb26dacda65b1918be25785e5cc62c639667590d1cc23d349b7135400,.cache/sources/by-sha/3fd065cbb26dacda65b1918be25785e5cc62c639667590d1cc23d349b7135400.pdf,1,p. 1: 弯曲模量 (X-Y) Flexural Modulus ISO178 2mm/min MPa,3400 MPa · XY · specimen: Not published (do not assume printed),The text layer prints 3400 for Flexural modulus; the optical reading did not find it. Judge the value from the page image.,no
T00490,2,value-check,3,measurements,V004800,,Melt mass-flow rate,G093-03,SUNLU PVB,R-SUNLU-042608c3-25e5-4515-a83e-f2220185296c,fab54bfd39fbefe0bca7ddb7e5326b06958da23151c4b01914d1e7ee0bbff589,.cache/sources/by-sha/fab54bfd39fbefe0bca7ddb7e5326b06958da23151c4b01914d1e7ee0bbff589.pdf,1,p. 1: Melt Mass-flow Rate ISO 1133 210℃/2.16 kg g/10 min,14.3 ± 2 g/10 min · specimen: Printed specimen,The text layer prints 10; 14.3 for Melt mass-flow rate; the optical reading did not find it. Judge the value from the page image.,no
T00491,2,value-check,3,measurements,V004495,,Melt mass-flow rate,G001-38,SUNLU High Speed PLA,R-SUNLU-b129fd4c-7d50-46be-874e-84e0bb6ff1ae,27059e4a61a2cb5e477d38e5550858d29ffe3c54ac7d6123ef5e1f29c25cc3ce,.cache/sources/by-sha/27059e4a61a2cb5e477d38e5550858d29ffe3c54ac7d6123ef5e1f29c25cc3ce.pdf,1,p. 1: Melt Mass-flow Rate ISO 1133 190℃/2.16 kg g/10 min,7 ± 2.5 g/10 min · specimen: Printed specimen,The text layer prints 2.5; 10 for Melt mass-flow rate; the optical reading did not find it. Judge the value from the page image.,no
T00492,2,value-check,3,measurements,V008585,,Decomposition temperature,G027-14,SUNLU ABS-FR,R-SUNLU-ABS-FR-TDS-0,cff0a8dcb674cc54949eece22d90b6ffe4ebc8c574e8839f7fca949da65a86b0,.cache/sources/by-sha/cff0a8dcb674cc54949eece22d90b6ffe4ebc8c574e8839f7fca949da65a86b0.pdf,1,p. 1: @5%Decomposition Temp. ISO11358 20℃/min ℃,375 ℃ · specimen: Not published (do not assume printed),The text layer prints 375 for Decomposition temperature; the optical reading did not find it. Judge the value from the page image.,no
T00493,2,value-check,3,measurements,V014348,,Flexural modulus,G039-19,SUNLU TPU 95A,D-SUNLU-TPU-TDS-2024-06,550a9d1a784b31dc65813a38a5544708002593f92a81241df23fd17d90068ddc,.cache/sources/by-sha/550a9d1a784b31dc65813a38a5544708002593f92a81241df23fd17d90068ddc.pdf,1,p. 1: 弯曲模量 (X-Y) Flexural Modulus,87.6 · XY · specimen: Not published (do not assume printed),The text layer prints 87.6 for Flexural modulus; the optical reading did not find it. Judge the value from the page image.,no
T00494,2,value-check,3,measurements,V008365,,Izod impact strength,G093-03,SUNLU PVB,R-SUNLU-PVB-TDS,6622dff0d6b9f85343f2bf6e4370c7b5ae0c2e78581876c24f81c3a54ae006e8,.cache/sources/by-sha/6622dff0d6b9f85343f2bf6e4370c7b5ae0c2e78581876c24f81c3a54ae006e8.pdf,1,p. 1: IZOD Impact Notched(X-Y) ISO180 23℃ KJ/m2,3.7 KJ/m2 · Notched · XY · specimen: Printed specimen,The text layer prints 3.7 for Izod impact strength; the optical reading did not find it. Judge the value from the page image.,no
T00495,2,value-check,3,measurements,V004619,,Vicat softening temperature,G001-40,SUNLU PLA Matte Dual-Color,R-SUNLU-a47cd225-7892-4788-9c73-bd27bfd791f5,75e1e2947abe26bc91805a6fb6e6b7a5ceafc3153429bdee65202d280a819ad9,.cache/sources/by-sha/75e1e2947abe26bc91805a6fb6e6b7a5ceafc3153429bdee65202d280a819ad9.pdf,1,"p. 1: Vicat Softening Temp. ISO 306 5kg, 50℃/h ℃",54 ℃ · specimen: Printed specimen,The text layer prints 54 for Vicat softening temperature; the optical reading did not find it. Judge the value from the page image.,no
T00496,2,value-check,3,measurements,V008629,,Izod impact strength,G008-04,SUNLU Silk PLA+ Four-Color,R-SUNLU-Silk-PLA-Four-Color-TDS-fc0f1921-f20b-4dee-8742-08d11bddaea8,dbcd9fabc078423d3f7d6af4f093da1b0a22913494356f7d0882d1aae27efc10,.cache/sources/by-sha/dbcd9fabc078423d3f7d6af4f093da1b0a22913494356f7d0882d1aae27efc10.pdf,1,p. 1: IZOD Impact Notched(X-Y) ISO180 23℃ KJ/m2,3.3 KJ/m2 · Notched · XY · specimen: Printed specimen,The text layer prints 3.3 for Izod impact strength; the optical reading did not find it. Judge the value from the page image.,no
T00497,2,value-check,3,measurements,V004583,,Melt mass-flow rate,G014-03,SUNLU WOOD,R-SUNLU-9ecc53a5-f50a-4687-97fc-fab43b1db35b,5035c913031079675e0ab412045ce105daa5ce7cda3a1780df890068770fc20f,.cache/sources/by-sha/5035c913031079675e0ab412045ce105daa5ce7cda3a1780df890068770fc20f.pdf,1,p. 1: Melt Mass-flow Rate ISO 1133 190℃/2.16 kg g/10 min,3.8 ± 1.5 g/10 min · specimen: Printed specimen,The text layer prints 1.5; 10; 3.8 for Melt mass-flow rate; the optical reading did not find it. Judge the value from the page image.,no
T00498,2,value-check,3,measurements,V008238,,Decomposition temperature,G051-06,SUNLU PA6-GF,R-SUNLU-PA6-GF-TDS,19c5c4b0244fabf86903c5ac555d9037f816d91bd01d8ba2177268d8dbfd184d,.cache/sources/by-sha/19c5c4b0244fabf86903c5ac555d9037f816d91bd01d8ba2177268d8dbfd184d.pdf,1,p. 1: @5%Decomposition Temp. ISO11358 20℃/min ℃,330 ℃ · specimen: Not published (do not assume printed),The text layer prints 330 for Decomposition temperature; the optical reading did not find it. Judge the value from the page image.,no
T00499,2,value-check,garbled,measurements,V001052,,Density,G059-01,Polymaker Fiberon PA612-CF15,S-FIBER-PA612,11c25587baddff2d5fada59a14c9e65944da102a1e3ab8f1522815324b74937f,.cache/sources/by-sha/11c25587baddff2d5fada59a14c9e65944da102a1e3ab8f1522815324b74937f.pdf,1,p. 1: Density,1.03 g/cm3 · specimen: Not published (density specimen form not explicitly established),This page's text layer is flagged garbled. Judge the held value from the page image.,yes
T00500,2,value-check,garbled,measurements,V001054,,HDT,G059-01,Polymaker Fiberon PA612-CF15,S-FIBER-PA612,11c25587baddff2d5fada59a14c9e65944da102a1e3ab8f1522815324b74937f,.cache/sources/by-sha/11c25587baddff2d5fada59a14c9e65944da102a1e3ab8f1522815324b74937f.pdf,1,p. 1: Heat deflection temp.,175 °C · specimen: Printed specimen,This page's text layer is flagged garbled. Judge the held value from the page image.,yes
T00501,2,value-check,garbled,measurements,V001055,,Tensile modulus,G059-01,Polymaker Fiberon PA612-CF15,S-FIBER-PA612,11c25587baddff2d5fada59a14c9e65944da102a1e3ab8f1522815324b74937f,.cache/sources/by-sha/11c25587baddff2d5fada59a14c9e65944da102a1e3ab8f1522815324b74937f.pdf,1,p. 1: Young’s modulus (X-Y),5136.7 ± 192.2 MPa · XY · specimen: Printed specimen,This page's text layer is flagged garbled. Judge the held value from the page image.,yes
T00502,2,value-check,garbled,measurements,V001057,,Tensile strength (endpoint unspecified),G059-01,Polymaker Fiberon PA612-CF15,S-FIBER-PA612,11c25587baddff2d5fada59a14c9e65944da102a1e3ab8f1522815324b74937f,.cache/sources/by-sha/11c25587baddff2d5fada59a14c9e65944da102a1e3ab8f1522815324b74937f.pdf,1,p. 1: Tensile strength (X-Y),91.9 ± 2.0 MPa · XY · specimen: Printed specimen,This page's text layer is flagged garbled. Judge the held value from the page image.,value
T00503,2,value-check,garbled,measurements,V001058,,Tensile strength (endpoint unspecified),G059-01,Polymaker Fiberon PA612-CF15,S-FIBER-PA612,11c25587baddff2d5fada59a14c9e65944da102a1e3ab8f1522815324b74937f,.cache/sources/by-sha/11c25587baddff2d5fada59a14c9e65944da102a1e3ab8f1522815324b74937f.pdf,1,p. 1: Tensile strength (Z),48.3 ± 3.9 MPa · Z · specimen: Printed specimen,This page's text layer is flagged garbled. Judge the held value from the page image.,value
T00504,2,value-check,garbled,measurements,V001059,,Elongation at break,G059-01,Polymaker Fiberon PA612-CF15,S-FIBER-PA612,11c25587baddff2d5fada59a14c9e65944da102a1e3ab8f1522815324b74937f,.cache/sources/by-sha/11c25587baddff2d5fada59a14c9e65944da102a1e3ab8f1522815324b74937f.pdf,1,p. 1: Elongation at break (X-Y),2.6 ± 0.2 % · XY · specimen: Printed specimen,This page's text layer is flagged garbled. Judge the held value from the page image.,value
T00505,2,value-check,garbled,measurements,V001065,,Charpy strength,G059-01,Polymaker Fiberon PA612-CF15,S-FIBER-PA612,11c25587baddff2d5fada59a14c9e65944da102a1e3ab8f1522815324b74937f,.cache/sources/by-sha/11c25587baddff2d5fada59a14c9e65944da102a1e3ab8f1522815324b74937f.pdf,1,p. 1: Charpy impact strength (X-Y) notched,8.1 ± 0.8 kJ/m2 · Notched · XY · specimen: Printed specimen,This page's text layer is flagged garbled. Judge the held value from the page image.,value
T00506,2,value-check,garbled,measurements,V001068,,Tensile modulus,G059-01,Polymaker Fiberon PA612-CF15,S-FIBER-PA612,11c25587baddff2d5fada59a14c9e65944da102a1e3ab8f1522815324b74937f,.cache/sources/by-sha/11c25587baddff2d5fada59a14c9e65944da102a1e3ab8f1522815324b74937f.pdf,1,p. 1: Young’s modulus (X-Y),3990.8 ± 136.5 MPa · XY · specimen: Printed specimen,This page's text layer is flagged garbled. Judge the held value from the page image.,value
T00507,2,value-check,garbled,measurements,V001070,,Tensile strength (endpoint unspecified),G059-01,Polymaker Fiberon PA612-CF15,S-FIBER-PA612,11c25587baddff2d5fada59a14c9e65944da102a1e3ab8f1522815324b74937f,.cache/sources/by-sha/11c25587baddff2d5fada59a14c9e65944da102a1e3ab8f1522815324b74937f.pdf,1,p. 1: Tensile strength (X-Y),83.1 ± 2.2 MPa · XY · specimen: Printed specimen,This page's text layer is flagged garbled. Judge the held value from the page image.,value
T00508,2,value-check,garbled,measurements,V001071,,Tensile strength (endpoint unspecified),G059-01,Polymaker Fiberon PA612-CF15,S-FIBER-PA612,11c25587baddff2d5fada59a14c9e65944da102a1e3ab8f1522815324b74937f,.cache/sources/by-sha/11c25587baddff2d5fada59a14c9e65944da102a1e3ab8f1522815324b74937f.pdf,1,p. 1: Tensile strength (Z),35.6 ± 3.0 MPa · Z · specimen: Printed specimen,This page's text layer is flagged garbled. Judge the held value from the page image.,value
T00509,2,value-check,garbled,measurements,V001072,,Elongation at break,G059-01,Polymaker Fiberon PA612-CF15,S-FIBER-PA612,11c25587baddff2d5fada59a14c9e65944da102a1e3ab8f1522815324b74937f,.cache/sources/by-sha/11c25587baddff2d5fada59a14c9e65944da102a1e3ab8f1522815324b74937f.pdf,1,p. 1: Elongation at break (X-Y),4.1 ± 0.3 % · XY · specimen: Printed specimen,This page's text layer is flagged garbled. Judge the held value from the page image.,value
T00510,2,value-check,garbled,measurements,V001078,,Charpy strength,G059-01,Polymaker Fiberon PA612-CF15,S-FIBER-PA612,11c25587baddff2d5fada59a14c9e65944da102a1e3ab8f1522815324b74937f,.cache/sources/by-sha/11c25587baddff2d5fada59a14c9e65944da102a1e3ab8f1522815324b74937f.pdf,1,p. 1: Charpy impact strength (X-Y) notched,7.7 ± 0.5 kJ/m2 · Notched · XY · specimen: Printed specimen,This page's text layer is flagged garbled. Judge the held value from the page image.,value
T00511,2,value-check,garbled,measurements,V001236,,Density,G065-01,Polymaker Fiberon PA612-ESD,S-POLYCN-TDS-FIBERON-PA612-ESD-V1-0-EN-1,02023877e005d9edb5190175dc0dc44d3567b53cd893daea36097f4c0c729a7f,.cache/sources/by-sha/02023877e005d9edb5190175dc0dc44d3567b53cd893daea36097f4c0c729a7f.pdf,1,p. 1: Density,1.10 g/cm3 · specimen: Not published (density specimen form not explicitly established),This page's text layer is flagged garbled. Judge the held value from the page image.,yes
T00512,2,value-check,garbled,measurements,V001238,,Tensile modulus,G065-01,Polymaker Fiberon PA612-ESD,S-POLYCN-TDS-FIBERON-PA612-ESD-V1-0-EN-1,02023877e005d9edb5190175dc0dc44d3567b53cd893daea36097f4c0c729a7f,.cache/sources/by-sha/02023877e005d9edb5190175dc0dc44d3567b53cd893daea36097f4c0c729a7f.pdf,1,p. 1: Young’s modulus (X-Y),4293.7 ± 116.4 MPa · XY · specimen: Printed specimen,This page's text layer is flagged garbled. Judge the held value from the page image.,yes
T00513,2,value-check,garbled,measurements,V001240,,Tensile strength (endpoint unspecified),G065-01,Polymaker Fiberon PA612-ESD,S-POLYCN-TDS-FIBERON-PA612-ESD-V1-0-EN-1,02023877e005d9edb5190175dc0dc44d3567b53cd893daea36097f4c0c729a7f,.cache/sources/by-sha/02023877e005d9edb5190175dc0dc44d3567b53cd893daea36097f4c0c729a7f.pdf,1,p. 1: Tensile strength (X-Y),84.3 ± 2.3 MPa · XY · specimen: Printed specimen,This page's text layer is flagged garbled. Judge the held value from the page image.,value
T00514,2,value-check,garbled,measurements,V001241,,Tensile strength (endpoint unspecified),G065-01,Polymaker Fiberon PA612-ESD,S-POLYCN-TDS-FIBERON-PA612-ESD-V1-0-EN-1,02023877e005d9edb5190175dc0dc44d3567b53cd893daea36097f4c0c729a7f,.cache/sources/by-sha/02023877e005d9edb5190175dc0dc44d3567b53cd893daea36097f4c0c729a7f.pdf,1,p. 1: Tensile strength (Z),21.5 ± 2.7 MPa · Z · specimen: Printed specimen,This page's text layer is flagged garbled. Judge the held value from the page image.,value
T00515,2,value-check,garbled,measurements,V001242,,Elongation at break,G065-01,Polymaker Fiberon PA612-ESD,S-POLYCN-TDS-FIBERON-PA612-ESD-V1-0-EN-1,02023877e005d9edb5190175dc0dc44d3567b53cd893daea36097f4c0c729a7f,.cache/sources/by-sha/02023877e005d9edb5190175dc0dc44d3567b53cd893daea36097f4c0c729a7f.pdf,1,p. 1: Elongation at break (X-Y),3.0 ± 0.1 % · XY · specimen: Printed specimen,This page's text layer is flagged garbled. Judge the held value from the page image.,value
T00516,2,value-check,garbled,measurements,V001248,,Charpy strength,G065-01,Polymaker Fiberon PA612-ESD,S-POLYCN-TDS-FIBERON-PA612-ESD-V1-0-EN-1,02023877e005d9edb5190175dc0dc44d3567b53cd893daea36097f4c0c729a7f,.cache/sources/by-sha/02023877e005d9edb5190175dc0dc44d3567b53cd893daea36097f4c0c729a7f.pdf,1,p. 1: Charpy impact strength (X-Y) notched,5.9 ± 0.4 kJ/m2 · Notched · XY · specimen: Printed specimen,This page's text layer is flagged garbled. Judge the held value from the page image.,value
T00517,2,value-check,garbled,measurements,V001251,,Tensile modulus,G065-01,Polymaker Fiberon PA612-ESD,S-POLYCN-TDS-FIBERON-PA612-ESD-V1-0-EN-1,02023877e005d9edb5190175dc0dc44d3567b53cd893daea36097f4c0c729a7f,.cache/sources/by-sha/02023877e005d9edb5190175dc0dc44d3567b53cd893daea36097f4c0c729a7f.pdf,1,p. 1: Young’s modulus (X-Y),3730.8 ± 156.2 MPa · XY · specimen: Printed specimen,This page's text layer is flagged garbled. Judge the held value from the page image.,value
T00518,2,value-check,garbled,measurements,V001253,,Tensile strength (endpoint unspecified),G065-01,Polymaker Fiberon PA612-ESD,S-POLYCN-TDS-FIBERON-PA612-ESD-V1-0-EN-1,02023877e005d9edb5190175dc0dc44d3567b53cd893daea36097f4c0c729a7f,.cache/sources/by-sha/02023877e005d9edb5190175dc0dc44d3567b53cd893daea36097f4c0c729a7f.pdf,1,p. 1: Tensile strength (X-Y),73.6 ± 2.3 MPa · XY · specimen: Printed specimen,This page's text layer is flagged garbled. Judge the held value from the page image.,value
T00519,2,value-check,garbled,measurements,V001254,,Tensile strength (endpoint unspecified),G065-01,Polymaker Fiberon PA612-ESD,S-POLYCN-TDS-FIBERON-PA612-ESD-V1-0-EN-1,02023877e005d9edb5190175dc0dc44d3567b53cd893daea36097f4c0c729a7f,.cache/sources/by-sha/02023877e005d9edb5190175dc0dc44d3567b53cd893daea36097f4c0c729a7f.pdf,1,p. 1: Tensile strength (Z),19.2 ± 1.6 MPa · Z · specimen: Printed specimen,This page's text layer is flagged garbled. Judge the held value from the page image.,value
T00520,2,value-check,garbled,measurements,V001255,,Elongation at break,G065-01,Polymaker Fiberon PA612-ESD,S-POLYCN-TDS-FIBERON-PA612-ESD-V1-0-EN-1,02023877e005d9edb5190175dc0dc44d3567b53cd893daea36097f4c0c729a7f,.cache/sources/by-sha/02023877e005d9edb5190175dc0dc44d3567b53cd893daea36097f4c0c729a7f.pdf,1,p. 1: Elongation at break (X-Y),4.2 ± 0.4 % · XY · specimen: Printed specimen,This page's text layer is flagged garbled. Judge the held value from the page image.,value
T00521,2,value-check,garbled,measurements,V001261,,Charpy strength,G065-01,Polymaker Fiberon PA612-ESD,S-POLYCN-TDS-FIBERON-PA612-ESD-V1-0-EN-1,02023877e005d9edb5190175dc0dc44d3567b53cd893daea36097f4c0c729a7f,.cache/sources/by-sha/02023877e005d9edb5190175dc0dc44d3567b53cd893daea36097f4c0c729a7f.pdf,1,p. 1: Charpy impact strength (X-Y) notched,4.9 ± 0.3 kJ/m2 · Notched · XY · specimen: Printed specimen,This page's text layer is flagged garbled. Judge the held value from the page image.,value
T00522,2,value-check,garbled,measurements,V001393,,Tensile modulus,G074-02,Polymaker Fiberon PPS-GF20,S-FIBER-PPSGF-TDS-2,2a2f32e737ecae8509160bcadd33ab263c26cd8e7d6334f38e935890136b0c66,.cache/sources/by-sha/2a2f32e737ecae8509160bcadd33ab263c26cd8e7d6334f38e935890136b0c66.pdf,1,p. 1: Young’s modulus (X-Y),4552.0 ± 54.6 MPa · XY · specimen: Printed specimen,This page's text layer is flagged garbled. Judge the held value from the page image.,yes
T00523,2,value-check,garbled,measurements,V001395,,Tensile strength (endpoint unspecified),G074-02,Polymaker Fiberon PPS-GF20,S-FIBER-PPSGF-TDS-2,2a2f32e737ecae8509160bcadd33ab263c26cd8e7d6334f38e935890136b0c66,.cache/sources/by-sha/2a2f32e737ecae8509160bcadd33ab263c26cd8e7d6334f38e935890136b0c66.pdf,1,p. 1: Tensile strength (X-Y),64.1 ± 2.1 MPa · XY · specimen: Printed specimen,This page's text layer is flagged garbled. Judge the held value from the page image.,value
T00524,2,value-check,garbled,measurements,V001396,,Tensile strength (endpoint unspecified),G074-02,Polymaker Fiberon PPS-GF20,S-FIBER-PPSGF-TDS-2,2a2f32e737ecae8509160bcadd33ab263c26cd8e7d6334f38e935890136b0c66,.cache/sources/by-sha/2a2f32e737ecae8509160bcadd33ab263c26cd8e7d6334f38e935890136b0c66.pdf,1,p. 1: Tensile strength (Z),22.9 ± 0.8 MPa · Z · specimen: Printed specimen,This page's text layer is flagged garbled. Judge the held value from the page image.,value
T00525,2,value-check,garbled,measurements,V001397,,Elongation at break,G074-02,Polymaker Fiberon PPS-GF20,S-FIBER-PPSGF-TDS-2,2a2f32e737ecae8509160bcadd33ab263c26cd8e7d6334f38e935890136b0c66,.cache/sources/by-sha/2a2f32e737ecae8509160bcadd33ab263c26cd8e7d6334f38e935890136b0c66.pdf,1,p. 1: Elongation at break (X-Y),2.0 ± 0.2 % · XY · specimen: Printed specimen,This page's text layer is flagged garbled. Judge the held value from the page image.,value
T00526,2,value-check,garbled,measurements,V001403,,Charpy strength,G074-02,Polymaker Fiberon PPS-GF20,S-FIBER-PPSGF-TDS-2,2a2f32e737ecae8509160bcadd33ab263c26cd8e7d6334f38e935890136b0c66,.cache/sources/by-sha/2a2f32e737ecae8509160bcadd33ab263c26cd8e7d6334f38e935890136b0c66.pdf,1,p. 1: Charpy impact strength (X-Y) notched,7.3 ± 0.2 kJ/m2 · Notched · XY · specimen: Printed specimen,This page's text layer is flagged garbled. Judge the held value from the page image.,value
T00527,2,value-check,garbled,measurements,V001683,,Density,G086-01,Dow EVOLV3D OBC,X-EVOLV3D-OBC-TDS,89a1aa6f71753437e6d68d7b8054b0bba997fca8b77c6169815eaaeb65c00153,.cache/sources/by-sha/89a1aa6f71753437e6d68d7b8054b0bba997fca8b77c6169815eaaeb65c00153.pdf,1,p. 1: Density,0.905 · specimen: Printed specimen,This page's text layer is flagged garbled. Judge the held value from the page image.,value
T00528,2,value-check,garbled,measurements,V001685,,Tensile yield strength,G086-01,Dow EVOLV3D OBC,X-EVOLV3D-OBC-TDS,89a1aa6f71753437e6d68d7b8054b0bba997fca8b77c6169815eaaeb65c00153,.cache/sources/by-sha/89a1aa6f71753437e6d68d7b8054b0bba997fca8b77c6169815eaaeb65c00153.pdf,1,p. 1: Tensile yield strength,14 · specimen: Not published (do not assume printed),This page's text layer is flagged garbled. Judge the held value from the page image.,value
T00529,2,value-check,garbled,measurements,V001688,,Elongation at break,G086-01,Dow EVOLV3D OBC,X-EVOLV3D-OBC-TDS,89a1aa6f71753437e6d68d7b8054b0bba997fca8b77c6169815eaaeb65c00153,.cache/sources/by-sha/89a1aa6f71753437e6d68d7b8054b0bba997fca8b77c6169815eaaeb65c00153.pdf,1,p. 1: Elongation at break,>700 · specimen: Not published (do not assume printed),This page's text layer is flagged garbled. Judge the held value from the page image.,value
T00530,2,value-check,garbled,measurements,V001753,,Density,G066-01,FormFutura High Precision PET,S-PET-TDS,f04c5244e4400548198fe54348c625ec9926364e021f167ed74673b387dabd89,.cache/sources/by-sha/f04c5244e4400548198fe54348c625ec9926364e021f167ed74673b387dabd89.pdf,1,p. 1: Density,1.34 · specimen: Not published (do not assume printed),This page's text layer is flagged garbled. Judge the held value from the page image.,value
T00531,2,value-check,garbled,measurements,V001755,,Tensile yield strength,G066-01,FormFutura High Precision PET,S-PET-TDS,f04c5244e4400548198fe54348c625ec9926364e021f167ed74673b387dabd89,.cache/sources/by-sha/f04c5244e4400548198fe54348c625ec9926364e021f167ed74673b387dabd89.pdf,1,p. 1: Tensile yield strength,59.4 · specimen: Not published (do not assume printed),This page's text layer is flagged garbled. Judge the held value from the page image.,value
T00532,2,value-check,garbled,measurements,V001757,,Tensile modulus,G066-01,FormFutura High Precision PET,S-PET-TDS,f04c5244e4400548198fe54348c625ec9926364e021f167ed74673b387dabd89,.cache/sources/by-sha/f04c5244e4400548198fe54348c625ec9926364e021f167ed74673b387dabd89.pdf,1,p. 1: Tensile modulus,2564 · specimen: Not published (do not assume printed),This page's text layer is flagged garbled. Judge the held value from the page image.,value
T00533,2,value-check,garbled,measurements,V001759,,Elongation at break,G066-01,FormFutura High Precision PET,S-PET-TDS,f04c5244e4400548198fe54348c625ec9926364e021f167ed74673b387dabd89,.cache/sources/by-sha/f04c5244e4400548198fe54348c625ec9926364e021f167ed74673b387dabd89.pdf,1,p. 1: Elongation at break,5.2 · specimen: Not published (do not assume printed),This page's text layer is flagged garbled. Judge the held value from the page image.,value
T00534,2,value-check,garbled,measurements,V001764,,Glass transition temperature,G066-01,FormFutura High Precision PET,S-PET-TDS,f04c5244e4400548198fe54348c625ec9926364e021f167ed74673b387dabd89,.cache/sources/by-sha/f04c5244e4400548198fe54348c625ec9926364e021f167ed74673b387dabd89.pdf,1,p. 1: Glass transition temperature,70 · specimen: Not published (do not assume printed),This page's text layer is flagged garbled. Judge the held value from the page image.,value
T00535,2,value-check,garbled,measurements,V001862,,Tensile strength (endpoint unspecified),G073-02,Essentium Essentium PPS-CF,R-ESSENTIUM-PPSCF-TDS,225419a589be85d566c662f2720339a5eb20b6fa50187e98411bf627dd7b1e15,.cache/sources/by-sha/225419a589be85d566c662f2720339a5eb20b6fa50187e98411bf627dd7b1e15.pdf,1,p. 1: Tensile strength (endpoint unspecified) (XY),63 (5.4) MPa · XY · specimen: Printed specimen,This page's text layer is flagged garbled. Judge the held value from the page image.,value
T00536,2,value-check,garbled,measurements,V001864,,Tensile strength (endpoint unspecified),G073-02,Essentium Essentium PPS-CF,R-ESSENTIUM-PPSCF-TDS,225419a589be85d566c662f2720339a5eb20b6fa50187e98411bf627dd7b1e15,.cache/sources/by-sha/225419a589be85d566c662f2720339a5eb20b6fa50187e98411bf627dd7b1e15.pdf,1,p. 1: Tensile strength (endpoint unspecified) (ZX),28.2 (4.4) MPa · Z · specimen: Printed specimen,This page's text layer is flagged garbled. Judge the held value from the page image.,value
T00537,2,value-check,garbled,measurements,V001868,,Elongation at break,G073-02,Essentium Essentium PPS-CF,R-ESSENTIUM-PPSCF-TDS,225419a589be85d566c662f2720339a5eb20b6fa50187e98411bf627dd7b1e15,.cache/sources/by-sha/225419a589be85d566c662f2720339a5eb20b6fa50187e98411bf627dd7b1e15.pdf,1,p. 1: Elongation at break (XY),2.2 (0.2) % · XY · specimen: Printed specimen,This page's text layer is flagged garbled. Judge the held value from the page image.,value
T00538,2,value-check,garbled,measurements,V001877,,Izod impact strength,G073-02,Essentium Essentium PPS-CF,R-ESSENTIUM-PPSCF-TDS,225419a589be85d566c662f2720339a5eb20b6fa50187e98411bf627dd7b1e15,.cache/sources/by-sha/225419a589be85d566c662f2720339a5eb20b6fa50187e98411bf627dd7b1e15.pdf,1,p. 1: Izod impact strength (XY),3 (0.7) kJ/m² · Notched · XY · specimen: Printed specimen,This page's text layer is flagged garbled. Judge the held value from the page image.,value
T00539,2,value-check,garbled,measurements,V001882,,Glass transition temperature,G073-02,Essentium Essentium PPS-CF,R-ESSENTIUM-PPSCF-TDS,225419a589be85d566c662f2720339a5eb20b6fa50187e98411bf627dd7b1e15,.cache/sources/by-sha/225419a589be85d566c662f2720339a5eb20b6fa50187e98411bf627dd7b1e15.pdf,1,p. 1: Glass Transition Temp,92 °C · specimen: Not published (do not assume printed),This page's text layer is flagged garbled. Judge the held value from the page image.,value
T00540,2,value-check,garbled,measurements,V002018,,Density,G087-02,Grupa Azoty Tarfuse POM 3D Filament,R-GRUPA-AZOTY-TARFUSE-POM-TDS,ef0bbc0dd06cf77c1c14d95f0338d3541e287b36920e5f212492399fcb3263ea,.cache/sources/by-sha/ef0bbc0dd06cf77c1c14d95f0338d3541e287b36920e5f212492399fcb3263ea.pdf,1,Physical Properties: Density,"1,42 g/cm3 · specimen: Not published (density specimen form not explicitly established)",This page's text layer is flagged garbled. Judge the held value from the page image.,value
T00541,2,value-check,garbled,measurements,V002021,,Tensile strength (endpoint unspecified),G087-02,Grupa Azoty Tarfuse POM 3D Filament,R-GRUPA-AZOTY-TARFUSE-POM-TDS,ef0bbc0dd06cf77c1c14d95f0338d3541e287b36920e5f212492399fcb3263ea,.cache/sources/by-sha/ef0bbc0dd06cf77c1c14d95f0338d3541e287b36920e5f212492399fcb3263ea.pdf,1,"Mechanical Properties: Tensile strength, XY (flat)",50 MPa · XY · specimen: Printed specimen,This page's text layer is flagged garbled. Judge the held value from the page image.,value
T00542,2,value-check,garbled,measurements,V002022,,Elongation at break,G087-02,Grupa Azoty Tarfuse POM 3D Filament,R-GRUPA-AZOTY-TARFUSE-POM-TDS,ef0bbc0dd06cf77c1c14d95f0338d3541e287b36920e5f212492399fcb3263ea,.cache/sources/by-sha/ef0bbc0dd06cf77c1c14d95f0338d3541e287b36920e5f212492399fcb3263ea.pdf,1,"Mechanical Properties: Elongation at break, XY (flat)",11 % · XY · specimen: Printed specimen,This page's text layer is flagged garbled. Judge the held value from the page image.,value
T00543,2,value-check,garbled,measurements,V002023,,Tensile modulus,G087-02,Grupa Azoty Tarfuse POM 3D Filament,R-GRUPA-AZOTY-TARFUSE-POM-TDS,ef0bbc0dd06cf77c1c14d95f0338d3541e287b36920e5f212492399fcb3263ea,.cache/sources/by-sha/ef0bbc0dd06cf77c1c14d95f0338d3541e287b36920e5f212492399fcb3263ea.pdf,1,"Mechanical Properties: Tensile E-modulus, XY (flat)",1870 MPa · XY · specimen: Printed specimen,This page's text layer is flagged garbled. Judge the held value from the page image.,value
T00544,2,value-check,garbled,measurements,V002065,,HDT,G065-01,Polymaker Fiberon PA612-ESD,S-POLYCN-TDS-FIBERON-PA612-ESD-V1-0-EN-1,02023877e005d9edb5190175dc0dc44d3567b53cd893daea36097f4c0c729a7f,.cache/sources/by-sha/02023877e005d9edb5190175dc0dc44d3567b53cd893daea36097f4c0c729a7f.pdf,1,p. 1: Heat deflection temp. 0.45MPa,157.0 °C · specimen: Printed specimen,This page's text layer is flagged garbled. Judge the held value from the page image.,yes
T00545,2,value-check,garbled,measurements,V002067,,Glass transition temperature,G074-02,Polymaker Fiberon PPS-GF20,S-FIBER-PPSGF-TDS-2,2a2f32e737ecae8509160bcadd33ab263c26cd8e7d6334f38e935890136b0c66,.cache/sources/by-sha/2a2f32e737ecae8509160bcadd33ab263c26cd8e7d6334f38e935890136b0c66.pdf,1,p. 1: Glass transition temp.,95.0 °C · specimen: Printed specimen,This page's text layer is flagged garbled. Judge the held value from the page image.,value
T00546,2,value-check,garbled,measurements,V002071,,HDT,G074-02,Polymaker Fiberon PPS-GF20,S-FIBER-PPSGF-TDS-2,2a2f32e737ecae8509160bcadd33ab263c26cd8e7d6334f38e935890136b0c66,.cache/sources/by-sha/2a2f32e737ecae8509160bcadd33ab263c26cd8e7d6334f38e935890136b0c66.pdf,1,p. 1: Heat deflection temp. 0.45MPa,236.3 °C · specimen: Printed specimen,This page's text layer is flagged garbled. Judge the held value from the page image.,value
T00547,2,value-check,garbled,measurements,V002414,,Density,G067-02,Polymaker Fiberon PET-CF17,R-FIBERON-PETCF17-TDS,640a5ed487a8475805af3ecf387e942805182e263fdef5ebe0e5587a3e60a254,.cache/sources/by-sha/640a5ed487a8475805af3ecf387e942805182e263fdef5ebe0e5587a3e60a254.pdf,1,p. 1: Density,1.34 g/cm3 · specimen: Not published (density specimen form not explicitly established),This page's text layer is flagged garbled. Judge the held value from the page image.,yes
T00548,2,value-check,garbled,measurements,V002422,,HDT,G067-02,Polymaker Fiberon PET-CF17,R-FIBERON-PETCF17-TDS,640a5ed487a8475805af3ecf387e942805182e263fdef5ebe0e5587a3e60a254,.cache/sources/by-sha/640a5ed487a8475805af3ecf387e942805182e263fdef5ebe0e5587a3e60a254.pdf,1,p. 1: Heat deflection temp. ISO 75 0.45MPa,147.5 °C · specimen: Printed specimen,This page's text layer is flagged garbled. Judge the held value from the page image.,yes
T00549,2,value-check,garbled,measurements,V002423,,Tensile modulus,G067-02,Polymaker Fiberon PET-CF17,R-FIBERON-PETCF17-TDS,640a5ed487a8475805af3ecf387e942805182e263fdef5ebe0e5587a3e60a254,.cache/sources/by-sha/640a5ed487a8475805af3ecf387e942805182e263fdef5ebe0e5587a3e60a254.pdf,1,p. 1: Young's modulus (X-Y),5481.0 ± 223.7 MPa · XY · specimen: Printed specimen,This page's text layer is flagged garbled. Judge the held value from the page image.,yes
T00550,2,value-check,garbled,measurements,V002425,,Tensile strength (endpoint unspecified),G067-02,Polymaker Fiberon PET-CF17,R-FIBERON-PETCF17-TDS,640a5ed487a8475805af3ecf387e942805182e263fdef5ebe0e5587a3e60a254,.cache/sources/by-sha/640a5ed487a8475805af3ecf387e942805182e263fdef5ebe0e5587a3e60a254.pdf,1,p. 1: Tensile strength (X-Y),65.9 ± 1.0 MPa · XY · specimen: Printed specimen,This page's text layer is flagged garbled. Judge the held value from the page image.,value
T00551,2,value-check,garbled,measurements,V002426,,Tensile strength (endpoint unspecified),G067-02,Polymaker Fiberon PET-CF17,R-FIBERON-PETCF17-TDS,640a5ed487a8475805af3ecf387e942805182e263fdef5ebe0e5587a3e60a254,.cache/sources/by-sha/640a5ed487a8475805af3ecf387e942805182e263fdef5ebe0e5587a3e60a254.pdf,1,p. 1: Tensile strength (Z),27.9 ± 1.3 MPa · Z · specimen: Printed specimen,This page's text layer is flagged garbled. Judge the held value from the page image.,value
T00552,2,value-check,garbled,measurements,V002427,,Elongation at break,G067-02,Polymaker Fiberon PET-CF17,R-FIBERON-PETCF17-TDS,640a5ed487a8475805af3ecf387e942805182e263fdef5ebe0e5587a3e60a254,.cache/sources/by-sha/640a5ed487a8475805af3ecf387e942805182e263fdef5ebe0e5587a3e60a254.pdf,1,p. 1: Elongation at break (X-Y),2.4 ± 0.5% · XY · specimen: Printed specimen,This page's text layer is flagged garbled. Judge the held value from the page image.,value
T00553,2,value-check,garbled,measurements,V002433,,Charpy strength,G067-02,Polymaker Fiberon PET-CF17,R-FIBERON-PETCF17-TDS,640a5ed487a8475805af3ecf387e942805182e263fdef5ebe0e5587a3e60a254,.cache/sources/by-sha/640a5ed487a8475805af3ecf387e942805182e263fdef5ebe0e5587a3e60a254.pdf,1,p. 1: Charpy impact strength (X-Y) notched,5.1 ± 0.2 kJ/m2 · Notched · XY · specimen: Printed specimen,This page's text layer is flagged garbled. Judge the held value from the page image.,value
T00554,2,value-check,garbled,measurements,V006144,,Density,G026-05,Polymaker PETG ESD,R-POLYMAKER-FIBERON-TDS-FIBERON-PETG-ESD-V1-1-EN-1,058a8c3270f4fec4f190273d689add4ff16245000621c365b7dd3b6caab1c4fb,.cache/sources/by-sha/058a8c3270f4fec4f190273d689add4ff16245000621c365b7dd3b6caab1c4fb.pdf,1,"p. 1: Density ISO1183, GB/T1033",1.24 g/cm3 · specimen: Not published (density specimen form not explicitly established),This page's text layer is flagged garbled. Judge the held value from the page image.,value
T00555,2,value-check,garbled,measurements,V006150,,HDT,G026-05,Polymaker PETG ESD,R-POLYMAKER-FIBERON-TDS-FIBERON-PETG-ESD-V1-1-EN-1,058a8c3270f4fec4f190273d689add4ff16245000621c365b7dd3b6caab1c4fb,.cache/sources/by-sha/058a8c3270f4fec4f190273d689add4ff16245000621c365b7dd3b6caab1c4fb.pdf,1,p. 1: Heat deflection temp. ISO 75 0.45MPa,76 °C · specimen: Not published (do not assume printed),This page's text layer is flagged garbled. Judge the held value from the page image.,value
T00556,2,value-check,garbled,measurements,V006151,,Tensile modulus,G026-05,Polymaker PETG ESD,R-POLYMAKER-FIBERON-TDS-FIBERON-PETG-ESD-V1-1-EN-1,058a8c3270f4fec4f190273d689add4ff16245000621c365b7dd3b6caab1c4fb,.cache/sources/by-sha/058a8c3270f4fec4f190273d689add4ff16245000621c365b7dd3b6caab1c4fb.pdf,1,p. 1: Young’s modulus (X-Y),1983.0 ± 74.9 MPa · XY · specimen: Not published (do not assume printed),This page's text layer is flagged garbled. Judge the held value from the page image.,value
T00557,2,value-check,garbled,measurements,V006153,,Tensile strength (endpoint unspecified),G026-05,Polymaker PETG ESD,R-POLYMAKER-FIBERON-TDS-FIBERON-PETG-ESD-V1-1-EN-1,058a8c3270f4fec4f190273d689add4ff16245000621c365b7dd3b6caab1c4fb,.cache/sources/by-sha/058a8c3270f4fec4f190273d689add4ff16245000621c365b7dd3b6caab1c4fb.pdf,1,p. 1: Tensile strength (X-Y),36.1 ± 0.9 MPa · XY · specimen: Not published (do not assume printed),This page's text layer is flagged garbled. Judge the held value from the page image.,value
T00558,2,value-check,garbled,measurements,V006154,,Tensile strength (endpoint unspecified),G026-05,Polymaker PETG ESD,R-POLYMAKER-FIBERON-TDS-FIBERON-PETG-ESD-V1-1-EN-1,058a8c3270f4fec4f190273d689add4ff16245000621c365b7dd3b6caab1c4fb,.cache/sources/by-sha/058a8c3270f4fec4f190273d689add4ff16245000621c365b7dd3b6caab1c4fb.pdf,1,p. 1: Tensile strength (Z),20.7 ± 0.6 MPa · Z · specimen: Not published (do not assume printed),This page's text layer is flagged garbled. Judge the held value from the page image.,value
T00559,2,value-check,garbled,measurements,V006155,,Elongation at break,G026-05,Polymaker PETG ESD,R-POLYMAKER-FIBERON-TDS-FIBERON-PETG-ESD-V1-1-EN-1,058a8c3270f4fec4f190273d689add4ff16245000621c365b7dd3b6caab1c4fb,.cache/sources/by-sha/058a8c3270f4fec4f190273d689add4ff16245000621c365b7dd3b6caab1c4fb.pdf,1,p. 1: Elongation at break (X-Y),7.3 ± 0.7 % · XY · specimen: Not published (do not assume printed),This page's text layer is flagged garbled. Judge the held value from the page image.,value
T00560,2,value-check,garbled,measurements,V006161,,Charpy strength,G026-05,Polymaker PETG ESD,R-POLYMAKER-FIBERON-TDS-FIBERON-PETG-ESD-V1-1-EN-1,058a8c3270f4fec4f190273d689add4ff16245000621c365b7dd3b6caab1c4fb,.cache/sources/by-sha/058a8c3270f4fec4f190273d689add4ff16245000621c365b7dd3b6caab1c4fb.pdf,1,p. 1: Charpy impact strength (X-Y) notched,5.7 ± 0.5 kJ/m2 · Notched · XY · specimen: Not published (do not assume printed),This page's text layer is flagged garbled. Judge the held value from the page image.,value
T00561,2,value-check,garbled,measurements,V006359,,Density,G053-08,Polymaker FIBERON PA12 CF10,R-POLYMAKER-FIBERON-TDS-FIBERON-PA12-CF10-V1-1-EN,6f17386258f10da06bfaa52a4e07aa471bdffe7f115a76c919e65dd026ee0d6e,.cache/sources/by-sha/6f17386258f10da06bfaa52a4e07aa471bdffe7f115a76c919e65dd026ee0d6e.pdf,1,"p. 1: Density ISO1183, GB/T1033",1.06 g/cm3 · specimen: Not published (density specimen form not explicitly established),This page's text layer is flagged garbled. Judge the held value from the page image.,yes
T00562,2,value-check,garbled,measurements,V006362,,Glass transition temperature,G053-08,Polymaker FIBERON PA12 CF10,R-POLYMAKER-FIBERON-TDS-FIBERON-PA12-CF10-V1-1-EN,6f17386258f10da06bfaa52a4e07aa471bdffe7f115a76c919e65dd026ee0d6e,.cache/sources/by-sha/6f17386258f10da06bfaa52a4e07aa471bdffe7f115a76c919e65dd026ee0d6e.pdf,1,"p. 1: Glass transition temp. DSC, 10°C/min",55 °C · specimen: Not published (do not assume printed),This page's text layer is flagged garbled. Judge the held value from the page image.,value
T00563,2,value-check,garbled,measurements,V006368,,Tensile modulus,G053-08,Polymaker FIBERON PA12 CF10,R-POLYMAKER-FIBERON-TDS-FIBERON-PA12-CF10-V1-1-EN,6f17386258f10da06bfaa52a4e07aa471bdffe7f115a76c919e65dd026ee0d6e,.cache/sources/by-sha/6f17386258f10da06bfaa52a4e07aa471bdffe7f115a76c919e65dd026ee0d6e.pdf,1,p. 1: Young’s modulus (X-Y),3311.2 ± 134.9 MPa · XY · specimen: Not published (do not assume printed),This page's text layer is flagged garbled. Judge the held value from the page image.,yes
T00564,2,value-check,garbled,measurements,V006370,,Tensile strength (endpoint unspecified),G053-08,Polymaker FIBERON PA12 CF10,R-POLYMAKER-FIBERON-TDS-FIBERON-PA12-CF10-V1-1-EN,6f17386258f10da06bfaa52a4e07aa471bdffe7f115a76c919e65dd026ee0d6e,.cache/sources/by-sha/6f17386258f10da06bfaa52a4e07aa471bdffe7f115a76c919e65dd026ee0d6e.pdf,1,p. 1: Tensile strength (X-Y),77.4 ± 1.1 MPa · XY · specimen: Not published (do not assume printed),This page's text layer is flagged garbled. Judge the held value from the page image.,value
T00565,2,value-check,garbled,measurements,V006371,,Tensile strength (endpoint unspecified),G053-08,Polymaker FIBERON PA12 CF10,R-POLYMAKER-FIBERON-TDS-FIBERON-PA12-CF10-V1-1-EN,6f17386258f10da06bfaa52a4e07aa471bdffe7f115a76c919e65dd026ee0d6e,.cache/sources/by-sha/6f17386258f10da06bfaa52a4e07aa471bdffe7f115a76c919e65dd026ee0d6e.pdf,1,p. 1: Tensile strength (Z),52.2 ± 0.8 MPa · Z · specimen: Not published (do not assume printed),This page's text layer is flagged garbled. Judge the held value from the page image.,value
T00566,2,value-check,garbled,measurements,V006372,,Elongation at break,G053-08,Polymaker FIBERON PA12 CF10,R-POLYMAKER-FIBERON-TDS-FIBERON-PA12-CF10-V1-1-EN,6f17386258f10da06bfaa52a4e07aa471bdffe7f115a76c919e65dd026ee0d6e,.cache/sources/by-sha/6f17386258f10da06bfaa52a4e07aa471bdffe7f115a76c919e65dd026ee0d6e.pdf,1,p. 1: Elongation at break (X-Y),4.2 ± 0.4 % · XY · specimen: Not published (do not assume printed),This page's text layer is flagged garbled. Judge the held value from the page image.,value
T00567,2,value-check,garbled,measurements,V006378,,Charpy strength,G053-08,Polymaker FIBERON PA12 CF10,R-POLYMAKER-FIBERON-TDS-FIBERON-PA12-CF10-V1-1-EN,6f17386258f10da06bfaa52a4e07aa471bdffe7f115a76c919e65dd026ee0d6e,.cache/sources/by-sha/6f17386258f10da06bfaa52a4e07aa471bdffe7f115a76c919e65dd026ee0d6e.pdf,1,p. 1: Charpy impact strength (X-Y) notched,9.9 ± 0.7 kJ/m2 · Notched · XY · specimen: Not published (do not assume printed),This page's text layer is flagged garbled. Judge the held value from the page image.,value
T00568,2,value-check,garbled,measurements,V006454,,Density,G051-09,Polymaker FIBERON PA6 GF25,R-POLYMAKER-FIBERON-TDS-FIBERON-PA6-GF25-V1-1-EN,90be757860575b59d2c3e70437407b94bf4206445e1302d622530b7e1544ce2a,.cache/sources/by-sha/90be757860575b59d2c3e70437407b94bf4206445e1302d622530b7e1544ce2a.pdf,1,"p. 1: Density ISO1183, GB/T1033",1.20 g/cm3 · specimen: Not published (density specimen form not explicitly established),This page's text layer is flagged garbled. Judge the held value from the page image.,yes
T00569,2,value-check,garbled,measurements,V006457,,Glass transition temperature,G051-09,Polymaker FIBERON PA6 GF25,R-POLYMAKER-FIBERON-TDS-FIBERON-PA6-GF25-V1-1-EN,90be757860575b59d2c3e70437407b94bf4206445e1302d622530b7e1544ce2a,.cache/sources/by-sha/90be757860575b59d2c3e70437407b94bf4206445e1302d622530b7e1544ce2a.pdf,1,"p. 1: Glass transition temp. DSC, 10°C/min",70.4 °C · specimen: Not published (do not assume printed),This page's text layer is flagged garbled. Judge the held value from the page image.,value
T00570,2,value-check,garbled,measurements,V006461,,HDT,G051-09,Polymaker FIBERON PA6 GF25,R-POLYMAKER-FIBERON-TDS-FIBERON-PA6-GF25-V1-1-EN,90be757860575b59d2c3e70437407b94bf4206445e1302d622530b7e1544ce2a,.cache/sources/by-sha/90be757860575b59d2c3e70437407b94bf4206445e1302d622530b7e1544ce2a.pdf,1,p. 1: Heat deflection temp. ISO 75 0.45MPa,191 °C · specimen: Not published (do not assume printed),This page's text layer is flagged garbled. Judge the held value from the page image.,yes
T00571,2,value-check,garbled,measurements,V006462,,Tensile modulus,G051-09,Polymaker FIBERON PA6 GF25,R-POLYMAKER-FIBERON-TDS-FIBERON-PA6-GF25-V1-1-EN,90be757860575b59d2c3e70437407b94bf4206445e1302d622530b7e1544ce2a,.cache/sources/by-sha/90be757860575b59d2c3e70437407b94bf4206445e1302d622530b7e1544ce2a.pdf,1,p. 1: Young’s modulus (X-Y),5356.9 ± 211.0 MPa · XY · specimen: Not published (do not assume printed),This page's text layer is flagged garbled. Judge the held value from the page image.,yes
T00572,2,value-check,garbled,measurements,V006464,,Tensile strength (endpoint unspecified),G051-09,Polymaker FIBERON PA6 GF25,R-POLYMAKER-FIBERON-TDS-FIBERON-PA6-GF25-V1-1-EN,90be757860575b59d2c3e70437407b94bf4206445e1302d622530b7e1544ce2a,.cache/sources/by-sha/90be757860575b59d2c3e70437407b94bf4206445e1302d622530b7e1544ce2a.pdf,1,p. 1: Tensile strength (X-Y),80.1 ± 1.8 MPa · XY · specimen: Not published (do not assume printed),This page's text layer is flagged garbled. Judge the held value from the page image.,value
T00573,2,value-check,garbled,measurements,V006465,,Tensile strength (endpoint unspecified),G051-09,Polymaker FIBERON PA6 GF25,R-POLYMAKER-FIBERON-TDS-FIBERON-PA6-GF25-V1-1-EN,90be757860575b59d2c3e70437407b94bf4206445e1302d622530b7e1544ce2a,.cache/sources/by-sha/90be757860575b59d2c3e70437407b94bf4206445e1302d622530b7e1544ce2a.pdf,1,p. 1: Tensile strength (Z),60.7 ± 1.1 MPa · Z · specimen: Not published (do not assume printed),This page's text layer is flagged garbled. Judge the held value from the page image.,value
T00574,2,value-check,garbled,measurements,V006466,,Elongation at break,G051-09,Polymaker FIBERON PA6 GF25,R-POLYMAKER-FIBERON-TDS-FIBERON-PA6-GF25-V1-1-EN,90be757860575b59d2c3e70437407b94bf4206445e1302d622530b7e1544ce2a,.cache/sources/by-sha/90be757860575b59d2c3e70437407b94bf4206445e1302d622530b7e1544ce2a.pdf,1,p. 1: Elongation at break (X-Y),2.4 ± 0.2 % · XY · specimen: Not published (do not assume printed),This page's text layer is flagged garbled. Judge the held value from the page image.,value
T00575,2,value-check,garbled,measurements,V006472,,Charpy strength,G051-09,Polymaker FIBERON PA6 GF25,R-POLYMAKER-FIBERON-TDS-FIBERON-PA6-GF25-V1-1-EN,90be757860575b59d2c3e70437407b94bf4206445e1302d622530b7e1544ce2a,.cache/sources/by-sha/90be757860575b59d2c3e70437407b94bf4206445e1302d622530b7e1544ce2a.pdf,1,p. 1: Charpy impact strength (X-Y) notched,10.0 ± 0.7 kJ/m2 · Notched · XY · specimen: Not published (do not assume printed),This page's text layer is flagged garbled. Judge the held value from the page image.,value
T00576,2,value-check,garbled,measurements,V006536,,Density,G050-11,Polymaker FIBERON PA6 CF20,R-POLYMAKER-FIBERON-TDS-FIBERON-PA6-CF20-V1-1-EN,f065e0e27b44344da381f7edde481da7dd126b1b9d3da4ed0b5054862256b8b4,.cache/sources/by-sha/f065e0e27b44344da381f7edde481da7dd126b1b9d3da4ed0b5054862256b8b4.pdf,1,"p. 1: Density ISO1183, GB/T1033",1.17 g/cm3 · specimen: Not published (density specimen form not explicitly established),This page's text layer is flagged garbled. Judge the held value from the page image.,yes
T00577,2,value-check,garbled,measurements,V006539,,Glass transition temperature,G050-11,Polymaker FIBERON PA6 CF20,R-POLYMAKER-FIBERON-TDS-FIBERON-PA6-CF20-V1-1-EN,f065e0e27b44344da381f7edde481da7dd126b1b9d3da4ed0b5054862256b8b4,.cache/sources/by-sha/f065e0e27b44344da381f7edde481da7dd126b1b9d3da4ed0b5054862256b8b4.pdf,1,"p. 1: Glass transition temp. DSC, 10°C/min",74.2 °C · specimen: Not published (do not assume printed),This page's text layer is flagged garbled. Judge the held value from the page image.,value
T00578,2,value-check,garbled,measurements,V006543,,HDT,G050-11,Polymaker FIBERON PA6 CF20,R-POLYMAKER-FIBERON-TDS-FIBERON-PA6-CF20-V1-1-EN,f065e0e27b44344da381f7edde481da7dd126b1b9d3da4ed0b5054862256b8b4,.cache/sources/by-sha/f065e0e27b44344da381f7edde481da7dd126b1b9d3da4ed0b5054862256b8b4.pdf,1,p. 1: Heat deflection temp. ISO 75 0.45MPa,215 °C · specimen: Not published (do not assume printed),This page's text layer is flagged garbled. Judge the held value from the page image.,yes
T00579,2,value-check,garbled,measurements,V006544,,Tensile modulus,G050-11,Polymaker FIBERON PA6 CF20,R-POLYMAKER-FIBERON-TDS-FIBERON-PA6-CF20-V1-1-EN,f065e0e27b44344da381f7edde481da7dd126b1b9d3da4ed0b5054862256b8b4,.cache/sources/by-sha/f065e0e27b44344da381f7edde481da7dd126b1b9d3da4ed0b5054862256b8b4.pdf,1,p. 1: Young’s modulus (X-Y),8636.5 ± 211.4 MPa · XY · specimen: Not published (do not assume printed),This page's text layer is flagged garbled. Judge the held value from the page image.,yes
T00580,2,value-check,garbled,measurements,V006546,,Tensile strength (endpoint unspecified),G050-11,Polymaker FIBERON PA6 CF20,R-POLYMAKER-FIBERON-TDS-FIBERON-PA6-CF20-V1-1-EN,f065e0e27b44344da381f7edde481da7dd126b1b9d3da4ed0b5054862256b8b4,.cache/sources/by-sha/f065e0e27b44344da381f7edde481da7dd126b1b9d3da4ed0b5054862256b8b4.pdf,1,p. 1: Tensile strength (X-Y),109.3 ± 2.4 MPa · XY · specimen: Not published (do not assume printed),This page's text layer is flagged garbled. Judge the held value from the page image.,value
T00581,2,value-check,garbled,measurements,V006547,,Tensile strength (endpoint unspecified),G050-11,Polymaker FIBERON PA6 CF20,R-POLYMAKER-FIBERON-TDS-FIBERON-PA6-CF20-V1-1-EN,f065e0e27b44344da381f7edde481da7dd126b1b9d3da4ed0b5054862256b8b4,.cache/sources/by-sha/f065e0e27b44344da381f7edde481da7dd126b1b9d3da4ed0b5054862256b8b4.pdf,1,p. 1: Tensile strength (Z),54.0 ± 5.2 MPa · Z · specimen: Not published (do not assume printed),This page's text layer is flagged garbled. Judge the held value from the page image.,value
T00582,2,value-check,garbled,measurements,V006548,,Elongation at break,G050-11,Polymaker FIBERON PA6 CF20,R-POLYMAKER-FIBERON-TDS-FIBERON-PA6-CF20-V1-1-EN,f065e0e27b44344da381f7edde481da7dd126b1b9d3da4ed0b5054862256b8b4,.cache/sources/by-sha/f065e0e27b44344da381f7edde481da7dd126b1b9d3da4ed0b5054862256b8b4.pdf,1,p. 1: Elongation at break (X-Y),2.1 ± 0.2 % · XY · specimen: Not published (do not assume printed),This page's text layer is flagged garbled. Judge the held value from the page image.,value
T00583,2,value-check,garbled,measurements,V006554,,Charpy strength,G050-11,Polymaker FIBERON PA6 CF20,R-POLYMAKER-FIBERON-TDS-FIBERON-PA6-CF20-V1-1-EN,f065e0e27b44344da381f7edde481da7dd126b1b9d3da4ed0b5054862256b8b4,.cache/sources/by-sha/f065e0e27b44344da381f7edde481da7dd126b1b9d3da4ed0b5054862256b8b4.pdf,1,p. 1: Charpy impact strength (X-Y) notched,11.0 ± 0.3 kJ/m2 · Notched · XY · specimen: Not published (do not assume printed),This page's text layer is flagged garbled. Judge the held value from the page image.,value
T00584,2,value-check,garbled,measurements,V008074,,Charpy strength,G032-04,QIDI ASA-Aero,R-QIDI-ASA-AERO,446c853fea6a7e4f1e01a4b1b7939f27e8f6e3b98768fc007e418ec8ef402c1c,.cache/sources/by-sha/446c853fea6a7e4f1e01a4b1b7939f27e8f6e3b98768fc007e418ec8ef402c1c.pdf,3,p. 3: 缺口冲击强度(X-Y) ISO 179 Charpy impact strength,2.29 ± 0.13 KJ/㎡ · Notched · XY · specimen: Printed specimen,This page's text layer is flagged garbled. Judge the held value from the page image.,value
T00585,2,value-check,garbled,measurements,V008677,,Elongation at break,G027-33,Prusa Research Buddy3D ABS,S-PVB-technisches-datenblatt-2,e7abf8ceb8be6c2d920d4dcde15ee9107a63fb8e395446ffcd965bebff756904,.cache/sources/by-sha/e7abf8ceb8be6c2d920d4dcde15ee9107a63fb8e395446ffcd965bebff756904.pdf,2,"p. 2: Elongation at break 527-1, -250 mm/min %",50 % · Unstated · specimen: Not published (do not assume printed),This page's text layer is flagged garbled. Judge the held value from the page image.,value
T00586,2,value-check,garbled,measurements,V013755,,Tensile yield strength,G027-33,Prusa Research Buddy3D ABS,S-PVB-technisches-datenblatt-2,e7abf8ceb8be6c2d920d4dcde15ee9107a63fb8e395446ffcd965bebff756904,.cache/sources/by-sha/e7abf8ceb8be6c2d920d4dcde15ee9107a63fb8e395446ffcd965bebff756904.pdf,2,p. 2: Yield strength,41 · Unstated · specimen: Not published (do not assume printed),This page's text layer is flagged garbled. Judge the held value from the page image.,value
T00587,2,value-check,garbled,measurements,V014017,,Density,G020-70,Recreus PET-G,R-RECREUS-PET-G-TECHNICAL-DATA-SHEET-TDS-2020-0,5fd5ff6e8a913129b384ce4165cb2628aeaedbc60ce2c7818e6d69ad8d092bee,.cache/sources/by-sha/5fd5ff6e8a913129b384ce4165cb2628aeaedbc60ce2c7818e6d69ad8d092bee.pdf,1,p. 1: Material density,1.29 g/cm³ · specimen: Not published (density specimen form not explicitly established),This page's text layer is flagged garbled. Judge the held value from the page image.,value
T00588,2,value-check,garbled,measurements,V014019,,Tensile modulus,G020-70,Recreus PET-G,R-RECREUS-PET-G-TECHNICAL-DATA-SHEET-TDS-2020-0,5fd5ff6e8a913129b384ce4165cb2628aeaedbc60ce2c7818e6d69ad8d092bee,.cache/sources/by-sha/5fd5ff6e8a913129b384ce4165cb2628aeaedbc60ce2c7818e6d69ad8d092bee.pdf,1,p. 1: Tensile Modulus,3020 MPa · Unstated · specimen: Not published (do not assume printed),This page's text layer is flagged garbled. Judge the held value from the page image.,value
T00589,2,value-check,garbled,measurements,V014788,,Charpy strength,G027-33,Prusa Research Buddy3D ABS,S-PVB-technisches-datenblatt-2,e7abf8ceb8be6c2d920d4dcde15ee9107a63fb8e395446ffcd965bebff756904,.cache/sources/by-sha/e7abf8ceb8be6c2d920d4dcde15ee9107a63fb8e395446ffcd965bebff756904.pdf,2,p. 2: Notched Charpy impact strength,22 kJ/m² · Notched · Unstated · specimen: Not published (do not assume printed),This page's text layer is flagged garbled. Judge the held value from the page image.,value
T00590,2,value-check,garbled,profiles,P0022,,,G020-13,Polymaker PolyLite PETG,S-POLYCN-PolyLite-PETG-TDS-V5-3,3e325b645b42d7547517ee7940f5fd476b48815c08342676a38777206350092f,.cache/sources/by-sha/3e325b645b42d7547517ee7940f5fd476b48815c08342676a38777206350092f.pdf,1,Recommended printing settings,undefined · specimen: undefined,This page's text layer is flagged garbled. Judge the held value from the page image.,value
T00591,2,value-check,garbled,profiles,P0074,,,G059-01,Polymaker Fiberon PA612-CF15,S-FIBER-PA612,11c25587baddff2d5fada59a14c9e65944da102a1e3ab8f1522815324b74937f,.cache/sources/by-sha/11c25587baddff2d5fada59a14c9e65944da102a1e3ab8f1522815324b74937f.pdf,1,Recommended printing settings,undefined · specimen: undefined,This page's text layer is flagged garbled. Judge the held value from the page image.,yes
T00592,2,value-check,garbled,profiles,P0084,,,G065-01,Polymaker Fiberon PA612-ESD,S-POLYCN-TDS-FIBERON-PA612-ESD-V1-0-EN-1,02023877e005d9edb5190175dc0dc44d3567b53cd893daea36097f4c0c729a7f,.cache/sources/by-sha/02023877e005d9edb5190175dc0dc44d3567b53cd893daea36097f4c0c729a7f.pdf,1,Recommended printing settings; p. 1: Nozzle note,undefined · specimen: undefined,This page's text layer is flagged garbled. Judge the held value from the page image.,yes
T00593,2,value-check,garbled,profiles,P0085,,,G066-01,FormFutura High Precision PET,S-PET-TDS,f04c5244e4400548198fe54348c625ec9926364e021f167ed74673b387dabd89,.cache/sources/by-sha/f04c5244e4400548198fe54348c625ec9926364e021f167ed74673b387dabd89.pdf,1,Recommended printing settings,undefined · specimen: undefined,This page's text layer is flagged garbled. Judge the held value from the page image.,yes
T00594,2,value-check,garbled,profiles,P0108,,,G086-01,Dow EVOLV3D OBC,X-EVOLV3D-OBC-TDS,89a1aa6f71753437e6d68d7b8054b0bba997fca8b77c6169815eaaeb65c00153,.cache/sources/by-sha/89a1aa6f71753437e6d68d7b8054b0bba997fca8b77c6169815eaaeb65c00153.pdf,1,Recommended printing settings,undefined · specimen: undefined,This page's text layer is flagged garbled. Judge the held value from the page image.,value
T00595,2,value-check,garbled,profiles,P0119,,,G094-02,Polymaker Polymaker PC ABS,S-POLYCN-Polymaker-PC-ABS-TDS-V5-1,b85d00a14b3a1c90afe510c4f1d58d7fab8fb69660eaee79c7420b1b7f8c4058,.cache/sources/by-sha/b85d00a14b3a1c90afe510c4f1d58d7fab8fb69660eaee79c7420b1b7f8c4058.pdf,1,Recommended printing settings,undefined · specimen: undefined,This page's text layer is flagged garbled. Judge the held value from the page image.,yes
T00596,2,value-check,garbled,profiles,P0121,,,G095-01,Polymaker Polymaker PC PBT,S-POLYCN-Polymaker-PC-PBT-TDS-V5-1,422bebbd0afd300415532d7d089877fb734d51316e877a54f4c00c806ca1570e,.cache/sources/by-sha/422bebbd0afd300415532d7d089877fb734d51316e877a54f4c00c806ca1570e.pdf,1,Recommended printing settings,undefined · specimen: undefined,This page's text layer is flagged garbled. Judge the held value from the page image.,value
T00597,2,value-check,garbled,profiles,P0160,,,G073-02,Essentium Essentium PPS-CF,R-ESSENTIUM-PPSCF-TDS,225419a589be85d566c662f2720339a5eb20b6fa50187e98411bf627dd7b1e15,.cache/sources/by-sha/225419a589be85d566c662f2720339a5eb20b6fa50187e98411bf627dd7b1e15.pdf,2,p. 2: Recommended FFF Print Settings and Material Handling,undefined · specimen: undefined,This page's text layer is flagged garbled. Judge the held value from the page image.,yes
T00598,2,value-check,garbled,profiles,P0171,,,G087-02,Grupa Azoty Tarfuse POM 3D Filament,R-GRUPA-AZOTY-TARFUSE-POM-TDS,ef0bbc0dd06cf77c1c14d95f0338d3541e287b36920e5f212492399fcb3263ea,.cache/sources/by-sha/ef0bbc0dd06cf77c1c14d95f0338d3541e287b36920e5f212492399fcb3263ea.pdf,2,p. 2: Recommended print processing parameters,undefined · specimen: undefined,This page's text layer is flagged garbled. Judge the held value from the page image.,yes
T00599,2,value-check,garbled,profiles,P0396,,,G008-04,SUNLU Silk PLA+ Four-Color,R-SUNLU-27be2474-b2dd-45b3-8a14-5f742b314e33,0049b4facf5ff87b0380109e7b4c5644ed2ec0cc2c7ae7beb7d5f7e606a324de,.cache/sources/by-sha/0049b4facf5ff87b0380109e7b4c5644ed2ec0cc2c7ae7beb7d5f7e606a324de.pdf,2,p. 2: Recommended printing settings; p. 2: Nozzle Temp.,undefined · specimen: undefined,This page's text layer is flagged garbled. Judge the held value from the page image.,value
T00600,2,value-check,garbled,profiles,P0398,,,G001-37,SUNLU PLA,R-SUNLU-73632671781747576290,13fac1b4645829b9e1c6f2bc9ef64d57742bdaf9c192f338ecc96cfd0dc93930,.cache/sources/by-sha/13fac1b4645829b9e1c6f2bc9ef64d57742bdaf9c192f338ecc96cfd0dc93930.pdf,2,p. 2: Recommended printing settings; p. 2: Nozzle Temp.,undefined · specimen: undefined,This page's text layer is flagged garbled. Judge the held value from the page image.,value
T00601,2,value-check,garbled,profiles,P0400,,,G028-04,SUNLU ABS-GF,R-SUNLU-b74bf860-1989-443e-b917-58f7a97096a0,1a67c0c36fede8858a68ec18d3c07b0b56506a8efc26cfcef7259509829fd5b7,.cache/sources/by-sha/1a67c0c36fede8858a68ec18d3c07b0b56506a8efc26cfcef7259509829fd5b7.pdf,2,p. 2: Recommended printing settings; p. 2: Nozzle Temp. ℃,undefined · specimen: undefined,This page's text layer is flagged garbled. Judge the held value from the page image.,value
T00602,2,value-check,garbled,profiles,P0402,,,G094-04,SUNLU PC/ABS,R-SUNLU-d7bcafe0-f102-4dcb-a87a-59f458f0358d,21631f3193d547ef693726f70be5bb36c3abb385b3978470832bbb89e430593b,.cache/sources/by-sha/21631f3193d547ef693726f70be5bb36c3abb385b3978470832bbb89e430593b.pdf,2,p. 2: Recommended printing settings; p. 2: Nozzle Temp.,undefined · specimen: undefined,This page's text layer is flagged garbled. Judge the held value from the page image.,yes
T00603,2,value-check,garbled,profiles,P0403,,,G001-38,SUNLU High Speed PLA,R-SUNLU-b129fd4c-7d50-46be-874e-84e0bb6ff1ae,27059e4a61a2cb5e477d38e5550858d29ffe3c54ac7d6123ef5e1f29c25cc3ce,.cache/sources/by-sha/27059e4a61a2cb5e477d38e5550858d29ffe3c54ac7d6123ef5e1f29c25cc3ce.pdf,2,p. 2: Recommended printing settings; p. 2: Nozzle Temp.,undefined · specimen: undefined,This page's text layer is flagged garbled. Judge the held value from the page image.,value
T00604,2,value-check,garbled,profiles,P0404,,,G053-05,SUNLU PA12-CF,R-SUNLU-93d827f4-50e9-45b4-8b24-bf5ddaf8273f,2b8c38d54f96f102c76f6bc596f5a067fe4911d744ed79b468f467e8e9605280,.cache/sources/by-sha/2b8c38d54f96f102c76f6bc596f5a067fe4911d744ed79b468f467e8e9605280.pdf,2,p. 2: Recommended printing settings; p. 2: Nozzle Temp.,undefined · specimen: undefined,This page's text layer is flagged garbled. Judge the held value from the page image.,value
T00605,2,value-check,garbled,profiles,P0406,,,G050-06,SUNLU PA6-CF,R-SUNLU-68c0ccf4-9059-4b50-ad40-95ba3634f0ae,3c9552022e6281990e72561484cc4c5fd85b5c04118df1d501c453dea22394e5,.cache/sources/by-sha/3c9552022e6281990e72561484cc4c5fd85b5c04118df1d501c453dea22394e5.pdf,2,p. 2: Recommended printing settings; p. 2: Nozzle Temp.,undefined · specimen: undefined,This page's text layer is flagged garbled. Judge the held value from the page image.,value
T00606,2,value-check,garbled,profiles,P0407,,,G097-03,SUNLU PEEK,R-SUNLU-ddb6b06d-707f-4226-9c00-cc16ef778873,46e1cfb74e3b80b8db8fecc25c6eeb0d5db034009000ae35ba5c6f47dca1c2dd,.cache/sources/by-sha/46e1cfb74e3b80b8db8fecc25c6eeb0d5db034009000ae35ba5c6f47dca1c2dd.pdf,2,p. 2: Recommended printing settings; p. 2: Nozzle Temp.,undefined · specimen: undefined,This page's text layer is flagged garbled. Judge the held value from the page image.,yes
T00607,2,value-check,garbled,profiles,P0408,,,G027-12,SUNLU High Speed ABS,R-SUNLU-ef443c43-b15b-4242-8884-dcce385e8f02,471ccb741b6a86c31d6c2f1f86011cb0845b9856a5900b80931559b800bea6a7,.cache/sources/by-sha/471ccb741b6a86c31d6c2f1f86011cb0845b9856a5900b80931559b800bea6a7.pdf,2,p. 2: Recommended printing settings; p. 2: Nozzle Temp.,undefined · specimen: undefined,This page's text layer is flagged garbled. Judge the held value from the page image.,value
T00608,2,value-check,garbled,profiles,P0409,,,G027-13,SUNLU ABS,R-SUNLU-499dacc6-a1e4-4f81-b1ae-8bf1b8e424ec,4aeab9573571c5a150fa5cab17b2f4908da369ba66dd7f0969780402dffc31c3,.cache/sources/by-sha/4aeab9573571c5a150fa5cab17b2f4908da369ba66dd7f0969780402dffc31c3.pdf,2,"p. 2: Recommended printing settings; p. 2: Nozzle temperature, 50-100mm/s",undefined · specimen: undefined,This page's text layer is flagged garbled. Judge the held value from the page image.,value
T00609,2,value-check,garbled,profiles,P0413,,,G075-02,SUNLU PVA,R-SUNLU-6f3c0e89-fa56-46b2-ab3d-601ee6b70cf9,77202ef641ffa9bb13da230edf742c59f7eea3bff115829ba9f0b98917e63452,.cache/sources/by-sha/77202ef641ffa9bb13da230edf742c59f7eea3bff115829ba9f0b98917e63452.pdf,2,p. 2: Recommended printing settings; p. 2: Nozzle Temp.; p. 2: Drying Temp.,undefined · specimen: undefined,This page's text layer is flagged garbled. Judge the held value from the page image.,value
T00610,2,value-check,garbled,profiles,P0414,,,G018-08,SUNLU PLA Carbon Fiber,R-SUNLU-75a39c51-7d4c-40c4-839d-58f88cbbbf94,78cf4630e756a753bcd7228107cb761c6d3e858e3655e9cb4e02f5c992a2bd7f,.cache/sources/by-sha/78cf4630e756a753bcd7228107cb761c6d3e858e3655e9cb4e02f5c992a2bd7f.pdf,2,p. 2: Recommended printing settings; p. 2: Nozzle Temp.,undefined · specimen: undefined,This page's text layer is flagged garbled. Judge the held value from the page image.,value
T00611,2,value-check,garbled,profiles,P0415,,,G012-02,SUNLU High Speed Marble PLA,R-SUNLU-02f59eef-2adc-4bae-8b08-bfd1a8a278fe,79654c2d7556a5a6bb4024833dd4a185c93f943857af452ab71a880ea6ac2efa,.cache/sources/by-sha/79654c2d7556a5a6bb4024833dd4a185c93f943857af452ab71a880ea6ac2efa.pdf,2,p. 2: Recommended printing settings; p. 2: Nozzle Temp.,undefined · specimen: undefined,This page's text layer is flagged garbled. Judge the held value from the page image.,value
T00612,2,value-check,garbled,profiles,P0423,,,G015-02,SUNLU PLA Galaxy,R-SUNLU-cc96ba09-b739-4afb-851f-bcdd5f02dc2b,b5723e949da4bd43f0aef4bef05fd263a072dad1c860dc68bd35f19679a518dc,.cache/sources/by-sha/b5723e949da4bd43f0aef4bef05fd263a072dad1c860dc68bd35f19679a518dc.pdf,2,p. 2: Recommended printing settings; p. 2: Nozzle Temp.; p. 2: late Material,undefined · specimen: undefined,This page's text layer is flagged garbled. Judge the held value from the page image.,value
T00613,2,value-check,garbled,profiles,P0425,,,G039-19,SUNLU TPU 95A,R-SUNLU-e8b9c06a-4b93-46cb-9532-d9deb185a7c8,c2da8fbdc75808ce598bb5df4db226b058f1706822340b744f58ec72c4ea2dd0,.cache/sources/by-sha/c2da8fbdc75808ce598bb5df4db226b058f1706822340b744f58ec72c4ea2dd0.pdf,2,p. 2: Recommended printing settings; p. 2: Nozzle Temp.,undefined · specimen: undefined,This page's text layer is flagged garbled. Judge the held value from the page image.,value
T00614,2,value-check,garbled,profiles,P0427,,,G093-03,SUNLU PVB,R-SUNLU-042608c3-25e5-4515-a83e-f2220185296c,fab54bfd39fbefe0bca7ddb7e5326b06958da23151c4b01914d1e7ee0bbff589,.cache/sources/by-sha/fab54bfd39fbefe0bca7ddb7e5326b06958da23151c4b01914d1e7ee0bbff589.pdf,2,p. 2: Recommended printing settings; p. 2: Nozzle Temp.,undefined · specimen: undefined,This page's text layer is flagged garbled. Judge the held value from the page image.,value
T00615,2,value-check,garbled,profiles,P0543,,,G026-05,Polymaker PETG ESD,R-POLYMAKER-FIBERON-TDS-FIBERON-PETG-ESD-V1-1-EN-1,058a8c3270f4fec4f190273d689add4ff16245000621c365b7dd3b6caab1c4fb,.cache/sources/by-sha/058a8c3270f4fec4f190273d689add4ff16245000621c365b7dd3b6caab1c4fb.pdf,1,p. 1: Recommended printing settings: Nozzle temperature; p. 1: Drying temp. and time,undefined · specimen: undefined,This page's text layer is flagged garbled. Judge the held value from the page image.,value
T00616,2,value-check,garbled,profiles,P0558,,,G053-08,Polymaker FIBERON PA12 CF10,R-POLYMAKER-FIBERON-TDS-FIBERON-PA12-CF10-V1-1-EN,6f17386258f10da06bfaa52a4e07aa471bdffe7f115a76c919e65dd026ee0d6e,.cache/sources/by-sha/6f17386258f10da06bfaa52a4e07aa471bdffe7f115a76c919e65dd026ee0d6e.pdf,1,p. 1: Recommended printing settings: Nozzle temperature; p. 1: Drying temp. and time,undefined · specimen: undefined,This page's text layer is flagged garbled. Judge the held value from the page image.,value
T00617,2,value-check,garbled,profiles,P0567,,,G051-09,Polymaker FIBERON PA6 GF25,R-POLYMAKER-FIBERON-TDS-FIBERON-PA6-GF25-V1-1-EN,90be757860575b59d2c3e70437407b94bf4206445e1302d622530b7e1544ce2a,.cache/sources/by-sha/90be757860575b59d2c3e70437407b94bf4206445e1302d622530b7e1544ce2a.pdf,1,p. 1: Recommended printing settings: Nozzle temperature; p. 1: Drying temp. and time,undefined · specimen: undefined,This page's text layer is flagged garbled. Judge the held value from the page image.,yes
T00618,2,value-check,garbled,profiles,P0575,,,G050-11,Polymaker FIBERON PA6 CF20,R-POLYMAKER-FIBERON-TDS-FIBERON-PA6-CF20-V1-1-EN,f065e0e27b44344da381f7edde481da7dd126b1b9d3da4ed0b5054862256b8b4,.cache/sources/by-sha/f065e0e27b44344da381f7edde481da7dd126b1b9d3da4ed0b5054862256b8b4.pdf,1,p. 1: Recommended printing settings: Nozzle temperature; p. 1: Drying temp. and time,undefined · specimen: undefined,This page's text layer is flagged garbled. Judge the held value from the page image.,yes
T00619,2,value-check,garbled,profiles,P0798,,,G027-14,SUNLU ABS-FR,R-SUNLU-ABS-FR-TDS-0,cff0a8dcb674cc54949eece22d90b6ffe4ebc8c574e8839f7fca949da65a86b0,.cache/sources/by-sha/cff0a8dcb674cc54949eece22d90b6ffe4ebc8c574e8839f7fca949da65a86b0.pdf,2,p. 2: Recommended printing settings; p. 2: Nozzle Print Temp.; p. 2: Print Platform Temp.; p. 2: Print Platform Material,undefined · specimen: undefined,This page's text layer is flagged garbled. Judge the held value from the page image.,value
T00620,2,value-check,garbled,profiles,P1143,,,G067-02,Polymaker Fiberon PET-CF17,R-FIBERON-PETCF17-TDS,640a5ed487a8475805af3ecf387e942805182e263fdef5ebe0e5587a3e60a254,.cache/sources/by-sha/640a5ed487a8475805af3ecf387e942805182e263fdef5ebe0e5587a3e60a254.pdf,1,"p. 1: Build plate temperature, Chamber temperature, Drying temp. and time, Nozzle temperature",undefined · specimen: undefined,This page's text layer is flagged garbled. Judge the held value from the page image.,yes
T00621,2,value-check,garbled,profiles,P1239,,,G020-70,Recreus PET-G,R-RECREUS-PET-G-TECHNICAL-DATA-SHEET-TDS-2020-0,5fd5ff6e8a913129b384ce4165cb2628aeaedbc60ce2c7818e6d69ad8d092bee,.cache/sources/by-sha/5fd5ff6e8a913129b384ce4165cb2628aeaedbc60ce2c7818e6d69ad8d092bee.pdf,1,p. 1: Printing temperatures; p. 1: Hot-bed temperature; p. 1: Minimal nozzle diameter,undefined · specimen: undefined,This page's text layer is flagged garbled. Judge the held value from the page image.,value
T00622,2,value-check,garbled,profiles,P1355,,,G001-25,Polymaker PolySonic PLA,S-POLYCN-PolySonic-PLA-EN-V5-3-TDS,e71fac75b41e1f756b2827213885bd9f5d606a23b124cdb39f2035d04e049972,.cache/sources/by-sha/e71fac75b41e1f756b2827213885bd9f5d606a23b124cdb39f2035d04e049972.pdf,1,"Recommended printing settings: Nozzle temperature, High-speed",undefined · specimen: undefined,This page's text layer is flagged garbled. Judge the held value from the page image.,yes
T00623,2,value-check,garbled,profiles,P1612,,,G149-03,SUNLU PCL,R-SUNLU-9c709eea-12c7-4a05-b5cd-227c63c700b8,77ea19eb018c179eaa877db371bb052f752b1ce09998d286b788df83db0cdd7b,.cache/sources/by-sha/77ea19eb018c179eaa877db371bb052f752b1ce09998d286b788df83db0cdd7b.pdf,2,p. 2: Plate Temp.; p. 2: Plate Material; p. 2: Room Temp.; p. 2: Drying Temp.,undefined · specimen: undefined,This page's text layer is flagged garbled. Judge the held value from the page image.,value
T00624,2,value-check,garbled,profiles,P1742,,,G053-13,iSANMATE PA12CF,I-PLA-PA12-CF-TDS,5687298e0e5c2069ffab5e99828a507c97e5160cf2b3690336871574ef83bf88,.cache/sources/by-sha/5687298e0e5c2069ffab5e99828a507c97e5160cf2b3690336871574ef83bf88.pdf,1,"p. 1: the conditions the 3D-printed test bars were printed under (print temperature and heat bed, specimens), which are not printing guidance (m170, m345)",undefined · specimen: undefined,This page's text layer is flagged garbled. Judge the held value from the page image.,value
T00625,4,value-check,1,measurements,V009486,,Density,G001-156,colorFabb Copper filled PLA,R-COLORFABB-TDS-copperFill-en-0,03cea34f1f4f57b02b7ef9aae6bb63e46638f928d65228aad95ec72a97ec4248,.cache/sources/by-sha/03cea34f1f4f57b02b7ef9aae6bb63e46638f928d65228aad95ec72a97ec4248.pdf,1,p. 1: Specific gravity ISO 1183 g/cm3,"4,0 g/cm3 · specimen: Not published (density specimen form not explicitly established)","Density 4000 kg/m³ sits far from PLA's typical 1240 (z 186.2). Is it what the page prints for this product, property, unit and conditions? Give a class: real, wrong-value, wrong-unit, wrong-property, wrong-condition, implausible (the page prints what cannot be) or variant (the product is a special formulation its material does not describe).",value
T00626,4,value-check,1,measurements,V009231,,Density,G001-136,colorFabb BronzeFill,R-COLORFABB-colorFabb-BronzeFill-TDS,80ea075e752cb74cacc7ab1ec9534c1bbe0a504690eb85588eff9d28bf4fd668,.cache/sources/by-sha/80ea075e752cb74cacc7ab1ec9534c1bbe0a504690eb85588eff9d28bf4fd668.pdf,1,p. 1: Density g/cm3,"3,9 g/cm3 · specimen: Not published (density specimen form not explicitly established)","Density 3900 kg/m³ sits far from PLA's typical 1240 (z 179.4). Is it what the page prints for this product, property, unit and conditions? Give a class: real, wrong-value, wrong-unit, wrong-property, wrong-condition, implausible (the page prints what cannot be) or variant (the product is a special formulation its material does not describe).",value
T00627,4,value-check,1,measurements,V011205,,Tensile modulus,G164-07,Nanovia PA Food Industry,R-NANOVIA-PA-Food-Industry,6489655e4381fcc2fc366d18e2499ade27facd99f9373e17b907865efb4fec98,.cache/sources/by-sha/6489655e4381fcc2fc366d18e2499ade27facd99f9373e17b907865efb4fec98.html,1,p. 1: Young’s modulus,3800 MPa · Unstated · specimen: Not published (do not assume printed),"Tensile modulus 3.8 GPa sits far from Nylon, maker-undisclosed polyamide's typical 2.2063232 (z 170.0). Is it what the page prints for this product, property, unit and conditions? Give a class: real, wrong-value, wrong-unit, wrong-property, wrong-condition, implausible (the page prints what cannot be) or variant (the product is a special formulation its material does not describe).",value
T00628,4,value-check,1,measurements,V006862,,Tensile strength (endpoint unspecified),G035-17,eSUN PC-HT,S-PEBA-PC-HT-TDS,50552879cca4e97a9da538a0624dc378c25a5f892d3fc1688270fad8bb53dd1c,.cache/sources/by-sha/50552879cca4e97a9da538a0624dc378c25a5f892d3fc1688270fad8bb53dd1c.pdf,2,p. 2: Tensile Strength (Z) GB/T 1040,50.6 MPa · Z · specimen: Printed specimen,"Tensile strength (endpoint unspecified) 50.6 MPa sits far from PC's typical 29.1 (z 145.0). Is it what the page prints for this product, property, unit and conditions? Give a class: real, wrong-value, wrong-unit, wrong-property, wrong-condition, implausible (the page prints what cannot be) or variant (the product is a special formulation its material does not describe).",value
T00629,4,value-check,1,measurements,V009275,,Density,G001-137,colorFabb steelFill,R-COLORFABB-colorFabb-SteelFill-TDS,d1358ae4e125b109162e624b6f9af2c627158c326a35586ff29df59376812622,.cache/sources/by-sha/d1358ae4e125b109162e624b6f9af2c627158c326a35586ff29df59376812622.pdf,1,p. 1: Density g/cm3,"3,13 g/cm3 · specimen: Not published (density specimen form not explicitly established)","Density 3130 kg/m³ sits far from PLA's typical 1240 (z 127.5). Is it what the page prints for this product, property, unit and conditions? Give a class: real, wrong-value, wrong-unit, wrong-property, wrong-condition, implausible (the page prints what cannot be) or variant (the product is a special formulation its material does not describe).",value
T00630,4,value-check,1,measurements,V005055,,Charpy strength,G020-22,Eryone Hyper Speed PETG,R-ERYONE-file-manager-downLoad-path-file-manage-3828-20250903-eryone--b99816,b998165c1712727456c7d88e7e8d58d38b9fbf829d8f8ec759fb9c198506fc60,.cache/sources/by-sha/b998165c1712727456c7d88e7e8d58d38b9fbf829d8f8ec759fb9c198506fc60.pdf,2,p. 2: Charpy Impact strenght 2.75J GB/T 1043.1-2008 kJ/m2,1.25 kJ/m2 · Notched · specimen: Printed specimen,"Charpy strength 1.25 kJ/m² sits far from PETG's typical 4.7 (z -116.3). Is it what the page prints for this product, property, unit and conditions? Give a class: real, wrong-value, wrong-unit, wrong-property, wrong-condition, implausible (the page prints what cannot be) or variant (the product is a special formulation its material does not describe).",value
T00631,4,value-check,1,measurements,V008079,,Tensile strength (endpoint unspecified),G033-14,QIDI ASA-CF20 Core,R-QIDI-ASA-CF20-CORE,6578afca6561181428c896d6a3ab8ff2f5b1d7a2bf9623eb6e9926590971a320,.cache/sources/by-sha/6578afca6561181428c896d6a3ab8ff2f5b1d7a2bf9623eb6e9926590971a320.pdf,3,p. 3: 拉伸强度(X-Y) Tensile strength(X-Y),50.06 ± 1.0 Mpa · XY · specimen: Printed specimen,"Tensile strength (endpoint unspecified) 50.06 MPa sits far from ASA-CF's typical 39.1 (z 73.9). Is it what the page prints for this product, property, unit and conditions? Give a class: real, wrong-value, wrong-unit, wrong-property, wrong-condition, implausible (the page prints what cannot be) or variant (the product is a special formulation its material does not describe).",value
T00632,4,value-check,1,measurements,V009181,,Density,G001-133,Protopasta Stainless Steel PLA,R-3DJAKE-TDS-Stainless-Steel-PLA-1-0-1,3580b92531fd243445f94910b4e9eb7f0051756c10b199148da0b2698434bdd0,.cache/sources/by-sha/3580b92531fd243445f94910b4e9eb7f0051756c10b199148da0b2698434bdd0.pdf,1,p. 1: Density approx.,2.3 g/cc · specimen: Not published (density specimen form not explicitly established),"Density 2300 kg/m³ sits far from PLA's typical 1240 (z 71.5). Is it what the page prints for this product, property, unit and conditions? Give a class: real, wrong-value, wrong-unit, wrong-property, wrong-condition, implausible (the page prints what cannot be) or variant (the product is a special formulation its material does not describe).",value
T00633,4,value-check,1,measurements,V009282,,Density,G001-139,"Protopasta Brass Fill, Bronze Fill, Copper Fill HTPLA",R-3DJAKE-TDS-BrassBronzeCopper-HTPLA-1-0-0,d88d46d713f711803b6f09039ad7dee8b7705230ba15c57de6ecc003e9fce270,.cache/sources/by-sha/d88d46d713f711803b6f09039ad7dee8b7705230ba15c57de6ecc003e9fce270.pdf,1,p. 1: Density approx.,2.3 g/cc · specimen: Not published (density specimen form not explicitly established),"Density 2300 kg/m³ sits far from PLA's typical 1240 (z 71.5). Is it what the page prints for this product, property, unit and conditions? Give a class: real, wrong-value, wrong-unit, wrong-property, wrong-condition, implausible (the page prints what cannot be) or variant (the product is a special formulation its material does not describe).",value
T00634,4,value-check,1,measurements,V004920,,Tensile strength (endpoint unspecified),G039-20,Eryone TPU 90A,R-ERYONE-eryone-tpu-90a-tds,6435c019425573cd19a7808e13ba6861c5ca21eb2edff039502ffb027447ff92,.cache/sources/by-sha/6435c019425573cd19a7808e13ba6861c5ca21eb2edff039502ffb027447ff92.pdf,2,p. 2: Tensile strength X-Y 50mm/min GB/T 1040.4 MPa,23.7 MPa · XY · specimen: Printed specimen,"Tensile strength (endpoint unspecified) 23.7 MPa sits far from TPU 90A class's typical 30 (z -42.5). Is it what the page prints for this product, property, unit and conditions? Give a class: real, wrong-value, wrong-unit, wrong-property, wrong-condition, implausible (the page prints what cannot be) or variant (the product is a special formulation its material does not describe).",value
T00635,4,value-check,1,measurements,V009267,,Density,G001-138,Protopasta Magnetic Iron PLA,R-3DJAKE-TDS-Iron-PLA-1-0-1,af045449248b5746ca3f54cc45b973f67b269b4a0f96388413b46d1156579242,.cache/sources/by-sha/af045449248b5746ca3f54cc45b973f67b269b4a0f96388413b46d1156579242.pdf,1,p. 1: Density approx.,1.85 g/cc · specimen: Not published (density specimen form not explicitly established),"Density 1850 kg/m³ sits far from PLA's typical 1240 (z 41.1). Is it what the page prints for this product, property, unit and conditions? Give a class: real, wrong-value, wrong-unit, wrong-property, wrong-condition, implausible (the page prints what cannot be) or variant (the product is a special formulation its material does not describe).",value
T00636,4,value-check,1,measurements,V012728,,Tensile strength (endpoint unspecified),G039-25,colorFabb varioShore TPU,R-COLORFABB-TDS-varioShore-Prosthetic-TPU,92ae18d0032f91d5f3ca0d1be7998e0d23348c447b8c1a886903ab3274380b1e,.cache/sources/by-sha/92ae18d0032f91d5f3ca0d1be7998e0d23348c447b8c1a886903ab3274380b1e.pdf,1,p. 1: Tensile Strength (XY; Mechanical Properties – 3D Printed; 24 MPa),24 MPa · XY · specimen: Printed specimen,"Tensile strength (endpoint unspecified) 24 MPa sits far from TPU 90A class's typical 30 (z -40.5). Is it what the page prints for this product, property, unit and conditions? Give a class: real, wrong-value, wrong-unit, wrong-property, wrong-condition, implausible (the page prints what cannot be) or variant (the product is a special formulation its material does not describe).",value
T00637,4,value-check,1,measurements,V005146,,Elongation at break,G037-05,Flashforge PCCF10,D-FLASH-PC-CF-TDS-EN,03d0a687859a8c50e3abd8a10a2e2b680ecf0ed8c36ff2fefcb6bf22b553efa3,.cache/sources/by-sha/03d0a687859a8c50e3abd8a10a2e2b680ecf0ed8c36ff2fefcb6bf22b553efa3.pdf,1,p. 1: Elongation at Break (X-Y) ISO 527 %,7.5-8.5 % · XY · specimen: Printed specimen,"Elongation at break 7.5 % sits far from PC-CF's typical 2.1 (z 36.4). Is it what the page prints for this product, property, unit and conditions? Give a class: real, wrong-value, wrong-unit, wrong-property, wrong-condition, implausible (the page prints what cannot be) or variant (the product is a special formulation its material does not describe).",value
T00638,4,value-check,1,measurements,V007891,,Izod impact strength,G024-14,SIDDAMENT PETG Carbon Fiber,S-PCGF-PETG-Carbon-Fiber-TDS-Siddament,45f862e736e3c18ad348f144f9c2a47d618dfa4dd8895001086de0c56b6cdc0c,.cache/sources/by-sha/45f862e736e3c18ad348f144f9c2a47d618dfa4dd8895001086de0c56b6cdc0c.pdf,1,p. 1: Notched Impact Strength ISO 180 kJ/m2,20 kJ/m2 · Notched · specimen: Not published (do not assume printed),"Izod impact strength 20 kJ/m² sits far from PETG-CF's typical 4.3 (z 35.3). Is it what the page prints for this product, property, unit and conditions? Give a class: real, wrong-value, wrong-unit, wrong-property, wrong-condition, implausible (the page prints what cannot be) or variant (the product is a special formulation its material does not describe).",value
T00639,4,value-check,1,measurements,V004910,,Elongation at break,G015-03,Eryone Galaxy PLA,R-ERYONE-eryone-galaxy-pla-tds,6084c099f9f4f1ebf9817421619bd99865d73d75d059d6e9684e0adb1f84fc78,.cache/sources/by-sha/6084c099f9f4f1ebf9817421619bd99865d73d75d059d6e9684e0adb1f84fc78.pdf,2,p. 2: Elongation at break X-Y 50mm/min GB/T 1040.4 %,2.1 % · XY · specimen: Printed specimen,"Elongation at break 2.1 % sits far from PLA Galaxy's typical 16 (z -31.3). Is it what the page prints for this product, property, unit and conditions? Give a class: real, wrong-value, wrong-unit, wrong-property, wrong-condition, implausible (the page prints what cannot be) or variant (the product is a special formulation its material does not describe).",value
T00640,4,value-check,1,measurements,V009757,,Density,G012-06,FormFutura StoneFil,S-PET-TDS-StoneFil,958cca7dd960bf3681038bb4fc77d3363d1bb34d1fcc85a7c77cc4ac5dc4cdcf,.cache/sources/by-sha/958cca7dd960bf3681038bb4fc77d3363d1bb34d1fcc85a7c77cc4ac5dc4cdcf.pdf,1,p. 1: Specific gravity,1.7 g/cc · specimen: Not published (density specimen form not explicitly established),"Density 1700 kg/m³ sits far from PLA Marble's typical 1250 (z 30.4). Is it what the page prints for this product, property, unit and conditions? Give a class: real, wrong-value, wrong-unit, wrong-property, wrong-condition, implausible (the page prints what cannot be) or variant (the product is a special formulation its material does not describe).",value
T00641,4,value-check,1,measurements,V010164,,Density,G001-176,Polymaker PolyWood,S-POLYCN-PolyWood-TDS-V5-1,6be71ddce3cf5286ba963cd35e8838a19c52dc0ea7f7aecd47967d1cefdbebd4,.cache/sources/by-sha/6be71ddce3cf5286ba963cd35e8838a19c52dc0ea7f7aecd47967d1cefdbebd4.pdf,2,"p. 2: Density ISO1183, GB/T1033",0.8 g/cm3 · specimen: Not published (density specimen form not explicitly established),"Density 800 kg/m³ sits far from PLA's typical 1240 (z -29.7). Is it what the page prints for this product, property, unit and conditions? Give a class: real, wrong-value, wrong-unit, wrong-property, wrong-condition, implausible (the page prints what cannot be) or variant (the product is a special formulation its material does not describe).",yes
T00642,4,value-check,1,measurements,V009217,,Density,G001-135,Nanovia PLA XRS,R-NANOVIA-PLA-XRS,56275aa8974fbc9cc6b3c3f9d6b9bab5119747e2ed77edc8cde0c208c4b66b86,.cache/sources/by-sha/56275aa8974fbc9cc6b3c3f9d6b9bab5119747e2ed77edc8cde0c208c4b66b86.html,1,p. 1: Density,1.66 g/cm3 · specimen: Not published (density specimen form not explicitly established),"Density 1660 kg/m³ sits far from PLA's typical 1240 (z 28.3). Is it what the page prints for this product, property, unit and conditions? Give a class: real, wrong-value, wrong-unit, wrong-property, wrong-condition, implausible (the page prints what cannot be) or variant (the product is a special formulation its material does not describe).",value
T00643,4,value-check,1,measurements,V005853,,HDT,G001-58,colorFabb PLA-HP,R-COLORFABB-TDS-E-ColorFabb-PLA-HP-7a500b,7a500b54d01016b4b93c5953a66f2c2c969ddb870b8f4b17091540207866444e,.cache/sources/by-sha/7a500b54d01016b4b93c5953a66f2c2c969ddb870b8f4b17091540207866444e.pdf,1,"p. 1: Heat Deflection Temp.* HDT-B, ISO 75",135 °C · specimen: Printed specimen,"HDT 135 °C sits far from PLA's typical 53.89 (z 26.1). Is it what the page prints for this product, property, unit and conditions? Give a class: real, wrong-value, wrong-unit, wrong-property, wrong-condition, implausible (the page prints what cannot be) or variant (the product is a special formulation its material does not describe).",yes
T00644,4,value-check,1,measurements,V007888,,Elongation at break,G024-14,SIDDAMENT PETG Carbon Fiber,S-PCGF-PETG-Carbon-Fiber-TDS-Siddament,45f862e736e3c18ad348f144f9c2a47d618dfa4dd8895001086de0c56b6cdc0c,.cache/sources/by-sha/45f862e736e3c18ad348f144f9c2a47d618dfa4dd8895001086de0c56b6cdc0c.pdf,1,p. 1: Elongation at Break ISO 527 %,30 % · Unstated · specimen: Not published (do not assume printed),"Elongation at break 30 % sits far from PETG-CF's typical 4 (z 17.5). Is it what the page prints for this product, property, unit and conditions? Give a class: real, wrong-value, wrong-unit, wrong-property, wrong-condition, implausible (the page prints what cannot be) or variant (the product is a special formulation its material does not describe).",value
T00645,4,value-check,1,measurements,V009775,,Density,G011-09,FormFutura MetalFil - Ancient Bronze,S-PET-TDS-MetalFil-Ancient-Bronze,a444ab79bfb3715d761863d5e32722c16662e06885bb17eaf59c1dbcbb1f0319,.cache/sources/by-sha/a444ab79bfb3715d761863d5e32722c16662e06885bb17eaf59c1dbcbb1f0319.pdf,1,p. 1: Specific gravity,3.5 g/cc · specimen: Not published (density specimen form not explicitly established),"Density 3500 kg/m³ sits far from PLA Metal's typical 2330 (z 15.8). Is it what the page prints for this product, property, unit and conditions? Give a class: real, wrong-value, wrong-unit, wrong-property, wrong-condition, implausible (the page prints what cannot be) or variant (the product is a special formulation its material does not describe).",value
T00646,4,value-check,1,measurements,V005875,,Elongation at break,G020-27,colorFabb PETG Economy,R-COLORFABB-TDS-E-ColorFabb-PETG-Economy,844e73e949d4024f5b8fcd016a7acc98893971d0b923a6f6ae200225b7a18f61,.cache/sources/by-sha/844e73e949d4024f5b8fcd016a7acc98893971d0b923a6f6ae200225b7a18f61.pdf,1,"p. 1: Elongation at break Tensile, ISO 527-1A",90 % · XY · specimen: Printed specimen,"Elongation at break 90 % sits far from PETG's typical 8.4 (z 15.3). Is it what the page prints for this product, property, unit and conditions? Give a class: real, wrong-value, wrong-unit, wrong-property, wrong-condition, implausible (the page prints what cannot be) or variant (the product is a special formulation its material does not describe).",yes
T00647,4,value-check,1,measurements,V009776,,Charpy strength,G011-09,FormFutura MetalFil - Ancient Bronze,S-PET-TDS-MetalFil-Ancient-Bronze,a444ab79bfb3715d761863d5e32722c16662e06885bb17eaf59c1dbcbb1f0319,.cache/sources/by-sha/a444ab79bfb3715d761863d5e32722c16662e06885bb17eaf59c1dbcbb1f0319.pdf,1,p. 1: Impact strength,11.3 KJ/m² · Notched · specimen: Not published (do not assume printed),"Charpy strength 11.3 kJ/m² sits far from PLA Metal's typical 3.65 (z 14.7). Is it what the page prints for this product, property, unit and conditions? Give a class: real, wrong-value, wrong-unit, wrong-property, wrong-condition, implausible (the page prints what cannot be) or variant (the product is a special formulation its material does not describe).",value
T00648,4,value-check,1,measurements,V009638,,Density,G011-08,FormFutura MetalFil - Classic Copper,S-PET-TDS-MetalFil-Classic-Copper,5c26661ff2070d288c5fb0173b34c99941e749730f7c1b94c4a22dcca0044540,.cache/sources/by-sha/5c26661ff2070d288c5fb0173b34c99941e749730f7c1b94c4a22dcca0044540.pdf,1,p. 1: Specific gravity,3.4 g/cc · specimen: Not published (density specimen form not explicitly established),"Density 3400 kg/m³ sits far from PLA Metal's typical 2330 (z 14.4). Is it what the page prints for this product, property, unit and conditions? Give a class: real, wrong-value, wrong-unit, wrong-property, wrong-condition, implausible (the page prints what cannot be) or variant (the product is a special formulation its material does not describe).",value
T00649,4,value-check,1,measurements,V000133,,Tensile strength (endpoint unspecified),G007-01,Bambu Lab PLA Translucent,B-pla-translucent-TDS,9a0d6356bb2c0839e1586c256e8b38b2f69dd60b86ae044607af19a72e3e379b,.cache/sources/by-sha/9a0d6356bb2c0839e1586c256e8b38b2f69dd60b86ae044607af19a72e3e379b.pdf,2,p. 2: Tensile Strength (X-Y),55.4 ± 5 MPa · XY · specimen: Printed specimen,"Tensile strength (endpoint unspecified) 55.4 MPa sits far from PLA's typical 35 (z 13.8). Is it what the page prints for this product, property, unit and conditions? Give a class: real, wrong-value, wrong-unit, wrong-property, wrong-condition, implausible (the page prints what cannot be) or variant (the product is a special formulation its material does not describe).",value
T00650,4,value-check,1,measurements,V006821,,Elongation at break,G027-24,Raise3D Hyper Speed ABS,D-RAISE3D-Raise3D-Hyper-Speed-ABS-Filament-TDS-V2-0,4abc8d46bed95a966e54df809d2931ef328f7c3dc84a6888579753906517895b,.cache/sources/by-sha/4abc8d46bed95a966e54df809d2931ef328f7c3dc84a6888579753906517895b.pdf,1,p. 1: Elongation at break (X-Y) ISO 527,40 ± 3 % · XY · specimen: Printed specimen,"Elongation at break 40 % sits far from ABS's typical 10 (z 13.5). Is it what the page prints for this product, property, unit and conditions? Give a class: real, wrong-value, wrong-unit, wrong-property, wrong-condition, implausible (the page prints what cannot be) or variant (the product is a special formulation its material does not describe).",value
T00651,4,value-check,1,measurements,V010602,,Density,G001-184,Recreus PLA Purifier,R-RECREUS-PLA-Purifier,55380571f49b9d20227e381f6bf2987aee1555655a29b774b9eae1eaa32f3e85,.cache/sources/by-sha/55380571f49b9d20227e381f6bf2987aee1555655a29b774b9eae1eaa32f3e85.pdf,1,p. 1: Material density,"1,42 g/cm3 · specimen: Not published (density specimen form not explicitly established)","Density 1420 kg/m³ sits far from PLA's typical 1240 (z 12.1). Is it what the page prints for this product, property, unit and conditions? Give a class: real, wrong-value, wrong-unit, wrong-property, wrong-condition, implausible (the page prints what cannot be) or variant (the product is a special formulation its material does not describe).",value
T00652,4,value-check,1,measurements,V009774,,Elongation at break,G001-164,FormFutura Volcano PLA,S-PET-TDS-Volcano-PLA,a1e6461d1c7eee51ee6685252b39a3d81ae7c8d715638c032bb61678ba6b2c87,.cache/sources/by-sha/a1e6461d1c7eee51ee6685252b39a3d81ae7c8d715638c032bb61678ba6b2c87.pdf,1,p. 1: Elongation at break,58 % · Unstated · specimen: Not published (do not assume printed),"Elongation at break 58 % sits far from PLA's typical 6 (z 11.7). Is it what the page prints for this product, property, unit and conditions? Give a class: real, wrong-value, wrong-unit, wrong-property, wrong-condition, implausible (the page prints what cannot be) or variant (the product is a special formulation its material does not describe).",value
T00653,4,value-check,1,measurements,V010211,,HDT,G001-178,3DXTECH SimuBone Bone Simulation,X-ECOMAX-SimuBone-TDS-v1,86550a71a6183cd4111d36c505a3e9720f100db938dd996b47bf9aff94f82047,.cache/sources/by-sha/86550a71a6183cd4111d36c505a3e9720f100db938dd996b47bf9aff94f82047.pdf,1,p. 1: Deflection Temperature at 0.45 ISO 75 °C,89 °C · specimen: Printed specimen,"HDT 89 °C sits far from PLA's typical 53.89 (z 11.3). Is it what the page prints for this product, property, unit and conditions? Give a class: real, wrong-value, wrong-unit, wrong-property, wrong-condition, implausible (the page prints what cannot be) or variant (the product is a special formulation its material does not describe).",yes
T00654,4,value-check,1,measurements,V004567,,Glass transition temperature,G027-13,SUNLU ABS,R-SUNLU-499dacc6-a1e4-4f81-b1ae-8bf1b8e424ec,4aeab9573571c5a150fa5cab17b2f4908da369ba66dd7f0969780402dffc31c3,.cache/sources/by-sha/4aeab9573571c5a150fa5cab17b2f4908da369ba66dd7f0969780402dffc31c3.pdf,1,p. 1: Glass Transition (Tg) ISO 11357-2 10 ℃/min ℃,109 ℃ · specimen: Printed specimen,"Glass transition temperature 109 °C sits far from ABS's typical 105.22999999999999 (z 11.1). Is it what the page prints for this product, property, unit and conditions? Give a class: real, wrong-value, wrong-unit, wrong-property, wrong-condition, implausible (the page prints what cannot be) or variant (the product is a special formulation its material does not describe).",value
T00655,4,value-check,1,measurements,V009639,,Charpy strength,G011-08,FormFutura MetalFil - Classic Copper,S-PET-TDS-MetalFil-Classic-Copper,5c26661ff2070d288c5fb0173b34c99941e749730f7c1b94c4a22dcca0044540,.cache/sources/by-sha/5c26661ff2070d288c5fb0173b34c99941e749730f7c1b94c4a22dcca0044540.pdf,1,p. 1: Impact strength,9.3 KJ/m² · Notched · specimen: Not published (do not assume printed),"Charpy strength 9.3 kJ/m² sits far from PLA Metal's typical 3.65 (z 10.9). Is it what the page prints for this product, property, unit and conditions? Give a class: real, wrong-value, wrong-unit, wrong-property, wrong-condition, implausible (the page prints what cannot be) or variant (the product is a special formulation its material does not describe).",value
T00656,4,value-check,1,measurements,V009182,,Density,G013-04,eSUN Twinkling,S-PEBA-eSUN-Twinkling-Filament-TDS-V4-0,37e1bc7f692d8d088c525b2eed20fccf7bef55cc7f441b9b53357c50a9bba92f,.cache/sources/by-sha/37e1bc7f692d8d088c525b2eed20fccf7bef55cc7f441b9b53357c50a9bba92f.pdf,1,p. 1: Density GB/T 1033,1.41 g/cm3 · specimen: Not published (density specimen form not explicitly established),"Density 1410 kg/m³ sits far from PLA Sparkle's typical 1250 (z 10.8). Is it what the page prints for this product, property, unit and conditions? Give a class: real, wrong-value, wrong-unit, wrong-property, wrong-condition, implausible (the page prints what cannot be) or variant (the product is a special formulation its material does not describe).",value
T00657,4,value-check,1,measurements,V009298,,Density,G001-140,Eryone PLA-Lite,R-ERYONE-eryone-pla-lite-tds,f7e7b53b1f27cfe55b4f6303d9b7d75e359e046b8cbc11607b6e030077151da7,.cache/sources/by-sha/f7e7b53b1f27cfe55b4f6303d9b7d75e359e046b8cbc11607b6e030077151da7.pdf,1,"p. 1: Density(g/cm³ at 21.5 ° C) ASTM D792 (ISO 1183, GB/T 1033) g/cm³",1.4 g/cm³ · specimen: Not published (density specimen form not explicitly established),"Density 1400 kg/m³ sits far from PLA's typical 1240 (z 10.8). Is it what the page prints for this product, property, unit and conditions? Give a class: real, wrong-value, wrong-unit, wrong-property, wrong-condition, implausible (the page prints what cannot be) or variant (the product is a special formulation its material does not describe).",value
T00658,4,value-check,1,measurements,V010190,,Density,G001-177,3D4Makers Facilan C8,R-3D4MAKERS-TDS-Facilan-C8-Filament-v1-4,7a18626545a62a8a0bc874215fe78d83e810a4c80617110564a0b262d020a43b,.cache/sources/by-sha/7a18626545a62a8a0bc874215fe78d83e810a4c80617110564a0b262d020a43b.pdf,1,p. 1: Density,1.4 g/cm³ · specimen: Not published (density specimen form not explicitly established),"Density 1400 kg/m³ sits far from PLA's typical 1240 (z 10.8). Is it what the page prints for this product, property, unit and conditions? Give a class: real, wrong-value, wrong-unit, wrong-property, wrong-condition, implausible (the page prints what cannot be) or variant (the product is a special formulation its material does not describe).",value
T00659,4,value-check,1,measurements,V014132,,Elongation at break,G020-74,Spectrum PET-G FX120,S-SPECTRUM-en-tds-spectrum-petg-fx120,ed8130f303937d34e0ba0f25ac1ea375d7eadec90857047611c94346e37051da,.cache/sources/by-sha/ed8130f303937d34e0ba0f25ac1ea375d7eadec90857047611c94346e37051da.pdf,1,p. 1: Elongation @ Break,"400,00% · Unstated · specimen: Not published (do not assume printed)","Elongation at break 400 % sits far from PETG's typical 31 (z 10.6). Is it what the page prints for this product, property, unit and conditions? Give a class: real, wrong-value, wrong-unit, wrong-property, wrong-condition, implausible (the page prints what cannot be) or variant (the product is a special formulation its material does not describe).",value
T00660,4,value-check,1,measurements,V009223,,Density,G082-10,Fiberlogy PP,R-FIBERLOGY-FIBERLOGY-PP-TDS,78ed9dff8a41bec17280b0f50ab7aa026405cbfcdebe9cb8068fa3aae74e64a9,.cache/sources/by-sha/78ed9dff8a41bec17280b0f50ab7aa026405cbfcdebe9cb8068fa3aae74e64a9.pdf,1,p. 1: Specific Density ISO 1183 g/cm3,1.05 g/cm3 · specimen: Not published (density specimen form not explicitly established),"Density 1050 kg/m³ sits far from PP's typical 900 (z 10.1). Is it what the page prints for this product, property, unit and conditions? Give a class: real, wrong-value, wrong-unit, wrong-property, wrong-condition, implausible (the page prints what cannot be) or variant (the product is a special formulation its material does not describe).",value
T00661,4,value-check,1,measurements,V010415,,Density,G082-12,FormFutura Pegasus PP,S-PET-TDS-Pegasus-PP-GF,faa0c421d46bc4149130820f46ac8501e0e14843ff2fe7898a66a33c6083126c,.cache/sources/by-sha/faa0c421d46bc4149130820f46ac8501e0e14843ff2fe7898a66a33c6083126c.pdf,1,p. 1: Specific gravity,0.75 g/cc · specimen: Not published (density specimen form not explicitly established),"Density 750 kg/m³ sits far from PP's typical 900 (z -10.1). Is it what the page prints for this product, property, unit and conditions? Give a class: real, wrong-value, wrong-unit, wrong-property, wrong-condition, implausible (the page prints what cannot be) or variant (the product is a special formulation its material does not describe).",value
T00662,4,value-check,1,measurements,V012181,,Density,G082-13,Fiberlogy R PP,D-FIBERLOGY-RPP-FILAMENT-PAGE,46acf14101059dc75f54e40d1185d90055f9a8e090f138cdc8be936dca56bd96,.cache/sources/by-sha/46acf14101059dc75f54e40d1185d90055f9a8e090f138cdc8be936dca56bd96.html,1,p. 1: Density,1.05 g/cm³ · specimen: Not published (density specimen form not explicitly established),"Density 1050 kg/m³ sits far from PP's typical 900 (z 10.1). Is it what the page prints for this product, property, unit and conditions? Give a class: real, wrong-value, wrong-unit, wrong-property, wrong-condition, implausible (the page prints what cannot be) or variant (the product is a special formulation its material does not describe).",value
T00663,4,value-check,1,measurements,V000726,,HDT,G037-01,3DXTECH CarbonX CF PC,X-CarbonX-CF-PC-TDSv3,7c382ac00a0cde95a77e55e1a18dc54dadf872fcf9fa151e516dc3e80e139579,.cache/sources/by-sha/7c382ac00a0cde95a77e55e1a18dc54dadf872fcf9fa151e516dc3e80e139579.pdf,1,p. 1: Deflection Temperature at 0.45,135 · specimen: Printed specimen,"HDT 135 °C sits far from PC-CF's typical 120 (z 10.1). Is it what the page prints for this product, property, unit and conditions? Give a class: real, wrong-value, wrong-unit, wrong-property, wrong-condition, implausible (the page prints what cannot be) or variant (the product is a special formulation its material does not describe).",yes
T00664,4,value-check,1,measurements,V013432,,Glass transition temperature,G014-08,Nanovia PLA Wood,R-NANOVIA-PLA-Wood,641bf987cbf0e254afab6e2058cdf82cbb8c26380e533486c79fbbbfb730a65d,.cache/sources/by-sha/641bf987cbf0e254afab6e2058cdf82cbb8c26380e533486c79fbbbfb730a65d.html,1,p. 1: Tg,52 °C · specimen: Not published (do not assume printed),"Glass transition temperature 52 °C sits far from PLA Wood's typical 59.5 (z -10.1). Is it what the page prints for this product, property, unit and conditions? Give a class: real, wrong-value, wrong-unit, wrong-property, wrong-condition, implausible (the page prints what cannot be) or variant (the product is a special formulation its material does not describe).",value
T00665,4,value-check,1,measurements,V011864,,Elongation at break,G008-33,AzureFilm SILK,R-3DJAKE-SILK-TDS-4,a66a527ae4747bbf30cde337db3b65618ede34bd970394e43a1ea27d1c2b2e4e,.cache/sources/by-sha/a66a527ae4747bbf30cde337db3b65618ede34bd970394e43a1ea27d1c2b2e4e.pdf,1,p. 1: Strain at break (Tensile) [%],"4,2 % · Unstated · specimen: Printed specimen","Elongation at break 4.2 % sits far from PLA Silk's typical 44.554 (z -9.9). Is it what the page prints for this product, property, unit and conditions? Give a class: real, wrong-value, wrong-unit, wrong-property, wrong-condition, implausible (the page prints what cannot be) or variant (the product is a special formulation its material does not describe).",value
T00666,4,value-check,1,measurements,V005819,,Glass transition temperature,G039-25,colorFabb varioShore TPU,R-COLORFABB-colorFabb-VarioShore-TPU-TDS,5eed6a625b56f39b9859185c198aa8e4d95c0c01aff95ec21196ff779c64508f,.cache/sources/by-sha/5eed6a625b56f39b9859185c198aa8e4d95c0c01aff95ec21196ff779c64508f.pdf,1,p. 1: Glass transition temperature °C,-20 °C · specimen: Not published (do not assume printed),"Glass transition temperature -20 °C sits far from TPU 90A class's typical 50 (z -9.4). Is it what the page prints for this product, property, unit and conditions? Give a class: real, wrong-value, wrong-unit, wrong-property, wrong-condition, implausible (the page prints what cannot be) or variant (the product is a special formulation its material does not describe).",value
T00667,4,value-check,1,measurements,V011243,,Density,G170-01,Fabru Thermoplastic styrene block copolymer elastomer (TPS),R-FABRU-10204-material-data-sheet-TPS-40D-purefil,816a9fd4471262799ca36c78a629e6e783d48cdb96c56835c7b9777235e99371,.cache/sources/by-sha/816a9fd4471262799ca36c78a629e6e783d48cdb96c56835c7b9777235e99371.pdf,1,p. 1: Density (ISO 1183 1A),1.22 g/cm3 · specimen: Not published (density specimen form not explicitly established),"Density 1220 kg/m³ sits far from TPS's typical 1150 (z 9.4). Is it what the page prints for this product, property, unit and conditions? Give a class: real, wrong-value, wrong-unit, wrong-property, wrong-condition, implausible (the page prints what cannot be) or variant (the product is a special formulation its material does not describe).",value
T00668,4,value-check,1,measurements,V013801,,Glass transition temperature,G020-44,QIDI PETG RAPIDO,R-QIDI-PETG-RAPIDO,78b504c9ece52075ed90cb3c51b6579a9ef17ccc497db786944d2d694aee0a8d,.cache/sources/by-sha/78b504c9ece52075ed90cb3c51b6579a9ef17ccc497db786944d2d694aee0a8d.pdf,3,p. 3: GlassTransition Temperature,~66℃ · specimen: Not published (do not assume printed),"Glass transition temperature 66 °C sits far from PETG's typical 80 (z -9.4). Is it what the page prints for this product, property, unit and conditions? Give a class: real, wrong-value, wrong-unit, wrong-property, wrong-condition, implausible (the page prints what cannot be) or variant (the product is a special formulation its material does not describe).",value
T00669,4,value-check,1,measurements,V009762,,Elongation at break,G012-06,FormFutura StoneFil,S-PET-TDS-StoneFil,958cca7dd960bf3681038bb4fc77d3363d1bb34d1fcc85a7c77cc4ac5dc4cdcf,.cache/sources/by-sha/958cca7dd960bf3681038bb4fc77d3363d1bb34d1fcc85a7c77cc4ac5dc4cdcf.pdf,1,p. 1: Elongation at break,33 % · Unstated · specimen: Not published (do not assume printed),"Elongation at break 33 % sits far from PLA Marble's typical 6 (z 9.1). Is it what the page prints for this product, property, unit and conditions? Give a class: real, wrong-value, wrong-unit, wrong-property, wrong-condition, implausible (the page prints what cannot be) or variant (the product is a special formulation its material does not describe).",value
T00670,4,value-check,1,measurements,V009330,,Elongation at break,G001-154,Markforged Precise PLA,R-MARKFORGED-Precise-PLA-TDS-REV-3-11-22,a93572fa4b5b3e680184ee22060b37592b4842f6c70caf7258f2be7d0926690e,.cache/sources/by-sha/a93572fa4b5b3e680184ee22060b37592b4842f6c70caf7258f2be7d0926690e.pdf,1,p. 1: Tensile Strain at Break,27 · Unstated · specimen: Printed specimen,"Elongation at break 27 % sits far from PLA's typical 4.1 (z 8.8). Is it what the page prints for this product, property, unit and conditions? Give a class: real, wrong-value, wrong-unit, wrong-property, wrong-condition, implausible (the page prints what cannot be) or variant (the product is a special formulation its material does not describe).",value
T00671,4,value-check,1,measurements,V002600,,HDT,G070-03,Siraya Tech Fibreheart PPA-CF Core,D-SIRAYA-Fibreheart-PPA-CF-Core-TDS,bc1acc67abe5686d16c9367a12ca3fcb256cc7d3f7a7c56d4242f7eb4e0f9a4d,.cache/sources/by-sha/bc1acc67abe5686d16c9367a12ca3fcb256cc7d3f7a7c56d4242f7eb4e0f9a4d.pdf,3,"p. 3: Other Properties, HDT, Method B at 0.45 MPa, Unannealed",97 · specimen: Not published (do not assume printed),"HDT 97 °C sits far from PPA-CF's typical 84.25 (z 8.6). Is it what the page prints for this product, property, unit and conditions? Give a class: real, wrong-value, wrong-unit, wrong-property, wrong-condition, implausible (the page prints what cannot be) or variant (the product is a special formulation its material does not describe).",yes
T00672,4,value-check,1,measurements,V012730,,Elongation at break,G039-25,colorFabb varioShore TPU,R-COLORFABB-TDS-varioShore-Prosthetic-TPU,92ae18d0032f91d5f3ca0d1be7998e0d23348c447b8c1a886903ab3274380b1e,.cache/sources/by-sha/92ae18d0032f91d5f3ca0d1be7998e0d23348c447b8c1a886903ab3274380b1e.pdf,1,p. 1: Elongation at break (XY; Mechanical Properties – 3D Printed; 465 %),465 % · XY · specimen: Printed specimen,"Elongation at break 465 % sits far from TPU 90A class's typical 580.3499999999999 (z -8.5). Is it what the page prints for this product, property, unit and conditions? Give a class: real, wrong-value, wrong-unit, wrong-property, wrong-condition, implausible (the page prints what cannot be) or variant (the product is a special formulation its material does not describe).",value
T00673,4,value-check,1,measurements,V004593,,Glass transition temperature,G051-06,SUNLU PA6-GF,R-SUNLU-e5f16b43-cef6-4f3e-ad93-3cc86f93f7e4,54370666a35ca1f3fa4b57e8f401e7b8a02be73663391fddee7c820a81fdc419,.cache/sources/by-sha/54370666a35ca1f3fa4b57e8f401e7b8a02be73663391fddee7c820a81fdc419.pdf,1,p. 1: Glass Transition (Tg) ISO 11357-2 10 ℃/min ℃,65 ℃ · specimen: Printed specimen,"Glass transition temperature 65 °C sits far from PA6-GF's typical 70 (z -8.4). Is it what the page prints for this product, property, unit and conditions? Give a class: real, wrong-value, wrong-unit, wrong-property, wrong-condition, implausible (the page prints what cannot be) or variant (the product is a special formulation its material does not describe).",value
T00674,4,value-check,1,measurements,V003212,,HDT,G001-18,3DXTECH ECOMAX Tough PLA,X-ECOMAX-ECOMAX-Tough-PLA-TDS-v1,57234e686be8dd59257761560e63b3ca10735105826d47a960426cd595d9cc5a,.cache/sources/by-sha/57234e686be8dd59257761560e63b3ca10735105826d47a960426cd595d9cc5a.pdf,1,p. 1: Deflection Temperature at 0.45 ISO 75 °C,80 °C · specimen: Printed specimen,"HDT 80 °C sits far from PLA's typical 53.89 (z 8.4). Is it what the page prints for this product, property, unit and conditions? Give a class: real, wrong-value, wrong-unit, wrong-property, wrong-condition, implausible (the page prints what cannot be) or variant (the product is a special formulation its material does not describe).",yes
T00675,4,value-check,1,measurements,V010203,,Elongation at break,G053-15,MatterHackers Carbon Fiber Nylon,R-MATTERHACKERS-5lDr5K,7f21e8cf8dd591fd9f827d0cfd66cf476fe396838a5a20a0960f6d8e1239e84e,.cache/sources/by-sha/7f21e8cf8dd591fd9f827d0cfd66cf476fe396838a5a20a0960f6d8e1239e84e.pdf,1,p. 1: Tensile Elongation,8.1 · Unstated · specimen: Not published (do not assume printed),"Elongation at break 8.1 % sits far from PA12-CF's typical 5 (z 8.4). Is it what the page prints for this product, property, unit and conditions? Give a class: real, wrong-value, wrong-unit, wrong-property, wrong-condition, implausible (the page prints what cannot be) or variant (the product is a special formulation its material does not describe).",value
T00676,4,value-check,1,measurements,V004368,,Density,G001-36,SUNLU PLA Lite,R-SUNLU-bbf6d99b-179f-4eee-a7d6-505d125658cd,026956efec70960e88eac19c404dc5029f35388eed3dafb26638abc4f0378cd5,.cache/sources/by-sha/026956efec70960e88eac19c404dc5029f35388eed3dafb26638abc4f0378cd5.pdf,1,p. 1: Density ISO 1183 23℃ g/cm3,1.36 g/cm3 · specimen: Not published (density specimen form not explicitly established),"Density 1360 kg/m³ sits far from PLA's typical 1240 (z 8.1). Is it what the page prints for this product, property, unit and conditions? Give a class: real, wrong-value, wrong-unit, wrong-property, wrong-condition, implausible (the page prints what cannot be) or variant (the product is a special formulation its material does not describe).",value
T00677,4,value-check,1,measurements,V004628,,Density,G075-02,SUNLU PVA,R-SUNLU-6f3c0e89-fa56-46b2-ab3d-601ee6b70cf9,77202ef641ffa9bb13da230edf742c59f7eea3bff115829ba9f0b98917e63452,.cache/sources/by-sha/77202ef641ffa9bb13da230edf742c59f7eea3bff115829ba9f0b98917e63452.pdf,1,p. 1: Density ISO 1183 23℃ g/cm3,1.01-1.28 g/cm3 · specimen: Not published (density specimen form not explicitly established),"Density 1010 kg/m³ sits far from PVA's typical 1250 (z -8.1). Is it what the page prints for this product, property, unit and conditions? Give a class: real, wrong-value, wrong-unit, wrong-property, wrong-condition, implausible (the page prints what cannot be) or variant (the product is a special formulation its material does not describe).",value
T00678,4,value-check,1,measurements,V009636,,Tensile modulus,G014-13,FormFutura EasyCork,S-PET-TDS-EasyCork,50dd63426bd646d7aec4ba22f9c0369624acdf38183c9d7e539d2731dde51b8f,.cache/sources/by-sha/50dd63426bd646d7aec4ba22f9c0369624acdf38183c9d7e539d2731dde51b8f.pdf,1,p. 1: Tensile modulus,1050 Mpa · Unstated · specimen: Not published (do not assume printed),"Tensile modulus 1.05 GPa sits far from PLA Wood's typical 3.05 (z -7.9). Is it what the page prints for this product, property, unit and conditions? Give a class: real, wrong-value, wrong-unit, wrong-property, wrong-condition, implausible (the page prints what cannot be) or variant (the product is a special formulation its material does not describe).",value
T00679,4,value-check,1,measurements,V012497,,Tensile break strength,G030-04,3D4Makers ABSESD,R-3D4MAKERS-TDS-ABS-ESD-3D4Makers,40caac6eabbc567820d151a347c7428d06b37672b38c655b3842bc0c95bef6e1,.cache/sources/by-sha/40caac6eabbc567820d151a347c7428d06b37672b38c655b3842bc0c95bef6e1.pdf,1,p. 1: Tensile Stress at Break,19.8 MPa · Unstated · specimen: Not published (do not assume printed),"Tensile break strength 19.8 MPa sits far from ABS-ESD's typical 55 (z -7.9). Is it what the page prints for this product, property, unit and conditions? Give a class: real, wrong-value, wrong-unit, wrong-property, wrong-condition, implausible (the page prints what cannot be) or variant (the product is a special formulation its material does not describe).",value
T00680,4,value-check,1,measurements,V007204,,HDT,G053-11,BigRep PA12 CF,R-BIGREP-EWGmERRaxthJq-JOsmzhLY0BOTiqFYed5n0DaVMe-iZ1cQ,b7412d0527fdaf72b1fcf846ac79d483667d779e6c67a9fd9d6f13e7e02e5052,.cache/sources/by-sha/b7412d0527fdaf72b1fcf846ac79d483667d779e6c67a9fd9d6f13e7e02e5052.pdf,1,p. 1: HDT B - 0.45 MPa (ISO 75),48 °C · specimen: Not published (do not assume printed),"HDT 48 °C sits far from PA12-CF's typical 160 (z -7.6). Is it what the page prints for this product, property, unit and conditions? Give a class: real, wrong-value, wrong-unit, wrong-property, wrong-condition, implausible (the page prints what cannot be) or variant (the product is a special formulation its material does not describe).",value
T00681,4,value-check,1,measurements,V013815,,Tensile strength (endpoint unspecified),G029-09,Raise3D Hyper Core ABS CF15,D-RAISE3D-Raise3D-Hyper-Core-ABS-CF15-TDS-V1-0,d1248ddbd3308f4322876284d2c7c1dd7479dbea10d64069d8ac44aa2d8efa02,.cache/sources/by-sha/d1248ddbd3308f4322876284d2c7c1dd7479dbea10d64069d8ac44aa2d8efa02.pdf,1,p. 1: Tensile strength (MPa) (XY),48 ± 3 · XY · specimen: Printed specimen,"Tensile strength (endpoint unspecified) 48 MPa sits far from ABS-CF's typical 29 (z 7.5). Is it what the page prints for this product, property, unit and conditions? Give a class: real, wrong-value, wrong-unit, wrong-property, wrong-condition, implausible (the page prints what cannot be) or variant (the product is a special formulation its material does not describe).",value
T00682,4,value-check,1,measurements,V000425,,Glass transition temperature,G021-01,Bambu Lab PETG Basic,B-petg-basic-TDS,fc23b725a4632bd931f28d0076461180e0ba87b7c2ddb6b1f16478ad5c5db6c6,.cache/sources/by-sha/fc23b725a4632bd931f28d0076461180e0ba87b7c2ddb6b1f16478ad5c5db6c6.pdf,2,p. 2: Glass Transition Temperature,69 °C · specimen: Printed specimen,"Glass transition temperature 69 °C sits far from PETG's typical 80 (z -7.4). Is it what the page prints for this product, property, unit and conditions? Give a class: real, wrong-value, wrong-unit, wrong-property, wrong-condition, implausible (the page prints what cannot be) or variant (the product is a special formulation its material does not describe).",value
T00683,4,value-check,1,measurements,V004428,,Density,G082-04,SUNLU PP2.0,R-SUNLU-25182761789529093884,0dfe19aea957140cb70fed1d7b242c960ab7417125668b6f3e0d674024430879,.cache/sources/by-sha/0dfe19aea957140cb70fed1d7b242c960ab7417125668b6f3e0d674024430879.pdf,1,p. 1: 密度 Density ISO 1183 23℃ g/cm3,1.01 g/cm3 · specimen: Not published (density specimen form not explicitly established),"Density 1010 kg/m³ sits far from PP's typical 900 (z 7.4). Is it what the page prints for this product, property, unit and conditions? Give a class: real, wrong-value, wrong-unit, wrong-property, wrong-condition, implausible (the page prints what cannot be) or variant (the product is a special formulation its material does not describe).",value
T00684,4,value-check,1,measurements,V009261,,Density,G049-08,Nanovia PA Rail,R-NANOVIA-PA-Rail-ac7021,ac702185c1a0afcfd20c7989fa22ed50119cee01f67d53c612a5ae9eee6efa8c,.cache/sources/by-sha/ac702185c1a0afcfd20c7989fa22ed50119cee01f67d53c612a5ae9eee6efa8c.html,1,p. 1: Density,1.49 g/cm3 · specimen: Not published (density specimen form not explicitly established),"Density 1490 kg/m³ sits far from PA6's typical 1165 (z 7.3). Is it what the page prints for this product, property, unit and conditions? Give a class: real, wrong-value, wrong-unit, wrong-property, wrong-condition, implausible (the page prints what cannot be) or variant (the product is a special formulation its material does not describe).",yes
T00685,4,value-check,1,measurements,V009953,,Elongation at break,G024-22,iSANMATE PETG CF,I-PLA-PETG-CF-TDS,be48b4fe93a77c92730994b3ddf4f9bf8ebb87cf54204e6e926c948f511b3085,.cache/sources/by-sha/be48b4fe93a77c92730994b3ddf4f9bf8ebb87cf54204e6e926c948f511b3085.pdf,1,p. 1: Elongation at break,14.6 % · Unstated · specimen: Not published (do not assume printed),"Elongation at break 14.6 % sits far from PETG-CF's typical 4 (z 7.1). Is it what the page prints for this product, property, unit and conditions? Give a class: real, wrong-value, wrong-unit, wrong-property, wrong-condition, implausible (the page prints what cannot be) or variant (the product is a special formulation its material does not describe).",value
T00686,4,value-check,1,measurements,V014533,,Tensile modulus,G164-11,Essentium Essentium PA,R-ESSENTIUM-Essentium-PA-TDS,83953599227035063ae445aa52a5e983d41f0a01494b3d582cce7752d91d5bb8,.cache/sources/by-sha/83953599227035063ae445aa52a5e983d41f0a01494b3d582cce7752d91d5bb8.pdf,1,"p. 1: Tensile Modulus, MPa, Print Orientation XY",1954 · XY · specimen: Printed specimen,"Tensile modulus 1.954 GPa sits far from Nylon, maker-undisclosed polyamide's typical 3 (z -7.1). Is it what the page prints for this product, property, unit and conditions? Give a class: real, wrong-value, wrong-unit, wrong-property, wrong-condition, implausible (the page prints what cannot be) or variant (the product is a special formulation its material does not describe).",value
T00687,4,value-check,1,measurements,V007327,,Tensile strength (endpoint unspecified),G039-43,Recreus 82A,R-RECREUS-FILAFLEX-Filaflex-82A,cf6e4bb54e3b0894628d46ac38e7e87466baac7836396ac08b61cc0818ea49ca,.cache/sources/by-sha/cf6e4bb54e3b0894628d46ac38e7e87466baac7836396ac08b61cc0818ea49ca.pdf,2,p. 2: Tensile strength,45 MPa · Unstated · specimen: Not published (do not assume printed),"Tensile strength (endpoint unspecified) 45 MPa sits far from TPU 85A class and softer's typical 29.5 (z 7.0). Is it what the page prints for this product, property, unit and conditions? Give a class: real, wrong-value, wrong-unit, wrong-property, wrong-condition, implausible (the page prints what cannot be) or variant (the product is a special formulation its material does not describe).",value
T00688,4,value-check,1,measurements,V009855,,Elongation at break,G008-29,iSANMATE PLA Silk Dual Color,I-PLA-PLA-Silk-Dual-Color-TDS,094c4e3774af173ac93d77333ce4c3a14fcb9af30a9ab2e1aa5eef25662adbbe,.cache/sources/by-sha/094c4e3774af173ac93d77333ce4c3a14fcb9af30a9ab2e1aa5eef25662adbbe.pdf,1,p. 1: Elongation at Break,19.35 % · Unstated · specimen: Not published (do not assume printed),"Elongation at break 19.35 % sits far from PLA Silk's typical 6.3 (z 6.8). Is it what the page prints for this product, property, unit and conditions? Give a class: real, wrong-value, wrong-unit, wrong-property, wrong-condition, implausible (the page prints what cannot be) or variant (the product is a special formulation its material does not describe).",value
T00689,4,value-check,1,measurements,V005724,,Density,G052-03,Fabru / purefil Polyamide 12 (PA12),R-FABRU-PUREFIL-3514-Material-data-sheet-PA12-purefil,eec3bd2ca6186e45a5aed5ce47267301cfb7a3c9d5aaa8c2cbceb8946579f848,.cache/sources/by-sha/eec3bd2ca6186e45a5aed5ce47267301cfb7a3c9d5aaa8c2cbceb8946579f848.pdf,1,p. 1: Density (ISO 1183),1.00 g/cm3 · specimen: Not published (density specimen form not explicitly established),"Density 1000 kg/m³ sits far from PA12's typical 1010 (z -6.7). Is it what the page prints for this product, property, unit and conditions? Give a class: real, wrong-value, wrong-unit, wrong-property, wrong-condition, implausible (the page prints what cannot be) or variant (the product is a special formulation its material does not describe).",value
T00690,4,value-check,1,measurements,V009747,,Density,G052-05,FormFutura STYX-12,S-PET-TDS-STYX-12,84d3d994e2c8b56ebf9b3f7da05e3c12ff35049e9fff0e76b10ad38d6ff32492,.cache/sources/by-sha/84d3d994e2c8b56ebf9b3f7da05e3c12ff35049e9fff0e76b10ad38d6ff32492.pdf,1,p. 1: Specific gravity,1.02 g/cc · specimen: Not published (density specimen form not explicitly established),"Density 1020 kg/m³ sits far from PA12's typical 1010 (z 6.7). Is it what the page prints for this product, property, unit and conditions? Give a class: real, wrong-value, wrong-unit, wrong-property, wrong-condition, implausible (the page prints what cannot be) or variant (the product is a special formulation its material does not describe).",value
T00691,4,value-check,1,measurements,V010484,,Tensile yield strength,G020-67,Fiberlogy PET-G VO,R-FIBERLOGY-FIBERLOGY-PETGV0-TDS,1f6b5674f733643fa092831822a66dc54a2c8d0ca07563c54dae5c16faeed988,.cache/sources/by-sha/1f6b5674f733643fa092831822a66dc54a2c8d0ca07563c54dae5c16faeed988.pdf,1,p. 1: Tensile Strength @ Yield ISO 527 MPa,40 MPa · Unstated · specimen: Not published (do not assume printed),"Tensile yield strength 40 MPa sits far from PETG's typical 50 (z -6.7). Is it what the page prints for this product, property, unit and conditions? Give a class: real, wrong-value, wrong-unit, wrong-property, wrong-condition, implausible (the page prints what cannot be) or variant (the product is a special formulation its material does not describe).",value
T00692,4,value-check,1,measurements,V013355,,Glass transition temperature,G020-72,Kingroon PETG Basic,R-3DJAKE-KINGROON-PETG-Basic-Technical-Data-Sheet-V1-0,520fb9f220323d0c582af0154e97e690f2fef9c88df5a7a5364c78f5ba0cf3f2,.cache/sources/by-sha/520fb9f220323d0c582af0154e97e690f2fef9c88df5a7a5364c78f5ba0cf3f2.pdf,2,p. 2: Glass Transition Temperature,70 °C · specimen: Not published (do not assume printed),"Glass transition temperature 70 °C sits far from PETG's typical 80 (z -6.7). Is it what the page prints for this product, property, unit and conditions? Give a class: real, wrong-value, wrong-unit, wrong-property, wrong-condition, implausible (the page prints what cannot be) or variant (the product is a special formulation its material does not describe).",value
T00693,4,value-check,1,measurements,V010605,,Elongation at break,G001-184,Recreus PLA Purifier,R-RECREUS-PLA-Purifier,55380571f49b9d20227e381f6bf2987aee1555655a29b774b9eae1eaa32f3e85,.cache/sources/by-sha/55380571f49b9d20227e381f6bf2987aee1555655a29b774b9eae1eaa32f3e85.pdf,1,p. 1: Elongation at break,36 % · Unstated · specimen: Not published (do not assume printed),"Elongation at break 36 % sits far from PLA's typical 6 (z 6.7). Is it what the page prints for this product, property, unit and conditions? Give a class: real, wrong-value, wrong-unit, wrong-property, wrong-condition, implausible (the page prints what cannot be) or variant (the product is a special formulation its material does not describe).",value
T00694,4,value-check,1,measurements,V003280,,Tensile break strength,G028-03,3DXTECH FibreX ABS+GF10 Glass Fiber ABS,X-ECOMAX-FIBREX-GF-ABS-TDS-v1,97850d64956747aef50df561c07c9ac2db17b54f3b25f7254ae7081c72e33008,.cache/sources/by-sha/97850d64956747aef50df561c07c9ac2db17b54f3b25f7254ae7081c72e33008.pdf,1,"p. 1: Tensile Strength, Break ISO 527 MPa",68 MPa · XY · specimen: Printed specimen,"Tensile break strength 68 MPa sits far from ABS-GF's typical 48.48 (z 6.6). Is it what the page prints for this product, property, unit and conditions? Give a class: real, wrong-value, wrong-unit, wrong-property, wrong-condition, implausible (the page prints what cannot be) or variant (the product is a special formulation its material does not describe).",value
T00695,4,value-check,1,measurements,V009674,,Tensile strength (endpoint unspecified),G039-65,3DJake TPU A95,R-3DJAKE-Technical-Data-Sheet-TPU-A95-V2,6698e0808e6fbb3b6855a58e6ec253923f4f207b159453d234bc3c32a1e5d6b2,.cache/sources/by-sha/6698e0808e6fbb3b6855a58e6ec253923f4f207b159453d234bc3c32a1e5d6b2.pdf,1,p. 1: Tensile strength,55 MPa · Unstated · specimen: Not published (do not assume printed),"Tensile strength (endpoint unspecified) 55 MPa sits far from TPU 95A class's typical 32 (z 6.5). Is it what the page prints for this product, property, unit and conditions? Give a class: real, wrong-value, wrong-unit, wrong-property, wrong-condition, implausible (the page prints what cannot be) or variant (the product is a special formulation its material does not describe).",value
T00696,4,value-check,1,measurements,V007295,,Elongation at break,G020-36,3D-Fuel Pro PETG,R-3D-FUEL-3D-Fuel-Pro-PETG-9-22-25,cdcb9378f37d979cca7369f0e319a9cbe324050923f769bd5e73fbb2fc45c5cd,.cache/sources/by-sha/cdcb9378f37d979cca7369f0e319a9cbe324050923f769bd5e73fbb2fc45c5cd.pdf,2,p. 2: Elongation @ Break ASTM D638 %,250 % · Unstated · specimen: Not published (do not assume printed),"Elongation at break 250 % sits far from PETG's typical 31 (z 6.3). Is it what the page prints for this product, property, unit and conditions? Give a class: real, wrong-value, wrong-unit, wrong-property, wrong-condition, implausible (the page prints what cannot be) or variant (the product is a special formulation its material does not describe).",value
T00697,4,value-check,1,measurements,V008829,,Elongation at break,G001-120,3DJake magicPLA,R-3DJAKE-3DJAKE-TDS-magicPLA,34784627e34b97b61da749df7f626349325a1b2ab1d371fc8128a30f89bd1179,.cache/sources/by-sha/34784627e34b97b61da749df7f626349325a1b2ab1d371fc8128a30f89bd1179.pdf,1,p. 1: Strain at break,"20,4 % · Unstated · specimen: Printed specimen","Elongation at break 20.4 % sits far from PLA's typical 4.1 (z 6.3). Is it what the page prints for this product, property, unit and conditions? Give a class: real, wrong-value, wrong-unit, wrong-property, wrong-condition, implausible (the page prints what cannot be) or variant (the product is a special formulation its material does not describe).",value
T00698,4,value-check,1,measurements,V010204,,Density,G001-178,3DXTECH SimuBone Bone Simulation,X-ECOMAX-SimuBone-TDS-v1,86550a71a6183cd4111d36c505a3e9720f100db938dd996b47bf9aff94f82047,.cache/sources/by-sha/86550a71a6183cd4111d36c505a3e9720f100db938dd996b47bf9aff94f82047.pdf,1,p. 1: Density ISO 1183 g/cc,1.34 g/cc · specimen: Printed specimen,"Density 1340 kg/m³ sits far from PLA's typical 1233.5 (z 6.2). Is it what the page prints for this product, property, unit and conditions? Give a class: real, wrong-value, wrong-unit, wrong-property, wrong-condition, implausible (the page prints what cannot be) or variant (the product is a special formulation its material does not describe).",yes
T00699,4,value-check,1,measurements,V008996,,Elongation at break,G001-125,3DJake mysteryPLA,R-3DJAKE-3DJAKE-TDS-mysteryPLA-v1-1,7a0bcf21dbbf5429b06e4ac3e85e4c7f194953a41026ff0ae5205b1b19d61666,.cache/sources/by-sha/7a0bcf21dbbf5429b06e4ac3e85e4c7f194953a41026ff0ae5205b1b19d61666.pdf,1,p. 1: Strain at break,"19.951 % (TDS prints ""19,951"" with European decimal separator) · Unstated · specimen: Printed specimen","Elongation at break 19.951 % sits far from PLA's typical 4.1 (z 6.1). Is it what the page prints for this product, property, unit and conditions? Give a class: real, wrong-value, wrong-unit, wrong-property, wrong-condition, implausible (the page prints what cannot be) or variant (the product is a special formulation its material does not describe).",value
T00700,4,value-check,1,measurements,V003309,,HDT,G018-04,3DXTECH CarbonX CF-PLA,X-ECOMAX-CarbonX-CF-PLA-TDS-v3,a196e98c05eaf606926033201c8e0ff917846adffdb5939ba80f5c3748e7beb5,.cache/sources/by-sha/a196e98c05eaf606926033201c8e0ff917846adffdb5939ba80f5c3748e7beb5.pdf,1,p. 1: Deflection Temperature at 0.45 ISO 75 °C,91 °C · specimen: Printed specimen,"HDT 91 °C sits far from PLA-CF's typical 57.6 (z 6.1). Is it what the page prints for this product, property, unit and conditions? Give a class: real, wrong-value, wrong-unit, wrong-property, wrong-condition, implausible (the page prints what cannot be) or variant (the product is a special formulation its material does not describe).",yes
T00701,4,value-check,1,measurements,V003455,,Density,G039-11,Polymaker Polymaker PolyFlex TPU90,S-POLYCN-PolyFlex-TPU90-TDS-V4-2,3549885db399b83b4c83da7e1ed2eb6bdbf678658efd9f7bcd68f31d1f9722ca,.cache/sources/by-sha/3549885db399b83b4c83da7e1ed2eb6bdbf678658efd9f7bcd68f31d1f9722ca.pdf,1,"p. 1: Density ASTM D792 (ISO 1183, GB/T 1033)",1.12 g/cm3 · specimen: Not published (density specimen form not explicitly established),"Density 1120 kg/m³ sits far from TPU 90A class's typical 1210 (z -6.1). Is it what the page prints for this product, property, unit and conditions? Give a class: real, wrong-value, wrong-unit, wrong-property, wrong-condition, implausible (the page prints what cannot be) or variant (the product is a special formulation its material does not describe).",value
T00702,4,value-check,1,measurements,V009522,,Density,G011-07,FormFutura MetalFil Brass,S-PET-TDS-MetalFil-Brass,11df0283bf29e98d16e7112d60de32d0e6f01596a4e874b55c00dad3f4881d15,.cache/sources/by-sha/11df0283bf29e98d16e7112d60de32d0e6f01596a4e874b55c00dad3f4881d15.pdf,1,p. 1: Specific gravity,2.78 g/cc · specimen: Not published (density specimen form not explicitly established),"Density 2780 kg/m³ sits far from PLA Metal's typical 2330 (z 6.1). Is it what the page prints for this product, property, unit and conditions? Give a class: real, wrong-value, wrong-unit, wrong-property, wrong-condition, implausible (the page prints what cannot be) or variant (the product is a special formulation its material does not describe).",value
T00703,4,value-check,1,measurements,V006557,,Density,G001-71,eSUN PLA-Matte,S-PEBA-PLA-Matte-TDS-2025-06-19-1,0230bd05cf2beeb201126eb410116985d1238ea4b28c7261d3e64b2f187867ab,.cache/sources/by-sha/0230bd05cf2beeb201126eb410116985d1238ea4b28c7261d3e64b2f187867ab.pdf,1,p. 1: Density GB/T 1033,1.329 g/cm3 · specimen: Not published (density specimen form not explicitly established),"Density 1329 kg/m³ sits far from PLA's typical 1240 (z 6.0). Is it what the page prints for this product, property, unit and conditions? Give a class: real, wrong-value, wrong-unit, wrong-property, wrong-condition, implausible (the page prints what cannot be) or variant (the product is a special formulation its material does not describe).",value
T00704,4,value-check,1,measurements,V003775,,Glass transition temperature,G020-15,Polymaker Polymaker PETG,S-POLYCN-TDS-Polymaker-PETG-V2-0-2025-11-17,a24c704ec938f385be32ef686afc52ad09ad6d6ef4ca3e784715f9e00bcf95fe,.cache/sources/by-sha/a24c704ec938f385be32ef686afc52ad09ad6d6ef4ca3e784715f9e00bcf95fe.pdf,1,"p. 1: Glass transition temp. DSC, 10°C/min",71.24 °C · specimen: Not published (do not assume printed),"Glass transition temperature 71.24 °C sits far from PETG's typical 80 (z -5.9). Is it what the page prints for this product, property, unit and conditions? Give a class: real, wrong-value, wrong-unit, wrong-property, wrong-condition, implausible (the page prints what cannot be) or variant (the product is a special formulation its material does not describe).",value
T00705,4,value-check,1,measurements,V006874,,Tensile yield strength,G099-04,3D4Makers PEI Filament Ultem 1010,R-3D4MAKERS-TDS-PEI-ULTEM-1010,51920bd5d79d8780fb6c64d016716c79972fa0b7164449481889d1387d1ce95f,.cache/sources/by-sha/51920bd5d79d8780fb6c64d016716c79972fa0b7164449481889d1387d1ce95f.pdf,1,p. 1: Tensile Stress ISO 527-2/50 Yield,105 MPa · Unstated · specimen: Not published (do not assume printed),"Tensile yield strength 105 MPa sits far from PEI / ULTEM's typical 88 (z 5.7). Is it what the page prints for this product, property, unit and conditions? Give a class: real, wrong-value, wrong-unit, wrong-property, wrong-condition, implausible (the page prints what cannot be) or variant (the product is a special formulation its material does not describe).",value
T00706,4,value-check,1,measurements,V010596,,Glass transition temperature,G094-12,3DXTECH Triton PC/ABS Model Material,X-ECOMAX-Triton-PC-ABS-TDS-v1,4d06c0c31173913d097e3ca4949928993ff745d60d666cc91e4e9cc53f128e43,.cache/sources/by-sha/4d06c0c31173913d097e3ca4949928993ff745d60d666cc91e4e9cc53f128e43.pdf,1,p. 1: Glass Transition Temperature DSC °C,123 °C · specimen: Not published (do not assume printed),"Glass transition temperature 123 °C sits far from PC-ABS's typical 107.5 (z 5.7). Is it what the page prints for this product, property, unit and conditions? Give a class: real, wrong-value, wrong-unit, wrong-property, wrong-condition, implausible (the page prints what cannot be) or variant (the product is a special formulation its material does not describe).",value
T00707,4,value-check,1,measurements,V012651,,HDT,G014-17,AzureFilm LumberLay,R-3DJAKE-EN-TDS-LumberLay-pptx,2255492fa2f2cc5f97739f0689ca5af79fdd2fb342a134defe4bf390abe87eda,.cache/sources/by-sha/2255492fa2f2cc5f97739f0689ca5af79fdd2fb342a134defe4bf390abe87eda.pdf,1,p. 1: Heat deflect. temp.,87* °C · specimen: Not published (do not assume printed),"HDT 87 °C sits far from PLA Wood's typical 53.5 (z 5.6). Is it what the page prints for this product, property, unit and conditions? Give a class: real, wrong-value, wrong-unit, wrong-property, wrong-condition, implausible (the page prints what cannot be) or variant (the product is a special formulation its material does not describe).",value
T00708,4,value-check,1,measurements,V012012,,Tensile modulus,G039-16,Extrudr FLEX HARD,R-EXTRUDR-PRINT-20260929-245381f760f8,245381f760f896df6f09ffa2589fa6520d421c927ad893a6ff5c442328f29839,.cache/sources/by-sha/245381f760f896df6f09ffa2589fa6520d421c927ad893a6ff5c442328f29839.html,1,p. 1: Tensile modulus (Young's modulus),400 MPa · Unstated · specimen: Not published (do not assume printed),"Tensile modulus 0.4 GPa sits far from TPU harder than 95A's typical 0.15 (z 5.6). Is it what the page prints for this product, property, unit and conditions? Give a class: real, wrong-value, wrong-unit, wrong-property, wrong-condition, implausible (the page prints what cannot be) or variant (the product is a special formulation its material does not describe).",value
T00709,4,value-check,1,measurements,V010287,,HDT,G152-02,Nanovia PLA Flax,R-NANOVIA-PLA-Flax,9da7e4e45d9f0515a4a825a4b097e11f0a5605d80dcb13d76fb9f7038ea388be,.cache/sources/by-sha/9da7e4e45d9f0515a4a825a4b097e11f0a5605d80dcb13d76fb9f7038ea388be.html,1,p. 1: HDT B (0.45 MPa),80-90 °C · specimen: Not published (do not assume printed),"HDT 80 °C sits far from PLA-NF's typical 55 (z 5.6). Is it what the page prints for this product, property, unit and conditions? Give a class: real, wrong-value, wrong-unit, wrong-property, wrong-condition, implausible (the page prints what cannot be) or variant (the product is a special formulation its material does not describe).",yes
T00710,4,value-check,1,measurements,V013287,,Elongation at break,G039-62,FormFutura ReForm rTPU 90A,S-PET-TDS-ReForm-rTPU-90A,c070bdb5a24a0891976d7aa49c06aca1419519902111045fcf1252f63ec1a466,.cache/sources/by-sha/c070bdb5a24a0891976d7aa49c06aca1419519902111045fcf1252f63ec1a466.pdf,1,p. 1: Elongation at break,355% · Unstated · specimen: Not published (do not assume printed),"Elongation at break 355 % sits far from TPU 90A class's typical 495 (z -5.6). Is it what the page prints for this product, property, unit and conditions? Give a class: real, wrong-value, wrong-unit, wrong-property, wrong-condition, implausible (the page prints what cannot be) or variant (the product is a special formulation its material does not describe).",value
T00711,4,value-check,1,measurements,V012305,,Tensile modulus,G039-68,Siraya Tech Flex TPU 64D,D-SIRAYA-flex-tpu-64d-filament-tds,eab16ea7e85001dad15170864dde242e7425dd481c50d92f97da3b7a50110e05,.cache/sources/by-sha/eab16ea7e85001dad15170864dde242e7425dd481c50d92f97da3b7a50110e05.html,1,p. 1: Young’s Modulus (MPa),392 · Unstated · specimen: Not published (do not assume printed),"Tensile modulus 0.392 GPa sits far from TPU harder than 95A's typical 0.15 (z 5.4). Is it what the page prints for this product, property, unit and conditions? Give a class: real, wrong-value, wrong-unit, wrong-property, wrong-condition, implausible (the page prints what cannot be) or variant (the product is a special formulation its material does not describe).",value
T00712,4,value-check,1,measurements,V004802,,Density,G008-06,Eryone Silk PLA,R-ERYONE-eryone-silk-pla-tds,0213b4d708b87844989996308e1d0173379ff783be67fd89bab4f4dfe9fa8184,.cache/sources/by-sha/0213b4d708b87844989996308e1d0173379ff783be67fd89bab4f4dfe9fa8184.pdf,1,"p. 1: Density(g/cm³ at 21.5 ° C) ASTM D792 (ISO 1183, GB/T 1033) g/cm³",1.32 g/cm³ · specimen: Not published (density specimen form not explicitly established),"Density 1320 kg/m³ sits far from PLA Silk's typical 1240 (z 5.4). Is it what the page prints for this product, property, unit and conditions? Give a class: real, wrong-value, wrong-unit, wrong-property, wrong-condition, implausible (the page prints what cannot be) or variant (the product is a special formulation its material does not describe).",value
T00713,4,value-check,1,measurements,V004850,,Density,G008-07,Eryone Silk Rainbow PLA,R-ERYONE-eryone-silk-rainbow-pla-tds,2eb276d58e10c359973aab0608a27982dbb580f12107cc2650e7c5db096aeca9,.cache/sources/by-sha/2eb276d58e10c359973aab0608a27982dbb580f12107cc2650e7c5db096aeca9.pdf,1,"p. 1: Density(g/cm³ at 21.5 ° C) ASTM D792 (ISO 1183, GB/T 1033) g/cm³",1.32 g/cm³ · specimen: Not published (density specimen form not explicitly established),"Density 1320 kg/m³ sits far from PLA Silk's typical 1240 (z 5.4). Is it what the page prints for this product, property, unit and conditions? Give a class: real, wrong-value, wrong-unit, wrong-property, wrong-condition, implausible (the page prints what cannot be) or variant (the product is a special formulation its material does not describe).",value
T00714,4,value-check,1,measurements,V004864,,Density,G008-08,Eryone Hyper Speed Dual Color Silk PLA,R-ERYONE-eryone-hyper-speed-dual-color-silk-pla-tds,3dea6e08ae6db9b2abae948cf00bb69aaf0bf49901cfd9576240e4734342b558,.cache/sources/by-sha/3dea6e08ae6db9b2abae948cf00bb69aaf0bf49901cfd9576240e4734342b558.pdf,1,"p. 1: Density(g/cm³ at 21.5 ° C) ASTM D792 (ISO 1183, GB/T 1033) g/cm³",1.32 g/cm³ · specimen: Not published (density specimen form not explicitly established),"Density 1320 kg/m³ sits far from PLA Silk's typical 1240 (z 5.4). Is it what the page prints for this product, property, unit and conditions? Give a class: real, wrong-value, wrong-unit, wrong-property, wrong-condition, implausible (the page prints what cannot be) or variant (the product is a special formulation its material does not describe).",value
T00715,4,value-check,1,measurements,V009059,,Density,G027-39,AzureFilm ABS Prime,R-3DJAKE-3DJAKE-TDS-ABS-Prime-pptx,9e9e875f3fbd676988356f538dd44cb48aac1494349b092c1ea6f5695d604221,.cache/sources/by-sha/9e9e875f3fbd676988356f538dd44cb48aac1494349b092c1ea6f5695d604221.pdf,1,p. 1: Specific gravity ISO 1133,1.13 g/cc · specimen: Not published (density specimen form not explicitly established),"Density 1130 kg/m³ sits far from ABS's typical 1050 (z 5.4). Is it what the page prints for this product, property, unit and conditions? Give a class: real, wrong-value, wrong-unit, wrong-property, wrong-condition, implausible (the page prints what cannot be) or variant (the product is a special formulation its material does not describe).",value
T00716,4,value-check,1,measurements,V009631,,Charpy strength,G001-161,FormFutura Tough PLA,S-PET-TDS-Tough-PLA,4ec7dfbb47e82cba60490aebb379a303e68886f6478e4917e1457b5c71302a33,.cache/sources/by-sha/4ec7dfbb47e82cba60490aebb379a303e68886f6478e4917e1457b5c71302a33.pdf,1,p. 1: Impact strength,29.8 KJ/m² · Notched · specimen: Not published (do not assume printed),"Charpy strength 29.8 kJ/m² sits far from PLA's typical 5 (z 5.4). Is it what the page prints for this product, property, unit and conditions? Give a class: real, wrong-value, wrong-unit, wrong-property, wrong-condition, implausible (the page prints what cannot be) or variant (the product is a special formulation its material does not describe).",value
T00717,4,value-check,1,measurements,V009965,,Tensile modulus,G001-169,iSANMATE PLA+ i6,I-PLA-PLA-i6-TDS,d1493ce4bd87cef96e263c83bfd4c1773e03d2003388d6546bd2a4dfe4abe974,.cache/sources/by-sha/d1493ce4bd87cef96e263c83bfd4c1773e03d2003388d6546bd2a4dfe4abe974.pdf,1,p. 1: Tensile modulus MPa,1438.72 MPa · Unstated · specimen: Not published (do not assume printed),"Tensile modulus 1.43872 GPa sits far from PLA's typical 3.341 (z -5.3). Is it what the page prints for this product, property, unit and conditions? Give a class: real, wrong-value, wrong-unit, wrong-property, wrong-condition, implausible (the page prints what cannot be) or variant (the product is a special formulation its material does not describe).",value
T00718,4,value-check,1,measurements,V003261,,HDT,G121-01,3DXTECH ThermaX TPI,X-ECOMAX-Thermax-TPI-TDS-TDS-v1,81346563c3d6978496b3fada42f0eec8e8a504d75359a377215566a607e53fc3,.cache/sources/by-sha/81346563c3d6978496b3fada42f0eec8e8a504d75359a377215566a607e53fc3.pdf,1,p. 1: Deflection Temperature at 0.45 ISO 75 °C,237 °C · specimen: Printed specimen,"HDT 237 °C sits far from TPI's typical 175 (z 5.2). Is it what the page prints for this product, property, unit and conditions? Give a class: real, wrong-value, wrong-unit, wrong-property, wrong-condition, implausible (the page prints what cannot be) or variant (the product is a special formulation its material does not describe).",value
T00719,4,value-check,1,measurements,V002848,,Elongation at break,G020-08,Spectrum PET-G HT100,S-SPECTRUM-en-tds-spectrum-petg-ht100,596df17233fa8273c74c0bd8da1b7e154bdf8fbb1760b6b9f4379976bf600df1,.cache/sources/by-sha/596df17233fa8273c74c0bd8da1b7e154bdf8fbb1760b6b9f4379976bf600df1.pdf,1,p. 1: Elongation at Break,"210,00 % · Unstated · specimen: Not published (do not assume printed)","Elongation at break 210 % sits far from PETG's typical 31 (z 5.2). Is it what the page prints for this product, property, unit and conditions? Give a class: real, wrong-value, wrong-unit, wrong-property, wrong-condition, implausible (the page prints what cannot be) or variant (the product is a special formulation its material does not describe).",value
T00720,4,value-check,1,measurements,V014028,,Charpy strength,G020-70,Recreus PET-G,X-RECREUS-PET-G-TDS-2023,9cb0b12cb848a735875ffac3e8b059902bc6d7c12584d3d6414d8d9d4558eb38,.cache/sources/by-sha/9cb0b12cb848a735875ffac3e8b059902bc6d7c12584d3d6414d8d9d4558eb38.pdf,1,p. 1: Notched impact strengh (Charpy)n at +23ºC,"58,00 kJ/m2 · Notched · Unstated · specimen: Not published (do not assume printed)","Charpy strength 58 kJ/m² sits far from PETG's typical 8.1 (z 5.1). Is it what the page prints for this product, property, unit and conditions? Give a class: real, wrong-value, wrong-unit, wrong-property, wrong-condition, implausible (the page prints what cannot be) or variant (the product is a special formulation its material does not describe).",value
T00721,4,value-check,1,measurements,V013107,,HDT,G033-08,Fabru / purefil ASA CF10,R-FABRU-7738-Fiche-technique-du-mat-riau-ASA-CF10-purefil,2fbc66d998df345f06b07775cd854d756049b0759e365cd081edaa7fa7225095,.cache/sources/by-sha/2fbc66d998df345f06b07775cd854d756049b0759e365cd081edaa7fa7225095.pdf,1,"p. 1: Température de déflexion 0,45 MPa (ASTM D648)",130 °C · specimen: Not published (do not assume printed),"HDT 130 °C sits far from ASA-CF's typical 96 (z 5.1). Is it what the page prints for this product, property, unit and conditions? Give a class: real, wrong-value, wrong-unit, wrong-property, wrong-condition, implausible (the page prints what cannot be) or variant (the product is a special formulation its material does not describe).",yes
T00722,4,value-check,1,measurements,V010373,,Elongation at break,G045-10,Siraya Tech Rebound PEBA 85A,D-SIRAYA-rebound-peba-85a-filament-tds,dfdfd5ab1263be23eb09339181de22a649d1d6c1f69356da8d2bc8ce038338e0,.cache/sources/by-sha/dfdfd5ab1263be23eb09339181de22a649d1d6c1f69356da8d2bc8ce038338e0.html,1,p. 1: Elongation at Break (X-Y),905 % · XY · specimen: Not published (do not assume printed),"Elongation at break 905 % sits far from PEBA's typical 460 (z 5.0). Is it what the page prints for this product, property, unit and conditions? Give a class: real, wrong-value, wrong-unit, wrong-property, wrong-condition, implausible (the page prints what cannot be) or variant (the product is a special formulation its material does not describe).",value
T00723,4,value-check,1,measurements,V009475,,Tensile strength (endpoint unspecified),G018-17,CreatBot PLA-CF,R-FILAMENT2PRINT-CreatBot-PLA,01e54a25e1320675541a316e6dc5cc73f6cb2b79f16915d7c7f0175ef3950974,.cache/sources/by-sha/01e54a25e1320675541a316e6dc5cc73f6cb2b79f16915d7c7f0175ef3950974.pdf,1,"p. 1: Tensile strength Z ISO 527, GB/T 1040",34 MPa · Z · specimen: Not published (do not assume printed),"Tensile strength (endpoint unspecified) 34 MPa sits far from PLA-CF's typical 15.1 (z 5.0). Is it what the page prints for this product, property, unit and conditions? Give a class: real, wrong-value, wrong-unit, wrong-property, wrong-condition, implausible (the page prints what cannot be) or variant (the product is a special formulation its material does not describe).",value
T00724,4,value-check,1,measurements,V002967,,Tensile strength (endpoint unspecified),G039-07,Spectrum S-Flex 85A,S-SPECTRUM-en-tds-spectrum-sflex-85a,96f352388c4a037fc53f75f837c6d83b3127da2b279e9a08c80d57ecaf0940d0,.cache/sources/by-sha/96f352388c4a037fc53f75f837c6d83b3127da2b279e9a08c80d57ecaf0940d0.pdf,1,p. 1: Tensile strength,40 MPa · Unstated · specimen: Not published (do not assume printed),"Tensile strength (endpoint unspecified) 40 MPa sits far from TPU 85A class and softer's typical 29.5 (z 4.7). Is it what the page prints for this product, property, unit and conditions? Give a class: real, wrong-value, wrong-unit, wrong-property, wrong-condition, implausible (the page prints what cannot be) or variant (the product is a special formulation its material does not describe).",value
T00725,4,value-check,1,measurements,V003610,,Density,G001-19,Polymaker PolyLite PLA,S-POLYCN-PolyLite-PLA-TDS-V3,518c92df7541feee0aa6ae8f6506c94231e8c5be581418fed688151713c2b386,.cache/sources/by-sha/518c92df7541feee0aa6ae8f6506c94231e8c5be581418fed688151713c2b386.pdf,1,"p. 1: Density ASTM D792 (ISO 1183, GB/T 1033)",1.17-1.24 g/cm3 · specimen: Not published (density specimen form not explicitly established),"Density 1170 kg/m³ sits far from PLA's typical 1240 (z -4.7). Is it what the page prints for this product, property, unit and conditions? Give a class: real, wrong-value, wrong-unit, wrong-property, wrong-condition, implausible (the page prints what cannot be) or variant (the product is a special formulation its material does not describe).",yes
T00726,4,value-check,1,measurements,V003644,,Density,G001-23,Polymaker PolyTerra PLA,S-POLYCN-PolyTerra-PLA-TDS-V5-11,6c37d968e41b23da3188689e96fbe83f00225951f0aedd63b73b0d5658e1c0c5,.cache/sources/by-sha/6c37d968e41b23da3188689e96fbe83f00225951f0aedd63b73b0d5658e1c0c5.pdf,2,"p. 2: Density ISO1183, GB/T1033",1.31 ± 0.02 g/cm3 · specimen: Not published (density specimen form not explicitly established),"Density 1310 kg/m³ sits far from PLA's typical 1240 (z 4.7). Is it what the page prints for this product, property, unit and conditions? Give a class: real, wrong-value, wrong-unit, wrong-property, wrong-condition, implausible (the page prints what cannot be) or variant (the product is a special formulation its material does not describe).",value
T00727,4,value-check,1,measurements,V003724,,Density,G001-24,Polymaker PolyMax PLA,S-POLYCN-TDS-Polymaker-PolyMax-PLA-V5-5-2026-01-06-EN,98018f04117aa8391cc7327258dcfc2148f012951127f9cec09904ca0f9ed0a3,.cache/sources/by-sha/98018f04117aa8391cc7327258dcfc2148f012951127f9cec09904ca0f9ed0a3.pdf,1,"p. 1: Density ISO1183, GB/T 1033",1.17-1.24 g/cm3 · specimen: Not published (density specimen form not explicitly established),"Density 1170 kg/m³ sits far from PLA's typical 1240 (z -4.7). Is it what the page prints for this product, property, unit and conditions? Give a class: real, wrong-value, wrong-unit, wrong-property, wrong-condition, implausible (the page prints what cannot be) or variant (the product is a special formulation its material does not describe).",value
T00728,4,value-check,1,measurements,V004456,,Elongation at break,G028-04,SUNLU ABS-GF,R-SUNLU-b74bf860-1989-443e-b917-58f7a97096a0,1a67c0c36fede8858a68ec18d3c07b0b56506a8efc26cfcef7259509829fd5b7,.cache/sources/by-sha/1a67c0c36fede8858a68ec18d3c07b0b56506a8efc26cfcef7259509829fd5b7.pdf,1,p. 1: (X-Y) Elongation at break ISO 527/2 50 mm/min %,10 ± 2 % · XY · specimen: Printed specimen,"Elongation at break 10 % sits far from ABS-GF's typical 3 (z 4.7). Is it what the page prints for this product, property, unit and conditions? Give a class: real, wrong-value, wrong-unit, wrong-property, wrong-condition, implausible (the page prints what cannot be) or variant (the product is a special formulation its material does not describe).",value
T00729,4,value-check,1,measurements,V004621,,Density,G001-40,SUNLU PLA Matte Dual-Color,R-SUNLU-a47cd225-7892-4788-9c73-bd27bfd791f5,75e1e2947abe26bc91805a6fb6e6b7a5ceafc3153429bdee65202d280a819ad9,.cache/sources/by-sha/75e1e2947abe26bc91805a6fb6e6b7a5ceafc3153429bdee65202d280a819ad9.pdf,1,p. 1: Density ISO 1183 23℃ g/cm3,1.31 g/cm3 · specimen: Not published (density specimen form not explicitly established),"Density 1310 kg/m³ sits far from PLA's typical 1240 (z 4.7). Is it what the page prints for this product, property, unit and conditions? Give a class: real, wrong-value, wrong-unit, wrong-property, wrong-condition, implausible (the page prints what cannot be) or variant (the product is a special formulation its material does not describe).",value
T00730,4,value-check,1,measurements,V005638,,Tensile yield strength,G082-06,Fabru / purefil Polypropylene (PP),R-FABRU-PUREFIL-12071-Material-data-sheet-PP-purefil,9de0242f8afbfeb666e2e4084c4528104c2b97102fa4ea7f46583fca188ea3f4,.cache/sources/by-sha/9de0242f8afbfeb666e2e4084c4528104c2b97102fa4ea7f46583fca188ea3f4.pdf,1,p. 1: Yield stress (ISO 527-2),28 MPa · Unstated · specimen: Not published (do not assume printed),"Tensile yield strength 28 MPa sits far from PP's typical 14 (z 4.7). Is it what the page prints for this product, property, unit and conditions? Give a class: real, wrong-value, wrong-unit, wrong-property, wrong-condition, implausible (the page prints what cannot be) or variant (the product is a special formulation its material does not describe).",value
T00731,4,value-check,1,measurements,V006819,,Tensile strength (endpoint unspecified),G027-24,Raise3D Hyper Speed ABS,D-RAISE3D-Raise3D-Hyper-Speed-ABS-Filament-TDS-V2-0,4abc8d46bed95a966e54df809d2931ef328f7c3dc84a6888579753906517895b,.cache/sources/by-sha/4abc8d46bed95a966e54df809d2931ef328f7c3dc84a6888579753906517895b.pdf,1,p. 1: Tensile strength (X-Y) ISO 527,45 ± 9 MPa · XY · specimen: Printed specimen,"Tensile strength (endpoint unspecified) 45 MPa sits far from ABS's typical 34.5 (z 4.7). Is it what the page prints for this product, property, unit and conditions? Give a class: real, wrong-value, wrong-unit, wrong-property, wrong-condition, implausible (the page prints what cannot be) or variant (the product is a special formulation its material does not describe).",value
T00732,4,value-check,1,measurements,V007643,,Tensile yield strength,G039-47,FormFutura Python Flex,S-PET-formfutura-tds-pythonflex,764feeacc9f08c463242904a66b8e6fa3f9732e44558ab93a53ea82c36268d4b,.cache/sources/by-sha/764feeacc9f08c463242904a66b8e6fa3f9732e44558ab93a53ea82c36268d4b.pdf,1,p. 1: Tensile strength,50.0 Mpa · Unstated · specimen: Not published (do not assume printed),"Tensile yield strength 50 MPa sits far from TPU harder than 95A's typical 36 (z 4.7). Is it what the page prints for this product, property, unit and conditions? Give a class: real, wrong-value, wrong-unit, wrong-property, wrong-condition, implausible (the page prints what cannot be) or variant (the product is a special formulation its material does not describe).",value
T00733,4,value-check,1,measurements,V009154,,Density,G020-56,Extrudr XPETG MATT,R-EXTRUDR-xpetg-matt-TDS-en,011b26032f639cce5969262a139ca5cea7e9b03e12daab9b5b905f1ca0d84cb3,.cache/sources/by-sha/011b26032f639cce5969262a139ca5cea7e9b03e12daab9b5b905f1ca0d84cb3.pdf,1,p. 1: Density ISO 1183-1/A g/cm³,"1,41 g/cm³ · specimen: Not published (density specimen form not explicitly established)","Density 1410 kg/m³ sits far from PETG's typical 1270 (z 4.7). Is it what the page prints for this product, property, unit and conditions? Give a class: real, wrong-value, wrong-unit, wrong-property, wrong-condition, implausible (the page prints what cannot be) or variant (the product is a special formulation its material does not describe).",value
T00734,4,value-check,1,measurements,V011902,,Tensile yield strength,G162-01,Copper3D MD Flex,S-PET-TDS-MDflex,1a7894b2dc86431da6c9e41c54d6f9bb5901ee03b71dd4e1edebe3a3cb6b2f3a,.cache/sources/by-sha/1a7894b2dc86431da6c9e41c54d6f9bb5901ee03b71dd4e1edebe3a3cb6b2f3a.pdf,4,p. 4: Tensile Strength at Yield,50 Mpa · Unstated · specimen: Not published (do not assume printed),"Tensile yield strength 50 MPa sits far from TPU harder than 95A's typical 36 (z 4.7). Is it what the page prints for this product, property, unit and conditions? Give a class: real, wrong-value, wrong-unit, wrong-property, wrong-condition, implausible (the page prints what cannot be) or variant (the product is a special formulation its material does not describe).",value
T00735,4,value-check,1,measurements,V012392,,Density,G020-74,Spectrum PET-G FX120,R-SPECTRUM-PORTFOLIO-2024,4fb78715b81997ecd11b61d8b84393e1bfc6fe096ed35fc50ac062073c96cd74,.cache/sources/by-sha/4fb78715b81997ecd11b61d8b84393e1bfc6fe096ed35fc50ac062073c96cd74.pdf,5,p. 5: Density [g/cm³],1.13 · specimen: Not published (density specimen form not explicitly established),"Density 1130 kg/m³ sits far from PETG's typical 1270 (z -4.7). Is it what the page prints for this product, property, unit and conditions? Give a class: real, wrong-value, wrong-unit, wrong-property, wrong-condition, implausible (the page prints what cannot be) or variant (the product is a special formulation its material does not describe).",value
T00736,4,value-check,1,measurements,V014529,,Tensile strength (endpoint unspecified),G164-11,Essentium Essentium PA,R-ESSENTIUM-Essentium-PA-TDS,83953599227035063ae445aa52a5e983d41f0a01494b3d582cce7752d91d5bb8,.cache/sources/by-sha/83953599227035063ae445aa52a5e983d41f0a01494b3d582cce7752d91d5bb8.pdf,1,"p. 1: Tensile Strength, MPa, Print Orientation XY",49 · XY · specimen: Printed specimen,"Tensile strength (endpoint unspecified) 49 MPa sits far from Nylon, maker-undisclosed polyamide's typical 63 (z -4.7). Is it what the page prints for this product, property, unit and conditions? Give a class: real, wrong-value, wrong-unit, wrong-property, wrong-condition, implausible (the page prints what cannot be) or variant (the product is a special formulation its material does not describe).",value
T00737,4,value-check,1,measurements,V007087,,Tensile strength (endpoint unspecified),G027-22,eSUN ABS+,S-PEBA-ABS-TDS-EN-docx,99235852a8cc406c838b35051a49254e190945a8f70ccd92081bb82d5d3147fe,.cache/sources/by-sha/99235852a8cc406c838b35051a49254e190945a8f70ccd92081bb82d5d3147fe.pdf,2,p. 2: Tensile Strength (X-Y) GB/T 1040,44.9 MPa · XY · specimen: Printed specimen,"Tensile strength (endpoint unspecified) 44.9 MPa sits far from ABS's typical 34.5 (z 4.7). Is it what the page prints for this product, property, unit and conditions? Give a class: real, wrong-value, wrong-unit, wrong-property, wrong-condition, implausible (the page prints what cannot be) or variant (the product is a special formulation its material does not describe).",value
T00738,4,value-check,1,measurements,V011799,,Elongation at break,G039-45,Nanovia TPU 70D,R-NANOVIA-TPU-70D,1f5c11655a6b6d04a4bca03b9cf0fcd9368afa251ca3bd6938deca843424d4b3,.cache/sources/by-sha/1f5c11655a6b6d04a4bca03b9cf0fcd9368afa251ca3bd6938deca843424d4b3.html,1,p. 1: Elong. at break,320 % · Unstated · specimen: Not published (do not assume printed),"Elongation at break 320 % sits far from TPU harder than 95A's typical 440 (z -4.6). Is it what the page prints for this product, property, unit and conditions? Give a class: real, wrong-value, wrong-unit, wrong-property, wrong-condition, implausible (the page prints what cannot be) or variant (the product is a special formulation its material does not describe).",value
T00739,4,value-check,1,measurements,V007896,,Elongation at break,G039-49,SIDDAMENT TPU 95A,S-PCGF-TPU-95A-TDS-Siddament,4d7fe2a5b8bd6eb67cdf815420c466b20b6fee7e7e29fbe9c0ae415e0bebca04,.cache/sources/by-sha/4d7fe2a5b8bd6eb67cdf815420c466b20b6fee7e7e29fbe9c0ae415e0bebca04.pdf,1,p. 1: Elongation at Break ISO 527 %,1063 % · Unstated · specimen: Not published (do not assume printed),"Elongation at break 1063 % sits far from TPU 95A class's typical 462 (z 4.6). Is it what the page prints for this product, property, unit and conditions? Give a class: real, wrong-value, wrong-unit, wrong-property, wrong-condition, implausible (the page prints what cannot be) or variant (the product is a special formulation its material does not describe).",value
T00740,4,value-check,1,measurements,V002831,,Tensile strength (endpoint unspecified),G020-07,Spectrum PET-G Premium High Speed,S-SPECTRUM-en-tds-spectrum-petg-premium-high-speed,544e5a854b53acaf990b3eb130dc715215b4d40ffee3144cd783df32011cd016,.cache/sources/by-sha/544e5a854b53acaf990b3eb130dc715215b4d40ffee3144cd783df32011cd016.pdf,1,p. 1: Tensile Strength,35 MPa · Unstated · specimen: Not published (do not assume printed),"Tensile strength (endpoint unspecified) 35 MPa sits far from PETG's typical 52 (z -4.6). Is it what the page prints for this product, property, unit and conditions? Give a class: real, wrong-value, wrong-unit, wrong-property, wrong-condition, implausible (the page prints what cannot be) or variant (the product is a special formulation its material does not describe).",value
T00741,4,value-check,1,measurements,V006633,,Density,G001-75,eSUN PLA Matte Dual,S-PEBA-PLA-Matte-Dual-Filament-TDS-V4-0,0ef2fd325d42ba41eae8802d172d0dc36e9004c72d34d7884524e10aa23260d1,.cache/sources/by-sha/0ef2fd325d42ba41eae8802d172d0dc36e9004c72d34d7884524e10aa23260d1.pdf,1,p. 1: Density GB/T 1033,1.174 g/cm3 · specimen: Not published (density specimen form not explicitly established),"Density 1174 kg/m³ sits far from PLA's typical 1240 (z -4.5). Is it what the page prints for this product, property, unit and conditions? Give a class: real, wrong-value, wrong-unit, wrong-property, wrong-condition, implausible (the page prints what cannot be) or variant (the product is a special formulation its material does not describe).",value
T00742,4,value-check,1,measurements,V007414,,Density,G001-96,eSUN ePLA Matte,S-PEBA-eSUN-ePLA-Matte-Filament-TDS-V4-0,ef0cb9744ac66fb7d565ec915251177c1df831ca5266ef47929c3c59dd7fd796,.cache/sources/by-sha/ef0cb9744ac66fb7d565ec915251177c1df831ca5266ef47929c3c59dd7fd796.pdf,1,p. 1: Density GB/T 1033,1.174 g/cm3 · specimen: Not published (density specimen form not explicitly established),"Density 1174 kg/m³ sits far from PLA's typical 1240 (z -4.5). Is it what the page prints for this product, property, unit and conditions? Give a class: real, wrong-value, wrong-unit, wrong-property, wrong-condition, implausible (the page prints what cannot be) or variant (the product is a special formulation its material does not describe).",value
T00743,4,value-check,1,measurements,V007269,,Elongation at break,G039-41,Recreus 60A,R-RECREUS-FILAFLEX-Filaflex-60A,cb1a4af75ad514ac04edfb4e310ed36ae9f41fdaefd91e6b4091bc6d290ed4ee,.cache/sources/by-sha/cb1a4af75ad514ac04edfb4e310ed36ae9f41fdaefd91e6b4091bc6d290ed4ee.pdf,2,p. 2: Elongation at break,950 % · Unstated · specimen: Not published (do not assume printed),"Elongation at break 950 % sits far from TPU 85A class and softer's typical 429.5 (z 4.4). Is it what the page prints for this product, property, unit and conditions? Give a class: real, wrong-value, wrong-unit, wrong-property, wrong-condition, implausible (the page prints what cannot be) or variant (the product is a special formulation its material does not describe).",value
T00744,4,value-check,1,measurements,V010117,,HDT,G093-04,Polymaker Polycast,S-POLYCN-TDS-Polymaker-Polycast-V5-5-2025-12-10-EN,59175a40bc073b5f248c699c85a0ec32bba1446d16c42b0598f74d45fddc4a68,.cache/sources/by-sha/59175a40bc073b5f248c699c85a0ec32bba1446d16c42b0598f74d45fddc4a68.pdf,1,"p. 1: Heat deflection temp. ISO 75, 0.45MPa",67 °C · specimen: Not published (do not assume printed),"HDT 67 °C sits far from PVB's typical 54.75 (z 4.3). Is it what the page prints for this product, property, unit and conditions? Give a class: real, wrong-value, wrong-unit, wrong-property, wrong-condition, implausible (the page prints what cannot be) or variant (the product is a special formulation its material does not describe).",yes
T00745,4,value-check,1,measurements,V007311,,Tensile strength (endpoint unspecified),G020-37,eSUN PETG Basic,S-PEBA-PETG-Basic-TDS,ce5e2430fd94002144a9b4a390d096b5b7e76acd892474b752fa1f1370b98962,.cache/sources/by-sha/ce5e2430fd94002144a9b4a390d096b5b7e76acd892474b752fa1f1370b98962.pdf,2,p. 2: Tensile Strength (X-Y) GB/T 1040,68.41 MPa · XY · specimen: Printed specimen,"Tensile strength (endpoint unspecified) 68.41 MPa sits far from PETG's typical 48 (z 4.2). Is it what the page prints for this product, property, unit and conditions? Give a class: real, wrong-value, wrong-unit, wrong-property, wrong-condition, implausible (the page prints what cannot be) or variant (the product is a special formulation its material does not describe).",value
T00746,4,value-check,1,measurements,V011450,,Tensile strength (endpoint unspecified),G026-08,Nanovia PETG ESD,R-NANOVIA-PETG-ESD,5e4ad8145e40bea123fcd76ebadbf2ecf73e170d8bfd50f5f5217b2cb943e6e0,.cache/sources/by-sha/5e4ad8145e40bea123fcd76ebadbf2ecf73e170d8bfd50f5f5217b2cb943e6e0.html,1,p. 1: Ultimate strength (+45° / -45° tab),43 MPa · XY · specimen: Printed specimen,"Tensile strength (endpoint unspecified) 43 MPa sits far from PETG-ESD's typical 36.1 (z 4.2). Is it what the page prints for this product, property, unit and conditions? Give a class: real, wrong-value, wrong-unit, wrong-property, wrong-condition, implausible (the page prints what cannot be) or variant (the product is a special formulation its material does not describe).",value
T00747,4,value-check,1,measurements,V006091,,Elongation at break,G039-30,Fillamentum Flexfill TPU 92A,R-FILLAMENTUM-Technical-Data-Sheet-Flexfill-TPU-92A-26082019,8e235b21b7047485e9378dc2e18fca0fe1ef45f2a1643dc44e6195c38ccb894d,.cache/sources/by-sha/8e235b21b7047485e9378dc2e18fca0fe1ef45f2a1643dc44e6195c38ccb894d.pdf,1,p. 1: Elongation at break,600 % · Unstated · specimen: Not published (do not assume printed),"Elongation at break 600 % sits far from TPU 90A class's typical 495 (z 4.2). Is it what the page prints for this product, property, unit and conditions? Give a class: real, wrong-value, wrong-unit, wrong-property, wrong-condition, implausible (the page prints what cannot be) or variant (the product is a special formulation its material does not describe).",value
T00748,4,value-check,1,measurements,V009098,,Tensile strength (endpoint unspecified),G039-57,MatterHackers TPU,R-MATTERHACKERS-PRO-SERIES-XNT7Rt,d0660224ed2ecb2ae279f73b8801e6ff6643de1b916be09c2a5e6343fd3d01dc,.cache/sources/by-sha/d0660224ed2ecb2ae279f73b8801e6ff6643de1b916be09c2a5e6343fd3d01dc.pdf,1,p. 1: Tensile Strength,17.2 MPa · Unstated · specimen: Not published (do not assume printed),"Tensile strength (endpoint unspecified) 17.2 MPa sits far from TPU 95A class's typical 32 (z -4.2). Is it what the page prints for this product, property, unit and conditions? Give a class: real, wrong-value, wrong-unit, wrong-property, wrong-condition, implausible (the page prints what cannot be) or variant (the product is a special formulation its material does not describe).",value
T00749,4,value-check,1,measurements,V008930,,Glass transition temperature,G027-38,Creality Hyper-ABS,R-3DJAKE-3DJAKE-TDS-hyper-ABS-EN,61bf2dc273672635e7b3ff5d7f7815e76507951d8cd781afc95fbecd59716da5,.cache/sources/by-sha/61bf2dc273672635e7b3ff5d7f7815e76507951d8cd781afc95fbecd59716da5.pdf,1,"p. 1: Glass transition temperature DSC, 10°C/min",81 °C · specimen: Not published (do not assume printed),"Glass transition temperature 81 °C sits far from ABS's typical 105 (z -4.2). Is it what the page prints for this product, property, unit and conditions? Give a class: real, wrong-value, wrong-unit, wrong-property, wrong-condition, implausible (the page prints what cannot be) or variant (the product is a special formulation its material does not describe).",value
T00750,4,value-check,1,measurements,V000126,,Glass transition temperature,G007-01,Bambu Lab PLA Translucent,B-pla-translucent-TDS,9a0d6356bb2c0839e1586c256e8b38b2f69dd60b86ae044607af19a72e3e379b,.cache/sources/by-sha/9a0d6356bb2c0839e1586c256e8b38b2f69dd60b86ae044607af19a72e3e379b.pdf,2,p. 2: Glass Transition Temperature,54 ℃ · specimen: Printed specimen,"Glass transition temperature 54 °C sits far from PLA's typical 60 (z -4.0). Is it what the page prints for this product, property, unit and conditions? Give a class: real, wrong-value, wrong-unit, wrong-property, wrong-condition, implausible (the page prints what cannot be) or variant (the product is a special formulation its material does not describe).",value
T00751,4,value-check,1,measurements,V001285,,Density,G069-01,IPCON PPA Pure Resin,S-PPA-TDS,86d3efd1d10736233d7b8c269db8b65797001bdc647e5a7fac2147de955cf99b,.cache/sources/by-sha/86d3efd1d10736233d7b8c269db8b65797001bdc647e5a7fac2147de955cf99b.pdf,1,p. 1: Density,1.14 g/cm³ · specimen: Not published (density specimen form not explicitly established),"Density 1140 kg/m³ sits far from PPA's typical 1200 (z -4.0). Is it what the page prints for this product, property, unit and conditions? Give a class: real, wrong-value, wrong-unit, wrong-property, wrong-condition, implausible (the page prints what cannot be) or variant (the product is a special formulation its material does not describe).",yes
T00752,4,value-check,1,measurements,V003127,,Density,G001-17,Spectrum Pastello PLA,S-SPECTRUM-en-tds-spectrum-pla-pastello,faa65d6bcebe36f70cd67bdce72a521f9f86cd93bb7e995d4bb8cfeb56b7d095,.cache/sources/by-sha/faa65d6bcebe36f70cd67bdce72a521f9f86cd93bb7e995d4bb8cfeb56b7d095.pdf,1,p. 1: Density,1.30 g/cm3 · specimen: Not published (density specimen form not explicitly established),"Density 1300 kg/m³ sits far from PLA's typical 1240 (z 4.0). Is it what the page prints for this product, property, unit and conditions? Give a class: real, wrong-value, wrong-unit, wrong-property, wrong-condition, implausible (the page prints what cannot be) or variant (the product is a special formulation its material does not describe).",value
T00753,4,value-check,1,measurements,V006031,,Density,G082-07,Fillamentum PP 2320,R-FILLAMENTUM-Technical-Data-Sheet-PP-2320,4886af2bb72ffe75cf0b6fe1375b52e414cad41b890ebeeef825c2a19c521acf,.cache/sources/by-sha/4886af2bb72ffe75cf0b6fe1375b52e414cad41b890ebeeef825c2a19c521acf.pdf,1,p. 1: Material density,"0,96 g/cm3 · specimen: Not published (density specimen form not explicitly established)","Density 960 kg/m³ sits far from PP's typical 900 (z 4.0). Is it what the page prints for this product, property, unit and conditions? Give a class: real, wrong-value, wrong-unit, wrong-property, wrong-condition, implausible (the page prints what cannot be) or variant (the product is a special formulation its material does not describe).",value
T00754,4,value-check,1,measurements,V006594,,Tensile break strength,G001-73,3D4Makers PLLA,R-3D4MAKERS-TDS-PLLA-Filament,06cd4faad737d15a3bb66c8092777de41e74cf1b695ebd8d190c343de9b355ef,.cache/sources/by-sha/06cd4faad737d15a3bb66c8092777de41e74cf1b695ebd8d190c343de9b355ef.pdf,1,p. 1: Tensile strength at break ISO 527,50 MPa · Unstated · specimen: Not published (do not assume printed),"Tensile break strength 50 MPa sits far from PLA's typical 53 (z -4.0). Is it what the page prints for this product, property, unit and conditions? Give a class: real, wrong-value, wrong-unit, wrong-property, wrong-condition, implausible (the page prints what cannot be) or variant (the product is a special formulation its material does not describe).",value
T00755,4,value-check,1,measurements,V008190,,Density,G001-107,SUNLU PLA Matte,R-SUNLU-PLA-Matte-0,04ff55cd100379dbe00036ee68bb272ce1cf1432987676831cc0fbf038f45e5b,.cache/sources/by-sha/04ff55cd100379dbe00036ee68bb272ce1cf1432987676831cc0fbf038f45e5b.pdf,1,p. 1: Density ASTM D792 23℃ g/cm3,1.3 g/cm3 · specimen: Not published (density specimen form not explicitly established),"Density 1300 kg/m³ sits far from PLA's typical 1240 (z 4.0). Is it what the page prints for this product, property, unit and conditions? Give a class: real, wrong-value, wrong-unit, wrong-property, wrong-condition, implausible (the page prints what cannot be) or variant (the product is a special formulation its material does not describe).",value
T00756,4,value-check,1,measurements,V008501,,Density,G001-109,SUNLU APLA,R-SUNLU-APLA,a6cac9de0802d21e737d1295f5c39b6268ab3334daaba07cad3c32b094aa4acf,.cache/sources/by-sha/a6cac9de0802d21e737d1295f5c39b6268ab3334daaba07cad3c32b094aa4acf.pdf,1,p. 1: Density ASTM D792 23℃ g/cm3,1.3 g/cm3 · specimen: Not published (density specimen form not explicitly established),"Density 1300 kg/m³ sits far from PLA's typical 1240 (z 4.0). Is it what the page prints for this product, property, unit and conditions? Give a class: real, wrong-value, wrong-unit, wrong-property, wrong-condition, implausible (the page prints what cannot be) or variant (the product is a special formulation its material does not describe).",value
T00757,4,value-check,1,measurements,V008566,,Density,G001-33,Extrudr PLA NX2 MATT,R-EXTRUDR-pla-nx2-TDS-en,c55d66cf725c65a29a62351388cd1ea4032f877454a49cb4673f029faaaa527f,.cache/sources/by-sha/c55d66cf725c65a29a62351388cd1ea4032f877454a49cb4673f029faaaa527f.pdf,1,p. 1: Density ISO 1183 g/cm³,1.3 g/cm³ · specimen: Not published (density specimen form not explicitly established),"Density 1300 kg/m³ sits far from PLA's typical 1240 (z 4.0). Is it what the page prints for this product, property, unit and conditions? Give a class: real, wrong-value, wrong-unit, wrong-property, wrong-condition, implausible (the page prints what cannot be) or variant (the product is a special formulation its material does not describe).",value
T00758,4,value-check,1,measurements,V010405,,Density,G075-11,Polymaker PolyDissolve S1,S-POLYCN-PolyDissolve-S1-PIS-EN,f5c886182dbea81dbb03967e2d0415c9dd9902bb0f943aa41ba731ea23785787,.cache/sources/by-sha/f5c886182dbea81dbb03967e2d0415c9dd9902bb0f943aa41ba731ea23785787.pdf,6,"p. 6: Density ASTM D792 (ISO 1183, GB/T 1033)",1.37 g/cm3 · specimen: Not published (density specimen form not explicitly established),"Density 1370 kg/m³ sits far from PVA's typical 1250 (z 4.0). Is it what the page prints for this product, property, unit and conditions? Give a class: real, wrong-value, wrong-unit, wrong-property, wrong-condition, implausible (the page prints what cannot be) or variant (the product is a special formulation its material does not describe).",value
T00759,4,value-check,1,measurements,V010547,,Tensile yield strength,G020-69,Fiberlogy MATTE PET-G,R-FIBERLOGY-FIBERLOGY-MATTEPETG-TDS,3bfa1a6ad0fb6f0319615b45550482b7123d1b3856d87405be64bdea86c9aaa5,.cache/sources/by-sha/3bfa1a6ad0fb6f0319615b45550482b7123d1b3856d87405be64bdea86c9aaa5.pdf,1,p. 1: Tensile Strength @ Yield ISO 527 MPa,44 MPa · Unstated · specimen: Not published (do not assume printed),"Tensile yield strength 44 MPa sits far from PETG's typical 50 (z -4.0). Is it what the page prints for this product, property, unit and conditions? Give a class: real, wrong-value, wrong-unit, wrong-property, wrong-condition, implausible (the page prints what cannot be) or variant (the product is a special formulation its material does not describe).",value
T00760,4,value-check,1,measurements,V010550,,Izod impact strength,G020-69,Fiberlogy MATTE PET-G,R-FIBERLOGY-FIBERLOGY-MATTEPETG-TDS,3bfa1a6ad0fb6f0319615b45550482b7123d1b3856d87405be64bdea86c9aaa5,.cache/sources/by-sha/3bfa1a6ad0fb6f0319615b45550482b7123d1b3856d87405be64bdea86c9aaa5.pdf,1,p. 1: Izod Impact Strength (Notched) @ 23°C ISO 180 kJ/m2,2 kJ/m2 · Notched · specimen: Not published (do not assume printed),"Izod impact strength 2 kJ/m² sits far from PETG's typical 5 (z -4.0). Is it what the page prints for this product, property, unit and conditions? Give a class: real, wrong-value, wrong-unit, wrong-property, wrong-condition, implausible (the page prints what cannot be) or variant (the product is a special formulation its material does not describe).",value
T00761,4,value-check,1,measurements,V010772,,Tensile break strength,G001-186,Fiberlogy HS PLA CLEAR,R-FIBERLOGY-FIBERLOGY-HS-PLA-CLEAR-TDS,9510971ebbd44ea25c88a774ed33a6ea166dd7620361270acdad98766b63dfbf,.cache/sources/by-sha/9510971ebbd44ea25c88a774ed33a6ea166dd7620361270acdad98766b63dfbf.pdf,1,p. 1: Tensile Strength @ Break ISO 527 MPa,50 MPa · Unstated · specimen: Not published (do not assume printed),"Tensile break strength 50 MPa sits far from PLA's typical 53 (z -4.0). Is it what the page prints for this product, property, unit and conditions? Give a class: real, wrong-value, wrong-unit, wrong-property, wrong-condition, implausible (the page prints what cannot be) or variant (the product is a special formulation its material does not describe).",value
T00762,4,value-check,1,measurements,V013405,,Density,G053-15,MatterHackers Carbon Fiber Nylon,R-MATTERHACKERS-5lDr5K,7f21e8cf8dd591fd9f827d0cfd66cf476fe396838a5a20a0960f6d8e1239e84e,.cache/sources/by-sha/7f21e8cf8dd591fd9f827d0cfd66cf476fe396838a5a20a0960f6d8e1239e84e.pdf,1,p. 1: Density (gcm-3),1.01 g/cm³ · specimen: Not published (density specimen form not explicitly established),"Density 1010 kg/m³ sits far from PA12-CF's typical 1070 (z -4.0). Is it what the page prints for this product, property, unit and conditions? Give a class: real, wrong-value, wrong-unit, wrong-property, wrong-condition, implausible (the page prints what cannot be) or variant (the product is a special formulation its material does not describe).",value
T00763,4,value-check,1,measurements,V013429,,Tensile break strength,G001-99,Nanovia PLA VX,R-NANOVIA-PLA-VX,2c1bf11988f966aece4359495c92ae89562f8d50a0a051aecac4d00339185a05,.cache/sources/by-sha/2c1bf11988f966aece4359495c92ae89562f8d50a0a051aecac4d00339185a05.html,1,p. 1: Break resistance,50 MPa · Unstated · specimen: Not published (do not assume printed),"Tensile break strength 50 MPa sits far from PLA's typical 53 (z -4.0). Is it what the page prints for this product, property, unit and conditions? Give a class: real, wrong-value, wrong-unit, wrong-property, wrong-condition, implausible (the page prints what cannot be) or variant (the product is a special formulation its material does not describe).",value
T00764,4,value-check,1,measurements,V008178,,Tensile modulus,G001-107,SUNLU PLA Matte,R-SUNLU-PLA-Matte-0,04ff55cd100379dbe00036ee68bb272ce1cf1432987676831cc0fbf038f45e5b,.cache/sources/by-sha/04ff55cd100379dbe00036ee68bb272ce1cf1432987676831cc0fbf038f45e5b.pdf,1,p. 1: Young’s Modulus ASTM D638 1mm/min MPa,4780 MPa · Unstated · specimen: Not published (do not assume printed),"Tensile modulus 4.78 GPa sits far from PLA's typical 3.341 (z 4.0). Is it what the page prints for this product, property, unit and conditions? Give a class: real, wrong-value, wrong-unit, wrong-property, wrong-condition, implausible (the page prints what cannot be) or variant (the product is a special formulation its material does not describe).",value
T00765,4,value-check,1,measurements,V005383,,Tensile strength (endpoint unspecified),G035-13,Flashforge PC,D-FLASH-PC-TDS-EN,cd531fc7210a1dae6431fcbb2680799ce17ebdaaa493a26e54459b7402607f67,.cache/sources/by-sha/cd531fc7210a1dae6431fcbb2680799ce17ebdaaa493a26e54459b7402607f67.pdf,1,p. 1: Tensile Strength(X-Y) ISO 527 Mpa,40-45 Mpa · XY · specimen: Printed specimen,"Tensile strength (endpoint unspecified) 40 MPa sits far from PC's typical 59.7 (z -4.0). Is it what the page prints for this product, property, unit and conditions? Give a class: real, wrong-value, wrong-unit, wrong-property, wrong-condition, implausible (the page prints what cannot be) or variant (the product is a special formulation its material does not describe).",value
T00766,4,value-check,1,measurements,V006792,,Elongation at break,G039-33,Recreus 70A,R-RECREUS-FILAFLEX-Filaflex-70A,448b943c0652e561feab7995c90b52146f26e8d32a5ae92103a66a33f3e361a9,.cache/sources/by-sha/448b943c0652e561feab7995c90b52146f26e8d32a5ae92103a66a33f3e361a9.pdf,2,p. 2: Elongation at break,900 % · Unstated · specimen: Not published (do not assume printed),"Elongation at break 900 % sits far from TPU 85A class and softer's typical 429.5 (z 4.0). Is it what the page prints for this product, property, unit and conditions? Give a class: real, wrong-value, wrong-unit, wrong-property, wrong-condition, implausible (the page prints what cannot be) or variant (the product is a special formulation its material does not describe).",value
T00767,4,value-check,1,measurements,V008796,,Glass transition temperature,G020-48,Anycubic PETG,R-3DJAKE-3DJAKE-ANYCUBIC-TDS-PETG-V3-0,2a0cb293e33a055374aafde9fc3ed97aa66eaa900407311b5255f73eae8537ae,.cache/sources/by-sha/2a0cb293e33a055374aafde9fc3ed97aa66eaa900407311b5255f73eae8537ae.pdf,2,"p. 2: Glass Transition Temperature ISO 11357-1, 10℃/min ℃",74.1 ℃ · specimen: Not published (do not assume printed),"Glass transition temperature 74.1 °C sits far from PETG's typical 80 (z -4.0). Is it what the page prints for this product, property, unit and conditions? Give a class: real, wrong-value, wrong-unit, wrong-property, wrong-condition, implausible (the page prints what cannot be) or variant (the product is a special formulation its material does not describe).",value
T00768,4,value-check,1,measurements,V005570,,Elongation at break,G020-57,Fabru Type G polyethylene terephthalate (PETG),R-FABRU-PUREFIL-2186-Materialdatenblatt-PETG-purefil,15c8650f50809e390e40828a5670955e0418bc05cc5f446158839d441644b7f4,.cache/sources/by-sha/15c8650f50809e390e40828a5670955e0418bc05cc5f446158839d441644b7f4.pdf,1,p. 1: Reissdehnung (ASTM D638),165 % · Unstated · specimen: Not published (do not assume printed),"Elongation at break 165 % sits far from PETG's typical 31 (z 3.9). Is it what the page prints for this product, property, unit and conditions? Give a class: real, wrong-value, wrong-unit, wrong-property, wrong-condition, implausible (the page prints what cannot be) or variant (the product is a special formulation its material does not describe).",value
T00769,4,value-check,1,measurements,V008489,,Tensile modulus,G001-109,SUNLU APLA,R-SUNLU-APLA,a6cac9de0802d21e737d1295f5c39b6268ab3334daaba07cad3c32b094aa4acf,.cache/sources/by-sha/a6cac9de0802d21e737d1295f5c39b6268ab3334daaba07cad3c32b094aa4acf.pdf,1,p. 1: Young’s Modulus ASTM D638 1mm/min MPa,4690 MPa · Unstated · specimen: Not published (do not assume printed),"Tensile modulus 4.69 GPa sits far from PLA's typical 3.341 (z 3.8). Is it what the page prints for this product, property, unit and conditions? Give a class: real, wrong-value, wrong-unit, wrong-property, wrong-condition, implausible (the page prints what cannot be) or variant (the product is a special formulation its material does not describe).",value
T00770,4,value-check,1,measurements,V008117,,Tensile strength (endpoint unspecified),G018-13,QIDI PLA-CF,R-QIDI-PLA-CF,b7b686b8eb094afd2a5956f30c619187d8f986b94237b67c4ac4456b0b5fea0f,.cache/sources/by-sha/b7b686b8eb094afd2a5956f30c619187d8f986b94237b67c4ac4456b0b5fea0f.pdf,2,p. 2: 拉伸强度(X-Y) Tensile strength(X-Y),54.92 ± 0.22 MPa · XY · specimen: Printed specimen,"Tensile strength (endpoint unspecified) 54.92 MPa sits far from PLA-CF's typical 43.75 (z 3.8). Is it what the page prints for this product, property, unit and conditions? Give a class: real, wrong-value, wrong-unit, wrong-property, wrong-condition, implausible (the page prints what cannot be) or variant (the product is a special formulation its material does not describe).",value
T00771,4,value-check,1,measurements,V008663,,Tensile modulus,G001-112,SUNLU PLA Meta,R-SUNLU-PLA-Meta,e7a30705a337be5a8f3c5866af281474aaa8e70a83158b09fa3c4bfe1f2708df,.cache/sources/by-sha/e7a30705a337be5a8f3c5866af281474aaa8e70a83158b09fa3c4bfe1f2708df.pdf,1,p. 1: Young’s Modulus ASTM D638 1mm/min MPa,2000 MPa · Unstated · specimen: Not published (do not assume printed),"Tensile modulus 2 GPa sits far from PLA's typical 3.341 (z -3.8). Is it what the page prints for this product, property, unit and conditions? Give a class: real, wrong-value, wrong-unit, wrong-property, wrong-condition, implausible (the page prints what cannot be) or variant (the product is a special formulation its material does not describe).",value
T00772,4,value-check,1,measurements,V002708,,Elongation at break,G020-06,Spectrum THE FILAMENT PETG Lite,S-SPECTRUM-en-tds-the-filament-petg-lite,2ba717ae194fcb8f5cc552e96a7c39c7fca93bdc7831ad9058f87513416b8bef,.cache/sources/by-sha/2ba717ae194fcb8f5cc552e96a7c39c7fca93bdc7831ad9058f87513416b8bef.pdf,1,p. 1: Elongation at Break,160 % · Unstated · specimen: Not published (do not assume printed),"Elongation at break 160 % sits far from PETG's typical 31 (z 3.7). Is it what the page prints for this product, property, unit and conditions? Give a class: real, wrong-value, wrong-unit, wrong-property, wrong-condition, implausible (the page prints what cannot be) or variant (the product is a special formulation its material does not describe).",value
T00773,4,value-check,1,measurements,V007677,,Elongation at break,G020-40,FormFutura Bulk PETG,S-PET-TDS-Bulk-PETG,88d4ca7e5810e3c2d15f7c621f45ac00bcdbf37f620ed8b04c7bd9570ec9b1fd,.cache/sources/by-sha/88d4ca7e5810e3c2d15f7c621f45ac00bcdbf37f620ed8b04c7bd9570ec9b1fd.pdf,2,"p. 2: Elongation at break (23°C, 50mm/min)",160 % · Unstated · specimen: Not published (do not assume printed),"Elongation at break 160 % sits far from PETG's typical 31 (z 3.7). Is it what the page prints for this product, property, unit and conditions? Give a class: real, wrong-value, wrong-unit, wrong-property, wrong-condition, implausible (the page prints what cannot be) or variant (the product is a special formulation its material does not describe).",value
T00774,4,value-check,1,measurements,V007893,,Density,G039-49,SIDDAMENT TPU 95A,S-PCGF-TPU-95A-TDS-Siddament,4d7fe2a5b8bd6eb67cdf815420c466b20b6fee7e7e29fbe9c0ae415e0bebca04,.cache/sources/by-sha/4d7fe2a5b8bd6eb67cdf815420c466b20b6fee7e7e29fbe9c0ae415e0bebca04.pdf,1,p. 1: Density ISO 1183 g/cm3,1.09 g/cm3 · specimen: Not published (density specimen form not explicitly established),"Density 1090 kg/m³ sits far from TPU 95A class's typical 1200 (z -3.7). Is it what the page prints for this product, property, unit and conditions? Give a class: real, wrong-value, wrong-unit, wrong-property, wrong-condition, implausible (the page prints what cannot be) or variant (the product is a special formulation its material does not describe).",value
T00775,4,value-check,1,measurements,V012427,,HDT,G020-09,Spectrum PET-G MATT,R-COVERAGE-20261001-28aad1fe7597,28aad1fe759765537625b69e860f0b3c31082660a9ca7f59f7cd304cee53e4c7,.cache/sources/by-sha/28aad1fe759765537625b69e860f0b3c31082660a9ca7f59f7cd304cee53e4c7.pdf,23,p. 23: HDT (G020-09; 80°C),80°C · specimen: Not published (do not assume printed),"HDT 80 °C sits far from PETG's typical 69 (z 3.7). Is it what the page prints for this product, property, unit and conditions? Give a class: real, wrong-value, wrong-unit, wrong-property, wrong-condition, implausible (the page prints what cannot be) or variant (the product is a special formulation its material does not describe).",value
T00776,4,value-check,1,measurements,V009771,,Charpy strength,G001-164,FormFutura Volcano PLA,S-PET-TDS-Volcano-PLA,a1e6461d1c7eee51ee6685252b39a3d81ae7c8d715638c032bb61678ba6b2c87,.cache/sources/by-sha/a1e6461d1c7eee51ee6685252b39a3d81ae7c8d715638c032bb61678ba6b2c87.pdf,1,p. 1: Impact strength,22 KJ/m² · Notched · specimen: Not published (do not assume printed),"Charpy strength 22 kJ/m² sits far from PLA's typical 5 (z 3.7). Is it what the page prints for this product, property, unit and conditions? Give a class: real, wrong-value, wrong-unit, wrong-property, wrong-condition, implausible (the page prints what cannot be) or variant (the product is a special formulation its material does not describe).",value
T00777,4,value-check,1,measurements,V003491,,Glass transition temperature,G027-07,Polymaker Polymaker ABS Max,S-POLYCN-TDS-Polymaker-ABS-Max-V1-1-2026-06-01-EN,d2274fcde980caeae90d00cfa885ee9442c67e2f7470792e3eb920b436d18c1b,.cache/sources/by-sha/d2274fcde980caeae90d00cfa885ee9442c67e2f7470792e3eb920b436d18c1b.pdf,1,"p. 1: Glass transition temp. DSC, 10°C/min",126.3 °C · specimen: Not published (do not assume printed),"Glass transition temperature 126.3 °C sits far from ABS's typical 105 (z 3.7). Is it what the page prints for this product, property, unit and conditions? Give a class: real, wrong-value, wrong-unit, wrong-property, wrong-condition, implausible (the page prints what cannot be) or variant (the product is a special formulation its material does not describe).",value
T00778,4,value-check,1,measurements,V007292,,Tensile yield strength,G020-36,3D-Fuel Pro PETG,R-3D-FUEL-3D-Fuel-Pro-PETG-9-22-25,cdcb9378f37d979cca7369f0e319a9cbe324050923f769bd5e73fbb2fc45c5cd,.cache/sources/by-sha/cdcb9378f37d979cca7369f0e319a9cbe324050923f769bd5e73fbb2fc45c5cd.pdf,2,p. 2: Tensile Strength @ Yield ASTM D638 Kgf/cm2,455 Kgf/cm2 · Unstated · specimen: Not published (do not assume printed),"Tensile yield strength 44.6202575 MPa sits far from PETG's typical 50 (z -3.6). Is it what the page prints for this product, property, unit and conditions? Give a class: real, wrong-value, wrong-unit, wrong-property, wrong-condition, implausible (the page prints what cannot be) or variant (the product is a special formulation its material does not describe).",value
T00779,4,value-check,1,measurements,V010000,,Density,G150-03,Recreus FILAFLEX 95 FOAMY,R-RECREUS-FILAFLEX-95A-FOAMY-TECHNICAL-DATA-SHEET-TDS-2024,01f0942994ed7a0f233467fee1d0258cfa76341c519b1c5b091c3c12b462df77,.cache/sources/by-sha/01f0942994ed7a0f233467fee1d0258cfa76341c519b1c5b091c3c12b462df77.pdf,1,p. 1: Filament density,"1.2 g/cm3 (TDS prints ""1,200"" with European decimal separator) · specimen: Not published (density specimen form not explicitly established)","Density 1200 kg/m³ sits far from TPU-LW's typical 1120 (z 3.6). Is it what the page prints for this product, property, unit and conditions? Give a class: real, wrong-value, wrong-unit, wrong-property, wrong-condition, implausible (the page prints what cannot be) or variant (the product is a special formulation its material does not describe).",value
T00780,4,value-check,1,measurements,V005556,,Tensile modulus,G014-05,Fabru / purefil PLA with Cork Fibers (Cork Filament),R-FABRU-PUREFIL-58-Korkfilament-purefil-Material-Data-en,052389469f047365561477f343d3bee4290822d8cf88b061aabd34b731943252,.cache/sources/by-sha/052389469f047365561477f343d3bee4290822d8cf88b061aabd34b731943252.pdf,1,p. 1: Tensile Modulus (ISO 178),2150 MPa · Unstated · specimen: Not published (do not assume printed),"Tensile modulus 2.15 GPa sits far from PLA Wood's typical 3.05 (z -3.6). Is it what the page prints for this product, property, unit and conditions? Give a class: real, wrong-value, wrong-unit, wrong-property, wrong-condition, implausible (the page prints what cannot be) or variant (the product is a special formulation its material does not describe).",value
T00781,4,value-check,1,measurements,V008873,,Tensile yield strength,G020-49,MatterHackers RYNO,R-MATTERHACKERS-PRO-SERIES-xomIDF,4cf5426ca58802b4af5f9f2b7d00d42ba5393446c2d43b2dbc20aaebe8e22796,.cache/sources/by-sha/4cf5426ca58802b4af5f9f2b7d00d42ba5393446c2d43b2dbc20aaebe8e22796.pdf,1,p. 1: Tensile Strength at Yield,8010 PSI · Unstated · specimen: Not published (do not assume printed),"Tensile yield strength 55.2270276 MPa sits far from PETG's typical 50 (z 3.5). Is it what the page prints for this product, property, unit and conditions? Give a class: real, wrong-value, wrong-unit, wrong-property, wrong-condition, implausible (the page prints what cannot be) or variant (the product is a special formulation its material does not describe).",value
T00782,4,value-check,1,measurements,V008947,,Elongation at break,G001-124,Jamg He PLA+,R-FILAMENT2PRINT-Jamg-He-PLA,6480da12fa66e5353495da2978794691c81448113cc1d080f70ffd47e691673d,.cache/sources/by-sha/6480da12fa66e5353495da2978794691c81448113cc1d080f70ffd47e691673d.pdf,3,p. 3: Elongation at break (%),21.5 ± 10 % · Unstated · specimen: Not published (do not assume printed),"Elongation at break 21.5 % sits far from PLA's typical 6 (z 3.5). Is it what the page prints for this product, property, unit and conditions? Give a class: real, wrong-value, wrong-unit, wrong-property, wrong-condition, implausible (the page prints what cannot be) or variant (the product is a special formulation its material does not describe).",value
T00783,4,value-check,1,measurements,V009510,,Tensile yield strength,G031-34,Filament2Print ASA,R-FILAMENT2PRINT-F2P-ASA-EN,0892778e2f18ca9fceb19ed47ffedf13f32a3ce521b38f9366e386f8d39728f4,.cache/sources/by-sha/0892778e2f18ca9fceb19ed47ffedf13f32a3ce521b38f9366e386f8d39728f4.pdf,1,p. 1: Yield Strength,"34.435 MPA (TDS prints ""34,435"" with European decimal separator) · Unstated · specimen: Not published (do not assume printed)","Tensile yield strength 34.435 MPa sits far from ASA's typical 45 (z -3.5). Is it what the page prints for this product, property, unit and conditions? Give a class: real, wrong-value, wrong-unit, wrong-property, wrong-condition, implausible (the page prints what cannot be) or variant (the product is a special formulation its material does not describe).",value
T00784,4,value-check,1,measurements,V000073,,Tensile strength (endpoint unspecified),G003-01,Bambu Lab PLA Matte,B-pla-matte-TDS,544f98056f3a142969983a97dcd75140b447bca397f99e17edeb260cd2d0d3f5,.cache/sources/by-sha/544f98056f3a142969983a97dcd75140b447bca397f99e17edeb260cd2d0d3f5.pdf,2,p. 2: Tensile Strength (X-Y),30 ± 5 MPa · XY · specimen: Printed specimen,"Tensile strength (endpoint unspecified) 30 MPa sits far from PLA's typical 35 (z -3.4). Is it what the page prints for this product, property, unit and conditions? Give a class: real, wrong-value, wrong-unit, wrong-property, wrong-condition, implausible (the page prints what cannot be) or variant (the product is a special formulation its material does not describe).",value
T00785,4,value-check,1,measurements,V002863,,Density,G001-08,Spectrum THE FILAMENT PLA Matte,S-SPECTRUM-en-tds-the-filament-pla-matte,6f2d1112b814d34adb989c85702b77b3171dddcf1725bb4836136ed002a2c01a,.cache/sources/by-sha/6f2d1112b814d34adb989c85702b77b3171dddcf1725bb4836136ed002a2c01a.pdf,1,p. 1: Specific Gravity,1.29 g/cm3 · specimen: Not published (density specimen form not explicitly established),"Density 1290 kg/m³ sits far from PLA's typical 1240 (z 3.4). Is it what the page prints for this product, property, unit and conditions? Give a class: real, wrong-value, wrong-unit, wrong-property, wrong-condition, implausible (the page prints what cannot be) or variant (the product is a special formulation its material does not describe).",value
T00786,4,value-check,1,measurements,V004878,,Density,G033-06,Eryone ASA-CF,R-ERYONE-file-manager-downLoad-path-file-manage-3828-20250903-eryone--41b571,41b5719ab31f82e0dcdd9441874566201f91a398472b25d648bbd2cc1875c6bd,.cache/sources/by-sha/41b5719ab31f82e0dcdd9441874566201f91a398472b25d648bbd2cc1875c6bd.pdf,1,"p. 1: Density(g/cm³ at 21.5 ° C) ASTM D792 (ISO 1183, GB/T 1033) g/cm³",1.17 g/cm³ · specimen: Not published (density specimen form not explicitly established),"Density 1170 kg/m³ sits far from ASA-CF's typical 1095 (z 3.4). Is it what the page prints for this product, property, unit and conditions? Give a class: real, wrong-value, wrong-unit, wrong-property, wrong-condition, implausible (the page prints what cannot be) or variant (the product is a special formulation its material does not describe).",value
T00787,4,value-check,1,measurements,V005133,,Density,G027-15,Eryone Hyper -Speed ABS,R-ERYONE-file-manager-downLoad-path-file-manage-3828-20250903-eryone--fbbd78,fbbd78d14bbb59d010d609a96c92fa13da80ea45199100a8133d927df4a111f3,.cache/sources/by-sha/fbbd78d14bbb59d010d609a96c92fa13da80ea45199100a8133d927df4a111f3.pdf,2,"p. 2: Density(g/cm³ at 21.5 ° C) ASTM D792 (ISO 1183, GB/T 1033) g/cm³",1.1 g/cm³ · specimen: Not published (density specimen form not explicitly established),"Density 1100 kg/m³ sits far from ABS's typical 1050 (z 3.4). Is it what the page prints for this product, property, unit and conditions? Give a class: real, wrong-value, wrong-unit, wrong-property, wrong-condition, implausible (the page prints what cannot be) or variant (the product is a special formulation its material does not describe).",value
T00788,4,value-check,1,measurements,V007207,,Density,G030-05,eSUN ABS-ESD,S-PEBA-ABS-ESD-TDS-EN,b7f1cf87900ba54ffeba246e6b5100d3e1754c22c2a35f4b446bffb3e34ded7b,.cache/sources/by-sha/b7f1cf87900ba54ffeba246e6b5100d3e1754c22c2a35f4b446bffb3e34ded7b.pdf,1,p. 1: Density GB/T 1033,0.97 g/cm3 · specimen: Not published (density specimen form not explicitly established),"Density 970 kg/m³ sits far from ABS-ESD's typical 1070 (z -3.4). Is it what the page prints for this product, property, unit and conditions? Give a class: real, wrong-value, wrong-unit, wrong-property, wrong-condition, implausible (the page prints what cannot be) or variant (the product is a special formulation its material does not describe).",value
T00789,4,value-check,1,measurements,V007678,,HDT,G020-40,FormFutura Bulk PETG,S-PET-TDS-Bulk-PETG,88d4ca7e5810e3c2d15f7c621f45ac00bcdbf37f620ed8b04c7bd9570ec9b1fd,.cache/sources/by-sha/88d4ca7e5810e3c2d15f7c621f45ac00bcdbf37f620ed8b04c7bd9570ec9b1fd.pdf,2,p. 2: HDT,79 °C · specimen: Not published (do not assume printed),"HDT 79 °C sits far from PETG's typical 69 (z 3.4). Is it what the page prints for this product, property, unit and conditions? Give a class: real, wrong-value, wrong-unit, wrong-property, wrong-condition, implausible (the page prints what cannot be) or variant (the product is a special formulation its material does not describe).",value
T00790,4,value-check,1,measurements,V008767,,Elongation at break,G024-17,3DJake easyPETG CF,R-3DJAKE-3DJAKE-TDS-3DJAKE-PETG-CF,1f374b85baff32d152584ef518c5b9450193f1fda37e7d6bc7322f881fb942da,.cache/sources/by-sha/1f374b85baff32d152584ef518c5b9450193f1fda37e7d6bc7322f881fb942da.pdf,1,p. 1: Nominal strain at break,9 % · Unstated · specimen: Not published (do not assume printed),"Elongation at break 9 % sits far from PETG-CF's typical 4 (z 3.4). Is it what the page prints for this product, property, unit and conditions? Give a class: real, wrong-value, wrong-unit, wrong-property, wrong-condition, implausible (the page prints what cannot be) or variant (the product is a special formulation its material does not describe).",value
T00791,4,value-check,1,measurements,V009023,,Density,G001-126,Nobufil PLAx,R-3DJAKE-3DJAKE-Technische-daten-PLAx,84f26c1ec84d765f434ef7aaad334755c26c34c91d6d51e73f600c8ad58c44ba,.cache/sources/by-sha/84f26c1ec84d765f434ef7aaad334755c26c34c91d6d51e73f600c8ad58c44ba.pdf,1,p. 1: Density,"1,19 g/cm³ · specimen: Not published (density specimen form not explicitly established)","Density 1190 kg/m³ sits far from PLA's typical 1240 (z -3.4). Is it what the page prints for this product, property, unit and conditions? Give a class: real, wrong-value, wrong-unit, wrong-property, wrong-condition, implausible (the page prints what cannot be) or variant (the product is a special formulation its material does not describe).",value
T00792,4,value-check,1,measurements,V009137,,Density,G001-132,Anycubic PLA High Speed,R-3DJAKE-3DJAKE-ANYCUBIC-TDS-PLA-HS-V3-0,fde3324f7bb6b28753b4fb6ef15d53a748b50ec1cbac92e43baf77e58e95b9a5,.cache/sources/by-sha/fde3324f7bb6b28753b4fb6ef15d53a748b50ec1cbac92e43baf77e58e95b9a5.pdf,1,"p. 1: Density/(g/cm³) ISO 1183,at 23°C g/cm³",1.19 g/cm³ · specimen: Not published (density specimen form not explicitly established),"Density 1190 kg/m³ sits far from PLA's typical 1240 (z -3.4). Is it what the page prints for this product, property, unit and conditions? Give a class: real, wrong-value, wrong-unit, wrong-property, wrong-condition, implausible (the page prints what cannot be) or variant (the product is a special formulation its material does not describe).",yes
T00793,4,value-check,1,measurements,V010441,,Density,G027-51,FormFutura ReForm - rTitan,S-PET-TDS-ReForm-rTitan,413a94279eee618eb45795147d0f45353eb8719a0b64ecbd7b4207eedcc9ad21,.cache/sources/by-sha/413a94279eee618eb45795147d0f45353eb8719a0b64ecbd7b4207eedcc9ad21.pdf,1,p. 1: Specific gravity,1.10 g/cc · specimen: Not published (density specimen form not explicitly established),"Density 1100 kg/m³ sits far from ABS's typical 1050 (z 3.4). Is it what the page prints for this product, property, unit and conditions? Give a class: real, wrong-value, wrong-unit, wrong-property, wrong-condition, implausible (the page prints what cannot be) or variant (the product is a special formulation its material does not describe).",value
T00794,4,value-check,1,measurements,V013417,,Glass transition temperature,G029-05,Nanovia ABS CF,R-NANOVIA-ABS-CF,9432da1949e748295c4ab53e5ec828831c23380347022a9b5143a4ce3715d811,.cache/sources/by-sha/9432da1949e748295c4ab53e5ec828831c23380347022a9b5143a4ce3715d811.html,1,p. 1: Tg,110 °C · specimen: Not published (do not assume printed),"Glass transition temperature 110 °C sits far from ABS-CF's typical 105 (z 3.4). Is it what the page prints for this product, property, unit and conditions? Give a class: real, wrong-value, wrong-unit, wrong-property, wrong-condition, implausible (the page prints what cannot be) or variant (the product is a special formulation its material does not describe).",value
T00795,4,value-check,1,measurements,V013419,,Glass transition temperature,G030-06,Nanovia ABS ESD,R-NANOVIA-ABS-ESD,1e4fad9bdd0f3048b184d5f595532410986de1bdcea54d20f447f9bf081b984c,.cache/sources/by-sha/1e4fad9bdd0f3048b184d5f595532410986de1bdcea54d20f447f9bf081b984c.html,1,p. 1: Tg,100 °C · specimen: Not published (do not assume printed),"Glass transition temperature 100 °C sits far from ABS-ESD's typical 105 (z -3.4). Is it what the page prints for this product, property, unit and conditions? Give a class: real, wrong-value, wrong-unit, wrong-property, wrong-condition, implausible (the page prints what cannot be) or variant (the product is a special formulation its material does not describe).",value
T00796,4,value-check,1,measurements,V005711,,Tensile yield strength,G081-03,Fabru / purefil High impact Polystyrol (HIPS),R-FABRU-PUREFIL-35-material-data-sheet-HIPS-purefil,db8229fc6da7850cfe9a7f61b2455c47b9d0a37ae815a0b2c17c3e11c3735478,.cache/sources/by-sha/db8229fc6da7850cfe9a7f61b2455c47b9d0a37ae815a0b2c17c3e11c3735478.pdf,1,p. 1: Yield stress (ISO 527-2/5),16 MPa · Unstated · specimen: Not published (do not assume printed),"Tensile yield strength 16 MPa sits far from HIPS's typical 23.5 (z -3.4). Is it what the page prints for this product, property, unit and conditions? Give a class: real, wrong-value, wrong-unit, wrong-property, wrong-condition, implausible (the page prints what cannot be) or variant (the product is a special formulation its material does not describe).",value
T00797,4,value-check,1,measurements,V006074,,Tensile modulus,G031-14,Fillamentum ASA Extrafill,R-FILLAMENTUM-Technical-Data-Sheet-ASA-Extrafill-03012019,83276005b57e9d033bf6fd8756b4bdf34404b0097ab21ec10f0c1dbefe3cc10d,.cache/sources/by-sha/83276005b57e9d033bf6fd8756b4bdf34404b0097ab21ec10f0c1dbefe3cc10d.pdf,1,p. 1: Tensile modulus,1726 MPa · Unstated · specimen: Not published (do not assume printed),"Tensile modulus 1.726 GPa sits far from ASA's typical 2.1373756 (z -3.4). Is it what the page prints for this product, property, unit and conditions? Give a class: real, wrong-value, wrong-unit, wrong-property, wrong-condition, implausible (the page prints what cannot be) or variant (the product is a special formulation its material does not describe).",value
T00798,4,value-check,1,measurements,V005812,,Tensile modulus,G066-05,colorFabb PET Flex Max,R-COLORFABB-TDS-PET-FLEX-MAX,5e0b06d8afee556c2a7fcdf272849911a5035d236fdb58f089691ce676c0a0d4,.cache/sources/by-sha/5e0b06d8afee556c2a7fcdf272849911a5035d236fdb58f089691ce676c0a0d4.pdf,1,"p. 1: Youngs Modulus Tensile, ISO 527-1A",442 MPa · XY · specimen: Printed specimen,"Tensile modulus 0.442 GPa sits far from PET's typical 2.08 (z -3.3). Is it what the page prints for this product, property, unit and conditions? Give a class: real, wrong-value, wrong-unit, wrong-property, wrong-condition, implausible (the page prints what cannot be) or variant (the product is a special formulation its material does not describe).",value
T00799,4,value-check,1,measurements,V013998,,Tensile strength (endpoint unspecified),G020-58,Raise3D Premium PETG,D-RAISE3D-Raise3d-Premium-PETG-TDS-V3,dec77d6274f94a6e08aef623e55cd46c4842939584d77b3354a7cb19835a91db,.cache/sources/by-sha/dec77d6274f94a6e08aef623e55cd46c4842939584d77b3354a7cb19835a91db.pdf,1,p. 1: Tensile strength (X-Y),31.9 ± 1.1 (MPa) · XY · specimen: Printed specimen,"Tensile strength (endpoint unspecified) 31.9 MPa sits far from PETG's typical 48 (z -3.3). Is it what the page prints for this product, property, unit and conditions? Give a class: real, wrong-value, wrong-unit, wrong-property, wrong-condition, implausible (the page prints what cannot be) or variant (the product is a special formulation its material does not describe).",value
T00800,4,value-check,1,measurements,V009640,,Tensile yield strength,G011-08,FormFutura MetalFil - Classic Copper,S-PET-TDS-MetalFil-Classic-Copper,5c26661ff2070d288c5fb0173b34c99941e749730f7c1b94c4a22dcca0044540,.cache/sources/by-sha/5c26661ff2070d288c5fb0173b34c99941e749730f7c1b94c4a22dcca0044540.pdf,1,p. 1: Tensile strength,18.3 Mpa · Unstated · specimen: Not published (do not assume printed),"Tensile yield strength 18.3 MPa sits far from PLA Metal's typical 30.5 (z -3.3). Is it what the page prints for this product, property, unit and conditions? Give a class: real, wrong-value, wrong-unit, wrong-property, wrong-condition, implausible (the page prints what cannot be) or variant (the product is a special formulation its material does not describe).",value
T00801,4,value-check,1,measurements,V013984,,Elongation at break,G027-40,Raise3D Premium ABS,D-RAISE3D-Raise3D-Premium-ABS-TDS-V7-2,2b0c2628808cc6d6702673cb963695fc7b98262ba3776be6ce3629ccaaeb4485,.cache/sources/by-sha/2b0c2628808cc6d6702673cb963695fc7b98262ba3776be6ce3629ccaaeb4485.pdf,1,"p. 1: Elongation at break (%, X-Y)",2.7 ±0.4 · XY · specimen: Printed specimen,"Elongation at break 2.7 % sits far from ABS's typical 10 (z -3.3). Is it what the page prints for this product, property, unit and conditions? Give a class: real, wrong-value, wrong-unit, wrong-property, wrong-condition, implausible (the page prints what cannot be) or variant (the product is a special formulation its material does not describe).",value
T00802,4,value-check,1,measurements,V009909,,Density,G018-18,iSANMATE PLA CF,I-PLA-PLA-CF-TDS,8c708beeb8f4e9e59367e90f47e43bce09d0f8a30c6ef6520c96b40cf5c6901e,.cache/sources/by-sha/8c708beeb8f4e9e59367e90f47e43bce09d0f8a30c6ef6520c96b40cf5c6901e.pdf,1,p. 1: 密度/Specific Gravity ISO 1183 g/cm3,"1,42 g/cm3 · specimen: Not published (density specimen form not explicitly established)","Density 1420 kg/m³ sits far from PLA-CF's typical 1250 (z 3.3). Is it what the page prints for this product, property, unit and conditions? Give a class: real, wrong-value, wrong-unit, wrong-property, wrong-condition, implausible (the page prints what cannot be) or variant (the product is a special formulation its material does not describe).",value
T00803,4,value-check,1,measurements,V011218,,Density,G169-01,Extrudr GREENTEC PRO CF,R-EXTRUDR-greentec-pro-cf-TDS-en,648dbe95c949cc3f698fe263f19e64f6b8c888aa338f79b794a17c841280bb12,.cache/sources/by-sha/648dbe95c949cc3f698fe263f19e64f6b8c888aa338f79b794a17c841280bb12.pdf,1,p. 1: Density ISO 1183 g/cm³,1.2 g/cm³ · specimen: Not published (density specimen form not explicitly established),"Density 1200 kg/m³ sits far from PLA blend-CF's typical 1345 (z -3.3). Is it what the page prints for this product, property, unit and conditions? Give a class: real, wrong-value, wrong-unit, wrong-property, wrong-condition, implausible (the page prints what cannot be) or variant (the product is a special formulation its material does not describe).",value
T00804,4,value-check,1,measurements,V009204,,Density,G001-134,Spectrum GreenyHT,S-SPECTRUM-en-tds-spectrum-greenyht,3ca0f7060c58486704dcc95a688e981bdf58c2cadfad40ee9be6719d45e485d6,.cache/sources/by-sha/3ca0f7060c58486704dcc95a688e981bdf58c2cadfad40ee9be6719d45e485d6.pdf,1,p. 1: Density,"1,54 g/cm3 · specimen: Not published (density specimen form not explicitly established)","Density 1540 kg/m³ sits far from PLA blend's typical 1350 (z 3.2). Is it what the page prints for this product, property, unit and conditions? Give a class: real, wrong-value, wrong-unit, wrong-property, wrong-condition, implausible (the page prints what cannot be) or variant (the product is a special formulation its material does not describe).",value
T00805,4,value-check,1,measurements,V003523,,Density,G001-21,Polymaker Polymaker HT PLA,S-POLYCN-Polymaker-HT-PLA-TDS-EN-V1-1,442547e8f1a407bd82b3b2d14e3e8a674f18928e5ced0dbc4f65f30a46f07fbb,.cache/sources/by-sha/442547e8f1a407bd82b3b2d14e3e8a674f18928e5ced0dbc4f65f30a46f07fbb.pdf,2,"p. 2: Density ISO1183, GB/T1033",1.287 g/cm3 · specimen: Not published (density specimen form not explicitly established),"Density 1287 kg/m³ sits far from PLA's typical 1240 (z 3.2). Is it what the page prints for this product, property, unit and conditions? Give a class: real, wrong-value, wrong-unit, wrong-property, wrong-condition, implausible (the page prints what cannot be) or variant (the product is a special formulation its material does not describe).",yes
T00806,4,value-check,1,measurements,V010096,,Tensile modulus,G053-14,Fillamentum Nylon CF15 Carbon,R-FILLAMENTUM-Technical-Data-Sheet-Nylon-CF15-Carbon-03012019,4cff0dfc0c42e48525cc97595a7285f92ca4037aa1f4b489bf24a24e3e5c8074,.cache/sources/by-sha/4cff0dfc0c42e48525cc97595a7285f92ca4037aa1f4b489bf24a24e3e5c8074.pdf,1,p. 1: Tensile modulus,500 MPa · Unstated · specimen: Not published (do not assume printed),"Tensile modulus 0.5 GPa sits far from PA12-CF's typical 7.3 (z -3.2). Is it what the page prints for this product, property, unit and conditions? Give a class: real, wrong-value, wrong-unit, wrong-property, wrong-condition, implausible (the page prints what cannot be) or variant (the product is a special formulation its material does not describe).",value
T00807,4,value-check,1,measurements,V010294,,Density,G150-01,Recreus FILAFLEX FOAMY,R-RECREUS-FILAFLEX-FOAMY-TECHNICAL-DATA-SHEET-TDS-2023,a7f5e0d6f8309db5bcff2a79d7af052751d3bac34e2d77565121133197af219b,.cache/sources/by-sha/a7f5e0d6f8309db5bcff2a79d7af052751d3bac34e2d77565121133197af219b.pdf,1,p. 1: Filament density,"1.05 g/cm3 (TDS prints ""1,050"" with European decimal separator) · specimen: Not published (density specimen form not explicitly established)","Density 1050 kg/m³ sits far from TPU-LW's typical 1120 (z -3.1). Is it what the page prints for this product, property, unit and conditions? Give a class: real, wrong-value, wrong-unit, wrong-property, wrong-condition, implausible (the page prints what cannot be) or variant (the product is a special formulation its material does not describe).",value
T00808,4,value-check,1,measurements,V012702,,Elongation at break,G001-179,BigRep PLX,D-BIGREP-PLX-PAGE,4ffdcbcb0a9a35663fb107d1f8ff1014d4615a3a849d1433009acd4f2d97c7df,.cache/sources/by-sha/4ffdcbcb0a9a35663fb107d1f8ff1014d4615a3a849d1433009acd4f2d97c7df.html,1,p. 1: Elongation at break (prose),20% · Unstated · specimen: Not published (do not assume printed),"Elongation at break 20 % sits far from PLA's typical 6 (z 3.1). Is it what the page prints for this product, property, unit and conditions? Give a class: real, wrong-value, wrong-unit, wrong-property, wrong-condition, implausible (the page prints what cannot be) or variant (the product is a special formulation its material does not describe).",value
T00809,4,value-check,1,measurements,V000431,,Tensile modulus,G021-01,Bambu Lab PETG Basic,B-petg-basic-TDS,fc23b725a4632bd931f28d0076461180e0ba87b7c2ddb6b1f16478ad5c5db6c6,.cache/sources/by-sha/fc23b725a4632bd931f28d0076461180e0ba87b7c2ddb6b1f16478ad5c5db6c6.pdf,2,p. 2: Young's Modulus (X-Y),2780 ± 65 MPa · XY · specimen: Printed specimen,"Tensile modulus 2.78 GPa sits far from PETG's typical 1.5865 (z 3.1). Is it what the page prints for this product, property, unit and conditions? Give a class: real, wrong-value, wrong-unit, wrong-property, wrong-condition, implausible (the page prints what cannot be) or variant (the product is a special formulation its material does not describe).",yes
T00810,4,value-check,1,measurements,V009777,,Tensile yield strength,G011-09,FormFutura MetalFil - Ancient Bronze,S-PET-TDS-MetalFil-Ancient-Bronze,a444ab79bfb3715d761863d5e32722c16662e06885bb17eaf59c1dbcbb1f0319,.cache/sources/by-sha/a444ab79bfb3715d761863d5e32722c16662e06885bb17eaf59c1dbcbb1f0319.pdf,1,p. 1: Tensile strength,19.0 Mpa · Unstated · specimen: Not published (do not assume printed),"Tensile yield strength 19 MPa sits far from PLA Metal's typical 30.5 (z -3.1). Is it what the page prints for this product, property, unit and conditions? Give a class: real, wrong-value, wrong-unit, wrong-property, wrong-condition, implausible (the page prints what cannot be) or variant (the product is a special formulation its material does not describe).",value
T00811,4,value-check,1,measurements,V005648,,Tensile modulus,G039-24,Fabru / purefil Thermoplastic polyurethane (TPU),R-FABRU-PUREFIL-241-Material-data-sheet-TPU-53D-purefil,a1b56f11a74479ebb256dfeac5a6811da68de628644ce4d407219a372119cda5,.cache/sources/by-sha/a1b56f11a74479ebb256dfeac5a6811da68de628644ce4d407219a372119cda5.pdf,1,p. 1: Tensile modulus (ASTM D412),12.6 MPa · Unstated · specimen: Not published (do not assume printed),"Tensile modulus 0.0126 GPa sits far from TPU harder than 95A's typical 0.15 (z -3.1). Is it what the page prints for this product, property, unit and conditions? Give a class: real, wrong-value, wrong-unit, wrong-property, wrong-condition, implausible (the page prints what cannot be) or variant (the product is a special formulation its material does not describe).",value
T00812,4,value-check,1,measurements,V008399,,Elongation at break,G020-46,Prusa Research Buddy3D PET-G,S-PVB-technisches-datenblatt-3,856a4eeb51955724cb28c49b7853f1f17a91aa8a9ae40e82ccfaa8f3edbb068d,.cache/sources/by-sha/856a4eeb51955724cb28c49b7853f1f17a91aa8a9ae40e82ccfaa8f3edbb068d.pdf,2,p. 2: Elongation at break D638 – %,138 % · Unstated · specimen: Not published (do not assume printed),"Elongation at break 138 % sits far from PETG's typical 31 (z 3.1). Is it what the page prints for this product, property, unit and conditions? Give a class: real, wrong-value, wrong-unit, wrong-property, wrong-condition, implausible (the page prints what cannot be) or variant (the product is a special formulation its material does not describe).",value
T00813,4,value-check,1,measurements,V006828,,Tensile modulus,G020-30,BigRep rPETG,R-BIGREP-EajSvqXsqMZDmdON2v3rhnQBDgGH-1IuRzfjv5WgPXKsQA,4b491a2ee5adbbfc52a2f6236e143fe2dfe48c08db85587deee4dc32dad51573,.cache/sources/by-sha/4b491a2ee5adbbfc52a2f6236e143fe2dfe48c08db85587deee4dc32dad51573.pdf,1,p. 1: Tensile Modulus (ISO 527),1800 MPa · Unstated · specimen: Not published (do not assume printed),"Tensile modulus 1.8 GPa sits far from PETG's typical 2.8 (z -3.1). Is it what the page prints for this product, property, unit and conditions? Give a class: real, wrong-value, wrong-unit, wrong-property, wrong-condition, implausible (the page prints what cannot be) or variant (the product is a special formulation its material does not describe).",value
T00814,4,value-check,1,measurements,V002844,,Density,G020-08,Spectrum PET-G HT100,S-SPECTRUM-en-tds-spectrum-petg-ht100,596df17233fa8273c74c0bd8da1b7e154bdf8fbb1760b6b9f4379976bf600df1,.cache/sources/by-sha/596df17233fa8273c74c0bd8da1b7e154bdf8fbb1760b6b9f4379976bf600df1.pdf,1,p. 1: Specific Gravity,1.18 g/cm3 · specimen: Not published (density specimen form not explicitly established),"Density 1180 kg/m³ sits far from PETG's typical 1270 (z -3.0). Is it what the page prints for this product, property, unit and conditions? Give a class: real, wrong-value, wrong-unit, wrong-property, wrong-condition, implausible (the page prints what cannot be) or variant (the product is a special formulation its material does not describe).",value
T00815,4,value-check,1,measurements,V003050,,Density,G039-08,Spectrum S-Flex 98A,S-SPECTRUM-en-tds-spectrum-sflex-98a,bea252aae3c5ad47134a55822706787d51e141f3762baa742c17dd0ee12bc1e0,.cache/sources/by-sha/bea252aae3c5ad47134a55822706787d51e141f3762baa742c17dd0ee12bc1e0.pdf,1,p. 1: Density,"1,09 g/cm3 · specimen: Not published (density specimen form not explicitly established)","Density 1090 kg/m³ sits far from TPU harder than 95A's typical 1180 (z -3.0). Is it what the page prints for this product, property, unit and conditions? Give a class: real, wrong-value, wrong-unit, wrong-property, wrong-condition, implausible (the page prints what cannot be) or variant (the product is a special formulation its material does not describe).",value
T00816,4,value-check,1,measurements,V005123,,Density,G050-07,Eryone PA6-CF,R-ERYONE-file-manager-downLoad-path-file-manage-3828-20250903-eryone--f94f65,f94f6502d56c82432a189c14d192747835a3e77494897b46d85ed3418f478404,.cache/sources/by-sha/f94f6502d56c82432a189c14d192747835a3e77494897b46d85ed3418f478404.pdf,1,"p. 1: Density(g/cm³ at 21.5 ° C) ASTM D792 (ISO 1183, GB/T 1033) g/cm³",1.09 g/cm³ · specimen: Not published (density specimen form not explicitly established),"Density 1090 kg/m³ sits far from PA6-CF's typical 1180 (z -3.0). Is it what the page prints for this product, property, unit and conditions? Give a class: real, wrong-value, wrong-unit, wrong-property, wrong-condition, implausible (the page prints what cannot be) or variant (the product is a special formulation its material does not describe).",yes
T00817,4,value-check,1,measurements,V011138,,Density,G167-03,Fiberlogy FiberFlex 30D,R-FIBERLOGY-FIBERLOGY-FIBERFLEX30D-TDS,29baaa34d6aa806623c74831151700eaf711fb55b5acbff5e08fdd938c1577a0,.cache/sources/by-sha/29baaa34d6aa806623c74831151700eaf711fb55b5acbff5e08fdd938c1577a0.pdf,1,p. 1: Specific Density ASTM D792 g/cm3,1.07 g/cm3 · specimen: Not published (density specimen form not explicitly established),"Density 1070 kg/m³ sits far from TPC / TPEE's typical 1160 (z -3.0). Is it what the page prints for this product, property, unit and conditions? Give a class: real, wrong-value, wrong-unit, wrong-property, wrong-condition, implausible (the page prints what cannot be) or variant (the product is a special formulation its material does not describe).",value
T00818,4,value-check,1,measurements,V001050,,Glass transition temperature,G057-02,3DXTECH AMIDEX PA6 Copolymer v1 0,X-AMIDEX-PA6-Copolymer-v1-0,6752cf025a50c485ead78dc0f22a87abcc5f19517ac2f7eccba385236035aaf1,.cache/sources/by-sha/6752cf025a50c485ead78dc0f22a87abcc5f19517ac2f7eccba385236035aaf1.pdf,1,p. 1: Glass Transition Temperature,76 · specimen: Printed specimen,"Glass transition temperature 76 °C sits far from PA6/66's typical 67 (z 3.0). Is it what the page prints for this product, property, unit and conditions? Give a class: real, wrong-value, wrong-unit, wrong-property, wrong-condition, implausible (the page prints what cannot be) or variant (the product is a special formulation its material does not describe).",value
T00819,4,value-check,1,measurements,V009791,,HDT,G020-64,FormFutura ReFill PETG,S-PET-TDS-ReFill-PETG,ad65b35bceff8b42654d28ae989c7c671130b41ae0d1503272c5249244533595,.cache/sources/by-sha/ad65b35bceff8b42654d28ae989c7c671130b41ae0d1503272c5249244533595.pdf,1,p. 1: HDT,78 °C · specimen: Not published (do not assume printed),"HDT 78 °C sits far from PETG's typical 69 (z 3.0). Is it what the page prints for this product, property, unit and conditions? Give a class: real, wrong-value, wrong-unit, wrong-property, wrong-condition, implausible (the page prints what cannot be) or variant (the product is a special formulation its material does not describe).",value
T00820,4,value-check,1,measurements,V003445,,Charpy strength,G035-06,Polymaker PolyMax PC,S-POLYCN-TDS-Polymaker-PolyMax-PC-V5-5-2026-01-05-EN,2c5428e4c379e53b412eeb83489a8e892ca1a0524540ded390041fc84d9de00d,.cache/sources/by-sha/2c5428e4c379e53b412eeb83489a8e892ca1a0524540ded390041fc84d9de00d.pdf,1,"p. 1: Notched charpy impact strength (X-Y) ISO 179, GB/T 1043",21.28 ± 1.69 kJ/m2 · Notched · XY · specimen: Not published (do not assume printed),"Charpy strength 21.28 kJ/m² sits far from PC's typical 6.95 (z 3.0). Is it what the page prints for this product, property, unit and conditions? Give a class: real, wrong-value, wrong-unit, wrong-property, wrong-condition, implausible (the page prints what cannot be) or variant (the product is a special formulation its material does not describe).",value
T00821,4,value-check,2,measurements,V006564,,Flexural strength,G001-71,eSUN PLA-Matte,S-PEBA-PLA-Matte-TDS-2025-06-19-1,0230bd05cf2beeb201126eb410116985d1238ea4b28c7261d3e64b2f187867ab,.cache/sources/by-sha/0230bd05cf2beeb201126eb410116985d1238ea4b28c7261d3e64b2f187867ab.pdf,2,p. 2: Flexural Strength (Z) GB/T 9341,21.1 Mpa · Z · specimen: Printed specimen,"Flexural strength 21.1 MPa sits far from PLA's typical 53.2 (z -4.0). Is it what the page prints for this product, property, unit and conditions? Give a class: real, wrong-value, wrong-unit, wrong-property, wrong-condition, implausible (the page prints what cannot be) or variant (the product is a special formulation its material does not describe).",no
T00822,4,value-check,2,measurements,V006790,,Hardness,G039-33,Recreus 70A,R-RECREUS-FILAFLEX-Filaflex-70A,448b943c0652e561feab7995c90b52146f26e8d32a5ae92103a66a33f3e361a9,.cache/sources/by-sha/448b943c0652e561feab7995c90b52146f26e8d32a5ae92103a66a33f3e361a9.pdf,2,"p. 2: Hardness (Shore A, 3 s)",70 · specimen: Not published (do not assume printed),"Hardness 70 Shore A sits far from TPU 85A class and softer's typical 85 (z -5.1). Is it what the page prints for this product, property, unit and conditions? Give a class: real, wrong-value, wrong-unit, wrong-property, wrong-condition, implausible (the page prints what cannot be) or variant (the product is a special formulation its material does not describe).",no
T00823,4,value-check,2,measurements,V012545,,Izod impact strength,G020-48,Anycubic PETG,R-3DJAKE-3DJAKE-ANYCUBIC-TDS-PETG-V3-0,2a0cb293e33a055374aafde9fc3ed97aa66eaa900407311b5255f73eae8537ae,.cache/sources/by-sha/2a0cb293e33a055374aafde9fc3ed97aa66eaa900407311b5255f73eae8537ae.pdf,1,p. 1: Izod Impact Strength (kJ/m²) (X-Y),45±2 · XY · specimen: Printed specimen,"Izod impact strength 45 kJ/m² sits far from PETG's typical 4.1 (z 25.1). Is it what the page prints for this product, property, unit and conditions? Give a class: real, wrong-value, wrong-unit, wrong-property, wrong-condition, implausible (the page prints what cannot be) or variant (the product is a special formulation its material does not describe).",no
T00824,4,value-check,2,measurements,V013001,,Charpy strength,G020-17,Extrudr PETG,R-EXTRUDR-PRIORITY-20261003-49ca17b00573,49ca17b005738dd5a915d84c2c95a611a8fde82bc766e452522e4f32cdd4e3e5,.cache/sources/by-sha/49ca17b005738dd5a915d84c2c95a611a8fde82bc766e452522e4f32cdd4e3e5.html,1,p. 1: Charpy unnotched impact strength (-30°C),120 kJ/m² · Unnotched · Unstated · specimen: Not published (do not assume printed),"Charpy strength 120 kJ/m² sits far from PETG's typical 8.1 (z 11.4). Is it what the page prints for this product, property, unit and conditions? Give a class: real, wrong-value, wrong-unit, wrong-property, wrong-condition, implausible (the page prints what cannot be) or variant (the product is a special formulation its material does not describe).",no
T00825,4,value-check,2,measurements,V008262,,Vicat softening temperature,G031-26,Fabru Acrylnitril-Styrol-Acrylester (ASA),R-FABRU-16-material-datat-sheet-ASA-purefil,2c8e585a88423936ad8fd1258a3b9da602b0f936222ef86e4226fc04e8c4fad3,.cache/sources/by-sha/2c8e585a88423936ad8fd1258a3b9da602b0f936222ef86e4226fc04e8c4fad3.pdf,1,p. 1: Vicat softening temperature A,105 °C · specimen: Not published (do not assume printed),"Vicat softening temperature 105 °C sits far from ASA's typical 96 (z 3.0). Is it what the page prints for this product, property, unit and conditions? Give a class: real, wrong-value, wrong-unit, wrong-property, wrong-condition, implausible (the page prints what cannot be) or variant (the product is a special formulation its material does not describe).",no
T00826,4,value-check,2,measurements,V003621,,Melt mass-flow rate,G094-02,Polymaker Polymaker PC ABS,S-POLYCN-TDS-Polymaker-PC-ABS-V5-5-2025-12-10-EN,52f3461ce47745d5ee0d90368977fcfc2087afccc3bae6205223f4cde0db24d5,.cache/sources/by-sha/52f3461ce47745d5ee0d90368977fcfc2087afccc3bae6205223f4cde0db24d5.pdf,1,"p. 1: Melt index 260°C, 5 kg",11-17 g/10min · specimen: Not published (do not assume printed),"Melt mass-flow rate 11 g/10 min sits far from PC-ABS's typical 19 (z -3.6). Is it what the page prints for this product, property, unit and conditions? Give a class: real, wrong-value, wrong-unit, wrong-property, wrong-condition, implausible (the page prints what cannot be) or variant (the product is a special formulation its material does not describe).",no
T00827,4,value-check,2,measurements,V014798,,Izod impact strength,G008-17,Anycubic PLA Silk,R-3DJAKE-3DJAKE-ANYCUBIC-TDS-PLA-silk-V3-0,efa2b66415f21ed99ba5c6ba347e0ab6281dba3a396b87ffeb654e5b12ac9c92,.cache/sources/by-sha/efa2b66415f21ed99ba5c6ba347e0ab6281dba3a396b87ffeb654e5b12ac9c92.pdf,1,p. 1: Izod Impact Strength (kJ/m²) (X-Y),20±2 kJ/m² · XY · specimen: Printed specimen,"Izod impact strength 20 kJ/m² sits far from PLA Silk's typical 3.5 (z 19.5). Is it what the page prints for this product, property, unit and conditions? Give a class: real, wrong-value, wrong-unit, wrong-property, wrong-condition, implausible (the page prints what cannot be) or variant (the product is a special formulation its material does not describe).",no
T00828,4,value-check,2,measurements,V007563,,Tensile modulus,G002-01,Bambu Lab PLA Basic,B-PC-Bambu-PLA-Basic-Technical-Data-Sheet,44c00d8398cba7fbdb8fdcd13886ab904f78826d9eefa531a95118b6891201b3,.cache/sources/by-sha/44c00d8398cba7fbdb8fdcd13886ab904f78826d9eefa531a95118b6891201b3.pdf,2,"p. 2: Young's Modulus (X-Y) ISO 527, GB/T 1040",2580 ± 220 MPa · XY · specimen: Not published (do not assume printed),"Tensile modulus 2.58 GPa sits far from PLA's typical 1.96 (z 4.2). Is it what the page prints for this product, property, unit and conditions? Give a class: real, wrong-value, wrong-unit, wrong-property, wrong-condition, implausible (the page prints what cannot be) or variant (the product is a special formulation its material does not describe).",no
T00829,4,value-check,2,measurements,V008362,,Elongation at break,G093-03,SUNLU PVB,R-SUNLU-PVB-TDS,6622dff0d6b9f85343f2bf6e4370c7b5ae0c2e78581876c24f81c3a54ae006e8,.cache/sources/by-sha/6622dff0d6b9f85343f2bf6e4370c7b5ae0c2e78581876c24f81c3a54ae006e8.pdf,1,p. 1: Elongation at break(X-Y) ISO527/2 50mm/min %,25 % · XY · specimen: Printed specimen,"Elongation at break 25 % sits far from PVB's typical 14.5 (z 14.2). Is it what the page prints for this product, property, unit and conditions? Give a class: real, wrong-value, wrong-unit, wrong-property, wrong-condition, implausible (the page prints what cannot be) or variant (the product is a special formulation its material does not describe).",no
T00830,4,value-check,2,measurements,V013713,,Tensile yield strength,G001-77,Prusa Research Prusament rPLA Natural Pigments by Prusa Polymers,S-PVB-prusament-rpla-natural-pigments-technical-data-sheet,2f839da8f8bc246cb91b90b1fd721dbd51d8c9a5e1c52ba6f66a72187f468651,.cache/sources/by-sha/2f839da8f8bc246cb91b90b1fd721dbd51d8c9a5e1c52ba6f66a72187f468651.pdf,2,p. 2: Tensile Yield Strength for Filament [MPa],53 ± 1 · Unstated · specimen: Filament,"Tensile yield strength 53 MPa sits far from PLA's typical 60 (z -4.7). Is it what the page prints for this product, property, unit and conditions? Give a class: real, wrong-value, wrong-unit, wrong-property, wrong-condition, implausible (the page prints what cannot be) or variant (the product is a special formulation its material does not describe).",no
T00831,4,value-check,2,measurements,V012355,,Charpy strength,G018-03,Spectrum PLA Carbon,S-SPECTRUM-en-tds-spectrum-pla-carbon,de5fa0f4262689e9f8a5cff81b5bfbd47d8b47ec9377549900709dc0e42ae091,.cache/sources/by-sha/de5fa0f4262689e9f8a5cff81b5bfbd47d8b47ec9377549900709dc0e42ae091.pdf,1,"p. 1: Charpy impact strength Unnotched, at +23°C",55 kJ/m² · Unnotched · Unstated · specimen: Not published (do not assume printed),"Charpy strength 55 kJ/m² sits far from PLA-CF's typical 8 (z 7.9). Is it what the page prints for this product, property, unit and conditions? Give a class: real, wrong-value, wrong-unit, wrong-property, wrong-condition, implausible (the page prints what cannot be) or variant (the product is a special formulation its material does not describe).",no
T00832,4,value-check,2,measurements,V012531,,Izod impact strength,G027-36,Anycubic ABS,R-3DJAKE-3DJAKE-ANYCUBIC-TDS-ABS-V3-0,387d91f43ecbf3ae40154a52444783f168c4ae38390df7625dbe70f98d0045e5,.cache/sources/by-sha/387d91f43ecbf3ae40154a52444783f168c4ae38390df7625dbe70f98d0045e5.pdf,1,p. 1: Izod Impact Strength (kJ/m²) (X-Y),40 · XY · specimen: Printed specimen,"Izod impact strength 40 kJ/m² sits far from ABS's typical 15 (z 3.4). Is it what the page prints for this product, property, unit and conditions? Give a class: real, wrong-value, wrong-unit, wrong-property, wrong-condition, implausible (the page prints what cannot be) or variant (the product is a special formulation its material does not describe).",no
T00833,4,value-check,2,measurements,V003813,,Density,G001-21,Polymaker Polymaker HT PLA,S-POLYCN-TDS-Polymaker-HT-PLA-V1-3-2025-12-10-EN,aa952f2c4840ba69f1d49499ef6b54a29427e4f1686a4fe87ba3071de2c05d3f,.cache/sources/by-sha/aa952f2c4840ba69f1d49499ef6b54a29427e4f1686a4fe87ba3071de2c05d3f.pdf,1,"p. 1: Density ISO1183, GB/T1033",1.29 g/cm3 · specimen: Not published (density specimen form not explicitly established),"Density 1290 kg/m³ sits far from PLA's typical 1240 (z 3.4). Is it what the page prints for this product, property, unit and conditions? Give a class: real, wrong-value, wrong-unit, wrong-property, wrong-condition, implausible (the page prints what cannot be) or variant (the product is a special formulation its material does not describe).",no
T00834,4,value-check,2,measurements,V012871,,Melting temperature,G034-05,Extrudr DURAPRO ASA GF,R-EXTRUDR-durapro-asa-gf-TDS-en-458d69,458d69b9d9fbddbd537297890638920d7fc27b2716382fe54c06d3024d436f5d,.cache/sources/by-sha/458d69b9d9fbddbd537297890638920d7fc27b2716382fe54c06d3024d436f5d.pdf,1,p. 1: Temperatura di fusione,190-210 °C · specimen: Not published (do not assume printed),"Melting temperature 190 °C sits far from ASA-GF's typical 220 (z -20.2). Is it what the page prints for this product, property, unit and conditions? Give a class: real, wrong-value, wrong-unit, wrong-property, wrong-condition, implausible (the page prints what cannot be) or variant (the product is a special formulation its material does not describe).",no
T00835,4,value-check,2,measurements,V006296,,Tensile break strength,G020-27,colorFabb PETG Economy,R-COLORFABB-TDS-E-ColorFabb-PETG-Economy-0,4cf588febf0ed414b142bd8a924d061d18874b6fc9aad91553c945189008c570,.cache/sources/by-sha/4cf588febf0ed414b142bd8a924d061d18874b6fc9aad91553c945189008c570.pdf,1,p. 1: Tensile stress at break MPa,28.67 MPa · XY · specimen: Printed specimen,"Tensile break strength 28.67 MPa sits far from PETG's typical 45 (z -5.5). Is it what the page prints for this product, property, unit and conditions? Give a class: real, wrong-value, wrong-unit, wrong-property, wrong-condition, implausible (the page prints what cannot be) or variant (the product is a special formulation its material does not describe).",no
T00836,4,value-check,2,measurements,V014338,,Vicat softening temperature,G035-24,Stratasys PC-ISO,R-STRATASYS-mds-fdm-pciso-0820a,f2188fc828aeb29de6d9d1475a952e6fd5e119f567c980b3f0d013e1ba4f1fdd,.cache/sources/by-sha/f2188fc828aeb29de6d9d1475a952e6fd5e119f567c980b3f0d013e1ba4f1fdd.pdf,1,p. 1: Vicat Softening,139 °C · specimen: Not published (do not assume printed),"Vicat softening temperature 139 °C sits far from PC's typical 119.25 (z 5.9). Is it what the page prints for this product, property, unit and conditions? Give a class: real, wrong-value, wrong-unit, wrong-property, wrong-condition, implausible (the page prints what cannot be) or variant (the product is a special formulation its material does not describe).",no
T00837,4,value-check,2,measurements,V007101,,Melt mass-flow rate,G082-09,Raise3D P,D-RAISE3D-P-filament-721-Technical-Data-Sheet-eng-04-20-2021,9bf3e82a0dce3297882fc641e3e97eca62fa7ade73492c935f6a79e2af52efcb,.cache/sources/by-sha/9bf3e82a0dce3297882fc641e3e97eca62fa7ade73492c935f6a79e2af52efcb.pdf,2,p. 2: Melt Flow Rate1,19.3 g/10 min · specimen: Not published (do not assume printed),"Melt mass-flow rate 19.3 g/10 min sits far from PP's typical 8 (z 4.2). Is it what the page prints for this product, property, unit and conditions? Give a class: real, wrong-value, wrong-unit, wrong-property, wrong-condition, implausible (the page prints what cannot be) or variant (the product is a special formulation its material does not describe).",no
T00838,4,value-check,2,measurements,V009245,,Density,G001-137,colorFabb steelFill,R-COLORFABB-TDS-E-ColorFabb-SteelFill,88b90d1538952092b8297df0f3ca221f3e1cec257b900c4bd1bbed730a5d2a0c,.cache/sources/by-sha/88b90d1538952092b8297df0f3ca221f3e1cec257b900c4bd1bbed730a5d2a0c.pdf,1,p. 1: Density ISO 1183,3.13 g/cm3 · specimen: Raw material value,"Density 3130 kg/m³ sits far from PLA's typical 1240 (z 31.9). Is it what the page prints for this product, property, unit and conditions? Give a class: real, wrong-value, wrong-unit, wrong-property, wrong-condition, implausible (the page prints what cannot be) or variant (the product is a special formulation its material does not describe).",no
T00839,4,value-check,2,measurements,V012552,,Izod impact strength,G001-132,Anycubic PLA High Speed,R-3DJAKE-3DJAKE-ANYCUBIC-TDS-PLA-HS-V3-0,fde3324f7bb6b28753b4fb6ef15d53a748b50ec1cbac92e43baf77e58e95b9a5,.cache/sources/by-sha/fde3324f7bb6b28753b4fb6ef15d53a748b50ec1cbac92e43baf77e58e95b9a5.pdf,1,p. 1: Izod Impact Strength (kJ/m²) (X-Y),21±1 · XY · specimen: Printed specimen,"Izod impact strength 21 kJ/m² sits far from PLA's typical 5.165 (z 9.7). Is it what the page prints for this product, property, unit and conditions? Give a class: real, wrong-value, wrong-unit, wrong-property, wrong-condition, implausible (the page prints what cannot be) or variant (the product is a special formulation its material does not describe).",no
T00840,4,value-check,2,measurements,V003814,,Melt mass-flow rate,G001-21,Polymaker Polymaker HT PLA,S-POLYCN-TDS-Polymaker-HT-PLA-V1-3-2025-12-10-EN,aa952f2c4840ba69f1d49499ef6b54a29427e4f1686a4fe87ba3071de2c05d3f,.cache/sources/by-sha/aa952f2c4840ba69f1d49499ef6b54a29427e4f1686a4fe87ba3071de2c05d3f.pdf,1,"p. 1: Melt index 210°C, 2.16 kg",22.6 g/10min · specimen: Not published (do not assume printed),"Melt mass-flow rate 22.6 g/10 min sits far from PLA's typical 7 (z 4.3). Is it what the page prints for this product, property, unit and conditions? Give a class: real, wrong-value, wrong-unit, wrong-property, wrong-condition, implausible (the page prints what cannot be) or variant (the product is a special formulation its material does not describe).",no
T00841,4,value-check,2,measurements,V004575,,Flexural modulus,G014-03,SUNLU WOOD,R-SUNLU-9ecc53a5-f50a-4687-97fc-fab43b1db35b,5035c913031079675e0ab412045ce105daa5ce7cda3a1780df890068770fc20f,.cache/sources/by-sha/5035c913031079675e0ab412045ce105daa5ce7cda3a1780df890068770fc20f.pdf,1,p. 1: (X-Y) Flexural Modulus ISO 178 2 mm/min MPa,3040 ± 200 MPa · XY · specimen: Printed specimen,"Flexural modulus 3.04 GPa sits far from PLA Wood's typical 2.4 (z 5.9). Is it what the page prints for this product, property, unit and conditions? Give a class: real, wrong-value, wrong-unit, wrong-property, wrong-condition, implausible (the page prints what cannot be) or variant (the product is a special formulation its material does not describe).",no
T00842,4,value-check,2,measurements,V009060,,Melting temperature,G027-39,AzureFilm ABS Prime,R-3DJAKE-3DJAKE-TDS-ABS-Prime-pptx,9e9e875f3fbd676988356f538dd44cb48aac1494349b092c1ea6f5695d604221,.cache/sources/by-sha/9e9e875f3fbd676988356f538dd44cb48aac1494349b092c1ea6f5695d604221.pdf,1,p. 1: Melting temp. ISO 294,235 ± 10 °C · specimen: Not published (do not assume printed),"Melting temperature 235 °C sits far from ABS's typical 145 (z 4.7). Is it what the page prints for this product, property, unit and conditions? Give a class: real, wrong-value, wrong-unit, wrong-property, wrong-condition, implausible (the page prints what cannot be) or variant (the product is a special formulation its material does not describe).",no
T00843,4,value-check,2,measurements,V002111,,Melt mass-flow rate,G002-01,Bambu Lab PLA Basic,B-pla-basic-filament-TDS,05b504148050e17c02d2f20f1a4b718b4e35d43af1c406da34127711762ff939,.cache/sources/by-sha/05b504148050e17c02d2f20f1a4b718b4e35d43af1c406da34127711762ff939.pdf,2,p. 2: Melt Index,23.2 ± 3.5 g/10 min · specimen: Not published,"Melt mass-flow rate 23.2 g/10 min sits far from PLA's typical 7 (z 4.4). Is it what the page prints for this product, property, unit and conditions? Give a class: real, wrong-value, wrong-unit, wrong-property, wrong-condition, implausible (the page prints what cannot be) or variant (the product is a special formulation its material does not describe).",no
T00844,4,value-check,2,measurements,V010976,,HDT,G110-03,Fiberlogy PCTG+GF10,R-FIBERLOGY-FIBERLOGY-PCTGGF-TDS-1,e5f65bfc2172de55388c196584cf9bbf356b0d7753505c8559a31e46f90c405d,.cache/sources/by-sha/e5f65bfc2172de55388c196584cf9bbf356b0d7753505c8559a31e46f90c405d.pdf,1,p. 1: Heat Distortion Temperature @ 1.8 MPa ISO 75 °C,64 °C · specimen: Not published (do not assume printed),"HDT 64 °C sits far from PCTG-GF's typical 76 (z -4.0). Is it what the page prints for this product, property, unit and conditions? Give a class: real, wrong-value, wrong-unit, wrong-property, wrong-condition, implausible (the page prints what cannot be) or variant (the product is a special formulation its material does not describe).",no
T00845,4,value-check,2,measurements,V012238,,Vicat softening temperature,G076-03,FormFutura BVOH,S-PET-TDS-BVOH,13c1a9ffd1719d7fe1000d1fdf853819ec6a08bd45d4907860a34250eb25321e,.cache/sources/by-sha/13c1a9ffd1719d7fe1000d1fdf853819ec6a08bd45d4907860a34250eb25321e.pdf,1,p. 1: Viscat softening temp.,63° C · specimen: Not published (do not assume printed),"Vicat softening temperature 63 °C sits far from BVOH's typical 90 (z -9.1). Is it what the page prints for this product, property, unit and conditions? Give a class: real, wrong-value, wrong-unit, wrong-property, wrong-condition, implausible (the page prints what cannot be) or variant (the product is a special formulation its material does not describe).",no
T00846,4,value-check,2,measurements,V003596,,Elongation at break,G001-22,Polymaker Polymaker PolyLite PLA PRO Army Beige,S-POLYCN-Polylite-PLA-Pro-EN-V5-1-3-6,4cb65426a3f314b09c7d1b787bcd305a6dc071fa6b113450fe16d724a5547ec2,.cache/sources/by-sha/4cb65426a3f314b09c7d1b787bcd305a6dc071fa6b113450fe16d724a5547ec2.pdf,5,p. 5: Elongation at break (Z),6.02 ± 2.43 % · Z · specimen: Printed specimen,"Elongation at break 6.02 % sits far from PLA's typical 2.89 (z 3.6). Is it what the page prints for this product, property, unit and conditions? Give a class: real, wrong-value, wrong-unit, wrong-property, wrong-condition, implausible (the page prints what cannot be) or variant (the product is a special formulation its material does not describe).",no
T00847,4,value-check,2,measurements,V012720,,Elongation at break,G045-06,colorFabb PEBA 40D,R-COLORFABB-TDS-varioShore-PEBA40D,7c61a91c8cd35f9087c9d442abd4681028da08321962acb611767d7f33607132,.cache/sources/by-sha/7c61a91c8cd35f9087c9d442abd4681028da08321962acb611767d7f33607132.pdf,1,"p. 1: Elongation at break (616,0 %) (Value foamed @ 250 °C, flow: 55%)","616,0 % · XY · specimen: Printed specimen","Elongation at break 616 % sits far from PEBA's typical 1050 (z -4.9). Is it what the page prints for this product, property, unit and conditions? Give a class: real, wrong-value, wrong-unit, wrong-property, wrong-condition, implausible (the page prints what cannot be) or variant (the product is a special formulation its material does not describe).",no
T00848,4,value-check,2,measurements,V006278,,HDT,G020-05,Spectrum PET-G FR V0,S-SPECTRUM-pl-tds-spectrum-petg-frv0,3f3d37a95277790def3250f153e5d3ef6c64bcc5de105d0cd4ed863dfafb8fca,.cache/sources/by-sha/3f3d37a95277790def3250f153e5d3ef6c64bcc5de105d0cd4ed863dfafb8fca.pdf,1,"p. 1: HDT 1,81 MN/m2, wyżarzone",58 °C · specimen: Not published (do not assume printed),"HDT 58 °C sits far from PETG's typical 69 (z -3.7). Is it what the page prints for this product, property, unit and conditions? Give a class: real, wrong-value, wrong-unit, wrong-property, wrong-condition, implausible (the page prints what cannot be) or variant (the product is a special formulation its material does not describe).",no
T00849,4,value-check,2,measurements,V001945,,Charpy strength,G068-02,Polymaker Fiberon PET-GF15,R-FIBERON-PETGF15-TDS,cdb81cbccd54e790038caf17353bd91172713cb7d35f7d8e16f919124923b37b,.cache/sources/by-sha/cdb81cbccd54e790038caf17353bd91172713cb7d35f7d8e16f919124923b37b.pdf,1,Mechanical properties: Charpy impact strength (X-Y) un-notched,27.2 ± 2.0 kJ/m2 · Unnotched · XY · specimen: Printed specimen,"Charpy strength 27.2 kJ/m² sits far from PET-GF's typical 8.7 (z 5.8). Is it what the page prints for this product, property, unit and conditions? Give a class: real, wrong-value, wrong-unit, wrong-property, wrong-condition, implausible (the page prints what cannot be) or variant (the product is a special formulation its material does not describe).",no
T00850,4,value-check,2,measurements,V012724,,Elongation at break,G045-05,colorFabb PEBA 45D,R-COLORFABB-TDS-varioShore-PEBA45D,1ad651b3ac800a5d4d7b498ae14cef25155e52967939aa4768820bfcf1125b0f,.cache/sources/by-sha/1ad651b3ac800a5d4d7b498ae14cef25155e52967939aa4768820bfcf1125b0f.pdf,1,"p. 1: Elongation at break (514 %) (Value foamed @ 250 °C, flow: 55%)",514 % · XY · specimen: Printed specimen,"Elongation at break 514 % sits far from PEBA's typical 1050 (z -6.0). Is it what the page prints for this product, property, unit and conditions? Give a class: real, wrong-value, wrong-unit, wrong-property, wrong-condition, implausible (the page prints what cannot be) or variant (the product is a special formulation its material does not describe).",no
T00851,4,value-check,2,measurements,V013076,,Density,G020-56,Extrudr XPETG MATT,R-EXTRUDR-PRIORITY-20261003-967a9be07d31,967a9be07d31d403fcea0c6ca55a466136817d7bdf2af15e70086ac5856e4c55,.cache/sources/by-sha/967a9be07d31d403fcea0c6ca55a466136817d7bdf2af15e70086ac5856e4c55.html,1,p. 1: Density,1.36 g/cm³ · specimen: Not published (density specimen form not explicitly established),"Density 1360 kg/m³ sits far from PETG's typical 1270 (z 3.0). Is it what the page prints for this product, property, unit and conditions? Give a class: real, wrong-value, wrong-unit, wrong-property, wrong-condition, implausible (the page prints what cannot be) or variant (the product is a special formulation its material does not describe).",no
T00852,4,value-check,2,measurements,V011175,,Hardness,G167-05,NinjaTek Chinchilla,R-NINJATEK-Chinchilla-TDS,490e5c2e96323c5db5d3eacbcd6173dd25a18fe34e2e89f4282215898eaac2e8,.cache/sources/by-sha/490e5c2e96323c5db5d3eacbcd6173dd25a18fe34e2e89f4282215898eaac2e8.pdf,1,p. 1: Hardness ASTM D2240,75 Shore A · specimen: Not published (do not assume printed),"Hardness 75 Shore A sits far from TPC / TPEE's typical 91 (z -10.8). Is it what the page prints for this product, property, unit and conditions? Give a class: real, wrong-value, wrong-unit, wrong-property, wrong-condition, implausible (the page prints what cannot be) or variant (the product is a special formulation its material does not describe).",no
T00853,4,value-check,2,measurements,V003696,,Water absorption,G035-10,Polymaker Polymaker PolyLite PC Transparent,S-POLYCN-PolyLite-PC-TDS-V5-1,819ca676a2a6fd349ea05d0ab92da14e1a817d8c977ad93ea322890b08e9673e,.cache/sources/by-sha/819ca676a2a6fd349ea05d0ab92da14e1a817d8c977ad93ea322890b08e9673e.pdf,2,p. 2: Equilibrium water absorption (%)=,0.253 % · specimen: Not published (do not assume printed),"Water absorption 0.253 % sits far from PC's typical 0.15 (z 3.5). Is it what the page prints for this product, property, unit and conditions? Give a class: real, wrong-value, wrong-unit, wrong-property, wrong-condition, implausible (the page prints what cannot be) or variant (the product is a special formulation its material does not describe).",no
T00854,4,value-check,2,measurements,V007027,,Flexural strength,G082-08,Yousu PP,R-YOUSU-YOUSU3DPPTDS-4872,7b37672b209c17f94699c98aea76c0bd7a0958def6490ab25c395a8adcec5097,.cache/sources/by-sha/7b37672b209c17f94699c98aea76c0bd7a0958def6490ab25c395a8adcec5097.pdf,1,p. 1: Flexural Strength MPa,35-45 MPa · Unstated · specimen: Not published (do not assume printed),"Flexural strength 35 MPa sits far from PP's typical 18.5 (z 22.3). Is it what the page prints for this product, property, unit and conditions? Give a class: real, wrong-value, wrong-unit, wrong-property, wrong-condition, implausible (the page prints what cannot be) or variant (the product is a special formulation its material does not describe).",no
T00855,4,value-check,2,measurements,V012087,,Water absorption,G018-07,Extrudr PLA BASIC CF,R-EXTRUDR-PRINT-20260929-af22746e0274,af22746e0274d91610d3c4ba5130184ee1af5a8822f105ddcfbf261549a78f8c,.cache/sources/by-sha/af22746e0274d91610d3c4ba5130184ee1af5a8822f105ddcfbf261549a78f8c.html,1,"p. 1: Water absorption (saturation, 23°C)",0.7 % · specimen: Not published (do not assume printed),"Water absorption 0.7 % sits far from PLA-CF's typical 0.395 (z 13.7). Is it what the page prints for this product, property, unit and conditions? Give a class: real, wrong-value, wrong-unit, wrong-property, wrong-condition, implausible (the page prints what cannot be) or variant (the product is a special formulation its material does not describe).",no
T00856,4,value-check,2,measurements,V001157,,Vicat softening temperature,G050-02,iSANMATE PA6 CF,I-PA6-CF-TDS,83b6488a509bb65eed3b9f047c7ff164b942a52a71f1f56a09fa7d295d5b3dbc,.cache/sources/by-sha/83b6488a509bb65eed3b9f047c7ff164b942a52a71f1f56a09fa7d295d5b3dbc.pdf,1,p. 1: Vicat Softening Point A/120,140 · specimen: Not published (do not assume printed),"Vicat softening temperature 140 °C sits far from PA6-CF's typical 184 (z -3.3). Is it what the page prints for this product, property, unit and conditions? Give a class: real, wrong-value, wrong-unit, wrong-property, wrong-condition, implausible (the page prints what cannot be) or variant (the product is a special formulation its material does not describe).",no
T00857,4,value-check,2,measurements,V009309,,Flexural modulus,G001-140,Eryone PLA-Lite,R-ERYONE-eryone-pla-lite-tds,f7e7b53b1f27cfe55b4f6303d9b7d75e359e046b8cbc11607b6e030077151da7,.cache/sources/by-sha/f7e7b53b1f27cfe55b4f6303d9b7d75e359e046b8cbc11607b6e030077151da7.pdf,2,p. 2: Bending modulus 2mm/min GB/T 9341 MPa,2039.5 MPa · Unstated · specimen: Printed specimen,"Flexural modulus 2.0395 GPa sits far from PLA's typical 3.1017 (z -3.4). Is it what the page prints for this product, property, unit and conditions? Give a class: real, wrong-value, wrong-unit, wrong-property, wrong-condition, implausible (the page prints what cannot be) or variant (the product is a special formulation its material does not describe).",no
T00858,4,value-check,2,measurements,V012391,,HDT,G020-08,Spectrum PET-G HT100,R-SPECTRUM-PORTFOLIO-2024,4fb78715b81997ecd11b61d8b84393e1bfc6fe096ed35fc50ac062073c96cd74,.cache/sources/by-sha/4fb78715b81997ecd11b61d8b84393e1bfc6fe096ed35fc50ac062073c96cd74.pdf,5,p. 5: HDT B (G020-08),94°C · specimen: Not published (do not assume printed),"HDT 94 °C sits far from PETG's typical 69 (z 8.4). Is it what the page prints for this product, property, unit and conditions? Give a class: real, wrong-value, wrong-unit, wrong-property, wrong-condition, implausible (the page prints what cannot be) or variant (the product is a special formulation its material does not describe).",no
T00859,4,value-check,2,measurements,V014720,,Elongation at break,G165-05,Essentium Essentium PA-CF,R-ESSENTIUM-TDS-Essentium-PA-CF,e48afc79b561cc0f26e7b3d43d628d706d1ee243e70092b9f5708bd6cad0d333,.cache/sources/by-sha/e48afc79b561cc0f26e7b3d43d628d706d1ee243e70092b9f5708bd6cad0d333.pdf,1,"p. 1: Strain at Break, %, Print Orientation ZX",22 (1) · Z · specimen: Printed specimen,"Elongation at break 22 % sits far from Nylon-CF, maker-undisclosed polyamide's typical 3.7 (z 9.6). Is it what the page prints for this product, property, unit and conditions? Give a class: real, wrong-value, wrong-unit, wrong-property, wrong-condition, implausible (the page prints what cannot be) or variant (the product is a special formulation its material does not describe).",no
T00860,4,value-check,2,measurements,V013560,,Charpy strength,G001-87,Prusa Research Prusament PLA High Speed by Prusa Polymers,S-PVB-269cd3c8-prusament-pla-hs-technical-datasheet,68fe0c011ae3e553424b86c713f17b66397520ffbeb765379be877bb3d88ee20,.cache/sources/by-sha/68fe0c011ae3e553424b86c713f17b66397520ffbeb765379be877bb3d88ee20.pdf,2,p. 2: Impact Strength Charpy [kJ/m2](5) (Vertical XZ (source label)),19 ± 1 · Unnotched · Vertical XZ (source label) · specimen: Printed specimen,"Charpy strength 19 kJ/m² sits far from PLA's typical 13.5 (z 7.4). Is it what the page prints for this product, property, unit and conditions? Give a class: real, wrong-value, wrong-unit, wrong-property, wrong-condition, implausible (the page prints what cannot be) or variant (the product is a special formulation its material does not describe).",no
T00861,4,value-check,2,measurements,V004862,,Flexural modulus,G008-07,Eryone Silk Rainbow PLA,R-ERYONE-eryone-silk-rainbow-pla-tds,2eb276d58e10c359973aab0608a27982dbb580f12107cc2650e7c5db096aeca9,.cache/sources/by-sha/2eb276d58e10c359973aab0608a27982dbb580f12107cc2650e7c5db096aeca9.pdf,2,p. 2: Bending modulus 2mm/min GB/T 9341 MPa,2315.5 MPa · Unstated · specimen: Printed specimen,"Flexural modulus 2.3155 GPa sits far from PLA Silk's typical 2.85865 (z -3.5). Is it what the page prints for this product, property, unit and conditions? Give a class: real, wrong-value, wrong-unit, wrong-property, wrong-condition, implausible (the page prints what cannot be) or variant (the product is a special formulation its material does not describe).",no
T00862,4,value-check,2,measurements,V004499,,Flexural strength,G053-05,SUNLU PA12-CF,R-SUNLU-93d827f4-50e9-45b4-8b24-bf5ddaf8273f,2b8c38d54f96f102c76f6bc596f5a067fe4911d744ed79b468f467e8e9605280,.cache/sources/by-sha/2b8c38d54f96f102c76f6bc596f5a067fe4911d744ed79b468f467e8e9605280.pdf,1,p. 1: (X-Y) Flexural Strength ISO 178 2 mm/min MPa,160 ± 30 MPa · XY · specimen: Printed specimen,"Flexural strength 160 MPa sits far from PA12-CF's typical 96 (z 7.2). Is it what the page prints for this product, property, unit and conditions? Give a class: real, wrong-value, wrong-unit, wrong-property, wrong-condition, implausible (the page prints what cannot be) or variant (the product is a special formulation its material does not describe).",no
T00863,4,value-check,2,measurements,V006990,,HDT,G027-25,eSUN ABS HT,S-PEBA-ABS-HT-TDS-V1-2024-07-02,7588465d37ed6c65b2053e344f8ad06057f2853d152107cd7527c634c5ff9bb6,.cache/sources/by-sha/7588465d37ed6c65b2053e344f8ad06057f2853d152107cd7527c634c5ff9bb6.pdf,1,p. 1: Heat distortion Temperature,104.35 ℃ · specimen: Raw material value,"HDT 104.35 °C sits far from ABS's typical 86 (z 12.4). Is it what the page prints for this product, property, unit and conditions? Give a class: real, wrong-value, wrong-unit, wrong-property, wrong-condition, implausible (the page prints what cannot be) or variant (the product is a special formulation its material does not describe).",no
T00864,4,value-check,2,measurements,V008267,,Elongation at break,G001-37,SUNLU PLA,R-SUNLU-SUNLU-PLA-Vivid-Yellow,35293a3cbf17ba048ea5bf2658489dd070f0c6b7d6510abece4097b0101e73d4,.cache/sources/by-sha/35293a3cbf17ba048ea5bf2658489dd070f0c6b7d6510abece4097b0101e73d4.pdf,1,p. 1: Elongation at break ASTM D638 50mm/min %,20.3 % · Unstated · specimen: Not published (do not assume printed),"Elongation at break 20.3 % sits far from PLA's typical 6 (z 3.2). Is it what the page prints for this product, property, unit and conditions? Give a class: real, wrong-value, wrong-unit, wrong-property, wrong-condition, implausible (the page prints what cannot be) or variant (the product is a special formulation its material does not describe).",no
T00865,4,value-check,2,measurements,V007114,,Flexural strength,G057-05,BigRep PA6/66,R-BIGREP-EVMGxLYZZHtFnUXJyVdjMDkBNtXAN2Bj7nRmZ37F91wPdQ,9ca7fd98be4ed6399bedd9c562100bbba781183b374d61a924f26ae77bd5f2ed,.cache/sources/by-sha/9ca7fd98be4ed6399bedd9c562100bbba781183b374d61a924f26ae77bd5f2ed.pdf,1,p. 1: Flexural Strength (ISO 178),90 MPa · Unstated · specimen: Not published (do not assume printed),"Flexural strength 90 MPa sits far from PA6/66's typical 97 (z -4.7). Is it what the page prints for this product, property, unit and conditions? Give a class: real, wrong-value, wrong-unit, wrong-property, wrong-condition, implausible (the page prints what cannot be) or variant (the product is a special formulation its material does not describe).",no
T00866,4,value-check,2,measurements,V012424,,HDT,G001-14,Spectrum FlameGuard PLA,R-COVERAGE-20261001-28aad1fe7597,28aad1fe759765537625b69e860f0b3c31082660a9ca7f59f7cd304cee53e4c7,.cache/sources/by-sha/28aad1fe759765537625b69e860f0b3c31082660a9ca7f59f7cd304cee53e4c7.pdf,23,p. 23: HDT (G001-14; 90°C),90°C · specimen: Not published (do not assume printed),"HDT 90 °C sits far from PLA's typical 55 (z 11.8). Is it what the page prints for this product, property, unit and conditions? Give a class: real, wrong-value, wrong-unit, wrong-property, wrong-condition, implausible (the page prints what cannot be) or variant (the product is a special formulation its material does not describe).",no
T00867,4,value-check,2,measurements,V013516,,Crystallization temperature,G001-20,Polymaker Polymaker PolySonic PLA Pro 6.0,S-POLYCN-TDS-Polymaker-PolySonic-PLA-Pro-6-0-2026-06-08-EN,3f8dacf88c28c8a6d84417515b338cdb633fceccd82181f62b6c22543427ec5a,.cache/sources/by-sha/3f8dacf88c28c8a6d84417515b338cdb633fceccd82181f62b6c22543427ec5a.pdf,1,p. 1: Crystallization temp.,96 °C · specimen: Not published (do not assume printed),"Crystallization temperature 96 °C sits far from PLA's typical 112.65 (z -3.2). Is it what the page prints for this product, property, unit and conditions? Give a class: real, wrong-value, wrong-unit, wrong-property, wrong-condition, implausible (the page prints what cannot be) or variant (the product is a special formulation its material does not describe).",no
T00868,4,value-check,2,measurements,V013327,,Vicat softening temperature,G075-03,Yousu PVA,R-YOUSU-YOUSUPVATDS-6752,e24cb6c60e71db732f2107b30e4b2b80edc26a75ca761199c5c26c81e852955a,.cache/sources/by-sha/e24cb6c60e71db732f2107b30e4b2b80edc26a75ca761199c5c26c81e852955a.pdf,1,p. 1: Vicat Softening Temperature,59 · specimen: Not published (do not assume printed),"Vicat softening temperature 59 °C sits far from PVA's typical 60.1 (z -7.4). Is it what the page prints for this product, property, unit and conditions? Give a class: real, wrong-value, wrong-unit, wrong-property, wrong-condition, implausible (the page prints what cannot be) or variant (the product is a special formulation its material does not describe).",no
T00869,4,value-check,2,measurements,V008698,,Decomposition temperature,G027-12,SUNLU High Speed ABS,R-SUNLU-High-Speed-ABS-TDS,efe9e1f4c6ca1d0091a21e354edd952ddb9c144ccd2a7f0be205a30520d7d8be,.cache/sources/by-sha/efe9e1f4c6ca1d0091a21e354edd952ddb9c144ccd2a7f0be205a30520d7d8be.pdf,1,p. 1: @5%Decomposition Temp. ISO11358 20℃/min ℃,398 ℃ · specimen: Not published (do not assume printed),"Decomposition temperature 398 °C sits far from ABS's typical 433 (z -6.9). Is it what the page prints for this product, property, unit and conditions? Give a class: real, wrong-value, wrong-unit, wrong-property, wrong-condition, implausible (the page prints what cannot be) or variant (the product is a special formulation its material does not describe).",no
T00870,4,value-check,2,measurements,V012729,,Tensile strength (endpoint unspecified),G039-25,colorFabb varioShore TPU,R-COLORFABB-TDS-varioShore-Prosthetic-TPU,92ae18d0032f91d5f3ca0d1be7998e0d23348c447b8c1a886903ab3274380b1e,.cache/sources/by-sha/92ae18d0032f91d5f3ca0d1be7998e0d23348c447b8c1a886903ab3274380b1e.pdf,1,p. 1: Tensile Strength (XY; Mechanical Properties – 3D Printed; 12 MPa),12 MPa · XY · specimen: Printed specimen,"Tensile strength (endpoint unspecified) 12 MPa sits far from TPU 90A class's typical 30 (z -121.4). Is it what the page prints for this product, property, unit and conditions? Give a class: real, wrong-value, wrong-unit, wrong-property, wrong-condition, implausible (the page prints what cannot be) or variant (the product is a special formulation its material does not describe).",no
T00871,4,value-check,2,measurements,V014129,,Tensile yield strength,G020-74,Spectrum PET-G FX120,S-SPECTRUM-en-tds-spectrum-petg-fx120,ed8130f303937d34e0ba0f25ac1ea375d7eadec90857047611c94346e37051da,.cache/sources/by-sha/ed8130f303937d34e0ba0f25ac1ea375d7eadec90857047611c94346e37051da.pdf,1,p. 1: Tensile Stress @ Yield,14 MPa · Unstated · specimen: Not published (do not assume printed),"Tensile yield strength 14 MPa sits far from PETG's typical 50 (z -24.3). Is it what the page prints for this product, property, unit and conditions? Give a class: real, wrong-value, wrong-unit, wrong-property, wrong-condition, implausible (the page prints what cannot be) or variant (the product is a special formulation its material does not describe).",no
T00872,4,value-check,2,measurements,V002300,,Water absorption,G046-03,DSM Arnitel ID 2045,R-DSM-ARNITEL-ID2045-TDS,7af735894d64fa7bd831892bd621c49e0171e343be57c8305983a7ffe8256aeb,.cache/sources/by-sha/7af735894d64fa7bd831892bd621c49e0171e343be57c8305983a7ffe8256aeb.pdf,1,p. 1: Humidity absorption,0.04 % · specimen: Not published (do not assume printed),"Water absorption 0.04 % sits far from TPC / TPEE's typical 0.69 (z -4.0). Is it what the page prints for this product, property, unit and conditions? Give a class: real, wrong-value, wrong-unit, wrong-property, wrong-condition, implausible (the page prints what cannot be) or variant (the product is a special formulation its material does not describe).",no
T00873,4,value-check,2,measurements,V004366,,Melting temperature,G001-36,SUNLU PLA Lite,R-SUNLU-bbf6d99b-179f-4eee-a7d6-505d125658cd,026956efec70960e88eac19c404dc5029f35388eed3dafb26638abc4f0378cd5,.cache/sources/by-sha/026956efec70960e88eac19c404dc5029f35388eed3dafb26638abc4f0378cd5.pdf,1,p. 1: Melting Temperature ISO 11357-3 10 ℃/min ℃,158 ℃ · specimen: Printed specimen,"Melting temperature 158 °C sits far from PLA's typical 164 (z -3.1). Is it what the page prints for this product, property, unit and conditions? Give a class: real, wrong-value, wrong-unit, wrong-property, wrong-condition, implausible (the page prints what cannot be) or variant (the product is a special formulation its material does not describe).",no
T00874,4,value-check,2,measurements,V009557,,Water absorption,G027-46,FormFutura EasyFil ABS,S-PET-TDS-EasyFil-ABS,23ce4b7584a67f4094a755a55f95315d6be6f052e9ad423dc7225d8ea6f58d41,.cache/sources/by-sha/23ce4b7584a67f4094a755a55f95315d6be6f052e9ad423dc7225d8ea6f58d41.pdf,1,p. 1: Water absorption,1.03 % · specimen: Not published (do not assume printed),"Water absorption 1.03 % sits far from ABS's typical 0.36 (z 3.0). Is it what the page prints for this product, property, unit and conditions? Give a class: real, wrong-value, wrong-unit, wrong-property, wrong-condition, implausible (the page prints what cannot be) or variant (the product is a special formulation its material does not describe).",no
T00875,4,value-check,2,measurements,V009493,,Flexural modulus,G001-156,colorFabb Copper filled PLA,R-COLORFABB-TDS-copperFill-en-0,03cea34f1f4f57b02b7ef9aae6bb63e46638f928d65228aad95ec72a97ec4248,.cache/sources/by-sha/03cea34f1f4f57b02b7ef9aae6bb63e46638f928d65228aad95ec72a97ec4248.pdf,1,p. 1: Flexural modulus ISO 178 GPa,"7,0 GPa · Unstated · specimen: Not published (do not assume printed)","Flexural modulus 7 GPa sits far from PLA's typical 3 (z 3.8). Is it what the page prints for this product, property, unit and conditions? Give a class: real, wrong-value, wrong-unit, wrong-property, wrong-condition, implausible (the page prints what cannot be) or variant (the product is a special formulation its material does not describe).",no
T00876,4,value-check,2,measurements,V005014,,Charpy strength,G031-10,Eryone ASA,R-ERYONE-file-manager-downLoad-path-file-manage-3828-20250903-eryone--9a96a3,9a96a377148ec62433d858c757d7fbde8a989a67616169a6e8debf36650d9dc9,.cache/sources/by-sha/9a96a377148ec62433d858c757d7fbde8a989a67616169a6e8debf36650d9dc9.pdf,2,p. 2: Charpy Impact strenght 2.75J GB/T 1043.1-2008 kJ/m2,31.5 kJ/m2 · specimen: Printed specimen,"Charpy strength 31.5 kJ/m² sits far from ASA's typical 10.5 (z 70.8). Is it what the page prints for this product, property, unit and conditions? Give a class: real, wrong-value, wrong-unit, wrong-property, wrong-condition, implausible (the page prints what cannot be) or variant (the product is a special formulation its material does not describe).",no
T00877,4,value-check,2,measurements,V005004,,Vicat softening temperature,G031-10,Eryone ASA,R-ERYONE-file-manager-downLoad-path-file-manage-3828-20250903-eryone--9a96a3,9a96a377148ec62433d858c757d7fbde8a989a67616169a6e8debf36650d9dc9,.cache/sources/by-sha/9a96a377148ec62433d858c757d7fbde8a989a67616169a6e8debf36650d9dc9.pdf,1,p. 1: Vicat Softening Temperature(° C) ASTM D1525 (ISO 306 GB/T 1633) ℃,106 ℃ · specimen: Not published (do not assume printed),"Vicat softening temperature 106 °C sits far from ASA's typical 96 (z 3.4). Is it what the page prints for this product, property, unit and conditions? Give a class: real, wrong-value, wrong-unit, wrong-property, wrong-condition, implausible (the page prints what cannot be) or variant (the product is a special formulation its material does not describe).",no
T00878,4,value-check,2,measurements,V009278,,Flexural strength,G001-137,colorFabb steelFill,R-COLORFABB-colorFabb-SteelFill-TDS,d1358ae4e125b109162e624b6f9af2c627158c326a35586ff29df59376812622,.cache/sources/by-sha/d1358ae4e125b109162e624b6f9af2c627158c326a35586ff29df59376812622.pdf,1,p. 1: Flexural Strength MPa,30 MPa · Unstated · specimen: Not published (do not assume printed),"Flexural strength 30 MPa sits far from PLA's typical 74.1 (z -3.3). Is it what the page prints for this product, property, unit and conditions? Give a class: real, wrong-value, wrong-unit, wrong-property, wrong-condition, implausible (the page prints what cannot be) or variant (the product is a special formulation its material does not describe).",no
T00879,4,value-check,2,measurements,V009069,,Melting temperature,G011-06,Anycubic PLA Metal,R-3DJAKE-3DJAKE-ANYCUBIC-TDS-PLA-Metal-V3-0,a243d88c986e00ad3ea0fbacf10b8c1b7891017e001a347d28bf9dcbdf11b33d,.cache/sources/by-sha/a243d88c986e00ad3ea0fbacf10b8c1b7891017e001a347d28bf9dcbdf11b33d.pdf,2,"p. 2: Melting Temperature ISO 11357-1, 10℃/min ℃",160 ℃ · specimen: Not published (do not assume printed),"Melting temperature 160 °C sits far from PLA Metal's typical 202.5 (z -3.8). Is it what the page prints for this product, property, unit and conditions? Give a class: real, wrong-value, wrong-unit, wrong-property, wrong-condition, implausible (the page prints what cannot be) or variant (the product is a special formulation its material does not describe).",no
T00880,4,value-check,2,measurements,V013154,,Vicat softening temperature,G081-11,Fiberlogy HIPS,D-FIBERLOGY-HIPS-FILAMENT-PAGE,2474b5e0c8d672ff5dfac3630b576b85deabbf37fbb03a30f421b1a7004ef156,.cache/sources/by-sha/2474b5e0c8d672ff5dfac3630b576b85deabbf37fbb03a30f421b1a7004ef156.html,1,p. 1: Vicat softening temperature,74°C · specimen: Not published (do not assume printed),"Vicat softening temperature 74 °C sits far from HIPS's typical 89.5 (z -6.0). Is it what the page prints for this product, property, unit and conditions? Give a class: real, wrong-value, wrong-unit, wrong-property, wrong-condition, implausible (the page prints what cannot be) or variant (the product is a special formulation its material does not describe).",no
T00881,4,value-check,2,measurements,V003916,,Charpy strength,G001-29,Polymaker Polymaker HT PLA Pro,S-POLYCN-TDS-Polymaker-HT-PLA-Pro-V1-4-2026-7-17-EN,d2a55acad40302a6e3324741da182de6a42c10755f135181839cf48aa77edb20,.cache/sources/by-sha/d2a55acad40302a6e3324741da182de6a42c10755f135181839cf48aa77edb20.pdf,1,p. 1: Notched charpy impact strength (X-Y) Unnotched Impact Strength (X-Y) ISO 179-1: 2023,38.7 ± 8.0 kJ/m2 · Unnotched · XY · specimen: Not published (do not assume printed),"Charpy strength 38.7 kJ/m² sits far from PLA's typical 10.1 (z 3.6). Is it what the page prints for this product, property, unit and conditions? Give a class: real, wrong-value, wrong-unit, wrong-property, wrong-condition, implausible (the page prints what cannot be) or variant (the product is a special formulation its material does not describe).",no
T00882,4,value-check,2,measurements,V001569,,Flexural modulus,G094-02,Polymaker Polymaker PC ABS,S-POLYCN-Polymaker-PC-ABS-TDS-V5-1,b85d00a14b3a1c90afe510c4f1d58d7fab8fb69660eaee79c7420b1b7f8c4058,.cache/sources/by-sha/b85d00a14b3a1c90afe510c4f1d58d7fab8fb69660eaee79c7420b1b7f8c4058.pdf,4,p. 4: Bending modulus (X-Y),2081 ± 106 MPa · XY · specimen: Printed specimen,"Flexural modulus 2.081 GPa sits far from PC-ABS's typical 2.3 (z -4.2). Is it what the page prints for this product, property, unit and conditions? Give a class: real, wrong-value, wrong-unit, wrong-property, wrong-condition, implausible (the page prints what cannot be) or variant (the product is a special formulation its material does not describe).",no
T00883,4,value-check,2,measurements,V012393,,Vicat softening temperature,G020-74,Spectrum PET-G FX120,R-SPECTRUM-PORTFOLIO-2024,4fb78715b81997ecd11b61d8b84393e1bfc6fe096ed35fc50ac062073c96cd74,.cache/sources/by-sha/4fb78715b81997ecd11b61d8b84393e1bfc6fe096ed35fc50ac062073c96cd74.pdf,5,p. 5: VICAT,170°C · specimen: Not published (do not assume printed),"Vicat softening temperature 170 °C sits far from PETG's typical 78 (z 20.7). Is it what the page prints for this product, property, unit and conditions? Give a class: real, wrong-value, wrong-unit, wrong-property, wrong-condition, implausible (the page prints what cannot be) or variant (the product is a special formulation its material does not describe).",no
T00884,4,value-check,2,measurements,V013064,,Flexural modulus,G020-56,Extrudr XPETG MATT,R-EXTRUDR-PRIORITY-20261003-967a9be07d31,967a9be07d31d403fcea0c6ca55a466136817d7bdf2af15e70086ac5856e4c55,.cache/sources/by-sha/967a9be07d31d403fcea0c6ca55a466136817d7bdf2af15e70086ac5856e4c55.html,1,p. 1: Flexural modulus,3300 MPa · Unstated · specimen: Not published (do not assume printed),"Flexural modulus 3.3 GPa sits far from PETG's typical 2.04 (z 7.9). Is it what the page prints for this product, property, unit and conditions? Give a class: real, wrong-value, wrong-unit, wrong-property, wrong-condition, implausible (the page prints what cannot be) or variant (the product is a special formulation its material does not describe).",no
T00885,4,value-check,2,measurements,V014772,,Charpy strength,G168-03,Extrudr GREENTEC PRO,R-EXTRUDR-GAP2-20261005-8a59c7615526,8a59c76155262e82bfc5f7e51d8bc729d81b4ffb88723cebe72e8e80af631c5d,.cache/sources/by-sha/8a59c76155262e82bfc5f7e51d8bc729d81b4ffb88723cebe72e8e80af631c5d.html,1,p. 1: Charpy unnotched impact strength (-30°C),55 kJ/m² · Unnotched · Unstated · specimen: Not published (do not assume printed),"Charpy strength 55 kJ/m² sits far from PLA blend's typical 12 (z 3.2). Is it what the page prints for this product, property, unit and conditions? Give a class: real, wrong-value, wrong-unit, wrong-property, wrong-condition, implausible (the page prints what cannot be) or variant (the product is a special formulation its material does not describe).",no
T00886,4,value-check,2,measurements,V013240,,Melting temperature,G027-45,FormFutura ABSpro,S-PET-TDS-ABSpro,1dd4ce6eb240e6eb39590e25b46ee43882982d33afc9ff8a9ff71be61cef8fab,.cache/sources/by-sha/1dd4ce6eb240e6eb39590e25b46ee43882982d33afc9ff8a9ff71be61cef8fab.pdf,1,p. 1: Melting termperature,252 ± 10° C · specimen: Not published (do not assume printed),"Melting temperature 252 °C sits far from ABS's typical 145 (z 5.6). Is it what the page prints for this product, property, unit and conditions? Give a class: real, wrong-value, wrong-unit, wrong-property, wrong-condition, implausible (the page prints what cannot be) or variant (the product is a special formulation its material does not describe).",no
T00887,4,value-check,2,measurements,V011266,,Hardness,G167-03,Fiberlogy FiberFlex 30D,R-FIBERLOGY-FIBERLOGY-FIBERFLEX-30D-TDS,99b4c3f30cb415793010e50858a0ee149f6bea8650d71d4837045a9ef957f58a,.cache/sources/by-sha/99b4c3f30cb415793010e50858a0ee149f6bea8650d71d4837045a9ef957f58a.pdf,1,"p. 1: Shore A, 1 sec, 23°C ISO 7619 -",81 · specimen: Not published (do not assume printed),"Hardness 81 Shore A sits far from TPC / TPEE's typical 91 (z -6.7). Is it what the page prints for this product, property, unit and conditions? Give a class: real, wrong-value, wrong-unit, wrong-property, wrong-condition, implausible (the page prints what cannot be) or variant (the product is a special formulation its material does not describe).",no
T00888,4,value-check,2,measurements,V007559,,Vicat softening temperature,G002-01,Bambu Lab PLA Basic,B-PC-Bambu-PLA-Basic-Technical-Data-Sheet,44c00d8398cba7fbdb8fdcd13886ab904f78826d9eefa531a95118b6891201b3,.cache/sources/by-sha/44c00d8398cba7fbdb8fdcd13886ab904f78826d9eefa531a95118b6891201b3.pdf,2,"p. 2: Vicar Softening Temperature ISO 306, GB/T 1633",57 °C · specimen: Not published (do not assume printed),"Vicat softening temperature 57 °C sits far from PLA's typical 62 (z -3.4). Is it what the page prints for this product, property, unit and conditions? Give a class: real, wrong-value, wrong-unit, wrong-property, wrong-condition, implausible (the page prints what cannot be) or variant (the product is a special formulation its material does not describe).",no
T00889,4,value-check,2,measurements,V010039,,Vicat softening temperature,G001-172,Extrudr BIOFUSION,R-EXTRUDR-biofusion-TDS-en,23ced32eb8b80681944ca2a100edbeec286850eb62383c398d3691a6be5d05e4,.cache/sources/by-sha/23ced32eb8b80681944ca2a100edbeec286850eb62383c398d3691a6be5d05e4.pdf,1,p. 1: VICAT A (VST) ASTM D1525 °C,75 °C · specimen: Raw material value,"Vicat softening temperature 75 °C sits far from PLA's typical 60 (z 10.1). Is it what the page prints for this product, property, unit and conditions? Give a class: real, wrong-value, wrong-unit, wrong-property, wrong-condition, implausible (the page prints what cannot be) or variant (the product is a special formulation its material does not describe).",no
T00890,4,value-check,2,measurements,V009035,,Flexural modulus,G018-20,Creality Hyper PLA-CF,R-3DJAKE-3DJAKE-14-TDS-hyper-PLA-CF-EN,90ff17ac9226ceac563bdcef0c1f6be976722bd69a54f3c1da568de442b2c4c3,.cache/sources/by-sha/90ff17ac9226ceac563bdcef0c1f6be976722bd69a54f3c1da568de442b2c4c3.pdf,1,"p. 1: Bending modulus(X-Y) ISO 179, GB/T 1043",5003 MPa · XY · specimen: Not published (do not assume printed),"Flexural modulus 5.003 GPa sits far from PLA-CF's typical 3.2977499999999997 (z 6.0). Is it what the page prints for this product, property, unit and conditions? Give a class: real, wrong-value, wrong-unit, wrong-property, wrong-condition, implausible (the page prints what cannot be) or variant (the product is a special formulation its material does not describe).",no
T00891,4,value-check,2,measurements,V008840,,Izod impact strength,G001-121,nice essentials PLA Basic,R-3DJAKE-3DJAKE-Technical-Data-Sheet-nice-essentials-PLA-Basic-V1-0,36c501000ef955976c66743edd9dae2268205272c25f5721e78c6cba4bd1b3eb,.cache/sources/by-sha/36c501000ef955976c66743edd9dae2268205272c25f5721e78c6cba4bd1b3eb.pdf,1,p. 1: Impact strength,"0,3 kJ/m² · Notched · specimen: Not published (do not assume printed)","Izod impact strength 0.3 kJ/m² sits far from PLA's typical 4.95 (z -3.1). Is it what the page prints for this product, property, unit and conditions? Give a class: real, wrong-value, wrong-unit, wrong-property, wrong-condition, implausible (the page prints what cannot be) or variant (the product is a special formulation its material does not describe).",no
T00892,4,value-check,2,measurements,V003957,,Tensile strength (endpoint unspecified),G035-10,Polymaker Polymaker PolyLite PC Transparent,S-POLYCN-TDS-Polymaker-PolyLite-PC-Transparent-V5-5-2026-01-05-EN,dfee4768b7e136b457d0d44dc8420e4bc8a7ff29219664de9e104a491cc5954b,.cache/sources/by-sha/dfee4768b7e136b457d0d44dc8420e4bc8a7ff29219664de9e104a491cc5954b.pdf,1,p. 1: Tensile strength (Z),52.8 ± 1.7 MPa · Z · specimen: Not published (do not assume printed),"Tensile strength (endpoint unspecified) 52.8 MPa sits far from PC's typical 41.9 (z 15.6). Is it what the page prints for this product, property, unit and conditions? Give a class: real, wrong-value, wrong-unit, wrong-property, wrong-condition, implausible (the page prints what cannot be) or variant (the product is a special formulation its material does not describe).",no
T00893,4,value-check,2,measurements,V003511,,Vicat softening temperature,G027-08,Polymaker Polymaker ABS Pro,S-POLYCN-TDS-Polymaker-ABS-Pro-V1-1-2026-06-01-EN,440dfdcb31cf6f335e86732c3d8449d8d63a2d6c5092cfdf435bb2ec7853c3b1,.cache/sources/by-sha/440dfdcb31cf6f335e86732c3d8449d8d63a2d6c5092cfdf435bb2ec7853c3b1.pdf,1,p. 1: Vicat softening temp.,116.1 °C · specimen: Not published (do not assume printed),"Vicat softening temperature 116.1 °C sits far from ABS's typical 97 (z 3.2). Is it what the page prints for this product, property, unit and conditions? Give a class: real, wrong-value, wrong-unit, wrong-property, wrong-condition, implausible (the page prints what cannot be) or variant (the product is a special formulation its material does not describe).",no
T00894,4,value-check,2,measurements,V007318,,Flexural modulus,G020-37,eSUN PETG Basic,S-PEBA-PETG-Basic-TDS,ce5e2430fd94002144a9b4a390d096b5b7e76acd892474b752fa1f1370b98962,.cache/sources/by-sha/ce5e2430fd94002144a9b4a390d096b5b7e76acd892474b752fa1f1370b98962.pdf,2,p. 2: Flexural Modulus (Z) GB/T 9341,2207.6 MPa · Z · specimen: Printed specimen,"Flexural modulus 2.2076 GPa sits far from PETG's typical 1.74 (z 6.0). Is it what the page prints for this product, property, unit and conditions? Give a class: real, wrong-value, wrong-unit, wrong-property, wrong-condition, implausible (the page prints what cannot be) or variant (the product is a special formulation its material does not describe).",no
T00895,4,value-check,2,measurements,V004919,,Melt mass-flow rate,G039-20,Eryone TPU 90A,R-ERYONE-eryone-tpu-90a-tds,6435c019425573cd19a7808e13ba6861c5ca21eb2edff039502ffb027447ff92,.cache/sources/by-sha/6435c019425573cd19a7808e13ba6861c5ca21eb2edff039502ffb027447ff92.pdf,1,"p. 1: Melt Index(g/10 min) 210 ° C, 2.16 kg g/10min",36 g/10min · specimen: Not published (do not assume printed),"Melt mass-flow rate 36 g/10 min sits far from TPU 90A class's typical 6.9 (z 24.5). Is it what the page prints for this product, property, unit and conditions? Give a class: real, wrong-value, wrong-unit, wrong-property, wrong-condition, implausible (the page prints what cannot be) or variant (the product is a special formulation its material does not describe).",no
T00896,4,value-check,2,measurements,V014385,,Izod impact strength,G001-08,Spectrum THE FILAMENT PLA Matte,R-3DJAKE-EN-TDS-The-Filament-PLA-Matte,78668e29069a8d8a5fc5905c336d3c3328f4c0d1184381121b81c24963412e42,.cache/sources/by-sha/78668e29069a8d8a5fc5905c336d3c3328f4c0d1184381121b81c24963412e42.pdf,1,p. 1: Izod Notched,"51,2 J/m · Notched · Unstated · specimen: Not published (do not assume printed)","Izod impact strength 51.2 J/m sits far from PLA's typical 16.01361 (z 1743.8). Is it what the page prints for this product, property, unit and conditions? Give a class: real, wrong-value, wrong-unit, wrong-property, wrong-condition, implausible (the page prints what cannot be) or variant (the product is a special formulation its material does not describe).",no
T00897,4,value-check,2,measurements,V003385,,Density,G001-19,Polymaker PolyLite PLA,S-POLYCN-PolyLite-PLA-TDS-V5-1-7,0678205d8447934333627472db8a91b236d0eacfa63dd168af73ad1567889b31,.cache/sources/by-sha/0678205d8447934333627472db8a91b236d0eacfa63dd168af73ad1567889b31.pdf,2,"p. 2: Density ISO1183, GB/T1033",1.17 g/cm3 · specimen: Not published (density specimen form not explicitly established),"Density 1170 kg/m³ sits far from PLA's typical 1240 (z -4.7). Is it what the page prints for this product, property, unit and conditions? Give a class: real, wrong-value, wrong-unit, wrong-property, wrong-condition, implausible (the page prints what cannot be) or variant (the product is a special formulation its material does not describe).",no
T00898,4,value-check,2,measurements,V010151,,Tensile yield strength,G001-175,Fiberlogy FiberSatin,R-FIBERLOGY-FIBERLOGY-FIBERSATIN-TDS,634301a4277d15b0080d358b4b4408cd8873b306042ff2f6146ad65e94de43b3,.cache/sources/by-sha/634301a4277d15b0080d358b4b4408cd8873b306042ff2f6146ad65e94de43b3.pdf,1,p. 1: Tensile Strength @ Yield ASTM D882 MPa,48 MPa · Unstated · specimen: Film specimen (ASTM D882); not a printed or moulded bar,"Tensile yield strength 48 MPa sits far from PLA's typical 60 (z -8.1). Is it what the page prints for this product, property, unit and conditions? Give a class: real, wrong-value, wrong-unit, wrong-property, wrong-condition, implausible (the page prints what cannot be) or variant (the product is a special formulation its material does not describe).",no
T00899,4,value-check,2,measurements,V013715,,Tensile yield strength,G001-77,Prusa Research Prusament rPLA Natural Pigments by Prusa Polymers,S-PVB-prusament-rpla-natural-pigments-technical-data-sheet,2f839da8f8bc246cb91b90b1fd721dbd51d8c9a5e1c52ba6f66a72187f468651,.cache/sources/by-sha/2f839da8f8bc246cb91b90b1fd721dbd51d8c9a5e1c52ba6f66a72187f468651.pdf,2,p. 2: Tensile Yield Strength [MPa],44.0 ± 2 · Horizontal (source label) · specimen: Printed specimen,"Tensile yield strength 44 MPa sits far from PLA's typical 49.8 (z -3.9). Is it what the page prints for this product, property, unit and conditions? Give a class: real, wrong-value, wrong-unit, wrong-property, wrong-condition, implausible (the page prints what cannot be) or variant (the product is a special formulation its material does not describe).",no
T00900,4,value-check,2,measurements,V014346,,Elongation at break,G039-19,SUNLU TPU 95A,D-SUNLU-TPU-TDS-2024-06,550a9d1a784b31dc65813a38a5544708002593f92a81241df23fd17d90068ddc,.cache/sources/by-sha/550a9d1a784b31dc65813a38a5544708002593f92a81241df23fd17d90068ddc.pdf,1,p. 1: 断裂伸长率(X-Y) Elongation at break,1063 · XY · specimen: Not published (do not assume printed),"Elongation at break 1063 % sits far from TPU 95A class's typical 595.1 (z 4.4). Is it what the page prints for this product, property, unit and conditions? Give a class: real, wrong-value, wrong-unit, wrong-property, wrong-condition, implausible (the page prints what cannot be) or variant (the product is a special formulation its material does not describe).",no
T00901,5,source-pair,,sources,S-PET-formfutura-tds-titanx,S-SPECTRUM-en-tds-spectrum-smart-abs,,G027-56,FormFutura TitanX,S-PET-formfutura-tds-titanx,df602cd33b4f9a1307c2d2429adf70b3e10f0e89bee403f26b89bdf5c1645e56,.cache/sources/by-sha/df602cd33b4f9a1307c2d2429adf70b3e10f0e89bee403f26b89bdf5c1645e56.pdf,1,TECHNICAL DATA SHEET UTURA,G027-56 TitanX [active] | G027-05 Smart ABS [active],"Compare S-PET-formfutura-tds-titanx (""TECHNICAL DATA SHEET UTURA"", G027-56 TitanX [active]) with S-SPECTRUM-en-tds-spectrum-smart-abs (""TECHNICAL DATA SHEET Smart ABS"", G027-05 Smart ABS [active], .cache/sources/by-sha/a54e9f88954811b94a3c343c2139398aa741ff7be7539e5fb6e01aae3adcc89a.pdf). They share 5 of their values. Is it one product's sheet twice (revision), the same content (a copy), one table printed for two named products (twin), another maker's reprint, or distinct? Quote each document's product name.",pair
T00902,5,source-pair,,sources,S-PET-TDS-ePLA,S-SPECTRUM-en-tds-spectrum-pla-glitter,,G001-162,FormFutura EasyFil ePLA,S-PET-TDS-ePLA,6736944a6c0d1f0d155f4ab0d97e984113edcfdca70c4944eaed468fe16cabb0,.cache/sources/by-sha/6736944a6c0d1f0d155f4ab0d97e984113edcfdca70c4944eaed468fe16cabb0.pdf,1,Technical Data Sheet EasyFil ePLA,G001-162 EasyFil ePLA [active] | G013-02 PLA Glitter [active],"Compare S-PET-TDS-ePLA (""Technical Data Sheet EasyFil ePLA"", G001-162 EasyFil ePLA [active]) with S-SPECTRUM-en-tds-spectrum-pla-glitter (""TECHNICAL DATA SHEET PLA Glitter"", G013-02 PLA Glitter [active], .cache/sources/by-sha/06c1443a51e640596945034be7790cd67c59745227065394f68309736d2820e7.pdf). They share 11 of their values. Is it one product's sheet twice (revision), the same content (a copy), one table printed for two named products (twin), another maker's reprint, or distinct? Quote each document's product name.",pair
T00903,5,source-pair,,sources,S-SPECTRUM-en-tds-spectrum-pla-glitter,S-SPECTRUM-en-tds-spectrum-pla-premium,,G013-02,Spectrum PLA Glitter,S-SPECTRUM-en-tds-spectrum-pla-glitter,06c1443a51e640596945034be7790cd67c59745227065394f68309736d2820e7,.cache/sources/by-sha/06c1443a51e640596945034be7790cd67c59745227065394f68309736d2820e7.pdf,1,TECHNICAL DATA SHEET PLA Glitter,G013-02 PLA Glitter [active] | G001-69 PLA Premium [active],"Compare S-SPECTRUM-en-tds-spectrum-pla-glitter (""TECHNICAL DATA SHEET PLA Glitter"", G013-02 PLA Glitter [active]) with S-SPECTRUM-en-tds-spectrum-pla-premium (""TECHNICAL DATA SHEET PLA Premium"", G001-69 PLA Premium [active], .cache/sources/by-sha/642ff025cedb0d62f790086a24a8cb4387d0e40834ea230c6b1300fc2b6010c8.pdf). They share 11 of their values. Is it one product's sheet twice (revision), the same content (a copy), one table printed for two named products (twin), another maker's reprint, or distinct? Quote each document's product name.",pair
T00904,5,source-pair,,sources,S-SPECTRUM-EN-TDS-Spectrum-PLA-Glow-in-the-Dark-0,S-SPECTRUM-de-tds-spectrum-pla-stone-age,,G016-05,Spectrum PLA Glow in the Dark,S-SPECTRUM-EN-TDS-Spectrum-PLA-Glow-in-the-Dark-0,4a77404e40d3f2167b1fb1b64a85e4e77783eb2ba3be8ad98d77906e55e6e06a,.cache/sources/by-sha/4a77404e40d3f2167b1fb1b64a85e4e77783eb2ba3be8ad98d77906e55e6e06a.pdf,1,TECHNICAL DATA SHEET PLA Glow in the Dark,G016-05 PLA Glow in the Dark [active] | G012-07 PLA Stone Age [active],"Compare S-SPECTRUM-EN-TDS-Spectrum-PLA-Glow-in-the-Dark-0 (""TECHNICAL DATA SHEET PLA Glow in the Dark"", G016-05 PLA Glow in the Dark [active]) with S-SPECTRUM-de-tds-spectrum-pla-stone-age (""TECHNISCHES MERKBLATT"", G012-07 PLA Stone Age [active], .cache/sources/by-sha/c081ccfd7ee094480210b02d21eae46e7839e134621e8da15fc81d85e6e848e4.pdf). They share 9 of their values. Is it one product's sheet twice (revision), the same content (a copy), one table printed for two named products (twin), another maker's reprint, or distinct? Quote each document's product name.",pair
T00905,5,source-pair,,sources,S-PET-TDS-ePLA,S-SPECTRUM-EN-TDS-Spectrum-PLA-ESD,,G001-162,FormFutura EasyFil ePLA,S-PET-TDS-ePLA,6736944a6c0d1f0d155f4ab0d97e984113edcfdca70c4944eaed468fe16cabb0,.cache/sources/by-sha/6736944a6c0d1f0d155f4ab0d97e984113edcfdca70c4944eaed468fe16cabb0.pdf,1,Technical Data Sheet EasyFil ePLA,G001-162 EasyFil ePLA [active] | G107-01 PLA ESD [active],"Compare S-PET-TDS-ePLA (""Technical Data Sheet EasyFil ePLA"", G001-162 EasyFil ePLA [active]) with S-SPECTRUM-EN-TDS-Spectrum-PLA-ESD (""TECHNICAL DATA SHEET PLA ESD"", G107-01 PLA ESD [active], .cache/sources/by-sha/4e18fc47b5ce4d8b7a8e34b0c7f026ad834a2044b2e82aba7d2165db94141ee2.pdf). They share 9 of their values. Is it one product's sheet twice (revision), the same content (a copy), one table printed for two named products (twin), another maker's reprint, or distinct? Quote each document's product name.",pair
T00906,5,source-pair,,sources,S-SPECTRUM-EN-TDS-Spectrum-PLA-ESD,S-SPECTRUM-en-tds-spectrum-pla-glitter,,G107-01,Spectrum PLA ESD,S-SPECTRUM-EN-TDS-Spectrum-PLA-ESD,4e18fc47b5ce4d8b7a8e34b0c7f026ad834a2044b2e82aba7d2165db94141ee2,.cache/sources/by-sha/4e18fc47b5ce4d8b7a8e34b0c7f026ad834a2044b2e82aba7d2165db94141ee2.pdf,1,TECHNICAL DATA SHEET PLA ESD,G107-01 PLA ESD [active] | G013-02 PLA Glitter [active],"Compare S-SPECTRUM-EN-TDS-Spectrum-PLA-ESD (""TECHNICAL DATA SHEET PLA ESD"", G107-01 PLA ESD [active]) with S-SPECTRUM-en-tds-spectrum-pla-glitter (""TECHNICAL DATA SHEET PLA Glitter"", G013-02 PLA Glitter [active], .cache/sources/by-sha/06c1443a51e640596945034be7790cd67c59745227065394f68309736d2820e7.pdf). They share 9 of their values. Is it one product's sheet twice (revision), the same content (a copy), one table printed for two named products (twin), another maker's reprint, or distinct? Quote each document's product name.",pair
T00907,5,source-pair,,sources,S-SPECTRUM-EN-TDS-Spectrum-PLA-ESD,S-SPECTRUM-en-tds-spectrum-pla-premium,,G107-01,Spectrum PLA ESD,S-SPECTRUM-EN-TDS-Spectrum-PLA-ESD,4e18fc47b5ce4d8b7a8e34b0c7f026ad834a2044b2e82aba7d2165db94141ee2,.cache/sources/by-sha/4e18fc47b5ce4d8b7a8e34b0c7f026ad834a2044b2e82aba7d2165db94141ee2.pdf,1,TECHNICAL DATA SHEET PLA ESD,G107-01 PLA ESD [active] | G001-69 PLA Premium [active],"Compare S-SPECTRUM-EN-TDS-Spectrum-PLA-ESD (""TECHNICAL DATA SHEET PLA ESD"", G107-01 PLA ESD [active]) with S-SPECTRUM-en-tds-spectrum-pla-premium (""TECHNICAL DATA SHEET PLA Premium"", G001-69 PLA Premium [active], .cache/sources/by-sha/642ff025cedb0d62f790086a24a8cb4387d0e40834ea230c6b1300fc2b6010c8.pdf). They share 9 of their values. Is it one product's sheet twice (revision), the same content (a copy), one table printed for two named products (twin), another maker's reprint, or distinct? Quote each document's product name.",pair
T00908,5,source-pair,,sources,R-EXTRUDR-pla-basic-TDS-en,R-EXTRUDR-pla-basic-cf-TDS-de-3,,G001-34,Extrudr PLA BASIC,R-EXTRUDR-pla-basic-TDS-en,7735261c0f52eb0b3f11fdeaa07c6d343e1d4c233e1dae1def1b5fd7e472bfbe,.cache/sources/by-sha/7735261c0f52eb0b3f11fdeaa07c6d343e1d4c233e1dae1def1b5fd7e472bfbe.pdf,1,TECHNICAL DATA SHEET PLA BASIC,G001-34 PLA BASIC [active] | G018-07 PLA BASIC CF [active],"Compare R-EXTRUDR-pla-basic-TDS-en (""TECHNICAL DATA SHEET PLA BASIC"", G001-34 PLA BASIC [active]) with R-EXTRUDR-pla-basic-cf-TDS-de-3 (""TECHNISCHES DATENBLATT PLA BASIC CF"", G018-07 PLA BASIC CF [active], .cache/sources/by-sha/d30e621219ca5bdafc91c589713442b8a5c3d5ec324793cd4993f3a87424a5b8.pdf). They share 8 of their values. Is it one product's sheet twice (revision), the same content (a copy), one table printed for two named products (twin), another maker's reprint, or distinct? Quote each document's product name.",pair
T00909,5,source-pair,,sources,R-FIBERLOGY-FIBERLOGY-FIBERFLEX-40D-TDS,R-FIBERLOGY-FIBERLOGY-FIBERFLEX-AERO-TDS-1,,G167-06,Fiberlogy FiberFlex 40D,R-FIBERLOGY-FIBERLOGY-FIBERFLEX-40D-TDS,b39e330771c24d6657eca138c19f433b0de93a68a1b9166ce634dd8217fb5a60,.cache/sources/by-sha/b39e330771c24d6657eca138c19f433b0de93a68a1b9166ce634dd8217fb5a60.pdf,1,SHEET,G167-06 FiberFlex 40D [active] | G134-01 FiberFlex Aero [active],"Compare R-FIBERLOGY-FIBERLOGY-FIBERFLEX-40D-TDS (""SHEET"", G167-06 FiberFlex 40D [active]) with R-FIBERLOGY-FIBERLOGY-FIBERFLEX-AERO-TDS-1 (""TECHNICAL DATA SHEET Fiberlogy FiberFlex Aero"", G134-01 FiberFlex Aero [active], .cache/sources/by-sha/f25e6f601d3ba3b2f41f227e4b6297719544843f69c6b1235c1e9d0bcef04ef3.pdf). They share 8 of their values. Is it one product's sheet twice (revision), the same content (a copy), one table printed for two named products (twin), another maker's reprint, or distinct? Quote each document's product name.",pair
T00910,5,source-pair,,sources,R-FIBERLOGY-FIBERLOGY-FIBERFLEX-AERO-TDS-1,R-FIBERLOGY-FIBERLOGY-FIBERFLEX40D-TDS,,G134-01,Fiberlogy FiberFlex Aero,R-FIBERLOGY-FIBERLOGY-FIBERFLEX-AERO-TDS-1,f25e6f601d3ba3b2f41f227e4b6297719544843f69c6b1235c1e9d0bcef04ef3,.cache/sources/by-sha/f25e6f601d3ba3b2f41f227e4b6297719544843f69c6b1235c1e9d0bcef04ef3.pdf,1,TECHNICAL DATA SHEET Fiberlogy FiberFlex Aero,G134-01 FiberFlex Aero [active] | G167-06 FiberFlex 40D [active],"Compare R-FIBERLOGY-FIBERLOGY-FIBERFLEX-AERO-TDS-1 (""TECHNICAL DATA SHEET Fiberlogy FiberFlex Aero"", G134-01 FiberFlex Aero [active]) with R-FIBERLOGY-FIBERLOGY-FIBERFLEX40D-TDS (""TECHNICAL DATA SHEET Fiberlogy FiberFlex 40D"", G167-06 FiberFlex 40D [active], .cache/sources/by-sha/9196bd983c5f848351c5450d19f712394023de3f24d7363a0611cd35f272ee31.pdf). They share 8 of their values. Is it one product's sheet twice (revision), the same content (a copy), one table printed for two named products (twin), another maker's reprint, or distinct? Quote each document's product name.",pair
T00911,5,source-pair,,sources,R-FIBERLOGY-FIBERLOGY-FIBERFLEXCF-TDS,S-SPECTRUM-en-tds-spectrum-sflex-carbon,,G129-07,Fiberlogy FiberFlex CF,R-FIBERLOGY-FIBERLOGY-FIBERFLEXCF-TDS,11a21e7bc7d68384dcac5cf8ee42c8eb128be480508194012a009328ac1e7b7c,.cache/sources/by-sha/11a21e7bc7d68384dcac5cf8ee42c8eb128be480508194012a009328ac1e7b7c.pdf,1,TECHNICAL DATA SHEET Fiberlogy FiberFlex CF,G129-07 FiberFlex CF [active] | G129-01 S-Flex Carbon [active],"Compare R-FIBERLOGY-FIBERLOGY-FIBERFLEXCF-TDS (""TECHNICAL DATA SHEET Fiberlogy FiberFlex CF"", G129-07 FiberFlex CF [active]) with S-SPECTRUM-en-tds-spectrum-sflex-carbon (""TECHNICAL DATA SHEET S-Flex Carbon"", G129-01 S-Flex Carbon [active], .cache/sources/by-sha/fb659024de011cf6a2db084eecdef03330a2f75db79f30315237c83403d1d90e.pdf). They share 8 of their values. Is it one product's sheet twice (revision), the same content (a copy), one table printed for two named products (twin), another maker's reprint, or distinct? Quote each document's product name.",pair
T00912,5,source-pair,,sources,S-PET-TDS-ePLA,S-SPECTRUM-EN-TDS-Spectrum-PLA-Glow-in-the-Dark-0,,G001-162,FormFutura EasyFil ePLA,S-PET-TDS-ePLA,6736944a6c0d1f0d155f4ab0d97e984113edcfdca70c4944eaed468fe16cabb0,.cache/sources/by-sha/6736944a6c0d1f0d155f4ab0d97e984113edcfdca70c4944eaed468fe16cabb0.pdf,1,Technical Data Sheet EasyFil ePLA,G001-162 EasyFil ePLA [active] | G016-05 PLA Glow in the Dark [active],"Compare S-PET-TDS-ePLA (""Technical Data Sheet EasyFil ePLA"", G001-162 EasyFil ePLA [active]) with S-SPECTRUM-EN-TDS-Spectrum-PLA-Glow-in-the-Dark-0 (""TECHNICAL DATA SHEET PLA Glow in the Dark"", G016-05 PLA Glow in the Dark [active], .cache/sources/by-sha/4a77404e40d3f2167b1fb1b64a85e4e77783eb2ba3be8ad98d77906e55e6e06a.pdf). They share 8 of their values. Is it one product's sheet twice (revision), the same content (a copy), one table printed for two named products (twin), another maker's reprint, or distinct? Quote each document's product name.",pair
T00913,5,source-pair,,sources,S-PET-TDS-ePLA,S-SPECTRUM-de-tds-spectrum-pla-stone-age,,G001-162,FormFutura EasyFil ePLA,S-PET-TDS-ePLA,6736944a6c0d1f0d155f4ab0d97e984113edcfdca70c4944eaed468fe16cabb0,.cache/sources/by-sha/6736944a6c0d1f0d155f4ab0d97e984113edcfdca70c4944eaed468fe16cabb0.pdf,1,Technical Data Sheet EasyFil ePLA,G001-162 EasyFil ePLA [active] | G012-07 PLA Stone Age [active],"Compare S-PET-TDS-ePLA (""Technical Data Sheet EasyFil ePLA"", G001-162 EasyFil ePLA [active]) with S-SPECTRUM-de-tds-spectrum-pla-stone-age (""TECHNISCHES MERKBLATT"", G012-07 PLA Stone Age [active], .cache/sources/by-sha/c081ccfd7ee094480210b02d21eae46e7839e134621e8da15fc81d85e6e848e4.pdf). They share 8 of their values. Is it one product's sheet twice (revision), the same content (a copy), one table printed for two named products (twin), another maker's reprint, or distinct? Quote each document's product name.",pair
T00914,5,source-pair,,sources,S-PET-TDS-ePLA,S-SPECTRUM-en-tds-spectrum-pla-esd,,G001-162,FormFutura EasyFil ePLA,S-PET-TDS-ePLA,6736944a6c0d1f0d155f4ab0d97e984113edcfdca70c4944eaed468fe16cabb0,.cache/sources/by-sha/6736944a6c0d1f0d155f4ab0d97e984113edcfdca70c4944eaed468fe16cabb0.pdf,1,Technical Data Sheet EasyFil ePLA,G001-162 EasyFil ePLA [active] | G107-01 PLA ESD [active],"Compare S-PET-TDS-ePLA (""Technical Data Sheet EasyFil ePLA"", G001-162 EasyFil ePLA [active]) with S-SPECTRUM-en-tds-spectrum-pla-esd (""TECHNICAL DATA SHEET PLA ESD"", G107-01 PLA ESD [active], .cache/sources/by-sha/4d3090c0aaacb822216300c6544d45fe33200474f125df1918cf4e6eb6cfc724.pdf). They share 8 of their values. Is it one product's sheet twice (revision), the same content (a copy), one table printed for two named products (twin), another maker's reprint, or distinct? Quote each document's product name.",pair
T00915,5,source-pair,,sources,S-SPECTRUM-de-tds-spectrum-pla-stone-age,S-SPECTRUM-en-tds-spectrum-pla-glitter,,G012-07,Spectrum PLA Stone Age,S-SPECTRUM-de-tds-spectrum-pla-stone-age,c081ccfd7ee094480210b02d21eae46e7839e134621e8da15fc81d85e6e848e4,.cache/sources/by-sha/c081ccfd7ee094480210b02d21eae46e7839e134621e8da15fc81d85e6e848e4.pdf,1,TECHNISCHES MERKBLATT,G012-07 PLA Stone Age [active] | G013-02 PLA Glitter [active],"Compare S-SPECTRUM-de-tds-spectrum-pla-stone-age (""TECHNISCHES MERKBLATT"", G012-07 PLA Stone Age [active]) with S-SPECTRUM-en-tds-spectrum-pla-glitter (""TECHNICAL DATA SHEET PLA Glitter"", G013-02 PLA Glitter [active], .cache/sources/by-sha/06c1443a51e640596945034be7790cd67c59745227065394f68309736d2820e7.pdf). They share 8 of their values. Is it one product's sheet twice (revision), the same content (a copy), one table printed for two named products (twin), another maker's reprint, or distinct? Quote each document's product name.",pair
T00916,5,source-pair,,sources,S-SPECTRUM-de-tds-spectrum-pla-stone-age,S-SPECTRUM-en-tds-spectrum-pla-premium,,G012-07,Spectrum PLA Stone Age,S-SPECTRUM-de-tds-spectrum-pla-stone-age,c081ccfd7ee094480210b02d21eae46e7839e134621e8da15fc81d85e6e848e4,.cache/sources/by-sha/c081ccfd7ee094480210b02d21eae46e7839e134621e8da15fc81d85e6e848e4.pdf,1,TECHNISCHES MERKBLATT,G012-07 PLA Stone Age [active] | G001-69 PLA Premium [active],"Compare S-SPECTRUM-de-tds-spectrum-pla-stone-age (""TECHNISCHES MERKBLATT"", G012-07 PLA Stone Age [active]) with S-SPECTRUM-en-tds-spectrum-pla-premium (""TECHNICAL DATA SHEET PLA Premium"", G001-69 PLA Premium [active], .cache/sources/by-sha/642ff025cedb0d62f790086a24a8cb4387d0e40834ea230c6b1300fc2b6010c8.pdf). They share 8 of their values. Is it one product's sheet twice (revision), the same content (a copy), one table printed for two named products (twin), another maker's reprint, or distinct? Quote each document's product name.",pair
T00917,5,source-pair,,sources,S-SPECTRUM-en-tds-spectrum-pla-esd,S-SPECTRUM-en-tds-spectrum-pla-glitter,,G107-01,Spectrum PLA ESD,S-SPECTRUM-en-tds-spectrum-pla-esd,4d3090c0aaacb822216300c6544d45fe33200474f125df1918cf4e6eb6cfc724,.cache/sources/by-sha/4d3090c0aaacb822216300c6544d45fe33200474f125df1918cf4e6eb6cfc724.pdf,1,TECHNICAL DATA SHEET PLA ESD,G107-01 PLA ESD [active] | G013-02 PLA Glitter [active],"Compare S-SPECTRUM-en-tds-spectrum-pla-esd (""TECHNICAL DATA SHEET PLA ESD"", G107-01 PLA ESD [active]) with S-SPECTRUM-en-tds-spectrum-pla-glitter (""TECHNICAL DATA SHEET PLA Glitter"", G013-02 PLA Glitter [active], .cache/sources/by-sha/06c1443a51e640596945034be7790cd67c59745227065394f68309736d2820e7.pdf). They share 8 of their values. Is it one product's sheet twice (revision), the same content (a copy), one table printed for two named products (twin), another maker's reprint, or distinct? Quote each document's product name.",pair
T00918,5,source-pair,,sources,S-SPECTRUM-en-tds-spectrum-pla-esd,S-SPECTRUM-en-tds-spectrum-pla-premium,,G107-01,Spectrum PLA ESD,S-SPECTRUM-en-tds-spectrum-pla-esd,4d3090c0aaacb822216300c6544d45fe33200474f125df1918cf4e6eb6cfc724,.cache/sources/by-sha/4d3090c0aaacb822216300c6544d45fe33200474f125df1918cf4e6eb6cfc724.pdf,1,TECHNICAL DATA SHEET PLA ESD,G107-01 PLA ESD [active] | G001-69 PLA Premium [active],"Compare S-SPECTRUM-en-tds-spectrum-pla-esd (""TECHNICAL DATA SHEET PLA ESD"", G107-01 PLA ESD [active]) with S-SPECTRUM-en-tds-spectrum-pla-premium (""TECHNICAL DATA SHEET PLA Premium"", G001-69 PLA Premium [active], .cache/sources/by-sha/642ff025cedb0d62f790086a24a8cb4387d0e40834ea230c6b1300fc2b6010c8.pdf). They share 8 of their values. Is it one product's sheet twice (revision), the same content (a copy), one table printed for two named products (twin), another maker's reprint, or distinct? Quote each document's product name.",pair
T00919,5,source-pair,,sources,S-SPECTRUM-EN-TDS-Spectrum-PLA-Glow-in-the-Dark-0,S-SPECTRUM-en-tds-spectrum-pla-glitter,,G016-05,Spectrum PLA Glow in the Dark,S-SPECTRUM-EN-TDS-Spectrum-PLA-Glow-in-the-Dark-0,4a77404e40d3f2167b1fb1b64a85e4e77783eb2ba3be8ad98d77906e55e6e06a,.cache/sources/by-sha/4a77404e40d3f2167b1fb1b64a85e4e77783eb2ba3be8ad98d77906e55e6e06a.pdf,1,TECHNICAL DATA SHEET PLA Glow in the Dark,G016-05 PLA Glow in the Dark [active] | G013-02 PLA Glitter [active],"Compare S-SPECTRUM-EN-TDS-Spectrum-PLA-Glow-in-the-Dark-0 (""TECHNICAL DATA SHEET PLA Glow in the Dark"", G016-05 PLA Glow in the Dark [active]) with S-SPECTRUM-en-tds-spectrum-pla-glitter (""TECHNICAL DATA SHEET PLA Glitter"", G013-02 PLA Glitter [active], .cache/sources/by-sha/06c1443a51e640596945034be7790cd67c59745227065394f68309736d2820e7.pdf). They share 8 of their values. Is it one product's sheet twice (revision), the same content (a copy), one table printed for two named products (twin), another maker's reprint, or distinct? Quote each document's product name.",pair
T00920,5,source-pair,,sources,S-SPECTRUM-EN-TDS-Spectrum-PLA-Glow-in-the-Dark-0,S-SPECTRUM-en-tds-spectrum-pla-premium,,G016-05,Spectrum PLA Glow in the Dark,S-SPECTRUM-EN-TDS-Spectrum-PLA-Glow-in-the-Dark-0,4a77404e40d3f2167b1fb1b64a85e4e77783eb2ba3be8ad98d77906e55e6e06a,.cache/sources/by-sha/4a77404e40d3f2167b1fb1b64a85e4e77783eb2ba3be8ad98d77906e55e6e06a.pdf,1,TECHNICAL DATA SHEET PLA Glow in the Dark,G016-05 PLA Glow in the Dark [active] | G001-69 PLA Premium [active],"Compare S-SPECTRUM-EN-TDS-Spectrum-PLA-Glow-in-the-Dark-0 (""TECHNICAL DATA SHEET PLA Glow in the Dark"", G016-05 PLA Glow in the Dark [active]) with S-SPECTRUM-en-tds-spectrum-pla-premium (""TECHNICAL DATA SHEET PLA Premium"", G001-69 PLA Premium [active], .cache/sources/by-sha/642ff025cedb0d62f790086a24a8cb4387d0e40834ea230c6b1300fc2b6010c8.pdf). They share 8 of their values. Is it one product's sheet twice (revision), the same content (a copy), one table printed for two named products (twin), another maker's reprint, or distinct? Quote each document's product name.",pair
T00921,5,source-pair,,sources,R-3D4MAKERS-TDS-LUVOCOM-3F-PAHT-KK-50056-BK-FR-Filament-3D4Makers,S-SPECTRUM-en-tds-spectrum-pa6-cs20-frv0,,G148-02,LEHVOSS LUVOCOM 3F PAHT KK 50056 BK,R-3D4MAKERS-TDS-LUVOCOM-3F-PAHT-KK-50056-BK-FR-Filament-3D4Makers,82824ad975f7e2923cdc88b7d289a17eb0068a7bce6060599e4aec4174cf36c2,.cache/sources/by-sha/82824ad975f7e2923cdc88b7d289a17eb0068a7bce6060599e4aec4174cf36c2.pdf,1,PRELIMINARY DATASHEET LUVOCOM 3F PAHT KK 50056 BK,G148-02 LUVOCOM 3F PAHT KK 50056 BK [active] | G104-01 PA6 CS20 FR V0 [active],"Compare R-3D4MAKERS-TDS-LUVOCOM-3F-PAHT-KK-50056-BK-FR-Filament-3D4Makers (""PRELIMINARY DATASHEET LUVOCOM 3F PAHT KK 50056 BK"", G148-02 LUVOCOM 3F PAHT KK 50056 BK [active]) with S-SPECTRUM-en-tds-spectrum-pa6-cs20-frv0 (""TECHNICAL DATA SHEET PA6 CS20 FR V0"", G104-01 PA6 CS20 FR V0 [active], .cache/sources/by-sha/1a6aad212c4ed8358515bb4ac1491292d22f9b245648e67663e2a76f0545c0a7.pdf). They share 7 of their values. Is it one product's sheet twice (revision), the same content (a copy), one table printed for two named products (twin), another maker's reprint, or distinct? Quote each document's product name.",pair
T00922,5,source-pair,,sources,D-3D4MAKERS-FACILAN-PCL-100-FILAMENT-PAGE,R-FILAMENT2PRINT-BioFil-PCL,,G149-02,3D4Makers Facilan PCL100,D-3D4MAKERS-FACILAN-PCL-100-FILAMENT-PAGE,4a8db70aed3e582bd213ee32db118a435925ee53e2d836023e6be59adb40c438,.cache/sources/by-sha/4a8db70aed3e582bd213ee32db118a435925ee53e2d836023e6be59adb40c438.html,1,Facilan™ PCL 100 Filament,G149-02 Facilan PCL100 [active] | G149-04 BioFil - PCL [active],"Compare D-3D4MAKERS-FACILAN-PCL-100-FILAMENT-PAGE (""Facilan™ PCL 100 Filament"", G149-02 Facilan PCL100 [active]) with R-FILAMENT2PRINT-BioFil-PCL (""TECHNICAL DATA SHEET BioFil - PCL"", G149-04 BioFil - PCL [active], .cache/sources/by-sha/b816a90d2b5638fd028469f2984b7a09239be5ff7cf9460d3ae351623b28b514.pdf). They share 6 of their values. Is it one product's sheet twice (revision), the same content (a copy), one table printed for two named products (twin), another maker's reprint, or distinct? Quote each document's product name.",pair
T00923,5,source-pair,,sources,R-3DJAKE-Technical-Data-Sheet-PCTG-V2,R-EXTRUDR-PRIORITY-20261003-ce91065b0c8a,,G088-08,3DJake PCTG,R-3DJAKE-Technical-Data-Sheet-PCTG-V2,660d68944f5350c0ac752626af550dbecc697da0752c4a028746dedadf049b2e,.cache/sources/by-sha/660d68944f5350c0ac752626af550dbecc697da0752c4a028746dedadf049b2e.pdf,1,Technical Data Sheet 3DJAKE PCTG,G088-08 PCTG [active] | G088-03 PCTG [active],"Compare R-3DJAKE-Technical-Data-Sheet-PCTG-V2 (""Technical Data Sheet 3DJAKE PCTG"", G088-08 PCTG [active]) with R-EXTRUDR-PRIORITY-20261003-ce91065b0c8a (""PCTG official maker product page"", G088-03 PCTG [active], .cache/sources/by-sha/ce91065b0c8a29a328094afc1fbe55f10d16cd47047f3301db9f65e53a894882.html). They share 6 of their values. Is it one product's sheet twice (revision), the same content (a copy), one table printed for two named products (twin), another maker's reprint, or distinct? Quote each document's product name.",pair
T00924,5,source-pair,,sources,S-PET-TDS-MDflex,S-PET-formfutura-tds-pythonflex,,G162-01,Copper3D MD Flex,S-PET-TDS-MDflex,1a7894b2dc86431da6c9e41c54d6f9bb5901ee03b71dd4e1edebe3a3cb6b2f3a,.cache/sources/by-sha/1a7894b2dc86431da6c9e41c54d6f9bb5901ee03b71dd4e1edebe3a3cb6b2f3a.pdf,1,MD¹ Flex Antibacterial Nanocomposite,G162-01 MD Flex [active] | G039-47 Python Flex [active],"Compare S-PET-TDS-MDflex (""MD¹ Flex Antibacterial Nanocomposite"", G162-01 MD Flex [active]) with S-PET-formfutura-tds-pythonflex (""Technical Data Sheet Python Flex"", G039-47 Python Flex [active], .cache/sources/by-sha/764feeacc9f08c463242904a66b8e6fa3f9732e44558ab93a53ea82c36268d4b.pdf). They share 6 of their values. Is it one product's sheet twice (revision), the same content (a copy), one table printed for two named products (twin), another maker's reprint, or distinct? Quote each document's product name.",pair
T00925,5,source-pair,,sources,R-COLORFABB-TDS-E-colorFabb-PLA-Chameleon,R-COLORFABB-colorFabb-Economy-PLA-TDS,,G001-70,colorFabb PLA Chameleon,R-COLORFABB-TDS-E-colorFabb-PLA-Chameleon,de530a3995ad40e2cd7be04f5ce1d03fae1e70e9f8915f335ed6175bde0c2dd9,.cache/sources/by-sha/de530a3995ad40e2cd7be04f5ce1d03fae1e70e9f8915f335ed6175bde0c2dd9.pdf,1,Technical datasheet PLA Chameleon,G001-70 PLA Chameleon [active] | G001-59 PLA Economy [active],"Compare R-COLORFABB-TDS-E-colorFabb-PLA-Chameleon (""Technical datasheet PLA Chameleon"", G001-70 PLA Chameleon [active]) with R-COLORFABB-colorFabb-Economy-PLA-TDS (""Technical datasheet colorFabb PLA Economy"", G001-59 PLA Economy [active], .cache/sources/by-sha/c0bcaa7145880aecc9f603eac73d3041012da005b3824ba388b494cbfabbc249.pdf). They share 5 of their values. Is it one product's sheet twice (revision), the same content (a copy), one table printed for two named products (twin), another maker's reprint, or distinct? Quote each document's product name.",pair
T00926,5,source-pair,,sources,R-FABRU-4691-material-data-sheet-PLA-purefil,R-FABRU-PUREFIL-82-material-data-sheet-LW-PLA-purefil,,G001-68,Fabru Polylactide (PLA),R-FABRU-4691-material-data-sheet-PLA-purefil,5e86ffd691819ee4219a0a16114b1ed9f066acb6a55be2b4ecae648c53cfbff3,.cache/sources/by-sha/5e86ffd691819ee4219a0a16114b1ed9f066acb6a55be2b4ecae648c53cfbff3.pdf,1,Polylactide (PLA),G001-68 Polylactide (PLA) [active] | G017-08 Lightweight Polylactide (LW-PLA) [active],"Compare R-FABRU-4691-material-data-sheet-PLA-purefil (""Polylactide (PLA)"", G001-68 Polylactide (PLA) [active]) with R-FABRU-PUREFIL-82-material-data-sheet-LW-PLA-purefil (""Lightweight Polylactide (LW-PLA)"", G017-08 Lightweight Polylactide (LW-PLA) [active], .cache/sources/by-sha/3f2f84be800573e1115d3f948cc6cb4ceae09b00e9ca15a1548644116e7bdd3f.pdf). They share 5 of their values. Is it one product's sheet twice (revision), the same content (a copy), one table printed for two named products (twin), another maker's reprint, or distinct? Quote each document's product name.",pair
T00927,5,source-pair,,sources,R-YOUSU-YOUSUPLATDS-081b,S-PET-TDS-ReFill-PLA,,G001-72,Yousu PLA,R-YOUSU-YOUSUPLATDS-081b,02b85f12e4ed1f01c47a0d0eb832925ceb8b3d95b8601c9a4d4f6fec289a52ae,.cache/sources/by-sha/02b85f12e4ed1f01c47a0d0eb832925ceb8b3d95b8601c9a4d4f6fec289a52ae.pdf,1,Yousu PLA 3D FILMAENT Technical Data Sheet,G001-72 PLA [active] | G001-165 ReFill PLA [active],"Compare R-YOUSU-YOUSUPLATDS-081b (""Yousu PLA 3D FILMAENT Technical Data Sheet"", G001-72 PLA [active]) with S-PET-TDS-ReFill-PLA (""Technical Data Sheet ReFill PLA"", G001-165 ReFill PLA [active], .cache/sources/by-sha/c7224b0112601c276bf94ee1328f832b00b407cdac1e5c84790c3acb12321fd1.pdf). They share 5 of their values. Is it one product's sheet twice (revision), the same content (a copy), one table printed for two named products (twin), another maker's reprint, or distinct? Quote each document's product name.",pair
T00928,5,source-pair,,sources,S-PET-TDS-ReFill-PLA,S-SPECTRUM-en-tds-spectrum-pla-glitter,,G001-165,FormFutura ReFill PLA,S-PET-TDS-ReFill-PLA,c7224b0112601c276bf94ee1328f832b00b407cdac1e5c84790c3acb12321fd1,.cache/sources/by-sha/c7224b0112601c276bf94ee1328f832b00b407cdac1e5c84790c3acb12321fd1.pdf,1,Technical Data Sheet ReFill PLA,G001-165 ReFill PLA [active] | G013-02 PLA Glitter [active],"Compare S-PET-TDS-ReFill-PLA (""Technical Data Sheet ReFill PLA"", G001-165 ReFill PLA [active]) with S-SPECTRUM-en-tds-spectrum-pla-glitter (""TECHNICAL DATA SHEET PLA Glitter"", G013-02 PLA Glitter [active], .cache/sources/by-sha/06c1443a51e640596945034be7790cd67c59745227065394f68309736d2820e7.pdf). They share 5 of their values. Is it one product's sheet twice (revision), the same content (a copy), one table printed for two named products (twin), another maker's reprint, or distinct? Quote each document's product name.",pair
T00929,5,source-pair,,sources,S-SPECTRUM-EN-TDS-Spectrum-PLA-ESD,S-SPECTRUM-PLA-Special-Glow-in-the-Dark,,G107-01,Spectrum PLA ESD,S-SPECTRUM-EN-TDS-Spectrum-PLA-ESD,4e18fc47b5ce4d8b7a8e34b0c7f026ad834a2044b2e82aba7d2165db94141ee2,.cache/sources/by-sha/4e18fc47b5ce4d8b7a8e34b0c7f026ad834a2044b2e82aba7d2165db94141ee2.pdf,1,TECHNICAL DATA SHEET PLA ESD,G107-01 PLA ESD [active] | G001-31 PLA [active],"Compare S-SPECTRUM-EN-TDS-Spectrum-PLA-ESD (""TECHNICAL DATA SHEET PLA ESD"", G107-01 PLA ESD [active]) with S-SPECTRUM-PLA-Special-Glow-in-the-Dark (""Technical Data Sheet PLA Filament"", G001-31 PLA [active], .cache/sources/by-sha/8f61a4d3adafadf225d2de4b6dfe32e3fac44334aeed7d1d7c85de53c9757331.pdf). They share 5 of their values. Is it one product's sheet twice (revision), the same content (a copy), one table printed for two named products (twin), another maker's reprint, or distinct? Quote each document's product name.",pair
T00930,5,source-pair,,sources,S-SPECTRUM-PLA-Special-Glow-in-the-Dark,S-SPECTRUM-en-tds-spectrum-pla-glitter,,G001-31,Spectrum PLA,S-SPECTRUM-PLA-Special-Glow-in-the-Dark,8f61a4d3adafadf225d2de4b6dfe32e3fac44334aeed7d1d7c85de53c9757331,.cache/sources/by-sha/8f61a4d3adafadf225d2de4b6dfe32e3fac44334aeed7d1d7c85de53c9757331.pdf,1,Technical Data Sheet PLA Filament,G001-31 PLA [active] | G013-02 PLA Glitter [active],"Compare S-SPECTRUM-PLA-Special-Glow-in-the-Dark (""Technical Data Sheet PLA Filament"", G001-31 PLA [active]) with S-SPECTRUM-en-tds-spectrum-pla-glitter (""TECHNICAL DATA SHEET PLA Glitter"", G013-02 PLA Glitter [active], .cache/sources/by-sha/06c1443a51e640596945034be7790cd67c59745227065394f68309736d2820e7.pdf). They share 5 of their values. Is it one product's sheet twice (revision), the same content (a copy), one table printed for two named products (twin), another maker's reprint, or distinct? Quote each document's product name.",pair
T00931,5,source-pair,,sources,I-PLA-PLA-Silk-Dual-Color-TDS,R-3D4MAKERS-TDS-PLA-Filament,,G008-29,iSANMATE PLA Silk Dual Color,I-PLA-PLA-Silk-Dual-Color-TDS,094c4e3774af173ac93d77333ce4c3a14fcb9af30a9ab2e1aa5eef25662adbbe,.cache/sources/by-sha/094c4e3774af173ac93d77333ce4c3a14fcb9af30a9ab2e1aa5eef25662adbbe.pdf,1,PLA Silk Dual Color Technical Data Sheet (TDS),G008-29 PLA Silk Dual Color [active] | G001-95 PLA [active],"Compare I-PLA-PLA-Silk-Dual-Color-TDS (""PLA Silk Dual Color Technical Data Sheet (TDS)"", G008-29 PLA Silk Dual Color [active]) with R-3D4MAKERS-TDS-PLA-Filament (""Technical data sheet 3D printing filament PLA Filament"", G001-95 PLA [active], .cache/sources/by-sha/deaab6d5b6b509ba7dd97c2e4fe5f75879a8472abc640dd04a41ae28138e3787.pdf). They share 4 of their values. Is it one product's sheet twice (revision), the same content (a copy), one table printed for two named products (twin), another maker's reprint, or distinct? Quote each document's product name.",pair
T00932,5,source-pair,,sources,R-3D4MAKERS-TDS-ABS-Kevlar-filament-3D4Makers-V1,S-SPECTRUM-en-tds-spectrum-abs-kevlar,,G106-02,3D4Makers ABSKevlar,R-3D4MAKERS-TDS-ABS-Kevlar-filament-3D4Makers-V1,1d03dc9410ac92df335422f9dc8100e8be08def354407d8b67be00373bf4a09e,.cache/sources/by-sha/1d03dc9410ac92df335422f9dc8100e8be08def354407d8b67be00373bf4a09e.pdf,1,TechnicalDataSheet 3DPrintingFilament ABSKevlarFilament,G106-02 ABSKevlar [active] | G106-01 ABS Kevlar [active],"Compare R-3D4MAKERS-TDS-ABS-Kevlar-filament-3D4Makers-V1 (""TechnicalDataSheet 3DPrintingFilament ABSKevlarFilament"", G106-02 ABSKevlar [active]) with S-SPECTRUM-en-tds-spectrum-abs-kevlar (""TECHNICAL DATA SHEET ABS Kevlar"", G106-01 ABS Kevlar [active], .cache/sources/by-sha/30479e7db3a8077025d8eb967b01c995033410ac4bd59abf614043cea9f38d0c.pdf). They share 4 of their values. Is it one product's sheet twice (revision), the same content (a copy), one table printed for two named products (twin), another maker's reprint, or distinct? Quote each document's product name.",pair
T00933,5,source-pair,,sources,R-3DJAKE-3DJAKE-EN-TDS-The-Filament-TPU-95A,S-SPECTRUM-en-tds-the-filament-tpu-95a,,G039-53,The Filament TPU 95A,R-3DJAKE-3DJAKE-EN-TDS-The-Filament-TPU-95A,38c3bf0956a4b5b06974a08aee7c2a37f55870bc5451fe7a865b561f4462252a,.cache/sources/by-sha/38c3bf0956a4b5b06974a08aee7c2a37f55870bc5451fe7a865b561f4462252a.pdf,1,TECHNICAL DATA SHEET THE FILAMENT TPU 95A,G039-53 TPU 95A [active] | G039-05 THE FILAMENT TPU 95A [active],"Compare R-3DJAKE-3DJAKE-EN-TDS-The-Filament-TPU-95A (""TECHNICAL DATA SHEET THE FILAMENT TPU 95A"", G039-53 TPU 95A [active]) with S-SPECTRUM-en-tds-the-filament-tpu-95a (""TECHNICAL DATA SHEET THE FILAMENT TPU 95A"", G039-05 THE FILAMENT TPU 95A [active], .cache/sources/by-sha/34e9dcf9d2bf47068044f087156fd6059b038d4852348f6808b1884626786347.pdf). They share 4 of their values. Is it one product's sheet twice (revision), the same content (a copy), one table printed for two named products (twin), another maker's reprint, or distinct? Quote each document's product name.",pair
T00934,5,source-pair,,sources,R-3DJAKE-3DJAKE-Technical-Data-Sheet-nice-essentials-PLA-Basic-V1-0,R-EXTRUDR-pla-basic-cmyk-TDS-en,,G001-121,nice essentials PLA Basic,R-3DJAKE-3DJAKE-Technical-Data-Sheet-nice-essentials-PLA-Basic-V1-0,36c501000ef955976c66743edd9dae2268205272c25f5721e78c6cba4bd1b3eb,.cache/sources/by-sha/36c501000ef955976c66743edd9dae2268205272c25f5721e78c6cba4bd1b3eb.pdf,1,Technical Data Sheet: PLA Basic,G001-121 PLA Basic [active] | G001-34 PLA BASIC [active],"Compare R-3DJAKE-3DJAKE-Technical-Data-Sheet-nice-essentials-PLA-Basic-V1-0 (""Technical Data Sheet: PLA Basic"", G001-121 PLA Basic [active]) with R-EXTRUDR-pla-basic-cmyk-TDS-en (""TECHNICAL DATA SHEET PLA BASIC"", G001-34 PLA BASIC [active], .cache/sources/by-sha/7de56af7cd91903198b6ad95de782e9a816543f0b0a0332092c068e894e1353d.pdf). They share 8 of their values. Is it one product's sheet twice (revision), the same content (a copy), one table printed for two named products (twin), another maker's reprint, or distinct? Quote each document's product name.",pair
T00935,5,source-pair,,sources,R-COLORFABB-TDS-E-ColorFabb-LW-PLA,R-FIBERLOGY-FIBERLOGY-HS-PLA-CLEAR-TDS,,G017-09,colorFabb Light Weight PLA (LW-PLA),R-COLORFABB-TDS-E-ColorFabb-LW-PLA,3e02a265748e6346031b427d1560dabcabe42bf92828e8a8a635435d72bf700e,.cache/sources/by-sha/3e02a265748e6346031b427d1560dabcabe42bf92828e8a8a635435d72bf700e.pdf,1,Technical datasheet Light Weight PLA (LW-PLA),G017-09 Light Weight PLA (LW-PLA) [active] | G001-186 HS PLA CLEAR [active],"Compare R-COLORFABB-TDS-E-ColorFabb-LW-PLA (""Technical datasheet Light Weight PLA (LW-PLA)"", G017-09 Light Weight PLA (LW-PLA) [active]) with R-FIBERLOGY-FIBERLOGY-HS-PLA-CLEAR-TDS (""TECHNICAL DATA SHEET Fiberlogy HS PLA CLEAR"", G001-186 HS PLA CLEAR [active], .cache/sources/by-sha/9510971ebbd44ea25c88a774ed33a6ea166dd7620361270acdad98766b63dfbf.pdf). They share 4 of their values. Is it one product's sheet twice (revision), the same content (a copy), one table printed for two named products (twin), another maker's reprint, or distinct? Quote each document's product name.",pair
T00936,5,source-pair,,sources,R-FIBERLOGY-FIBERLOGY-HS-PLA-CLEAR-TDS,S-SPECTRUM-en-tds-spectrum-pla-crystal,,G001-186,Fiberlogy HS PLA CLEAR,R-FIBERLOGY-FIBERLOGY-HS-PLA-CLEAR-TDS,9510971ebbd44ea25c88a774ed33a6ea166dd7620361270acdad98766b63dfbf,.cache/sources/by-sha/9510971ebbd44ea25c88a774ed33a6ea166dd7620361270acdad98766b63dfbf.pdf,1,TECHNICAL DATA SHEET Fiberlogy HS PLA CLEAR,G001-186 HS PLA CLEAR [active] | G001-15 PLA Crystal [active],"Compare R-FIBERLOGY-FIBERLOGY-HS-PLA-CLEAR-TDS (""TECHNICAL DATA SHEET Fiberlogy HS PLA CLEAR"", G001-186 HS PLA CLEAR [active]) with S-SPECTRUM-en-tds-spectrum-pla-crystal (""TECHNICAL DATA SHEET PLA Crystal"", G001-15 PLA Crystal [active], .cache/sources/by-sha/e99d6b77e411efad865f18353fafc8715297be4751ef15b313d4bee270e2ff12.pdf). They share 4 of their values. Is it one product's sheet twice (revision), the same content (a copy), one table printed for two named products (twin), another maker's reprint, or distinct? Quote each document's product name.",pair
T00937,5,source-pair,,sources,R-FIBERLOGY-FIBERLOGY-HSPLACLEAR-TDS,R-FILLAMENTUM-Technical-Data-Sheet-PLA-Crystal-Clear-03012019,,G001-186,Fiberlogy HS PLA CLEAR,R-FIBERLOGY-FIBERLOGY-HSPLACLEAR-TDS,abd278451b3a1e3b4c62f9d2c2ed0d4ff0ac0861efd44e2e5594486c72988ee9,.cache/sources/by-sha/abd278451b3a1e3b4c62f9d2c2ed0d4ff0ac0861efd44e2e5594486c72988ee9.pdf,1,TECHNICAL DATA SHEET Fiberlogy HS PLA CLEAR,G001-186 HS PLA CLEAR [active] | G001-65 PLA Crystal Clear [active],"Compare R-FIBERLOGY-FIBERLOGY-HSPLACLEAR-TDS (""TECHNICAL DATA SHEET Fiberlogy HS PLA CLEAR"", G001-186 HS PLA CLEAR [active]) with R-FILLAMENTUM-Technical-Data-Sheet-PLA-Crystal-Clear-03012019 (""PLA Crystal Clear"", G001-65 PLA Crystal Clear [active], .cache/sources/by-sha/e8cd7690b14b3fef33ea3e73f8a9307e50670d517b4a65ef46ad9b7862018f84.pdf). They share 4 of their values. Is it one product's sheet twice (revision), the same content (a copy), one table printed for two named products (twin), another maker's reprint, or distinct? Quote each document's product name.",pair
T00938,5,source-pair,,sources,R-FIBERLOGY-FIBERLOGY-HSPLACLEAR-TDS,S-SPECTRUM-en-tds-spectrum-pla-crystal,,G001-186,Fiberlogy HS PLA CLEAR,R-FIBERLOGY-FIBERLOGY-HSPLACLEAR-TDS,abd278451b3a1e3b4c62f9d2c2ed0d4ff0ac0861efd44e2e5594486c72988ee9,.cache/sources/by-sha/abd278451b3a1e3b4c62f9d2c2ed0d4ff0ac0861efd44e2e5594486c72988ee9.pdf,1,TECHNICAL DATA SHEET Fiberlogy HS PLA CLEAR,G001-186 HS PLA CLEAR [active] | G001-15 PLA Crystal [active],"Compare R-FIBERLOGY-FIBERLOGY-HSPLACLEAR-TDS (""TECHNICAL DATA SHEET Fiberlogy HS PLA CLEAR"", G001-186 HS PLA CLEAR [active]) with S-SPECTRUM-en-tds-spectrum-pla-crystal (""TECHNICAL DATA SHEET PLA Crystal"", G001-15 PLA Crystal [active], .cache/sources/by-sha/e99d6b77e411efad865f18353fafc8715297be4751ef15b313d4bee270e2ff12.pdf). They share 4 of their values. Is it one product's sheet twice (revision), the same content (a copy), one table printed for two named products (twin), another maker's reprint, or distinct? Quote each document's product name.",pair
T00939,5,source-pair,,sources,S-PET-TDS-Bulk-PLA,S-SPECTRUM-en-tds-the-filament-pla-lite,,G001-100,FormFutura Bulk PLA,S-PET-TDS-Bulk-PLA,51f38dd8143e9829abec960f1e524cc3c498bd5a7e482e865be31aa5363ec410,.cache/sources/by-sha/51f38dd8143e9829abec960f1e524cc3c498bd5a7e482e865be31aa5363ec410.pdf,1,TECHNICAL DATA SHEET Bulk PLA,G001-100 Bulk PLA [active] | G001-12 THE FILAMENT PLA Lite [active],"Compare S-PET-TDS-Bulk-PLA (""TECHNICAL DATA SHEET Bulk PLA"", G001-100 Bulk PLA [active]) with S-SPECTRUM-en-tds-the-filament-pla-lite (""TECHNICAL DATA SHEET THE FILAMENT PLA Lite"", G001-12 THE FILAMENT PLA Lite [active], .cache/sources/by-sha/8fa22077366d10de72de1e678420bbdf2523e94e721d7269f73a624fa67b2dd9.pdf). They share 4 of their values. Is it one product's sheet twice (revision), the same content (a copy), one table printed for two named products (twin), another maker's reprint, or distinct? Quote each document's product name.",pair
T00940,5,source-pair,,sources,X-ECOMAX-THERMAX-PEI-9085-TDS-v4,X-ECOMAX-Ultem-9095-TDS-v1,,G099-03,3DXTECH ThermaX PEI,X-ECOMAX-THERMAX-PEI-9085-TDS-v4,64ed61b4aa2e3e3000ee89b5ece8cba6e71fa56181c8418225d4d0b187097311,.cache/sources/by-sha/64ed61b4aa2e3e3000ee89b5ece8cba6e71fa56181c8418225d4d0b187097311.pdf,1,Technical Data Sheet: ThermaX™ PEI [Made using ULTEM™ 9085],G099-03 ThermaX PEI [active] | G099-09 Ultem 9085 Model Material [active],"Compare X-ECOMAX-THERMAX-PEI-9085-TDS-v4 (""Technical Data Sheet: ThermaX™ PEI [Made using ULTEM™ 9085]"", G099-03 ThermaX PEI [active]) with X-ECOMAX-Ultem-9095-TDS-v1 (""Technical Data Sheet: Ultem® 9085 Model Material"", G099-09 Ultem 9085 Model Material [active], .cache/sources/by-sha/3e0e3d8f8737308862f036f6381ba8a44499b00fd48b48733650dc93b18cf967.pdf). They share 4 of their values. Is it one product's sheet twice (revision), the same content (a copy), one table printed for two named products (twin), another maker's reprint, or distinct? Quote each document's product name.",pair
T00941,6,value-check,,measurements,V000420,,Hardness,G020-03,iSANMATE PETG,I-PETG-TDS,f24f7e065c99fb348844ec58a80f3f5195853a620d567bc0857019c3837ed337,.cache/sources/by-sha/f24f7e065c99fb348844ec58a80f3f5195853a620d567bc0857019c3837ed337.pdf,2,p. 2: Shore Hardness,70 · specimen: Not published (do not assume printed),"Held back for an unclear unit or layout. Read it on the page image: what exactly does the page print for this product, property and unit, and in which row and column? Can it be recorded (give every cell), or does it stay unreadable (say why)?",no
T00942,6,value-check,,measurements,V001540,,Izod impact strength,G088-02,Spectrum pctg,S-SPECTRUM-en-tds-spectrum-pctg,9a479a8fb4f070f263959b4bc1ba2637eef4ff62a35294d21e16f8e870d238d1,.cache/sources/by-sha/9a479a8fb4f070f263959b4bc1ba2637eef4ff62a35294d21e16f8e870d238d1.pdf,1,p. 1: Izod Impact Strength Notched @ 23°C,93°C KJ/m2 · Notched · specimen: Not published (do not assume printed),"Held back for an unclear unit or layout. Read it on the page image: what exactly does the page print for this product, property and unit, and in which row and column? Can it be recorded (give every cell), or does it stay unreadable (say why)?",no
T00943,6,value-check,,measurements,V002188,,HDT,G030-02,iSANMATE ESD ABS,I-ESD-ABS-TDS,821d1a6b61e180865743990dcc664de686fde4b3c1d37361a7a69ffc46778a9c,.cache/sources/by-sha/821d1a6b61e180865743990dcc664de686fde4b3c1d37361a7a69ffc46778a9c.pdf,1,"p. 1: Heat Distortion Temperature, Method A (0.45 MPa)",70℃ · specimen: Not published (do not assume printed),"Held back for an unclear unit or layout. Read it on the page image: what exactly does the page print for this product, property and unit, and in which row and column? Can it be recorded (give every cell), or does it stay unreadable (say why)?",no
T00944,6,value-check,,measurements,V002189,,HDT,G030-02,iSANMATE ESD ABS,I-ESD-ABS-TDS,821d1a6b61e180865743990dcc664de686fde4b3c1d37361a7a69ffc46778a9c,.cache/sources/by-sha/821d1a6b61e180865743990dcc664de686fde4b3c1d37361a7a69ffc46778a9c.pdf,1,"p. 1: Heat Distortion Temperature, Method B (1.80 MPa)",75℃ · specimen: Not published (do not assume printed),"Held back for an unclear unit or layout. Read it on the page image: what exactly does the page print for this product, property and unit, and in which row and column? Can it be recorded (give every cell), or does it stay unreadable (say why)?",no
T00945,6,value-check,,measurements,V004094,,Izod impact strength,G033-05,Extrudr DURAPRO ASA CF,R-EXTRUDR-durapro-asa-cf-TDS-en,022819b7931e0d031f506000cf02220a0bfcf272125011d7f630ebfd96da6a6c,.cache/sources/by-sha/022819b7931e0d031f506000cf02220a0bfcf272125011d7f630ebfd96da6a6c.pdf,1,p. 1: Notched impact strength ASTM D256 kj/m²,100 kj/m² · Notched · specimen: Raw material value,"Held back for an unclear unit or layout. Read it on the page image: what exactly does the page print for this product, property and unit, and in which row and column? Can it be recorded (give every cell), or does it stay unreadable (say why)?",no
T00946,6,value-check,,measurements,V004095,,Izod impact strength,G033-05,Extrudr DURAPRO ASA CF,R-EXTRUDR-durapro-asa-cf-TDS-en,022819b7931e0d031f506000cf02220a0bfcf272125011d7f630ebfd96da6a6c,.cache/sources/by-sha/022819b7931e0d031f506000cf02220a0bfcf272125011d7f630ebfd96da6a6c.pdf,1,p. 1: Unnotched impact strength ASTM D256 kj/m²,20 kj/m² · Unnotched · specimen: Raw material value,"Held back for an unclear unit or layout. Read it on the page image: what exactly does the page print for this product, property and unit, and in which row and column? Can it be recorded (give every cell), or does it stay unreadable (say why)?",no
T00947,6,value-check,,measurements,V004149,,Izod impact strength,G031-07,Extrudr DURAPRO ASA,R-EXTRUDR-durapro-asa-TDS-en,421ca2660f6765f7db31a085a3dfbf6867ef7bb36ca000b2175c9eaa199e5a66,.cache/sources/by-sha/421ca2660f6765f7db31a085a3dfbf6867ef7bb36ca000b2175c9eaa199e5a66.pdf,1,p. 1: Unnotched impact strength ASTM D256 kj/m²,29 kj/m² · Unnotched · specimen: Raw material value,"Held back for an unclear unit or layout. Read it on the page image: what exactly does the page print for this product, property and unit, and in which row and column? Can it be recorded (give every cell), or does it stay unreadable (say why)?",no
T00948,6,value-check,,measurements,V004210,,Izod impact strength,G029-03,Extrudr DURAPRO ABS CF,R-EXTRUDR-durapro-abs-cf-TDS-en,63a7b4a4d35c7847e10696ac90121f3088c9e15cb0c1142362a94fa7d8d03c4b,.cache/sources/by-sha/63a7b4a4d35c7847e10696ac90121f3088c9e15cb0c1142362a94fa7d8d03c4b.pdf,1,p. 1: Notched impact strength ASTM D256 kj/m²,250 kj/m² · Notched · specimen: Raw material value,"Held back for an unclear unit or layout. Read it on the page image: what exactly does the page print for this product, property and unit, and in which row and column? Can it be recorded (give every cell), or does it stay unreadable (say why)?",no
T00949,6,value-check,,measurements,V004211,,Izod impact strength,G029-03,Extrudr DURAPRO ABS CF,R-EXTRUDR-durapro-abs-cf-TDS-en,63a7b4a4d35c7847e10696ac90121f3088c9e15cb0c1142362a94fa7d8d03c4b,.cache/sources/by-sha/63a7b4a4d35c7847e10696ac90121f3088c9e15cb0c1142362a94fa7d8d03c4b.pdf,1,p. 1: Unnotched impact strength ASTM D256 kj/m²,110 kj/m² · Unnotched · specimen: Raw material value,"Held back for an unclear unit or layout. Read it on the page image: what exactly does the page print for this product, property and unit, and in which row and column? Can it be recorded (give every cell), or does it stay unreadable (say why)?",no
T00950,6,value-check,,measurements,V004271,,Izod impact strength,G027-11,Extrudr DURAPRO ABS,R-EXTRUDR-durapro-abs-TDS-en,7e8a63da3d9a732b4d8e3e405b0b7cb8488ed7176a31e8f0f83010f3bf54f88e,.cache/sources/by-sha/7e8a63da3d9a732b4d8e3e405b0b7cb8488ed7176a31e8f0f83010f3bf54f88e.pdf,1,p. 1: Unnotched impact strength ASTM D256 kj/m²,90 kj/m² · Unnotched · specimen: Raw material value,"Held back for an unclear unit or layout. Read it on the page image: what exactly does the page print for this product, property and unit, and in which row and column? Can it be recorded (give every cell), or does it stay unreadable (say why)?",no
T00951,6,value-check,,measurements,V006882,,Vicat softening temperature,G099-04,3D4Makers PEI Filament Ultem 1010,R-3D4MAKERS-TDS-PEI-ULTEM-1010,51920bd5d79d8780fb6c64d016716c79972fa0b7164449481889d1387d1ce95f,.cache/sources/by-sha/51920bd5d79d8780fb6c64d016716c79972fa0b7164449481889d1387d1ce95f.pdf,2,p. 2: Vicat Softening Temperature Ball Pressure Test,125 °C · specimen: Not published (do not assume printed),"Held back for an unclear unit or layout. Read it on the page image: what exactly does the page print for this product, property and unit, and in which row and column? Can it be recorded (give every cell), or does it stay unreadable (say why)?",no
T00952,6,value-check,,measurements,V006883,,Vicat softening temperature,G099-04,3D4Makers PEI Filament Ultem 1010,R-3D4MAKERS-TDS-PEI-ULTEM-1010,51920bd5d79d8780fb6c64d016716c79972fa0b7164449481889d1387d1ce95f,.cache/sources/by-sha/51920bd5d79d8780fb6c64d016716c79972fa0b7164449481889d1387d1ce95f.pdf,2,p. 2: Vicat Softening Temperature RTI Elec UL 746,170 °C · specimen: Not published (do not assume printed),"Held back for an unclear unit or layout. Read it on the page image: what exactly does the page print for this product, property and unit, and in which row and column? Can it be recorded (give every cell), or does it stay unreadable (say why)?",no
T00953,6,value-check,,measurements,V006884,,Vicat softening temperature,G099-04,3D4Makers PEI Filament Ultem 1010,R-3D4MAKERS-TDS-PEI-ULTEM-1010,51920bd5d79d8780fb6c64d016716c79972fa0b7164449481889d1387d1ce95f,.cache/sources/by-sha/51920bd5d79d8780fb6c64d016716c79972fa0b7164449481889d1387d1ce95f.pdf,2,p. 2: Vicat Softening Temperature RTI Imp UL 746,170 °C · specimen: Not published (do not assume printed),"Held back for an unclear unit or layout. Read it on the page image: what exactly does the page print for this product, property and unit, and in which row and column? Can it be recorded (give every cell), or does it stay unreadable (say why)?",no
T00954,6,value-check,,measurements,V006885,,Vicat softening temperature,G099-04,3D4Makers PEI Filament Ultem 1010,R-3D4MAKERS-TDS-PEI-ULTEM-1010,51920bd5d79d8780fb6c64d016716c79972fa0b7164449481889d1387d1ce95f,.cache/sources/by-sha/51920bd5d79d8780fb6c64d016716c79972fa0b7164449481889d1387d1ce95f.pdf,2,p. 2: Vicat Softening Temperature RTI Str UL 746 ELECTRICAL,170 °C · specimen: Not published (do not assume printed),"Held back for an unclear unit or layout. Read it on the page image: what exactly does the page print for this product, property and unit, and in which row and column? Can it be recorded (give every cell), or does it stay unreadable (say why)?",no
T00955,6,value-check,,measurements,V006921,,Melting temperature,G099-05,LEHVOSS LUVOCOM 3F PEI 50236 GY,R-3D4MAKERS-TDS-LUVOCOM-3F-PEI-50236-GY-Filament-3D-printing,5dd2f854b9449695f169ce5b906dc965191b21073110caebbb1c19540a15eb2c,.cache/sources/by-sha/5dd2f854b9449695f169ce5b906dc965191b21073110caebbb1c19540a15eb2c.pdf,2,p. 2: Melt temperature °C,380 °C · specimen: Not published (do not assume printed),"Held back for an unclear unit or layout. Read it on the page image: what exactly does the page print for this product, property and unit, and in which row and column? Can it be recorded (give every cell), or does it stay unreadable (say why)?",no
T00956,6,value-check,,measurements,V007166,,Melting temperature,G073-05,LEHVOSS LUVOCOM 3F PPS CF 9938 BK,R-3D4MAKERS-TDS-pps-cf-9938-bk-filament-en-iso,a17d96e9e9e5b77453f191dbd59a4ad0e964a472a9c28a27be627edd91dfb31a,.cache/sources/by-sha/a17d96e9e9e5b77453f191dbd59a4ad0e964a472a9c28a27be627edd91dfb31a.pdf,2,p. 2: Melt temperature °C,330 °C · specimen: Not published (do not assume printed),"Held back for an unclear unit or layout. Read it on the page image: what exactly does the page print for this product, property and unit, and in which row and column? Can it be recorded (give every cell), or does it stay unreadable (say why)?",no
T00957,6,value-check,,measurements,V007461,,Melting temperature,G027-29,3D-Fuel Workday ABS,R-3D-FUEL-TDS-3DFuel-Workday-ABS,fd685bba19e48696b4c153a423fc3c83df18334cd8d6d58b0f47913699967a07,.cache/sources/by-sha/fd685bba19e48696b4c153a423fc3c83df18334cd8d6d58b0f47913699967a07.pdf,1,p. 1: Melt Temperature,210-240 °C · specimen: Not published (do not assume printed),"Held back for an unclear unit or layout. Read it on the page image: what exactly does the page print for this product, property and unit, and in which row and column? Can it be recorded (give every cell), or does it stay unreadable (say why)?",no
T00958,6,value-check,,measurements,V007775,,Vicat softening temperature,G086-02,Fillamentum OBC 905,R-FILLAMENTUM-TDS-OBC-905-EN-07102022-FI,c04d642ddc257c757ab51ef849e6017d6ba02d32b5bf05403739b53b6ab37a96,.cache/sources/by-sha/c04d642ddc257c757ab51ef849e6017d6ba02d32b5bf05403739b53b6ab37a96.pdf,1,p. 1: Vicat softening temperature - ISO 306 Temperature resistance Chemical properties Typical Value,100 °C · specimen: Printed specimen,"Held back for an unclear unit or layout. Read it on the page image: what exactly does the page print for this product, property and unit, and in which row and column? Can it be recorded (give every cell), or does it stay unreadable (say why)?",no
T00959,6,value-check,,measurements,V009496,,Melting temperature,G001-156,colorFabb Copper filled PLA,R-COLORFABB-TDS-copperFill-en-0,03cea34f1f4f57b02b7ef9aae6bb63e46638f928d65228aad95ec72a97ec4248,.cache/sources/by-sha/03cea34f1f4f57b02b7ef9aae6bb63e46638f928d65228aad95ec72a97ec4248.pdf,1,p. 1: Melt temperature :,160-230 °C · specimen: Not published (do not assume printed),"Held back for an unclear unit or layout. Read it on the page image: what exactly does the page print for this product, property and unit, and in which row and column? Can it be recorded (give every cell), or does it stay unreadable (say why)?",no
T00960,6,value-check,,measurements,V009608,,Melting temperature,G125-04,LEHVOSS LUVOCOM 3F PEEK CF 9676 BK,S-PET-TDS-LUVOCOM-3F-PEEK-CF-9676-BK,447ce0d9e179f2aa2a05bf080ae3b75e459edd818269faff2c7e66c1b201f509,.cache/sources/by-sha/447ce0d9e179f2aa2a05bf080ae3b75e459edd818269faff2c7e66c1b201f509.pdf,2,p. 2: Melt temperature °C,390 °C · specimen: Not published (do not assume printed),"Held back for an unclear unit or layout. Read it on the page image: what exactly does the page print for this product, property and unit, and in which row and column? Can it be recorded (give every cell), or does it stay unreadable (say why)?",no
T00961,6,value-check,,measurements,V009620,,Melting temperature,G083-05,LEHVOSS LUVOCOM 3F PP CF 9928 BK,S-PET-TDS-LUVOCOM-3F-PP-CF-9928-BK,497c7f3cefb231cca439a7034c18eb475388bf638a97295ebb6617f99df7c3ff,.cache/sources/by-sha/497c7f3cefb231cca439a7034c18eb475388bf638a97295ebb6617f99df7c3ff.pdf,2,p. 2: Melt temperature °C,230-60 °C · specimen: Not published (do not assume printed),"Held back for an unclear unit or layout. Read it on the page image: what exactly does the page print for this product, property and unit, and in which row and column? Can it be recorded (give every cell), or does it stay unreadable (say why)?",no
T00962,6,value-check,,measurements,V009651,,Vicat softening temperature,G147-01,LEHVOSS LUVOCOM 3F PAHT 9825 NT,S-PET-TDS-LUVOCOM-3F-PAHT-9825-NT-Injection-molded-specimen,5f6b6c38595f2ca78147f1200199257ae8d7c64a276dedbc52f1cd6c9eb54497,.cache/sources/by-sha/5f6b6c38595f2ca78147f1200199257ae8d7c64a276dedbc52f1cd6c9eb54497.pdf,1,p. 1: Vicat Softening Temp. VST A Maximum (short term) Use Temp. °C,160 °C · specimen: Not published (do not assume printed),"Held back for an unclear unit or layout. Read it on the page image: what exactly does the page print for this product, property and unit, and in which row and column? Can it be recorded (give every cell), or does it stay unreadable (say why)?",no
T00963,6,value-check,,measurements,V009737,,Melting temperature,G148-01,LEHVOSS LUVOCOM 3F PAHT 9936 BK,S-PET-TDS-LUVOCOM-3F-PAHT-9936-BK,775608da3240c9b6447e86ab7e3155a9ce5711db48d3341de47851f0c813b244,.cache/sources/by-sha/775608da3240c9b6447e86ab7e3155a9ce5711db48d3341de47851f0c813b244.pdf,2,p. 2: Melt temperature °C,280 °C · specimen: Not published (do not assume printed),"Held back for an unclear unit or layout. Read it on the page image: what exactly does the page print for this product, property and unit, and in which row and column? Can it be recorded (give every cell), or does it stay unreadable (say why)?",no
T00964,6,value-check,,measurements,V009746,,Melting temperature,G148-02,LEHVOSS LUVOCOM 3F PAHT KK 50056 BK,R-3D4MAKERS-TDS-LUVOCOM-3F-PAHT-KK-50056-BK-FR-Filament-3D4Makers,82824ad975f7e2923cdc88b7d289a17eb0068a7bce6060599e4aec4174cf36c2,.cache/sources/by-sha/82824ad975f7e2923cdc88b7d289a17eb0068a7bce6060599e4aec4174cf36c2.pdf,2,p. 2: Melt temperature °C,280 °C · specimen: Not published (do not assume printed),"Held back for an unclear unit or layout. Read it on the page image: what exactly does the page print for this product, property and unit, and in which row and column? Can it be recorded (give every cell), or does it stay unreadable (say why)?",no
T00965,6,value-check,,measurements,V009830,,Melting temperature,G048-04,LEHVOSS LUVOCOM 3F PAHT CF 9891 BK,S-PET-TDS-LUVOCOM-3F-PAHT-CF-9891-BK,d3c0ea3b94fb042f942b012f751c56297199f704126b7e44bf8d7b74e85f0493,.cache/sources/by-sha/d3c0ea3b94fb042f942b012f751c56297199f704126b7e44bf8d7b74e85f0493.pdf,2,p. 2: Melt temperature °C,280 °C · specimen: Not published (do not assume printed),"Held back for an unclear unit or layout. Read it on the page image: what exactly does the page print for this product, property and unit, and in which row and column? Can it be recorded (give every cell), or does it stay unreadable (say why)?",no
T00966,6,value-check,,measurements,V009924,,Melting temperature,G014-15,iSANMATE PLA Wood,I-PLA-PLA-Wood-TDS,8f76e0dc3f8fa4351b09af7e4f10e50af8d38999ec0f92840ed17bbb8533b6a5,.cache/sources/by-sha/8f76e0dc3f8fa4351b09af7e4f10e50af8d38999ec0f92840ed17bbb8533b6a5.pdf,2,p. 2: Melt Temperature,185 ℃ · specimen: Not published (do not assume printed),"Held back for an unclear unit or layout. Read it on the page image: what exactly does the page print for this product, property and unit, and in which row and column? Can it be recorded (give every cell), or does it stay unreadable (say why)?",no
T00967,6,value-check,,measurements,V011920,,Tensile modulus,G058-R1,DuPont Zytel 151L NC010 (PA612 resin),R-DUPONT-ZYTEL-GUIDE,4b28bc3c55f6cebb864463b497521e9dcdca89a1edd82de6fee0bb2a0e820092,.cache/sources/by-sha/4b28bc3c55f6cebb864463b497521e9dcdca89a1edd82de6fee0bb2a0e820092.pdf,8,p. 8: Tensile modulus (1600 MPa),1600 MPa · Unstated · specimen: Raw material value,"Held back for an unclear unit or layout. Read it on the page image: what exactly does the page print for this product, property and unit, and in which row and column? Can it be recorded (give every cell), or does it stay unreadable (say why)?",no
T00968,6,value-check,,measurements,V012299,,Hardness,G150-03,Recreus FILAFLEX 95 FOAMY,R-RECREUS-FILAFLEX-95A-FOAMY-TECHNICAL-DATA-SHEET-TDS-2024,01f0942994ed7a0f233467fee1d0258cfa76341c519b1c5b091c3c12b462df77,.cache/sources/by-sha/01f0942994ed7a0f233467fee1d0258cfa76341c519b1c5b091c3c12b462df77.pdf,1,p. 1: Printing density 250ºC 80% Flow (hardness row) (61 shore A),61 shore A · specimen: Not published (do not assume printed),"Held back for an unclear unit or layout. Read it on the page image: what exactly does the page print for this product, property and unit, and in which row and column? Can it be recorded (give every cell), or does it stay unreadable (say why)?",no
T00969,6,value-check,,measurements,V012300,,Hardness,G150-03,Recreus FILAFLEX 95 FOAMY,R-RECREUS-FILAFLEX-95A-FOAMY-TECHNICAL-DATA-SHEET-TDS-2024,01f0942994ed7a0f233467fee1d0258cfa76341c519b1c5b091c3c12b462df77,.cache/sources/by-sha/01f0942994ed7a0f233467fee1d0258cfa76341c519b1c5b091c3c12b462df77.pdf,1,p. 1: Printing density 250ºC 80% Flow (hardness row) (65 shore A),65 shore A · specimen: Not published (do not assume printed),"Held back for an unclear unit or layout. Read it on the page image: what exactly does the page print for this product, property and unit, and in which row and column? Can it be recorded (give every cell), or does it stay unreadable (say why)?",no
T00970,6,value-check,,measurements,V012492,,Glass transition temperature,G001-95,3D4Makers PLA,D-3D4MAKERS-PLA-FILAMENT-PAGE,cdcfb5e915c37e9f1e9efc317bd8bc705380a62a85fef78613c7d12b91739570,.cache/sources/by-sha/cdcfb5e915c37e9f1e9efc317bd8bc705380a62a85fef78613c7d12b91739570.html,1,p. 1: The glass temperature is typically around,50 °C · specimen: Not published (do not assume printed),"Held back for an unclear unit or layout. Read it on the page image: what exactly does the page print for this product, property and unit, and in which row and column? Can it be recorded (give every cell), or does it stay unreadable (say why)?",no
T00971,6,value-check,,measurements,V012515,,Tensile strength (endpoint unspecified),G031-37,3DJake ASA,R-3DJAKE-Technical-Data-Sheet-ASA-V2,c08f0b695e09a45db1bda29776945374c5b9d5894441a3ab99e055a9230e6ceb,.cache/sources/by-sha/c08f0b695e09a45db1bda29776945374c5b9d5894441a3ab99e055a9230e6ceb.pdf,1,p. 1: Tensile strength,800 kg / cm² · Unstated · specimen: Not published (do not assume printed),"Held back for an unclear unit or layout. Read it on the page image: what exactly does the page print for this product, property and unit, and in which row and column? Can it be recorded (give every cell), or does it stay unreadable (say why)?",no
T00972,6,value-check,,measurements,V012712,,Charpy strength,G001-61,colorFabb PLA Regrind,R-COLORFABB-TDS-E-colorFabb-PLA-Regrind,a4c4da7a4114c262ab0b40d13a3cedcff2258fc3ca9eb84ad7479620038286d5,.cache/sources/by-sha/a4c4da7a4114c262ab0b40d13a3cedcff2258fc3ca9eb84ad7479620038286d5.pdf,1,p. 1: Impact Strength,"4,0 kJ/m² · XY · specimen: Printed specimen","Held back for an unclear unit or layout. Read it on the page image: what exactly does the page print for this product, property and unit, and in which row and column? Can it be recorded (give every cell), or does it stay unreadable (say why)?",no
T00973,6,value-check,,measurements,V002945,,Charpy strength,G001-11,Spectrum THE FILAMENT PLA HS,S-SPECTRUM-eng-tds-the-filament-pla-hs,8d530cad96c04319443e6027549b848f2f453913a9b87c996beca25c19debcc4,.cache/sources/by-sha/8d530cad96c04319443e6027549b848f2f453913a9b87c996beca25c19debcc4.pdf,1,"p. 1: Charpy notched impact strength, 23°C",5 kJ/m2 · Notched · specimen: Not published (do not assume printed),"A notched Charpy row whose standard cell names a tensile or film standard (ASTM D882 or ISO 527). What does the page print in this row's standard cell, and is that cell the neighbouring row's?",value
T00974,6,value-check,,measurements,V006179,,Charpy strength,G001-11,Spectrum THE FILAMENT PLA HS,S-SPECTRUM-EN-TDS-The-Filament-PLA-HS,0f5998d286717c74ad222982dbd393fe665890b7259f1dd57a0aeacf9ea96284,.cache/sources/by-sha/0f5998d286717c74ad222982dbd393fe665890b7259f1dd57a0aeacf9ea96284.pdf,1,"p. 1: Charpy notched impact strength, 23°C",5 kJ/m2 · Notched · specimen: Not published (do not assume printed),"A notched Charpy row whose standard cell names a tensile or film standard (ASTM D882 or ISO 527). What does the page print in this row's standard cell, and is that cell the neighbouring row's?",no
T00975,6,value-check,,measurements,V003101,,Charpy strength,G001-15,Spectrum PLA Crystal,S-SPECTRUM-en-tds-spectrum-pla-crystal,e99d6b77e411efad865f18353fafc8715297be4751ef15b313d4bee270e2ff12,.cache/sources/by-sha/e99d6b77e411efad865f18353fafc8715297be4751ef15b313d4bee270e2ff12.pdf,1,"p. 1: Charpy notched impact strength, 23°C",5 kJ/m2 · Notched · specimen: Not published (do not assume printed),"A notched Charpy row whose standard cell names a tensile or film standard (ASTM D882 or ISO 527). What does the page print in this row's standard cell, and is that cell the neighbouring row's?",value
T00976,6,identity,,measurements,V008270,,Izod impact strength,G001-37,SUNLU PLA,R-SUNLU-SUNLU-PLA-Vivid-Yellow,35293a3cbf17ba048ea5bf2658489dd070f0c6b7d6510abece4097b0101e73d4,.cache/sources/by-sha/35293a3cbf17ba048ea5bf2658489dd070f0c6b7d6510abece4097b0101e73d4.pdf,1,"p. 1: IZOD Impact Notched ISO180 4mm, 23℃ KJ/m²",19.8 KJ/m² · Notched · specimen: Not published (do not assume printed),"Which SUNLU product does this ""Product Information"" sheet name: plain PLA, PLA+ or PLA+2.0? Quote every product name the sheet prints.",no
T00977,6,readings,,sources,S-POLYCN-TDS-Polymaker-PolyFlex-TPU95-V5-5-2025-12-29-EN,,,G039-13,Polymaker Polymaker PolyFlex TPU95,S-POLYCN-TDS-Polymaker-PolyFlex-TPU95-V5-5-2025-12-29-EN,b7c4419e76553beabee0455b577316269a03618d4fea8302d171aaa90efa7e72,.cache/sources/by-sha/b7c4419e76553beabee0455b577316269a03618d4fea8302d171aaa90efa7e72.pdf,1,ISO 37 rows,"V003829-V003832, V013494-V013496","Read every ISO 37 row the page prints (stress at 100/200/300/400 % strain, ""Tensile strain"", elongation at break) with its value, uncertainty and unit exactly as printed, in the 26-column reading schema.",no
T00978,6,readings,,sources,R-ERYONE-eryone-pla-light-weight-tds,,,G017-06,Eryone Light Weight PLA,R-ERYONE-eryone-pla-light-weight-tds,0eaed80250cf0c3fc057ed175c1022d3cbc8e11f9c907c62f6f2a3809221c873,.cache/sources/by-sha/0eaed80250cf0c3fc057ed175c1022d3cbc8e11f9c907c62f6f2a3809221c873.pdf,2,Elongation at breakX-Y,V004816-V004826,"Read the X-Y elongation at break row exactly as printed (label, standard, unit cell, value), and say what unit the value is in by the page's other rows.",no
