EvidenceID,MaterialID,GradeID,Domain,Topic,Finding,Exposure / conditions,Rating 1–5,RubricID,Evidence type,SourceID,Locator
Q00001,M001,G001-02,Chemical exposure,Effect of weak acids,Not resistant,"p. 2; concentration, duration and temperature not specified unless stated. Not a chemical design limit.",Not published,Not applicable,Manufacturer statement,S-POLYCN-PolySonic-PLA-EN-V5-3-TDS,Effect of weak acids
Q00002,M001,G001-02,Chemical exposure,Effect of strong acids,Not resistant,"p. 2; concentration, duration and temperature not specified unless stated. Not a chemical design limit.",Not published,Not applicable,Manufacturer statement,S-POLYCN-PolySonic-PLA-EN-V5-3-TDS,Effect of strong acids
Q00003,M001,G001-02,Chemical exposure,Effect of weak alkalis,Not resistant,"p. 2; concentration, duration and temperature not specified unless stated. Not a chemical design limit.",Not published,Not applicable,Manufacturer statement,S-POLYCN-PolySonic-PLA-EN-V5-3-TDS,Effect of weak alkalis
Q00004,M001,G001-02,Chemical exposure,Effect of strong alkalis,Not resistant,"p. 2; concentration, duration and temperature not specified unless stated. Not a chemical design limit.",Not published,Not applicable,Manufacturer statement,S-POLYCN-PolySonic-PLA-EN-V5-3-TDS,Effect of strong alkalis
Q00005,M001,G001-02,Chemical exposure,Effect of organic solvent,No data available,"p. 2; concentration, duration and temperature not specified unless stated. Not a chemical design limit.",Not published,Not applicable,Manufacturer statement,S-POLYCN-PolySonic-PLA-EN-V5-3-TDS,Effect of organic solvent
Q00006,M001,G001-02,Chemical exposure,Effect of oils and grease,No data available,"p. 2; concentration, duration and temperature not specified unless stated. Not a chemical design limit.",Not published,Not applicable,Manufacturer statement,S-POLYCN-PolySonic-PLA-EN-V5-3-TDS,Effect of oils and grease
Q00007,M002,G002-01,Support / solubility,Solubility,Insoluble in water,"p. 3; concentration, duration and temperature not specified unless stated. Not a chemical design limit.",Not published,Not applicable,Manufacturer statement,B-pla-basic-filament-TDS,Solubility
Q00008,M002,G002-01,Chemical exposure,Resistance to Acid,Not resistant,"p. 3; concentration, duration and temperature not specified unless stated. Not a chemical design limit.",Not published,Not applicable,Manufacturer statement,B-pla-basic-filament-TDS,Resistance to Acid
Q00009,M002,G002-01,Chemical exposure,Resistance to Alkali,Not resistant,"p. 3; concentration, duration and temperature not specified unless stated. Not a chemical design limit.",Not published,Not applicable,Manufacturer statement,B-pla-basic-filament-TDS,Resistance to Alkali
Q00010,M002,G002-01,Chemical exposure,Resistance to Organic Solvent,Not resistant to some organic solvents,"p. 3; concentration, duration and temperature not specified unless stated. Not a chemical design limit.",Not published,Not applicable,Manufacturer statement,B-pla-basic-filament-TDS,Resistance to Organic Solvent
Q00011,M002,G002-01,Chemical exposure,Resistance to Oil and Grease,Resistant to most kinds of oil and grease,"p. 3; concentration, duration and temperature not specified unless stated. Not a chemical design limit.",Not published,Not applicable,Manufacturer statement,B-pla-basic-filament-TDS,Resistance to Oil and Grease
Q00012,M002,G002-01,Flammability,Flammability,Flammable,"p. 3; concentration, duration and temperature not specified unless stated. Not a chemical design limit.",Not published,Not applicable,Manufacturer statement,B-pla-basic-filament-TDS,Flammability
Q00013,M002,G002-01,Post-processing,Test specimen preparation,All the specimens were annealed and dried at 55 °C for 8 h before testing,TDS specimen conditioning. Do not confuse with a general annealing schedule.,Not published,Not applicable,Manufacturer statement,B-pla-basic-filament-TDS,Test specimen preparation
Q00014,M003,G003-01,Support / solubility,Solubility,Insoluble in water,"p. 3; concentration, duration and temperature not specified unless stated. Not a chemical design limit.",Not published,Not applicable,Manufacturer statement,B-pla-matte-TDS,Solubility
Q00015,M003,G003-01,Chemical exposure,Resistance to Acid,Not resistant,"p. 3; concentration, duration and temperature not specified unless stated. Not a chemical design limit.",Not published,Not applicable,Manufacturer statement,B-pla-matte-TDS,Resistance to Acid
Q00016,M003,G003-01,Chemical exposure,Resistance to Alkali,Not resistant,"p. 3; concentration, duration and temperature not specified unless stated. Not a chemical design limit.",Not published,Not applicable,Manufacturer statement,B-pla-matte-TDS,Resistance to Alkali
Q00017,M003,G003-01,Chemical exposure,Resistance to Organic Solvent,Not resistant to some organic solvents,"p. 3; concentration, duration and temperature not specified unless stated. Not a chemical design limit.",Not published,Not applicable,Manufacturer statement,B-pla-matte-TDS,Resistance to Organic Solvent
Q00018,M003,G003-01,Chemical exposure,Resistance to Oil and Grease,Resistant to most kinds of oil and grease,"p. 3; concentration, duration and temperature not specified unless stated. Not a chemical design limit.",Not published,Not applicable,Manufacturer statement,B-pla-matte-TDS,Resistance to Oil and Grease
Q00019,M003,G003-01,Flammability,Flammability,Flammable,"p. 3; concentration, duration and temperature not specified unless stated. Not a chemical design limit.",Not published,Not applicable,Manufacturer statement,B-pla-matte-TDS,Flammability
Q00020,M003,G003-01,Post-processing,Test specimen preparation,All the specimens were annealed and dried at 55 °C for 8 h before testing,TDS specimen conditioning. Do not confuse with a general annealing schedule.,Not published,Not applicable,Manufacturer statement,B-pla-matte-TDS,Test specimen preparation
Q00021,M005,G005-01,Support / solubility,Solubility,Insoluble in water,"p. 3; concentration, duration and temperature not specified unless stated. Not a chemical design limit.",Not published,Not applicable,Manufacturer statement,B-pla-basic-gradient-TDS,Solubility
Q00022,M005,G005-01,Chemical exposure,Resistance to Acid,Not resistant,"p. 3; concentration, duration and temperature not specified unless stated. Not a chemical design limit.",Not published,Not applicable,Manufacturer statement,B-pla-basic-gradient-TDS,Resistance to Acid
Q00023,M005,G005-01,Chemical exposure,Resistance to Alkali,Not resistant,"p. 3; concentration, duration and temperature not specified unless stated. Not a chemical design limit.",Not published,Not applicable,Manufacturer statement,B-pla-basic-gradient-TDS,Resistance to Alkali
Q00024,M005,G005-01,Chemical exposure,Resistance to Organic Solvent,Not resistant to some organic solvents,"p. 3; concentration, duration and temperature not specified unless stated. Not a chemical design limit.",Not published,Not applicable,Manufacturer statement,B-pla-basic-gradient-TDS,Resistance to Organic Solvent
Q00025,M005,G005-01,Chemical exposure,Resistance to Oil and Grease,Resistant to most kinds of oil and grease,"p. 3; concentration, duration and temperature not specified unless stated. Not a chemical design limit.",Not published,Not applicable,Manufacturer statement,B-pla-basic-gradient-TDS,Resistance to Oil and Grease
Q00026,M005,G005-01,Flammability,Flammability,Flammable and self-extinguishing in the air,"p. 3; concentration, duration and temperature not specified unless stated. Not a chemical design limit.",Not published,Not applicable,Manufacturer statement,B-pla-basic-gradient-TDS,Flammability
Q00027,M005,G005-01,Post-processing,Test specimen preparation,All the specimens were annealed and dried at 55 °C for 8 h ours before testing,TDS specimen conditioning. Do not confuse with a general annealing schedule.,Not published,Not applicable,Manufacturer statement,B-pla-basic-gradient-TDS,Test specimen preparation
Q00028,M006,G006-01,Flammability,Flammability,Flammable,"p. 3; concentration, duration and temperature not specified unless stated. Not a chemical design limit.",Not published,Not applicable,Manufacturer statement,B-pla-tough-upgrade-TDS,Flammability
Q00029,M007,G007-01,Flammability,Flammability,Flammable,"p. 3; concentration, duration and temperature not specified unless stated. Not a chemical design limit.",Not published,Not applicable,Manufacturer statement,B-pla-translucent-TDS,Flammability
Q00030,M009,G009-01,Flammability,Flammability,Flammable,"p. 3; concentration, duration and temperature not specified unless stated. Not a chemical design limit.",Not published,Not applicable,Manufacturer statement,B-pla-silk-upgrade-TDS,Flammability
Q00031,M009,G009-01,Post-processing,Test specimen preparation,All the specimens were annealed and dried at 55 °C for 8 h before testing,TDS specimen conditioning. Do not confuse with a general annealing schedule.,Not published,Not applicable,Manufacturer statement,B-pla-silk-upgrade-TDS,Test specimen preparation
Q00032,M010,G010-01,Flammability,Flammability,Flammable,"p. 3; concentration, duration and temperature not specified unless stated. Not a chemical design limit.",Not published,Not applicable,Manufacturer statement,B-pla-silk-dual-color-TDS,Flammability
Q00033,M010,G010-01,Post-processing,Test specimen preparation,All the specimens were annealed and dried at 55 °C for 8 h before testing,TDS specimen conditioning. Do not confuse with a general annealing schedule.,Not published,Not applicable,Manufacturer statement,B-pla-silk-dual-color-TDS,Test specimen preparation
Q00034,M011,G011-01,Support / solubility,Solubility,Insoluble in water,"p. 3; concentration, duration and temperature not specified unless stated. Not a chemical design limit.",Not published,Not applicable,Manufacturer statement,B-pla-metal-TDS,Solubility
Q00035,M011,G011-01,Chemical exposure,Resistance to Acid,Not resistant,"p. 3; concentration, duration and temperature not specified unless stated. Not a chemical design limit.",Not published,Not applicable,Manufacturer statement,B-pla-metal-TDS,Resistance to Acid
Q00036,M011,G011-01,Chemical exposure,Resistance to Alkali,Not resistant,"p. 3; concentration, duration and temperature not specified unless stated. Not a chemical design limit.",Not published,Not applicable,Manufacturer statement,B-pla-metal-TDS,Resistance to Alkali
Q00037,M011,G011-01,Chemical exposure,Resistance to Organic Solvent,Not resistant to some organic solvents,"p. 3; concentration, duration and temperature not specified unless stated. Not a chemical design limit.",Not published,Not applicable,Manufacturer statement,B-pla-metal-TDS,Resistance to Organic Solvent
Q00038,M011,G011-01,Chemical exposure,Resistance to Oil and Grease,Resistant to most kinds of oil and grease,"p. 3; concentration, duration and temperature not specified unless stated. Not a chemical design limit.",Not published,Not applicable,Manufacturer statement,B-pla-metal-TDS,Resistance to Oil and Grease
Q00039,M011,G011-01,Flammability,Flammability,Flammable,"p. 3; concentration, duration and temperature not specified unless stated. Not a chemical design limit.",Not published,Not applicable,Manufacturer statement,B-pla-metal-TDS,Flammability
Q00040,M011,G011-01,Post-processing,Test specimen preparation,All the specimens were annealed and dried at 55 °C for 8 h before testing,TDS specimen conditioning. Do not confuse with a general annealing schedule.,Not published,Not applicable,Manufacturer statement,B-pla-metal-TDS,Test specimen preparation
Q00041,M012,G012-01,Support / solubility,Solubility,Insoluble in water,"p. 3; concentration, duration and temperature not specified unless stated. Not a chemical design limit.",Not published,Not applicable,Manufacturer statement,B-pla-marble-TDS,Solubility
Q00042,M012,G012-01,Chemical exposure,Resistance to Acid,Not resistant,"p. 3; concentration, duration and temperature not specified unless stated. Not a chemical design limit.",Not published,Not applicable,Manufacturer statement,B-pla-marble-TDS,Resistance to Acid
Q00043,M012,G012-01,Chemical exposure,Resistance to Alkali,Not resistant,"p. 3; concentration, duration and temperature not specified unless stated. Not a chemical design limit.",Not published,Not applicable,Manufacturer statement,B-pla-marble-TDS,Resistance to Alkali
Q00044,M012,G012-01,Chemical exposure,Resistance to Organic Solvent,Not resistant to some organic solvents,"p. 3; concentration, duration and temperature not specified unless stated. Not a chemical design limit.",Not published,Not applicable,Manufacturer statement,B-pla-marble-TDS,Resistance to Organic Solvent
Q00045,M012,G012-01,Chemical exposure,Resistance to Oil and Grease,Resistant to most kinds of oil and grease,"p. 3; concentration, duration and temperature not specified unless stated. Not a chemical design limit.",Not published,Not applicable,Manufacturer statement,B-pla-marble-TDS,Resistance to Oil and Grease
Q00046,M012,G012-01,Flammability,Flammability,Flammable,"p. 3; concentration, duration and temperature not specified unless stated. Not a chemical design limit.",Not published,Not applicable,Manufacturer statement,B-pla-marble-TDS,Flammability
Q00047,M012,G012-01,Post-processing,Test specimen preparation,All the specimens were annealed and dried at 55 °C for 8 h before testing,TDS specimen conditioning. Do not confuse with a general annealing schedule.,Not published,Not applicable,Manufacturer statement,B-pla-marble-TDS,Test specimen preparation
Q00048,M013,G013-01,Support / solubility,Solubility,Insoluble in water,"p. 3; concentration, duration and temperature not specified unless stated. Not a chemical design limit.",Not published,Not applicable,Manufacturer statement,B-pla-sparkle-TDS,Solubility
Q00049,M014,G014-01,Support / solubility,Solubility,Insoluble in water,"p. 3; concentration, duration and temperature not specified unless stated. Not a chemical design limit.",Not published,Not applicable,Manufacturer statement,B-pla-wood-TDS,Solubility
Q00050,M014,G014-01,Chemical exposure,Resistance to Acid,Not resistant,"p. 3; concentration, duration and temperature not specified unless stated. Not a chemical design limit.",Not published,Not applicable,Manufacturer statement,B-pla-wood-TDS,Resistance to Acid
Q00051,M014,G014-01,Chemical exposure,Resistance to Alkali,Not resistant,"p. 3; concentration, duration and temperature not specified unless stated. Not a chemical design limit.",Not published,Not applicable,Manufacturer statement,B-pla-wood-TDS,Resistance to Alkali
Q00052,M014,G014-01,Chemical exposure,Resistance to Organic Solvent,Not resistant to some organic solvents,"p. 3; concentration, duration and temperature not specified unless stated. Not a chemical design limit.",Not published,Not applicable,Manufacturer statement,B-pla-wood-TDS,Resistance to Organic Solvent
Q00053,M014,G014-01,Chemical exposure,Resistance to Oil and Grease,Resistant to most kinds of oil and grease,"p. 3; concentration, duration and temperature not specified unless stated. Not a chemical design limit.",Not published,Not applicable,Manufacturer statement,B-pla-wood-TDS,Resistance to Oil and Grease
Q00054,M014,G014-01,Flammability,Flammability,Flammable,"p. 3; concentration, duration and temperature not specified unless stated. Not a chemical design limit.",Not published,Not applicable,Manufacturer statement,B-pla-wood-TDS,Flammability
Q00055,M014,G014-01,Post-processing,Test specimen preparation,All the specimens were annealed and dried at 55 °C for 8 h before testing,TDS specimen conditioning. Do not confuse with a general annealing schedule.,Not published,Not applicable,Manufacturer statement,B-pla-wood-TDS,Test specimen preparation
Q00056,M015,G015-01,Flammability,Flammability,Flammable,"p. 3; concentration, duration and temperature not specified unless stated. Not a chemical design limit.",Not published,Not applicable,Manufacturer statement,B-pla-galaxy-TDS,Flammability
Q00057,M015,G015-01,Post-processing,Test specimen preparation,All the specimens were annealed and dried at 55 °C for 8 h before testing,TDS specimen conditioning. Do not confuse with a general annealing schedule.,Not published,Not applicable,Manufacturer statement,B-pla-galaxy-TDS,Test specimen preparation
Q00058,M016,G016-01,Support / solubility,Solubility,Insoluble in water,"p. 3; concentration, duration and temperature not specified unless stated. Not a chemical design limit.",Not published,Not applicable,Manufacturer statement,B-pla-glow-TDS,Solubility
Q00059,M016,G016-01,Chemical exposure,Resistance to Acid,Not resistant,"p. 3; concentration, duration and temperature not specified unless stated. Not a chemical design limit.",Not published,Not applicable,Manufacturer statement,B-pla-glow-TDS,Resistance to Acid
Q00060,M016,G016-01,Chemical exposure,Resistance to Alkali,Not resistant,"p. 3; concentration, duration and temperature not specified unless stated. Not a chemical design limit.",Not published,Not applicable,Manufacturer statement,B-pla-glow-TDS,Resistance to Alkali
Q00061,M016,G016-01,Chemical exposure,Resistance to Organic Solvent,Not resistant to some organic solvents,"p. 3; concentration, duration and temperature not specified unless stated. Not a chemical design limit.",Not published,Not applicable,Manufacturer statement,B-pla-glow-TDS,Resistance to Organic Solvent
Q00062,M016,G016-01,Chemical exposure,Resistance to Oil and Grease,Resistant to most kinds of oil and grease,"p. 3; concentration, duration and temperature not specified unless stated. Not a chemical design limit.",Not published,Not applicable,Manufacturer statement,B-pla-glow-TDS,Resistance to Oil and Grease
Q00063,M016,G016-01,Flammability,Flammability,Flammable,"p. 3; concentration, duration and temperature not specified unless stated. Not a chemical design limit.",Not published,Not applicable,Manufacturer statement,B-pla-glow-TDS,Flammability
Q00064,M016,G016-01,Post-processing,Test specimen preparation,All the specimens were annealed and dried at 55 °C for 8 h before testing,TDS specimen conditioning. Do not confuse with a general annealing schedule.,Not published,Not applicable,Manufacturer statement,B-pla-glow-TDS,Test specimen preparation
Q00065,M017,G017-01,Flammability,Flammability,Flammable,"p. 3; concentration, duration and temperature not specified unless stated. Not a chemical design limit.",Not published,Not applicable,Manufacturer statement,B-pla-aero-TDS,Flammability
Q00066,M017,G017-01,Post-processing,Test specimen preparation,All the specimens were annealed and dried at 55 °C for 8 h before testing,TDS specimen conditioning. Do not confuse with a general annealing schedule.,Not published,Not applicable,Manufacturer statement,B-pla-aero-TDS,Test specimen preparation
Q00067,M018,G018-01,Support / solubility,Solubility,Insoluble in water,"p. 3; concentration, duration and temperature not specified unless stated. Not a chemical design limit.",Not published,Not applicable,Manufacturer statement,B-pla-cf-TDS,Solubility
Q00068,M018,G018-01,Chemical exposure,Resistance to Acid,Not resistant,"p. 3; concentration, duration and temperature not specified unless stated. Not a chemical design limit.",Not published,Not applicable,Manufacturer statement,B-pla-cf-TDS,Resistance to Acid
Q00069,M018,G018-01,Chemical exposure,Resistance to Alkali,Not resistant,"p. 3; concentration, duration and temperature not specified unless stated. Not a chemical design limit.",Not published,Not applicable,Manufacturer statement,B-pla-cf-TDS,Resistance to Alkali
Q00070,M018,G018-01,Chemical exposure,Resistance to Organic Solvent,Not resistant to some organic solvents,"p. 3; concentration, duration and temperature not specified unless stated. Not a chemical design limit.",Not published,Not applicable,Manufacturer statement,B-pla-cf-TDS,Resistance to Organic Solvent
Q00071,M018,G018-01,Chemical exposure,Resistance to Oil and Grease,Resistant to most kinds of oil and grease,"p. 3; concentration, duration and temperature not specified unless stated. Not a chemical design limit.",Not published,Not applicable,Manufacturer statement,B-pla-cf-TDS,Resistance to Oil and Grease
Q00072,M018,G018-01,Flammability,Flammability,Flammable,"p. 3; concentration, duration and temperature not specified unless stated. Not a chemical design limit.",Not published,Not applicable,Manufacturer statement,B-pla-cf-TDS,Flammability
Q00073,M018,G018-01,Post-processing,Test specimen preparation,All the specimens were annealed and dried at 55 °C for 8 h before testing,TDS specimen conditioning. Do not confuse with a general annealing schedule.,Not published,Not applicable,Manufacturer statement,B-pla-cf-TDS,Test specimen preparation
Q00074,M019,G019-01,Chemical exposure,Effect of weak acids,Good,"p. 2; concentration, duration and temperature not specified unless stated. Not a chemical design limit.",Not published,Not applicable,Manufacturer statement,S-POLYCN-Polymaker-HT-PLA-GF-TDS-EN-V1-1,Effect of weak acids
Q00075,M019,G019-01,Chemical exposure,Effect of strong acids,Poor,"p. 2; concentration, duration and temperature not specified unless stated. Not a chemical design limit.",Not published,Not applicable,Manufacturer statement,S-POLYCN-Polymaker-HT-PLA-GF-TDS-EN-V1-1,Effect of strong acids
Q00076,M019,G019-01,Chemical exposure,Effect of weak alkalis,Fair,"p. 2; concentration, duration and temperature not specified unless stated. Not a chemical design limit.",Not published,Not applicable,Manufacturer statement,S-POLYCN-Polymaker-HT-PLA-GF-TDS-EN-V1-1,Effect of weak alkalis
Q00077,M019,G019-01,Chemical exposure,Effect of strong alkalis,Poor,"p. 2; concentration, duration and temperature not specified unless stated. Not a chemical design limit.",Not published,Not applicable,Manufacturer statement,S-POLYCN-Polymaker-HT-PLA-GF-TDS-EN-V1-1,Effect of strong alkalis
Q00078,M019,G019-01,Chemical exposure,Effect of oils and grease,Good,"p. 2; concentration, duration and temperature not specified unless stated. Not a chemical design limit.",Not published,Not applicable,Manufacturer statement,S-POLYCN-Polymaker-HT-PLA-GF-TDS-EN-V1-1,Effect of oils and grease
Q00079,M020,G020-02,Chemical exposure,Effect of weak acids,Not resistant,"p. 2; concentration, duration and temperature not specified unless stated. Not a chemical design limit.",Not published,Not applicable,Manufacturer statement,S-POLYCN-PolyLite-PETG-TDS-V5-3,Effect of weak acids
Q00080,M020,G020-02,Chemical exposure,Effect of strong acids,Not resistant,"p. 2; concentration, duration and temperature not specified unless stated. Not a chemical design limit.",Not published,Not applicable,Manufacturer statement,S-POLYCN-PolyLite-PETG-TDS-V5-3,Effect of strong acids
Q00081,M020,G020-02,Chemical exposure,Effect of weak alkalis,Not resistant,"p. 2; concentration, duration and temperature not specified unless stated. Not a chemical design limit.",Not published,Not applicable,Manufacturer statement,S-POLYCN-PolyLite-PETG-TDS-V5-3,Effect of weak alkalis
Q00082,M020,G020-02,Chemical exposure,Effect of strong alkalis,Not resistant,"p. 2; concentration, duration and temperature not specified unless stated. Not a chemical design limit.",Not published,Not applicable,Manufacturer statement,S-POLYCN-PolyLite-PETG-TDS-V5-3,Effect of strong alkalis
Q00083,M020,G020-02,Chemical exposure,Effect of organic solvent,Resistant most,"p. 2; concentration, duration and temperature not specified unless stated. Not a chemical design limit.",Not published,Not applicable,Manufacturer statement,S-POLYCN-PolyLite-PETG-TDS-V5-3,Effect of organic solvent
Q00084,M020,G020-02,Chemical exposure,Effect of oils and grease,No data available,"p. 2; concentration, duration and temperature not specified unless stated. Not a chemical design limit.",Not published,Not applicable,Manufacturer statement,S-POLYCN-PolyLite-PETG-TDS-V5-3,Effect of oils and grease
Q00085,M021,G021-01,Support / solubility,Solubility,Insoluble in water,"p. 3; concentration, duration and temperature not specified unless stated. Not a chemical design limit.",Not published,Not applicable,Manufacturer statement,B-petg-basic-TDS,Solubility
Q00086,M021,G021-01,Chemical exposure,Resistance to Acid,Not resistant,"p. 3; concentration, duration and temperature not specified unless stated. Not a chemical design limit.",Not published,Not applicable,Manufacturer statement,B-petg-basic-TDS,Resistance to Acid
Q00087,M021,G021-01,Chemical exposure,Resistance to Alkali,Not resistant,"p. 3; concentration, duration and temperature not specified unless stated. Not a chemical design limit.",Not published,Not applicable,Manufacturer statement,B-petg-basic-TDS,Resistance to Alkali
Q00088,M021,G021-01,Chemical exposure,Resistance to Organic Solvent,Not resistant to some organic solvents,"p. 3; concentration, duration and temperature not specified unless stated. Not a chemical design limit.",Not published,Not applicable,Manufacturer statement,B-petg-basic-TDS,Resistance to Organic Solvent
Q00089,M021,G021-01,Chemical exposure,Resistance to Oil and Grease,Resistant to most kinds of oil and grease,"p. 3; concentration, duration and temperature not specified unless stated. Not a chemical design limit.",Not published,Not applicable,Manufacturer statement,B-petg-basic-TDS,Resistance to Oil and Grease
Q00090,M021,G021-01,Flammability,Flammability,Flammable,"p. 3; concentration, duration and temperature not specified unless stated. Not a chemical design limit.",Not published,Not applicable,Manufacturer statement,B-petg-basic-TDS,Flammability
Q00091,M022,G022-01,Flammability,Flammability,Flammable,"p. 3; concentration, duration and temperature not specified unless stated. Not a chemical design limit.",Not published,Not applicable,Manufacturer statement,B-petg-hf-TDS,Flammability
Q00092,M022,G022-01,Post-processing,Test specimen preparation,All the specimens were annealed and dried at 75 °C for 8 h before testing,TDS specimen conditioning. Do not confuse with a general annealing schedule.,Not published,Not applicable,Manufacturer statement,B-petg-hf-TDS,Test specimen preparation
Q00093,M023,G023-01,Support / solubility,Solubility,Insoluble in water,"p. 3; concentration, duration and temperature not specified unless stated. Not a chemical design limit.",Not published,Not applicable,Manufacturer statement,B-petg-translucent-TDS,Solubility
Q00094,M023,G023-01,Chemical exposure,Resistance to Acid,Not resistant,"p. 3; concentration, duration and temperature not specified unless stated. Not a chemical design limit.",Not published,Not applicable,Manufacturer statement,B-petg-translucent-TDS,Resistance to Acid
Q00095,M023,G023-01,Chemical exposure,Resistance to Alkali,Not resistant,"p. 3; concentration, duration and temperature not specified unless stated. Not a chemical design limit.",Not published,Not applicable,Manufacturer statement,B-petg-translucent-TDS,Resistance to Alkali
Q00096,M023,G023-01,Chemical exposure,Resistance to Organic Solvent,Not resistant to some organic solvents,"p. 3; concentration, duration and temperature not specified unless stated. Not a chemical design limit.",Not published,Not applicable,Manufacturer statement,B-petg-translucent-TDS,Resistance to Organic Solvent
Q00097,M023,G023-01,Chemical exposure,Resistance to Oil and Grease,Resistant to most kinds of oil and grease,"p. 3; concentration, duration and temperature not specified unless stated. Not a chemical design limit.",Not published,Not applicable,Manufacturer statement,B-petg-translucent-TDS,Resistance to Oil and Grease
Q00098,M023,G023-01,Flammability,Flammability,Flammable,"p. 3; concentration, duration and temperature not specified unless stated. Not a chemical design limit.",Not published,Not applicable,Manufacturer statement,B-petg-translucent-TDS,Flammability
Q00099,M023,G023-01,Post-processing,Test specimen preparation,All the specimens were annealed and dried at 65 °C for 8 h before testing,TDS specimen conditioning. Do not confuse with a general annealing schedule.,Not published,Not applicable,Manufacturer statement,B-petg-translucent-TDS,Test specimen preparation
Q00100,M024,G024-01,Support / solubility,Solubility,Insoluble in water,"p. 3; concentration, duration and temperature not specified unless stated. Not a chemical design limit.",Not published,Not applicable,Manufacturer statement,B-petg-cf-TDS,Solubility
Q00101,M024,G024-01,Chemical exposure,Resistance to Acid,Not resistant,"p. 3; concentration, duration and temperature not specified unless stated. Not a chemical design limit.",Not published,Not applicable,Manufacturer statement,B-petg-cf-TDS,Resistance to Acid
Q00102,M024,G024-01,Chemical exposure,Resistance to Alkali,Not resistant,"p. 3; concentration, duration and temperature not specified unless stated. Not a chemical design limit.",Not published,Not applicable,Manufacturer statement,B-petg-cf-TDS,Resistance to Alkali
Q00103,M024,G024-01,Chemical exposure,Resistance to Organic Solvent,Not resistant to some organic solvents,"p. 3; concentration, duration and temperature not specified unless stated. Not a chemical design limit.",Not published,Not applicable,Manufacturer statement,B-petg-cf-TDS,Resistance to Organic Solvent
Q00104,M024,G024-01,Chemical exposure,Resistance to Oil and Grease,Resistant to most kinds of oil and grease,"p. 3; concentration, duration and temperature not specified unless stated. Not a chemical design limit.",Not published,Not applicable,Manufacturer statement,B-petg-cf-TDS,Resistance to Oil and Grease
Q00105,M024,G024-01,Flammability,Flammability,Flammable,"p. 3; concentration, duration and temperature not specified unless stated. Not a chemical design limit.",Not published,Not applicable,Manufacturer statement,B-petg-cf-TDS,Flammability
Q00106,M024,G024-01,Post-processing,Test specimen preparation,All the specimens were annealed and dried at 65 °C for 8 h before testing,TDS specimen conditioning. Do not confuse with a general annealing schedule.,Not published,Not applicable,Manufacturer statement,B-petg-cf-TDS,Test specimen preparation
Q00107,M026,G026-02,Chemical exposure,Effect of weak acids,Good,"p. 2; concentration, duration and temperature not specified unless stated. Not a chemical design limit.",Not published,Not applicable,Manufacturer statement,S-POLYCN-PolyMax-PETG-ESD-TDS-V5-3,Effect of weak acids
Q00108,M026,G026-02,Chemical exposure,Effect of strong acids,Fair-Poor,"p. 2; concentration, duration and temperature not specified unless stated. Not a chemical design limit.",Not published,Not applicable,Manufacturer statement,S-POLYCN-PolyMax-PETG-ESD-TDS-V5-3,Effect of strong acids
Q00109,M026,G026-02,Chemical exposure,Effect of weak alkalis,Poor,"p. 2; concentration, duration and temperature not specified unless stated. Not a chemical design limit.",Not published,Not applicable,Manufacturer statement,S-POLYCN-PolyMax-PETG-ESD-TDS-V5-3,Effect of weak alkalis
Q00110,M026,G026-02,Chemical exposure,Effect of strong alkalis,Poor,"p. 2; concentration, duration and temperature not specified unless stated. Not a chemical design limit.",Not published,Not applicable,Manufacturer statement,S-POLYCN-PolyMax-PETG-ESD-TDS-V5-3,Effect of strong alkalis
Q00111,M026,G026-02,Chemical exposure,Effect of oils and grease,Good,"p. 2; concentration, duration and temperature not specified unless stated. Not a chemical design limit.",Not published,Not applicable,Manufacturer statement,S-POLYCN-PolyMax-PETG-ESD-TDS-V5-3,Effect of oils and grease
Q00112,M027,G027-01,Support / solubility,Solubility,Insoluble in water,"p. 3; concentration, duration and temperature not specified unless stated. Not a chemical design limit.",Not published,Not applicable,Manufacturer statement,B-abs-filament-TDS,Solubility
Q00113,M027,G027-01,Chemical exposure,Resistance to Acid,Resistant,"p. 3; concentration, duration and temperature not specified unless stated. Not a chemical design limit.",Not published,Not applicable,Manufacturer statement,B-abs-filament-TDS,Resistance to Acid
Q00114,M027,G027-01,Chemical exposure,Resistance to Alkali,Resistant,"p. 3; concentration, duration and temperature not specified unless stated. Not a chemical design limit.",Not published,Not applicable,Manufacturer statement,B-abs-filament-TDS,Resistance to Alkali
Q00115,M027,G027-01,Chemical exposure,Resistance to Organic Solvent,Not resistant to some organic solvents,"p. 3; concentration, duration and temperature not specified unless stated. Not a chemical design limit.",Not published,Not applicable,Manufacturer statement,B-abs-filament-TDS,Resistance to Organic Solvent
Q00116,M027,G027-01,Chemical exposure,Resistance to Oil and Grease,Not resistant to some kinds of oil and grease,"p. 3; concentration, duration and temperature not specified unless stated. Not a chemical design limit.",Not published,Not applicable,Manufacturer statement,B-abs-filament-TDS,Resistance to Oil and Grease
Q00117,M027,G027-01,Flammability,Flammability,Flammable,"p. 3; concentration, duration and temperature not specified unless stated. Not a chemical design limit.",Not published,Not applicable,Manufacturer statement,B-abs-filament-TDS,Flammability
Q00118,M027,G027-01,Post-processing,Test specimen preparation,All the specimens were annealed and dried at 80 °C for 12 h before testing,TDS specimen conditioning. Do not confuse with a general annealing schedule.,Not published,Not applicable,Manufacturer statement,B-abs-filament-TDS,Test specimen preparation
Q00119,M028,G028-01,Flammability,Flammability,Flammable,"p. 3; concentration, duration and temperature not specified unless stated. Not a chemical design limit.",Not published,Not applicable,Manufacturer statement,B-abs-gf-TDS,Flammability
Q00120,M028,G028-01,Post-processing,Test specimen preparation,All the specimens were annealed and dried at 80 °C for 12 h before testing,TDS specimen conditioning. Do not confuse with a general annealing schedule.,Not published,Not applicable,Manufacturer statement,B-abs-gf-TDS,Test specimen preparation
Q00121,M031,G031-01,Support / solubility,Solubility,Insoluble in water,"p. 3; concentration, duration and temperature not specified unless stated. Not a chemical design limit.",Not published,Not applicable,Manufacturer statement,B-asa-filament-TDS,Solubility
Q00122,M031,G031-01,Chemical exposure,Resistance to Acid,Resistant,"p. 3; concentration, duration and temperature not specified unless stated. Not a chemical design limit.",Not published,Not applicable,Manufacturer statement,B-asa-filament-TDS,Resistance to Acid
Q00123,M031,G031-01,Chemical exposure,Resistance to Alkali,Resistant,"p. 3; concentration, duration and temperature not specified unless stated. Not a chemical design limit.",Not published,Not applicable,Manufacturer statement,B-asa-filament-TDS,Resistance to Alkali
Q00124,M031,G031-01,Chemical exposure,Resistance to Organic Solvent,Not resistant to some organic solvents,"p. 3; concentration, duration and temperature not specified unless stated. Not a chemical design limit.",Not published,Not applicable,Manufacturer statement,B-asa-filament-TDS,Resistance to Organic Solvent
Q00125,M031,G031-01,Chemical exposure,Resistance to Oil and Grease,Not resistant to some kinds of oil and grease,"p. 3; concentration, duration and temperature not specified unless stated. Not a chemical design limit.",Not published,Not applicable,Manufacturer statement,B-asa-filament-TDS,Resistance to Oil and Grease
Q00126,M031,G031-01,Flammability,Flammability,Flammable,"p. 3; concentration, duration and temperature not specified unless stated. Not a chemical design limit.",Not published,Not applicable,Manufacturer statement,B-asa-filament-TDS,Flammability
Q00127,M031,G031-01,Post-processing,Test specimen preparation,All the specimens were annealed and dried at 80 °C for 12 h before testing,TDS specimen conditioning. Do not confuse with a general annealing schedule.,Not published,Not applicable,Manufacturer statement,B-asa-filament-TDS,Test specimen preparation
Q00128,M032,G032-01,Support / solubility,Solubility,Insoluble in water,"p. 3; concentration, duration and temperature not specified unless stated. Not a chemical design limit.",Not published,Not applicable,Manufacturer statement,B-asa-aero-TDS,Solubility
Q00129,M032,G032-01,Chemical exposure,Resistance to Acid,Resistant,"p. 3; concentration, duration and temperature not specified unless stated. Not a chemical design limit.",Not published,Not applicable,Manufacturer statement,B-asa-aero-TDS,Resistance to Acid
Q00130,M032,G032-01,Chemical exposure,Resistance to Alkali,Resistant,"p. 3; concentration, duration and temperature not specified unless stated. Not a chemical design limit.",Not published,Not applicable,Manufacturer statement,B-asa-aero-TDS,Resistance to Alkali
Q00131,M032,G032-01,Chemical exposure,Resistance to Organic Solvent,Not resistant to some organic solvents,"p. 3; concentration, duration and temperature not specified unless stated. Not a chemical design limit.",Not published,Not applicable,Manufacturer statement,B-asa-aero-TDS,Resistance to Organic Solvent
Q00132,M032,G032-01,Chemical exposure,Resistance to Oil and Grease,Resistant to most kinds of oil and grease,"p. 3; concentration, duration and temperature not specified unless stated. Not a chemical design limit.",Not published,Not applicable,Manufacturer statement,B-asa-aero-TDS,Resistance to Oil and Grease
Q00133,M032,G032-01,Flammability,Flammability,Flammable,"p. 3; concentration, duration and temperature not specified unless stated. Not a chemical design limit.",Not published,Not applicable,Manufacturer statement,B-asa-aero-TDS,Flammability
Q00134,M032,G032-01,Post-processing,Test specimen preparation,All the specimens were annealed and dried at 80 °C for 12 h before testing,TDS specimen conditioning. Do not confuse with a general annealing schedule.,Not published,Not applicable,Manufacturer statement,B-asa-aero-TDS,Test specimen preparation
Q00135,M033,G033-01,Support / solubility,Solubility,Insoluble in water,"p. 3; concentration, duration and temperature not specified unless stated. Not a chemical design limit.",Not published,Not applicable,Manufacturer statement,B-asa-cf-TDS,Solubility
Q00136,M033,G033-01,Chemical exposure,Resistance to Acid,Resistant,"p. 3; concentration, duration and temperature not specified unless stated. Not a chemical design limit.",Not published,Not applicable,Manufacturer statement,B-asa-cf-TDS,Resistance to Acid
Q00137,M033,G033-01,Chemical exposure,Resistance to Alkali,Resistant,"p. 3; concentration, duration and temperature not specified unless stated. Not a chemical design limit.",Not published,Not applicable,Manufacturer statement,B-asa-cf-TDS,Resistance to Alkali
Q00138,M033,G033-01,Chemical exposure,Resistance to Organic Solvent,Not resistant to some organic solvents,"p. 3; concentration, duration and temperature not specified unless stated. Not a chemical design limit.",Not published,Not applicable,Manufacturer statement,B-asa-cf-TDS,Resistance to Organic Solvent
Q00139,M033,G033-01,Chemical exposure,Resistance to Oil and Grease,Resistant to most kinds of oil and grease,"p. 3; concentration, duration and temperature not specified unless stated. Not a chemical design limit.",Not published,Not applicable,Manufacturer statement,B-asa-cf-TDS,Resistance to Oil and Grease
Q00140,M033,G033-01,Flammability,Flammability,Flammable,"p. 3; concentration, duration and temperature not specified unless stated. Not a chemical design limit.",Not published,Not applicable,Manufacturer statement,B-asa-cf-TDS,Flammability
Q00141,M033,G033-01,Post-processing,Test specimen preparation,All the specimens were annealed and dried at 80 °C for 12 h before testing,TDS specimen conditioning. Do not confuse with a general annealing schedule.,Not published,Not applicable,Manufacturer statement,B-asa-cf-TDS,Test specimen preparation
Q00142,M035,G035-01,Support / solubility,Solubility,Insoluble in water,"p. 3; concentration, duration and temperature not specified unless stated. Not a chemical design limit.",Not published,Not applicable,Manufacturer statement,B-PC-TDS,Solubility
Q00143,M035,G035-01,Chemical exposure,Resistance to Acid,Not resistant,"p. 3; concentration, duration and temperature not specified unless stated. Not a chemical design limit.",Not published,Not applicable,Manufacturer statement,B-PC-TDS,Resistance to Acid
Q00144,M035,G035-01,Chemical exposure,Resistance to Alkali,Not resistant,"p. 3; concentration, duration and temperature not specified unless stated. Not a chemical design limit.",Not published,Not applicable,Manufacturer statement,B-PC-TDS,Resistance to Alkali
Q00145,M035,G035-01,Chemical exposure,Resistance to Organic Solvent,Not resistant to some organic solvents,"p. 3; concentration, duration and temperature not specified unless stated. Not a chemical design limit.",Not published,Not applicable,Manufacturer statement,B-PC-TDS,Resistance to Organic Solvent
Q00146,M035,G035-01,Chemical exposure,Resistance to Oil and Grease,Resistant to most kinds of oil and grease,"p. 3; concentration, duration and temperature not specified unless stated. Not a chemical design limit.",Not published,Not applicable,Manufacturer statement,B-PC-TDS,Resistance to Oil and Grease
Q00147,M035,G035-01,Flammability,Flammability,Flammable and self-extinguishing in the air,"p. 3; concentration, duration and temperature not specified unless stated. Not a chemical design limit.",Not published,Not applicable,Manufacturer statement,B-PC-TDS,Flammability
Q00148,M035,G035-01,Post-processing,Test specimen preparation,All the specimens were annealed and dried at 80 °C for 12 hours before testing,TDS specimen conditioning. Do not confuse with a general annealing schedule.,Not published,Not applicable,Manufacturer statement,B-PC-TDS,Test specimen preparation
Q00149,M039,G039-01,Chemical exposure,Effect of weak acids,Not resistant,"p. 2; concentration, duration and temperature not specified unless stated. Not a chemical design limit.",Not published,Not applicable,Manufacturer statement,S-POLYCN-PolyFlex-TPU95-TDS-V5-1,Effect of weak acids
Q00150,M039,G039-01,Chemical exposure,Effect of strong acids,Not resistant,"p. 2; concentration, duration and temperature not specified unless stated. Not a chemical design limit.",Not published,Not applicable,Manufacturer statement,S-POLYCN-PolyFlex-TPU95-TDS-V5-1,Effect of strong acids
Q00151,M039,G039-01,Chemical exposure,Effect of weak alkalis,Not resistant,"p. 2; concentration, duration and temperature not specified unless stated. Not a chemical design limit.",Not published,Not applicable,Manufacturer statement,S-POLYCN-PolyFlex-TPU95-TDS-V5-1,Effect of weak alkalis
Q00152,M039,G039-01,Chemical exposure,Effect of strong alkalis,Not resistant,"p. 2; concentration, duration and temperature not specified unless stated. Not a chemical design limit.",Not published,Not applicable,Manufacturer statement,S-POLYCN-PolyFlex-TPU95-TDS-V5-1,Effect of strong alkalis
Q00153,M039,G039-01,Chemical exposure,Effect of organic solvent,No data available,"p. 2; concentration, duration and temperature not specified unless stated. Not a chemical design limit.",Not published,Not applicable,Manufacturer statement,S-POLYCN-PolyFlex-TPU95-TDS-V5-1,Effect of organic solvent
Q00154,M039,G039-01,Chemical exposure,Effect of oils and grease,No data available,"p. 2; concentration, duration and temperature not specified unless stated. Not a chemical design limit.",Not published,Not applicable,Manufacturer statement,S-POLYCN-PolyFlex-TPU95-TDS-V5-1,Effect of oils and grease
Q00155,M040,G040-01,Flammability,Flammability,Flammable,"p. 3; concentration, duration and temperature not specified unless stated. Not a chemical design limit.",Not published,Not applicable,Manufacturer statement,B-tpu-for-ams-TDS,Flammability
Q00156,M041,G041-01,Support / solubility,Solubility,Insoluble in water,"p. 3; concentration, duration and temperature not specified unless stated. Not a chemical design limit.",Not published,Not applicable,Manufacturer statement,B-tpu-95a-hf-TDS,Solubility
Q00157,M041,G041-01,Chemical exposure,Resistance to Acid,Not resistant,"p. 3; concentration, duration and temperature not specified unless stated. Not a chemical design limit.",Not published,Not applicable,Manufacturer statement,B-tpu-95a-hf-TDS,Resistance to Acid
Q00158,M041,G041-01,Chemical exposure,Resistance to Alkali,Not resistant,"p. 3; concentration, duration and temperature not specified unless stated. Not a chemical design limit.",Not published,Not applicable,Manufacturer statement,B-tpu-95a-hf-TDS,Resistance to Alkali
Q00159,M041,G041-01,Chemical exposure,Resistance to Organic Solvent,Not resistant to some organic solvents,"p. 3; concentration, duration and temperature not specified unless stated. Not a chemical design limit.",Not published,Not applicable,Manufacturer statement,B-tpu-95a-hf-TDS,Resistance to Organic Solvent
Q00160,M041,G041-01,Chemical exposure,Resistance to Oil and Grease,Resistant to most kinds of oil and grease,"p. 3; concentration, duration and temperature not specified unless stated. Not a chemical design limit.",Not published,Not applicable,Manufacturer statement,B-tpu-95a-hf-TDS,Resistance to Oil and Grease
Q00161,M041,G041-01,Flammability,Flammability,Flammable,"p. 3; concentration, duration and temperature not specified unless stated. Not a chemical design limit.",Not published,Not applicable,Manufacturer statement,B-tpu-95a-hf-TDS,Flammability
Q00162,M041,G041-01,Post-processing,Test specimen preparation,All the specimens were annealed and dried at 70 °C for 12 h before testing,TDS specimen conditioning. Do not confuse with a general annealing schedule.,Not published,Not applicable,Manufacturer statement,B-tpu-95a-hf-TDS,Test specimen preparation
Q00163,M042,G042-01,Flammability,Flammability,Flammable,"p. 3; concentration, duration and temperature not specified unless stated. Not a chemical design limit.",Not published,Not applicable,Manufacturer statement,B-TPU-SOFT-TDS-4,Flammability
Q00164,M043,G043-01,Flammability,Flammability,Flammable,"p. 3; concentration, duration and temperature not specified unless stated. Not a chemical design limit.",Not published,Not applicable,Manufacturer statement,B-TPU-SOFT-TDS-5,Flammability
Q00165,M039,G039-03,Chemical exposure,Effect of weak acids,Not resistant,"p. 2; concentration, duration and temperature not specified unless stated. Not a chemical design limit.",Not published,Not applicable,Manufacturer statement,S-POLYCN-PolyFlex-TPU90-TDS-V5-1,Effect of weak acids
Q00166,M039,G039-03,Chemical exposure,Effect of strong acids,Not resistant,"p. 2; concentration, duration and temperature not specified unless stated. Not a chemical design limit.",Not published,Not applicable,Manufacturer statement,S-POLYCN-PolyFlex-TPU90-TDS-V5-1,Effect of strong acids
Q00167,M039,G039-03,Chemical exposure,Effect of weak alkalis,Not resistant,"p. 2; concentration, duration and temperature not specified unless stated. Not a chemical design limit.",Not published,Not applicable,Manufacturer statement,S-POLYCN-PolyFlex-TPU90-TDS-V5-1,Effect of weak alkalis
Q00168,M039,G039-03,Chemical exposure,Effect of strong alkalis,Not resistant,"p. 2; concentration, duration and temperature not specified unless stated. Not a chemical design limit.",Not published,Not applicable,Manufacturer statement,S-POLYCN-PolyFlex-TPU90-TDS-V5-1,Effect of strong alkalis
Q00169,M039,G039-03,Chemical exposure,Effect of organic solvent,No data available,"p. 2; concentration, duration and temperature not specified unless stated. Not a chemical design limit.",Not published,Not applicable,Manufacturer statement,S-POLYCN-PolyFlex-TPU90-TDS-V5-1,Effect of organic solvent
Q00170,M039,G039-03,Chemical exposure,Effect of oils and grease,No data available,"p. 2; concentration, duration and temperature not specified unless stated. Not a chemical design limit.",Not published,Not applicable,Manufacturer statement,S-POLYCN-PolyFlex-TPU90-TDS-V5-1,Effect of oils and grease
Q00171,M047,G047-01,Chemical exposure,Effect of weak acids,Not resistant,"p. 2; concentration, duration and temperature not specified unless stated. Not a chemical design limit.",Not published,Not applicable,Retired duplicate record,S-POLYCN-PolyMide-CoPA-TDS-V5-2,Effect of weak acids
Q00172,M047,G047-01,Chemical exposure,Effect of strong acids,Not resistant,"p. 2; concentration, duration and temperature not specified unless stated. Not a chemical design limit.",Not published,Not applicable,Retired duplicate record,S-POLYCN-PolyMide-CoPA-TDS-V5-2,Effect of strong acids
Q00173,M047,G047-01,Chemical exposure,Effect of weak alkalis,Slight resistant,"p. 2; concentration, duration and temperature not specified unless stated. Not a chemical design limit.",Not published,Not applicable,Retired duplicate record,S-POLYCN-PolyMide-CoPA-TDS-V5-2,Effect of weak alkalis
Q00174,M047,G047-01,Chemical exposure,Effect of strong alkalis,Not resistant,"p. 2; concentration, duration and temperature not specified unless stated. Not a chemical design limit.",Not published,Not applicable,Retired duplicate record,S-POLYCN-PolyMide-CoPA-TDS-V5-2,Effect of strong alkalis
Q00175,M047,G047-01,Chemical exposure,Effect of organic solvent,Not resistant,"p. 2; concentration, duration and temperature not specified unless stated. Not a chemical design limit.",Not published,Not applicable,Retired duplicate record,S-POLYCN-PolyMide-CoPA-TDS-V5-2,Effect of organic solvent
Q00176,M047,G047-01,Chemical exposure,Effect of oils and grease,Resistant,"p. 2; concentration, duration and temperature not specified unless stated. Not a chemical design limit.",Not published,Not applicable,Retired duplicate record,S-POLYCN-PolyMide-CoPA-TDS-V5-2,Effect of oils and grease
Q00177,M047,G047-01,Post-processing,Test specimen preparation,All specimens were annealed at 80˚C for 30min and dried for 48h prior to testing,TDS specimen conditioning. Do not confuse with a general annealing schedule.,Not published,Not applicable,Retired duplicate record,S-POLYCN-PolyMide-CoPA-TDS-V5-2,Test specimen preparation
Q00178,M048,G048-01,Support / solubility,Solubility,Insoluble in water,"p. 3; concentration, duration and temperature not specified unless stated. Not a chemical design limit.",Not published,Not applicable,Manufacturer statement,B-paht-cf-TDS,Solubility
Q00179,M048,G048-01,Chemical exposure,Resistance to Acid,Not resistant,"p. 3; concentration, duration and temperature not specified unless stated. Not a chemical design limit.",Not published,Not applicable,Manufacturer statement,B-paht-cf-TDS,Resistance to Acid
Q00180,M048,G048-01,Chemical exposure,Resistance to Alkali,Not resistant,"p. 3; concentration, duration and temperature not specified unless stated. Not a chemical design limit.",Not published,Not applicable,Manufacturer statement,B-paht-cf-TDS,Resistance to Alkali
Q00181,M048,G048-01,Chemical exposure,Resistance to Organic Solvent,Not resistant to some organic solvents,"p. 3; concentration, duration and temperature not specified unless stated. Not a chemical design limit.",Not published,Not applicable,Manufacturer statement,B-paht-cf-TDS,Resistance to Organic Solvent
Q00182,M048,G048-01,Chemical exposure,Resistance to Oil and Grease,Resistant to most kinds of oil and grease,"p. 3; concentration, duration and temperature not specified unless stated. Not a chemical design limit.",Not published,Not applicable,Manufacturer statement,B-paht-cf-TDS,Resistance to Oil and Grease
Q00183,M048,G048-01,Flammability,Flammability,Flammable,"p. 3; concentration, duration and temperature not specified unless stated. Not a chemical design limit.",Not published,Not applicable,Manufacturer statement,B-paht-cf-TDS,Flammability
Q00184,M048,G048-01,Post-processing,Test specimen preparation,All the specimens were annealed and dried at 80 °C for 12 h before testing,TDS specimen conditioning. Do not confuse with a general annealing schedule.,Not published,Not applicable,Manufacturer statement,B-paht-cf-TDS,Test specimen preparation
Q00185,M050,G050-01,Support / solubility,Solubility,Insoluble in water,"p. 3; concentration, duration and temperature not specified unless stated. Not a chemical design limit.",Not published,Not applicable,Manufacturer statement,B-pa6-cf-TDS,Solubility
Q00186,M050,G050-01,Chemical exposure,Resistance to Acid,Not resistant,"p. 3; concentration, duration and temperature not specified unless stated. Not a chemical design limit.",Not published,Not applicable,Manufacturer statement,B-pa6-cf-TDS,Resistance to Acid
Q00187,M050,G050-01,Chemical exposure,Resistance to Alkali,Not resistant,"p. 3; concentration, duration and temperature not specified unless stated. Not a chemical design limit.",Not published,Not applicable,Manufacturer statement,B-pa6-cf-TDS,Resistance to Alkali
Q00188,M050,G050-01,Chemical exposure,Resistance to Organic Solvent,Not resistant to some organic solvents,"p. 3; concentration, duration and temperature not specified unless stated. Not a chemical design limit.",Not published,Not applicable,Manufacturer statement,B-pa6-cf-TDS,Resistance to Organic Solvent
Q00189,M050,G050-01,Chemical exposure,Resistance to Oil and Grease,Resistant to most kinds of oil and grease,"p. 3; concentration, duration and temperature not specified unless stated. Not a chemical design limit.",Not published,Not applicable,Manufacturer statement,B-pa6-cf-TDS,Resistance to Oil and Grease
Q00190,M050,G050-01,Flammability,Flammability,Flammable,"p. 3; concentration, duration and temperature not specified unless stated. Not a chemical design limit.",Not published,Not applicable,Manufacturer statement,B-pa6-cf-TDS,Flammability
Q00191,M050,G050-01,Post-processing,Test specimen preparation,All the specimens were annealed and dried at 80 °C for 12 h before testing,TDS specimen conditioning. Do not confuse with a general annealing schedule.,Not published,Not applicable,Manufacturer statement,B-pa6-cf-TDS,Test specimen preparation
Q00192,M051,G051-01,Flammability,Flammability,Flammable,"p. 3; concentration, duration and temperature not specified unless stated. Not a chemical design limit.",Not published,Not applicable,Manufacturer statement,B-pa6-gf-TDS,Flammability
Q00193,M053,G053-02,Chemical exposure,Effect of weak acids,Not resistant,"p. 2; concentration, duration and temperature not specified unless stated. Not a chemical design limit.",Not published,Not applicable,Manufacturer statement,S-POLYCN-PolyMide-PA12-CF-TDS-V5-1-1,Effect of weak acids
Q00194,M053,G053-02,Chemical exposure,Effect of strong acids,Not resistant,"p. 2; concentration, duration and temperature not specified unless stated. Not a chemical design limit.",Not published,Not applicable,Manufacturer statement,S-POLYCN-PolyMide-PA12-CF-TDS-V5-1-1,Effect of strong acids
Q00195,M053,G053-02,Chemical exposure,Effect of weak alkalis,Slight resistant,"p. 2; concentration, duration and temperature not specified unless stated. Not a chemical design limit.",Not published,Not applicable,Manufacturer statement,S-POLYCN-PolyMide-PA12-CF-TDS-V5-1-1,Effect of weak alkalis
Q00196,M053,G053-02,Chemical exposure,Effect of strong alkalis,Not resistant,"p. 2; concentration, duration and temperature not specified unless stated. Not a chemical design limit.",Not published,Not applicable,Manufacturer statement,S-POLYCN-PolyMide-PA12-CF-TDS-V5-1-1,Effect of strong alkalis
Q00197,M053,G053-02,Chemical exposure,Effect of organic solvent,Not resistant,"p. 2; concentration, duration and temperature not specified unless stated. Not a chemical design limit.",Not published,Not applicable,Manufacturer statement,S-POLYCN-PolyMide-PA12-CF-TDS-V5-1-1,Effect of organic solvent
Q00198,M053,G053-02,Chemical exposure,Effect of oils and grease,Resistant,"p. 2; concentration, duration and temperature not specified unless stated. Not a chemical design limit.",Not published,Not applicable,Manufacturer statement,S-POLYCN-PolyMide-PA12-CF-TDS-V5-1-1,Effect of oils and grease
Q00199,M053,G053-02,Post-processing,Test specimen preparation,All specimens were annealed at 80˚C for 24h and dried for 48h prior to testing,TDS specimen conditioning. Do not confuse with a general annealing schedule.,Not published,Not applicable,Manufacturer statement,S-POLYCN-PolyMide-PA12-CF-TDS-V5-1-1,Test specimen preparation
Q00200,M057,G057-01,Chemical exposure,Effect of weak acids,Not resistant,"p. 2; concentration, duration and temperature not specified unless stated. Not a chemical design limit.",Not published,Not applicable,Manufacturer statement,S-POLYCN-PolyMide-CoPA-TDS-V5-2,Effect of weak acids
Q00201,M057,G057-01,Chemical exposure,Effect of strong acids,Not resistant,"p. 2; concentration, duration and temperature not specified unless stated. Not a chemical design limit.",Not published,Not applicable,Manufacturer statement,S-POLYCN-PolyMide-CoPA-TDS-V5-2,Effect of strong acids
Q00202,M057,G057-01,Chemical exposure,Effect of weak alkalis,Slight resistant,"p. 2; concentration, duration and temperature not specified unless stated. Not a chemical design limit.",Not published,Not applicable,Manufacturer statement,S-POLYCN-PolyMide-CoPA-TDS-V5-2,Effect of weak alkalis
Q00203,M057,G057-01,Chemical exposure,Effect of strong alkalis,Not resistant,"p. 2; concentration, duration and temperature not specified unless stated. Not a chemical design limit.",Not published,Not applicable,Manufacturer statement,S-POLYCN-PolyMide-CoPA-TDS-V5-2,Effect of strong alkalis
Q00204,M057,G057-01,Chemical exposure,Effect of organic solvent,Not resistant,"p. 2; concentration, duration and temperature not specified unless stated. Not a chemical design limit.",Not published,Not applicable,Manufacturer statement,S-POLYCN-PolyMide-CoPA-TDS-V5-2,Effect of organic solvent
Q00205,M057,G057-01,Chemical exposure,Effect of oils and grease,Resistant,"p. 2; concentration, duration and temperature not specified unless stated. Not a chemical design limit.",Not published,Not applicable,Manufacturer statement,S-POLYCN-PolyMide-CoPA-TDS-V5-2,Effect of oils and grease
Q00206,M057,G057-01,Post-processing,Test specimen preparation,All specimens were annealed at 80˚C for 30min and dried for 48h prior to testing,TDS specimen conditioning. Do not confuse with a general annealing schedule.,Not published,Not applicable,Manufacturer statement,S-POLYCN-PolyMide-CoPA-TDS-V5-2,Test specimen preparation
Q00207,M059,G059-01,Post-processing,Test specimen preparation,"All specimens were annealed at 100°C for 16h, and immerged in water at 60°C for 48h prior to testing",TDS specimen conditioning. Do not confuse with a general annealing schedule.,Not published,Not applicable,Manufacturer statement,S-FIBER-PA612,Test specimen preparation
Q00208,M061,G061-01,Chemical exposure,Effect of weak acids,Not resistant,"p. 2; concentration, duration and temperature not specified unless stated. Not a chemical design limit.",Not published,Not applicable,Retired duplicate record,S-POLYCN-PolyMide-CoPA-TDS-V5-2,Effect of weak acids
Q00209,M061,G061-01,Chemical exposure,Effect of strong acids,Not resistant,"p. 2; concentration, duration and temperature not specified unless stated. Not a chemical design limit.",Not published,Not applicable,Retired duplicate record,S-POLYCN-PolyMide-CoPA-TDS-V5-2,Effect of strong acids
Q00210,M061,G061-01,Chemical exposure,Effect of weak alkalis,Slight resistant,"p. 2; concentration, duration and temperature not specified unless stated. Not a chemical design limit.",Not published,Not applicable,Retired duplicate record,S-POLYCN-PolyMide-CoPA-TDS-V5-2,Effect of weak alkalis
Q00211,M061,G061-01,Chemical exposure,Effect of strong alkalis,Not resistant,"p. 2; concentration, duration and temperature not specified unless stated. Not a chemical design limit.",Not published,Not applicable,Retired duplicate record,S-POLYCN-PolyMide-CoPA-TDS-V5-2,Effect of strong alkalis
Q00212,M061,G061-01,Chemical exposure,Effect of organic solvent,Not resistant,"p. 2; concentration, duration and temperature not specified unless stated. Not a chemical design limit.",Not published,Not applicable,Retired duplicate record,S-POLYCN-PolyMide-CoPA-TDS-V5-2,Effect of organic solvent
Q00213,M061,G061-01,Chemical exposure,Effect of oils and grease,Resistant,"p. 2; concentration, duration and temperature not specified unless stated. Not a chemical design limit.",Not published,Not applicable,Retired duplicate record,S-POLYCN-PolyMide-CoPA-TDS-V5-2,Effect of oils and grease
Q00214,M061,G061-01,Post-processing,Test specimen preparation,All specimens were annealed at 80˚C for 30min and dried for 48h prior to testing,TDS specimen conditioning. Do not confuse with a general annealing schedule.,Not published,Not applicable,Retired duplicate record,S-POLYCN-PolyMide-CoPA-TDS-V5-2,Test specimen preparation
Q00215,M062,G062-02,Post-processing,Test specimen preparation,"All specimens were annealed at 100°C for 16h, and immerged in water at 60°C for 48h prior to testing",TDS specimen conditioning. Do not confuse with a general annealing schedule.,Not published,Not applicable,Retired duplicate record,S-FIBER-PA612,Test specimen preparation
Q00216,M051,G051-03,Chemical exposure,Effect of weak acids,Not resistant,"p. 2; concentration, duration and temperature not specified unless stated. Not a chemical design limit.",Not published,Not applicable,Manufacturer statement,S-POLYCN-PolyMide-PA6-GF-TDS-V5-1,Effect of weak acids
Q00217,M051,G051-03,Chemical exposure,Effect of strong acids,Not resistant,"p. 2; concentration, duration and temperature not specified unless stated. Not a chemical design limit.",Not published,Not applicable,Manufacturer statement,S-POLYCN-PolyMide-PA6-GF-TDS-V5-1,Effect of strong acids
Q00218,M051,G051-03,Chemical exposure,Effect of weak alkalis,Slight resistant,"p. 2; concentration, duration and temperature not specified unless stated. Not a chemical design limit.",Not published,Not applicable,Manufacturer statement,S-POLYCN-PolyMide-PA6-GF-TDS-V5-1,Effect of weak alkalis
Q00219,M051,G051-03,Chemical exposure,Effect of strong alkalis,Not resistant,"p. 2; concentration, duration and temperature not specified unless stated. Not a chemical design limit.",Not published,Not applicable,Manufacturer statement,S-POLYCN-PolyMide-PA6-GF-TDS-V5-1,Effect of strong alkalis
Q00220,M051,G051-03,Chemical exposure,Effect of organic solvent,Not resistant,"p. 2; concentration, duration and temperature not specified unless stated. Not a chemical design limit.",Not published,Not applicable,Manufacturer statement,S-POLYCN-PolyMide-PA6-GF-TDS-V5-1,Effect of organic solvent
Q00221,M051,G051-03,Chemical exposure,Effect of oils and grease,Resistant,"p. 2; concentration, duration and temperature not specified unless stated. Not a chemical design limit.",Not published,Not applicable,Manufacturer statement,S-POLYCN-PolyMide-PA6-GF-TDS-V5-1,Effect of oils and grease
Q00222,M051,G051-03,Post-processing,Test specimen preparation,All specimens were annealed at 80˚C for 6h and dried for 48h prior to testing,TDS specimen conditioning. Do not confuse with a general annealing schedule.,Not published,Not applicable,Manufacturer statement,S-POLYCN-PolyMide-PA6-GF-TDS-V5-1,Test specimen preparation
Q00223,M064,G064-02,Post-processing,Test specimen preparation,"All specimens were annealed at 100°C for 16h, and immerged in water at 60°C for 48h prior to testing",TDS specimen conditioning. Do not confuse with a general annealing schedule.,Not published,Not applicable,Retired duplicate record,S-POLYCN-TDS-FIBERON-PA612-ESD-V1-0-EN-1,Test specimen preparation
Q00224,M065,G065-01,Post-processing,Test specimen preparation,"All specimens were annealed at 100°C for 16h, and immerged in water at 60°C for 48h prior to testing",TDS specimen conditioning. Do not confuse with a general annealing schedule.,Not published,Not applicable,Manufacturer statement,S-POLYCN-TDS-FIBERON-PA612-ESD-V1-0-EN-1,Test specimen preparation
Q00225,M067,G067-01,Flammability,Flammability,Flammable,"p. 3; concentration, duration and temperature not specified unless stated. Not a chemical design limit.",Not published,Not applicable,Manufacturer statement,B-pet-cf-TDS,Flammability
Q00226,M070,G070-01,Support / solubility,Solubility,Insoluble in water,"p. 3; concentration, duration and temperature not specified unless stated. Not a chemical design limit.",Not published,Not applicable,Manufacturer statement,B-ppa-cf-TDS,Solubility
Q00227,M070,G070-01,Chemical exposure,Resistance to Acid,"Better than general Nylon; resistant to weak acids, but","p. 3; concentration, duration and temperature not specified unless stated. Not a chemical design limit.",Not published,Not applicable,Manufacturer statement,B-ppa-cf-TDS,Resistance to Acid
Q00228,M070,G070-01,Chemical exposure,Resistance to Alkali,"Better than general Nylon; resistant to weak alkalis, but","p. 3; concentration, duration and temperature not specified unless stated. Not a chemical design limit.",Not published,Not applicable,Manufacturer statement,B-ppa-cf-TDS,Resistance to Alkali
Q00229,M070,G070-01,Chemical exposure,Resistance to Organic Solvent,Better than general Nylon; resistant to most kinds of,"p. 3; concentration, duration and temperature not specified unless stated. Not a chemical design limit.",Not published,Not applicable,Manufacturer statement,B-ppa-cf-TDS,Resistance to Organic Solvent
Q00230,M070,G070-01,Chemical exposure,Resistance to Oil and Grease,Better than general Nylon; resistant to most kinds of oil,"p. 3; concentration, duration and temperature not specified unless stated. Not a chemical design limit.",Not published,Not applicable,Manufacturer statement,B-ppa-cf-TDS,Resistance to Oil and Grease
Q00231,M070,G070-01,Flammability,Flammability,Flammable,"p. 3; concentration, duration and temperature not specified unless stated. Not a chemical design limit.",Not published,Not applicable,Manufacturer statement,B-ppa-cf-TDS,Flammability
Q00232,M070,G070-01,Post-processing,Test specimen preparation,All the specimens were not annealed before testing,TDS specimen conditioning. Do not confuse with a general annealing schedule.,Not published,Not applicable,Manufacturer statement,B-ppa-cf-TDS,Test specimen preparation
Q00233,M073,G073-01,Post-processing,Test specimen preparation,All the specimens were not annealed before testing,TDS specimen conditioning. Do not confuse with a general annealing schedule.,Not published,Not applicable,Manufacturer statement,B-pps-cf-TDS,Test specimen preparation
Q00234,M075,G075-01,Flammability,Flammability,Flammable,"p. 3; concentration, duration and temperature not specified unless stated. Not a chemical design limit.",Not published,Not applicable,Manufacturer statement,B-pva-TDS,Flammability
Q00235,M078,G078-01,Flammability,Flammability,Flammable,"p. 3; concentration, duration and temperature not specified unless stated. Not a chemical design limit.",Not published,Not applicable,Manufacturer statement,B-support-for-pla-petg-TDS,Flammability
Q00236,M079,G079-01,Support / solubility,Solubility,Insoluble in water,"p. 3; concentration, duration and temperature not specified unless stated. Not a chemical design limit.",Not published,Not applicable,Manufacturer statement,B-support-for-abs-TDS,Solubility
Q00237,M079,G079-01,Chemical exposure,Resistance to Acid,Not resistant,"p. 3; concentration, duration and temperature not specified unless stated. Not a chemical design limit.",Not published,Not applicable,Manufacturer statement,B-support-for-abs-TDS,Resistance to Acid
Q00238,M079,G079-01,Chemical exposure,Resistance to Alkali,Not resistant,"p. 3; concentration, duration and temperature not specified unless stated. Not a chemical design limit.",Not published,Not applicable,Manufacturer statement,B-support-for-abs-TDS,Resistance to Alkali
Q00239,M079,G079-01,Chemical exposure,Resistance to Organic Solvent,Not resistant to some organic solvents,"p. 3; concentration, duration and temperature not specified unless stated. Not a chemical design limit.",Not published,Not applicable,Manufacturer statement,B-support-for-abs-TDS,Resistance to Organic Solvent
Q00240,M079,G079-01,Chemical exposure,Resistance to Oil and Grease,Resistant to most kinds of oil and grease,"p. 3; concentration, duration and temperature not specified unless stated. Not a chemical design limit.",Not published,Not applicable,Manufacturer statement,B-support-for-abs-TDS,Resistance to Oil and Grease
Q00241,M079,G079-01,Flammability,Flammability,Flammable,"p. 3; concentration, duration and temperature not specified unless stated. Not a chemical design limit.",Not published,Not applicable,Manufacturer statement,B-support-for-abs-TDS,Flammability
Q00242,M094,G094-02,Chemical exposure,Effect of weak acids,Not resistant,"p. 2; concentration, duration and temperature not specified unless stated. Not a chemical design limit.",Not published,Not applicable,Manufacturer statement,S-POLYCN-Polymaker-PC-ABS-TDS-V5-1,Effect of weak acids
Q00243,M094,G094-02,Chemical exposure,Effect of strong acids,Not resistant,"p. 2; concentration, duration and temperature not specified unless stated. Not a chemical design limit.",Not published,Not applicable,Manufacturer statement,S-POLYCN-Polymaker-PC-ABS-TDS-V5-1,Effect of strong acids
Q00244,M094,G094-02,Chemical exposure,Effect of weak alkalis,Slight resistant,"p. 2; concentration, duration and temperature not specified unless stated. Not a chemical design limit.",Not published,Not applicable,Manufacturer statement,S-POLYCN-Polymaker-PC-ABS-TDS-V5-1,Effect of weak alkalis
Q00245,M094,G094-02,Chemical exposure,Effect of strong alkalis,Not resistant,"p. 2; concentration, duration and temperature not specified unless stated. Not a chemical design limit.",Not published,Not applicable,Manufacturer statement,S-POLYCN-Polymaker-PC-ABS-TDS-V5-1,Effect of strong alkalis
Q00246,M094,G094-02,Chemical exposure,Effect of organic solvent,Not resistant,"p. 2; concentration, duration and temperature not specified unless stated. Not a chemical design limit.",Not published,Not applicable,Manufacturer statement,S-POLYCN-Polymaker-PC-ABS-TDS-V5-1,Effect of organic solvent
Q00247,M094,G094-02,Chemical exposure,Effect of oils and grease,No data available,"p. 2; concentration, duration and temperature not specified unless stated. Not a chemical design limit.",Not published,Not applicable,Manufacturer statement,S-POLYCN-Polymaker-PC-ABS-TDS-V5-1,Effect of oils and grease
Q00248,M095,G095-01,Chemical exposure,Effect of weak acids,Resistance,"p. 2; concentration, duration and temperature not specified unless stated. Not a chemical design limit.",Not published,Not applicable,Manufacturer statement,S-POLYCN-Polymaker-PC-PBT-TDS-V5-1,Effect of weak acids
Q00249,M095,G095-01,Chemical exposure,Effect of strong acids,Resistance,"p. 2; concentration, duration and temperature not specified unless stated. Not a chemical design limit.",Not published,Not applicable,Manufacturer statement,S-POLYCN-Polymaker-PC-PBT-TDS-V5-1,Effect of strong acids
Q00250,M095,G095-01,Chemical exposure,Effect of weak alkalis,Slight resistant,"p. 2; concentration, duration and temperature not specified unless stated. Not a chemical design limit.",Not published,Not applicable,Manufacturer statement,S-POLYCN-Polymaker-PC-PBT-TDS-V5-1,Effect of weak alkalis
Q00251,M095,G095-01,Chemical exposure,Effect of strong alkalis,Not resistant,"p. 2; concentration, duration and temperature not specified unless stated. Not a chemical design limit.",Not published,Not applicable,Manufacturer statement,S-POLYCN-Polymaker-PC-PBT-TDS-V5-1,Effect of strong alkalis
Q00252,M095,G095-01,Chemical exposure,Effect of organic solvent,Not resistant,"p. 2; concentration, duration and temperature not specified unless stated. Not a chemical design limit.",Not published,Not applicable,Manufacturer statement,S-POLYCN-Polymaker-PC-PBT-TDS-V5-1,Effect of organic solvent
Q00253,M095,G095-01,Chemical exposure,Effect of oils and grease,No data available,"p. 2; concentration, duration and temperature not specified unless stated. Not a chemical design limit.",Not published,Not applicable,Manufacturer statement,S-POLYCN-Polymaker-PC-PBT-TDS-V5-1,Effect of oils and grease
Q00254,M068,G068-01,Application,Industrial uses,"Automotive components, electronic housings, jigs and fixtures are manufacturer-proposed applications. No design allowable is supplied.",Exact PET-GF grade; product description,Not published,Not applicable,Manufacturer statement,D-FLASH-PETGF,Industrial uses
Q00255,M090,G090-01,Application,Application,Electrical/electronic components and wear-loaded parts are proposed; long-term load claims have no published creep curve.,Not published,Not published,Not applicable,Manufacturer statement,S-CPECF,Application
Q00256,M090,G090-01,Certification,Food contact,Manufacturer does not recommend food-contact use.,Not published,Not published,Not applicable,Manufacturer statement,S-CPECF,Food contact
Q00257,M090,G090-01,Chemical exposure,Chemical exposure,"Acids, alkalis and alcohols: good resistance at25°C. Water, acetone, oils, greases, car fluids and ozone: medium to low at25°C. Concentrations and durations not specified.",Not published,Not published,Not applicable,Manufacturer statement,S-CPECF,Chemical exposure
Q00258,M086,G086-01,Chemical exposure,Acetone,No appearance change; mechanical properties retained. Source rating ++.,24h immersion; temperature unspecified except ethanol60°C. No numerical retention percentage.,Not published,Not applicable,Manufacturer statement,X-EVOLV3D-OBC-TDS,Acetone
Q00259,M086,G086-01,Chemical exposure,Ethanol,No appearance change; mechanical properties retained. Source rating ++.,24h immersion; temperature unspecified except ethanol60°C. No numerical retention percentage.,Not published,Not applicable,Manufacturer statement,X-EVOLV3D-OBC-TDS,Ethanol
Q00260,M086,G086-01,Chemical exposure,Ethanol (60°C),No appearance change; mechanical properties retained. Source rating ++.,24h immersion; temperature unspecified except ethanol60°C. No numerical retention percentage.,Not published,Not applicable,Manufacturer statement,X-EVOLV3D-OBC-TDS,Ethanol (60°C)
Q00261,M086,G086-01,Chemical exposure,Isopropanol,No appearance change; mechanical properties retained. Source rating ++.,24h immersion; temperature unspecified except ethanol60°C. No numerical retention percentage.,Not published,Not applicable,Manufacturer statement,X-EVOLV3D-OBC-TDS,Isopropanol
Q00262,M086,G086-01,Chemical exposure,Limonene,Little/no appearance change; slight mechanical-property decrease. Source rating +.,24h immersion; temperature unspecified except ethanol60°C. No numerical retention percentage.,Not published,Not applicable,Manufacturer statement,X-EVOLV3D-OBC-TDS,Limonene
Q00263,M086,G086-01,Chemical exposure,Methanol,No appearance change; mechanical properties retained. Source rating ++.,24h immersion; temperature unspecified except ethanol60°C. No numerical retention percentage.,Not published,Not applicable,Manufacturer statement,X-EVOLV3D-OBC-TDS,Methanol
Q00264,M086,G086-01,Chemical exposure,Methyl ethyl ketone,Little/no appearance change; slight mechanical-property decrease. Source rating +.,24h immersion; temperature unspecified except ethanol60°C. No numerical retention percentage.,Not published,Not applicable,Manufacturer statement,X-EVOLV3D-OBC-TDS,Methyl ethyl ketone
Q00265,M086,G086-01,Chemical exposure,Petroleum,Little/no appearance change; slight mechanical-property decrease. Source rating +.,24h immersion; temperature unspecified except ethanol60°C. No numerical retention percentage.,Not published,Not applicable,Manufacturer statement,X-EVOLV3D-OBC-TDS,Petroleum
Q00266,M086,G086-01,Chemical exposure,Propylene glycol,No appearance change; mechanical properties retained. Source rating ++.,24h immersion; temperature unspecified except ethanol60°C. No numerical retention percentage.,Not published,Not applicable,Manufacturer statement,X-EVOLV3D-OBC-TDS,Propylene glycol
Q00267,M086,G086-01,Chemical exposure,Acetic acid80%,No appearance change; mechanical properties retained. Source rating ++.,24h immersion; temperature unspecified except ethanol60°C. No numerical retention percentage.,Not published,Not applicable,Manufacturer statement,X-EVOLV3D-OBC-TDS,Acetic acid80%
Q00268,M086,G086-01,Chemical exposure,Nitric acid10%,No appearance change; mechanical properties retained. Source rating ++.,24h immersion; temperature unspecified except ethanol60°C. No numerical retention percentage.,Not published,Not applicable,Manufacturer statement,X-EVOLV3D-OBC-TDS,Nitric acid10%
Q00269,M086,G086-01,Chemical exposure,Phosphoric acid40%,No appearance change; mechanical properties retained. Source rating ++.,24h immersion; temperature unspecified except ethanol60°C. No numerical retention percentage.,Not published,Not applicable,Manufacturer statement,X-EVOLV3D-OBC-TDS,Phosphoric acid40%
Q00270,M086,G086-01,Chemical exposure,Sulfuric acid70%,No appearance change; mechanical properties retained. Source rating ++.,24h immersion; temperature unspecified except ethanol60°C. No numerical retention percentage.,Not published,Not applicable,Manufacturer statement,X-EVOLV3D-OBC-TDS,Sulfuric acid70%
Q00271,M001,Not applicable,Application,Best uses,Detailed display models and early prototypes; low-load indoor parts.,"Family-level printer guidance, not a grade-specific measured property.",Not published,Not applicable,Manufacturer statement,PR-pla,Best uses
Q00272,M001,Not applicable,Limitations,Avoid when,"Repeated impact, outdoor exposure or elevated service temperature governs.","Family-level printer guidance, not a grade-specific measured property.",Not published,Not applicable,Manufacturer statement,PR-pla,Avoid when
Q00273,M001,Not applicable,Print quality,Difficulty,Low printing difficulty; limited warping and good small-feature reproduction.,"Family-level printer guidance, not a grade-specific measured property.",Not published,Not applicable,Manufacturer statement,PR-pla,Difficulty
Q00274,M001,Not applicable,Post-processing,Sanding / bonding,Wet sanding reduces heat damage. Cyanoacrylate bonding is feasible; routine solvent smoothing is unsuitable.,"Family-level printer guidance, not a grade-specific measured property.",Not published,Not applicable,Manufacturer statement,PR-pla,Sanding / bonding
Q00275,M001,Not applicable,Environmental,UV / heat,UV exposure and heat can degrade performance; unmodified PLA is not a weathering-grade default.,"Family-level printer guidance, not a grade-specific measured property.",Not published,Not applicable,Manufacturer statement,PR-pla,UV / heat
Q00276,M001,Not applicable,Circularity,Disposal,Industrial compostability does not imply breakdown in home compost.,"Family-level printer guidance, not a grade-specific measured property.",Not published,Not applicable,Manufacturer statement,PR-pla,Disposal
Q00277,M001,Not applicable,Certification,Food contact,Polymer-level food-contact statements do not certify a printed article or its cleanability.,"Family-level printer guidance, not a grade-specific measured property.",Not published,Not applicable,Manufacturer statement,PR-pla,Food contact
Q00278,M020,Not applicable,Application,Best uses,"Holders, brackets and general functional parts; favourable interlayer bonding.","Family-level printer guidance, not a grade-specific measured property.",Not published,Not applicable,Manufacturer statement,PR-petg,Best uses
Q00279,M020,Not applicable,Print quality,Finish / detail,Glossy appearance and low warping; fine detail and support release are less favourable than PLA.,"Family-level printer guidance, not a grade-specific measured property.",Not published,Not applicable,Manufacturer statement,PR-petg,Finish / detail
Q00280,M020,Not applicable,Post-processing,Support / adhesion,Use a release layer where recommended to protect smooth PEI. Strong self-support adhesion complicates removal.,"Family-level printer guidance, not a grade-specific measured property.",Not published,Not applicable,Manufacturer statement,PR-petg,Support / adhesion
Q00281,M020,Not applicable,Print quality,Cooling / stringing,Tune cooling and retraction for stringing and detail; cooling can trade against interlayer bonding.,"Family-level printer guidance, not a grade-specific measured property.",Not published,Not applicable,Manufacturer statement,PR-petg,Cooling / stringing
Q00282,M027,Not applicable,Application,Best uses,Economical technical housings and parts that benefit from acetone finishing.,"Family-level printer guidance, not a grade-specific measured property.",Not published,Not applicable,Manufacturer statement,PR-abs,Best uses
Q00283,M027,Not applicable,Environmental,UV,Long outdoor exposure can cause yellowing and embrittlement.,"Family-level printer guidance, not a grade-specific measured property.",Not published,Not applicable,Manufacturer statement,PR-abs,UV
Q00284,M027,Not applicable,Print quality,Warping / emissions,Large thermal gradients cause warping; heated enclosure and emission control matter.,"Family-level printer guidance, not a grade-specific measured property.",Not published,Not applicable,Manufacturer statement,PR-abs,Warping / emissions
Q00285,M027,Not applicable,Post-processing,Vapour smoothing,Acetone smoothing is possible; solvent handling and dimensional changes require control.,"Family-level printer guidance, not a grade-specific measured property.",Not published,Not applicable,Manufacturer statement,PR-abs,Vapour smoothing
Q00286,M031,Not applicable,Application,Best uses,"Weather-exposed covers, brackets and outdoor technical components.","Family-level printer guidance, not a grade-specific measured property.",Not published,Not applicable,Manufacturer statement,PR-asa,Best uses
Q00287,M031,Not applicable,Environmental,UV / weather,Better UV durability than ABS; no universal outdoor service-life guarantee.,"Family-level printer guidance, not a grade-specific measured property.",Not published,Not applicable,Manufacturer statement,PR-asa,UV / weather
Q00288,M031,Not applicable,Print quality,Warping / detail,Enclosure helps warping; source describes good detail and little stringing.,"Family-level printer guidance, not a grade-specific measured property.",Not published,Not applicable,Manufacturer statement,PR-asa,Warping / detail
Q00289,M031,Not applicable,Post-processing,Machining / finishing,"Sanding, cutting and acetone bonding are feasible. Vapour smoothing rounds edges and loses detail.","Family-level printer guidance, not a grade-specific measured property.",Not published,Not applicable,Manufacturer statement,PR-asa,Machining / finishing
Q00290,M035,Not applicable,Application,Best uses,Heat-resistant technical components requiring stiffness and mechanical durability.,"Family-level printer guidance, not a grade-specific measured property.",Not published,Not applicable,Manufacturer statement,PR-polycarbonate-pc,Best uses
Q00291,M035,Not applicable,Environmental,Moisture,Pure PC is moisture-sensitive; modified grades can behave differently.,"Family-level printer guidance, not a grade-specific measured property.",Not published,Not applicable,Manufacturer statement,PR-polycarbonate-pc,Moisture
Q00292,M035,Not applicable,Print quality,Warping / bed,"Warping increases with large, dense geometries. Confirm surface and glue-release requirements.","Family-level printer guidance, not a grade-specific measured property.",Not published,Not applicable,Manufacturer statement,PR-polycarbonate-pc,Warping / bed
Q00293,M035,Not applicable,Limitations,Grade distinction,PC blends are not equivalent to pure PC. Do not transfer a blend profile to another formulation.,"Family-level printer guidance, not a grade-specific measured property.",Not published,Not applicable,Manufacturer statement,PR-polycarbonate-pc,Grade distinction
Q00294,M039,Not applicable,Application,Best uses,"Compliant pads, protective sleeves, seals and flexible components; geometry strongly affects compliance.","Family-level printer guidance, not a grade-specific measured property.",Not published,Not applicable,Manufacturer statement,PR-flexible-materials,Best uses
Q00295,M039,Not applicable,Print quality,Feed / overhangs,Soft filament is difficult to feed; overhangs and bridges are weak points.,"Family-level printer guidance, not a grade-specific measured property.",Not published,Not applicable,Manufacturer statement,PR-flexible-materials,Feed / overhangs
Q00296,M039,Not applicable,Post-processing,Support removal,Self-supports can bond strongly and become difficult to remove.,"Family-level printer guidance, not a grade-specific measured property.",Not published,Not applicable,Manufacturer statement,PR-flexible-materials,Support removal
Q00297,M039,Not applicable,Environmental,Moisture,Dry before and during printing as required; wet filament degrades print quality.,"Family-level printer guidance, not a grade-specific measured property.",Not published,Not applicable,Manufacturer statement,PR-flexible-materials,Moisture
Q00298,M047,Not applicable,Application,Best uses,"Wear-resistant technical parts, resilient components and functional mechanisms.","Family-level printer guidance, not a grade-specific measured property.",Not published,Not applicable,Manufacturer statement,PR-polyamide-nylon,Best uses
Q00299,M047,Not applicable,Environmental,Moisture / dimensions,Moisture uptake affects printing and service behaviour; qualify at the intended conditioning state.,"Family-level printer guidance, not a grade-specific measured property.",Not published,Not applicable,Manufacturer statement,PR-polyamide-nylon,Moisture / dimensions
Q00300,M047,Not applicable,Print quality,Warping,Unfilled nylon can warp substantially; filled grades require separate processing validation.,"Family-level printer guidance, not a grade-specific measured property.",Not published,Not applicable,Manufacturer statement,PR-polyamide-nylon,Warping
Q00301,M089,Not applicable,Application,Best uses,Functional copolyester parts requiring chemical and mechanical durability.,"Family-level printer guidance, not a grade-specific measured property.",Not published,Not applicable,Manufacturer statement,PR-cpe,Best uses
Q00302,M089,Not applicable,Print quality,Bed / warping,Lower warping than ABS. Smooth PEI can need a release layer.,"Family-level printer guidance, not a grade-specific measured property.",Not published,Not applicable,Manufacturer statement,PR-cpe,Bed / warping
Q00303,M089,Not applicable,Environmental,Moisture,Hygroscopic; drying and storage remain important.,"Family-level printer guidance, not a grade-specific measured property.",Not published,Not applicable,Manufacturer statement,PR-cpe,Moisture
Q00304,M082,Not applicable,Application,Best uses,Low-density parts and chemically exposed prototypes; verify exact exposure.,"Family-level printer guidance, not a grade-specific measured property.",Not published,Not applicable,Manufacturer statement,PR-polypropylene-pp,Best uses
Q00305,M082,Not applicable,Print quality,Warping / adhesion,"Unfilled PP has difficult bed adhesion and substantial warping, especially in large prints.","Family-level printer guidance, not a grade-specific measured property.",Not published,Not applicable,Manufacturer statement,PR-polypropylene-pp,Warping / adhesion
Q00306,M082,Not applicable,Limitations,Filled grades,"Fibre filling may reduce warping, but does not establish universal strength or fatigue improvement.","Family-level printer guidance, not a grade-specific measured property.",Not published,Not applicable,Manufacturer statement,PR-polypropylene-pp,Filled grades
Q00307,M081,Not applicable,Support / solubility,Limonene support,HIPS dissolves in d-limonene. Long solvent exposure can also attack ABS/ASA models.,"Family-level printer guidance, not a grade-specific measured property.",Not published,Not applicable,Manufacturer statement,PR-hips,Limonene support
Q00308,M081,Not applicable,Application,Best uses,Support interfaces and low-cost styrenic prototypes after checking the model/solvent pair.,"Family-level printer guidance, not a grade-specific measured property.",Not published,Not applicable,Manufacturer statement,PR-hips,Best uses
Q00309,M081,Not applicable,Limitations,Support conflict,Do not assume the common ABS/HIPS pairing permits unlimited soaking; test short exposures and mechanical removal.,"Family-level printer guidance, not a grade-specific measured property.",Not published,Not applicable,Manufacturer statement,PR-hips,Support conflict
Q00310,M075,Not applicable,Support / solubility,Water removal,Water-soluble supports allow access to complex internal geometries.,"Family-level printer guidance, not a grade-specific measured property.",Not published,Not applicable,Manufacturer statement,PR-water-soluble-bvoh-pva,Water removal
Q00311,M075,Not applicable,Environmental,Moisture,Very hygroscopic; moisture control and drying are essential.,"Family-level printer guidance, not a grade-specific measured property.",Not published,Not applicable,Manufacturer statement,PR-water-soluble-bvoh-pva,Moisture
Q00312,M075,Not applicable,Limitations,Contamination,Residual model polymer can prevent complete dissolution. H2C route rules take precedence over generic printer advice.,"Family-level printer guidance, not a grade-specific measured property.",Not published,Not applicable,Manufacturer statement,PR-water-soluble-bvoh-pva,Contamination
Q00313,M093,Not applicable,Application,Best uses,"Decorative translucent pieces, vases and lampshades.","Family-level printer guidance, not a grade-specific measured property.",Not published,Not applicable,Manufacturer statement,PR-pvb,Best uses
Q00314,M093,Not applicable,Post-processing,Smoothing,Alcohol-based smoothing is possible; validate dimensional loss and solvent handling.,"Family-level printer guidance, not a grade-specific measured property.",Not published,Not applicable,Manufacturer statement,PR-pvb,Smoothing
Q00315,M093,Not applicable,Environmental,Moisture,Highly moisture-sensitive filament; keep dry.,"Family-level printer guidance, not a grade-specific measured property.",Not published,Not applicable,Manufacturer statement,PR-pvb,Moisture
Q00316,M092,Not applicable,Application,Best uses,General copolyester functional parts and decorative translucent items.,"Family-level printer guidance, not a grade-specific measured property.",Not published,Not applicable,Manufacturer statement,PR-ngen,Best uses
Q00317,M092,Not applicable,Print quality,Bed,Use a suitable sheet or separation layer; do not equate filament diameter tolerance with part accuracy.,"Family-level printer guidance, not a grade-specific measured property.",Not published,Not applicable,Manufacturer statement,PR-ngen,Bed
Q00318,M001,Not applicable,Creep,Shared selection principle,"Short-term modulus is not a long-term design modulus. Use time-, temperature- and stress-dependent creep or relaxation data for the intended fabrication and conditioning state.",Applies to all polymer entries; qualitative design context only.,Not published,Not applicable,Selection interpretation,LOCAL-CREEP,Shared selection principle
Q00319,M019,Not applicable,Fatigue,Shared reinforced-polymer principle,"Fibre reinforcement does not guarantee improved fatigue life. Matrix damage, fibre alignment, moisture and cyclic heating can govern endurance.",Applies to reinforced entries; not an FDM fatigue allowable.,Not published,Not applicable,Selection interpretation,LOCAL-FATIGUE,Shared reinforced-polymer principle
Q00320,M001,Not applicable,Safety,Shared emissions precaution,Material extrusion can release particles and volatile compounds. Assess ventilation and source capture; low odour does not establish low exposure. Protect against hot surfaces and machining dust.,All entries. Consult the exact grade SDS and workplace assessment.,Not published,Not applicable,Manufacturer statement,NIOSH-2019,Shared emissions precaution
Q00321,M087,G087-01,Application,Application,Low-friction gears and snap-fits are proposed applications.,Not published,Not published,Not applicable,Manufacturer statement,S-POM,Application
Q00322,M087,G087-01,Environmental,Environmental,"Low moisture uptake, but poor weathering durability is stated.",Not published,Not published,Not applicable,Manufacturer statement,S-POM,Environmental
Q00323,M087,G087-01,Chemical exposure,Chemical exposure,"Dilute acids above pH 4, dilute bases, oils and alcohols are described as resistant; concentrated acids, hydrofluoric acid and oxidizers are not. Exposure duration and temperature are unspecified.",Not published,Not published,Not applicable,Manufacturer statement,S-POM,Chemical exposure
Q00324,M052,G052-01,Environmental,Environmental,Manufacturer describes lower water uptake than PA6 and good dimensional stability.,Not published,Not published,Not applicable,Manufacturer statement,S-PA12,Environmental
Q00325,M052,G052-01,Chemical exposure,Chemical exposure,"Resistance to ethers, esters and many bases is claimed without exposure conditions.",Not published,Not published,Not applicable,Manufacturer statement,S-PA12,Chemical exposure
Q00326,M052,G052-01,Application,Application,"Unfilled, resilient nylon parts when fibre reinforcement is unnecessary.",Not published,Not published,Not applicable,Manufacturer statement,S-PA12,Application
Q00327,M069,G069-01,Application,Application,Heat- and moisture-exposed insulating or wear components are proposed.,Not published,Not published,Not applicable,Manufacturer statement,S-PPA-TDS,Application
Q00328,M069,G069-01,Post-processing,Post-processing,"Long-term heat claim of 120°C is tied to annealing, not a universal as-printed limit.",Not published,Not published,Not applicable,Manufacturer statement,S-PPA-TDS,Post-processing
Q00329,M071,G071-01,Application,Application,"Insulating parts for machinery, electronics and automotive temperature exposure.",Not published,Not published,Not applicable,Manufacturer statement,D-IPCON-PPA,Application
Q00330,M071,G071-01,Creep,Creep,Creep resistance is qualitative; no creep curve or specified long-term allowable supplied.,Not published,Not published,Not applicable,Manufacturer statement,D-IPCON-PPA,Creep
Q00331,M038,G038-01,Environmental,Environmental,Store sealed; source specifies drying at 90-100°C for 6-8 h when wet.,Not published,Not published,Not applicable,Manufacturer statement,S-PCGF-TDS-1,Environmental
Q00332,M038,G038-01,Print quality,Print quality,"Hardened nozzle recommended. Reduced warping is a vendor claim, not a calibrated part tolerance.",Not published,Not published,Not applicable,Manufacturer statement,S-PCGF-TDS-1,Print quality
Q00333,M066,G066-01,Application,Application,Detailed functional prints and high surface quality are intended uses.,Not published,Not published,Not applicable,Manufacturer statement,S-PET-TDS,Application
Q00334,M066,G066-01,Print quality,Print quality,Spool-specific filament certificate does not certify the printed part tolerance.,Not published,Not published,Not applicable,Manufacturer statement,S-PET-TDS,Print quality
Q00335,M097,G097-01,Application,Industrial use,Industrial heat-resistant technical parts; printer and end-use qualification required. This entry remains excluded from H2C printing.,"Manufacturer high-temperature grade, not H2C validation.",Not published,Not applicable,Manufacturer statement,XP-thermax-peek-1,Industrial use
Q00336,M097,G097-01,Environmental,Hydrolysis / dimensional stability,Manufacturer describes hydrolytic stability and dimensional retention; no universal lifetime or sustained-load allowable is established.,"Product qualitative claims; verify medium, temperature, load and duration.",Not published,Not applicable,Manufacturer statement,XP-thermax-peek-1,Hydrolysis / dimensional stability
Q00337,M098,G098-01,Application,Industrial use,Industrial heat-resistant technical parts; printer and end-use qualification required. This entry remains excluded from H2C printing.,"Manufacturer high-temperature grade, not H2C validation.",Not published,Not applicable,Manufacturer statement,XP-pekk-a,Industrial use
Q00338,M099,G099-01,Application,Industrial use,Industrial heat-resistant technical parts; printer and end-use qualification required. This entry remains excluded from H2C printing.,"Manufacturer high-temperature grade, not H2C validation.",Not published,Not applicable,Manufacturer statement,XP-thermax-pei-1010,Industrial use
Q00339,M099,G099-01,Environmental,Hydrolysis / dimensional stability,Manufacturer describes hydrolytic stability and dimensional retention; no universal lifetime or sustained-load allowable is established.,"Product qualitative claims; verify medium, temperature, load and duration.",Not published,Not applicable,Manufacturer statement,XP-thermax-pei-1010,Hydrolysis / dimensional stability
Q00340,M100,G100-01,Application,Industrial use,Industrial heat-resistant technical parts; printer and end-use qualification required. This entry remains excluded from H2C printing.,"Manufacturer high-temperature grade, not H2C validation.",Not published,Not applicable,Manufacturer statement,XP-thermax-psu-1,Industrial use
Q00341,M100,G100-01,Environmental,Hydrolysis / dimensional stability,Manufacturer describes hydrolytic stability and dimensional retention; no universal lifetime or sustained-load allowable is established.,"Product qualitative claims; verify medium, temperature, load and duration.",Not published,Not applicable,Manufacturer statement,XP-thermax-psu-1,Hydrolysis / dimensional stability
Q00342,M101,G101-01,Application,Industrial use,Industrial heat-resistant technical parts; printer and end-use qualification required. This entry remains excluded from H2C printing.,"Manufacturer high-temperature grade, not H2C validation.",Not published,Not applicable,Manufacturer statement,S-PES,Industrial use
Q00343,M102,G102-01,Application,Industrial use,Industrial heat-resistant technical parts; printer and end-use qualification required. This entry remains excluded from H2C printing.,"Manufacturer high-temperature grade, not H2C validation.",Not published,Not applicable,Manufacturer statement,XP-thermax-ppsu-1,Industrial use
Q00344,M102,G102-01,Environmental,Hydrolysis / dimensional stability,Manufacturer describes hydrolytic stability and dimensional retention; no universal lifetime or sustained-load allowable is established.,"Product qualitative claims; verify medium, temperature, load and duration.",Not published,Not applicable,Manufacturer statement,XP-thermax-ppsu-1,Hydrolysis / dimensional stability
Q00345,M031,G031-R1,Fatigue,S–N evidence,"Grade-specific fatigue observations are recorded in Properties. They use a Fortus 450, XY raster and room-temperature loading; they are not transferable to Bambu grades without validation.","Tables 5-8; 10 Hz, R=0.05, 1,000,000-cycle run-out.",Not published,Not applicable,Published observation,P-FATIGUE,S–N evidence
Q00346,M035,G035-R1,Fatigue,S–N evidence,"Grade-specific fatigue observations are recorded in Properties. They use a Fortus 450, XY raster and room-temperature loading; they are not transferable to Bambu grades without validation.","Tables 5-8; 10 Hz, R=0.05, 1,000,000-cycle run-out.",Not published,Not applicable,Published observation,P-FATIGUE,S–N evidence
Q00347,M052,G052-R1,Fatigue,S–N evidence,"Grade-specific fatigue observations are recorded in Properties. They use a Fortus 450, XY raster and room-temperature loading; they are not transferable to Bambu grades without validation.","Tables 5-8; 10 Hz, R=0.05, 1,000,000-cycle run-out.",Not published,Not applicable,Published observation,P-FATIGUE,S–N evidence
Q00348,M094,G094-R1,Fatigue,S–N evidence,"Grade-specific fatigue observations are recorded in Properties. They use a Fortus 450, XY raster and room-temperature loading; they are not transferable to Bambu grades without validation.","Tables 5-8; 10 Hz, R=0.05, 1,000,000-cycle run-out.",Not published,Not applicable,Published observation,P-FATIGUE,S–N evidence
Q00349,M027,Not applicable,Chemical exposure,Mineral oil and cyclic loading,Original study examines mineral-oil exposure coupled with low-cycle loading. The exposure and loading protocol must be matched; a generic oil-resistance label is insufficient.,Study-specific printed specimens; do not transfer a global chemical-resistance rating.,Not published,Not applicable,Published observation,P-CHEM,Mineral oil and cyclic loading
Q00350,M031,Not applicable,Chemical exposure,Mineral oil and cyclic loading,Original study examines mineral-oil exposure coupled with low-cycle loading. The exposure and loading protocol must be matched; a generic oil-resistance label is insufficient.,Study-specific printed specimens; do not transfer a global chemical-resistance rating.,Not published,Not applicable,Published observation,P-CHEM,Mineral oil and cyclic loading
Q00351,M081,Not applicable,Chemical exposure,Mineral oil and cyclic loading,Original study examines mineral-oil exposure coupled with low-cycle loading. The exposure and loading protocol must be matched; a generic oil-resistance label is insufficient.,Study-specific printed specimens; do not transfer a global chemical-resistance rating.,Not published,Not applicable,Published observation,P-CHEM,Mineral oil and cyclic loading
Q00352,M001,Not applicable,Chemical exposure,Mineral oil and cyclic loading,Original study examines mineral-oil exposure coupled with low-cycle loading. The exposure and loading protocol must be matched; a generic oil-resistance label is insufficient.,Study-specific printed specimens; do not transfer a global chemical-resistance rating.,Not published,Not applicable,Published observation,P-CHEM,Mineral oil and cyclic loading
Q00353,M001,Not applicable,Print quality,Printability rubric,"Researcher classification from published processing cautions: 1/5. Higher means more process control, not lower material quality.",Family-level rubric R-PRINT; no direct H2C test.,1,R-PRINT,Manufacturer statement,PR-pla,Printability rubric
Q00354,M020,Not applicable,Print quality,Printability rubric,"Researcher classification from published processing cautions: 2/5. Higher means more process control, not lower material quality.",Family-level rubric R-PRINT; no direct H2C test.,2,R-PRINT,Manufacturer statement,PR-petg,Printability rubric
Q00355,M027,Not applicable,Print quality,Printability rubric,"Researcher classification from published processing cautions: 4/5. Higher means more process control, not lower material quality.",Family-level rubric R-PRINT; no direct H2C test.,4,R-PRINT,Manufacturer statement,PR-abs,Printability rubric
Q00356,M031,Not applicable,Print quality,Printability rubric,"Researcher classification from published processing cautions: 4/5. Higher means more process control, not lower material quality.",Family-level rubric R-PRINT; no direct H2C test.,4,R-PRINT,Manufacturer statement,PR-asa,Printability rubric
Q00357,M035,Not applicable,Print quality,Printability rubric,"Researcher classification from published processing cautions: 4/5. Higher means more process control, not lower material quality.",Family-level rubric R-PRINT; no direct H2C test.,4,R-PRINT,Manufacturer statement,PR-polycarbonate-pc,Printability rubric
Q00358,M039,Not applicable,Print quality,Printability rubric,"Researcher classification from published processing cautions: 4/5. Higher means more process control, not lower material quality.",Family-level rubric R-PRINT; no direct H2C test.,4,R-PRINT,Manufacturer statement,PR-flexible-materials,Printability rubric
Q00359,M047,Not applicable,Print quality,Printability rubric,"Researcher classification from published processing cautions: 4/5. Higher means more process control, not lower material quality.",Family-level rubric R-PRINT; no direct H2C test.,4,R-PRINT,Manufacturer statement,PR-polyamide-nylon,Printability rubric
Q00360,M082,Not applicable,Print quality,Printability rubric,"Researcher classification from published processing cautions: 5/5. Higher means more process control, not lower material quality.",Family-level rubric R-PRINT; no direct H2C test.,5,R-PRINT,Manufacturer statement,PR-polypropylene-pp,Printability rubric
Q00361,M075,Not applicable,Print quality,Printability rubric,"Researcher classification from published processing cautions: 4/5. Higher means more process control, not lower material quality.",Family-level rubric R-PRINT; no direct H2C test.,4,R-PRINT,Manufacturer statement,PR-water-soluble-bvoh-pva,Printability rubric
Q00362,M076,Not applicable,Print quality,Printability rubric,"Researcher classification from published processing cautions: 4/5. Higher means more process control, not lower material quality.",Family-level rubric R-PRINT; no direct H2C test.,4,R-PRINT,Manufacturer statement,PR-water-soluble-bvoh-pva,Printability rubric
Q00363,M077,G077-01,Application,Intended role,Support interface for Bambu Lab PLA filaments; not a stand-alone model material,Manufacturer TDS statement; no concentration/time/temperature design limit,Not published,Not applicable,Manufacturer statement,R-BAMBU-SUPPORT-PLA-NEW-TDS,pp. 1-3: Intended role
Q00364,M077,G077-01,Chemical exposure,Chemical stability,Stable under normal storage and handling conditions,Manufacturer TDS statement; no concentration/time/temperature design limit,Not published,Not applicable,Manufacturer statement,R-BAMBU-SUPPORT-PLA-NEW-TDS,pp. 1-3: Chemical stability
Q00365,M077,G077-01,Chemical exposure,Water solubility,Insoluble in water,Manufacturer TDS statement; no concentration/time/temperature design limit,Not published,Not applicable,Manufacturer statement,R-BAMBU-SUPPORT-PLA-NEW-TDS,pp. 1-3: Water solubility
Q00366,M077,G077-01,Chemical exposure,Acid resistance,Not resistant,Manufacturer TDS statement; no concentration/time/temperature design limit,Not published,Not applicable,Manufacturer statement,R-BAMBU-SUPPORT-PLA-NEW-TDS,pp. 1-3: Acid resistance
Q00367,M077,G077-01,Chemical exposure,Alkali resistance,Not resistant,Manufacturer TDS statement; no concentration/time/temperature design limit,Not published,Not applicable,Manufacturer statement,R-BAMBU-SUPPORT-PLA-NEW-TDS,pp. 1-3: Alkali resistance
Q00368,M077,G077-01,Chemical exposure,Organic-solvent resistance,Not resistant to some organic solvents,Manufacturer TDS statement; no concentration/time/temperature design limit,Not published,Not applicable,Manufacturer statement,R-BAMBU-SUPPORT-PLA-NEW-TDS,pp. 1-3: Organic-solvent resistance
Q00369,M077,G077-01,Chemical exposure,Oil and grease resistance,Resistant to most kinds of oil and grease,Manufacturer TDS statement; no concentration/time/temperature design limit,Not published,Not applicable,Manufacturer statement,R-BAMBU-SUPPORT-PLA-NEW-TDS,pp. 1-3: Oil and grease resistance
Q00370,M077,G077-01,Chemical exposure,Flammability,Flammable,Manufacturer TDS statement; no concentration/time/temperature design limit,Not published,Not applicable,Manufacturer statement,R-BAMBU-SUPPORT-PLA-NEW-TDS,pp. 1-3: Flammability
Q00371,M038,G038-02,Application,Published applications,"Automotive/transportation, functional prototyping and electronics",Manufacturer TDS/product statement; validate for the final part,Not published,Not applicable,Manufacturer statement,R-BASF-PCGF30-TDS,pp. 1-3: Published applications
Q00372,M038,G038-02,Environmental,UV resistance,UV-light resilience is a manufacturer claim,Manufacturer TDS/product statement; validate for the final part,Not published,Not applicable,Manufacturer statement,R-BASF-PCGF30-TDS,pp. 1-3: UV resistance
Q00373,M038,G038-02,Safety,Processing ventilation,Use a well-ventilated room or professional extraction,Manufacturer TDS/product statement; validate for the final part,Not published,Not applicable,Manufacturer statement,R-BASF-PCGF30-TDS,pp. 1-3: Processing ventilation
Q00374,M038,G038-02,Durability,Abrasive wear,Glass reinforcement may shorten brass nozzle and drive-wheel life,Manufacturer TDS/product statement; validate for the final part,Not published,Not applicable,Manufacturer statement,R-BASF-PCGF30-TDS,pp. 1-3: Abrasive wear
Q00375,M045,G045-03,Application,Published applications,Sports equipment and impact-absorbing parts,Manufacturer/portfolio statement; not an H2C validation,Not published,Not applicable,Manufacturer statement,R-KIMYA-PEBA-S-TDS,Published applications
Q00376,M045,G045-03,Mechanical,Elasticity,High elongation and energy-return claims; use measured rows for values,Manufacturer/portfolio statement; not an H2C validation,Not published,Not applicable,Manufacturer statement,R-KIMYA-PEBA-S-TDS,Elasticity
Q00377,M045,G045-03,Print quality,Layer adhesion,Good layer adhesion is a manufacturer portfolio claim,Manufacturer/portfolio statement; not an H2C validation,Not published,Not applicable,Manufacturer statement,R-KIMYA-PEBA-S-TDS,Layer adhesion
Q00378,M073,G073-02,Application,Published applications,"Tooling, chemical/solvent-resistant uses, and high-temperature applications",Manufacturer TDS statement; validate actual exposure and printed part,Not published,Not applicable,Manufacturer statement,R-ESSENTIUM-PPSCF-TDS,pp. 1-2: Published applications
Q00379,M073,G073-02,Chemical exposure,Chemical and solvent resistance,Excellent resistance is a qualitative manufacturer claim; no exposure matrix supplied,Manufacturer TDS statement; validate actual exposure and printed part,Not published,Not applicable,Manufacturer statement,R-ESSENTIUM-PPSCF-TDS,pp. 1-2: Chemical and solvent resistance
Q00380,M073,G073-02,Environmental,Moisture handling,Slightly hygroscopic; keep vacuum sealed and dry if >200 ppm,Manufacturer TDS statement; validate actual exposure and printed part,Not published,Not applicable,Manufacturer statement,R-ESSENTIUM-PPSCF-TDS,pp. 1-2: Moisture handling
Q00381,M006,G006-01,Support / solubility,Solubility,Insoluble in water,"p. 2; concentration, duration and temperature not specified unless stated. Not a chemical design limit.",Not published,Not applicable,Manufacturer statement,B-pla-tough-upgrade-TDS,Solubility
Q00382,M006,G006-01,Chemical exposure,Resistance to Acid,Not resistant,"p. 2; concentration, duration and temperature not specified unless stated. Not a chemical design limit.",Not published,Not applicable,Manufacturer statement,B-pla-tough-upgrade-TDS,Resistance to Acid
Q00383,M006,G006-01,Chemical exposure,Resistance to Alkali,Not resistant,"p. 2; concentration, duration and temperature not specified unless stated. Not a chemical design limit.",Not published,Not applicable,Manufacturer statement,B-pla-tough-upgrade-TDS,Resistance to Alkali
Q00384,M006,G006-01,Chemical exposure,Resistance to Organic Solvent,Not resistant to some organic solvents,"p. 2; concentration, duration and temperature not specified unless stated. Not a chemical design limit.",Not published,Not applicable,Manufacturer statement,B-pla-tough-upgrade-TDS,Resistance to Organic Solvent
Q00385,M006,G006-01,Chemical exposure,Resistance to Oil and Grease,Resistant to most kinds of oil and grease,"p. 2; concentration, duration and temperature not specified unless stated. Not a chemical design limit.",Not published,Not applicable,Manufacturer statement,B-pla-tough-upgrade-TDS,Resistance to Oil and Grease
Q00386,M007,G007-01,Support / solubility,Solubility,Insoluble in water,"p. 3; concentration, duration and temperature not specified unless stated. Not a chemical design limit.",Not published,Not applicable,Manufacturer statement,B-pla-translucent-TDS,Solubility
Q00387,M007,G007-01,Chemical exposure,Resistance to Acid,Not resistant,"p. 3; concentration, duration and temperature not specified unless stated. Not a chemical design limit.",Not published,Not applicable,Manufacturer statement,B-pla-translucent-TDS,Resistance to Acid
Q00388,M007,G007-01,Chemical exposure,Resistance to Alkali,Not resistant,"p. 3; concentration, duration and temperature not specified unless stated. Not a chemical design limit.",Not published,Not applicable,Manufacturer statement,B-pla-translucent-TDS,Resistance to Alkali
Q00389,M007,G007-01,Chemical exposure,Resistance to Organic Solvent,Not resistant to some organic solvents,"p. 3; concentration, duration and temperature not specified unless stated. Not a chemical design limit.",Not published,Not applicable,Manufacturer statement,B-pla-translucent-TDS,Resistance to Organic Solvent
Q00390,M007,G007-01,Chemical exposure,Resistance to Oil and Grease,Resistant to most kinds of oil and grease,"p. 3; concentration, duration and temperature not specified unless stated. Not a chemical design limit.",Not published,Not applicable,Manufacturer statement,B-pla-translucent-TDS,Resistance to Oil and Grease
Q00391,M009,G009-01,Support / solubility,Solubility,Insoluble in water,"p. 3; concentration, duration and temperature not specified unless stated. Not a chemical design limit.",Not published,Not applicable,Manufacturer statement,B-pla-silk-upgrade-TDS,Solubility
Q00392,M009,G009-01,Chemical exposure,Resistance to Acid,Not resistant,"p. 3; concentration, duration and temperature not specified unless stated. Not a chemical design limit.",Not published,Not applicable,Manufacturer statement,B-pla-silk-upgrade-TDS,Resistance to Acid
Q00393,M009,G009-01,Chemical exposure,Resistance to Alkali,Not resistant,"p. 3; concentration, duration and temperature not specified unless stated. Not a chemical design limit.",Not published,Not applicable,Manufacturer statement,B-pla-silk-upgrade-TDS,Resistance to Alkali
Q00394,M009,G009-01,Chemical exposure,Resistance to Organic Solvent,Not resistant to some organic solvents,"p. 3; concentration, duration and temperature not specified unless stated. Not a chemical design limit.",Not published,Not applicable,Manufacturer statement,B-pla-silk-upgrade-TDS,Resistance to Organic Solvent
Q00395,M009,G009-01,Chemical exposure,Resistance to Oil and Grease,Resistant to most kinds of oil and grease,"p. 3; concentration, duration and temperature not specified unless stated. Not a chemical design limit.",Not published,Not applicable,Manufacturer statement,B-pla-silk-upgrade-TDS,Resistance to Oil and Grease
Q00396,M010,G010-01,Support / solubility,Solubility,Insoluble in water,"p. 3; concentration, duration and temperature not specified unless stated. Not a chemical design limit.",Not published,Not applicable,Manufacturer statement,B-pla-silk-dual-color-TDS,Solubility
Q00397,M010,G010-01,Chemical exposure,Resistance to Acid,Not resistant,"p. 3; concentration, duration and temperature not specified unless stated. Not a chemical design limit.",Not published,Not applicable,Manufacturer statement,B-pla-silk-dual-color-TDS,Resistance to Acid
Q00398,M010,G010-01,Chemical exposure,Resistance to Alkali,Not resistant,"p. 3; concentration, duration and temperature not specified unless stated. Not a chemical design limit.",Not published,Not applicable,Manufacturer statement,B-pla-silk-dual-color-TDS,Resistance to Alkali
Q00399,M010,G010-01,Chemical exposure,Resistance to Organic Solvent,Not resistant to some organic solvents,"p. 3; concentration, duration and temperature not specified unless stated. Not a chemical design limit.",Not published,Not applicable,Manufacturer statement,B-pla-silk-dual-color-TDS,Resistance to Organic Solvent
Q00400,M010,G010-01,Chemical exposure,Resistance to Oil and Grease,Resistant to most kinds of oil and grease,"p. 3; concentration, duration and temperature not specified unless stated. Not a chemical design limit.",Not published,Not applicable,Manufacturer statement,B-pla-silk-dual-color-TDS,Resistance to Oil and Grease
Q00401,M013,G013-01,Chemical exposure,Resistance to Acid,Not resistant,"p. 3; concentration, duration and temperature not specified unless stated. Not a chemical design limit.",Not published,Not applicable,Manufacturer statement,B-pla-sparkle-TDS,Resistance to Acid
Q00402,M013,G013-01,Chemical exposure,Resistance to Alkali,Not resistant,"p. 3; concentration, duration and temperature not specified unless stated. Not a chemical design limit.",Not published,Not applicable,Manufacturer statement,B-pla-sparkle-TDS,Resistance to Alkali
Q00403,M013,G013-01,Chemical exposure,Resistance to Organic Solvent,Not resistant to some organic solvents,"p. 3; concentration, duration and temperature not specified unless stated. Not a chemical design limit.",Not published,Not applicable,Manufacturer statement,B-pla-sparkle-TDS,Resistance to Organic Solvent
Q00404,M013,G013-01,Chemical exposure,Resistance to Oil and Grease,Resistant to most kinds of oil and grease,"p. 3; concentration, duration and temperature not specified unless stated. Not a chemical design limit.",Not published,Not applicable,Manufacturer statement,B-pla-sparkle-TDS,Resistance to Oil and Grease
Q00405,M013,G013-01,Flammability,Flammability,Flammable and self-extinguishing in the air,"p. 3; concentration, duration and temperature not specified unless stated. Not a chemical design limit.",Not published,Not applicable,Manufacturer statement,B-pla-sparkle-TDS,Flammability
Q00406,M015,G015-01,Support / solubility,Solubility,Insoluble in water,"p. 3; concentration, duration and temperature not specified unless stated. Not a chemical design limit.",Not published,Not applicable,Manufacturer statement,B-pla-galaxy-TDS,Solubility
Q00407,M015,G015-01,Chemical exposure,Resistance to Acid,Not resistant,"p. 3; concentration, duration and temperature not specified unless stated. Not a chemical design limit.",Not published,Not applicable,Manufacturer statement,B-pla-galaxy-TDS,Resistance to Acid
Q00408,M015,G015-01,Chemical exposure,Resistance to Alkali,Not resistant,"p. 3; concentration, duration and temperature not specified unless stated. Not a chemical design limit.",Not published,Not applicable,Manufacturer statement,B-pla-galaxy-TDS,Resistance to Alkali
Q00409,M015,G015-01,Chemical exposure,Resistance to Organic Solvent,Not resistant to some organic solvents,"p. 3; concentration, duration and temperature not specified unless stated. Not a chemical design limit.",Not published,Not applicable,Manufacturer statement,B-pla-galaxy-TDS,Resistance to Organic Solvent
Q00410,M015,G015-01,Chemical exposure,Resistance to Oil and Grease,Resistant to most kinds of oil and grease,"p. 3; concentration, duration and temperature not specified unless stated. Not a chemical design limit.",Not published,Not applicable,Manufacturer statement,B-pla-galaxy-TDS,Resistance to Oil and Grease
Q00411,M017,G017-01,Support / solubility,Solubility,Insoluble in water,"p. 3; concentration, duration and temperature not specified unless stated. Not a chemical design limit.",Not published,Not applicable,Manufacturer statement,B-pla-aero-TDS,Solubility
Q00412,M017,G017-01,Chemical exposure,Resistance to Acid,Not resistant,"p. 3; concentration, duration and temperature not specified unless stated. Not a chemical design limit.",Not published,Not applicable,Manufacturer statement,B-pla-aero-TDS,Resistance to Acid
Q00413,M017,G017-01,Chemical exposure,Resistance to Alkali,Not resistant,"p. 3; concentration, duration and temperature not specified unless stated. Not a chemical design limit.",Not published,Not applicable,Manufacturer statement,B-pla-aero-TDS,Resistance to Alkali
Q00414,M017,G017-01,Chemical exposure,Resistance to Organic Solvent,Not resistant to some organic solvents,"p. 3; concentration, duration and temperature not specified unless stated. Not a chemical design limit.",Not published,Not applicable,Manufacturer statement,B-pla-aero-TDS,Resistance to Organic Solvent
Q00415,M017,G017-01,Chemical exposure,Resistance to Oil and Grease,Resistant to most kinds of oil and grease,"p. 3; concentration, duration and temperature not specified unless stated. Not a chemical design limit.",Not published,Not applicable,Manufacturer statement,B-pla-aero-TDS,Resistance to Oil and Grease
Q00416,M022,G022-01,Support / solubility,Solubility,Insoluble in water,"p. 3; concentration, duration and temperature not specified unless stated. Not a chemical design limit.",Not published,Not applicable,Manufacturer statement,B-petg-hf-TDS,Solubility
Q00417,M022,G022-01,Chemical exposure,Resistance to Acid,Not resistant,"p. 3; concentration, duration and temperature not specified unless stated. Not a chemical design limit.",Not published,Not applicable,Manufacturer statement,B-petg-hf-TDS,Resistance to Acid
Q00418,M022,G022-01,Chemical exposure,Resistance to Alkali,Not resistant,"p. 3; concentration, duration and temperature not specified unless stated. Not a chemical design limit.",Not published,Not applicable,Manufacturer statement,B-petg-hf-TDS,Resistance to Alkali
Q00419,M022,G022-01,Chemical exposure,Resistance to Organic Solvent,Not resistant to some organic solvents,"p. 3; concentration, duration and temperature not specified unless stated. Not a chemical design limit.",Not published,Not applicable,Manufacturer statement,B-petg-hf-TDS,Resistance to Organic Solvent
Q00420,M022,G022-01,Chemical exposure,Resistance to Oil and Grease,Resistant to most kinds of oil and grease,"p. 3; concentration, duration and temperature not specified unless stated. Not a chemical design limit.",Not published,Not applicable,Manufacturer statement,B-petg-hf-TDS,Resistance to Oil and Grease
Q00421,M028,G028-01,Support / solubility,Solubility,Insoluble in water,"p. 3; concentration, duration and temperature not specified unless stated. Not a chemical design limit.",Not published,Not applicable,Manufacturer statement,B-abs-gf-TDS,Solubility
Q00422,M028,G028-01,Chemical exposure,Resistance to Acid,Resistant,"p. 3; concentration, duration and temperature not specified unless stated. Not a chemical design limit.",Not published,Not applicable,Manufacturer statement,B-abs-gf-TDS,Resistance to Acid
Q00423,M028,G028-01,Chemical exposure,Resistance to Alkali,Resistant,"p. 3; concentration, duration and temperature not specified unless stated. Not a chemical design limit.",Not published,Not applicable,Manufacturer statement,B-abs-gf-TDS,Resistance to Alkali
Q00424,M028,G028-01,Chemical exposure,Resistance to Organic Solvent,Not resistant to some organic solvents,"p. 3; concentration, duration and temperature not specified unless stated. Not a chemical design limit.",Not published,Not applicable,Manufacturer statement,B-abs-gf-TDS,Resistance to Organic Solvent
Q00425,M028,G028-01,Chemical exposure,Resistance to Oil and Grease,Not resistant to some kinds of oil and grease,"p. 3; concentration, duration and temperature not specified unless stated. Not a chemical design limit.",Not published,Not applicable,Manufacturer statement,B-abs-gf-TDS,Resistance to Oil and Grease
Q00426,M036,G036-01,Support / solubility,Solubility,Insoluble in water,"p. 3; concentration, duration and temperature not specified unless stated. Not a chemical design limit.",Not published,Not applicable,Manufacturer statement,B-pc-fr-TDS,Solubility
Q00427,M036,G036-01,Chemical exposure,Resistance to Acid,Not resistant,"p. 3; concentration, duration and temperature not specified unless stated. Not a chemical design limit.",Not published,Not applicable,Manufacturer statement,B-pc-fr-TDS,Resistance to Acid
Q00428,M036,G036-01,Chemical exposure,Resistance to Alkali,Not resistant,"p. 3; concentration, duration and temperature not specified unless stated. Not a chemical design limit.",Not published,Not applicable,Manufacturer statement,B-pc-fr-TDS,Resistance to Alkali
Q00429,M036,G036-01,Chemical exposure,Resistance to Organic Solvent,Not resistant to some organic solvents,"p. 3; concentration, duration and temperature not specified unless stated. Not a chemical design limit.",Not published,Not applicable,Manufacturer statement,B-pc-fr-TDS,Resistance to Organic Solvent
Q00430,M036,G036-01,Chemical exposure,Resistance to Oil and Grease,Resistant to most kinds of oil and grease,"p. 3; concentration, duration and temperature not specified unless stated. Not a chemical design limit.",Not published,Not applicable,Manufacturer statement,B-pc-fr-TDS,Resistance to Oil and Grease
Q00431,M036,G036-01,Flammability,Flammability,Flame retardant,"p. 3; concentration, duration and temperature not specified unless stated. Not a chemical design limit.",Not published,Not applicable,Manufacturer statement,B-pc-fr-TDS,Flammability
Q00432,M040,G040-01,Support / solubility,Solubility,Insoluble in water,"p. 3; concentration, duration and temperature not specified unless stated. Not a chemical design limit.",Not published,Not applicable,Manufacturer statement,B-tpu-for-ams-TDS,Solubility
Q00433,M040,G040-01,Chemical exposure,Resistance to Acid,Not resistant,"p. 3; concentration, duration and temperature not specified unless stated. Not a chemical design limit.",Not published,Not applicable,Manufacturer statement,B-tpu-for-ams-TDS,Resistance to Acid
Q00434,M040,G040-01,Chemical exposure,Resistance to Alkali,Not resistant,"p. 3; concentration, duration and temperature not specified unless stated. Not a chemical design limit.",Not published,Not applicable,Manufacturer statement,B-tpu-for-ams-TDS,Resistance to Alkali
Q00435,M040,G040-01,Chemical exposure,Resistance to Organic Solvent,Not resistant to some organic solvents,"p. 3; concentration, duration and temperature not specified unless stated. Not a chemical design limit.",Not published,Not applicable,Manufacturer statement,B-tpu-for-ams-TDS,Resistance to Organic Solvent
Q00436,M040,G040-01,Chemical exposure,Resistance to Oil and Grease,Resistant to most kinds of oil and grease,"p. 3; concentration, duration and temperature not specified unless stated. Not a chemical design limit.",Not published,Not applicable,Manufacturer statement,B-tpu-for-ams-TDS,Resistance to Oil and Grease
Q00437,M042,G042-01,Support / solubility,Solubility,Insoluble in water,"p. 3; concentration, duration and temperature not specified unless stated. Not a chemical design limit.",Not published,Not applicable,Manufacturer statement,B-TPU-SOFT-TDS-4,Solubility
Q00438,M042,G042-01,Chemical exposure,Resistance to Acid,Not resistant,"p. 3; concentration, duration and temperature not specified unless stated. Not a chemical design limit.",Not published,Not applicable,Manufacturer statement,B-TPU-SOFT-TDS-4,Resistance to Acid
Q00439,M042,G042-01,Chemical exposure,Resistance to Alkali,Not resistant,"p. 3; concentration, duration and temperature not specified unless stated. Not a chemical design limit.",Not published,Not applicable,Manufacturer statement,B-TPU-SOFT-TDS-4,Resistance to Alkali
Q00440,M042,G042-01,Chemical exposure,Resistance to Organic Solvent,Not resistant to some organic solvents,"p. 3; concentration, duration and temperature not specified unless stated. Not a chemical design limit.",Not published,Not applicable,Manufacturer statement,B-TPU-SOFT-TDS-4,Resistance to Organic Solvent
Q00441,M042,G042-01,Chemical exposure,Resistance to Oil and Grease,Resistant to most kinds of oil and grease,"p. 3; concentration, duration and temperature not specified unless stated. Not a chemical design limit.",Not published,Not applicable,Manufacturer statement,B-TPU-SOFT-TDS-4,Resistance to Oil and Grease
Q00442,M043,G043-01,Support / solubility,Solubility,Insoluble in water,"p. 3; concentration, duration and temperature not specified unless stated. Not a chemical design limit.",Not published,Not applicable,Manufacturer statement,B-TPU-SOFT-TDS-5,Solubility
Q00443,M043,G043-01,Chemical exposure,Resistance to Acid,Not resistant,"p. 3; concentration, duration and temperature not specified unless stated. Not a chemical design limit.",Not published,Not applicable,Manufacturer statement,B-TPU-SOFT-TDS-5,Resistance to Acid
Q00444,M043,G043-01,Chemical exposure,Resistance to Alkali,Not resistant,"p. 3; concentration, duration and temperature not specified unless stated. Not a chemical design limit.",Not published,Not applicable,Manufacturer statement,B-TPU-SOFT-TDS-5,Resistance to Alkali
Q00445,M043,G043-01,Chemical exposure,Resistance to Organic Solvent,Not resistant to some organic solvents,"p. 3; concentration, duration and temperature not specified unless stated. Not a chemical design limit.",Not published,Not applicable,Manufacturer statement,B-TPU-SOFT-TDS-5,Resistance to Organic Solvent
Q00446,M043,G043-01,Chemical exposure,Resistance to Oil and Grease,Resistant to most kinds of oil and grease,"p. 3; concentration, duration and temperature not specified unless stated. Not a chemical design limit.",Not published,Not applicable,Manufacturer statement,B-TPU-SOFT-TDS-5,Resistance to Oil and Grease
Q00447,M051,G051-01,Support / solubility,Solubility,Insoluble in water,"p. 3; concentration, duration and temperature not specified unless stated. Not a chemical design limit.",Not published,Not applicable,Manufacturer statement,B-pa6-gf-TDS,Solubility
Q00448,M051,G051-01,Chemical exposure,Resistance to Acid,Not resistant,"p. 3; concentration, duration and temperature not specified unless stated. Not a chemical design limit.",Not published,Not applicable,Manufacturer statement,B-pa6-gf-TDS,Resistance to Acid
Q00449,M051,G051-01,Chemical exposure,Resistance to Alkali,Not resistant,"p. 3; concentration, duration and temperature not specified unless stated. Not a chemical design limit.",Not published,Not applicable,Manufacturer statement,B-pa6-gf-TDS,Resistance to Alkali
Q00450,M051,G051-01,Chemical exposure,Resistance to Organic Solvent,Not resistant to some organic solvents,"p. 3; concentration, duration and temperature not specified unless stated. Not a chemical design limit.",Not published,Not applicable,Manufacturer statement,B-pa6-gf-TDS,Resistance to Organic Solvent
Q00451,M051,G051-01,Chemical exposure,Resistance to Oil and Grease,Resistant to most kinds of oil and grease,"p. 3; concentration, duration and temperature not specified unless stated. Not a chemical design limit.",Not published,Not applicable,Manufacturer statement,B-pa6-gf-TDS,Resistance to Oil and Grease
Q00452,M067,G067-01,Support / solubility,Solubility,Insoluble in water,"p. 3; concentration, duration and temperature not specified unless stated. Not a chemical design limit.",Not published,Not applicable,Manufacturer statement,B-pet-cf-TDS,Solubility
Q00453,M067,G067-01,Chemical exposure,Resistance to Acid,Not resistant,"p. 3; concentration, duration and temperature not specified unless stated. Not a chemical design limit.",Not published,Not applicable,Manufacturer statement,B-pet-cf-TDS,Resistance to Acid
Q00454,M067,G067-01,Chemical exposure,Resistance to Alkali,Not resistant,"p. 3; concentration, duration and temperature not specified unless stated. Not a chemical design limit.",Not published,Not applicable,Manufacturer statement,B-pet-cf-TDS,Resistance to Alkali
Q00455,M067,G067-01,Chemical exposure,Resistance to Organic Solvent,Not resistant to some organic solvents,"p. 3; concentration, duration and temperature not specified unless stated. Not a chemical design limit.",Not published,Not applicable,Manufacturer statement,B-pet-cf-TDS,Resistance to Organic Solvent
Q00456,M067,G067-01,Chemical exposure,Resistance to Oil and Grease,Resistant to most kinds of oil and grease,"p. 3; concentration, duration and temperature not specified unless stated. Not a chemical design limit.",Not published,Not applicable,Manufacturer statement,B-pet-cf-TDS,Resistance to Oil and Grease
Q00457,M073,G073-01,Support / solubility,Solubility,Insoluble in water,"p. 3; concentration, duration and temperature not specified unless stated. Not a chemical design limit.",Not published,Not applicable,Manufacturer statement,B-pps-cf-TDS,Solubility
Q00458,M073,G073-01,Chemical exposure,Resistance to Acid,Resistant,"p. 3; concentration, duration and temperature not specified unless stated. Not a chemical design limit.",Not published,Not applicable,Manufacturer statement,B-pps-cf-TDS,Resistance to Acid
Q00459,M073,G073-01,Chemical exposure,Resistance to Alkali,Resistant,"p. 3; concentration, duration and temperature not specified unless stated. Not a chemical design limit.",Not published,Not applicable,Manufacturer statement,B-pps-cf-TDS,Resistance to Alkali
Q00460,M073,G073-01,Chemical exposure,Resistance to Organic Solvent,Resistant,"p. 3; concentration, duration and temperature not specified unless stated. Not a chemical design limit.",Not published,Not applicable,Manufacturer statement,B-pps-cf-TDS,Resistance to Organic Solvent
Q00461,M073,G073-01,Chemical exposure,Resistance to Oil and Grease,Resistant,"p. 3; concentration, duration and temperature not specified unless stated. Not a chemical design limit.",Not published,Not applicable,Manufacturer statement,B-pps-cf-TDS,Resistance to Oil and Grease
Q00462,M073,G073-01,Flammability,Flammability,Self-extinguishing when away from fire; flame-retardant,"p. 3; concentration, duration and temperature not specified unless stated. Not a chemical design limit.",Not published,Not applicable,Manufacturer statement,B-pps-cf-TDS,Flammability
Q00463,M075,G075-01,Support / solubility,Solubility,Soluble in water,"p. 3; concentration, duration and temperature not specified unless stated. Not a chemical design limit.",Not published,Not applicable,Manufacturer statement,B-pva-TDS,Solubility
Q00464,M075,G075-01,Chemical exposure,Resistance to Acid,Not resistant,"p. 3; concentration, duration and temperature not specified unless stated. Not a chemical design limit.",Not published,Not applicable,Manufacturer statement,B-pva-TDS,Resistance to Acid
Q00465,M075,G075-01,Chemical exposure,Resistance to Alkali,Not resistant,"p. 3; concentration, duration and temperature not specified unless stated. Not a chemical design limit.",Not published,Not applicable,Manufacturer statement,B-pva-TDS,Resistance to Alkali
Q00466,M075,G075-01,Chemical exposure,Resistance to Organic Solvent,Not resistant to some organic solvents,"p. 3; concentration, duration and temperature not specified unless stated. Not a chemical design limit.",Not published,Not applicable,Manufacturer statement,B-pva-TDS,Resistance to Organic Solvent
Q00467,M075,G075-01,Chemical exposure,Resistance to Oil and Grease,Resistant to most kinds of oil and grease,"p. 3; concentration, duration and temperature not specified unless stated. Not a chemical design limit.",Not published,Not applicable,Manufacturer statement,B-pva-TDS,Resistance to Oil and Grease
Q00468,M078,G078-01,Support / solubility,Solubility,Insoluble in water,"p. 3; concentration, duration and temperature not specified unless stated. Not a chemical design limit.",Not published,Not applicable,Manufacturer statement,B-support-for-pla-petg-TDS,Solubility
Q00469,M078,G078-01,Chemical exposure,Resistance to Acid,Not resistant,"p. 3; concentration, duration and temperature not specified unless stated. Not a chemical design limit.",Not published,Not applicable,Manufacturer statement,B-support-for-pla-petg-TDS,Resistance to Acid
Q00470,M078,G078-01,Chemical exposure,Resistance to Alkali,Not resistant,"p. 3; concentration, duration and temperature not specified unless stated. Not a chemical design limit.",Not published,Not applicable,Manufacturer statement,B-support-for-pla-petg-TDS,Resistance to Alkali
Q00471,M078,G078-01,Chemical exposure,Resistance to Organic Solvent,Not resistant to some organic solvents,"p. 3; concentration, duration and temperature not specified unless stated. Not a chemical design limit.",Not published,Not applicable,Manufacturer statement,B-support-for-pla-petg-TDS,Resistance to Organic Solvent
Q00472,M078,G078-01,Chemical exposure,Resistance to Oil and Grease,Resistant to most kinds of oil and grease,"p. 3; concentration, duration and temperature not specified unless stated. Not a chemical design limit.",Not published,Not applicable,Manufacturer statement,B-support-for-pla-petg-TDS,Resistance to Oil and Grease
Q00473,M080,G080-01,Support / solubility,Solubility,Insoluble in water,"p. 2; concentration, duration and temperature not specified unless stated. Not a chemical design limit.",Not published,Not applicable,Manufacturer statement,B-support-for-pa-pet-TDS,Solubility
Q00474,M080,G080-01,Chemical exposure,Resistance to Acid,Not resistant,"p. 2; concentration, duration and temperature not specified unless stated. Not a chemical design limit.",Not published,Not applicable,Manufacturer statement,B-support-for-pa-pet-TDS,Resistance to Acid
Q00475,M080,G080-01,Chemical exposure,Resistance to Alkali,Not resistant,"p. 2; concentration, duration and temperature not specified unless stated. Not a chemical design limit.",Not published,Not applicable,Manufacturer statement,B-support-for-pa-pet-TDS,Resistance to Alkali
Q00476,M080,G080-01,Chemical exposure,Resistance to Organic Solvent,Not resistant to some organic solvents,"p. 2; concentration, duration and temperature not specified unless stated. Not a chemical design limit.",Not published,Not applicable,Manufacturer statement,B-support-for-pa-pet-TDS,Resistance to Organic Solvent
Q00477,M080,G080-01,Chemical exposure,Resistance to Oil and Grease,Resistant to most kinds of oil and grease,"p. 2; concentration, duration and temperature not specified unless stated. Not a chemical design limit.",Not published,Not applicable,Manufacturer statement,B-support-for-pa-pet-TDS,Resistance to Oil and Grease
Q00478,M080,G080-01,Flammability,Flammability,Flammable and self-extinguishing in the air,"p. 2; concentration, duration and temperature not specified unless stated. Not a chemical design limit.",Not published,Not applicable,Manufacturer statement,B-support-for-pa-pet-TDS,Flammability
