ProfileID,MaterialID,GradeID,Profile,Nozzle °C,Bed °C,Chamber °C,Enclosure,Plate,Adhesion / release,Cooling,Speed,Volumetric limit,Drying,Storage humidity,Nozzle material,Nozzle diameter,Abrasion / clogging,H2C left,H2C right,AMS 2 Pro,AMS HT,AMS published,Temperature-group conflict,Support pairing,Difficulty,Warping / shrinkage,Stringing,Bridging,Overhang,Detail / tolerance,Surface finish,Layer adhesion,Odour / emissions,Failure modes,SourceID,H2C SourceID,Locator
P0001,M001,G001-01,Manufacturer published guidance,Not published,Not published,Not published,Not published,Not published,Not published,Not published,Not published,Not published,Not published,Not published,Not published,Not published,Not published,Verify exact grade/nozzle; no blanket approval,Verify exact grade/nozzle; no blanket approval,Not verified for every grade,Not verified for every grade,Not published,Do not combine high- and low-temperature materials; low-temperature chamber guide limit 45°C. Grade-specific verification required.,Not published,Not published,Not published,Not published,Not published,Not published,Not published,Not published,Not published,Not published,Not published,X-ECOMAX-PLA-TDS-v3,H2C-WIKI,Recommended printing settings
P0002,M001,G001-02,Manufacturer published guidance,Classic :190-210 °C,30 - 60 (˚C),Not required (Closure Chamber: No needed),Not published,Not published,Glue when needed,100%,Classic :50-100mm/s,Not published,Not published,Not published,Not published,Not published,Not published,Verify exact grade/nozzle; no blanket approval,Verify exact grade/nozzle; no blanket approval,Not verified for every grade,Not verified for every grade,Not published,Do not combine high- and low-temperature materials; low-temperature chamber guide limit 45°C. Grade-specific verification required.,material PolySupport™ and PolyDissolve™ S1,Not published,Not published,Not published,Not published,Not published,Not published,Not published,Not published,Not published,Not published,S-POLYCN-PolySonic-PLA-EN-V5-3-TDS,H2C-WIKI,Recommended printing settings
P0003,M001,G001-03,Manufacturer published guidance,190 -220 ºC,0-50 ºC,0-40 °C,Not published,Not published,Not published,0- 100%,30-70 mm/s,Not published,Not published,Not published,Not published,Not published,Not published,Verify exact grade/nozzle; no blanket approval,Verify exact grade/nozzle; no blanket approval,Not verified for every grade,Not verified for every grade,Not published,Do not combine high- and low-temperature materials; low-temperature chamber guide limit 45°C. Grade-specific verification required.,Not published,Not published,Not published,Not published,Not published,Not published,Not published,Not published,Not published,Not published,Not published,I-PLA-TDS,H2C-WIKI,Recommended printing settings
P0004,M002,G002-01,Manufacturer published guidance,190 - 230 °C,35 - 45 °C,25 - 45 °C,Not published,"Cool Plate, High Temperature Plate or",Glue,Turn on,Not published,Not published,Blast Drying Oven: 50 °C， 8 h,< 20% RH (Sealed with desiccant),Not published,"0.2, 0.4, 0.6, 0.8 mm",Not published,Verify exact grade/nozzle; no blanket approval,Verify exact grade/nozzle; no blanket approval,Not verified for every grade,Not verified for every grade,Not published,Do not combine high- and low-temperature materials; low-temperature chamber guide limit 45°C. Grade-specific verification required.,Not published,Not published,Not published,Not published,Not published,Not published,Not published,Not published,Not published,Not published,Not published,B-pla-basic-filament-TDS,H2C-WIKI,Recommended printing settings
P0005,M003,G003-01,Manufacturer published guidance,190 - 230 °C,35 - 45 °C,25 - 45 °C,Not published,"Cool Plate, High Temperature Plate or",Glue,Turn on,Not published,Not published,Blast Drying Oven: 50 °C， 8 h,< 20% RH (Sealed with desiccant),Not published,"0.2, 0.4, 0.6, 0.8 mm",Not published,Verify exact grade/nozzle; no blanket approval,Verify exact grade/nozzle; no blanket approval,Not verified for every grade,Not verified for every grade,Not published,Do not combine high- and low-temperature materials; low-temperature chamber guide limit 45°C. Grade-specific verification required.,Not published,Not published,Not published,Not published,Not published,Not published,Not published,Not published,Not published,Not published,Not published,B-pla-matte-TDS,H2C-WIKI,Recommended printing settings
P0006,M005,G005-01,Manufacturer published guidance,190 - 230 °C,35 - 45 °C,25 - 45 °C,Not published,"Cool Plate, High Temperature Plate or",Glue,100%,< 300 mm/s,Not published,"55 °C, 8 hours",< 20% RH (Sealed with desiccant),Not published,Not published,Not published,Verify exact grade/nozzle; no blanket approval,Verify exact grade/nozzle; no blanket approval,Not verified for every grade,Not verified for every grade,Not published,Do not combine high- and low-temperature materials; low-temperature chamber guide limit 45°C. Grade-specific verification required.,Not published,Not published,Not published,Not published,Not published,Angle 55°,Not published,Not published,Not published,Not published,Not published,B-pla-basic-gradient-TDS,H2C-WIKI,Recommended printing settings
P0007,M006,G006-01,Manufacturer published guidance,220 -250 °C,35 -65 °C,25 – 45 °C,Not published,Textured PEI Plate / Smooth PEI,Not published,Turn on,＜ 300 mm/s,Not published,X1 Series & H2D SeriesPrinter Heatbed:,"< 20% RH (Sealed, with desiccant)",Not published,"0.2, 0.4,0.6, 0.8mm",Not published,Verify exact grade/nozzle; no blanket approval,Verify exact grade/nozzle; no blanket approval,Not verified for every grade,Not verified for every grade,"AMS, AMS 2PRO, AMS HT, AMS Lite",Do not combine high- and low-temperature materials; low-temperature chamber guide limit 45°C. Grade-specific verification required.,Support forPLA,Not published,Not published,Not published,Length 30 mm,Angle 55 °,Not published,Not published,Not published,Not published,Not published,B-pla-tough-upgrade-TDS,H2C-WIKI,Recommended printing settings
P0008,M007,G007-01,Manufacturer published guidance,200 -240 °C,35 -65 °C,25 -45°C,Not published,Textured PEI Plate /Smooth PEI,Glue,Turn on,＜ 150 mm/s,Not published,BlastDrying Oven: 50 °C，8 h,"<20% RH (Sealed, with desiccant)",Not published,"0.2,0.4, 0.6,0.8 mm",Not published,Verify exact grade/nozzle; no blanket approval,Verify exact grade/nozzle; no blanket approval,Not verified for every grade,Not verified for every grade,Not published,Do not combine high- and low-temperature materials; low-temperature chamber guide limit 45°C. Grade-specific verification required.,Support for PLA,Not published,Not published,Not published,Length 30 mm,Angle 55 °,Not published,Not published,Not published,Not published,Not published,B-pla-translucent-TDS,H2C-WIKI,Recommended printing settings
P0009,M009,G009-01,Manufacturer published guidance,210 - 240 °C,35 - 45 °C,25 - 45 °C,Not published,"Cool Plate SuperTack, Smooth PEI Plate,",Not published,Turn on,< 250 mm/s,Not published,Blast Drying Oven: 55 °C，8 h,"< 20% RH (Sealed, with desiccant)",Not published,"0.2, 0.4,0.6, 0.8 mm",Not published,Verify exact grade/nozzle; no blanket approval,Verify exact grade/nozzle; no blanket approval,Not verified for every grade,Not verified for every grade,Not published,Do not combine high- and low-temperature materials; low-temperature chamber guide limit 45°C. Grade-specific verification required.,Not published,Not published,Not published,Not published,Length 30 mm,Angle 55 °,Not published,Not published,Not published,Not published,Not published,B-pla-silk-upgrade-TDS,H2C-WIKI,Recommended printing settings
P0010,M010,G010-01,Manufacturer published guidance,210 -240 °C,35 - 45°C,25 -45 °C,Not published,"Cool Plate, High Temperature Plate or",Glue,Turn on,< 250 mm/s,Not published,Blast Drying Oven: 55 °C，8 h,< 20% RH ( Sealed，with desiccant ),Not published,"0.2,0.4, 0.6, 0.8 mm",Not published,Verify exact grade/nozzle; no blanket approval,Verify exact grade/nozzle; no blanket approval,Not verified for every grade,Not verified for every grade,Not published,Do not combine high- and low-temperature materials; low-temperature chamber guide limit 45°C. Grade-specific verification required.,Not published,Not published,Not published,Not published,Not published,Angle 55 °,Not published,Not published,Not published,Not published,Not published,B-pla-silk-dual-color-TDS,H2C-WIKI,Recommended printing settings
P0011,M011,G011-01,Manufacturer published guidance,190 - 230 °C,35 - 45 °C,25 - 45 °C,Not published,"Cool Plate, High Temperature Plate or",Glue,Turn on,< 300 mm/s,Not published,Blast Drying Oven: 55 °C，8 h,< 20% RH (Sealed with desiccant),Not published,"0.2, 0.4, 0.6, 0.8 mm",Not published,Verify exact grade/nozzle; no blanket approval,Verify exact grade/nozzle; no blanket approval,Not verified for every grade,Not verified for every grade,Not published,Do not combine high- and low-temperature materials; low-temperature chamber guide limit 45°C. Grade-specific verification required.,Not published,Not published,Not published,Not published,Not published,Not published,Not published,Not published,Not published,Not published,Not published,B-pla-metal-TDS,H2C-WIKI,Recommended printing settings
P0012,M012,G012-01,Manufacturer published guidance,190 - 230 °C,35 - 45 °C,25 - 45 °C,Not published,"Cool Plate, High Temperature Plate or",Glue,Turn on,< 250 mm/s,Not published,"55 °C, 8 hours",< 20% RH (Sealed with desiccant),Not published,"0.4, 0.6, 0.8 mm",Not published,Verify exact grade/nozzle; no blanket approval,Verify exact grade/nozzle; no blanket approval,Not verified for every grade,Not verified for every grade,Not published,Do not combine high- and low-temperature materials; low-temperature chamber guide limit 45°C. Grade-specific verification required.,Not published,Not published,Not published,Not published,Not published,Not published,Not published,Not published,Not published,Not published,Not published,B-pla-marble-TDS,H2C-WIKI,Recommended printing settings
P0013,M013,G013-01,Manufacturer published guidance,190 - 230 °C,35 - 45 °C,25-45 °C,Not published,"Cool Plate, High Temperature Plate or",PVP Glue,100%,< 250 mm/s,Not published,"55 °C, 8 hours",< 20% RH (Sealed with desiccant),Not published,Not published,Not published,Verify exact grade/nozzle; no blanket approval,Verify exact grade/nozzle; no blanket approval,Not verified for every grade,Not verified for every grade,Not published,Do not combine high- and low-temperature materials; low-temperature chamber guide limit 45°C. Grade-specific verification required.,Not published,Not published,Not published,Not published,Not published,Not published,Not published,Not published,Not published,Not published,Not published,B-pla-sparkle-TDS,H2C-WIKI,Recommended printing settings
P0014,M014,G014-01,Manufacturer published guidance,190 - 240 °C,35 - 45 °C,25 - 45 °C,Not published,Textured PEI Plate / Smooth PEI Plate,Glue,Turn on,< 250 mm/s,Not published,"Blast Drying Oven: 55 °C, 8 h","< 20% RH (Sealed, with desiccant)",Not published,"0.4, 0.6, 0.8 mm",Not published,Verify exact grade/nozzle; no blanket approval,Verify exact grade/nozzle; no blanket approval,Not verified for every grade,Not verified for every grade,Not published,Do not combine high- and low-temperature materials; low-temperature chamber guide limit 45°C. Grade-specific verification required.,Not published,Not published,Not published,Not published,Not published,Angle ~ 55 °,Not published,Not published,Not published,Not published,Not published,B-pla-wood-TDS,H2C-WIKI,Recommended printing settings
P0015,M015,G015-01,Manufacturer published guidance,190 - 230 °C,35 - 45°C,25 - 45 °C,Not published,"Cool Plate, High Temperature Plate or",Glue,Turn on,<250 mm/s,Not published,Blast Drying Oven: 55 °C，8 h,"< 20% RH (Sealed, with desiccant)",Not published,"0.2, 0.4,0.6, 0.8 mm",Not published,Verify exact grade/nozzle; no blanket approval,Verify exact grade/nozzle; no blanket approval,Not verified for every grade,Not verified for every grade,Not published,Do not combine high- and low-temperature materials; low-temperature chamber guide limit 45°C. Grade-specific verification required.,Not published,Not published,Not published,Not published,Not published,Not published,Not published,Not published,Not published,Not published,Not published,B-pla-galaxy-TDS,H2C-WIKI,Recommended printing settings
P0016,M016,G016-01,Manufacturer published guidance,190 - 230 °C,35 - 45 °C,25 - 45 °C,Not published,"Cool Plate, High Temperature Plate or",Glue,Turn on,< 250 mm/s,Not published,"Blast Drying Oven: 55 °C, 8 h",< 20% RH (Sealed with desiccant),Not published,"0.4, 0.6, 0.8 mm",Not published,Verify exact grade/nozzle; no blanket approval,Verify exact grade/nozzle; no blanket approval,Not verified for every grade,Not verified for every grade,Not published,Do not combine high- and low-temperature materials; low-temperature chamber guide limit 45°C. Grade-specific verification required.,Not published,Not published,Not published,Not published,Not published,Not published,Not published,Not published,Not published,Not published,Not published,B-pla-glow-TDS,H2C-WIKI,Recommended printing settings
P0017,M017,G017-01,Manufacturer published guidance,210 - 260 °C,35 - 45 °C,25 - 45 °C,Not published,"Cool Plate, High Temperature Plate or",Glue,Turn on,< 180 mm/s,Not published,Blast Drying Oven: 55 °C，8 h,"<20% RH ( Sealed, with desiccant )",Not published,"0.4, 0.6, 0.8 mm",Not published,Verify exact grade/nozzle; no blanket approval,Verify exact grade/nozzle; no blanket approval,Not verified for every grade,Not verified for every grade,Not published,Do not combine high- and low-temperature materials; low-temperature chamber guide limit 45°C. Grade-specific verification required.,Not published,Not published,Not published,Not published,Length 30 mm,Angle 55°,Not published,Not published,Not published,Not published,Not published,B-pla-aero-TDS,H2C-WIKI,Recommended printing settings
P0018,M018,G018-01,Manufacturer published guidance,210 - 240 °C,35 - 45 °C,25 - 45 °C,Not published,"Cool Plate, High Temperature Plate or",Glue,Turn on,< 200 mm/s,Not published,Blast Drying Oven: 55 °C，8 h,"< 20% RH ( Sealed, with desiccant )",Not published,"0.4, 0.6, 0.8 mm",Use abrasion-resistant nozzle; verify minimum orifice. Fibre concentration and length are grade-specific.,Verify exact grade/nozzle; no blanket approval,Verify exact grade/nozzle; no blanket approval,Not verified for every grade,Not verified for every grade,Not published,Do not combine high- and low-temperature materials; low-temperature chamber guide limit 45°C. Grade-specific verification required.,Not published,Not published,Not published,Not published,Not published,Not published,Not published,Not published,Not published,Not published,Not published,B-pla-cf-TDS,H2C-WIKI,Recommended printing settings
P0019,M019,G019-01,Manufacturer published guidance,210-230 (°C),25-60 (°C),Ambient temperature,Not published,Not published,PC and Texture PEI (Glue when needed),ON,Up to 350 (mm/s),Not published,Not published,Not published,Not published,Not published,Use abrasion-resistant nozzle; verify minimum orifice. Fibre concentration and length are grade-specific.,Verify exact grade/nozzle; no blanket approval,Verify exact grade/nozzle; no blanket approval,Not verified for every grade,Not verified for every grade,Not published,Do not combine high- and low-temperature materials; low-temperature chamber guide limit 45°C. Grade-specific verification required.,material -,Not published,Not published,Not published,Not published,Not published,Not published,Not published,Not published,Not published,Not published,S-POLYCN-Polymaker-HT-PLA-GF-TDS-EN-V1-1,H2C-WIKI,Recommended printing settings
P0020,M019,G019-02,Manufacturer published guidance,Not published,Not published,Not published,Not published,Not published,Not published,Not published,Not published,Not published,Not published,Not published,Not published,Not published,Use abrasion-resistant nozzle; verify minimum orifice. Fibre concentration and length are grade-specific.,Verify exact grade/nozzle; no blanket approval,Verify exact grade/nozzle; no blanket approval,Not verified for every grade,Not verified for every grade,Not published,Do not combine high- and low-temperature materials; low-temperature chamber guide limit 45°C. Grade-specific verification required.,Not published,Not published,Not published,Not published,Not published,Not published,Not published,Not published,Not published,Not published,Not published,I-PLA-Glass-Fiber-Technical-Data-Sheet,H2C-WIKI,Recommended printing settings
P0021,M020,G020-01,Manufacturer published guidance,Not published,Not published,Not published,Not published,Not published,Not published,Not published,Not published,Not published,Not published,Not published,Not published,Not published,Not published,Verify exact grade/nozzle; no blanket approval,Verify exact grade/nozzle; no blanket approval,Not verified for every grade,Not verified for every grade,Not published,Do not combine high- and low-temperature materials; low-temperature chamber guide limit 45°C. Grade-specific verification required.,Not published,Not published,Not published,Not published,Not published,Not published,Not published,Not published,Not published,Not published,Not published,X-3DXPRO-LG-PETG-TDS-v3,H2C-WIKI,Recommended printing settings
P0022,M020,G020-02,Manufacturer published guidance,230 – 240 (℃),70 - 80 (˚C),Room temperature,Not published,"BuildTak® , Glass",Glue,OFF-20%,30-50 (mm/s),Not published,Not published,Not published,Not published,Not published,Not published,Verify exact grade/nozzle; no blanket approval,Verify exact grade/nozzle; no blanket approval,Not verified for every grade,Not verified for every grade,Not published,Do not combine high- and low-temperature materials; low-temperature chamber guide limit 45°C. Grade-specific verification required.,material PolyDissolve™ S1,Not published,Not published,Not published,Not published,angle 60 (˚),Not published,Not published,Not published,Not published,Not published,S-POLYCN-PolyLite-PETG-TDS-V5-3,H2C-WIKI,Recommended printing settings
P0023,M020,G020-03,Manufacturer published guidance,210 -235 ºC,50 -80 ºC,50-70 °C,Not published,Not published,Not published,0- 100%,30-70 mm/s,Not published,Not published,Not published,Not published,Not published,Not published,Verify exact grade/nozzle; no blanket approval,Verify exact grade/nozzle; no blanket approval,Not verified for every grade,Not verified for every grade,Not published,Do not combine high- and low-temperature materials; low-temperature chamber guide limit 45°C. Grade-specific verification required.,Not published,Not published,Not published,Not published,Not published,Not published,Not published,Not published,Not published,Not published,Not published,I-PETG-TDS,H2C-WIKI,Recommended printing settings
P0024,M021,G021-01,Manufacturer published guidance,230 - 260 °C,65 - 75 °C,35 - 50 °C,Not published,Cool Plate Supertack / Textured PEI Plate /,Not published,0 - 60%,＜ 200 mm/s,Not published,X1 Series & P Series & H2 Series Printer,"< 20% RH (Sealed, with desiccant)",Not published,"0.2, 0.4, 0.6, 0.8 mm",Not published,Verify exact grade/nozzle; no blanket approval,Verify exact grade/nozzle; no blanket approval,Not verified for every grade,Not verified for every grade,"AMS, AMS 2 PRO, AMS HT, AMS Lite",Do not combine high- and low-temperature materials; low-temperature chamber guide limit 45°C. Grade-specific verification required.,Not published,Not published,Not published,Not published,Not published,Not published,Not published,Not published,Not published,Not published,Not published,B-petg-basic-TDS,H2C-WIKI,Recommended printing settings
P0025,M022,G022-01,Manufacturer published guidance,230 - 260 °C,65 - 75 °C,35 - 50 °C,Not published,"Smooth PEI Plate, Textured PEI Plate",Glue,0 -60%,< 300 mm/s,Not published,Blast Drying Oven: 65 °C，8 h,"< 20% RH (Sealed, with desiccant)",Not published,"0.2, 0.4,0.6, 0.8 mm",Not published,Verify exact grade/nozzle; no blanket approval,Verify exact grade/nozzle; no blanket approval,Not verified for every grade,Not verified for every grade,Not published,Do not combine high- and low-temperature materials; low-temperature chamber guide limit 45°C. Grade-specific verification required.,Not published,Not published,Not published,Not published,Not published,Not published,Not published,Not published,Not published,Not published,Not published,B-petg-hf-TDS,H2C-WIKI,Recommended printing settings
P0026,M023,G023-01,Manufacturer published guidance,230 - 270 °C,65 - 75 °C,35 - 50 °C,Not published,"Engineering Plate, High Temperature",Glue,0 - 60%,< 220 mm/s,Not published,"Blast Drying Oven: 65 °C, 8 h",< 20% RH (Sealed with desiccant),Not published,"0.2, 0.4, 0.6, 0.8 mm",Not published,Verify exact grade/nozzle; no blanket approval,Verify exact grade/nozzle; no blanket approval,Not verified for every grade,Not verified for every grade,Not published,Do not combine high- and low-temperature materials; low-temperature chamber guide limit 45°C. Grade-specific verification required.,Not published,Not published,Not published,Not published,Not published,Not published,Not published,Not published,Not published,Not published,Not published,B-petg-translucent-TDS,H2C-WIKI,Recommended printing settings
P0027,M024,G024-01,Manufacturer published guidance,240 - 270 °C,65 - 75 °C,35 - 50 °C,Not published,"Engineering Plate, High Temperature Plate",Not published,0 - 60%,< 200 mm/s,Not published,"Blast Drying Oven: 65 °C, 8 h","Container's Humidity < 20% RH ( Sealed, with desiccant )",Not published,"0.4, 0.6, 0.8 mm",Use abrasion-resistant nozzle; verify minimum orifice. Fibre concentration and length are grade-specific.,Verify exact grade/nozzle; no blanket approval,Verify exact grade/nozzle; no blanket approval,Not verified for every grade,Not verified for every grade,Not published,Do not combine high- and low-temperature materials; low-temperature chamber guide limit 45°C. Grade-specific verification required.,Not published,Not published,Not published,Not published,Not published,Not published,Not published,Not published,Not published,Not published,Not published,B-petg-cf-TDS,H2C-WIKI,Recommended printing settings
P0028,M025,G025-01,Manufacturer published guidance,Not published,Not published,Not published,Not published,Not published,Not published,Not published,Not published,Not published,Not published,Not published,Not published,Not published,Use abrasion-resistant nozzle; verify minimum orifice. Fibre concentration and length are grade-specific.,Verify exact grade/nozzle; no blanket approval,Verify exact grade/nozzle; no blanket approval,Not verified for every grade,Not verified for every grade,Not published,Do not combine high- and low-temperature materials; low-temperature chamber guide limit 45°C. Grade-specific verification required.,Not published,Not published,Not published,Not published,Not published,Not published,Not published,Not published,Not published,Not published,Not published,I-PETG-Glass-Fiber-Technical-Data-Sheet,H2C-WIKI,Recommended printing settings
P0029,M026,G026-01,Manufacturer published guidance,Not published,Not published,Not published,Not published,Not published,Not published,Not published,Not published,Not published,Not published,Not published,Not published,Not published,Not published,Verify exact grade/nozzle; no blanket approval,Verify exact grade/nozzle; no blanket approval,Not verified for every grade,Not verified for every grade,Not published,Do not combine high- and low-temperature materials; low-temperature chamber guide limit 45°C. Grade-specific verification required.,Not published,Not published,Not published,Not published,Not published,Not published,Not published,Not published,Not published,Not published,Not published,X-3DXSTAT-ESD-PETG-TDS-v03,H2C-WIKI,Recommended printing settings
P0030,M026,G026-02,Manufacturer published guidance,250-290 (˚C),70-80 (˚C),Room temperature-50 (˚C),Not published,"BuildTak® , PC film","Glue, Magigoo",OFF-20%,30-50 (mm/s),Not published,Not published,Not published,Not published,Not published,Not published,Verify exact grade/nozzle; no blanket approval,Verify exact grade/nozzle; no blanket approval,Not verified for every grade,Not verified for every grade,Not published,Do not combine high- and low-temperature materials; low-temperature chamber guide limit 45°C. Grade-specific verification required.,material NA,Not published,Not published,Not published,Not published,angle 70 (˚),Not published,Not published,Not published,Not published,Not published,S-POLYCN-PolyMax-PETG-ESD-TDS-V5-3,H2C-WIKI,Recommended printing settings
P0031,M026,G026-03,Manufacturer published guidance,230-260°C STORAGE AND SHELF LIFE,60-80°C Filament should be stored in a dr y room at room,Not published,for printing not necessary,Not published,Not published,Not published,Not published,Not published,Not published,Not published,recommended No,Not published,Not published,Verify exact grade/nozzle; no blanket approval,Verify exact grade/nozzle; no blanket approval,Not verified for every grade,Not verified for every grade,Not published,Do not combine high- and low-temperature materials; low-temperature chamber guide limit 45°C. Grade-specific verification required.,Not published,Not published,Not published,Not published,Not published,Not published,Not published,Not published,Not published,Not published,Not published,S-SPECTRUM-en-tds-spectrum-petg-esd,H2C-WIKI,Recommended printing settings
P0032,M027,G027-01,Manufacturer published guidance,240 - 270 °C,80 - 100 °C,45 - 60 °C,Not published,"Engineering Plate, High Temperature Plate",Glue,0 - 80%,< 300 mm/s,Not published,"Blast Drying Oven: 80 °C, 8 h","< 20% RH (Sealed, with desiccant)",Not published,"0.2, 0.4, 0.6, 0.8 mm",Not published,Verify exact grade/nozzle; no blanket approval,Verify exact grade/nozzle; no blanket approval,Not verified for every grade,Not verified for every grade,Not published,Do not combine high- and low-temperature materials; low-temperature chamber guide limit 45°C. Grade-specific verification required.,Not published,Not published,Not published,Not published,Not published,Not published,Not published,Not published,Not published,Not published,Not published,B-abs-filament-TDS,H2C-WIKI,Recommended printing settings
P0033,M028,G028-01,Manufacturer published guidance,240 - 280 °C,80 -100 °C,45 - 60 °C,Not published,"Engineering Plate,High Temperature Plate",Glue,0 - 80%,< 180 mm/s,Not published,Blast Drying Oven: 80 °C，8 h,"< 20% RH (Sealed, with desiccant)",Not published,"0.4,0.6 ( recommended ),0.8 mm",Use abrasion-resistant nozzle; verify minimum orifice. Fibre concentration and length are grade-specific.,Verify exact grade/nozzle; no blanket approval,Verify exact grade/nozzle; no blanket approval,Not verified for every grade,Not verified for every grade,Not published,Do not combine high- and low-temperature materials; low-temperature chamber guide limit 45°C. Grade-specific verification required.,Not published,Not published,Not published,Not published,Not published,Not published,Not published,Not published,Not published,Not published,Not published,B-abs-gf-TDS,H2C-WIKI,Recommended printing settings
P0034,M029,G029-01,Manufacturer published guidance,Not published,Not published,Not published,Not published,Not published,Not published,Not published,Not published,Not published,Not published,Not published,Not published,Not published,Use abrasion-resistant nozzle; verify minimum orifice. Fibre concentration and length are grade-specific.,Verify exact grade/nozzle; no blanket approval,Verify exact grade/nozzle; no blanket approval,Not verified for every grade,Not verified for every grade,Not published,Do not combine high- and low-temperature materials; low-temperature chamber guide limit 45°C. Grade-specific verification required.,Not published,Not published,Not published,Not published,Not published,Not published,Not published,Not published,Not published,Not published,Not published,X-CarbonX-CF-ABS-TDS-v3,H2C-WIKI,Recommended printing settings
P0035,M029,G029-02,Manufacturer published guidance,220 -240 ºC,100- 110 ºC,50-70 °C,Not published,Not published,Not published,100%,30-60 mm/s,Not published,Not published,Not published,Not published,Not published,Use abrasion-resistant nozzle; verify minimum orifice. Fibre concentration and length are grade-specific.,Verify exact grade/nozzle; no blanket approval,Verify exact grade/nozzle; no blanket approval,Not verified for every grade,Not verified for every grade,Not published,Do not combine high- and low-temperature materials; low-temperature chamber guide limit 45°C. Grade-specific verification required.,Not published,Not published,Not published,Not published,Not published,Not published,Not published,Not published,Not published,Not published,Not published,I-CF-ABS-TDS,H2C-WIKI,Recommended printing settings
P0036,M030,G030-01,Manufacturer published guidance,Not published,Not published,Not published,Not published,Not published,Not published,Not published,Not published,Not published,Not published,Not published,Not published,Not published,Not published,Verify exact grade/nozzle; no blanket approval,Verify exact grade/nozzle; no blanket approval,Not verified for every grade,Not verified for every grade,Not published,Do not combine high- and low-temperature materials; low-temperature chamber guide limit 45°C. Grade-specific verification required.,Not published,Not published,Not published,Not published,Not published,Not published,Not published,Not published,Not published,Not published,Not published,X-3DXSTAT-ESD-ABS-TDS-v3,H2C-WIKI,Recommended printing settings
P0037,M030,G030-02,Manufacturer published guidance,Not published,Not published,Not published,Not published,Not published,Not published,Not published,"30-100mm/s, Filling Rate 100%, Filling Angle ±45°",Not published,Not published,Not published,Not published,Not published,Not published,Verify exact grade/nozzle; no blanket approval,Verify exact grade/nozzle; no blanket approval,Not verified for every grade,Not verified for every grade,Not published,Do not combine high- and low-temperature materials; low-temperature chamber guide limit 45°C. Grade-specific verification required.,Not published,Not published,Not published,Not published,Not published,Not published,Not published,Not published,Not published,Not published,Not published,I-ESD-ABS-TDS,H2C-WIKI,Recommended printing settings
P0038,M031,G031-01,Manufacturer published guidance,240 - 270 °C,80 - 100 °C,45 - 60 °C,Not published,"Engineering Plate, High Temperature Plate",Glue,0 - 80%,< 250 mm/s,Not published,"Blast Drying Oven: 80 °C, 8 h","< 20% RH (Sealed, with desiccant)",Not published,"0.2, 0.4, 0.6, 0.8 mm",Not published,Verify exact grade/nozzle; no blanket approval,Verify exact grade/nozzle; no blanket approval,Not verified for every grade,Not verified for every grade,Not published,Do not combine high- and low-temperature materials; low-temperature chamber guide limit 45°C. Grade-specific verification required.,Not published,Not published,Not published,Not published,Length ~ 40 mm,Angle ~ 70°,Not published,Not published,Not published,Not published,Not published,B-asa-filament-TDS,H2C-WIKI,Recommended printing settings
P0039,M032,G032-01,Manufacturer published guidance,240 - 28 0 °C,80 - 90 °C,45 - 60 °C,Not published,"Engineering Plate, High Temperature Plate",Glue,0 - 80%,< 150 mm/s,Not published,Blast Drying Oven: 80 °C， 8 h,"< 20% RH (Sealed, with desiccant)",Not published,"0.4 (Recommended) , 0.6, 0.8 mm",Not published,Verify exact grade/nozzle; no blanket approval,Verify exact grade/nozzle; no blanket approval,Not verified for every grade,Not verified for every grade,Not published,Do not combine high- and low-temperature materials; low-temperature chamber guide limit 45°C. Grade-specific verification required.,Not published,Not published,Not published,Not published,Not published,Angle ~ 70 °,Not published,Not published,Not published,Not published,Not published,B-asa-aero-TDS,H2C-WIKI,Recommended printing settings
P0040,M033,G033-01,Manufacturer published guidance,250 - 280 °C,80 - 100°C,45 - 60 °C,Not published,Textured PEI Plate / Smooth PEI Plate,Not published,Turn on,< 250 mm/s,Not published,Blast Drying Oven: 80 °C， 8 h,"< 20% RH (Sealed, with desiccant)",Not published,"0.4, 0.6, 0.8 mm",Use abrasion-resistant nozzle; verify minimum orifice. Fibre concentration and length are grade-specific.,Verify exact grade/nozzle; no blanket approval,Verify exact grade/nozzle; no blanket approval,Not verified for every grade,Not verified for every grade,Not published,Do not combine high- and low-temperature materials; low-temperature chamber guide limit 45°C. Grade-specific verification required.,Not published,Not published,Not published,Not published,Length ~ 40 mm,Angle ~ 70 °,Not published,Not published,Not published,Not published,Not published,B-asa-cf-TDS,H2C-WIKI,Recommended printing settings
P0041,M034,G034-01,Manufacturer published guidance,240 - 270°C,80 - 100°C,Not published,not necessary,Not published,Not published,0-20%,** 30 - 70 mm/s,Not published,Not published,Not published,recommended,Not published,Use abrasion-resistant nozzle; verify minimum orifice. Fibre concentration and length are grade-specific.,Verify exact grade/nozzle; no blanket approval,Verify exact grade/nozzle; no blanket approval,Not verified for every grade,Not verified for every grade,Not published,Do not combine high- and low-temperature materials; low-temperature chamber guide limit 45°C. Grade-specific verification required.,Not published,Not published,Not published,Not published,Not published,Not published,Not published,Not published,Not published,Not published,Not published,S-SPECTRUM-en-tds-spectrum-asax-x-gf10,H2C-WIKI,Recommended printing settings
P0042,M034,G034-02,Manufacturer published guidance,Not published,Not published,Not published,Not published,Not published,Not published,Not published,Not published,Not published,Not published,Not published,Not published,Not published,Use abrasion-resistant nozzle; verify minimum orifice. Fibre concentration and length are grade-specific.,Verify exact grade/nozzle; no blanket approval,Verify exact grade/nozzle; no blanket approval,Not verified for every grade,Not verified for every grade,Not published,Do not combine high- and low-temperature materials; low-temperature chamber guide limit 45°C. Grade-specific verification required.,Not published,Not published,Not published,Not published,Not published,Not published,Not published,Not published,Not published,Not published,Not published,I-ASA-Glass-Fiber-Technical-Data-Sheet,H2C-WIKI,Recommended printing settings
P0043,M035,G035-01,Manufacturer published guidance,260 - 280 °C,90 - 110 °C,45 - 60 °C,Not published,"Engineering Plate, High Temperature",PVP Glue,0 - 60%,＜300 mm/s,Not published,"80 °C, 8 hours",< 20% RH (Sealed with desiccant),Not published,Not published,Not published,Verify exact grade/nozzle; no blanket approval,Verify exact grade/nozzle; no blanket approval,Not verified for every grade,Not verified for every grade,Not published,Do not combine high- and low-temperature materials; low-temperature chamber guide limit 45°C. Grade-specific verification required.,Not published,Not published,Not published,Not published,Length ~ 40 mm,Angle ~ 70°,Not published,Not published,Not published,Not published,Not published,B-PC-TDS,H2C-WIKI,Recommended printing settings
P0044,M036,G036-01,Manufacturer published guidance,260 - 280 °C,90 -110°C,45 - 60 °C,Not published,Smooth PEI Plate / Textured PEI Plate,Glue,0 -60%,< 300 mm/s,Not published,"80°C, 8h",< 20% RH (Sealed with desiccant),Not published,"0.2, 0.4,0.6, 0.8 mm",Not published,Verify exact grade/nozzle; no blanket approval,Verify exact grade/nozzle; no blanket approval,Not verified for every grade,Not verified for every grade,Not published,Do not combine high- and low-temperature materials; low-temperature chamber guide limit 45°C. Grade-specific verification required.,Not published,Not published,Not published,Not published,Not published,Not published,Not published,Not published,Not published,Not published,Not published,B-pc-fr-TDS,H2C-WIKI,Recommended printing settings
P0045,M037,G037-01,Manufacturer published guidance,Not published,Not published,Not published,Not published,Not published,Not published,Not published,Not published,Not published,Not published,Not published,Not published,Not published,Use abrasion-resistant nozzle; verify minimum orifice. Fibre concentration and length are grade-specific.,Verify exact grade/nozzle; no blanket approval,Verify exact grade/nozzle; no blanket approval,Not verified for every grade,Not verified for every grade,Not published,Do not combine high- and low-temperature materials; low-temperature chamber guide limit 45°C. Grade-specific verification required.,Not published,Not published,Not published,Not published,Not published,Not published,Not published,Not published,Not published,Not published,Not published,X-CarbonX-CF-PC-TDSv3,H2C-WIKI,Recommended printing settings
P0046,M037,G037-02,Manufacturer published guidance,"- standard speed 270-290°C sunlight and direct heat. When stored properly,",>80°C product has a shelf life of 24 months.,Not published,recommended for larger prints,Not published,Not published,0-20%,Not published,Not published,Not published,Not published,Ye s,Not published,Use abrasion-resistant nozzle; verify minimum orifice. Fibre concentration and length are grade-specific.,Verify exact grade/nozzle; no blanket approval,Verify exact grade/nozzle; no blanket approval,Not verified for every grade,Not verified for every grade,Not published,Do not combine high- and low-temperature materials; low-temperature chamber guide limit 45°C. Grade-specific verification required.,Not published,Not published,Not published,Not published,Not published,Not published,Not published,Not published,Not published,Not published,Not published,S-SPECTRUM-en-tds-spectrum-pc-cf,H2C-WIKI,Recommended printing settings
P0047,M037,G037-03,Manufacturer published guidance,Not published,Not published,Not published,Not published,Not published,Not published,Not published,Not published,Not published,Not published,Not published,Not published,Not published,Use abrasion-resistant nozzle; verify minimum orifice. Fibre concentration and length are grade-specific.,Verify exact grade/nozzle; no blanket approval,Verify exact grade/nozzle; no blanket approval,Not verified for every grade,Not verified for every grade,Not published,Do not combine high- and low-temperature materials; low-temperature chamber guide limit 45°C. Grade-specific verification required.,Not published,Not published,Not published,Not published,Not published,Not published,Not published,Not published,Not published,Not published,Not published,I-PC-CF-TDS,H2C-WIKI,Recommended printing settings
P0048,M038,G038-01,Manufacturer published guidance,Not published,90-110 °C —,Not published,Not published,Not published,Not published,Not published,Not published,Not published,Not published,Not published,Not published,Not published,Use abrasion-resistant nozzle; verify minimum orifice. Fibre concentration and length are grade-specific.,Verify exact grade/nozzle; no blanket approval,Verify exact grade/nozzle; no blanket approval,Not verified for every grade,Not verified for every grade,Not published,Do not combine high- and low-temperature materials; low-temperature chamber guide limit 45°C. Grade-specific verification required.,Not published,Not published,Not published,Not published,Not published,Not published,Not published,Not published,Not published,Not published,Not published,S-PCGF-TDS-1,H2C-WIKI,Recommended printing settings
P0049,M039,G039-01,Manufacturer published guidance,210 – 230 (℃),25 - 60 (˚C),Room temperature,Not published,"BuildTak® , Glass, Blue Tape","PVA or PVP glue, Magigoo",ON,20-40 (mm/s),Not published,Not published,Not published,Not published,Not published,Not published,Verify exact grade/nozzle; no blanket approval,Verify exact grade/nozzle; no blanket approval,Not verified for every grade,Not verified for every grade,Not published,Do not combine high- and low-temperature materials; low-temperature chamber guide limit 45°C. Grade-specific verification required.,material PolySupport™ and PolyDissolve™ S1,Not published,Not published,Not published,Not published,angle 35 (˚),Not published,Not published,Not published,Not published,Not published,S-POLYCN-PolyFlex-TPU95-TDS-V5-1,H2C-WIKI,Recommended printing settings
P0050,M039,G039-02,Manufacturer published guidance,220 -240 ºC,30 -500 ºC,0-50 °C,Not published,Not published,Not published,0- 100%,20-50 mm/s,Not published,Not published,Not published,Not published,Not published,Not published,Verify exact grade/nozzle; no blanket approval,Verify exact grade/nozzle; no blanket approval,Not verified for every grade,Not verified for every grade,Not published,Do not combine high- and low-temperature materials; low-temperature chamber guide limit 45°C. Grade-specific verification required.,Not published,Not published,Not published,Not published,Not published,Not published,Not published,Not published,Not published,Not published,Not published,I-TPU-TDS,H2C-WIKI,Recommended printing settings
P0051,M040,G040-01,Manufacturer published guidance,220 -240 °C,30 -35 °C,25 - 45°C,Not published,Textured PEI Plate /Smooth PEI Plate,Glue,Turn on,＜ 250 mm/s,Not published,"Blast Drying Oven: 70 °C, 8 h","< 20% RH (Sealed, with desiccant)",Not published,"0.4, 0.6,0.8 mm",Not published,Verify exact grade/nozzle; no blanket approval,Verify exact grade/nozzle; no blanket approval,Not verified for every grade,Not verified for every grade,Not published,Do not combine high- and low-temperature materials; low-temperature chamber guide limit 45°C. Grade-specific verification required.,Not published,Not published,Not published,Not published,Length 20 mm,Angle ~ 70 °,Not published,Not published,Not published,Not published,Not published,B-tpu-for-ams-TDS,H2C-WIKI,Recommended printing settings
P0052,M041,G041-01,Manufacturer published guidance,220 - 240 °C,30 - 35 °C,25 - 45 °C,Not published,"Cool Plate, Engineering Plate, High",Glue,Turn on,< 200 mm/s,Not published,"Blast Drying Oven: 70 °C, 8 h",< 20% RH (Sealed with desiccant),Not published,"0.4, 0.6, 0.8 mm",Not published,Not supported at baseline; 90A/95A HF future firmware noted,Right only,Not compatible,External spool; do not infer AMS feeding from drying support,Not published,Do not combine high- and low-temperature materials; low-temperature chamber guide limit 45°C. Grade-specific verification required.,Not published,Not published,Not published,Not published,Not published,Not published,Not published,Not published,Not published,Not published,Not published,B-tpu-95a-hf-TDS,H2C-WIKI,Recommended printing settings
P0053,M042,G042-01,Manufacturer published guidance,200 -250 °C,30 -35 °C,25 -45 °C,Not published,"Smooth PEI Plate, Textured PEI Plate",Not published,Turn on,< 200 mm/s,Not published,"Blast Drying Oven: 70 °C,8 h","<20% RH (Sealed, with desiccant)",Not published,"0.4,0.6, 0.8 mm",Not published,Not supported at baseline; 90A/95A HF future firmware noted,Right only,Not compatible,External spool; do not infer AMS feeding from drying support,Not published,Do not combine high- and low-temperature materials; low-temperature chamber guide limit 45°C. Grade-specific verification required.,Not published,Not published,Not published,Not published,Not published,Not published,Not published,Not published,Not published,Not published,Not published,B-TPU-SOFT-TDS-4,H2C-WIKI,Recommended printing settings
P0054,M043,G043-01,Manufacturer published guidance,200 -250 °C,30 -35 °C,25 -45 °C,Not published,"Smooth PEI Plate, Textured PEI Plate",Not published,Turn on,<200 mm/s,Not published,"Blast Drying Oven: 70 °C, 8 h","< 20% RH (Sealed, with desiccant)",Not published,"0.6,0.8 mm",Not published,Not supported at baseline; 90A/95A HF future firmware noted,Right only,Not compatible,External spool; do not infer AMS feeding from drying support,Not published,Do not combine high- and low-temperature materials; low-temperature chamber guide limit 45°C. Grade-specific verification required.,Turn on,Not published,Not published,Not published,Length 10 mm,Angle ~ 40 °,Not published,Not published,Not published,Not published,Not published,B-TPU-SOFT-TDS-5,H2C-WIKI,Recommended printing settings
P0055,M044,G044-01,Manufacturer published guidance,220–240°C,20–60°C,No setpoint published ('-' in TDS),Not published,Not published,PP adhesive,Not published,20–50 mm/s,Not published,60°C for4–16h hot-air dryer or vacuum oven,Keep dry; sealed15–25°C; RH not specified,Not published,≥0.4 mm,Not published,Verify exact grade/nozzle; no blanket approval,Verify exact grade/nozzle; no blanket approval,Not verified for every grade,Not verified for every grade,Not published,Do not combine high- and low-temperature materials; low-temperature chamber guide limit 45°C. Grade-specific verification required.,Not published,Not published,Not published,Not published,Not published,Not published,Not published,Not published,Not published,Not published,Not published,S-TPC,H2C-WIKI,Recommended printing settings
P0056,M039,G039-03,Manufacturer published guidance,210 – 230 (℃),25 - 60 (˚C),Room temperature,Not published,"BuildTak® , Glass, Blue Tape","PVA or PVP glue, Magigoo",ON,30-60 (mm/s),Not published,Not published,Not published,Not published,Not published,Not published,Verify exact grade/nozzle; no blanket approval,Verify exact grade/nozzle; no blanket approval,Not verified for every grade,Not verified for every grade,Not published,Do not combine high- and low-temperature materials; low-temperature chamber guide limit 45°C. Grade-specific verification required.,material PolySupport™ and PolyDissolve™ S1,Not published,Not published,Not published,Not published,angle 35 (˚),Not published,Not published,Not published,Not published,Not published,S-POLYCN-PolyFlex-TPU90-TDS-V5-1,H2C-WIKI,Recommended printing settings
P0057,M045,G045-01,Manufacturer published guidance,230~260 ℃（recommended: 240℃）,60~90 ℃,Not published,Not published,Not published,Not published,10~50 %,25~110 mm/s,Not published,Not published,Not published,Not published,0.4 mm,Not published,Verify exact grade/nozzle; no blanket approval,Verify exact grade/nozzle; no blanket approval,Not verified for every grade,Not verified for every grade,Not published,Do not combine high- and low-temperature materials; low-temperature chamber guide limit 45°C. Grade-specific verification required.,Not published,Not published,Not published,Not published,Not published,Not published,Not published,Not published,Not published,Not published,Not published,S-PEBA-PEBA90A-TDS-en,H2C-WIKI,Recommended printing settings
P0058,M045,G045-02,Manufacturer published guidance,200-240°C Filament should be stored in a dr y room at room,"0-50°C is ca. 18-25°C (64.4 -77.0°F). Keep out of moisture,",Not published,for printing not necessary,Not published,Not published,Not published,Not published,Not published,Not published,Not published,recommended No,Not published,Not published,Verify exact grade/nozzle; no blanket approval,Verify exact grade/nozzle; no blanket approval,Not verified for every grade,Not verified for every grade,Not published,Do not combine high- and low-temperature materials; low-temperature chamber guide limit 45°C. Grade-specific verification required.,Not published,Not published,Not published,Not published,Not published,Not published,Not published,Not published,Not published,Not published,Not published,S-SPECTRUM-en-tds-spectrum-peba,H2C-WIKI,Recommended printing settings
P0059,M046,G046-01,Manufacturer published guidance,220–240°C,20–60°C,No setpoint published ('-' in TDS),Not published,Not published,PP adhesive,Not published,20–50 mm/s,Not published,60°C for4–16h hot-air dryer or vacuum oven,Keep dry; sealed15–25°C; RH not specified,Not published,≥0.4 mm,Not published,Verify exact grade/nozzle; no blanket approval,Verify exact grade/nozzle; no blanket approval,Not verified for every grade,Not verified for every grade,Not published,Do not combine high- and low-temperature materials; low-temperature chamber guide limit 45°C. Grade-specific verification required.,Not published,Not published,Not published,Not published,Not published,Not published,Not published,Not published,Not published,Not published,Not published,S-TPC,H2C-WIKI,Recommended printing settings
P0060,M047,G047-01,Manufacturer published guidance,250 – 270 (℃),25 - 50 (˚C),40 - 60 (˚C),Not published,"PA film, PI film",Glue,OFF,30-60 (mm/s),Not published,Not published,Not published,Not published,Not published,Not published,Verify exact grade/nozzle; no blanket approval,Verify exact grade/nozzle; no blanket approval,Not verified for every grade,Not verified for every grade,Not published,Do not combine high- and low-temperature materials; low-temperature chamber guide limit 45°C. Grade-specific verification required.,material PolyDissolve™ S1,Not published,Not published,Not published,Not published,angle 55 (˚),Not published,Not published,Not published,Not published,Not published,S-POLYCN-PolyMide-CoPA-TDS-V5-2,H2C-WIKI,Recommended printing settings
P0061,M047,G047-02,Manufacturer published guidance,Not published,Not published,Not published,Not published,Not published,Not published,Not published,Not published,Not published,Not published,Not published,Not published,Not published,Not published,Verify exact grade/nozzle; no blanket approval,Verify exact grade/nozzle; no blanket approval,Not verified for every grade,Not verified for every grade,Not published,Do not combine high- and low-temperature materials; low-temperature chamber guide limit 45°C. Grade-specific verification required.,Not published,Not published,Not published,Not published,Not published,Not published,Not published,Not published,Not published,Not published,Not published,X-AMIDEX-PA6-Copolymer-v1-0,H2C-WIKI,Recommended printing settings
P0062,M047,G047-03,Manufacturer published guidance,250-280°C,60-80°C,Not published,recommended,Not published,Not published,0 - 10%,** 30-70 mm/s,Not published,Not published,Not published,not necessary,Not published,Not published,Verify exact grade/nozzle; no blanket approval,Verify exact grade/nozzle; no blanket approval,Not verified for every grade,Not verified for every grade,Not published,Do not combine high- and low-temperature materials; low-temperature chamber guide limit 45°C. Grade-specific verification required.,Not published,Not published,Not published,Not published,Not published,Not published,Not published,Not published,Not published,Not published,Not published,S-SPECTRUM-en-tds-spectrum-pa6-neat-bk,H2C-WIKI,Recommended printing settings
P0063,M048,G048-01,Manufacturer published guidance,260 - 290 °C,80 - 100 °C,45 - 60 °C,Not published,"Engineering Plate, High Temperature Plate or",Glue,0 - 40%,< 100 mm/s,Not published,"Blast Drying Oven: 80 °C, 8 - 12 h",< 20% RH (Sealed with desiccant),Not published,"0.4, 0.6(recommended), 0.8 mm",Use abrasion-resistant nozzle; verify minimum orifice. Fibre concentration and length are grade-specific.,Verify exact grade/nozzle; no blanket approval,Verify exact grade/nozzle; no blanket approval,Not verified for every grade,Not verified for every grade,Not published,Do not combine high- and low-temperature materials; low-temperature chamber guide limit 45°C. Grade-specific verification required.,Not published,Not published,Not published,Not published,Not published,Not published,Not published,Not published,Not published,Not published,Not published,B-paht-cf-TDS,H2C-WIKI,Recommended printing settings
P0064,M049,G049-01,Manufacturer published guidance,250-280°C,60-80°C,Not published,recommended,Not published,Not published,0 - 10%,** 30-70 mm/s,Not published,Not published,Not published,not necessary,Not published,Not published,Verify exact grade/nozzle; no blanket approval,Verify exact grade/nozzle; no blanket approval,Not verified for every grade,Not verified for every grade,Not published,Do not combine high- and low-temperature materials; low-temperature chamber guide limit 45°C. Grade-specific verification required.,Not published,Not published,Not published,Not published,Not published,Not published,Not published,Not published,Not published,Not published,Not published,S-SPECTRUM-en-tds-spectrum-pa6-neat-bk,H2C-WIKI,Recommended printing settings
P0065,M050,G050-01,Manufacturer published guidance,260 - 290 °C,80 - 100 °C,45 - 60 °C,Not published,"Engineering Plate, High Temperature Plate or",Not published,0 - 60%,< 100 mm/s,Not published,"Blast Drying Oven: 80 °C, 8 - 12 h","Container's Humidity < 20% RH ( Sealed, with desiccant )",Not published,"0.4, 0.6 ( R ecommended ), 0.8 mm",Use abrasion-resistant nozzle; verify minimum orifice. Fibre concentration and length are grade-specific.,Verify exact grade/nozzle; no blanket approval,Verify exact grade/nozzle; no blanket approval,Not verified for every grade,Not verified for every grade,Not published,Do not combine high- and low-temperature materials; low-temperature chamber guide limit 45°C. Grade-specific verification required.,Not published,Not published,Not published,Not published,Not published,Not published,Not published,Not published,Not published,Not published,Not published,B-pa6-cf-TDS,H2C-WIKI,Recommended printing settings
P0066,M051,G051-01,Manufacturer published guidance,260 - 290 °C,80 -100 °C,45 - 60 °C,Not published,"Engineering Plate,High Temperature Plate",Glue,0 - 60%,< 130 mm/s,Not published,"Blast Drying Oven: 80 °C,8-12 h",< 20% RH (Sealed with desiccant),Not published,"0.4, 0.6( recommended ),0.8 mm",Use abrasion-resistant nozzle; verify minimum orifice. Fibre concentration and length are grade-specific.,Verify exact grade/nozzle; no blanket approval,Verify exact grade/nozzle; no blanket approval,Not verified for every grade,Not verified for every grade,Not published,Do not combine high- and low-temperature materials; low-temperature chamber guide limit 45°C. Grade-specific verification required.,Not published,Not published,Not published,Not published,Length ~ 40 mm,Angle ~ 70°,Not published,Not published,Not published,Not published,Not published,B-pa6-gf-TDS,H2C-WIKI,Recommended printing settings
P0067,M052,G052-01,Manufacturer published guidance,275–300°C,60–100°C,Not required,Not published,Not published,Not published,Not published,Not published,Not published,80°C for 4 h,Not published,Not published,Not published,Not published,Verify exact grade/nozzle; no blanket approval,Verify exact grade/nozzle; no blanket approval,Not verified for every grade,Not verified for every grade,Not published,Do not combine high- and low-temperature materials; low-temperature chamber guide limit 45°C. Grade-specific verification required.,Not published,Not published,Not published,Not published,Not published,Not published,Not published,Not published,Not published,Not published,Not published,S-PA12,H2C-WIKI,Recommended printing settings
P0068,M053,G053-01,Manufacturer published guidance,Not published,Not published,Not published,Not published,Not published,Not published,Not published,Not published,Not published,Not published,Not published,Not published,Not published,Use abrasion-resistant nozzle; verify minimum orifice. Fibre concentration and length are grade-specific.,Verify exact grade/nozzle; no blanket approval,Verify exact grade/nozzle; no blanket approval,Not verified for every grade,Not verified for every grade,Not published,Do not combine high- and low-temperature materials; low-temperature chamber guide limit 45°C. Grade-specific verification required.,Not published,Not published,Not published,Not published,Not published,Not published,Not published,Not published,Not published,Not published,Not published,X-CarbonX-CF-PA12-TDS-v1,H2C-WIKI,Recommended printing settings
P0069,M053,G053-02,Manufacturer published guidance,260 – 300 (℃),25 - 50 (˚C),Room temperature,Not published,"BuildTak® , Glass, Blue Tape",PVP Glue,OFF,30-60 (mm/s),Not published,Not published,Not published,Not published,Not published,Use abrasion-resistant nozzle; verify minimum orifice. Fibre concentration and length are grade-specific.,Verify exact grade/nozzle; no blanket approval,Verify exact grade/nozzle; no blanket approval,Not verified for every grade,Not verified for every grade,Not published,Do not combine high- and low-temperature materials; low-temperature chamber guide limit 45°C. Grade-specific verification required.,material N/A,Not published,Not published,Not published,Not published,angle 60 (˚),Not published,Not published,Not published,Not published,Not published,S-POLYCN-PolyMide-PA12-CF-TDS-V5-1-1,H2C-WIKI,Recommended printing settings
P0070,M053,G053-03,Manufacturer published guidance,- standard speed 255-290°C,>80°C,Not published,"recommended for larger prints sunlight and direct heat. When stored properly,",Not published,Not published,0-10%,Not published,Not published,Not published,Not published,Ye s,Not published,Use abrasion-resistant nozzle; verify minimum orifice. Fibre concentration and length are grade-specific.,Verify exact grade/nozzle; no blanket approval,Verify exact grade/nozzle; no blanket approval,Not verified for every grade,Not verified for every grade,Not published,Do not combine high- and low-temperature materials; low-temperature chamber guide limit 45°C. Grade-specific verification required.,Not published,Not published,Not published,Not published,Not published,Not published,Not published,Not published,Not published,Not published,Not published,S-SPECTRUM-en-tds-spectrum-pa12-cf15,H2C-WIKI,Recommended printing settings
P0071,M054,G054-01,Manufacturer published guidance,Not published,Not published,Not published,Not published,Not published,Not published,Not published,Not published,Not published,Not published,Not published,Not published,Not published,Use abrasion-resistant nozzle; verify minimum orifice. Fibre concentration and length are grade-specific.,Verify exact grade/nozzle; no blanket approval,Verify exact grade/nozzle; no blanket approval,Not verified for every grade,Not verified for every grade,Not published,Do not combine high- and low-temperature materials; low-temperature chamber guide limit 45°C. Grade-specific verification required.,Not published,Not published,Not published,Not published,Not published,Not published,Not published,Not published,Not published,Not published,Not published,X-FIBREX-PA12-GF30-TDS-v1-0,H2C-WIKI,Recommended printing settings
P0072,M057,G057-01,Manufacturer published guidance,250 – 270 (℃),25 - 50 (˚C),40 - 60 (˚C),Not published,"PA film, PI film",Glue,OFF,30-60 (mm/s),Not published,Not published,Not published,Not published,Not published,Not published,Verify exact grade/nozzle; no blanket approval,Verify exact grade/nozzle; no blanket approval,Not verified for every grade,Not verified for every grade,Not published,Do not combine high- and low-temperature materials; low-temperature chamber guide limit 45°C. Grade-specific verification required.,material PolyDissolve™ S1,Not published,Not published,Not published,Not published,angle 55 (˚),Not published,Not published,Not published,Not published,Not published,S-POLYCN-PolyMide-CoPA-TDS-V5-2,H2C-WIKI,Recommended printing settings
P0073,M057,G057-02,Manufacturer published guidance,Not published,Not published,Not published,Not published,Not published,Not published,Not published,Not published,Not published,Not published,Not published,Not published,Not published,Not published,Verify exact grade/nozzle; no blanket approval,Verify exact grade/nozzle; no blanket approval,Not verified for every grade,Not verified for every grade,Not published,Do not combine high- and low-temperature materials; low-temperature chamber guide limit 45°C. Grade-specific verification required.,Not published,Not published,Not published,Not published,Not published,Not published,Not published,Not published,Not published,Not published,Not published,X-AMIDEX-PA6-Copolymer-v1-0,H2C-WIKI,Recommended printing settings
P0074,M059,G059-01,Manufacturer published guidance,250-300 °C Printing speed Up to 300mm/s,40-50 °C Drying temp. and time 100 °C/10H PolySupport™ for PA12,Room Temp. Annealing temp. and time 100 °C/16H PolyDissolve™ S1,Not published,Not published,Not published,OFF Recommended,Not published,Not published,Not published,Not published,Not published,Not published,Use abrasion-resistant nozzle; verify minimum orifice. Fibre concentration and length are grade-specific.,Verify exact grade/nozzle; no blanket approval,Verify exact grade/nozzle; no blanket approval,Not verified for every grade,Not verified for every grade,Not published,Do not combine high- and low-temperature materials; low-temperature chamber guide limit 45°C. Grade-specific verification required.,Not published,Not published,Not published,Not published,Not published,Not published,Not published,Not published,Not published,Not published,Not published,S-FIBER-PA612,H2C-WIKI,Recommended printing settings
P0075,M061,G061-01,Manufacturer published guidance,250 – 270 (℃),25 - 50 (˚C),40 - 60 (˚C),Not published,"PA film, PI film",Glue,OFF,30-60 (mm/s),Not published,Not published,Not published,Not published,Not published,Not published,Verify exact grade/nozzle; no blanket approval,Verify exact grade/nozzle; no blanket approval,Not verified for every grade,Not verified for every grade,Not published,Do not combine high- and low-temperature materials; low-temperature chamber guide limit 45°C. Grade-specific verification required.,material PolyDissolve™ S1,Not published,Not published,Not published,Not published,angle 55 (˚),Not published,Not published,Not published,Not published,Not published,S-POLYCN-PolyMide-CoPA-TDS-V5-2,H2C-WIKI,Recommended printing settings
P0076,M061,G061-02,Manufacturer published guidance,Not published,Not published,Not published,Not published,Not published,Not published,Not published,Not published,Not published,Not published,Not published,Not published,Not published,Not published,Verify exact grade/nozzle; no blanket approval,Verify exact grade/nozzle; no blanket approval,Not verified for every grade,Not verified for every grade,Not published,Do not combine high- and low-temperature materials; low-temperature chamber guide limit 45°C. Grade-specific verification required.,Not published,Not published,Not published,Not published,Not published,Not published,Not published,Not published,Not published,Not published,Not published,X-AMIDEX-PA6-Copolymer-v1-0,H2C-WIKI,Recommended printing settings
P0077,M062,G062-01,Manufacturer published guidance,Not published,Not published,Not published,Not published,Not published,Not published,Not published,Not published,Not published,Not published,Not published,Not published,Not published,Use abrasion-resistant nozzle; verify minimum orifice. Fibre concentration and length are grade-specific.,Verify exact grade/nozzle; no blanket approval,Verify exact grade/nozzle; no blanket approval,Not verified for every grade,Not verified for every grade,Not published,Do not combine high- and low-temperature materials; low-temperature chamber guide limit 45°C. Grade-specific verification required.,Not published,Not published,Not published,Not published,Not published,Not published,Not published,Not published,Not published,Not published,Not published,X-CarbonX-CF-PA12-TDS-v1,H2C-WIKI,Recommended printing settings
P0078,M062,G062-02,Manufacturer published guidance,250-300 °C Printing speed Up to 300mm/s,40-50 °C Drying temp. and time 100 °C/10H PolySupport™ for PA12,Room Temp. Annealing temp. and time 100 °C/16H PolyDissolve™ S1,Not published,Not published,Not published,OFF Recommended,Not published,Not published,Not published,Not published,Not published,Not published,Use abrasion-resistant nozzle; verify minimum orifice. Fibre concentration and length are grade-specific.,Verify exact grade/nozzle; no blanket approval,Verify exact grade/nozzle; no blanket approval,Not verified for every grade,Not verified for every grade,Not published,Do not combine high- and low-temperature materials; low-temperature chamber guide limit 45°C. Grade-specific verification required.,Not published,Not published,Not published,Not published,Not published,Not published,Not published,Not published,Not published,Not published,Not published,S-FIBER-PA612,H2C-WIKI,Recommended printing settings
P0079,M050,G050-02,Manufacturer published guidance,Not published,Not published,Not published,Not published,Not published,Not published,Not published,Not published,Not published,Not published,Not published,Not published,Not published,Use abrasion-resistant nozzle; verify minimum orifice. Fibre concentration and length are grade-specific.,Verify exact grade/nozzle; no blanket approval,Verify exact grade/nozzle; no blanket approval,Not verified for every grade,Not verified for every grade,Not published,Do not combine high- and low-temperature materials; low-temperature chamber guide limit 45°C. Grade-specific verification required.,Not published,Not published,Not published,Not published,Not published,Not published,Not published,Not published,Not published,Not published,Not published,I-PA6-CF-TDS,H2C-WIKI,Recommended printing settings
P0080,M051,G051-02,Manufacturer published guidance,Not published,Not published,Not published,Not published,Not published,Not published,Not published,Not published,Not published,Not published,Not published,Not published,Not published,Use abrasion-resistant nozzle; verify minimum orifice. Fibre concentration and length are grade-specific.,Verify exact grade/nozzle; no blanket approval,Verify exact grade/nozzle; no blanket approval,Not verified for every grade,Not verified for every grade,Not published,Do not combine high- and low-temperature materials; low-temperature chamber guide limit 45°C. Grade-specific verification required.,Not published,Not published,Not published,Not published,Not published,Not published,Not published,Not published,Not published,Not published,Not published,X-AMIDEX-Nylon-GF30-TDS-v1,H2C-WIKI,Recommended printing settings
P0081,M051,G051-03,Manufacturer published guidance,280 – 300 (℃),25 - 50 (˚C),Room temperature - 50 (˚C),Not published,"BuildTak® , Glass, Blue Tape",Glue,OFF,30-60 (mm/s),Not published,Not published,Not published,Not published,Not published,Use abrasion-resistant nozzle; verify minimum orifice. Fibre concentration and length are grade-specific.,Verify exact grade/nozzle; no blanket approval,Verify exact grade/nozzle; no blanket approval,Not verified for every grade,Not verified for every grade,Not published,Do not combine high- and low-temperature materials; low-temperature chamber guide limit 45°C. Grade-specific verification required.,material PolyDissolve™ S1,Not published,Not published,Not published,Not published,angle 50 (˚),Not published,Not published,Not published,Not published,Not published,S-POLYCN-PolyMide-PA6-GF-TDS-V5-1,H2C-WIKI,Recommended printing settings
P0082,M064,G064-01,Manufacturer published guidance,265-285 °C,90-110 °C,Not published,Not published,Not published,Not published,Not published,Not published,Not published,Not published,Not published,Not published,Not published,Not published,Verify exact grade/nozzle; no blanket approval,Verify exact grade/nozzle; no blanket approval,Not verified for every grade,Not verified for every grade,Not published,Do not combine high- and low-temperature materials; low-temperature chamber guide limit 45°C. Grade-specific verification required.,Not published,Not published,Not published,Not published,Not published,Not published,Not published,Not published,Not published,Not published,Not published,X-3DXSTAT-ESD-PA12-TDS-v1,H2C-WIKI,Recommended printing settings
P0083,M064,G064-02,Manufacturer published guidance,280-300 °C Printing speed Up to 300mm/s,40-50 °C Drying temp. and time 100 °C/10H,Room Temp. Annealing temp. and time 100 °C/16H PolySupport™ for PA12,Not published,Not published,Not published,OFF Recommended,Not published,Not published,Not published,Not published,Not published,Not published,Not published,Verify exact grade/nozzle; no blanket approval,Verify exact grade/nozzle; no blanket approval,Not verified for every grade,Not verified for every grade,Not published,Do not combine high- and low-temperature materials; low-temperature chamber guide limit 45°C. Grade-specific verification required.,Not published,Not published,Not published,Not published,Not published,Not published,Not published,Not published,Not published,Not published,Not published,S-POLYCN-TDS-FIBERON-PA612-ESD-V1-0-EN-1,H2C-WIKI,Recommended printing settings
P0084,M065,G065-01,Manufacturer published guidance,280-300 °C Printing speed Up to 300mm/s,40-50 °C Drying temp. and time 100 °C/10H,Room Temp. Annealing temp. and time 100 °C/16H PolySupport™ for PA12,Not published,Not published,Not published,OFF Recommended,Not published,Not published,Not published,Not published,Not published,Not published,Not published,Verify exact grade/nozzle; no blanket approval,Verify exact grade/nozzle; no blanket approval,Not verified for every grade,Not verified for every grade,Not published,Do not combine high- and low-temperature materials; low-temperature chamber guide limit 45°C. Grade-specific verification required.,Not published,Not published,Not published,Not published,Not published,Not published,Not published,Not published,Not published,Not published,Not published,S-POLYCN-TDS-FIBERON-PA612-ESD-V1-0-EN-1,H2C-WIKI,Recommended printing settings
P0085,M066,G066-01,Manufacturer published guidance,235–260°C,80–90°C,Not published,Yes,Not published,Not published,0–50%,Not published,Not published,45–60°C for 6 h; required,Dry box required; RH not published,Not published,Not published,Not published,Verify exact grade/nozzle; no blanket approval,Verify exact grade/nozzle; no blanket approval,Not verified for every grade,Not verified for every grade,Not published,Do not combine high- and low-temperature materials; low-temperature chamber guide limit 45°C. Grade-specific verification required.,Not published,Not published,Not published,Not published,Not published,Not published,Manufacturer promotes high detail; no part-dimensional tolerance specified,Not published,Not published,Not published,Not published,S-PET-TDS,H2C-WIKI,Recommended printing settings
P0086,M067,G067-01,Manufacturer published guidance,260 -290 °C,80 -100 °C,45 -60 °C,Not published,"Engineering Plate, High Temperature Plate or",Glue,0 - 60%,< 100 mm/s,Not published,"Blast Drying Oven: 80 °C, 8 -12 h",<20% RH (Sealed with desiccant),Not published,"0.4,0.6 (recommended), 0.8 mm",Use abrasion-resistant nozzle; verify minimum orifice. Fibre concentration and length are grade-specific.,Left only per H2C guide,Not supported: brittle feeding path,Check exact grade and spool; Bambu route required,Check exact grade and spool; Bambu route required,Not published,Do not combine high- and low-temperature materials; low-temperature chamber guide limit 45°C. Grade-specific verification required.,Not published,Not published,Not published,Not published,Not published,Not published,Not published,Not published,Not published,Not published,Not published,B-pet-cf-TDS,H2C-WIKI,Recommended printing settings
P0087,M068,G068-01,Manufacturer published guidance,260–290°C,70–100°C,Not published,Not published,Not published,Not published,0–20%,40–150 mm/s,Not published,100°C for5h in convection oven,≤20% RH; sealed with desiccant; room temperature to40°C,Not published,0.4 /0.6 mm;0.4 recommended by manufacturer,Use abrasion-resistant nozzle; verify minimum orifice. Fibre concentration and length are grade-specific.,Verify exact grade/nozzle; no blanket approval,Verify exact grade/nozzle; no blanket approval,Not verified for every grade,Not verified for every grade,Not published,Do not combine high- and low-temperature materials; low-temperature chamber guide limit 45°C. Grade-specific verification required.,Self-support or HIPS per manufacturer; solvent and H2C route not validated,Not published,Not published,Not published,Not published,Not published,Recommended layer0.12–0.30 mm; no finished-part dimensional tolerance published,Not published,Not published,Not published,Not published,D-FLASH-PETGF,H2C-WIKI,Specification section
P0088,M069,G069-01,Manufacturer published guidance,280 - 310 °C,100 - 120 °C,Not published,Not published,Not published,Apply liquid glue or PVP solid glue stick ifthe firstlayer,0 - 40%,Not published,Not published,100 - 140 °C，6 - 8 h,Not published,Any common material,Not published,Not published,Verify exact grade/nozzle; no blanket approval,Verify exact grade/nozzle; no blanket approval,Not compatible per table; contradictory feature text flagged,Not compatible per table; do not infer feeding from drying,Not Compatible,Do not combine high- and low-temperature materials; low-temperature chamber guide limit 45°C. Grade-specific verification required.,Material Itself or support filament for PA,Not published,Not published,Not published,Not published,Not published,Not published,Not published,Not published,Not published,Not published,S-PPA-TDS,H2C-WIKI,Recommended printing settings
P0089,M070,G070-01,Manufacturer published guidance,280 - 310 °C,100 - 120°C,50 - 80 °C,Not published,Smooth PEI Plate or Textured PEI Plate,Glue Stick,Turn on,< 100 mm/s,Not published,drying result),"< 20% RH (Sealed, with desiccant)",Not published,"0.4, 0.6 ( recommended ), 0.8 mm",Use abrasion-resistant nozzle; verify minimum orifice. Fibre concentration and length are grade-specific.,Left only per H2C guide,Not supported: brittle feeding path,Check exact grade and spool; Bambu route required,Check exact grade and spool; Bambu route required,Not published,Do not combine high- and low-temperature materials; low-temperature chamber guide limit 45°C. Grade-specific verification required.,Not published,Not published,Not published,Not published,Not published,Not published,Not published,Not published,Not published,Not published,Not published,B-ppa-cf-TDS,H2C-WIKI,Recommended printing settings
P0090,M071,G071-01,Manufacturer published guidance,280 - 310 °C,100 - 120 °C,Not published,Not published,Not published,Apply liquid glue or PVP solid glue stick ifthe first layer,0 - 40%,Not published,Not published,100 - 140 °C，6 -8 h,Not published,"Hardened steel, diamond, tungsten carbide, etc",Not published,Use abrasion-resistant nozzle; verify minimum orifice. Fibre concentration and length are grade-specific.,Verify exact grade/nozzle; no blanket approval,Verify exact grade/nozzle; no blanket approval,Not verified for every grade,Not verified for every grade,Not Compatible,Do not combine high- and low-temperature materials; low-temperature chamber guide limit 45°C. Grade-specific verification required.,Material Itselfor support filament for PA,Not published,Not published,Not published,Not published,Not published,Not published,Not published,Not published,Not published,Not published,D-IPCON-PPA,H2C-WIKI,Recommended printing settings
P0091,M072,G072-01,Manufacturer published guidance,Not published,Not published,Not published,Not published,Not published,Not published,Not published,Not published,Not published,Not published,Not published,Not published,Not published,Not published,Verify exact grade/nozzle; no blanket approval,Verify exact grade/nozzle; no blanket approval,Not verified for every grade,Not verified for every grade,Not published,Do not combine high- and low-temperature materials; low-temperature chamber guide limit 45°C. Grade-specific verification required.,Not published,Not published,Not published,Not published,Not published,Not published,Not published,Not published,Not published,Not published,Not published,X-THERMAX-PPS-TDS-v3,H2C-WIKI,Recommended printing settings
P0092,M072,G072-02,Manufacturer published guidance,300-330°C Filament should be stored in a dry room at room,100-120°C temperature. Recommended storage temperature,Active heated 60-80 °C (Closed chamber row),active heated (60-80°C),Not published,Not published,"0 - 10% is ca. 18-25°C (64.4 -77.0°F). Keep out of moisture,",** 30-70 mm/s,Not published,Not published,Not published,not necessary,Not published,Not published,Verify exact grade/nozzle; no blanket approval,Verify exact grade/nozzle; no blanket approval,Not verified for every grade,Not verified for every grade,Not published,Do not combine high- and low-temperature materials; low-temperature chamber guide limit 45°C. Grade-specific verification required.,Not published,Not published,Not published,Not published,Not published,Not published,Not published,Not published,Not published,Not published,Not published,S-SPECTRUM-en-tds-spectrum-pps-am230,H2C-WIKI,Recommended printing settings
P0093,M073,G073-01,Manufacturer published guidance,310 -340 °C,100 -120 °C,60 - 90 °C,Not published,Smooth PEI Plate / Textured PEI Plate,Glue,0 -40%,< 100 mm/s,Not published,"100 -140 °C,8-12 h",<20% RH (Sealed with desiccant),Not published,"0.4, 0.6 (recommended), 0.8 mm",Use abrasion-resistant nozzle; verify minimum orifice. Fibre concentration and length are grade-specific.,Left only per H2C guide,Not supported: brittle feeding path,Check exact grade and spool; Bambu route required,Check exact grade and spool; Bambu route required,Not published,Do not combine high- and low-temperature materials; low-temperature chamber guide limit 45°C. Grade-specific verification required.,Not published,Not published,Not published,Not published,Not published,Not published,Not published,Not published,Not published,Not published,Not published,B-pps-cf-TDS,H2C-WIKI,Recommended printing settings
P0094,M074,G074-01,Manufacturer published guidance,320 -360 °C,100 -120 °C,60 - 120 °C,Not published,Not published,Apply liquid glue or PVP solid glue stick ifthe first layer,0% - 40%,Not published,Not published,"100 - 140 °C, 6 - 8 h (Blast drying oven)",Not published,"Hardened steel, diamond, tungsten carbide, etc",Not published,Use abrasion-resistant nozzle; verify minimum orifice. Fibre concentration and length are grade-specific.,Verify exact grade/nozzle; no blanket approval,Verify exact grade/nozzle; no blanket approval,Not verified for every grade,Not verified for every grade,Compatible,Do not combine high- and low-temperature materials; low-temperature chamber guide limit 45°C. Grade-specific verification required.,Material Itselfor support filament for PPS,Not published,Not published,Not published,Not published,Not published,Not published,Not published,Not published,Not published,Not published,S-PPSGF-TDS-0,H2C-WIKI,Recommended printing settings
P0095,M074,G074-02,Manufacturer published guidance,310-350 °C Printing speed Up to 250mm/s,80-90 °C Drying temp. and time 100 °C/10H,Room temp. Annealing temp. and time 130 °C/10H,Not published,Not published,Not published,OFF,Not published,Not published,Not published,Not published,Not published,Not published,Use abrasion-resistant nozzle; verify minimum orifice. Fibre concentration and length are grade-specific.,Verify exact grade/nozzle; no blanket approval,Verify exact grade/nozzle; no blanket approval,Not verified for every grade,Not verified for every grade,Not published,Do not combine high- and low-temperature materials; low-temperature chamber guide limit 45°C. Grade-specific verification required.,Not published,Not published,Not published,Not published,Not published,Not published,Not published,Not published,Not published,Not published,Not published,S-FIBER-PPSGF-TDS-2,H2C-WIKI,Recommended printing settings
P0096,M075,G075-01,Manufacturer published guidance,220 -250 °C,35 -45°C,25 -45 °C,Not published,"Cool Plate,High Temperature Plate or",Glue,Turn on,< 200 mm/s,Not published,"Blast Drying Oven: 80 °C,8 - 12 h","< 20% RH (Sealed, with desiccant)",Not published,"0.2,0.4, 0.6,0.8 mm",Not published,Supported; no 0.2 mm nozzle,Supported; no 0.2 mm nozzle,Dry material required; grade verification,Dry material required; grade verification,Not published,Do not combine high- and low-temperature materials; low-temperature chamber guide limit 45°C. Grade-specific verification required.,PLA: left/right routes supported. PETG + PVA: do not use dual-nozzle mode; right-only switching route is separately described in H2C guide.,Not published,Not published,Not published,Not published,Angle 55 °,Not published,Not published,Not published,Not published,Not published,B-pva-TDS,H2C-WIKI,Recommended printing settings
P0097,M076,G076-01,Manufacturer published guidance,190 - 210 °C,>60 °C,Not published,Not published,Not published,Not published,0 - 30%,Not published,Not published,Not published,Not published,Not published,Not published,Not published,Verify exact grade/nozzle; no blanket approval,Verify exact grade/nozzle; no blanket approval,Not verified for every grade,Not verified for every grade,Not published,Do not combine high- and low-temperature materials; low-temperature chamber guide limit 45°C. Grade-specific verification required.,Not published,Not published,Not published,Not published,Not published,Not published,Not published,Not published,Not published,Not published,Not published,S-BVOH,H2C-WIKI,Recommended printing settings
P0098,M078,G078-01,Manufacturer published guidance,190 - 240°C,35 - 60°C,25 - 45°C,Not published,"Cool Plate, High Temperature Plate or",Glue,Turn on,<100 mm/s,Not published,"Blast Drying Oven: 75 °C,8 h","< 20% RH (Sealed, with desiccant)",Not published,"0.2, 0.4,0.6, 0.8mm",Not published,Verify exact grade/nozzle; no blanket approval,Verify exact grade/nozzle; no blanket approval,Not verified for every grade,Not verified for every grade,Not published,Do not combine high- and low-temperature materials; low-temperature chamber guide limit 45°C. Grade-specific verification required.,Not published,Not published,Not published,Not published,Length 30 mm,Angle 55°,Not published,Not published,Not published,Not published,Not published,B-support-for-pla-petg-TDS,H2C-WIKI,Recommended printing settings
P0099,M079,G079-01,Manufacturer published guidance,240 - 270 °C,80 - 100°C,25 - 45 °C,Not published,"Cool Plate, High Temperature Plate or",Glue,Turn on,< 100 mm/s,Not published,Blast Drying Oven: 80 °C， 4 h,"< 20% RH (Sealed, with desiccant)",Not published,"0.4, 0.6, 0.8 mm",Not published,Verify exact grade/nozzle; no blanket approval,Verify exact grade/nozzle; no blanket approval,Not verified for every grade,Not verified for every grade,Not published,Do not combine high- and low-temperature materials; low-temperature chamber guide limit 45°C. Grade-specific verification required.,Not published,Not published,Not published,Not published,Not published,Angle 55 °,Not published,Not published,Not published,Not published,Not published,B-support-for-abs-TDS,H2C-WIKI,Recommended printing settings
P0100,M080,G080-01,Manufacturer published guidance,260 -290 °C,80 -100 °C,45-60 °C,Not published,"Engineering Plate, High Temperature",PVP Glue,0 - 60%,< 100 mm/s,Not published,80 °C，8 -12 h,"< 20% RH (Sealed, with desiccant)",Not published,Not published,Not published,Verify exact grade/nozzle; no blanket approval,Verify exact grade/nozzle; no blanket approval,Not verified for every grade,Not verified for every grade,Not published,Do not combine high- and low-temperature materials; low-temperature chamber guide limit 45°C. Grade-specific verification required.,Not published,Not published,Not published,Not published,Not published,Not published,Not published,Not published,Not published,Not published,Not published,B-support-for-pa-pet-TDS,H2C-WIKI,Recommended printing settings
P0101,M081,G081-01,Manufacturer published guidance,Not published,Not published,Not published,Not published,Not published,Not published,Not published,Not published,Not published,Not published,Not published,Not published,Not published,Not published,Verify exact grade/nozzle; no blanket approval,Verify exact grade/nozzle; no blanket approval,Not verified for every grade,Not verified for every grade,Not published,Do not combine high- and low-temperature materials; low-temperature chamber guide limit 45°C. Grade-specific verification required.,Not published,Not published,Not published,Not published,Not published,Not published,Not published,Not published,Not published,Not published,Not published,X-3DXMAX-HIPS-TDS-v3,H2C-WIKI,Recommended printing settings
P0102,M081,G081-02,Manufacturer published guidance,"230-245°C is ca. 18-25°C (64.4 -77.0°F). Keep out of moisture,",80-100°C product has a shelf life of 24 months.,Not published,recommended for larger prints,Not published,Not published,0 - 20%,** 40-100 mm/s,Not published,Not published,Not published,not necessary,Not published,Not published,Verify exact grade/nozzle; no blanket approval,Verify exact grade/nozzle; no blanket approval,Not verified for every grade,Not verified for every grade,Not published,Do not combine high- and low-temperature materials; low-temperature chamber guide limit 45°C. Grade-specific verification required.,Not published,Not published,Not published,Not published,Not published,Not published,Not published,Not published,Not published,Not published,Not published,S-SPECTRUM-en-tds-spectrum-hipsx,H2C-WIKI,Recommended printing settings
P0103,M082,G082-01,Manufacturer published guidance,235 °C (printed-specimen extrusion temperature; no recommended window published),60 °C (printed-specimen bed temperature),Not published,Not published,Not published,Not published,Not published,Not published,Not published,Not published,Not published,Not published,Not published,Not published,Verify exact grade/nozzle; no blanket approval,Verify exact grade/nozzle; no blanket approval,Not verified for every grade,Not verified for every grade,Not published,Do not combine high- and low-temperature materials; low-temperature chamber guide limit 45°C. Grade-specific verification required.,Not published,Not published,Not published,Not published,Not published,Not published,Not published,Not published,Not published,Not published,Not published,X-Hyperlite-PP-TDS-v1,H2C-WIKI,Recommended printing settings
P0104,M082,G082-02,Manufacturer published guidance,240-260 °C,℃ 40-60,Not published,Not published,Not published,Not published,Not published,Not published,Not published,Not published,Not published,Not published,Not published,Not published,Verify exact grade/nozzle; no blanket approval,Verify exact grade/nozzle; no blanket approval,Not verified for every grade,Not verified for every grade,Not published,Do not combine high- and low-temperature materials; low-temperature chamber guide limit 45°C. Grade-specific verification required.,Not published,Not published,Not published,Not published,Not published,Not published,Not published,Not published,Not published,Not published,Not published,I-PP-TDS,H2C-WIKI,Recommended printing settings
P0105,M083,G083-01,Manufacturer published guidance,Not published,Not published,Not published,Not published,Not published,Not published,Not published,Not published,Not published,Not published,Not published,Not published,Not published,Use abrasion-resistant nozzle; verify minimum orifice. Fibre concentration and length are grade-specific.,Verify exact grade/nozzle; no blanket approval,Verify exact grade/nozzle; no blanket approval,Not verified for every grade,Not verified for every grade,Not published,Do not combine high- and low-temperature materials; low-temperature chamber guide limit 45°C. Grade-specific verification required.,Not published,Not published,Not published,Not published,Not published,Not published,Not published,Not published,Not published,Not published,Not published,X-CarbonX-CF-PP-TDSv1,H2C-WIKI,Recommended printing settings
P0106,M084,G084-01,Manufacturer published guidance,265 °C (printed-specimen extrusion temperature; no recommended window published),85 °C (printed-specimen bed temperature),Not published,Not published,Not published,Not published,Not published,Not published,Not published,Not published,Not published,Not published,Not published,Use abrasion-resistant nozzle; verify minimum orifice. Fibre concentration and length are grade-specific.,Verify exact grade/nozzle; no blanket approval,Verify exact grade/nozzle; no blanket approval,Not verified for every grade,Not verified for every grade,Not published,Do not combine high- and low-temperature materials; low-temperature chamber guide limit 45°C. Grade-specific verification required.,Not published,Not published,Not published,Not published,Not published,Not published,Not published,Not published,Not published,Not published,Not published,X-FIBREX-GF-PP-TDS-v1,H2C-WIKI,Recommended printing settings
P0107,M085,G085-01,Manufacturer published guidance,240-290°C STORAGE AND SHELF LIFE,80-100°C Filament should be stored in a dr y room at room,Not published,for printing recommended for larger prints,Not published,Not published,Not published,Not published,Not published,Not published,Not published,recommended No,Not published,Not published,Verify exact grade/nozzle; no blanket approval,Verify exact grade/nozzle; no blanket approval,Not verified for every grade,Not verified for every grade,Not published,Do not combine high- and low-temperature materials; low-temperature chamber guide limit 45°C. Grade-specific verification required.,Not published,Not published,Not published,Not published,Not published,Not published,Not published,Not published,Not published,Not published,Not published,S-SPECTRUM-en-tds-spectrum-hdpe,H2C-WIKI,Recommended printing settings
P0108,M086,G086-01,Manufacturer published guidance,180 ±20°C,60–100°C,Not published,Not published,Polypropylene tape,Not published,Not published,10–40 mm/s,Not published,Not published,Not published,Not published,0.4 mm used for recommendations,Not published,Verify exact grade/nozzle; no blanket approval,Verify exact grade/nozzle; no blanket approval,Not verified for every grade,Not verified for every grade,Not published,Do not combine high- and low-temperature materials; low-temperature chamber guide limit 45°C. Grade-specific verification required.,Not published,Not published,Not published,Not published,Not published,Not published,Not published,Not published,Not published,Not published,Not published,X-EVOLV3D-OBC-TDS,H2C-WIKI,Recommended printing settings
P0109,M087,G087-01,Manufacturer published guidance,190–210°C,120–150°C,Not published,Not published,Not published,Not published,Not published,Not published,Not published,Not published,Not published,Not published,Not published,Not published,Verify exact grade/nozzle; no blanket approval,Verify exact grade/nozzle; no blanket approval,Not verified for every grade,Not verified for every grade,Not published,Do not combine high- and low-temperature materials; low-temperature chamber guide limit 45°C. Grade-specific verification required.,Not published,Not published,Not published,Not published,Not published,Not published,Not published,Not published,Not published,Not published,Bed guidance extends above the H2C 120°C limit; no validated H2C profile.,S-POM,H2C-WIKI,Recommended printing settings
P0110,M088,G088-01,Manufacturer published guidance,Not published,Not published,Not published,Not published,Not published,Not published,Not published,Not published,Not published,Not published,Not published,Not published,Not published,Not published,Verify exact grade/nozzle; no blanket approval,Verify exact grade/nozzle; no blanket approval,Not verified for every grade,Not verified for every grade,Not published,Do not combine high- and low-temperature materials; low-temperature chamber guide limit 45°C. Grade-specific verification required.,Not published,Not published,Not published,Not published,Not published,Not published,Not published,Not published,Not published,Not published,Not published,X-MAXG-PCTG-TDS-v1-0,H2C-WIKI,Recommended printing settings
P0111,M088,G088-02,Manufacturer published guidance,250-270°C,60-100°C temperature. Recommended storage temperature,Not published,not necessary,Not published,Not published,"YES (up to 100%) is ca. 18-25°C (64.4 -77.0°F). Keep out of moisture,",** 40-110 mm/s,Not published,Not published,Not published,not necessary,Not published,Not published,Verify exact grade/nozzle; no blanket approval,Verify exact grade/nozzle; no blanket approval,Not verified for every grade,Not verified for every grade,Not published,Do not combine high- and low-temperature materials; low-temperature chamber guide limit 45°C. Grade-specific verification required.,Not published,Not published,Not published,Not published,Not published,Not published,Not published,Not published,Not published,Not published,Not published,S-SPECTRUM-en-tds-spectrum-pctg,H2C-WIKI,Recommended printing settings
P0112,M089,G089-01,Manufacturer published guidance,Not published,Not published,Not published,Not published,Not published,Not published,Not published,Not published,Not published,Not published,Not published,Not published,Not published,Not published,Verify exact grade/nozzle; no blanket approval,Verify exact grade/nozzle; no blanket approval,Not verified for every grade,Not verified for every grade,Not published,Do not combine high- and low-temperature materials; low-temperature chamber guide limit 45°C. Grade-specific verification required.,Not published,Not published,Not published,Not published,Not published,Not published,Not published,Not published,Not published,Not published,Not published,S-FILLAMENTUM,H2C-WIKI,Recommended printing settings
P0113,M090,G090-01,Manufacturer published guidance,250–270°C,70–85°C,Not published,Not published,Not published,Magigoo or 3Dlac necessary to prevent bed damage,0–15%; higher for bridges/overhangs/supports only,20–40 mm/s,Not published,Not published,Not published,Hardened steel recommended,Not published,Abrasive milled carbon fibre; accelerated brass wear,Verify exact grade/nozzle; no blanket approval,Verify exact grade/nozzle; no blanket approval,Not verified for every grade,Not verified for every grade,Not published,Do not combine high- and low-temperature materials; low-temperature chamber guide limit 45°C. Grade-specific verification required.,Not published,Not published,Not published,Not published,Not published,Not published,Filament ±0.10 mm tolerance is not a printed-part tolerance,Not published,Not published,Not published,Not published,S-CPECF,H2C-WIKI,Recommended printing settings
P0114,M090,G090-02,Manufacturer published guidance,250-270°C STORAGE AND SHELF LIFE,> 50°C Filament should be stored in a dry room at room,Not published,not necessary,Not published,Not published,50-85% temperature. Recommended storage temperature,** 30-80 mm/s,Not published,Not published,Not published,recommended,Not published,Use abrasion-resistant nozzle; verify minimum orifice. Fibre concentration and length are grade-specific.,Verify exact grade/nozzle; no blanket approval,Verify exact grade/nozzle; no blanket approval,Not verified for every grade,Not verified for every grade,Not published,Do not combine high- and low-temperature materials; low-temperature chamber guide limit 45°C. Grade-specific verification required.,Not published,Not published,Not published,Not published,Not published,Not published,Not published,Not published,Not published,Not published,Not published,S-SPECTRUM-en-tds-spectrum-pctg-cf10,H2C-WIKI,Recommended printing settings
P0115,M091,G091-01,Manufacturer published guidance,Not published,Not published,Not published,Not published,Not published,Not published,Not published,Not published,Not published,Not published,Not published,Not published,Not published,Not published,Verify exact grade/nozzle; no blanket approval,Verify exact grade/nozzle; no blanket approval,Not verified for every grade,Not verified for every grade,Not published,Do not combine high- and low-temperature materials; low-temperature chamber guide limit 45°C. Grade-specific verification required.,Not published,Not published,Not published,Not published,Not published,Not published,Not published,Not published,Not published,Not published,Not published,S-FILLAMENTUM,H2C-WIKI,Recommended printing settings
P0116,M092,G092-01,Manufacturer published guidance,Not published,Not published,Not published,Not published,Not published,Not published,Not published,Not published,Not published,Not published,Not published,Not published,Not published,Not published,Verify exact grade/nozzle; no blanket approval,Verify exact grade/nozzle; no blanket approval,Not verified for every grade,Not verified for every grade,Not published,Do not combine high- and low-temperature materials; low-temperature chamber guide limit 45°C. Grade-specific verification required.,Not published,Not published,Not published,Not published,Not published,Not published,Not published,Not published,Not published,Not published,Not published,S-NGEN2,H2C-WIKI,Recommended printing settings
P0117,M093,G093-01,Manufacturer published guidance,215 ±10°C,75 ±5°C,Not published,Not published,Smooth PEI or satin sheet,Not published,100% recommended; specimen tests used cooling off,Up to200 mm/s,Not published,Maximum60°C for4–8h depending on moisture,Not published,Not published,Not published,Not published,Verify exact grade/nozzle; no blanket approval,Verify exact grade/nozzle; no blanket approval,Not verified for every grade,Not verified for every grade,Not published,Do not combine high- and low-temperature materials; low-temperature chamber guide limit 45°C. Grade-specific verification required.,Not published,Not published,Not published,Not published,Not published,Not published,Not published,Not published,Not published,Not published,Not published,S-PVB-PVB-Prusament-TDS-2021-10-EN,H2C-WIKI,Recommended printing settings
P0118,M094,G094-01,Manufacturer published guidance,Not published,Not published,Not published,Not published,Not published,Not published,Not published,Not published,Not published,Not published,Not published,Not published,Not published,Not published,Verify exact grade/nozzle; no blanket approval,Verify exact grade/nozzle; no blanket approval,Not verified for every grade,Not verified for every grade,Not published,Do not combine high- and low-temperature materials; low-temperature chamber guide limit 45°C. Grade-specific verification required.,Not published,Not published,Not published,Not published,Not published,Not published,Not published,Not published,Not published,Not published,Not published,X-3DXMAX-PCABS-TDS-v3,H2C-WIKI,Recommended printing settings
P0119,M094,G094-02,Manufacturer published guidance,250 – 270 (℃),90 - 105 (˚C),90-100 (˚C),Not published,Any surface,PVA glue or MAGIGOO PC,OFF,30-50 (mm/s),Not published,Not published,Not published,Not published,Not published,Not published,Verify exact grade/nozzle; no blanket approval,Verify exact grade/nozzle; no blanket approval,Not verified for every grade,Not verified for every grade,Not published,Do not combine high- and low-temperature materials; low-temperature chamber guide limit 45°C. Grade-specific verification required.,material PolyDissolve™ S2,Not published,Not published,Not published,Not published,angle 45 (˚),Not published,Not published,Not published,Not published,Not published,S-POLYCN-Polymaker-PC-ABS-TDS-V5-1,H2C-WIKI,Recommended printing settings
P0120,M094,G094-03,Manufacturer published guidance,"240 - 265°C PC/ABS FR V0 is a professional, halogen-free",90 - 110°C filament for 3D printers. It is designed to meet,Not published,recommended for larger prints • Flame-retardant (UL-94 V0),Not published,Not published,"0 - 25% UL-94 V0 flammability standards, which means it is",** 40 - 300 mm/s FEAUTURES,Not published,Not published,Not published,not necessary • Excellent interlayer adhesion,Not published,Not published,Verify exact grade/nozzle; no blanket approval,Verify exact grade/nozzle; no blanket approval,Not verified for every grade,Not verified for every grade,Not published,Do not combine high- and low-temperature materials; low-temperature chamber guide limit 45°C. Grade-specific verification required.,Not published,Not published,Not published,Not published,Not published,Not published,Not published,Not published,Not published,Not published,Not published,S-SPECTRUM-en-tds-spectrum-pc-abs-fr-v0,H2C-WIKI,Recommended printing settings
P0121,M095,G095-01,Manufacturer published guidance,260 – 280 (℃),100 - 115 (˚C),100-110 (˚C),Not published,Any surface,PVA glue or MAGIGOO PC,OFF,30-50 (mm/s),Not published,Not published,Not published,Not published,Not published,Not published,Verify exact grade/nozzle; no blanket approval,Verify exact grade/nozzle; no blanket approval,Not verified for every grade,Not verified for every grade,Not published,Do not combine high- and low-temperature materials; low-temperature chamber guide limit 45°C. Grade-specific verification required.,material PolyDissolve™ S2,Not published,Not published,Not published,Not published,angle 45 (˚),Not published,Not published,Not published,Not published,Not published,S-POLYCN-Polymaker-PC-PBT-TDS-V5-1,H2C-WIKI,Recommended printing settings
P0122,M096,G096-01,Manufacturer published guidance,Not published,Not published,Not published,Not published,Not published,Not published,Not published,Not published,Not published,Not published,Not published,Not published,Not published,Not published,Verify exact grade/nozzle; no blanket approval,Verify exact grade/nozzle; no blanket approval,Not verified for every grade,Not verified for every grade,Not published,Do not combine high- and low-temperature materials; low-temperature chamber guide limit 45°C. Grade-specific verification required.,Not published,Not published,Not published,Not published,Not published,Not published,Not published,Not published,Not published,Not published,Not published,X-FLUORX-PVDF-TDS-v3,H2C-WIKI,Recommended printing settings
P0123,M097,G097-01,Manufacturer published guidance,Not published,Not published,Not published,Not published,Not published,Not published,Not published,Not published,Not published,Not published,Not published,Not published,Not published,Not published,Excluded,Excluded,Not applicable — excluded,Not applicable — excluded,Not published,Do not combine high- and low-temperature materials; low-temperature chamber guide limit 45°C. Grade-specific verification required.,Not published,Not published,Not published,Not published,Not published,Not published,Not published,Not published,Not published,Not published,Not published,X-Themax-PEEK-TDS-v3,H2C-WIKI,Recommended printing settings
P0124,M097,G097-02,Manufacturer published guidance,390 -430 ºC,110 - 150 ºC,90- 150 °C,Not published,Not published,Not published,0-50%,30-50 mm/s,Not published,Not published,Not published,Not published,Not published,Not published,Excluded,Excluded,Not applicable — excluded,Not applicable — excluded,Not published,Do not combine high- and low-temperature materials; low-temperature chamber guide limit 45°C. Grade-specific verification required.,Not published,Not published,Not published,Not published,Not published,Not published,Not published,Not published,Not published,Not published,Not published,I-PEEK-TDS,H2C-WIKI,Recommended printing settings
P0125,M098,G098-01,Manufacturer published guidance,Not published,Not published,Not published,Not published,Not published,Not published,Not published,Not published,Not published,Not published,Not published,Not published,Not published,Not published,Excluded,Excluded,Not applicable — excluded,Not applicable — excluded,Not published,Do not combine high- and low-temperature materials; low-temperature chamber guide limit 45°C. Grade-specific verification required.,Not published,Not published,Not published,Not published,Not published,Not published,Not published,Not published,Not published,Not published,Not published,X-Thermax-PEKK-A-TDS-v2-1,H2C-WIKI,Recommended printing settings
P0126,M098,G098-02,Manufacturer published guidance,Not published,Not published,Not published,Not published,Not published,Not published,Not published,Not published,Not published,Not published,Not published,Not published,Not published,Not published,Excluded,Excluded,Not applicable — excluded,Not applicable — excluded,Not published,Do not combine high- and low-temperature materials; low-temperature chamber guide limit 45°C. Grade-specific verification required.,Not published,Not published,Not published,Not published,Not published,Not published,Not published,Not published,Not published,Not published,Not published,X-Thermax-PEKK-C-TDS-v3-3,H2C-WIKI,Recommended printing settings
P0127,M099,G099-01,Manufacturer published guidance,Not published,Not published,Not published,Not published,Not published,Not published,Not published,Not published,Not published,Not published,Not published,Not published,Not published,Not published,Excluded,Excluded,Not applicable — excluded,Not applicable — excluded,Not published,Do not combine high- and low-temperature materials; low-temperature chamber guide limit 45°C. Grade-specific verification required.,Not published,Not published,Not published,Not published,Not published,Not published,Not published,Not published,Not published,Not published,Not published,X-THERMAX-PEI-1010-TDS-v4,H2C-WIKI,Recommended printing settings
P0128,M099,G099-02,Manufacturer published guidance,360 -390 ºC,130 -150 ºC,90- 150 °C,Not published,Not published,Not published,OFF,30-40 mm/s,Not published,Not published,Not published,Not published,Not published,Not published,Excluded,Excluded,Not applicable — excluded,Not applicable — excluded,Not published,Do not combine high- and low-temperature materials; low-temperature chamber guide limit 45°C. Grade-specific verification required.,Not published,Not published,Not published,Not published,Not published,Not published,Not published,Not published,Not published,Not published,Not published,I-PEI-9085-TDS,H2C-WIKI,Recommended printing settings
P0129,M100,G100-01,Manufacturer published guidance,Not published,Not published,Not published,Not published,Not published,Not published,Not published,Not published,Not published,Not published,Not published,Not published,Not published,Not published,Excluded,Excluded,Not applicable — excluded,Not applicable — excluded,Not published,Do not combine high- and low-temperature materials; low-temperature chamber guide limit 45°C. Grade-specific verification required.,Not published,Not published,Not published,Not published,Not published,Not published,Not published,Not published,Not published,Not published,Not published,X-THERMAX-PSU-TDS-v3,H2C-WIKI,Recommended printing settings
P0130,M101,G101-01,Manufacturer published guidance,Not published,Not published,Not published,Not published,Not published,Not published,Not published,Not published,Not published,Not published,Not published,Not published,Not published,Not published,Excluded,Excluded,Not applicable — excluded,Not applicable — excluded,Not published,Do not combine high- and low-temperature materials; low-temperature chamber guide limit 45°C. Grade-specific verification required.,Not published,Not published,Not published,Not published,Not published,Not published,Not published,Not published,Not published,Not published,Not published,S-PES-THERMAX-PES-TDS-v1-0,H2C-WIKI,Recommended printing settings
P0131,M102,G102-01,Manufacturer published guidance,Not published,Not published,Not published,Not published,Not published,Not published,Not published,Not published,Not published,Not published,Not published,Not published,Not published,Not published,Excluded,Excluded,Not applicable — excluded,Not applicable — excluded,Not published,Do not combine high- and low-temperature materials; low-temperature chamber guide limit 45°C. Grade-specific verification required.,Not published,Not published,Not published,Not published,Not published,Not published,Not published,Not published,Not published,Not published,Not published,X-THERMAX-PPSU-TDS-v3,H2C-WIKI,Recommended printing settings
P0132,M102,G102-02,Manufacturer published guidance,360 -400 ºC,140 - 160 ºC,90- 150 °C,Not published,Not published,Not published,OFF,30-50 mm/s,Not published,Not published,Not published,Not published,Not published,Not published,Excluded,Excluded,Not applicable — excluded,Not applicable — excluded,Not published,Do not combine high- and low-temperature materials; low-temperature chamber guide limit 45°C. Grade-specific verification required.,Not published,Not published,Not published,Not published,Not published,Not published,Not published,Not published,Not published,Not published,Not published,I-PPSU-TDS,H2C-WIKI,Recommended printing settings
P0133,M001,G001-01,Current manufacturer product guidance,190-220C,23-60C,Not required,Not published,Not published,Not published,Not published,Not published,Not published,45C for 4 hours,Not published,No special concerns,Not published,Not published,Verify exact grade/nozzle; no blanket approval,Verify exact grade/nozzle; no blanket approval,Not verified for every grade,Not verified for every grade,Not published,Do not combine high- and low-temperature materials; low-temperature chamber guide limit 45°C. Grade-specific verification required.,Not published,Not published,Not published,Not published,Not published,Not published,No special concerns,Not published,Not published,Not published,Not published,XP-ecomax-r-pla,H2C-WIKI,Print Recommendations
P0134,M026,G026-01,Current manufacturer product guidance,230-260C,60-90C,Not required,Not published,Not published,Not published,Not published,Not published,Not published,65C for 4 hours,Not published,No special concerns,Not published,Not published,Verify exact grade/nozzle; no blanket approval,Verify exact grade/nozzle; no blanket approval,Not verified for every grade,Not verified for every grade,Not published,Do not combine high- and low-temperature materials; low-temperature chamber guide limit 45°C. Grade-specific verification required.,Not published,Not published,Not published,Not published,Not published,Not published,No special concerns,Not published,Not published,Not published,Not published,XP-3dxstat-esd-petg-1,H2C-WIKI,Print Recommendations
P0135,M029,G029-01,Current manufacturer product guidance,220-240C,100-110C,Recommended,Not published,Not published,Not published,Not published,Not published,Not published,80C for 4 hours,Not published,Hardened Steel with .4mm diameter minimum,Not published,Use abrasion-resistant nozzle; verify minimum orifice. Fibre concentration and length are grade-specific.,Verify exact grade/nozzle; no blanket approval,Verify exact grade/nozzle; no blanket approval,Not verified for every grade,Not verified for every grade,Not published,Do not combine high- and low-temperature materials; low-temperature chamber guide limit 45°C. Grade-specific verification required.,Not published,Not published,Not published,Not published,Not published,Not published,0.25mm or higher,Not published,Not published,Not published,Not published,XP-carbonx-abs-cf-1,H2C-WIKI,Print Recommendations
P0136,M030,G030-01,Current manufacturer product guidance,220-240°C,100-110°C,Recommended,Not published,Not published,Not published,Not published,Not published,Not published,80°C for 4 hours,Not published,No special concerns,Not published,Not published,Verify exact grade/nozzle; no blanket approval,Verify exact grade/nozzle; no blanket approval,Not verified for every grade,Not verified for every grade,Not published,Do not combine high- and low-temperature materials; low-temperature chamber guide limit 45°C. Grade-specific verification required.,Not published,Not published,Not published,Not published,Not published,Not published,No special concerns,Not published,Not published,Not published,Not published,XP-3dxstat-esd-abs-1,H2C-WIKI,Print Recommendations
P0137,M037,G037-01,Current manufacturer product guidance,280-310C,110-120C,Recommended,Not published,Not published,Not published,Not published,Not published,Not published,120C for 4 hours,Not published,Hardened Steel with .4mm diameter minimum,Not published,Use abrasion-resistant nozzle; verify minimum orifice. Fibre concentration and length are grade-specific.,Verify exact grade/nozzle; no blanket approval,Verify exact grade/nozzle; no blanket approval,Not verified for every grade,Not verified for every grade,Not published,Do not combine high- and low-temperature materials; low-temperature chamber guide limit 45°C. Grade-specific verification required.,Not published,Not published,Not published,Not published,Not published,Not published,0.25mm or higher,Not published,Not published,Not published,Not published,XP-carbonx-pc-cf-1,H2C-WIKI,Print Recommendations
P0138,M047,G047-02,Current manufacturer product guidance,255-275C,60-70C,Not required,Not published,Not published,Not published,Not published,Not published,Not published,90C for 4 hours,Not published,No special concerns,Not published,Not published,Verify exact grade/nozzle; no blanket approval,Verify exact grade/nozzle; no blanket approval,Not verified for every grade,Not verified for every grade,Not published,Do not combine high- and low-temperature materials; low-temperature chamber guide limit 45°C. Grade-specific verification required.,Not published,Not published,Not published,Not published,Not published,Not published,No special concerns,Not published,Not published,Not published,Not published,XP-amidex-nylon-6-67,H2C-WIKI,Print Recommendations
P0139,M052,G052-01,Current manufacturer product guidance,275–300°C,60–100°C,Not required,Not published,Not published,Not published,Not published,Not published,Not published,80°C for 4 h,Not published,No special concerns,Not published,Not published,Verify exact grade/nozzle; no blanket approval,Verify exact grade/nozzle; no blanket approval,Not verified for every grade,Not verified for every grade,Not published,Do not combine high- and low-temperature materials; low-temperature chamber guide limit 45°C. Grade-specific verification required.,Not published,Not published,Not published,Not published,Not published,Not published,No special concerns,Not published,Not published,Not published,Not published,S-PA12,H2C-WIKI,Print Recommendations
P0140,M053,G053-01,Current manufacturer product guidance,265-285C,90-110C,Recommended,Not published,Not published,Not published,Not published,Not published,Not published,90C for 4 hours,Not published,0.4mm diameter minimum,Not published,Use abrasion-resistant nozzle; verify minimum orifice. Fibre concentration and length are grade-specific.,Verify exact grade/nozzle; no blanket approval,Verify exact grade/nozzle; no blanket approval,Not verified for every grade,Not verified for every grade,Not published,Do not combine high- and low-temperature materials; low-temperature chamber guide limit 45°C. Grade-specific verification required.,Not published,Not published,Not published,Not published,Not published,Not published,0.25mm or higher,Not published,Not published,Not published,Not published,XP-carbonx-nylon-12-cf-1,H2C-WIKI,Print Recommendations
P0141,M054,G054-01,Current manufacturer product guidance,265-285C,90-110C,Up to 120C,Not published,Not published,Not published,Not published,Not published,Not published,90C for 4 hours,Not published,Hardened Steel with .4mm diameter minimum,Not published,Use abrasion-resistant nozzle; verify minimum orifice. Fibre concentration and length are grade-specific.,Verify exact grade/nozzle; no blanket approval,Verify exact grade/nozzle; no blanket approval,Not verified for every grade,Not verified for every grade,Not published,Do not combine high- and low-temperature materials; low-temperature chamber guide limit 45°C. Grade-specific verification required.,Not published,Not published,Not published,Not published,Not published,Not published,0.25mm or higher,Not published,Not published,Not published,Not published,XP-fibrex-nylon-12-gf30-1,H2C-WIKI,Print Recommendations
P0142,M057,G057-02,Current manufacturer product guidance,255-275C,60-70C,Not required,Not published,Not published,Not published,Not published,Not published,Not published,90C for 4 hours,Not published,No special concerns,Not published,Not published,Verify exact grade/nozzle; no blanket approval,Verify exact grade/nozzle; no blanket approval,Not verified for every grade,Not verified for every grade,Not published,Do not combine high- and low-temperature materials; low-temperature chamber guide limit 45°C. Grade-specific verification required.,Not published,Not published,Not published,Not published,Not published,Not published,No special concerns,Not published,Not published,Not published,Not published,XP-amidex-nylon-6-67,H2C-WIKI,Print Recommendations
P0143,M061,G061-02,Current manufacturer product guidance,255-275C,60-70C,Not required,Not published,Not published,Not published,Not published,Not published,Not published,90C for 4 hours,Not published,No special concerns,Not published,Not published,Verify exact grade/nozzle; no blanket approval,Verify exact grade/nozzle; no blanket approval,Not verified for every grade,Not verified for every grade,Not published,Do not combine high- and low-temperature materials; low-temperature chamber guide limit 45°C. Grade-specific verification required.,Not published,Not published,Not published,Not published,Not published,Not published,No special concerns,Not published,Not published,Not published,Not published,XP-amidex-nylon-6-67,H2C-WIKI,Print Recommendations
P0144,M062,G062-01,Current manufacturer product guidance,265-285C,90-110C,Recommended,Not published,Not published,Not published,Not published,Not published,Not published,90C for 4 hours,Not published,0.4mm diameter minimum,Not published,Use abrasion-resistant nozzle; verify minimum orifice. Fibre concentration and length are grade-specific.,Verify exact grade/nozzle; no blanket approval,Verify exact grade/nozzle; no blanket approval,Not verified for every grade,Not verified for every grade,Not published,Do not combine high- and low-temperature materials; low-temperature chamber guide limit 45°C. Grade-specific verification required.,Not published,Not published,Not published,Not published,Not published,Not published,0.25mm or higher,Not published,Not published,Not published,Not published,XP-carbonx-nylon-12-cf-1,H2C-WIKI,Print Recommendations
P0145,M072,G072-01,Current manufacturer product guidance,315-345°C,120-160°C,"Recommended, up to 50-90°C if available on your printer",Not published,Not published,Not published,Not published,Not published,Not published,110°C for 4 hours.,Not published,No special concerns,Not published,Not published,Verify exact grade/nozzle; no blanket approval,Verify exact grade/nozzle; no blanket approval,Not verified for every grade,Not verified for every grade,Not published,Do not combine high- and low-temperature materials; low-temperature chamber guide limit 45°C. Grade-specific verification required.,Not published,Not published,Not published,Not published,Not published,Not published,No special concerns,Not published,Not published,Not published,Not published,XP-thermax-pps,H2C-WIKI,Print Recommendations
P0146,M081,G081-01,Current manufacturer product guidance,220-235C,100-110C,Not required,Not published,Not published,Not published,Not published,Not published,Not published,Not needed,Not published,Not published,Not published,Not published,Verify exact grade/nozzle; no blanket approval,Verify exact grade/nozzle; no blanket approval,Not verified for every grade,Not verified for every grade,Not published,Do not combine high- and low-temperature materials; low-temperature chamber guide limit 45°C. Grade-specific verification required.,Not published,Not published,Not published,Not published,Not published,Not published,No special concerns,Not published,Not published,Not published,Not published,XP-3dxmax-hips,H2C-WIKI,Print Recommendations
P0147,M083,G083-01,Current manufacturer product guidance,240-270C,45-65C,Not Required,Not published,Not published,Not published,Not published,Not published,Not published,65C for 4 hours,Not published,Hardened Steel with .4mm diameter minimum,Not published,Use abrasion-resistant nozzle; verify minimum orifice. Fibre concentration and length are grade-specific.,Verify exact grade/nozzle; no blanket approval,Verify exact grade/nozzle; no blanket approval,Not verified for every grade,Not verified for every grade,Not published,Do not combine high- and low-temperature materials; low-temperature chamber guide limit 45°C. Grade-specific verification required.,Not published,Not published,Not published,Not published,Not published,Not published,0.25mm or higher,Not published,Not published,Not published,Not published,XP-carbonx-pp-cf-1,H2C-WIKI,Print Recommendations
P0148,M088,G088-01,Current manufacturer product guidance,250-270C,70-90C,Not required,Not published,Not published,Not published,Not published,Not published,Not published,65C for 4 hours,Not published,No special concerns,Not published,Not published,Verify exact grade/nozzle; no blanket approval,Verify exact grade/nozzle; no blanket approval,Not verified for every grade,Not verified for every grade,Not published,Do not combine high- and low-temperature materials; low-temperature chamber guide limit 45°C. Grade-specific verification required.,Not published,Not published,Not published,Not published,Not published,Not published,No special concerns,Not published,Not published,Not published,Not published,XP-max-g-pctg-1,H2C-WIKI,Print Recommendations
P0149,M094,G094-01,Current manufacturer product guidance,280-310C,110-120C,Not required,Not published,Not published,Not published,Not published,Not published,Not published,120C for 4+ hours,Not published,No special concerns,Not published,Not published,Verify exact grade/nozzle; no blanket approval,Verify exact grade/nozzle; no blanket approval,Not verified for every grade,Not verified for every grade,Not published,Do not combine high- and low-temperature materials; low-temperature chamber guide limit 45°C. Grade-specific verification required.,Not published,Not published,Not published,Not published,Not published,Not published,No special concerns,Not published,Not published,Not published,Not published,XP-3dxmaxa-r-pc-abs,H2C-WIKI,Print Recommendations
P0150,M096,G096-01,Current manufacturer product guidance,245-265C,90-110C,Recommended,Not published,Not published,Not published,Not published,Not published,Not published,Not required,Not published,No special concerns,Not published,Not published,Verify exact grade/nozzle; no blanket approval,Verify exact grade/nozzle; no blanket approval,Not verified for every grade,Not verified for every grade,Not published,Do not combine high- and low-temperature materials; low-temperature chamber guide limit 45°C. Grade-specific verification required.,Not published,Not published,Not published,Not published,Not published,Not published,No special concerns,Not published,Not published,Not published,Not published,XP-fluorx-pvdf-1,H2C-WIKI,Print Recommendations
P0151,M097,G097-01,Current manufacturer product guidance,400-480C,140-180C,Recommended 70-140C if possible,Not published,Not published,Not published,Not published,Not published,Not published,120C for 4 hours,Not published,No special concerns,Not published,Not published,Excluded,Excluded,Not applicable — excluded,Not applicable — excluded,Not published,Do not combine high- and low-temperature materials; low-temperature chamber guide limit 45°C. Grade-specific verification required.,Not published,Not published,Not published,Not published,Not published,Not published,No special concerns,Not published,Not published,Not published,Not published,XP-thermax-peek-1,H2C-WIKI,Print Recommendations
P0152,M098,G098-01,Current manufacturer product guidance,345-375C,120-140C,Recommended 70-150C if possible,Not published,Not published,Not published,Not published,Not published,Not published,120C for 4 hours,Not published,No special concerns,Not published,Not published,Excluded,Excluded,Not applicable — excluded,Not applicable — excluded,Not published,Do not combine high- and low-temperature materials; low-temperature chamber guide limit 45°C. Grade-specific verification required.,Not published,Not published,Not published,Not published,Not published,Not published,No special concerns,Not published,Not published,Not published,Not published,XP-pekk-a,H2C-WIKI,Print Recommendations
P0153,M099,G099-01,Current manufacturer product guidance,370-390C,120-160C,Recommended,Not published,Not published,Not published,Not published,Not published,Not published,150C for 4 hours,Not published,No special concerns,Not published,Not published,Excluded,Excluded,Not applicable — excluded,Not applicable — excluded,Not published,Do not combine high- and low-temperature materials; low-temperature chamber guide limit 45°C. Grade-specific verification required.,Not published,Not published,Not published,Not published,Not published,Not published,No special concerns,Not published,Not published,Not published,Not published,XP-thermax-pei-1010,H2C-WIKI,Print Recommendations
P0154,M100,G100-01,Current manufacturer product guidance,350-380C,140-160C,Recommended,Not published,Not published,Not published,Not published,Not published,Not published,120C for 4 hours,Not published,No special concerns,Not published,Not published,Excluded,Excluded,Not applicable — excluded,Not applicable — excluded,Not published,Do not combine high- and low-temperature materials; low-temperature chamber guide limit 45°C. Grade-specific verification required.,Not published,Not published,Not published,Not published,Not published,Not published,No special concerns,Not published,Not published,Not published,Not published,XP-thermax-psu-1,H2C-WIKI,Print Recommendations
P0155,M101,G101-01,Current manufacturer product guidance,340-390C,140-160C,Recommended,Not published,Not published,Not published,Not published,Not published,Not published,120C for 4 hours,Not published,No special concerns,Not published,Not published,Excluded,Excluded,Not applicable — excluded,Not applicable — excluded,Not published,Do not combine high- and low-temperature materials; low-temperature chamber guide limit 45°C. Grade-specific verification required.,Not published,Not published,Not published,Not published,Not published,Not published,No special concerns,Not published,Not published,Not published,Not published,S-PES,H2C-WIKI,Print Recommendations
P0156,M102,G102-01,Current manufacturer product guidance,360-390C,140-160C,Recommended,Not published,Not published,Not published,Not published,Not published,Not published,120C for 4 hours,Not published,No special concerns,Not published,Not published,Excluded,Excluded,Not applicable — excluded,Not applicable — excluded,Not published,Do not combine high- and low-temperature materials; low-temperature chamber guide limit 45°C. Grade-specific verification required.,Not published,Not published,Not published,Not published,Not published,Not published,No special concerns,Not published,Not published,Not published,Not published,XP-thermax-ppsu-1,H2C-WIKI,Print Recommendations
P0157,M077,G077-01,Manufacturer published guidance,220-230 °C,35-45 °C,25-45 °C,Not published,Cool Plate SuperTack; Textured PEI; Smooth PEI,Bambu Liquid Glue / Glue Stick,Turn on,< 200 mm/s,Not published,"Blast drying oven 55 °C, 8 h; X1 heatbed 65-75 °C, 12 h","<20% RH, sealed with desiccant",Not published,"0.2, 0.4, 0.6, 0.8 mm",Not published,Verify route in H2C guide; no blanket side assignment found,Verify route in H2C guide; no blanket side assignment found,AMS compatible per product page; module-specific route not explicitly stated,AMS compatible per product page; module-specific route not explicitly stated,AMS and AMS lite compatible,Do not combine high- and low-temperature materials; low-temperature chamber guide limit 45°C. Grade-specific verification required.,Support interface for Bambu PLA; not intended as a stand-alone model material,Not published,Not published,Not published,Maximum bridge length 30 mm,Maximum overhang angle 55°,Not published,Smooth support interface claimed,Not published,Odorless in normal use; light pungent combustion odor,Use as support interface only; store dry,R-BAMBU-SUPPORT-PLA-NEW-TDS,H2C-WIKI; R-BAMBU-SUPPORT-PLA-NEW-PRODUCT,p. 1: Recommended Printing Settings
P0158,M038,G038-02,Manufacturer published guidance,280-330 °C,80-100 °C,Not required / '-' in TDS,Not published,PC adhesive,PC adhesive,Not published,30-60 mm/s,Not published,100 °C for 4-16 h in hot-air dryer or vacuum oven,Keep dry; sealed storage at 15-25 °C,Hardened steel advised,≥ 0.6 mm,Glass-filled melt is abrasive; brass nozzle and drive-wheel life may be reduced,Unverified exact grade; published temperatures are within H2C heater limits,Unverified exact grade; published temperatures are within H2C heater limits,Not verified for this grade,Not verified for this grade,Not published,Do not combine high- and low-temperature materials; low-temperature chamber guide limit 45°C. Grade-specific verification required.,Not published,Not published,Good dimensional stability is a manufacturer claim,Not published,Not published,Not published,Not published,Not published,Not published,Process in a well-ventilated room or use professional extraction,Abrasive wear; moisture-sensitive processing,R-BASF-PCGF30-TDS,R-H2C-SPECS; H2C-WIKI,p. 2: Recommended 3D-print processing parameters
P0159,M045,G045-03,Manufacturer published guidance,235-245 °C,80-90 °C,Not published,Not published,Not published,Not published,Not published,44 mm/s,Not published,Not published,Not published,Not published,Not published,Not published,Unverified exact flexible grade; no blanket approval,Unverified exact flexible grade; no blanket approval,Not verified for this grade,Not verified for this grade,Not published,Do not combine high- and low-temperature materials; low-temperature chamber guide limit 45°C. Grade-specific verification required.,Not published,Not published,Not published,Not published,Not published,Not published,Not published,Soft-touch claim,Good layer adhesion claim,Not published,Flexible-filament feed-path behavior must be validated on H2C,R-KIMYA-PEBA-S-TDS,H2C-WIKI,Processing table
P0160,M073,G073-02,Manufacturer published guidance,330-400 °C,100-120 °C,Not published,Not published,G14,Magigoo HT or VM Nano,0-20%,25-75 mm/s; first layer 20 mm/s,Not published,If moisture >200 ppm: 120 °C for 3-8 h,Vacuum-sealed / dry storage,Not published,Not published,Carbon-fibre grade; use abrasion-resistant hardware and verify orifice,Not supported as published: profile extends above the 350 °C H2C nozzle limit,Not supported as published: profile extends above the 350 °C H2C nozzle limit,Not verified for this grade,Not verified for this grade,Not published,Do not combine high- and low-temperature materials; low-temperature chamber guide limit 45°C. Grade-specific verification required.,Not published,Not published,Not published,Not published,Not published,Not published,Not published,Not published,Not published,Not published,Published nozzle range exceeds H2C maximum; moisture and abrasive wear,R-ESSENTIUM-PPSCF-TDS,R-H2C-SPECS; H2C-WIKI,p. 2: Recommended FFF Print Settings and Material Handling
P0161,M004,G004-01,Manufacturer published guidance,190-230 °C,45-60 °C,Not required (no enclosure needed),No enclosure needed,Not published,Not published,100%,<200 mm/s (high-speed parameter),Not published,Not published,Not published,Not published,Not published,Not published,Verify exact grade/nozzle; no blanket approval,Verify exact grade/nozzle; no blanket approval,Not verified for every grade,Not verified for every grade,Not published,Do not combine high- and low-temperature materials; low-temperature chamber guide limit 45°C. Grade-specific verification required.,Not published,Not published,Not published,Not published,Not published,Not published,Not published,Not published,Not published,Not published,Not published,R-ESUN-PLA-LITE-PAGE,H2C-WIKI,Recommended Printing Parameters; product features
P0162,M008,G008-01,Manufacturer published guidance,190-230 °C,25-60 °C,Not required (enclosure not needed),Not needed,Not published,Not published,Not published,Up to 250 mm/s,Not published,55 °C for 6 h,Not published,Not published,Not published,Not published,Verify exact grade/nozzle; no blanket approval,Verify exact grade/nozzle; no blanket approval,Not verified for every grade,Not verified for every grade,Not published,Do not combine high- and low-temperature materials; low-temperature chamber guide limit 45°C. Grade-specific verification required.,Not published,Not published,Not published,Not published,Not published,Not published,Not published,Not published,Not published,Not published,Not published,R-POLYMAKER-SILK-PLA-PAGE,H2C-WIKI,Technical Specifications
P0163,M091,G091-02,Manufacturer published guidance,190-230 °C,25-60 °C,Not required (closure chamber not needed),Not needed,Not published,Not published,Not published,Up to 400 mm/s,Not published,55 °C for 6 h (only if moisture absorbed),Not published,Not published,Not published,Not published,Verify exact grade/nozzle; no blanket approval,Verify exact grade/nozzle; no blanket approval,Not verified for every grade,Not verified for every grade,Not published,Do not combine high- and low-temperature materials; low-temperature chamber guide limit 45°C. Grade-specific verification required.,PolySupport and PolyDissolve S1,Not published,Not published,Not published,Not published,Not published,Not published,Not published,Not published,Not published,Not published,R-POLYMAKER-WIKI-PANCHROMA-COPE,H2C-WIKI,Recommended printing settings
P0164,M068,G068-02,Manufacturer published guidance,280-310 °C,70-80 °C,Room temp.,Not published,Not published,Not published,Off,Up to 250 mm/s,Not published,100 °C for 10 h,Below 20% RH,Not published,Not published,Wear-resistant nozzle (hardened steel or ruby) highly recommended; a brass nozzle lasts about 9 h,Verify exact grade/nozzle; no blanket approval,Verify exact grade/nozzle; no blanket approval,Not verified for every grade,Not verified for every grade,Not published,Do not combine high- and low-temperature materials; low-temperature chamber guide limit 45°C. Grade-specific verification required.,Not published,Not published,Not published,Not published,Not published,Not published,Not published,Not published,Not published,Not published,"Slight surface discolouration with large layer-time differences (crystallinity), not a quality defect",R-FIBERON-PETGF15-TDS,H2C-WIKI,Recommended printing conditions; note
P0165,M089,G089-01,Manufacturer published guidance,255-275 °C,70-85 °C,Not required (heated chamber / enclosure not needed),Not needed,"PEI, mirror / glass","Magigoo, 3DLac, PVA glue",0-15%,40-60 mm/s,Not published,75 °C for 4 h,Airtight bag with desiccant,Not published,Not published,Not published,Verify exact grade/nozzle; no blanket approval,Verify exact grade/nozzle; no blanket approval,Not verified for every grade,Not verified for every grade,Not published,Do not combine high- and low-temperature materials; low-temperature chamber guide limit 45°C. Grade-specific verification required.,Not published,Not published,Not published,Not published,Not published,Not published,Not published,Not published,Not published,Not published,Not published,R-FILLAMENTUM-CPE-HG100-GUIDE,H2C-WIKI,Printing parameters
P0166,M090,G090-01,Manufacturer published guidance,250-270 °C,70-85 °C,Not required (heated chamber / enclosure not needed),Not needed,"PEI, mirror / glass","Magigoo, 3DLac, PVA glue",0-15%,30-50 mm/s,Not published,75 °C for 3 h,Airtight bag with desiccant,Not published,Not published,"Hardened steel, ruby or other wear-resistant nozzle necessary (carbon fibre)",Verify exact grade/nozzle; no blanket approval,Verify exact grade/nozzle; no blanket approval,Not verified for every grade,Not verified for every grade,Not published,Do not combine high- and low-temperature materials; low-temperature chamber guide limit 45°C. Grade-specific verification required.,Not published,Not published,Not published,Not published,Not published,Not published,Not published,Not published,Not published,Not published,Not published,R-FILLAMENTUM-CPE-CF112-GUIDE,H2C-WIKI,Printing parameters; Nozzle
P0167,M092,G092-01,Manufacturer published guidance,220-240 °C,75-85 °C,Not published,Not published,Not published,Not published,0-80%,40-70 mm/s,Not published,Not published,Not published,Not published,Not published,Not published,Verify exact grade/nozzle; no blanket approval,Verify exact grade/nozzle; no blanket approval,Not verified for every grade,Not verified for every grade,Not published,Do not combine high- and low-temperature materials; low-temperature chamber guide limit 45°C. Grade-specific verification required.,Not published,Not published,Not published,Not published,Not published,Not published,Not published,Not published,Not published,Not published,Not published,R-COLORFABB-NGEN-TDS-V2,H2C-WIKI,p. 2: Guideline for print settings
P0168,M025,G025-02,Manufacturer published guidance,250-280 °C,60-70 °C,Not published,Recommended: sealed / closed printing (TDS),"Glass, PEI, spring steel plate",Not published,Not published,30-150 mm/s,Not published,"60-70 °C, 4-8 h",Not published,Not published,Not published,Use abrasion-resistant nozzle; verify minimum orifice. Fibre concentration and length are grade-specific.,Verify exact grade/nozzle; no blanket approval,Verify exact grade/nozzle; no blanket approval,Not verified for every grade,Not verified for every grade,Not published,Do not combine high- and low-temperature materials; low-temperature chamber guide limit 45°C. Grade-specific verification required.,Not published,Not published,Not published,Not published,Not published,Not published,Not published,Not published,Not published,Not published,Not published,R-ERYONE-PETG-GF-TDS,H2C-WIKI,Part I: Suggested printing parameters
P0169,M034,G034-03,Manufacturer published guidance,265-290 °C,90-110 °C,Not required (TDS: no need for positive chamber heating),Enclosed frame recommended; open frame compatible,Smooth / textured PEI; glue if first layer does not bond,Not published,10-40%,Up to 300 mm/s,Not published,"70-90 °C, 4-8 h (blast drying oven)",≤ 20% RH,"Hardened steel, diamond, tungsten carbide",0.6 mm recommended; 0.4 / 0.8 mm,Use abrasion-resistant nozzle; verify minimum orifice. Fibre concentration and length are grade-specific.,Verify exact grade/nozzle; no blanket approval,Verify exact grade/nozzle; no blanket approval,Not verified for every grade,Not verified for every grade,Not published,Do not combine high- and low-temperature materials; low-temperature chamber guide limit 45°C. Grade-specific verification required.,Not published,Not published,Not published,Not published,Not published,Not published,Not published,Not published,Not published,Not published,Not published,R-IPCON-ASA-GF-TDS,H2C-WIKI,Recommended Printing Settings
P0171,M087,G087-02,Manufacturer published guidance,210-240 °C,100-130 °C,70-140 °C (build chamber temperature),Not published,"Cellulose mat (paper, wood, cork) with PVA glue",Not published,Not published,10-30 mm/s,Not published,"140 °C, 4-6 h (hot air dryer)",Not published,Not published,≥ 0.4 mm,Not published,Verify exact grade/nozzle; no blanket approval,Verify exact grade/nozzle; no blanket approval,Not verified for every grade,Not verified for every grade,Not published,Do not combine high- and low-temperature materials; low-temperature chamber guide limit 45°C. Grade-specific verification required.,Not published,Not published,Not published,Not published,Not published,Not published,Not published,Not published,Not published,Not published,Not published,R-GRUPA-AZOTY-TARFUSE-POM-TDS,H2C-WIKI,p. 2: Recommended print processing parameters
P0170,M034,G034-04,Manufacturer published guidance,240-260 °C,100-120 °C,Room temperature-60 °C (ambient temperature for printing),Not published,"Tempered glass, BuildTak, carbon fibre plate",Not published,0-20%,40-250 mm/s,Not published,"80 °C, at least 5 h",Not published,Hardened steel,0.4 mm recommended; 0.6 mm,Use abrasion-resistant nozzle; verify minimum orifice. Fibre concentration and length are grade-specific.,Verify exact grade/nozzle; no blanket approval,Verify exact grade/nozzle; no blanket approval,Not verified for every grade,Not verified for every grade,Not published,Do not combine high- and low-temperature materials; low-temperature chamber guide limit 45°C. Grade-specific verification required.,Not published,Not published,Not published,Not published,Not published,Not published,Not published,Not published,Not published,Not published,Not published,R-FLASHFORGE-ASA-GF10-TDS,H2C-WIKI,Recommended Printing Conditions
