RowID,Class,Kind,SourceID,Page,Grade,Product,Field,Label,Raw,Lo,Hi,Unit,Operator,Direction,Specimen,Moisture,PostProcessing,Standard,TestConditions,TableHeading,Quote,Presence,SecondRead,HeldIDs,HeldValues,Reader,Confidence,Flags,Note
batch-01.csv#5,context,context,R-3D-FUEL-3D-Fuel-Pro-PCTG-TDS-9-2-25,2,,,all,ASTM Method Physical Properties,,,,,,,,,,ASTM,,ASTM Method Physical Properties,ASTM Method | Physical Properties,text,not-required,,,reader-r1-01,high,,
batch-01.csv#6,context,context,R-3D-FUEL-3D-Fuel-Pro-PCTG-TDS-9-2-25,2,,,all,footnote,,,,,,,,,,,,ASTM Method Physical Properties,"The information in this data sheet is, to the best of our knowledge, true and accurate. The reprsentations about the products are based upon test results achieved under laboratory practices with measurements from injection molded and 3D printed parts.",text,not-required,,,reader-r1-01,high,,"specimens stated as injection molded and 3D printed parts, not per row"
batch-01.csv#7,context,context,R-3D-FUEL-3D-Fuel-Pro-PCTG-TDS-9-2-25,3,,,all,ISO Method Physical Properties,,,,,,,,,,ISO,,ISO Method Physical Properties,ISO Method | Physical Properties,text,not-required,,,reader-r1-01,high,,
batch-01.csv#8,context,context,R-3D-FUEL-3D-Fuel-Pro-PCTG-TDS-9-2-25,3,,,all,footnote,,,,,,,,,,,,ISO Method Physical Properties,"The information in this data sheet is, to the best of our knowledge, true and accurate. The reprsentations about the products are based upon test results achieved under laboratory practices with measurements from injection molded and 3D printed parts.",text,not-required,,,reader-r1-01,high,,"specimens stated as injection molded and 3D printed parts, not per row"
batch-01.csv#54,context,context,D-3D4MAKERS-ABS-KEVLAR-PAGE,1,G106-02,ABS Kevlar Filament,all,ABS Kevlar Material Properties,,,,,,,,,,,,ABS Kevlar Material Properties,ABS Kevlar Material Properties,text,not-required,,,reader-r1-01,high,,"no specimen, moisture or standard stated for any value"
batch-01.csv#70,context,context,D-3D4MAKERS-FACILAN-HT-FILAMENT-PAGE,1,G066-06,Facilan™ HT Filament,all,Facilan™ HT Material Properties,,,,,,,,,,,,Facilan™ HT Material Properties,Facilan™ HT Material Properties,text,not-required,,,reader-r1-01,high,,"no specimen, moisture or standard stated"
batch-01.csv#95,context,context,D-3D4MAKERS-FACILAN-PCL-100-FILAMENT-PAGE,1,G149-02,Facilan™ PCL 100 Filament,all,Facilan™ PCL100 Material Properties,,,,,,,,,,,,Facilan™ PCL100 Material Properties,Facilan™ PCL100 Material Properties,text,not-required,,,reader-r1-01,high,,"no specimen, moisture or standard stated"
batch-01.csv#120,context,context,R-3D4MAKERS-PRINT-20260928-8d7352c2d77f,1,G149-02,Facilan™ PCL 100 Filament,all,Facilan™ PCL100 Material Properties,,,,,,,,,,,,Facilan™ PCL100 Material Properties,Facilan™ PCL100 Material Properties,text,not-required,,,reader-r1-01,high,no-held-rows-on-page-in-scope,"no specimen, moisture or standard stated"
batch-01.csv#137,context,context,R-3D4MAKERS-TDS-ABS-Kevlar-filament-3D4Makers-V1,1,G106-02,ABS Kevlar Filament,all,MATERIAL PROPERTIES TYPICAL VALUE TEST METHOD,,,,,,,,,,,,MATERIAL PROPERTIES,MATERIAL PROPERTIES TYPICAL VALUE TEST METHOD,text,not-required,,,reader-r1-01,high,,"no specimen, moisture or annealing stated except in the HDT row labels"
batch-01.csv#149,context,context,R-3D4MAKERS-TDS-Facilan-HT-ElogioAM-v1-4,1,G066-06,Facilan™ HT,tensile,*Tensile sample thickness 1.5 mm,,,,,,,,,,,,MATERIAL PROPERTIES,*Tensile sample thickness 1.5 mm,text,not-required,,,reader-r1-01,high,no-held-rows-on-page-in-scope,
batch-01.csv#150,context,context,R-3D4MAKERS-TDS-Facilan-HT-ElogioAM-v1-4,1,G066-06,Facilan™ HT,thermal,** 120 K/h,,,,,,,,,,,,MATERIAL PROPERTIES,** 120 K/h,text,not-required,,,reader-r1-01,high,,footnote on ISO 75 B row: heating rate
batch-01.csv#161,context,context,R-3D4MAKERS-TDS-Facilan-HT-ElogioAM-v1-4,1,G066-06,Facilan™ HT,tensile,Printer : Ultimaker 2 | Nozzle temp : 240°C | Bed temp : 80°,,,,,,,printed,,,,printer=Ultimaker 2; nozzle=240 °C; bed=80 °C; infill=100%; layer height=0.1 mm; print speed=50 mm/s; wall thickness=0.7 mm; wall line count=2,Tensile test,Printer : Ultimaker 2 | Nozzle temp : 240°C | Bed temp : 80°C | Infill : 100% | Layerheight : 0.1 mm | Print speed : 50 mm/s | Wall thickness : 0.7 mm | Wall line count : 2,text,not-required,,,reader-r1-01,high,no-held-rows-on-page-in-scope,settings listed beside the images captioned Tensile test and Impact test
batch-01.csv#162,context,context,R-3D4MAKERS-TDS-Facilan-HT-ElogioAM-v1-4,1,G066-06,Facilan™ HT,impact,Printer : Ultimaker 2 | Nozzle temp : 240°C | Bed temp : 80°,,,,,,,printed,,,,printer=Ultimaker 2; nozzle=240 °C; bed=80 °C; infill=100%; layer height=0.1 mm; print speed=50 mm/s; wall thickness=0.7 mm; wall line count=2,Impact test,Printer : Ultimaker 2 | Nozzle temp : 240°C | Bed temp : 80°C | Infill : 100% | Layerheight : 0.1 mm | Print speed : 50 mm/s | Wall thickness : 0.7 mm | Wall line count : 2,text,not-required,,,reader-r1-01,high,no-held-rows-on-page-in-scope,settings listed beside the images captioned Tensile test and Impact test
batch-01.csv#173,context,context,R-3D4MAKERS-TDS-Facilan-PCL100-filament-V1-4,1,G149-02,Facilan™ PCL100,tensile,*Tensile sample thickness 1.5 mm,,,,,,,,,,,,MATERIAL PROPERTIES,*Tensile sample thickness 1.5 mm,text,not-required,,,reader-r1-01,high,no-held-rows-on-page-in-scope,
batch-01.csv#174,context,context,R-3D4MAKERS-TDS-Facilan-PCL100-filament-V1-4,1,G149-02,Facilan™ PCL100,thermal,** 120 K/h,,,,,,,,,,,,MATERIAL PROPERTIES,** 120 K/h,text,not-required,,,reader-r1-01,high,,footnote on ISO 75 B row: heating rate
batch-01.csv#185,context,context,R-3D4MAKERS-TDS-Facilan-PCL100-filament-V1-4,1,G149-02,Facilan™ PCL100,tensile,Printer : Ultimaker 2 | Nozzle temp : 140°C | Bed temp : 38°,,,,,,,printed,,,,printer=Ultimaker 2; nozzle=140 °C; bed=38 °C; infill=100%; layer height=0.1 mm; print speed=30 mm/s; wall thickness=0.7 mm; wall line count=2,Tensile test,Printer : Ultimaker 2 | Nozzle temp : 140°C | Bed temp : 38°C | Infill : 100% | Layerheight : 0.1 mm | Print speed : 30 mm/s | Wall thickness : 0.7 mm | Wall line count : 2,text,not-required,,,reader-r1-01,high,no-held-rows-on-page-in-scope,settings listed beside the images captioned Tensile test and Impact test
batch-01.csv#186,context,context,R-3D4MAKERS-TDS-Facilan-PCL100-filament-V1-4,1,G149-02,Facilan™ PCL100,impact,Printer : Ultimaker 2 | Nozzle temp : 140°C | Bed temp : 38°,,,,,,,printed,,,,printer=Ultimaker 2; nozzle=140 °C; bed=38 °C; infill=100%; layer height=0.1 mm; print speed=30 mm/s; wall thickness=0.7 mm; wall line count=2,Impact test,Printer : Ultimaker 2 | Nozzle temp : 140°C | Bed temp : 38°C | Infill : 100% | Layerheight : 0.1 mm | Print speed : 30 mm/s | Wall thickness : 0.7 mm | Wall line count : 2,text,not-required,,,reader-r1-01,high,no-held-rows-on-page-in-scope,settings listed beside the images captioned Tensile test and Impact test
batch-01.csv#214,context,context,R-3DJAKE-EN-TDS-PLA-Graphene-LIGHT,1,G155-01,PLA PROGRAFEN GRAPHENE LIGHT,all,Typical properties; not to be construed as specifications.,,,,,,,,,,,,Typical Material & Application Properties,Typical properties; not to be construed as specifications.,text,not-required,,,reader-r1-01,high,,"footnote (1) of the properties table; no specimen, moisture or direction stated"
batch-01.csv#218,context,context,R-3DJAKE-EN-TDS-PLA-Graphene-LIGHT,1,G155-01,PLA PROGRAFEN GRAPHENE LIGHT,all,(1) These are starting points and may need to be optimized.,,,,,,,,,,,,Processing Temperature Profile,(1) These are starting points and may need to be optimized.,text,not-required,,,reader-r1-01,high,,
batch-01.csv#235,context,context,R-3DJAKE-EN-TDS-PLA-Graphene-STRONG,1,G155-02,PLA PROGRAFEN GRAPHENE STRONG,all,Typical properties; not to be construed as specifications.,,,,,,,,,,,,Typical Material & Application Properties,Typical properties; not to be construed as specifications.,text,not-required,,,reader-r1-01,high,,"footnote (1) of the properties table; no specimen, moisture or direction stated"
batch-01.csv#239,context,context,R-3DJAKE-EN-TDS-PLA-Graphene-STRONG,1,G155-02,PLA PROGRAFEN GRAPHENE STRONG,all,(1) These are starting points and may need to be optimized.,,,,,,,,,,,,Processing Temperature Profile,(1) These are starting points and may need to be optimized.,text,not-required,,,reader-r1-01,high,,
batch-01.csv#259,context,context,R-3DJAKE-TDS-3DJAKE-ecoPLA-CF,1,G018-19,3DJAKE ecoPLA CF,all,Physical properties Description Typical value Unit Test meth,,,,,,,,,,,,Physical properties,Physical properties Description Typical value Unit Test method,text,not-required,,,reader-r1-01,high,,"no specimen, direction or moisture stated"
batch-01.csv#282,context,context,R-3DJAKE-Technical-Data-Sheet-niceBIO-V2,1,G168-02,3DJAKE niceBIO,all,Physical properties Description Typical value Test method,,,,,,,,,,,,Physical properties,Physical properties Description Typical value Test method,text,not-required,,,reader-r1-01,high,,"no specimen, direction or moisture stated"
batch-01.csv#303,context,context,R-3DJAKE-Technical-Data-Sheet-PCTG-V2,1,G088-08,3DJAKE PCTG,all,Physical properties Description Typical value Test method,,,,,,,,,,,,Physical properties,Physical properties Description Typical value Test method,text,not-required,,,reader-r1-01,high,,"no specimen, direction or moisture stated"
batch-01.csv#321,context,context,R-3DJAKE-3DJAKE-ANYCUBIC-TDS-PLA-silk-V3-0,1,G008-17,Anycubic PLA Silk,all,*All data are based on printed test samples. '(X-Y)' and '(Z,,,,,,,printed,,,,,Mechanical Properties,*All data are based on printed test samples. '(X-Y)' and '(Z)' indicate different testing orientations (refer to the direction schematic).,text,not-required,,V009119(specimen) V009120(specimen) V009121(specimen),reader-r1-01,high,,footnote below the mechanical table; (X-Y) and (Z) are test orientations
batch-01.csv#328,context,context,R-3DJAKE-3DJAKE-ANYCUBIC-TDS-PLA-silk-V3-0,2,G008-17,Anycubic PLA Silk,all,"*Based on a 0.4mm nozzle, printing conditions may vary with",,,,,,,,,,,,Recommended Printing Parameters,"*Based on a 0.4mm nozzle, printing conditions may vary with different nozzle diameters",text,not-required,,,reader-r1-01,high,,
batch-01.csv#341,context,context,R-3DJAKE-3DJAKE-ANYCUBIC-TDS-PLA-silk-V3-0,3,G008-17,Anycubic PLA Silk,tensile,TENSILE TESTING SPECIMEN,,,,,,,printed,,,,,TENSILE TESTING SPECIMEN,TENSILE TESTING SPECIMEN,text,not-required,,,reader-r1-01,high,no-held-rows-on-page-in-scope,"drawing: dimensions 150.00, 114.00, 80.00, 20.00, 10.00, 4.00, 4*R25; Z axis arrow marks the build direction"
batch-01.csv#342,context,context,R-3DJAKE-3DJAKE-ANYCUBIC-TDS-PLA-silk-V3-0,3,G008-17,Anycubic PLA Silk,impact,IMPACT TESTING SPECIMEN,,,,,,,printed,,,,,IMPACT TESTING SPECIMEN,IMPACT TESTING SPECIMEN,text,not-required,,,reader-r1-01,high,no-held-rows-on-page-in-scope,"drawings: unnotched bar 80.00 x 10.00 x 4.00 (60.00 span) and a bar with a 45.00° notch, impact direction arrow; Z axis arrow"
batch-01.csv#346,context,context,R-3DJAKE-3DJAKE-c9047f-1e9c2a0b33dd4d3eb764ce6233abe759,1,G019-04,PLAx GF,all,Properties FDM H Injection Method,,,,,,,,,,,,Material properties,Properties FDM H Injection Method,text,not-required,,,reader-r1-01,high,,column headings FDM H and Injection; the sheet does not define them further
batch-01.csv#366,context,context,R-3DJAKE-3DJAKE-c9047f-1e9c2a0b33dd4d3eb764ce6233abe759,1,G019-04,PLAx GF,all,"Although accurate, the data provided is not binding and do n",,,,,,,,,,,,Disclaimer,"Although accurate, the data provided is not binding and do not constitute a formal warranty.",text,not-required,,,reader-r1-01,high,,
batch-01.csv#370,context,context,R-3DJAKE-3DJAKE-PCTG-CF-tech-data,1,G144-02,PCTG CF,all,Properties FDM H Injection Method,,,,,,,,,,,,Material properties,Properties FDM H Injection Method,text,not-required,,,reader-r1-01,high,,column headings FDM H and Injection; the sheet does not define them further
batch-01.csv#390,context,context,R-3DJAKE-3DJAKE-PCTG-CF-tech-data,1,G144-02,PCTG CF,all,"Although accurate, the data provided is not binding and do n",,,,,,,,,,,,Disclaimer,"Although accurate, the data provided is not binding and do not constitute a formal warranty.",text,not-required,,,reader-r1-01,high,,
batch-01.csv#393,context,context,R-3DJAKE-3DJAKE-PCTG-TECHNISCHES-DATENBLATT,1,G088-06,PCTG,all,Properties FDM H Injection Method,,,,,,,,,,,,Material properties,Properties FDM H Injection Method,text,not-required,,,reader-r1-01,high,,column headings FDM H and Injection; the sheet does not define them further
batch-01.csv#413,context,context,R-3DJAKE-3DJAKE-PCTG-TECHNISCHES-DATENBLATT,1,G088-06,PCTG,all,"Although accurate, the data provided is not binding and do n",,,,,,,,,,,,Disclaimer,"Although accurate, the data provided is not binding and do not constitute a formal warranty.",text,not-required,,,reader-r1-01,high,,
batch-01.csv#427,context,context,R-3DJAKE-3DJAKE-TDS-CarbonFiber-HTPLA-1-0-1,1,G018-14,Carbon Fiber Composite HTPLA,all,"Use limit is geometry, load & condition dependent",,,,,,,,,,,,Material Properties,"Use limit is geometry, load & condition dependent",text,not-required,,,reader-r1-01,high,,
batch-01.csv#428,context,context,R-3DJAKE-3DJAKE-TDS-CarbonFiber-HTPLA-1-0-1,1,G018-14,Carbon Fiber Composite HTPLA,all,(Based on Ultimaker s5 .15mm Profile),,,,,,,,,,,,Print Settings,(Based on Ultimaker s5 .15mm Profile),text,not-required,,,reader-r1-01,high,,"print settings are for an Ultimaker S5, 0.15 mm profile"
batch-01.csv#435,context,context,R-3DJAKE-3DJAKE-TDS-CarbonFiber-HTPLA-1-0-1,1,G018-14,Carbon Fiber Composite HTPLA,all,Heat Treating (for heat-treating only),,,,,,,,,,,,Heat Treating,Heat Treating (for heat-treating only),text,not-required,,,reader-r1-01,high,,HTPLA is a semi-crystalline grade of PLA optimized for heat-treating for higher temperature use
batch-01.csv#457,context,context,R-3DJAKE-3DJAKE-TDS-Conductive-PLA-1-0-1,1,G111-02,Conductive PLA,all,"Use limit is geometry, load & condition dependent",,,,,,,,,,,,Material Properties,"Use limit is geometry, load & condition dependent",text,not-required,,,reader-r1-01,high,,
batch-01.csv#458,context,context,R-3DJAKE-3DJAKE-TDS-Conductive-PLA-1-0-1,1,G111-02,Conductive PLA,all,(Based on Ultimaker s5 .15mm Profile),,,,,,,,,,,,Print Settings,(Based on Ultimaker s5 .15mm Profile),text,not-required,,,reader-r1-01,high,,"print settings are for an Ultimaker S5, 0.15 mm profile"
batch-01.csv#466,context-held,context,R-3DJAKE-3DJAKE-TDS-ecoPLA-Silk-Rainbow-v1-1,1,G008-18,3DJAKE ecoPLA Silk Rainbow,all,"Technical Data Sheet (Printed, non-injection molded)",,,,,,,printed,,,,,Technical Data Sheet,"Technical Data Sheet (Printed, non-injection molded)",text,not-required,PC00043,,reader-r1-01,high,,"heading under the title: ""(Printed, non-injection molded)"""
batch-01.csv#483,context-held,context,R-3DJAKE-3DJAKE-TDS-ecoPLA-Silk-v1-1,1,G008-16,3DJAKE ecoPLA Silk,tensile,"(Printed, non-injection molded)",,,,,,,printed,,,,,Technical Data Sheet,"(Printed, non-injection molded)",text,not-required,PC00087,,reader-r1-01,high,,"line under the title, one statement covering the whole sheet"
batch-01.csv#484,context-held,context,R-3DJAKE-3DJAKE-TDS-ecoPLA-Silk-v1-1,1,G008-16,3DJAKE ecoPLA Silk,impact,"(Printed, non-injection molded)",,,,,,,printed,,,,,Technical Data Sheet,"(Printed, non-injection molded)",text,not-required,PC00088,,reader-r1-01,high,no-held-rows-on-page-in-scope,"line under the title, one statement covering the whole sheet"
batch-01.csv#485,context,context,R-3DJAKE-3DJAKE-TDS-ecoPLA-Silk-v1-1,1,G008-16,3DJAKE ecoPLA Silk,physical,"(Printed, non-injection molded)",,,,,,,printed,,,,,Technical Data Sheet,"(Printed, non-injection molded)",text,not-required,,,reader-r1-01,high,,"line under the title, one statement covering the whole sheet; no page_context row held for physical"
batch-01.csv#515,context,context,R-3DJAKE-3DJAKE-TDS-Original-CarbonFiber-PLA-1-0-1,1,G018-15,Original Carbon Fiber Composite PLA,all,"Use limit is geometry, load & condition dependent",,,,,,,,,,,,Material Properties,"Use limit is geometry, load & condition dependent",text,not-required,,,reader-r1-01,high,,
batch-01.csv#516,context,context,R-3DJAKE-3DJAKE-TDS-Original-CarbonFiber-PLA-1-0-1,1,G018-15,Original Carbon Fiber Composite PLA,all,(Based on Ultimaker s5 .15mm Profile),,,,,,,,,,,,Print Settings,(Based on Ultimaker s5 .15mm Profile),text,not-required,,,reader-r1-01,high,,"print settings are for an Ultimaker S5, 0.15 mm profile"
batch-02.csv#11,context,context,X-3DXSTAT-ESD-PA12-TDS-v1,1,G064-01,3DXSTAT ESD-Safe Nylon 12 (PA12),physical,Please note,Extrusion temperatures play a large role in surface resistance of a printed part,,,,,,,,,,,Electrical Property,Please note: Extrusion temperatures play a large role in surface resistance of a printed part. Higher extrusion temperatures yield lower surface resistance values.,text,not-required,,,reader-r1-02,high,,footnote under electrical table; no print specimen/moisture condition stated
batch-02.csv#29,context,context,X-3DXTECH-PRINT-20260928-55ca40b64fa1,1,,,all,,This data was generated on actual 3D printed ISO specimen,,,,,,printed,,,,,3DXTech Technical and Safety Data Sheets,This data was generated on actual 3D printed ISO specimen and tested by our resin company partners.,text,not-required,,,reader-r1-02,high,no-held-rows-on-page-in-scope,index page of TDS/SDS links; no values or print settings of its own
batch-02.csv#40,context,context,X-ECOMAX-3DXMAX-PCASA-TDS-v3,1,G119-01,3DXMAX® PC/ASA,all,,Printed Specimen Conditions,,,,,XY Flat,printed,,,,"Printer=Open Source FDM/FFF; Nozzle=0.4mm; Layer Height=0.25mm; Infill=100%, +/- 45°; Extrusion Temp=265°C; Bed Temp=110°C; Specimen Orientation=XY Flat",Printed Specimen Conditions,"Printed Specimen Conditions | Printer: Open Source FDM/FFF | Nozzle: 0.4mm | Layer Height: 0.25mm | Infill: 100%, +/- 45° | Extrusion Temp: 265°C | Bed Temp: 110°C | Specimen Orientation: XY Flat",text,not-required,,,reader-r1-02,high,,heading and conditions apply to every value in the tables above
batch-02.csv#58,context,context,X-ECOMAX-3DXSTAT-ESD-PC-v3-TDS,1,G116-01,3DXSTAT™ ESD-PC,all,,Printed Specimen Conditions,,,,,XY Flat,printed,,,,"Printer=Open Source FDM/FFF; Nozzle=0.4mm; Layer Height=0.25mm; Infill=100%, +/- 45°; Extrusion Temp=295°C; Bed Temp=130°C; Specimen Orientation=XY Flat",Printed Specimen Conditions,"Printed Specimen Conditions | Printer: Open Source FDM/FFF | Nozzle: 0.4mm | Layer Height: 0.25mm | Infill: 100%, +/- 45° | Extrusion Temp: 295°C | Bed Temp: 130°C | Specimen Orientation: XY Flat",text,not-required,,,reader-r1-02,high,,heading and conditions apply to every value in the tables above
batch-02.csv#76,context,context,X-ECOMAX-3DXSTAT-ESD-PPS-v3-TDS,1,G124-01,3DXSTAT™ ESD-PPS,all,,Printed Specimen Conditions,,,,,XY Flat,printed,,,,"Printer=Open Source FDM/FFF; Nozzle=0.4mm; Layer Height=0.25mm; Infill=100%, +/- 45°; Extrusion Temp=345°C; Bed Temp=130°C; Specimen Orientation=XY Flat",Printed Specimen Conditions,"Printed Specimen Conditions | Printer: Open Source FDM/FFF | Nozzle: 0.4mm | Layer Height: 0.25mm | Infill: 100%, +/- 45° | Extrusion Temp: 345°C | Bed Temp: 130°C | Specimen Orientation: XY Flat",text,not-required,,,reader-r1-02,high,,heading and conditions apply to every value in the tables above
batch-02.csv#94,context,context,X-ECOMAX-3DXSTAT-ESD-PVDF-v3-TDS,1,G120-01,3DXSTAT™ ESD-PVDF,all,,Printed Specimen Conditions,,,,,XY Flat,printed,,,,"Printer=Open Source FDM/FFF; Nozzle=0.4mm; Layer Height=0.25mm; Infill=100%, +/- 45°; Extrusion Temp=275°C; Bed Temp=120°C; Specimen Orientation=XY Flat",Printed Specimen Conditions,"Printed Specimen Conditions | Printer: Open Source FDM/FFF | Nozzle: 0.4mm | Layer Height: 0.25mm | Infill: 100%, +/- 45° | Extrusion Temp: 275°C | Bed Temp: 120°C | Specimen Orientation: XY Flat",text,not-required,,,reader-r1-02,high,,heading and conditions apply to every value in the tables above
batch-02.csv#110,context,context,X-ECOMAX-3DXSTAT-ESD-TPU-90A-TDS-v1-1,1,G126-01,3DXSTAT™ ESD-TPU (90A),all,,Printed Specimen Conditions,,,,,XY Flat,printed,,,,"Printer=Open Source FDM/FFF; Nozzle=0.4mm; Layer Height=0.25mm; Infill=100%, +/- 45°; Extrusion Temp=260°C; Bed Temp=60°C; Specimen Orientation=XY Flat",Printed Specimen Conditions,"Printed Specimen Conditions | Printer: Open Source FDM/FFF | Nozzle: 0.4mm | Layer Height: 0.25mm | Infill: 100%, +/- 45° | Extrusion Temp: 260°C | Bed Temp: 60°C | Specimen Orientation: XY Flat",text,not-required,,,reader-r1-02,high,,heading and conditions apply to every value in the tables above
batch-02.csv#128,context,context,X-ECOMAX-CarbonX-CF-PC-ABS-TDS-v1-1,1,G128-01,CarbonX™ Carbon Fiber PC/ABS,all,,Printed Specimen Conditions,,,,,XY Flat,printed,,,,"Printer=Open Source FDM/FFF; Nozzle=0.4mm; Layer Height=0.25mm; Infill=100%, +/- 45°; Extrusion Temp=285°C; Bed Temp=120°C; Specimen Orientation=XY Flat",Printed Specimen Conditions,"Printed Specimen Conditions | Printer: Open Source FDM/FFF | Nozzle: 0.4mm | Layer Height: 0.25mm | Infill: 100%, +/- 45° | Extrusion Temp: 285°C | Bed Temp: 120°C | Specimen Orientation: XY Flat",text,not-required,,,reader-r1-02,high,,heading and conditions apply to every value in the tables above
batch-02.csv#146,context,context,X-ECOMAX-CarbonX-CF-PLA-TDS-v3,1,G018-04,CarbonX™ CF-PLA,all,,Printed Specimen Conditions,,,,,XY Flat,printed,,,,"Printer=Open Source FDM/FFF; Nozzle=0.4mm; Layer Height=0.25mm; Infill=100%, +/- 45°; Extrusion Temp=215°C; Bed Temp=23°C; Specimen Orientation=XY Flat",Printed Specimen Conditions,"Printed Specimen Conditions | Printer: Open Source FDM/FFF | Nozzle: 0.4mm | Layer Height: 0.25mm | Infill: 100%, +/- 45° | Extrusion Temp: 215°C | Bed Temp: 23°C | Specimen Orientation: XY Flat",text,not-required,,,reader-r1-02,high,,heading and conditions apply to every value in the tables above
batch-02.csv#164,context,context,X-ECOMAX-ESD-TPC-92A-v3,1,G114-01,3DXSTAT™ ESD-TPC (90A),all,,Printed Specimen Conditions,,,,,XY Flat,printed,,,,"Printer=Open Source FDM/FFF; Nozzle=0.4mm; Layer Height=0.25mm; Infill=100%, +/- 45°; Extrusion Temp=255°C; Bed Temp=70°C; Specimen Orientation=XY Flat",Printed Specimen Conditions,"Printed Specimen Conditions | Printer: Open Source FDM/FFF | Nozzle: 0.4mm | Layer Height: 0.25mm | Infill: 100%, +/- 45° | Extrusion Temp: 255°C | Bed Temp: 70°C | Specimen Orientation: XY Flat",text,not-required,,,reader-r1-02,high,,heading and conditions apply to every value in the tables above
batch-02.csv#182,context,context,X-ECOMAX-THERMAX-PPE-PS-TDS-v1,1,G130-01,THERMAX® PPE/PS,all,,Printed Specimen Conditions,,,,,XY Flat,printed,,,,"Printer=Open Source FDM/FFF; Nozzle=0.4mm; Layer Height=0.25mm; Infill=100%, +/- 45°; Extrusion Temp=310°C; Bed Temp=120°C; Specimen Orientation=XY Flat",Printed Specimen Conditions,"Printed Specimen Conditions | Printer: Open Source FDM/FFF | Nozzle: 0.4mm | Layer Height: 0.25mm | Infill: 100%, +/- 45° | Extrusion Temp: 310°C | Bed Temp: 120°C | Specimen Orientation: XY Flat",text,not-required,,,reader-r1-02,high,,heading and conditions apply to every value in the tables above
batch-02.csv#200,context,context,X-ECOMAX-TriStat-ESD-PC-TDS-v1,1,G116-02,TriStat™ ESD-PC Model Material,all,,Specimen Conditions,,,,,XY Flat,,,,,"Printer=Fortus® 400mc; Layer Height=0.013"" / 0.33mm; Infill Density=Solid; Specimen Orientation=XY Flat",Specimen Conditions,"Specimen Conditions | Printer: Fortus® 400mc | Layer Height: 0.013"" / 0.33mm | Infill Density: Solid | Specimen Orientation: XY Flat",visual-only,agreed,,,reader-r1-02,high,quote-not-on-page,"heading says Specimen Conditions, not Printed Specimen Conditions; value column headed Metric"
batch-02.csv#236,context,context,X-FLUORX-PVDF-TDS-v3,1,G096-01,FluorX™ PVDF,all,,Printed Specimen Conditions,,,,,XY Flat,printed,,,,"Printer=Open Source FDM/FFF; Nozzle=0.4mm; Layer Height=0.25mm; Infill=100%, +/- 45°; Extrusion Temp=255-275°C; Bed Temp=70-110 °C; Specimen Orientation=XY Flat",Printed Specimen Conditions,"Printed Specimen Conditions | Printer: Open Source FDM/FFF | Nozzle: 0.4mm | Layer Height: 0.25mm | Infill: 100%, +/- 45° | Extrusion Temp: 255-275°C | Bed Temp: 70-110 °C | Specimen Orientation: XY Flat",text,not-required,,,reader-r1-02,high,,heading and conditions apply to every value in the tables above
batch-02.csv#253,context-held,context,X-Hyperlite-PP-TDS-v1,1,G103-01,HyperLite™ PP,all,,Printed Specimen Conditions,,,,,XY Flat,printed,,,,"Printer=Open Source FDM/FFF; Nozzle=0.4mm; Layer Height=0.25mm; Infill=100%, +/- 45°; Extrusion Temp=235°C; Bed Temp=60°C; Specimen Orientation=XY Flat",Printed Specimen Conditions,"Printed Specimen Conditions | Printer: Open Source FDM/FFF | Nozzle: 0.4mm | Layer Height: 0.25mm | Infill: 100%, +/- 45° | Extrusion Temp: 235°C | Bed Temp: 60°C | Specimen Orientation: XY Flat",text,not-required,PC00287,V001490(specimen),reader-r1-02,high,,heading and conditions apply to every value in the tables above
batch-02.csv#279,context,context,X-MAXG-PCTG-TDS-v1-0,1,G088-01,MAX-G™ PCTG,all,,Printed Specimen Conditions,,,,,XY Flat,printed,,,,"Printer=Open Source FDM/FFF; Nozzle=0.4mm; Layer Height=0.25mm; Infill=100%, +/- 45°; Extrusion Temp=275°C; Bed Temp=90°C; Specimen Orientation=XY Flat",Printed Specimen Conditions,"Printed Specimen Conditions | Printer: Open Source FDM/FFF | Nozzle: 0.4mm | Layer Height: 0.25mm | Infill: 100%, +/- 45° | Extrusion Temp: 275°C | Bed Temp: 90°C | Specimen Orientation: XY Flat",text,not-required,,,reader-r1-02,high,,heading and conditions apply to every value in the tables above
batch-02.csv#288,context,context,R-3DJAKE-SILK-TDS-4,1,G008-33,PLA Silk,all,Property of 3D printed specimens,Property of 3D printed specimens,,,,,,printed,,,,,Properties,Property of 3D printed specimens Test condition PLA Silk,visual-only,agreed,,,reader-r1-02,high,quote-not-on-page,column heading of the properties table
batch-03.csv#43,context,context,B-pla-cf-TDS,3,G018-01,PLA-CF,all,,,,,,,,printed,dried 55 °C 8 h,annealed 55 °C 8 h,,,Specimen Printing Conditions,All the specimens were annealed and dried at 55 °C for 8 h before testing.,text,not-required,,,reader-r1-03,high,no-held-rows-on-page-in-scope,footnote covers all mechanical and physical specimens
batch-03.csv#92,context,context,B-pla-silk-dual-color-TDS,3,G010-01,PLA Silk Dual Color,all,,,,,,,,printed,dried 55 °C 8 h,annealed 55 °C 8 h,,,Specimen Printing Conditions,* All the specimens were annealed and dried at 55 °C for 8 h before testing.,text,not-required,,,reader-r1-03,high,no-held-rows-on-page-in-scope,footnote covers all mechanical and physical specimens
batch-03.csv#140,context,context,B-pla-silk-upgrade-TDS,3,G009-01,PLA Silk+,all,,,,,,,,printed,dried 55 °C 8 h,annealed 55 °C 8 h,,,Specimen Printing Conditions,All the specimens were annealed and dried at 55 °C for 8 h before testing.,text,not-required,,,reader-r1-03,high,no-held-rows-on-page-in-scope,footnote covers all mechanical and physical specimens
batch-03.csv#161,context,context,B-support-for-pa-pet-TDS,2,G080-01,Support for PA/PET,all,,,,,,,,,,,,,Properties,the mechanical properties are not important and not supplied here,text,not-required,,,reader-r1-03,high,,intro states mechanical properties are not supplied; table below is all N / A
batch-03.csv#162,context,context,B-support-for-pa-pet-TDS,2,G080-01,Support for PA/PET,all,,,,,,,,,Dry state,,,,Mechanical Properties（Dry state）,Mechanical Properties（Dry state）,text,not-required,,V001458(moisture=dry) V001459(moisture=dry) V001460(moisture=dry) V001461(moisture=dry) V001462(moisture=dry) V001463(moisture=dry) V001464(moisture=dry) V001465(moisture=dry) V001466(moisture=dry) V001467(moisture=dry) V001468(moisture=dry) V001469(moisture=dry) V002150(moisture=dry),reader-r1-03,high,,heading of the mechanical table (all rows N / A)
batch-03.csv#228,context,context,B-tpu-for-ams-TDS,3,G040-01,TPU for AMS,all,,,,,,,,printed,dried 70 °C 12 h,annealed 70 °C 12 h,,,Specimen Printing Conditions,All the specimens were annealed and dried at 70 °C for 12 h before testing.,text,not-required,,,reader-r1-03,high,no-held-rows-on-page-in-scope,"footnote covers all mechanical and physical specimens; also says ""It's not recommended to anneal prints of TPU"""
batch-03.csv#243,context,context,R-BAMBU-PRIORITY-20261003-693bcb42a47c,1,G040-01,TPU for AMS,all,,,,,,,,,,,,,Bambu TPU for AMS vs Bambu TPU 95A HF,Model Specimens  Diameter: 50mm Height: 100mm Infill: 40%,text,not-required,,,reader-r1-03,high,no-held-rows-on-page-in-scope,"speed comparison was made on model specimens of 50 mm diameter, 100 mm height, 40% infill"
batch-03.csv#267,context,context,R-BASF-FORWARD-AM-PRINT-20260928-0270c48dc78a,1,G038-02,Ultrafuse® PC GF30,all,,,,,,,,,,,,,Material Properties,*The product data is provided in good faith and represents typical properties based on our current knowledge and experience,text,not-required,,,reader-r1-03,high,,"general disclaimer for the Printing Guidelines heading; no specimen, moisture or annealing state is stated for the Material Properties values"
batch-03.csv#286,context,context,R-BASF-FORWARD-AM-PRINT-20260928-cacfb4f14e40,1,G170-02,Ultrafuse® TPS 90A (discontinued),all,,,,,,,,,,,,,Material Properties,*The product data is provided in good faith and represents typical properties based on our current knowledge and experience,text,not-required,,,reader-r1-03,high,,"general disclaimer; no specimen, moisture or standard stated for the values"
batch-03.csv#305,context,context,R-BASF-PCGF30-TDS,2,G038-02,Ultrafuse PC GF30,all,,,,,,,,,kept dry,,,,Drying Recommendations,Please note: To ensure constant material properties the material should always be kept dry.,text,not-required,,V001829(moisture=dry) V001830(moisture=dry) V001831(moisture=dry) V001832(moisture=dry) V001833(moisture=dry) V001834(moisture=dry),reader-r1-03,high,,
batch-03.csv#313,context,context,R-BASF-PCGF30-TDS,3,G038-02,Ultrafuse PC GF30,all,,,,,,,XY Flat; XZ On its edge; ZX Upright,,,,,,Mechanical Properties,Print direction Standard XY XZ ZX | Flat On its edge Upright,text,not-required,,,reader-r1-03,high,,"column key: XY = flat, XZ = on its edge, ZX = upright; specimen pictures show tensile bars; no moisture or annealing statement on the page"
batch-03.csv#363,context,context,R-BASF-Ultrafuse-TPS-90A-TDS-EN-v1-1,3,G170-02,Ultrafuse TPS 90A,all,,,,,,,XY Flat; XZ On its edge; ZX Upright,,,,,,Mechanical Properties,Print direction Standard XY XZ ZX | Flat On its edge Upright,text,not-required,,,reader-r1-03,high,,"column key: XY = flat, XZ = on its edge, ZX = upright; no moisture or annealing statement on the page"
batch-03.csv#401,context,context,R-FORWARDAM-ULTRAFUSE-BVOH-EXTENDED-TDS,3,G076-02,Ultrafuse BVOH,all,,,,,,,,,,,,,Recommended 3D-Print processing parameters / Used for test specimens,Recommended 3D-Print processing parameters Used for test specimens | Printer FFF printer Ultimaker S5,text,not-required,,,reader-r1-03,high,no-held-rows-on-page-in-scope,"two columns: recommended parameters, and parameters used for test specimens (Ultimaker S5)"
batch-03.csv#418,context,context,R-FORWARDAM-ULTRAFUSE-BVOH-EXTENDED-TDS,4,G076-02,Ultrafuse BVOH,all,,,,,,,,,kept dry,,,,Further Recommendations,Please note: To ensure constant material properties the material should always be kept dry.,text,not-required,,,reader-r1-03,high,contradicts:V011882:moisture contradicts:V011883:moisture contradicts:V011884:moisture contradicts:V011885:moisture contradicts:V011886:moisture contradicts:V011887:moisture contradicts:V011888:moisture contradicts:V011889:moisture contradicts:V011890:moisture contradicts:V011891:moisture contradicts:V011892:moisture contradicts:V011893:moisture contradicts:V011894:moisture contradicts:V011895:moisture,"footnote 3, attached to the drying recommendation"
batch-03.csv#419,context,context,R-FORWARDAM-ULTRAFUSE-BVOH-EXTENDED-TDS,4,G076-02,Ultrafuse BVOH,tensile,,,,,,,,printed (FFF),"conditioned 23°C, 50% RH 72h",,,,Tensile Properties,"Samples were conditioned in standard climate (23°C, 50% RH 72h)",text,not-required,,,reader-r1-03,high,,"footnote 5, on Tensile and Flexural Properties headings; side note: ""The used specimens are produced with the Fused Filament Fabrication method."""
batch-03.csv#420,context,context,R-FORWARDAM-ULTRAFUSE-BVOH-EXTENDED-TDS,4,G076-02,Ultrafuse BVOH,flexural,,,,,,,,printed (FFF),"conditioned 23°C, 50% RH 72h",,,,Flexural Properties,"Samples were conditioned in standard climate (23°C, 50% RH 72h)",text,not-required,,,reader-r1-03,high,,"footnote 5, on Flexural Properties heading"
batch-03.csv#421,context,context,R-FORWARDAM-ULTRAFUSE-BVOH-EXTENDED-TDS,4,G076-02,Ultrafuse BVOH,tensile,,,,,,,,,,,,rate=5 mm/min,Tensile Properties,Testing speed: 5 mm/min,text,not-required,,,reader-r1-03,high,,footnote 6 on Tensile strength and Elongation at Break (7: Young's Modulus 1 mm/min; 8: flexural 2 mm/min); footnote 6 is also on the Thermal Properties heading
batch-03.csv#445,context,context,R-FORWARDAM-ULTRAFUSE-BVOH-EXTENDED-TDS,5,G076-02,Ultrafuse BVOH,tensile,,,,,,,"XY, XZ, ZX",,,,,,Print direction explanation,The orientation of the 3D printed part in the printer is always aligned with the longest axis first. The print direction is consistently along the Z-axis.,text,not-required,,,reader-r1-03,high,no-held-rows-on-page-in-scope,"explains XY/XZ/ZX directions; three tensile-bar drawings with X, Y, Z axes"
batch-03.csv#458,context,context,S-BVOH-ULTRAFUSE-TDS-v1-3,2,G076-02,Ultrafuse BVOH,all,,,,,,,,,kept dry,,,,Drying Recommendations,Please note: To ensure constant material properties the material should always be kept dry.,text,not-required,,V002257(moisture=dry) V002258(moisture=dry) V002259(moisture=dry) V002260(moisture=dry) V002261(moisture=dry),reader-r1-03,high,,
batch-03.csv#464,context,context,S-BVOH-ULTRAFUSE-TDS-v1-3,3,G076-02,Ultrafuse BVOH,all,,,,,,,XY Flat; XZ On its edge; ZX Upright,,,,,,Mechanical Properties,Print direction Standard XY XZ ZX | Flat On its edge Upright,text,not-required,,,reader-r1-03,high,,column key; no moisture or annealing statement on the page
batch-03.csv#499,context,context,S-TPC,2,,Ultrafuse TPC 45D,all,,,,,,,,,kept dry,,,,Drying Recommendations,Please note: To ensure constant material properties the material should always be kept dry.,text,not-required,,V001689(moisture=dry) V001690(moisture=dry) V001691(moisture=dry) V001692(moisture=dry) V001693(moisture=dry) V001694(moisture=dry),reader-r1-03,high,,
batch-04.csv#96,context,context,R-CELANESE-ZYTEL-101L,1,,Zytel 101L NC010,all,Rheological properties,dry/cond.,,,,,,,,,,,Rheological properties,dry/cond.,text,not-required,,,reader-r1-04,high,no-held-rows-on-page-in-scope,"column headings dry/cond.: first value dry, second conditioned (as printed)"
batch-04.csv#98,context,context,R-CELANESE-ZYTEL-101L,2,,Zytel 101L NC010,all,Thermal properties,dry/cond.,,,,,,,,,,,Thermal properties,dry/cond.,text,not-required,,,reader-r1-04,high,no-held-rows-on-page-in-scope,"column headings dry/cond.: first value dry, second conditioned (as printed)"
batch-04.csv#100,context,context,R-CELANESE-ZYTEL-101L,3,,Zytel 101L NC010,all,Electrical properties,dry/cond.,,,,,,,,,,,Electrical properties,dry/cond.,text,not-required,,,reader-r1-04,high,no-held-rows-on-page-in-scope,"column headings dry/cond.: first value dry, second conditioned (as printed)"
batch-04.csv#232,context,context,R-CELANESE-ZYTEL-101L,4,,Zytel 101L NC010,all,Annealing: 30min at 200°C,Annealing: 30min at 200°C,,,,,,,,,,,Additional information,Annealing: 30min at 200°C,text,not-required,,,reader-r1-04,medium,no-held-rows-on-page-in-scope,"post-processing recommendation, not stated as the condition of the tabulated values"
batch-04.csv#260,context,context,R-BRASKEM-FL300PE-PDS,1,G085-02,FL300PE,all,Printed part properties note,"*Note: Printed part properties obtained using test specimens printed in X-Y direction under the following conditions: printing temperature 210°C, bed temperature 110°C for the first layer and 60°C other layers, print speed 30 mm/s, 0.15 mm layer height, 100% of grid infill, 3 perimeter layers, using a brass 0.4 mm nozzle.",,,,,XY,printed,,,,"nozzle=0.4 mm brass; printing temp=210 °C; bed=110 °C first layer, 60 °C other layers; speed=30 mm/s; layer height=0.15 mm; infill=100 % grid; perimeters=3",Printed Part Properties,"*Note: Printed part properties obtained using test specimens printed in X-Y direction under the following conditions: printing temperature 210°C, bed temperature 110°C for the first layer and 60°C other layers, print speed 30 mm/s, 0.15 mm layer height, 100% of grid infill, 3 perimeter layers, using a brass 0.4 mm nozzle.",text,not-required,,V002277(specimen),reader-r1-04,high,,"footnote marked * on tensile, modulus, flexural and Charpy rows"
batch-04.csv#410,context,context,R-COLORFABB-NGEN-TDS-V2,1,G092-02,colorFabb_nGen,tensile,Mechanical Properties – 3D Printed,3D Printed,,,,,XY,printed,,,,,Mechanical Properties – 3D Printed,Mechanical Properties – 3D Printed,text,not-required,,,reader-r1-04,high,,heading; the Notes on p. 2 state the printing conditions
batch-04.csv#411,context,context,R-COLORFABB-NGEN-TDS-V2,1,G092-02,colorFabb_nGen,all,Mechanical Properties – Injection Molded*,Injection Molded*,,,,,,injection moulded,,,,,Mechanical Properties – Injection Molded*,Mechanical Properties – Injection Molded* | *These results are obtained from the information provided by the supplier of the raw material,text,not-required,,,reader-r1-04,high,,footnote: results come from the raw material supplier
batch-04.csv#412,context,context,R-COLORFABB-NGEN-TDS-V2,1,G092-02,colorFabb_nGen,thermal,Thermal Properties*,Thermal Properties*,,,,,,,,,,,Thermal Properties*,Thermal Properties* | *These results are obtained from the information provided by the supplier of the raw material,text,not-required,,,reader-r1-04,high,,footnote: results come from the raw material supplier
batch-04.csv#438,context,context,R-COLORFABB-NGEN-TDS-V2,2,G092-02,colorFabb_nGen,tensile,Notes,"The reported properties are an average of a batch of 3D specimens. The specimens have been printed in XY plane, using 0.15 mm layer height, 100% infill, 0,4 mm nozzle, 230 ˚C nozzle temperature and 80˚C bed temperature.",,,,,XY,printed,,,,"layer height=0.15 mm; infill=100 %; nozzle=0,4 mm; nozzle temp=230 ˚C; bed temp=80 ˚C",Notes,"The reported properties are an average of a batch of 3D specimens. The specimens have been printed in XY plane, using 0.15 mm layer height, 100% infill, 0,4 mm nozzle, 230 ˚C nozzle temperature and 80˚C bed temperature.",text,not-required,,,reader-r1-04,high,no-held-rows-on-page-in-scope,conditions of the 3D Printed rows
batch-05.csv#3,context,context,R-COLORFABB-TDS-E-ColorFabb-nGen,1,,,tensile,,,,,,,,printed,,,,,Mechanical Properties – 3D Printed,Mechanical Properties – 3D Printed,text,not-required,,,reader-r1-05,high,,heading of the 3D printed table; XY plane stated in p2 Notes
batch-05.csv#4,context,context,R-COLORFABB-TDS-E-ColorFabb-nGen,1,,,impact,,,,,,,,printed,,,,,Mechanical Properties – 3D Printed,Mechanical Properties – 3D Printed,text,not-required,,,reader-r1-05,high,,
batch-05.csv#5,context,context,R-COLORFABB-TDS-E-ColorFabb-nGen,1,,,tensile,,,,,,,,injection moulded,,,,,Mechanical Properties – Injection Molded*,Mechanical Properties – Injection Molded* | *These results are obtained from the information provided by the supplier of the raw material,text,not-required,,,reader-r1-05,high,,footnote: results from raw-material supplier
batch-05.csv#6,context,context,R-COLORFABB-TDS-E-ColorFabb-nGen,1,,,flexural,,,,,,,,injection moulded,,,,,Mechanical Properties – Injection Molded*,Mechanical Properties – Injection Molded* | *These results are obtained from the information provided by the supplier of the raw material,text,not-required,,,reader-r1-05,high,,
batch-05.csv#7,context,context,R-COLORFABB-TDS-E-ColorFabb-nGen,1,,,impact,,,,,,,,injection moulded,,,,,Mechanical Properties – Injection Molded*,Mechanical Properties – Injection Molded* | *These results are obtained from the information provided by the supplier of the raw material,text,not-required,,,reader-r1-05,high,,
batch-05.csv#8,context,context,R-COLORFABB-TDS-E-ColorFabb-nGen,1,,,thermal,,,,,,,,,,,,,Thermal Properties*,Thermal Properties* | *These results are obtained from the information provided by the supplier of the raw material,text,not-required,,,reader-r1-05,high,no-held-rows-on-page-in-scope,footnote: results from raw-material supplier
batch-05.csv#37,context,context,R-COLORFABB-TDS-E-ColorFabb-nGen,2,,,all,,,,,,,XY,printed,,,,"layer height=0.15 mm; infill=100%; nozzle=0,4 mm; nozzle temp=230 ˚C; bed temp=80 ˚C",Notes,"The reported properties are an average of a batch of 3D specimens. | The specimens have been printed in XY plane, using 0.15 mm layer height, 100% infill, 0,4 mm nozzle, 230 ˚C nozzle temperature and 80˚C bed temperature.",text,not-required,,,reader-r1-05,high,no-held-rows-on-page-in-scope,covers the 3D Printed table
batch-05.csv#39,context,context,R-COLORFABB-TDS-E-colorFabb-nGen-CF10,1,,,tensile,,,,,,,XY,printed,,,,,TYPICAL MATERIAL PROPERTIES – 3D Printed,TYPICAL MATERIAL PROPERTIES – 3D Printed,text,not-required,,,reader-r1-05,high,,XY plane stated in p2 Notes
batch-05.csv#40,context,context,R-COLORFABB-TDS-E-colorFabb-nGen-CF10,1,,,impact,,,,,,,XY,printed,,,,,TYPICAL MATERIAL PROPERTIES – 3D Printed,TYPICAL MATERIAL PROPERTIES – 3D Printed,text,not-required,,,reader-r1-05,high,,XY plane stated in p2 Notes
batch-05.csv#61,context,context,R-COLORFABB-TDS-E-colorFabb-nGen-CF10,2,,,all,,,,,,,XY,printed,,,,layer height=0.15mm; infill=100%; nozzle=0.4mm; nozzle temp=230 °C; bed temp=80 °C,Notes,"Notes | The reported properties are an average of a batch of 3D printed specimens. The specimens have been printed in XY plane, using 0.15mm layerheight, 100% infill, 0.4mm nozzle, 230 °C nozzle temperature and 80 °C bed temperature.",text,not-required,,,reader-r1-05,high,no-held-rows-on-page-in-scope,covers the 3D Printed table
batch-05.csv#62,context,context,R-COLORFABB-TDS-LW-PET,1,,,tensile,,,,,,,,printed,,,,,Mechanical Properties – 3D Printed,Mechanical Properties – 3D Printed,text,not-required,,,reader-r1-05,high,,"XY plane stated in p2 Notes; two columns, unfoamed and foamed"
batch-05.csv#63,context,context,R-COLORFABB-TDS-LW-PET,1,,,flexural,,,,,,,,printed,,,,,Mechanical Properties – 3D Printed,Mechanical Properties – 3D Printed,text,not-required,,,reader-r1-05,high,,"XY plane stated in p2 Notes; two columns, unfoamed and foamed"
batch-05.csv#64,context,context,R-COLORFABB-TDS-LW-PET,1,,,impact,,,,,,,,printed,,,,,Mechanical Properties – 3D Printed,Mechanical Properties – 3D Printed,text,not-required,,,reader-r1-05,high,,"XY plane stated in p2 Notes; two columns, unfoamed and foamed"
batch-05.csv#65,context,context,R-COLORFABB-TDS-LW-PET,1,,,thermal,,,,,,,,,,,,,Thermal Properties*,Thermal Properties* | *These results are obtained from the information provided by the supplier of the raw material,text,not-required,,,reader-r1-05,high,,footnote: results from raw-material supplier
batch-05.csv#97,context,context,R-COLORFABB-TDS-LW-PET,2,,,all,,,,,,,XY,printed,,,,layer height=0.2 mm; infill=100%; nozzle=0.4 mm; nozzle temp=210/260 ˚C; bed temp=60 ˚C,Notes,"The reported properties are an average of a batch of 3D specimens. | The specimens have been printed in XY plane, using 0.2 mm layer height, 100% infill, 0.4 mm nozzle, 210/260 ˚C nozzle temperature and 60 ˚C bed temperature.",text,not-required,,,reader-r1-05,high,no-held-rows-on-page-in-scope,covers the 3D Printed table
batch-05.csv#99,context,context,R-COLORFABB-TDS-LW-PET-FLEX,1,,,tensile,,,,,,,,printed,,,,,Mechanical Properties – 3D Printed,Mechanical Properties – 3D Printed,text,not-required,,,reader-r1-05,high,,"XY plane stated in p2 Notes; two columns, unfoamed and foamed"
batch-05.csv#100,context,context,R-COLORFABB-TDS-LW-PET-FLEX,1,,,flexural,,,,,,,,printed,,,,,Mechanical Properties – 3D Printed,Mechanical Properties – 3D Printed,text,not-required,,,reader-r1-05,high,,"XY plane stated in p2 Notes; two columns, unfoamed and foamed"
batch-05.csv#101,context,context,R-COLORFABB-TDS-LW-PET-FLEX,1,,,impact,,,,,,,,printed,,,,,Mechanical Properties – 3D Printed,Mechanical Properties – 3D Printed,text,not-required,,,reader-r1-05,high,,"XY plane stated in p2 Notes; two columns, unfoamed and foamed"
batch-05.csv#102,context,context,R-COLORFABB-TDS-LW-PET-FLEX,1,,,thermal,,,,,,,,,,,,,Thermal Properties*,Thermal Properties* | *These results are obtained from the information provided by the supplier of the raw material,text,not-required,,,reader-r1-05,high,,footnote: results from raw-material supplier
batch-05.csv#134,context,context,R-COLORFABB-TDS-LW-PET-FLEX,2,,,all,,,,,,,XY,printed,,,,layer height=0.2 mm; infill=100%; nozzle=0.4 mm; nozzle temp=210/260 ˚C; bed temp=60 ˚C,Notes,"The reported properties are an average of a batch of 3D specimens. | The specimens have been printed in XY plane, using 0.2 mm layer height, 100% infill, 0.4 mm nozzle, 210/260 ˚C nozzle temperature and 60 ˚C bed temperature.",text,not-required,,,reader-r1-05,high,no-held-rows-on-page-in-scope,covers the 3D Printed table
batch-05.csv#137,context,context,R-COLORFABB-TDS-nGen-CF10,1,,,tensile,,,,,,,XY,printed,,,,,Mechanical Properties – 3D Printed,Mechanical Properties – 3D Printed,text,not-required,,,reader-r1-05,high,,XY plane stated in p2 Notes
batch-05.csv#138,context,context,R-COLORFABB-TDS-nGen-CF10,1,,,flexural,,,,,,,XY,printed,,,,,Mechanical Properties – 3D Printed,Mechanical Properties – 3D Printed,text,not-required,,,reader-r1-05,high,,XY plane stated in p2 Notes
batch-05.csv#139,context,context,R-COLORFABB-TDS-nGen-CF10,1,,,impact,,,,,,,XY,printed,,,,,Mechanical Properties – 3D Printed,Mechanical Properties – 3D Printed,text,not-required,,,reader-r1-05,high,,XY plane stated in p2 Notes
batch-05.csv#140,context,context,R-COLORFABB-TDS-nGen-CF10,1,,,thermal,,,,,,,,,,,,,Thermal Properties,Thermal Properties | *These results are obtained from the information provided by the supplier of the raw material,text,not-required,,,reader-r1-05,high,,"heading has no asterisk, but the footnote is printed at page foot"
batch-05.csv#163,context,context,R-COLORFABB-TDS-nGen-CF10,2,,,all,,,,,,,XY,printed,,,,"layer height=0.15 mm; infill=100%; nozzle=0,4 mm; nozzle temp=230 ˚C; bed temp=80 ˚C",Notes,"The reported properties are an average of a batch of 3D specimens. | The specimens have been printed in XY plane, using 0.15 mm layer height, 100% infill, 0,4 mm nozzle, 230 ˚C nozzle temperature and 80˚C bed temperature.",text,not-required,,,reader-r1-05,high,no-held-rows-on-page-in-scope,covers the 3D Printed table
batch-05.csv#164,context,context,R-COLORFABB-TDS-PET-FLEX-MAX,1,,,tensile,,,,,,,XY,printed,,,,,Mechanical Properties – 3D Printed,Mechanical Properties – 3D Printed,text,not-required,,,reader-r1-05,high,,XY plane stated in p2 Notes
batch-05.csv#165,context,context,R-COLORFABB-TDS-PET-FLEX-MAX,1,,,flexural,,,,,,,XY,printed,,,,,Mechanical Properties – 3D Printed,Mechanical Properties – 3D Printed,text,not-required,,,reader-r1-05,high,,XY plane stated in p2 Notes
batch-05.csv#166,context,context,R-COLORFABB-TDS-PET-FLEX-MAX,1,,,impact,,,,,,,XY,printed,,,,,Mechanical Properties – 3D Printed,Mechanical Properties – 3D Printed,text,not-required,,,reader-r1-05,high,no-held-rows-on-page-in-scope,XY plane stated in p2 Notes
batch-05.csv#167,context,context,R-COLORFABB-TDS-PET-FLEX-MAX,1,,,thermal,,,,,,,,,,,,,Thermal Properties*,Thermal Properties* | *These results are obtained from the information provided by the supplier of the raw material,text,not-required,,,reader-r1-05,high,,footnote: results from raw-material supplier
batch-05.csv#188,context,context,R-COLORFABB-TDS-PET-FLEX-MAX,2,,,all,,,,,,,XY,printed,,,,"layer height=0,2 mm; infill=100%; nozzle=0,4 mm; nozzle temp=240 ˚C; bed temp=60 ˚C",Notes,"The reported properties are an average of a batch of 3D specimens. | The specimens have been printed in XY plane, using 0,2 mm layer height, 100% infill, 0,4 mm nozzle, 240 ˚C nozzle temperature and 60˚C bed temperature.",text,not-required,,,reader-r1-05,high,no-held-rows-on-page-in-scope,covers the 3D Printed table
batch-05.csv#189,context,context,R-COLORFABB-TDS-PET-HIGH-SPEED-PRO,1,,,tensile,,,,,,,XY,printed,,,,,Mechanical Properties – 3D Printed,Mechanical Properties – 3D Printed,text,not-required,,,reader-r1-05,high,,XY plane stated in p2 Notes
batch-05.csv#190,context,context,R-COLORFABB-TDS-PET-HIGH-SPEED-PRO,1,,,flexural,,,,,,,XY,printed,,,,,Mechanical Properties – 3D Printed,Mechanical Properties – 3D Printed,text,not-required,,,reader-r1-05,high,,XY plane stated in p2 Notes
batch-05.csv#191,context,context,R-COLORFABB-TDS-PET-HIGH-SPEED-PRO,1,,,impact,,,,,,,XY,printed,,,,,Mechanical Properties – 3D Printed,Mechanical Properties – 3D Printed,text,not-required,,,reader-r1-05,high,,XY plane stated in p2 Notes
batch-05.csv#192,context,context,R-COLORFABB-TDS-PET-HIGH-SPEED-PRO,1,,,thermal,,,,,,,,,,,,,Thermal Properties*,Thermal Properties* | *These results are obtained from the information provided by the supplier of the raw material,text,not-required,,,reader-r1-05,high,,footnote: results from raw-material supplier
batch-05.csv#213,context,context,R-COLORFABB-TDS-PET-HIGH-SPEED-PRO,2,,,all,,,,,,,XY,printed,,,,"layer height=0,2 mm; infill=100%; nozzle=0,4 mm; nozzle temp=240 ˚C; bed temp=60 ˚C",Notes,"The reported properties are an average of a batch of 3D specimens. | The specimens have been printed in XY plane, using 0,2 mm layer height, 100% infill, 0,4 mm nozzle, 240˚C nozzle temperature and 60˚C bed temperature.",text,not-required,,,reader-r1-05,high,no-held-rows-on-page-in-scope,covers the 3D Printed table
batch-05.csv#214,context,context,R-COLORFABB-TDS-PET-ULTRA-HIGH-SPEED,1,,,tensile,,,,,,,XY,printed,,,,,Mechanical Properties – 3D Printed,Mechanical Properties – 3D Printed,text,not-required,,,reader-r1-05,high,,XY plane stated in p2 Notes
batch-05.csv#215,context,context,R-COLORFABB-TDS-PET-ULTRA-HIGH-SPEED,1,,,flexural,,,,,,,XY,printed,,,,,Mechanical Properties – 3D Printed,Mechanical Properties – 3D Printed,text,not-required,,,reader-r1-05,high,,XY plane stated in p2 Notes
batch-05.csv#216,context,context,R-COLORFABB-TDS-PET-ULTRA-HIGH-SPEED,1,,,impact,,,,,,,XY,printed,,,,,Mechanical Properties – 3D Printed,Mechanical Properties – 3D Printed,text,not-required,,,reader-r1-05,high,no-held-rows-on-page-in-scope,XY plane stated in p2 Notes
batch-05.csv#217,context,context,R-COLORFABB-TDS-PET-ULTRA-HIGH-SPEED,1,,,thermal,,,,,,,,,,,,,Thermal Properties*,Thermal Properties* | *These results are obtained from the information provided by the supplier of the raw material,text,not-required,,,reader-r1-05,high,,footnote: results from raw-material supplier
batch-05.csv#238,context,context,R-COLORFABB-TDS-PET-ULTRA-HIGH-SPEED,2,,,all,,,,,,,XY,printed,,,,"layer height=0,2 mm; infill=100%; nozzle=0,4 mm; nozzle temp=300 ˚C; bed temp=60 ˚C",Notes,"The reported properties are an average of a batch of 3D specimens. | The specimens have been printed in XY plane, using 0,2 mm layer height, 100% infill, 0,4 mm nozzle, 300˚C nozzle temperature and 60˚C bed temperature.",text,not-required,,,reader-r1-05,high,no-held-rows-on-page-in-scope,covers the 3D Printed table
batch-05.csv#240,context,context,R-COLORFABB-TDS-PLA-PHA,1,,,tensile,,,,,,,XY,printed,,,,,Mechanical Properties – 3D Printed,Mechanical Properties – 3D Printed,text,not-required,,,reader-r1-05,high,,XY plane stated in p2 Notes
batch-05.csv#241,context,context,R-COLORFABB-TDS-PLA-PHA,1,,,flexural,,,,,,,XY,printed,,,,,Mechanical Properties – 3D Printed,Mechanical Properties – 3D Printed,text,not-required,,,reader-r1-05,high,,XY plane stated in p2 Notes
batch-05.csv#242,context,context,R-COLORFABB-TDS-PLA-PHA,1,,,impact,,,,,,,XY,printed,,,,,Mechanical Properties – 3D Printed,Mechanical Properties – 3D Printed,text,not-required,,,reader-r1-05,high,,XY plane stated in p2 Notes
batch-05.csv#243,context,context,R-COLORFABB-TDS-PLA-PHA,1,,,tensile,,,,,,,,injection moulded,,,,,Mechanical Properties – Injection Molded*,Mechanical Properties – Injection Molded* | *These results are obtained from the information provided by the supplier of the raw material,text,not-required,,,reader-r1-05,high,,footnote: results from raw-material supplier
batch-05.csv#244,context,context,R-COLORFABB-TDS-PLA-PHA,1,,,flexural,,,,,,,,injection moulded,,,,,Mechanical Properties – Injection Molded*,Mechanical Properties – Injection Molded* | *These results are obtained from the information provided by the supplier of the raw material,text,not-required,,,reader-r1-05,high,,footnote: results from raw-material supplier
batch-05.csv#245,context,context,R-COLORFABB-TDS-PLA-PHA,1,,,impact,,,,,,,,injection moulded,,,,,Mechanical Properties – Injection Molded*,Mechanical Properties – Injection Molded* | *These results are obtained from the information provided by the supplier of the raw material,text,not-required,,,reader-r1-05,high,,footnote: results from raw-material supplier
batch-05.csv#246,context,context,R-COLORFABB-TDS-PLA-PHA,1,,,thermal,,,,,,,,,,,,,Thermal Properties*,Thermal Properties* | *These results are obtained from the information provided by the supplier of the raw material,text,not-required,,,reader-r1-05,high,,footnote: results from raw-material supplier
batch-05.csv#276,context,context,R-COLORFABB-TDS-PLA-PHA,2,,,all,,,,,,,XY,printed,,,,"layer height=0.15 mm; infill=100%; nozzle=0,4 mm; nozzle temp=210 ˚C; bed temp=55 ˚C",Notes,"The reported properties are an average of a batch of 3D specimens. | The specimens have been printed in XY plane, using 0.15 mm layer height, 100% infill, 0,4 mm nozzle, 210 ˚C nozzle temperature and 55˚C bed temperature.",text,not-required,,,reader-r1-05,high,no-held-rows-on-page-in-scope,covers the 3D Printed table
batch-05.csv#354,context,context,D-CREATBOT-PLA-CF-PAGE,1,,,all,,,,,,,,,,,,,Technical Data Sheet,Technical Data Sheet,text,not-required,,,reader-r1-05,high,,"HTML tables carry no specimen, moisture or annealing statement; the feature text repeats table values (tensile 41MPa XY, modulus 2800MPa, flexural 82MPa, flexural modulus 3000MPa, Vicat 57°C, HDT 0.45MPa 57°C) and was not written out again"
batch-05.csv#383,context,context,R-FILAMENT2PRINT-CreatBot-PLA,1,,,all,,,,,,,,,,,,,Disclaimer,The above material performance data is from the CreatBot Laboratory and is intended solely for reference and comparison.,text,not-required,,,reader-r1-05,high,,"no specimen, moisture or annealing statement; XY and Z are build directions in the labels"
batch-05.csv#392,context,context,X-EVOLV3D-OBC-TDS,1,,,all,,,,,,,,,,,,,Material Properties*,"Material Properties* | *Typical values, not to be construed as specifications. Users should confirm results by their own tests.",ocr,not-required,,,reader-r1-05,high,,"typical values; no specimen, moisture or annealing statement"
batch-05.csv#400,context,context,X-EVOLV3D-OBC-TDS,2,,,all,,,,,,,,,,,,immersion=24 hours,Chemical Resistance*,"Samples were tested by immersion in solvent for 24 hours | ++ : no change in appearance, retention of mechanical properties | + : little/no change in appearance, slight drop in mechanical properties | *Typical values, not to be construed as specifications.",text,not-required,,,reader-r1-05,high,no-held-rows-on-page-in-scope,"legend: ++ no change in appearance, retention of mechanical properties; + little/no change in appearance, slight drop in mechanical properties"
batch-05.csv#443,context,context,R-COLORFABB-TDS-E-ColorFabb-nGen-FLEX,1,,,tensile,,,,,,,XY,printed,,,,,Mechanical Properties – 3D Printed,Mechanical Properties – 3D Printed,text,not-required,,,reader-r1-05,high,,XY plane stated in p2 Notes (layer height and temperatures left as '...')
batch-05.csv#444,context,context,R-COLORFABB-TDS-E-ColorFabb-nGen-FLEX,1,,,flexural,,,,,,,XY,printed,,,,,Mechanical Properties – 3D Printed,Mechanical Properties – 3D Printed,text,not-required,,,reader-r1-05,high,,XY plane stated in p2 Notes (layer height and temperatures left as '...')
batch-05.csv#445,context,context,R-COLORFABB-TDS-E-ColorFabb-nGen-FLEX,1,,,impact,,,,,,,XY,printed,,,,,Mechanical Properties – 3D Printed,Mechanical Properties – 3D Printed,text,not-required,,,reader-r1-05,high,,XY plane stated in p2 Notes (layer height and temperatures left as '...')
batch-05.csv#446,context,context,R-COLORFABB-TDS-E-ColorFabb-nGen-FLEX,1,,,tensile,,,,,,,,injection moulded,,,,,Mechanical Properties – Injection Molded*,Mechanical Properties – Injection Molded* | *These results are obtained from the information provided by the supplier of the raw material,text,not-required,,,reader-r1-05,high,,footnote: results from raw-material supplier
batch-05.csv#447,context,context,R-COLORFABB-TDS-E-ColorFabb-nGen-FLEX,1,,,flexural,,,,,,,,injection moulded,,,,,Mechanical Properties – Injection Molded*,Mechanical Properties – Injection Molded* | *These results are obtained from the information provided by the supplier of the raw material,text,not-required,,,reader-r1-05,high,,footnote: results from raw-material supplier
batch-05.csv#448,context,context,R-COLORFABB-TDS-E-ColorFabb-nGen-FLEX,1,,,impact,,,,,,,,injection moulded,,,,,Mechanical Properties – Injection Molded*,Mechanical Properties – Injection Molded* | *These results are obtained from the information provided by the supplier of the raw material,text,not-required,,,reader-r1-05,high,,footnote: results from raw-material supplier
batch-05.csv#449,context,context,R-COLORFABB-TDS-E-ColorFabb-nGen-FLEX,1,,,physical,,,,,,,,injection moulded,,,,,Mechanical Properties – Injection Molded*,Mechanical Properties – Injection Molded* | *These results are obtained from the information provided by the supplier of the raw material,text,not-required,,,reader-r1-05,high,,footnote: results from raw-material supplier; density and Shore hardness rows sit in this table
batch-05.csv#450,context,context,R-COLORFABB-TDS-E-ColorFabb-nGen-FLEX,1,,,thermal,,,,,,,,,,,,,Thermal Properties*,Thermal Properties* | *These results are obtained from the information provided by the supplier of the raw material,text,not-required,,,reader-r1-05,high,,footnote: results from raw-material supplier
batch-05.csv#482,context,context,R-COLORFABB-TDS-E-ColorFabb-nGen-FLEX,2,,,all,,,,,,,XY,printed,,,,"infill=100%; nozzle=0,4 mm",Notes,"The reported properties are an average of a batch of 3D specimens. | The specimens have been printed in XY plane, using … mm layer height, 100% infill, 0,4 mm nozzle, …. ˚C nozzle temperature and …˚C bed temperature.",text,not-required,,,reader-r1-05,medium,no-held-rows-on-page-in-scope,layer height and temperatures left as '…' on the sheet; covers the 3D Printed table
batch-06.csv#15,context-held,context,R-ERYONE-eryone-silk-pla-tds,2,,,tensile,Note,,,,,,,printed,,,,nozzle=220 ° C; speed=80mm/s; bed=60 ° C; infill=100%; nozzle diameter=0.4mm,Part III: Mechanical Properties of Printed Samples,"Note: All splines are printed under the following conditions: printing temperature=220 ° C, printing speed=80mm/s, base plate 60 ° C, filling=100%, nozzle diameter=0.4mm",text,not-required,PC00182,,reader-r1-06,high,,
batch-06.csv#16,context-held,context,R-ERYONE-eryone-silk-pla-tds,2,,,flexural,Note,,,,,,,printed,,,,nozzle=220 ° C; speed=80mm/s; bed=60 ° C; infill=100%; nozzle diameter=0.4mm,Part III: Mechanical Properties of Printed Samples,"Note: All splines are printed under the following conditions: printing temperature=220 ° C, printing speed=80mm/s, base plate 60 ° C, filling=100%, nozzle diameter=0.4mm",text,not-required,PC00183,,reader-r1-06,high,,
batch-06.csv#17,context-held,context,R-ERYONE-eryone-silk-pla-tds,2,,,impact,Note,,,,,,,printed,,,,nozzle=220 ° C; speed=80mm/s; bed=60 ° C; infill=100%; nozzle diameter=0.4mm,Part III: Mechanical Properties of Printed Samples,"Note: All splines are printed under the following conditions: printing temperature=220 ° C, printing speed=80mm/s, base plate 60 ° C, filling=100%, nozzle diameter=0.4mm",text,not-required,PC00184,,reader-r1-06,high,,
batch-06.csv#43,context-held,context,R-ERYONE-eryone-pla-cf-tds,2,,,tensile,Note,,,,,,,printed,,,,nozzle=220° C; speed=80mm/s; bed=60 ° C; infill=100%; nozzle diameter=0.4mm,Part III: Mechanical Properties of Printed Samples,"Note: All splines are printed under the following conditions: printing temperature=220° C, printing speed=80mm/s, base plate 60 ° C, filling=100%, nozzle diameter=0.4mm",text,not-required,PC00246,,reader-r1-06,high,,
batch-06.csv#44,context-held,context,R-ERYONE-eryone-pla-cf-tds,2,,,flexural,Note,,,,,,,printed,,,,nozzle=220° C; speed=80mm/s; bed=60 ° C; infill=100%; nozzle diameter=0.4mm,Part III: Mechanical Properties of Printed Samples,"Note: All splines are printed under the following conditions: printing temperature=220° C, printing speed=80mm/s, base plate 60 ° C, filling=100%, nozzle diameter=0.4mm",text,not-required,PC00247,,reader-r1-06,high,,
batch-06.csv#45,context-held,context,R-ERYONE-eryone-pla-cf-tds,2,,,impact,Note,,,,,,,printed,,,,nozzle=220° C; speed=80mm/s; bed=60 ° C; infill=100%; nozzle diameter=0.4mm,Part III: Mechanical Properties of Printed Samples,"Note: All splines are printed under the following conditions: printing temperature=220° C, printing speed=80mm/s, base plate 60 ° C, filling=100%, nozzle diameter=0.4mm",text,not-required,PC00248,,reader-r1-06,high,,
batch-06.csv#71,context,context,R-ERYONE-eryone-silk-pla-dual-color-tds,2,,,tensile,Note,,,,,,,printed,,,,nozzle=210 ° C; speed=80mm/s; bed=60 ° C; infill=100%; nozzle diameter=0.4mm,Part III: Mechanical Properties of Printed Samples,"Note: All splines are printed under the following conditions: printing temperature=210 ° C, printing speed=80mm/s, base plate 60 ° C, filling=100%, nozzle diameter=0.4mm",text,not-required,,,reader-r1-06,high,,
batch-06.csv#72,context,context,R-ERYONE-eryone-silk-pla-dual-color-tds,2,,,flexural,Note,,,,,,,printed,,,,nozzle=210 ° C; speed=80mm/s; bed=60 ° C; infill=100%; nozzle diameter=0.4mm,Part III: Mechanical Properties of Printed Samples,"Note: All splines are printed under the following conditions: printing temperature=210 ° C, printing speed=80mm/s, base plate 60 ° C, filling=100%, nozzle diameter=0.4mm",text,not-required,,,reader-r1-06,high,no-held-rows-on-page-in-scope,
batch-06.csv#73,context,context,R-ERYONE-eryone-silk-pla-dual-color-tds,2,,,impact,Note,,,,,,,printed,,,,nozzle=210 ° C; speed=80mm/s; bed=60 ° C; infill=100%; nozzle diameter=0.4mm,Part III: Mechanical Properties of Printed Samples,"Note: All splines are printed under the following conditions: printing temperature=210 ° C, printing speed=80mm/s, base plate 60 ° C, filling=100%, nozzle diameter=0.4mm",text,not-required,,,reader-r1-06,high,,
batch-06.csv#99,context-held,context,R-ERYONE-eryone-hyper-speed-dual-color-silk-pla-tds,2,,,tensile,Note,,,,,,,printed,,,,nozzle=215 ° C; speed=80mm/s; bed=60 ° C; infill=100%; nozzle diameter=0.4mm,Part III: Mechanical Properties of Printed Samples,"Note: All splines are printed under the following conditions: printing temperature=215 ° C, printing speed=80mm/s, base plate 60 ° C, filling=100%, nozzle diameter=0.4mm",text,not-required,PC00197,,reader-r1-06,high,,
batch-06.csv#100,context-held,context,R-ERYONE-eryone-hyper-speed-dual-color-silk-pla-tds,2,,,flexural,Note,,,,,,,printed,,,,nozzle=215 ° C; speed=80mm/s; bed=60 ° C; infill=100%; nozzle diameter=0.4mm,Part III: Mechanical Properties of Printed Samples,"Note: All splines are printed under the following conditions: printing temperature=215 ° C, printing speed=80mm/s, base plate 60 ° C, filling=100%, nozzle diameter=0.4mm",text,not-required,PC00198,,reader-r1-06,high,,
batch-06.csv#101,context-held,context,R-ERYONE-eryone-hyper-speed-dual-color-silk-pla-tds,2,,,impact,Note,,,,,,,printed,,,,nozzle=215 ° C; speed=80mm/s; bed=60 ° C; infill=100%; nozzle diameter=0.4mm,Part III: Mechanical Properties of Printed Samples,"Note: All splines are printed under the following conditions: printing temperature=215 ° C, printing speed=80mm/s, base plate 60 ° C, filling=100%, nozzle diameter=0.4mm",text,not-required,PC00199,,reader-r1-06,high,,
batch-06.csv#127,context,context,R-ERYONE-eryone-hyper-speed-triple-color-silk-pla-tds,2,,,tensile,Note,,,,,,,printed,,,,nozzle=215 ° C; speed=80mm/s; bed=60 ° C; infill=100%; nozzle diameter=0.4mm,Part III: Mechanical Properties of Printed Samples,"Note: All splines are printed under the following conditions: printing temperature=215 ° C, printing speed=80mm/s, base plate 60 ° C, filling=100%, nozzle diameter=0.4mm",text,not-required,,,reader-r1-06,high,,
batch-06.csv#128,context,context,R-ERYONE-eryone-hyper-speed-triple-color-silk-pla-tds,2,,,flexural,Note,,,,,,,printed,,,,nozzle=215 ° C; speed=80mm/s; bed=60 ° C; infill=100%; nozzle diameter=0.4mm,Part III: Mechanical Properties of Printed Samples,"Note: All splines are printed under the following conditions: printing temperature=215 ° C, printing speed=80mm/s, base plate 60 ° C, filling=100%, nozzle diameter=0.4mm",text,not-required,,,reader-r1-06,high,no-held-rows-on-page-in-scope,
batch-06.csv#129,context,context,R-ERYONE-eryone-hyper-speed-triple-color-silk-pla-tds,2,,,impact,Note,,,,,,,printed,,,,nozzle=215 ° C; speed=80mm/s; bed=60 ° C; infill=100%; nozzle diameter=0.4mm,Part III: Mechanical Properties of Printed Samples,"Note: All splines are printed under the following conditions: printing temperature=215 ° C, printing speed=80mm/s, base plate 60 ° C, filling=100%, nozzle diameter=0.4mm",text,not-required,,,reader-r1-06,high,no-held-rows-on-page-in-scope,
batch-06.csv#143,context,context,R-DUPONT-ZYTEL-GUIDE,3,,,all,Data,,,,,,,,,,,,Data,"All data in this brochure is taken from Campus version 4.0 (measured according to ISO standards), except where otherwise specified. In addition, all data is for natural colour material except where otherwise specified.",visual-only,agreed,,,reader-r1-06,high,no-held-rows-on-page-in-scope quote-not-on-page,applies to every property table in the brochure; natural colour material
batch-06.csv#171,context,context,R-DUPONT-ZYTEL-GUIDE,8,,,all,Column headings,,,,,,,,DAM / 50% RH,,,,Properties of ZYTEL® nylon resins: Unreinforced (PA612),Test conditions Standard ISO Units DAM 50% RH,visual-only,agreed,,V002042(moisture=conditioned) V002046(moisture=conditioned) V002047(moisture=conditioned) V002048(moisture=conditioned) V002049(moisture=conditioned),reader-r1-06,high,contradicts:V002043:moisture contradicts:V002044:moisture contradicts:V002045:moisture contradicts:V011917:moisture contradicts:V011921:moisture contradicts:V011923:moisture quote-not-on-page,"each product has two columns, DAM and 50% RH; DAM is not spelled out on this page"
batch-06.csv#172,context,context,R-DUPONT-ZYTEL-GUIDE,8,,,thermal,Footnote 1),,,,,,,,,,,,Properties of ZYTEL® nylon resins: Unreinforced (PA612),1) Numerical flame test ratings are not intended to present behaviour of moulded parts in real life fire conditions; each end-user must determine whether any potential flammability hazards exist with parts moulded from ZYTEL® nylon resins. UL yellow cards available upon request.,text,not-required,,,reader-r1-06,high,,footnote on flammability classification
batch-06.csv#173,context,context,R-DUPONT-ZYTEL-GUIDE,8,,,physical,Footnote 2),,,,,,,,,,,,Properties of ZYTEL® nylon resins: Unreinforced (PA612),2) Depends on moulding conditions.,text,not-required,,,reader-r1-06,high,,footnote on mould shrinkage
batch-07.csv#20,context,context,R-ERYONE-eryone-silk-pla-tri-color-tds,2,G008-20,Silk PLA Tri-Color,all,Note,,,,,,,printed,,,,printing temperature=210 ° C; printing speed=80mm/s; base plate 60 ° C; filling=100%; nozzle diameter=0.4mm,Part III: Mechanical Properties of Printed Samples,"Note: All splines are printed under the following conditions: printing temperature=210 ° C, printing speed=80mm/s, base plate 60 ° C, filling=100%, nozzle diameter=0.4mm",text,not-required,,,reader-r1-07,high,,"test specimens printed at these settings; ""splines"" as printed"
batch-07.csv#21,context,context,R-ERYONE-eryone-silk-pla-tri-color-tds,2,G008-20,Silk PLA Tri-Color,all,Part III heading,,,,,,,printed,,,,,Part III: Mechanical Properties of Printed Samples,Part III: Mechanical Properties of Printed Samples,text,not-required,,,reader-r1-07,high,,
batch-07.csv#22,context,context,R-ERYONE-eryone-silk-pla-tri-color-tds,3,G008-20,Silk PLA Tri-Color,tensile,TENSILE TESTING SPECIMEN,,,,,,,,,,"ISO 527,GB/T 1040",,,"TENSILE TESTING SPECIMEN | ISO 527,GB/T 1040",visual-only,agreed,,,reader-r1-07,high,no-held-rows-on-page-in-scope quote-not-on-page,drawing shows x-y axis and z axis specimens; dimensions 110.00 x 20.00 x 4.00 drawn
batch-07.csv#23,context,context,R-ERYONE-eryone-silk-pla-tri-color-tds,3,G008-20,Silk PLA Tri-Color,flexural,FLEXURAL TESTING SPECIMEN,,,,,,,,,,"ISO 178,GB/T 9341",,,"FLEXURAL TESTING SPECIMEN | ISO 178,GB/T 9341",visual-only,agreed,,,reader-r1-07,high,no-held-rows-on-page-in-scope quote-not-on-page,drawing shows Z axis; 80.00 x 10.00 x 4.00
batch-07.csv#24,context,context,R-ERYONE-eryone-silk-pla-tri-color-tds,3,G008-20,Silk PLA Tri-Color,impact,IMPACT TESTING SPECIMEN,,,,,,,,,,"ISO 179,GB/T 1043",,,"IMPACT TESTING SPECIMEN | ISO 179,GB/T 1043",visual-only,agreed,,,reader-r1-07,high,no-held-rows-on-page-in-scope quote-not-on-page,"drawing shows Z axis, 45.00 deg notch, impact direction; 80.00 x 10.00 x 4.00"
batch-07.csv#54,context,context,R-ERYONE-eryone-silk-rainbow-pla-tds,2,G008-07,Silk Rainbow PLA,all,Note,,,,,,,printed,,,,printing temperature=210 ° C; printing speed=80mm/s; base plate 60 ° C; filling=100%; nozzle diameter=0.4mm,Part III: Mechanical Properties of Printed Samples,"Note: All splines are printed under the following conditions: printing temperature=210 ° C, printing speed=80mm/s, base plate 60 ° C, filling=100%, nozzle diameter=0.4mm",text,not-required,,,reader-r1-07,high,,"""splines"" as printed; held page_context PC00194-6 state the same"
batch-07.csv#55,context,context,R-ERYONE-eryone-silk-rainbow-pla-tds,2,G008-07,Silk Rainbow PLA,all,Part III heading,,,,,,,printed,,,,,Part III: Mechanical Properties of Printed Samples,Part III: Mechanical Properties of Printed Samples,text,not-required,,,reader-r1-07,high,,
batch-07.csv#56,context,context,R-ERYONE-eryone-silk-rainbow-pla-tds,3,G008-07,Silk Rainbow PLA,tensile,TENSILE TESTING SPECIMEN,,,,,,,,,,"ISO 527,GB/T 1040",,,"TENSILE TESTING SPECIMEN | ISO 527,GB/T 1040",visual-only,agreed,,,reader-r1-07,high,no-held-rows-on-page-in-scope quote-not-on-page,drawing shows x-y axis and z axis specimens; 110.00 x 20.00 x 4.00
batch-07.csv#57,context,context,R-ERYONE-eryone-silk-rainbow-pla-tds,3,G008-07,Silk Rainbow PLA,flexural,FLEXURAL TESTING SPECIMEN,,,,,,,,,,"ISO 178,GB/T 9341",,,"FLEXURAL TESTING SPECIMEN | ISO 178,GB/T 9341",visual-only,agreed,,,reader-r1-07,high,no-held-rows-on-page-in-scope quote-not-on-page,drawing shows Z axis; 80.00 x 10.00 x 4.00
batch-07.csv#58,context,context,R-ERYONE-eryone-silk-rainbow-pla-tds,3,G008-07,Silk Rainbow PLA,impact,IMPACT TESTING SPECIMEN,,,,,,,,,,"ISO 179,GB/T 1043",,,"IMPACT TESTING SPECIMEN | ISO 179,GB/T 1043",visual-only,agreed,,,reader-r1-07,high,no-held-rows-on-page-in-scope quote-not-on-page,"drawing shows Z axis, 45.00 deg notch, impact direction; 80.00 x 10.00 x 4.00"
batch-07.csv#182,context,context,S-ESUN-PLA-Silk-TDS-2025-06-19,3,G008-02,PLA-Silk,tensile,Tensile testing specimen,,,,,,,printed,,,GB/T 1040,,Test Conditions of Mechanical Properties,Tensile testing specimen GB/T 1040 | The performance of the filament is evaluated based on standard samples printed by eSUN,text,not-required,,,reader-r1-07,high,no-held-rows-on-page-in-scope,
batch-07.csv#183,context,context,S-ESUN-PLA-Silk-TDS-2025-06-19,3,G008-02,PLA-Silk,flexural,Flexural testing specimen,,,,,,,printed,,,GB/T 9341,,Test Conditions of Mechanical Properties,Flexural testing specimen GB/T 9341 | The performance of the filament is evaluated based on standard samples printed by eSUN,text,not-required,,,reader-r1-07,high,no-held-rows-on-page-in-scope,
batch-07.csv#184,context,context,S-ESUN-PLA-Silk-TDS-2025-06-19,3,G008-02,PLA-Silk,impact,Impact testing specimen,,,,,,,printed,,,GB/T 1843,,Test Conditions of Mechanical Properties,Impact testing specimen GB/T 1843 | The performance of the filament is evaluated based on standard samples printed by eSUN,text,not-required,,,reader-r1-07,high,no-held-rows-on-page-in-scope,
batch-07.csv#185,context,context,S-ESUN-PLA-Silk-TDS-2025-06-19,3,G008-02,PLA-Silk,all,Printing Test Conditions,,,,,,,printed,,,,extruder=220℃; bed=60℃; outer layers=2; top/bottom layers=3; infill=100%; fan=100%; nozzle=0.4 mm; printer=Bambu P1S; slicer=Orcaslicer 2.1.0 Beta,Printing Test Conditions,Printing Test Conditions： | Extruder Temperature 220℃ | Build Platform Temperature 60℃ | Outer Layer Number 2 | Top/Bottom Layer Number 3 | Infill Density 100% | Fan Speed 100% | *Based on Bambu P1S 0.4 mm nozzle and Orcaslicer 2.1.0 Beta.,visual-only,agreed,,,reader-r1-07,high,no-held-rows-on-page-in-scope quote-not-on-page,
batch-07.csv#261,context,context,S-PEBA-79f73c22-1,2,G008-12,ePLA-Silk Rainbow,all,Mechanical Properties note,,,,,,,injection moulded,,,,,Mechanical Properties,"The physical properties, mechanical properties, thermal properties, and electrical properties of the line are obtained based on the injection molding spline test.",text,not-required,,,reader-r1-07,high,no-held-rows-on-page-in-scope,"physical, mechanical, thermal and electrical values on page 1 are from injection-molded splines"
batch-07.csv#262,context,context,S-PEBA-79f73c22-1,2,G008-12,ePLA-Silk Rainbow,tensile,Tensile testing specimen,,,,,,,,,,GB/T 1040,,Mechanical Properties,Tensile testing specimen GB/T 1040,text,not-required,,,reader-r1-07,high,no-held-rows-on-page-in-scope,
batch-07.csv#263,context,context,S-PEBA-79f73c22-1,2,G008-12,ePLA-Silk Rainbow,flexural,Flexural testing specimen,,,,,,,,,,GB/T 9341,,Mechanical Properties,Flexural testing specimen GB/T 9341,text,not-required,,,reader-r1-07,high,no-held-rows-on-page-in-scope,
batch-07.csv#264,context,context,S-PEBA-79f73c22-1,2,G008-12,ePLA-Silk Rainbow,impact,Impact testing specimen,,,,,,,,,,GB/T 1043,,Mechanical Properties,Impact testing specimen GB/T 1043,text,not-required,,,reader-r1-07,high,no-held-rows-on-page-in-scope,impact value on page 1 cites GB/T 1843; this caption cites GB/T 1043
batch-07.csv#265,context,context,S-PEBA-79f73c22-1,2,G008-12,ePLA-Silk Rainbow,all,Print test condition,,,,,,,,,,,extruder=220℃; bed=45℃; shells=2; top/bottom layers=3; infill=100%; fan=100%; speed=130mm/s; nozzle=0.4 mm; slicer=Simplify 3D v.4.1.2,Print test condition：,Print test condition： | Extruder Temperature 220℃ | Build Platform Temperature 45℃ | Outline/Perimeter Shells 2 | Top/Bottom Layers 3 | Infill Percentage 100% | Fan speed 100% | Printing speed 130mm/s | Based on 0.4 mm nozzle and Simplify 3D v.4.1.2.,text,not-required,,,reader-r1-07,high,no-held-rows-on-page-in-scope,conditions for the printed test specimens; page also says values come from injection-molded splines
batch-07.csv#289,context,context,S-PEBA-ePLA-CF-TDS,2,G018-11,ePLA-CF,all,Mechanical Properties note,,,,,,,injection moulded,,,,,Mechanical Properties,"The physical properties, mechanical properties, thermal properties, and electrical properties of the filament are obtained based on the injection molding spline test.",text,not-required,,,reader-r1-07,high,no-held-rows-on-page-in-scope,"physical, mechanical, thermal and electrical values on page 1 are from injection-molded splines"
batch-07.csv#290,context,context,S-PEBA-ePLA-CF-TDS,2,G018-11,ePLA-CF,tensile,Tensile testing specimen,,,,,,,,,,GB/T 1040,,Mechanical Properties,Tensile testing specimen GB/T 1040,text,not-required,,,reader-r1-07,high,no-held-rows-on-page-in-scope,
batch-07.csv#291,context,context,S-PEBA-ePLA-CF-TDS,2,G018-11,ePLA-CF,flexural,Flexural testing specimen,,,,,,,,,,GB/T 9341,,Mechanical Properties,Flexural testing specimen GB/T 9341,text,not-required,,,reader-r1-07,high,no-held-rows-on-page-in-scope,
batch-07.csv#292,context,context,S-PEBA-ePLA-CF-TDS,2,G018-11,ePLA-CF,impact,Impact testing specimen,,,,,,,,,,GB/T 1043,,Mechanical Properties,Impact testing specimen GB/T 1043,text,not-required,,,reader-r1-07,high,no-held-rows-on-page-in-scope,impact value on page 1 cites GB/T 1843; this caption cites GB/T 1043
batch-07.csv#293,context,context,S-PEBA-ePLA-CF-TDS,2,G018-11,ePLA-CF,all,Print test condition,,,,,,,,,,,extruder=190-230℃; bed=45℃; shells=4; top/bottom layers=4; infill=20%; fan=100%; speed=50mm/s; nozzle=0.4 mm; slicer=Simplify 3D v.4.1.2,Print test condition：,Print test condition： | Extruder Temperature 190-230℃ | Build Platform Temperature 45℃ | Outline/Perimeter Shells 4 | Top/Bottom Layers 4 | Infill Percentage 20% | Fan speed 100% | Printing speed 50mm/s | Based on 0.4 mm nozzle and Simplify 3D v.4.1.2.,text,not-required,,,reader-r1-07,high,no-held-rows-on-page-in-scope,conditions for the printed test specimens; page also says values come from injection-molded splines
batch-07.csv#321,context,context,S-PEBA-eSUN-ePA-CF-Filament-TDS-V4-0,2,G156-01,ePA-CF,all,Mechanical Properties note,,,,,,,injection moulded,,,,,Mechanical Properties,"The physical properties, mechanical properties, thermal properties, and electrical properties of the filament are obtained based on the injection molding spline test.",text,not-required,,,reader-r1-07,high,no-held-rows-on-page-in-scope,"physical, mechanical, thermal and electrical values on page 1 are from injection-molded splines"
batch-07.csv#322,context,context,S-PEBA-eSUN-ePA-CF-Filament-TDS-V4-0,2,G156-01,ePA-CF,tensile,Tensile testing specimen,,,,,,,,,,GB/T 1040,,Mechanical Properties,Tensile testing specimen GB/T 1040,text,not-required,,,reader-r1-07,high,no-held-rows-on-page-in-scope,
batch-07.csv#323,context,context,S-PEBA-eSUN-ePA-CF-Filament-TDS-V4-0,2,G156-01,ePA-CF,flexural,Flexural testing specimen,,,,,,,,,,GB/T 9341,,Mechanical Properties,Flexural testing specimen GB/T 9341,text,not-required,,,reader-r1-07,high,no-held-rows-on-page-in-scope,
batch-07.csv#324,context,context,S-PEBA-eSUN-ePA-CF-Filament-TDS-V4-0,2,G156-01,ePA-CF,impact,Impact testing specimen,,,,,,,,,,GB/T 1043,,Mechanical Properties,Impact testing specimen GB/T 1043,text,not-required,,,reader-r1-07,high,no-held-rows-on-page-in-scope,impact value on page 1 cites GB/T 1843; this caption cites GB/T 1043
batch-07.csv#325,context,context,S-PEBA-eSUN-ePA-CF-Filament-TDS-V4-0,2,G156-01,ePA-CF,all,Print test condition,,,,,,,,,,,extruder=240-300℃; bed=80℃; shells=4; top/bottom layers=4; infill=20%; fan=0%; speed=40mm/s; nozzle=0.4 mm; slicer=Simplify 3D v.4.1.2,Print test condition：,Print test condition： | Extruder Temperature 240-300℃ | Build Platform Temperature 80℃ | Outline/Perimeter Shells 4 | Top/Bottom Layers 4 | Infill Percentage 20% | Fan speed 0% | Printing speed 40mm/s | Based on 0.4 mm nozzle and Simplify 3D v.4.1.2.,text,not-required,,,reader-r1-07,high,no-held-rows-on-page-in-scope,conditions for the printed test specimens; page also says values come from injection-molded splines
batch-07.csv#349,context,context,S-PEBA-eSUN-ePA12-Filament-TDS-V4-0,2,G052-04,ePA12,all,Mechanical Properties note,,,,,,,injection moulded,,,,,Mechanical Properties,"The physical properties, mechanical properties, thermal properties, and electrical properties of the filament are obtained based on the injection molding spline test.",text,not-required,,,reader-r1-07,high,no-held-rows-on-page-in-scope,"physical, mechanical, thermal and electrical values on page 1 are from injection-molded splines"
batch-07.csv#350,context,context,S-PEBA-eSUN-ePA12-Filament-TDS-V4-0,2,G052-04,ePA12,tensile,Tensile testing specimen,,,,,,,,,,GB/T 1040,,Mechanical Properties,Tensile testing specimen GB/T 1040,text,not-required,,,reader-r1-07,high,no-held-rows-on-page-in-scope,
batch-07.csv#351,context,context,S-PEBA-eSUN-ePA12-Filament-TDS-V4-0,2,G052-04,ePA12,flexural,Flexural testing specimen,,,,,,,,,,GB/T 9341,,Mechanical Properties,Flexural testing specimen GB/T 9341,text,not-required,,,reader-r1-07,high,no-held-rows-on-page-in-scope,
batch-07.csv#352,context,context,S-PEBA-eSUN-ePA12-Filament-TDS-V4-0,2,G052-04,ePA12,impact,Impact testing specimen,,,,,,,,,,GB/T 1043,,Mechanical Properties,Impact testing specimen GB/T 1043,text,not-required,,,reader-r1-07,high,no-held-rows-on-page-in-scope,impact value on page 1 cites GB/T 1843; this caption cites GB/T 1043
batch-07.csv#353,context,context,S-PEBA-eSUN-ePA12-Filament-TDS-V4-0,2,G052-04,ePA12,all,Print test condition,,,,,,,,,,,extruder=240-290℃; bed=80℃; shells=4; top/bottom layers=4; infill=20%; fan=0%; speed=40mm/s; nozzle=0.4 mm; slicer=Simplify 3D v.4.1.2,Print test condition：,Print test condition： | Extruder Temperature 240-290℃ | Build Platform Temperature 80℃ | Outline/Perimeter Shells 4 | Top/Bottom Layers 4 | Infill Percentage 20% | Fan speed 0% | Printing speed 40mm/s | Based on 0.4 mm nozzle and Simplify 3D v.4.1.2.,text,not-required,,,reader-r1-07,high,no-held-rows-on-page-in-scope,conditions for the printed test specimens; page also says values come from injection-molded splines
batch-07.csv#376,context,context,S-PEBA-eSUN-ePLA-Silk-Magic-Filament-TDS-V4-02,2,G008-30,ePLA-Silk Magic,all,Mechanical Properties note,,,,,,,injection moulded,,,,,Mechanical Properties,"The physical properties, mechanical properties, thermal properties, and electrical properties of the line are obtained based on the injection molding spline test.",text,not-required,,,reader-r1-07,high,no-held-rows-on-page-in-scope,"physical, mechanical, thermal and electrical values on page 1 are from injection-molded splines"
batch-07.csv#377,context,context,S-PEBA-eSUN-ePLA-Silk-Magic-Filament-TDS-V4-02,2,G008-30,ePLA-Silk Magic,tensile,Tensile testing specimen,,,,,,,,,,GB/T 1040,,Mechanical Properties,Tensile testing specimen GB/T 1040,text,not-required,,,reader-r1-07,high,no-held-rows-on-page-in-scope,
batch-07.csv#378,context,context,S-PEBA-eSUN-ePLA-Silk-Magic-Filament-TDS-V4-02,2,G008-30,ePLA-Silk Magic,flexural,Flexural testing specimen,,,,,,,,,,GB/T 9341,,Mechanical Properties,Flexural testing specimen GB/T 9341,text,not-required,,,reader-r1-07,high,no-held-rows-on-page-in-scope,
batch-07.csv#379,context,context,S-PEBA-eSUN-ePLA-Silk-Magic-Filament-TDS-V4-02,2,G008-30,ePLA-Silk Magic,impact,Impact testing specimen,,,,,,,,,,GB/T 1043,,Mechanical Properties,Impact testing specimen GB/T 1043,text,not-required,,,reader-r1-07,high,no-held-rows-on-page-in-scope,impact value on page 1 cites GB/T 1843; this caption cites GB/T 1043
batch-07.csv#380,context,context,S-PEBA-eSUN-ePLA-Silk-Magic-Filament-TDS-V4-02,2,G008-30,ePLA-Silk Magic,all,Print test condition,,,,,,,,,,,extruder=190-230℃; bed=45℃; shells=4; top/bottom layers=4; infill=20%; fan=100%; speed=40mm/s; nozzle=0.4 mm; slicer=Simplify 3D v.4.1.2,Print test condition：,Print test condition： | Extruder Temperature 190-230℃ | Build Platform Temperature 45℃ | Outline/Perimeter Shells 4 | Top/Bottom Layers 4 | Infill Percentage 20% | Fan speed 100% | Printing speed 40mm/s | Based on 0.4 mm nozzle and Simplify 3D v.4.1.2.,text,not-required,,,reader-r1-07,high,no-held-rows-on-page-in-scope,conditions for the printed test specimens; page also says values come from injection-molded splines
batch-07.csv#403,context,context,S-PEBA-eSUN-ePLA-Silk-Mystic-Filament-TDS-V4-0,2,G008-31,ePLA-Silk Mystic,all,Mechanical Properties note,,,,,,,injection moulded,,,,,Mechanical Properties,"The physical properties, mechanical properties, thermal properties, and electrical properties of the line are obtained based on the injection molding spline test.",text,not-required,,,reader-r1-07,high,no-held-rows-on-page-in-scope,"physical, mechanical, thermal and electrical values on page 1 are from injection-molded splines"
batch-07.csv#404,context,context,S-PEBA-eSUN-ePLA-Silk-Mystic-Filament-TDS-V4-0,2,G008-31,ePLA-Silk Mystic,tensile,Tensile testing specimen,,,,,,,,,,GB/T 1040,,Mechanical Properties,Tensile testing specimen GB/T 1040,text,not-required,,,reader-r1-07,high,no-held-rows-on-page-in-scope,
batch-07.csv#405,context,context,S-PEBA-eSUN-ePLA-Silk-Mystic-Filament-TDS-V4-0,2,G008-31,ePLA-Silk Mystic,flexural,Flexural testing specimen,,,,,,,,,,GB/T 9341,,Mechanical Properties,Flexural testing specimen GB/T 9341,text,not-required,,,reader-r1-07,high,no-held-rows-on-page-in-scope,
batch-07.csv#406,context,context,S-PEBA-eSUN-ePLA-Silk-Mystic-Filament-TDS-V4-0,2,G008-31,ePLA-Silk Mystic,impact,Impact testing specimen,,,,,,,,,,GB/T 1043,,Mechanical Properties,Impact testing specimen GB/T 1043,text,not-required,,,reader-r1-07,high,no-held-rows-on-page-in-scope,impact value on page 1 cites GB/T 1843; this caption cites GB/T 1043
batch-07.csv#407,context,context,S-PEBA-eSUN-ePLA-Silk-Mystic-Filament-TDS-V4-0,2,G008-31,ePLA-Silk Mystic,all,Print test condition,,,,,,,,,,,extruder=190-230℃; bed=45℃; shells=4; top/bottom layers=4; infill=20%; fan=100%; speed=40mm/s; nozzle=0.4 mm; slicer=Simplify 3D v.4.1.2,Print test condition：,Print test condition： | Extruder Temperature 190-230℃ | Build Platform Temperature 45℃ | Outline/Perimeter Shells 4 | Top/Bottom Layers 4 | Infill Percentage 20% | Fan speed 100% | Printing speed 40mm/s | Based on 0.4 mm nozzle and Simplify 3D v.4.1.2.,text,not-required,,,reader-r1-07,high,no-held-rows-on-page-in-scope,conditions for the printed test specimens; page also says values come from injection-molded splines
batch-07.csv#431,context,context,S-PEBA-eSUN-PLA-GF-Filament-TDS-V1-0-1,2,G019-03,ePLA-GF,all,Mechanical Properties note,,,,,,,injection moulded,,,,,Mechanical Properties,"The physical properties, mechanical properties, thermal properties, and electrical properties of the line are obtained based on the injection molding spline test.",text,not-required,,,reader-r1-07,high,no-held-rows-on-page-in-scope,"physical, mechanical, thermal and electrical values on page 1 are from injection-molded splines"
batch-07.csv#432,context,context,S-PEBA-eSUN-PLA-GF-Filament-TDS-V1-0-1,2,G019-03,ePLA-GF,tensile,Tensile testing specimen,,,,,,,,,,GB/T 1040,,Mechanical Properties,Tensile testing specimen GB/T 1040,text,not-required,,,reader-r1-07,high,no-held-rows-on-page-in-scope,
batch-07.csv#433,context,context,S-PEBA-eSUN-PLA-GF-Filament-TDS-V1-0-1,2,G019-03,ePLA-GF,flexural,Flexural testing specimen,,,,,,,,,,GB/T 9341,,Mechanical Properties,Flexural testing specimen GB/T 9341,text,not-required,,,reader-r1-07,high,no-held-rows-on-page-in-scope,
batch-07.csv#434,context,context,S-PEBA-eSUN-PLA-GF-Filament-TDS-V1-0-1,2,G019-03,ePLA-GF,impact,Impact testing specimen,,,,,,,,,,GB/T 1043,,Mechanical Properties,Impact testing specimen GB/T 1043,text,not-required,,,reader-r1-07,high,no-held-rows-on-page-in-scope,impact value on page 1 cites GB/T 1843; this caption cites GB/T 1043
batch-07.csv#435,context,context,S-PEBA-eSUN-PLA-GF-Filament-TDS-V1-0-1,2,G019-03,ePLA-GF,all,Print test condition,,,,,,,,,,,extruder=190-230℃; bed=55℃; shells=4; top/bottom layers=4; infill=20%; fan=100%; speed=60mm/s; nozzle=0.4 mm; slicer=Simplify 3D v.4.1.2,Print test condition：,Print test condition： | Extruder Temperature 190-230℃ | Build Platform Temperature 55℃ | Outline/Perimeter Shells 4 | Top/Bottom Layers 4 | Infill Percentage 20% | Fan speed 100% | Printing speed 60mm/s | Based on 0.4 mm nozzle and Simplify 3D v.4.1.2.,text,not-required,,,reader-r1-07,high,no-held-rows-on-page-in-scope,conditions for the printed test specimens; page also says values come from injection-molded splines
batch-07.csv#461,context,context,S-PEBA-eSUN-TPE-83A-Filament-TDS-V4-0,2,G167-10,eLastic,all,Mechanical Properties note,,,,,,,injection moulded,,,,,Mechanical Properties,"The physical properties, mechanical properties, thermal properties, and electrical properties of the filament are obtained based on the injection molding spline test.",text,not-required,,,reader-r1-07,high,no-held-rows-on-page-in-scope,"physical, mechanical, thermal and electrical values on page 1 are from injection-molded splines"
batch-07.csv#462,context,context,S-PEBA-eSUN-TPE-83A-Filament-TDS-V4-0,2,G167-10,eLastic,tensile,Tensile testing specimen,,,,,,,,,,GB/T 1040,,Mechanical Properties,Tensile testing specimen GB/T 1040,text,not-required,,,reader-r1-07,high,no-held-rows-on-page-in-scope,
batch-07.csv#463,context,context,S-PEBA-eSUN-TPE-83A-Filament-TDS-V4-0,2,G167-10,eLastic,flexural,Flexural testing specimen,,,,,,,,,,GB/T 9341,,Mechanical Properties,Flexural testing specimen GB/T 9341,text,not-required,,,reader-r1-07,high,no-held-rows-on-page-in-scope,
batch-07.csv#464,context,context,S-PEBA-eSUN-TPE-83A-Filament-TDS-V4-0,2,G167-10,eLastic,impact,Impact testing specimen,,,,,,,,,,GB/T 1043,,Mechanical Properties,Impact testing specimen GB/T 1043,text,not-required,,,reader-r1-07,high,no-held-rows-on-page-in-scope,impact value on page 1 cites GB/T 1843; this caption cites GB/T 1043
batch-07.csv#465,context,context,S-PEBA-eSUN-TPE-83A-Filament-TDS-V4-0,2,G167-10,eLastic,all,Print test condition,,,,,,,,,,,extruder=210-250℃; bed=45℃; shells=4; top/bottom layers=4; infill=20%; fan=100%; speed=40mm/s; nozzle=0.4 mm; slicer=Simplify 3D v.4.1.2,Print test condition：,Print test condition： | Extruder Temperature 210-250℃ | Build Platform Temperature 45℃ | Outline/Perimeter Shells 4 | Top/Bottom Layers 4 | Infill Percentage 20% | Fan speed 100% | Printing speed 40mm/s | Based on 0.4 mm nozzle and Simplify 3D v.4.1.2.,text,not-required,,,reader-r1-07,high,no-held-rows-on-page-in-scope,conditions for the printed test specimens; page also says values come from injection-molded splines
batch-07.csv#505,context,context,S-PEBA-TPU-64D-TDS,3,G039-44,TPU-64D,tensile,Tensile testing specimen,,,,,,,printed,,,GB/T 1040,,Test Conditions of Mechanical Properties,Tensile testing specimen GB/T 1040 | The performance of the filament is evaluated based on standard samples printed by eSUN,text,not-required,,,reader-r1-07,high,no-held-rows-on-page-in-scope,
batch-07.csv#506,context,context,S-PEBA-TPU-64D-TDS,3,G039-44,TPU-64D,flexural,Flexural testing specimen,,,,,,,printed,,,GB/T 9341,,Test Conditions of Mechanical Properties,Flexural testing specimen GB/T 9341 | The performance of the filament is evaluated based on standard samples printed by eSUN,text,not-required,,,reader-r1-07,high,no-held-rows-on-page-in-scope,
batch-07.csv#507,context,context,S-PEBA-TPU-64D-TDS,3,G039-44,TPU-64D,impact,Impact testing specimen,,,,,,,printed,,,GB/T 1043,,Test Conditions of Mechanical Properties,Impact testing specimen GB/T 1043 | The performance of the filament is evaluated based on standard samples printed by eSUN,text,not-required,,,reader-r1-07,high,no-held-rows-on-page-in-scope,impact value caption cites GB/T 1043; table cites GB/T 1843
batch-07.csv#508,context,context,S-PEBA-TPU-64D-TDS,3,G039-44,TPU-64D,all,Printing Test Conditions,,,,,,,printed,,,,extruder=240℃; bed=60℃; outer layers=2; top/bottom layers=3; infill=100%; fan=100%; max volumetric flow=4mm³/s; nozzle=0.4 mm; printer=Bambu P1S; slicer=Orcaslicer 2.1.0 Beta,Printing Test Conditions,Printing Test Conditions： | Extruder Temperature 240℃ | Build Platform Temperature 60℃ | Outer Layer Number 2 | Top/Bottom Layer Number 3 | Infill Density 100% | Fan Speed 100% | Maximum Volumetric Flow Rate 4mm³/s | *Based on Bambu P1S 0.4 mm nozzle and Orcaslicer 2.1.0 Beta.,visual-only,agreed,,,reader-r1-07,high,no-held-rows-on-page-in-scope quote-not-on-page,
batch-08.csv#26,context,context,S-PEBA-TPU-LW-TDS-V1,2,,,all,,"The physical properties, mechanical properties, thermal properties, and electrical properties of the filament are obtained based on the injection molding spline test.",,,,,,injection molding,,,,,Mechanical Properties,"The physical properties, mechanical properties, thermal properties, and electrical properties of the filament are obtained based on the injection molding spline test.",text,not-required,,,reader-r1-08,high,no-held-rows-on-page-in-scope,held values on page 1 are inherited from this statement
batch-08.csv#27,context,context,S-PEBA-TPU-LW-TDS-V1,2,,,tensile,,Tensile testing specimen GB/T 1040,,,,,,,,,GB/T 1040,,Mechanical Properties,Tensile testing specimen GB/T 1040,text,not-required,,,reader-r1-08,high,no-held-rows-on-page-in-scope,
batch-08.csv#28,context,context,S-PEBA-TPU-LW-TDS-V1,2,,,flexural,,Flexural testing specimen GB/T 9341,,,,,,,,,GB/T 9341,,Mechanical Properties,Flexural testing specimen GB/T 9341,text,not-required,,,reader-r1-08,high,no-held-rows-on-page-in-scope,
batch-08.csv#29,context,context,S-PEBA-TPU-LW-TDS-V1,2,,,impact,,Impact testing specimen GB/T 1043,,,,,,,,,GB/T 1043,,Mechanical Properties,Impact testing specimen GB/T 1043,text,not-required,,,reader-r1-08,high,no-held-rows-on-page-in-scope,page 1 Izod row cites GB/T 1843
batch-08.csv#37,context,context,S-PEBA-TPU-LW-TDS-V1,2,,,all,,Based on Bambu P1S 0.4 mm nozzle and Orcaslicer2.1.0 Beta.,,,,,,,,,,,Print test condition,Based on Bambu P1S 0.4 mm nozzle and Orcaslicer2.1.0 Beta.,text,not-required,,,reader-r1-08,high,no-held-rows-on-page-in-scope,
batch-08.csv#60,context,context,D-EXTRUDR-FLEX-MEDIUM-MATT-PAGE,1,,,all,,Test procedures,,,,,,,,,,,Test procedures,Test procedures,text,not-required,,,reader-r1-08,high,,heading above property tables; no moisture or specimen statement
batch-08.csv#131,context,context,R-EXTRUDR-AIS,4,,,all,,The test specimen are manufactured through injection moulding and are tested afterwards.,,,,,,injection moulding,,,ISO 527; ISO 179,,4. TEST VALUES AND TEST SPECIMEN,The test specimen are manufactured through injection moulding and are tested afterwards.,text,not-required,,,reader-r1-08,high,no-held-rows-on-page-in-scope,
batch-08.csv#132,context,context,R-EXTRUDR-AIS,4,,,all,,The values listed have been established on standardized test specimens at standard temperature and humidity conditions.,,,,,,,,,,,5. LIABILITY LIMITATION,The values listed have been established on standardized test specimens at standard temperature and humidity conditions.,text,not-required,,,reader-r1-08,high,no-held-rows-on-page-in-scope,
batch-08.csv#133,context,context,R-EXTRUDR-AIS,4,,,tensile,,ISO 527,,,,,,,,,ISO 527,,4. TEST VALUES AND TEST SPECIMEN,ISO 527,text,not-required,,,reader-r1-08,high,no-held-rows-on-page-in-scope,specimen drawing label
batch-08.csv#134,context,context,R-EXTRUDR-AIS,4,,,impact,,ISO 179,,,,,,,,,ISO 179,,4. TEST VALUES AND TEST SPECIMEN,ISO 179,text,not-required,,,reader-r1-08,high,no-held-rows-on-page-in-scope,specimen drawing label
batch-08.csv#135,context,context,R-EXTRUDR-AIS,4,,,flexural,,ISO 178,,,,,,,,,ISO 178,,4. TEST VALUES AND TEST SPECIMEN,ISO 178,visual-only,agreed,,,reader-r1-08,high,no-held-rows-on-page-in-scope quote-not-on-page,specimen drawing label
batch-08.csv#161,context,context,R-EXTRUDR-durapro-pa12-TDS-en,1,,,thermal,,*Temperature resistance tested at a minimum wall thickness of 4 mm.,,,,,,,,,,,3. PROPERTIES,*Temperature resistance tested at a minimum wall thickness of 4 mm.,text,not-required,,,reader-r1-08,high,,
batch-08.csv#214,context,context,R-EXTRUDR-durapro-pc-pbt-cf-TDS-en,2,,,thermal,,*Temperature resistance tested at a minimum wall thickness of 4 mm.,,,,,,,,,,,3. PROPERTIES,*Temperature resistance tested at a minimum wall thickness of 4 mm.,text,not-required,,,reader-r1-08,high,no-held-rows-on-page-in-scope,
batch-08.csv#268,context,context,R-EXTRUDR-durapro-pc-pbt-cf-TDS-en-3a6807,2,,,thermal,,*Temperature resistance tested at a minimum wall thickness of 4 mm.,,,,,,,,,,,3. PROPERTIES,*Temperature resistance tested at a minimum wall thickness of 4 mm.,text,not-required,,,reader-r1-08,high,no-held-rows-on-page-in-scope,
batch-08.csv#321,context,context,R-EXTRUDR-durapro-pc-pbt-cf-TDS-it,2,,,thermal,,*La resistenza alla temperatura è stata testata con uno spessore minimo di 4 mm.,,,,,,,,,,,3. PROPRIETÀ,*La resistenza alla temperatura è stata testata con uno spessore minimo di 4 mm.,text,not-required,,,reader-r1-08,high,no-held-rows-on-page-in-scope,
batch-08.csv#344,context,context,R-EXTRUDR-flax-TDS-en,1,,,thermal,,*Temperature resistance tested at a minimum wall thickness of 4 mm.,,,,,,,,,,,3. PROPERTIES,*Temperature resistance tested at a minimum wall thickness of 4 mm.,text,not-required,,,reader-r1-08,high,,
batch-08.csv#376,context,context,R-EXTRUDR-flex-hard-cf-TDS-de,1,,,thermal,,*Temperaturresistenz geprüft bei Wanddicke von mindestens 4 mm.,,,,,,,,,,,3. EIGENSCHAFTEN,*Temperaturresistenz geprüft bei Wanddicke von mindestens 4 mm.,text,not-required,,,reader-r1-08,high,,
batch-08.csv#409,context,context,R-EXTRUDR-flex-hard-cf-TDS-en,1,,,thermal,,*Temperature resistance tested at a minimum wall thickness of 4 mm.,,,,,,,,,,,3. PROPERTIES,*Temperature resistance tested at a minimum wall thickness of 4 mm.,text,not-required,,,reader-r1-08,high,,
batch-08.csv#442,context,context,R-EXTRUDR-flex-hard-cf-TDS-en-7bbe64,1,,,thermal,,*Temperature resistance tested at a minimum wall thickness of 4 mm.,,,,,,,,,,,3. PROPERTIES,*Temperature resistance tested at a minimum wall thickness of 4 mm.,text,not-required,,,reader-r1-08,high,,
batch-08.csv#476,context,context,R-EXTRUDR-flex-hard-TDS-en,1,,,thermal,,*Temperature resistance tested at a minimum wall thickness of 4 mm.,,,,,,,,,,,3. PROPERTIES,*Temperature resistance tested at a minimum wall thickness of 4 mm.,text,not-required,,,reader-r1-08,high,,
batch-08.csv#510,context,context,R-EXTRUDR-flex-hard-TDS-en-cbd667,1,,,thermal,,*Temperature resistance tested at a minimum wall thickness of 4 mm.,,,,,,,,,,,3. PROPERTIES,*Temperature resistance tested at a minimum wall thickness of 4 mm.,text,not-required,,,reader-r1-08,high,,
batch-08.csv#538,context,context,R-EXTRUDR-flex-medium-esd-TDS-de,1,,,thermal,,*Temperaturresistenz geprüft bei Wanddicke von mindestens 4 mm.,,,,,,,,,,,3. EIGENSCHAFTEN,*Temperaturresistenz geprüft bei Wanddicke von mindestens 4 mm.,text,not-required,,,reader-r1-08,high,,
batch-08.csv#566,context,context,R-EXTRUDR-flex-medium-esd-TDS-en,1,,,thermal,,*Temperature resistance tested at a minimum wall thickness of 4 mm.,,,,,,,,,,,3. PROPERTIES,*Temperature resistance tested at a minimum wall thickness of 4 mm.,text,not-required,,,reader-r1-08,high,no-held-rows-on-page-in-scope,
batch-08.csv#593,context,context,R-EXTRUDR-flex-medium-esd-TDS-en-eb4012,1,,,thermal,,*Temperature resistance tested at a minimum wall thickness of 4 mm.,,,,,,,,,,,3. PROPERTIES,*Temperature resistance tested at a minimum wall thickness of 4 mm.,text,not-required,,,reader-r1-08,high,no-held-rows-on-page-in-scope,
batch-08.csv#626,context,context,R-EXTRUDR-flex-medium-matt-TDS-en,1,,,thermal,,*Temperature resistance tested at a minimum wall thickness of 4 mm.,,,,,,,,,,,3. PROPERTIES,*Temperature resistance tested at a minimum wall thickness of 4 mm.,text,not-required,,,reader-r1-08,high,no-held-rows-on-page-in-scope,
batch-08.csv#661,context,context,R-EXTRUDR-flex-medium-TDS-en,1,,,thermal,,*Temperature resistance tested at a minimum wall thickness of 4 mm.,,,,,,,,,,,3. PROPERTIES,*Temperature resistance tested at a minimum wall thickness of 4 mm.,text,not-required,,,reader-r1-08,high,,
batch-08.csv#695,context,context,R-EXTRUDR-flex-medium-TDS-en-d2c5e4,1,,,thermal,,*Temperature resistance tested at a minimum wall thickness of 4 mm.,,,,,,,,,,,3. PROPERTIES,*Temperature resistance tested at a minimum wall thickness of 4 mm.,text,not-required,,,reader-r1-08,high,,
batch-09.csv#25,context,context,R-EXTRUDR-greentec-pro-cf-TDS-en,1,G169-01,GREENTEC PRO CF,thermal,,,,,,,,,,,,,3. PROPERTIES,*Temperature resistance tested at a minimum wall thickness of 4 mm.,text,not-required,,,reader-r1-09,high,,footnote to *-marked rows
batch-09.csv#27,context,context,R-EXTRUDR-greentec-pro-cf-TDS-en,1,G169-01,GREENTEC PRO CF,all,,,,,,,,,,,,,PRINT SETTINGS,"Note: Due to the abrasive nature of the carbon fibers, a hardened nozzle (e.g., hardened steel or ruby nozzle) is strongly recommended.",visual-only,agreed,,,reader-r1-09,high,quote-not-on-page,
batch-09.csv#52,context,context,R-EXTRUDR-greentec-pro-TDS-en,1,G168-03,GREENTEC PRO,thermal,,,,,,,,,,,,,3. PROPERTIES,*Temperature resistance tested at a minimum wall thickness of 4 mm.,text,not-required,,,reader-r1-09,high,,footnote to *-marked rows
batch-09.csv#55,context,context,R-EXTRUDR-greentec-pro-TDS-en,1,G168-03,GREENTEC PRO,all,,,,,,,,,,,,,PRINT SETTINGS,Recommended settings for printers with a 0.4mm Nozzle. Max. 50% layerheight. Optimal print settings may vary between different printers and also depend on environmental factors.,visual-only,agreed,,,reader-r1-09,high,quote-not-on-page,
batch-09.csv#80,context,context,R-EXTRUDR-greentec-TDS-en,1,G168-04,GREENTEC,thermal,,,,,,,,,,,,,3. PROPERTIES,*Temperature resistance tested at a minimum wall thickness of 4 mm.,text,not-required,,,reader-r1-09,high,,footnote to *-marked rows
batch-09.csv#83,context,context,R-EXTRUDR-greentec-TDS-en,1,G168-04,GREENTEC,all,,,,,,,,,,,,,PRINT SETTINGS,Recommended settings for printers with a 0.4mm Nozzle. Max. 50% layerheight. Optimal print settings may vary between different printers and also depend on environmental factors.,visual-only,agreed,,,reader-r1-09,high,quote-not-on-page,
batch-09.csv#112,context,context,R-EXTRUDR-pctg-TDS-de,1,G088-03,PCTG,all,,,,,,,,,,,,,DRUCKEINSTELLUNGEN,Vorgeschlagene Einstellungen für Drucker mit 0.4 mm Düse. Max. 50% Layerhöhe. Optimale Einstellungen können zwischen Druckern variieren und sind zudem von Umweltfaktoren abhängig.,visual-only,agreed,,,reader-r1-09,high,quote-not-on-page,
batch-09.csv#113,context,context,R-EXTRUDR-pctg-TDS-de,1,G088-03,PCTG,thermal,,,,,,,,,,,,,3. EIGENSCHAFTEN,*Temperaturresistenz geprüft bei Wanddicke von mindestens 4 mm.,text,not-required,,,reader-r1-09,high,,footnote printed; no row carries an asterisk
batch-09.csv#142,context,context,R-EXTRUDR-pctg-TDS-en,1,G088-03,PCTG,all,,,,,,,,,,,,,PRINT SETTINGS,Recommended settings for printers with a 0.4mm Nozzle. Max. 50% layerheight. Optimal print settings may vary between different printers and also depend on environmental factors.,visual-only,agreed,,,reader-r1-09,high,quote-not-on-page,
batch-09.csv#143,context,context,R-EXTRUDR-pctg-TDS-en,1,G088-03,PCTG,thermal,,,,,,,,,,,,,3. PROPERTIES,*Temperature resistance tested at a minimum wall thickness of 4 mm.,text,not-required,,,reader-r1-09,high,,footnote printed; no row carries an asterisk
batch-09.csv#165,context,context,R-EXTRUDR-pla-basic-cf-TDS-de-3,1,G018-07,PLA BASIC CF,all,,,,,,,,,,,,,DRUCKEINSTELLUNGEN,Hinweise: Wie bei allen Carbonfaserverstärkten Materialien wird die Verwendung einer gehärteten Düse empfohlen (z. B. aus gehärtetem Stahl oder Ruby Nozzle).,visual-only,agreed,,,reader-r1-09,high,quote-not-on-page,
batch-09.csv#169,context,context,R-EXTRUDR-pla-basic-cf-TDS-de-3,1,G018-07,PLA BASIC CF,thermal,,,,,,,,,,,,,3. EIGENSCHAFTEN,*Temperaturresistenz geprüft bei Wanddicke von mindestens 4 mm.,text,not-required,,,reader-r1-09,high,,footnote to HDT row
batch-09.csv#192,context,context,R-EXTRUDR-pla-basic-cf-TDS-en,1,G018-07,PLA BASIC CF,all,,,,,,,,,,,,,PRINT SETTINGS,"Note: As with all carbon fiber-reinforced materials, we recommend using a hardened nozzle (e.g., hardened steel or ruby nozzle).",visual-only,agreed,,,reader-r1-09,high,no-held-rows-on-page-in-scope quote-not-on-page,
batch-09.csv#196,context,context,R-EXTRUDR-pla-basic-cf-TDS-en,1,G018-07,PLA BASIC CF,thermal,,,,,,,,,,,,,3. PROPERTIES,*Temperature resistance tested at a minimum wall thickness of 4 mm.,text,not-required,,,reader-r1-09,high,no-held-rows-on-page-in-scope,footnote to HDT row
batch-09.csv#210,context,context,R-EXTRUDR-PRINT-20260929-245381f760f8,1,G039-16,FLEX HARD,all,,,,,,,,,,,,,Print Settings,Recommended settings for printers with a 0.4 mm nozzle. Max. 50% layer height. Optimal settings may vary between printers and are also dependent on environmental factors.,text,not-required,,,reader-r1-09,high,,
batch-09.csv#236,context,context,R-EXTRUDR-PRINT-20260929-245381f760f8,1,G039-16,FLEX HARD,all,,,,,,,,,,,,,Description,"extensibility of up to 480%, high material quality, high chemical resistance, and a heat distortion resistance of up to 140°C",text,not-required,,,reader-r1-09,high,,description claims; not a table
batch-09.csv#250,context,context,R-EXTRUDR-PRINT-20260929-ca0239ac2a92,1,G039-17,FLEX MEDIUM,all,,,,,,,,,,,,,Print Settings,Recommended settings for printers with a 0.4 mm nozzle. Max. 50% layer height. Optimal settings may vary between printers and are also dependent on environmental factors.,text,not-required,,,reader-r1-09,high,,
batch-09.csv#289,context,context,R-EXTRUDR-PRINT-20260929-2cccd500d85c,1,G152-01,FLAX,all,,,,,,,,,,,,,Print Settings,Recommended settings for printers with a 0.4 mm nozzle. Max. 50% layer height. Optimal settings may vary between printers and are also dependent on environmental factors.,text,not-required,,,reader-r1-09,high,,
batch-09.csv#334,context,context,R-EXTRUDR-PRINT-20260929-3793d04515ce,1,G126-02,FLEX MEDIUM ESD,all,,,,,,,,,,,,,Print Settings,Recommended settings for printers with a 0.4 mm nozzle. Max. 50% layer height. Optimal settings may vary between printers and are also dependent on environmental factors.,text,not-required,,,reader-r1-09,high,,
batch-09.csv#373,context,context,R-EXTRUDR-PRINT-20260929-af22746e0274,1,G018-07,PLA BASIC CF,all,,,,,,,,,,,,,Print Settings,Recommended settings for printers with a 0.4 mm nozzle. Max. 50% layer height. Optimal settings may vary between printers and are also dependent on environmental factors.,text,not-required,,,reader-r1-09,high,,
batch-09.csv#417,context,context,R-EXTRUDR-PRINT-20260929-463457967aab,1,G169-01,GREENTEC PRO CF,all,,,,,,,,,,,,,Print Settings,Recommended settings for printers with a 0.4 mm nozzle. Max. 50% layer height. Optimal settings may vary between printers and are also dependent on environmental factors.,text,not-required,,,reader-r1-09,high,,
batch-09.csv#460,context,context,R-EXTRUDR-PRIORITY-20261003-1d34d7823a2a,1,G126-02,FLEX MEDIUM ESD,all,,,,,,,,,,,,,Print Settings,Recommended settings for printers with a 0.4 mm nozzle. Max. 50% layer height. Optimal settings may vary between printers and are also dependent on environmental factors.,text,not-required,,,reader-r1-09,high,no-held-rows-on-page-in-scope,
batch-09.csv#499,context,context,R-EXTRUDR-PRINT-20260928-83ec5c0b3125,1,G131-01,DURAPRO PC-PBT CF,all,,,,,,,,,,,,,Print Settings,Recommended settings for printers with a 0.4 mm nozzle. Max. 50% layer height. Optimal settings may vary between printers and are also dependent on environmental factors.,text,not-required,,,reader-r1-09,high,,
batch-09.csv#553,context,context,R-EXTRUDR-PRIORITY-20261003-70456e37bf44,1,G131-01,DURAPRO PC-PBT CF,all,,,,,,,,,,,,,Print Settings,Recommended settings for printers with a 0.4 mm nozzle. Max. 50% layer height. Optimal settings may vary between printers and are also dependent on environmental factors.,text,not-required,,,reader-r1-09,high,no-held-rows-on-page-in-scope,
batch-09.csv#607,context,context,R-EXTRUDR-PRIORITY-20261003-b3aff68293fc,1,G039-16,FLEX HARD,all,,,,,,,,,,,,,Print Settings,Recommended settings for printers with a 0.4 mm nozzle. Max. 50% layer height. Optimal settings may vary between printers and are also dependent on environmental factors.,text,not-required,,,reader-r1-09,high,no-held-rows-on-page-in-scope,
batch-09.csv#633,context,context,R-EXTRUDR-PRIORITY-20261003-b3aff68293fc,1,G039-16,FLEX HARD,all,,,,,,,,,,,,,Description,"extensibility of up to 480%, high material quality, high chemical resistance, and a heat distortion resistance of up to 140°C",text,not-required,,,reader-r1-09,high,no-held-rows-on-page-in-scope,description claims; not a table
batch-09.csv#647,context,context,R-EXTRUDR-PRIORITY-20261003-cafa71249318,1,G052-02,DURAPRO PA12,all,,,,,,,,,,,,,Print Settings,Recommended settings for printers with a 0.4 mm nozzle. Max. 50% layer height. Optimal settings may vary between printers and are also dependent on environmental factors.,text,not-required,,,reader-r1-09,high,,
batch-09.csv#697,context,context,R-EXTRUDR-PRIORITY-20261003-ce91065b0c8a,1,G088-03,PCTG,all,,,,,,,,,,,,,Print Settings,Recommended settings for printers with a 0.4 mm nozzle. Max. 50% layer height. Optimal settings may vary between printers and are also dependent on environmental factors.,text,not-required,,,reader-r1-09,high,,
batch-11.csv#296,context,context,R-FIBERLOGY-FIBERLOGY-FIBERFLEX-30D-TDS,2,G167-03,FiberFlex 30D,all,CHEMICAL RESISTANCE:,,,,,,,,,,,,CHEMICAL RESISTANCE:,CHEMICAL RESISTANCE:,text,not-required,,,reader-r1-11,high,no-held-rows-on-page-in-scope,"ratings table: Excellent / Good / Fair / Poor / Soluble; no temperature, time or concentration stated except where in the chemical name"
batch-11.csv#379,context,context,R-FIBERLOGY-FIBERLOGY-FIBERFLEX-40D-TDS,2,G167-06,FiberFlex 40D,all,CHEMICAL RESISTANCE:,,,,,,,,,,,,CHEMICAL RESISTANCE:,CHEMICAL RESISTANCE:,text,not-required,,,reader-r1-11,high,no-held-rows-on-page-in-scope,"ratings table: Excellent / Good / Fair / Poor / Soluble; no temperature, time or concentration stated except where in the chemical name"
batch-11.csv#451,context,context,R-FIBERLOGY-FIBERLOGY-FIBERFLEX-AERO-TDS-1,1,G134-01,FIBERLOGY FIBERFLEX AERO,all,Note,The parameters listed above apply to the unfoamed material.,,,,,,unfoamed material,,,,,Typical material properties,Note: The parameters listed above apply to the unfoamed material.,text,not-required,,V005542(specimen) V005543(specimen) V005544(specimen) V005545(specimen) V005546(specimen) V005547(specimen) V005548(specimen) V005549(specimen) V005550(specimen) V005551(specimen) V005552(specimen),reader-r1-11,high,,states every table value is for the unfoamed material
batch-11.csv#528,context,context,R-FIBERLOGY-FIBERLOGY-FIBERFLEX40D-TDS,2,G167-06,FIBERLOGY FIBERFLEX 40D,all,CHEMICAL RESISTANCE:,,,,,,,,,,,,CHEMICAL RESISTANCE:,CHEMICAL RESISTANCE:,text,not-required,,,reader-r1-11,high,no-held-rows-on-page-in-scope,"ratings table: Excellent / Good / Fair / Poor / Soluble; no temperature, time or concentration stated except where in the chemical name"
batch-11.csv#612,context,context,R-FIBERLOGY-FIBERLOGY-MATTFLEX-40D-TDS,2,G167-04,MATTFLEX 40D,all,CHEMICAL RESISTANCE:,,,,,,,,,,,,CHEMICAL RESISTANCE:,CHEMICAL RESISTANCE:,text,not-required,,,reader-r1-11,high,no-held-rows-on-page-in-scope,"ratings table: Excellent / Good / Fair / Poor / Soluble; no temperature, time or concentration stated except where in the chemical name"
batch-13.csv#38,context,context,R-FILLAMENTUM-TDS-Fishy-filament-Porthcurno-EN-06042023,1,G049-05,Fishy Filaments’ Porthcurno,tensile,,,,,,,,,,,ISO 527-2,rate=10 mm/min; temp=23 °C,Mechanical properties,"Tensile strength at yield 59 MPa ISO 527-2 10 mm/min, 23 °C",text,not-required,,,reader-r1-13,high,,Test Condition column on the four tensile rows
batch-13.csv#63,context,context,R-FILLAMENTUM-TDS-OBC-905-EN-07102022-FI,1,G086-02,OBC 905,all,,,,,,,,printed,,,,,Mechanical properties on 3D printed samples,Mechanical properties on 3D printed samples | Printed conditions: • printing temperature: 200 °C • bed temperature: 65 °C • print speed: 20 mm/s • 2 perimeters • 100% infill,visual-only,agreed,,,reader-r1-13,high,quote-not-on-page,heading of the XY/Z table; printed-conditions box beside it
batch-14.csv#234,context,context,I-PLA-HDPE-GF-TDS,1,G138-03,HDPE Glass Fiber,all,Footnote,typical values,,,,,,,,,,,,* The above data are typical values and should not be interpreted as technical indicators for judging quality.,text,not-required,,,reader-r1-14,high,,
batch-14.csv#248,context,context,I-PLA-PLA-CF-TDS,1,G018-18,iSANMATE PLA CF,all,At 23°C / 50% RH,,,,,,,,,,,temp=23°C; humidity=50% RH,Mechanical Properties,At 23°C / 50% RH,text,not-required,,,reader-r1-14,high,,sub-heading of the Mechanical Properties section; rows below also print dry
batch-14.csv#320,context,context,I-PP-TDS,1,G082-02,PP Filament,all,Footnote,,,,,,,,,,,,Performance,"*The data contained in this document is based on trials carried out by our Research Centers , Properties aredependent upon process conditions and machine used, so these figures are only given for information.",text,not-required,,,reader-r1-14,high,,
batch-15.csv#14,context,context,R-KIMYA-TPC-91A-TDS,2,G046-02,TPC-91A KIMYA,all,PRINTED SPECIMENS PROPERTIES,,,,,,XY,printed,,,,,PRINTED SPECIMENS PROPERTIES,PRINTING DIRECTION XY | PRINTED SPECIMENS PROPERTIES,text,not-required,,,reader-r1-15,high,,"printing direction XY stated above for the test specimens; tensile specimen ISO 527-5A 75x12.5x2 mm, bending 80x10x4, hardness 45x45x4"
batch-15.csv#15,context,context,R-KIMYA-TPC-91A-TDS,2,G046-02,TPC-91A KIMYA,tensile,TENSILE TEST,,,,,,,printed,,,ISO 527-5A,,RESULTS,TENSILE TEST | Dim.(mm) : 75x12.5x2 Specimen type: ISO 527-5A,visual-only,agreed,,,reader-r1-15,high,quote-not-on-page,
batch-15.csv#25,context,context,R-KIMYA-TPC-91A-TDS,2,G046-02,TPC-91A KIMYA,all,disclaimer,,,,,,,,,,,,,This document is not contractual. The figures should be regarded as guided values only.,text,not-required,,,reader-r1-15,medium,,rotated text at right edge; not a test condition
batch-15.csv#32,context,context,D-LEHVOSS-LUVOCOM-3F-PAHT-KK-50056-BK-FR,1,G148-02,LUVOCOM 3F PA KK 50056 BK FR,tensile,Mechanical properties at 23°C / 50% rh,,,,,,,,23°C / 50% rh,,,,Mechanical properties at 23°C / 50% rh,Mechanical properties at 23°C / 50% rh,text,not-required,,,reader-r1-15,high,no-held-rows-on-page-in-scope,applies to mechanical rows; rows also say dry
batch-15.csv#61,context,context,R-3D4MAKERS-TDS-LUVOCOM-3F-PAHT-KK-50056-BK-FR-Filament-3D4Makers,1,G148-02,LUVOCOM 3F PAHT KK 50056 BK FR,tensile,Mechanical properties at 23°C / 50% rh,,,,,,,,23°C / 50% rh,,,,Mechanical properties at 23°C / 50% rh,Mechanical properties at 23°C / 50% rh,text,not-required,,,reader-r1-15,high,contradicts:V009740:moisture contradicts:V009741:moisture contradicts:V009742:moisture,rows also say dry
batch-15.csv#98,context-held,context,R-COLORFABB-TDS-LUVOCOM-3F-Filaments-9825-NT,1,G147-01,LUVOCOM 3F Filament PAHT 9825 NT,tensile,Mechanical properties at 23°C / 50% rh,,,,,,,printed,23°C / 50% rh,,,printer=Ultimaker S5 Pro; profile=Engineering settings,Mechanical properties at 23°C / 50% rh,Mechanical properties at 23°C / 50% rh *Printed using Ultimaker S5 Pro and Engineering settings,text,not-required,PC00001,V011413(moisture=conditioned) V011414(moisture=conditioned) V011415(moisture=conditioned) V011416(moisture=conditioned) V011417(moisture=conditioned) V011418(moisture=conditioned) V011419(moisture=conditioned) V011420(moisture=conditioned) V011421(moisture=conditioned) V011422(moisture=conditioned) V011423(moisture=conditioned) V011424(moisture=conditioned) V011425(moisture=conditioned) V011426(moisture=conditioned) V011427(moisture=conditioned) V011428(moisture=conditioned) V011429(moisture=conditioned) V011430(moisture=conditioned) V011431(moisture=conditioned) V011432(moisture=conditioned) V011433(moisture=conditioned) V011434(moisture=conditioned) V011435(moisture=conditioned) V011436(moisture=conditioned),reader-r1-15,high,,heading above the Engineering-settings tensile block
batch-15.csv#99,context-held,context,R-COLORFABB-TDS-LUVOCOM-3F-Filaments-9825-NT,1,G147-01,LUVOCOM 3F Filament PAHT 9825 NT,tensile,Mechanical properties at 23°C / 50% rh,,,,,,,printed,23°C / 50% rh,,,printer=Ultimaker S5 Pro; profile=Fast settings,Mechanical properties at 23°C / 50% rh,Mechanical properties at 23°C / 50% rh *Printed using Ultimaker S5 Pro and Fast settings,visual-only,agreed,PC00001,V011413(moisture=conditioned) V011414(moisture=conditioned) V011415(moisture=conditioned) V011416(moisture=conditioned) V011417(moisture=conditioned) V011418(moisture=conditioned) V011419(moisture=conditioned) V011420(moisture=conditioned) V011421(moisture=conditioned) V011422(moisture=conditioned) V011423(moisture=conditioned) V011424(moisture=conditioned) V011425(moisture=conditioned) V011426(moisture=conditioned) V011427(moisture=conditioned) V011428(moisture=conditioned) V011429(moisture=conditioned) V011430(moisture=conditioned) V011431(moisture=conditioned) V011432(moisture=conditioned) V011433(moisture=conditioned) V011434(moisture=conditioned) V011435(moisture=conditioned) V011436(moisture=conditioned),reader-r1-15,high,quote-not-on-page,heading above the Fast-settings tensile block
batch-15.csv#143,context,context,R-COVERAGE-20261001-14396b9c74a0,1,G148-02,LUVOCOM 3F PAHT KK 50056 BK FR,all,Page type,,,,,,,,,,,,LUVOCOM 3F product list,Produkt Beschreibung Technisches Datenblatt,text,not-required,,,reader-r1-15,high,no-held-rows-on-page-in-scope,HTML materials overview page; no print settings or measured values for this product
batch-15.csv#175,context-held,context,S-PET-TDS-LUVOCOM-3F-PAHT-9825-NT-Injection-molded-specimen,1,G147-01,LUVOCOM 3F PA HT 9825 NT,tensile,Mechanical Properties at 23°C/50% rh,,,,,,,,23°C/50% rh,,,,Mechanical Properties at 23°C/50% rh,Mechanical Properties at 23°C/50% rh,text,not-required,PC00289,V009647(moisture=conditioned) V009648(moisture=conditioned) V009649(moisture=conditioned),reader-r1-15,high,,
batch-15.csv#218,context,context,S-PET-TDS-LUVOCOM-3F-PAHT-9936-BK,1,G148-01,LUVOCOM 3F PAHT 9936 BK,tensile,Mechanical properties at 23°C / 50% rh,,,,,,,,23°C / 50% rh,,,,Mechanical properties at 23°C / 50% rh,Mechanical properties at 23°C / 50% rh,text,not-required,,,reader-r1-15,high,contradicts:V009730:moisture contradicts:V009731:moisture contradicts:V009732:moisture,rows also say dry
batch-15.csv#246,context,context,R-MARKFORGED-Onyx-GF-Material-Datasheet,1,G166-01,Onyx GF,all,Specimen preparation,,,,,,,printed,conditioned 52% RH 23 ± 2°C 44 ± 2 h (ASTM D618 Procedure A),,ASTM D618 Procedure A,layer height=125 μm; fill=default solid fill; printer=FX10,Material Properties,Onyx GF specimens were printed with a layer height of 125 μm using default solid fill settings on an FX10 and conditioned at 52% RH and 23 ± 2°C for 44 ± 2 h in accordance with Procedure A of ASTM D618 unless otherwise noted.,text,not-required,,"V011465(moisture=conditioned,specimen)",reader-r1-15,high,,applies unless otherwise noted
batch-15.csv#247,context,context,R-MARKFORGED-Onyx-GF-Material-Datasheet,1,G166-01,Onyx GF,all,Carbon Fiber column,,,,,,,,,,,,Material Properties,Carbon Fiber data were derived from pure fiber test specimens. Actual part strength will depend on the amount and pathing of fiber in the part.,text,not-required,,,reader-r1-15,high,,"the right-hand Carbon Fiber column (Test ASTM / Carbon Fiber) is a reference of pure fiber, not this product; not transcribed"
batch-15.csv#262,context,context,R-MARKFORGED-Onyx-GF-Material-Datasheet,2,G166-01,Onyx GF,all,Specimen preparation,,,,,,,printed,conditioned 52% RH 23 ± 2°C 44 ± 2 h (ASTM D618 Procedure A),,ASTM D618 Procedure A,layer height=125 μm; fill=default solid fill; printer=FX10,Directional / Environments,Onyx GF specimens were printed with a layer height of 125 μm using default solid fill settings on an FX10 and conditioned at 52% RH and 23 ± 2°C for 44 ± 2 h in accordance with Procedure A of ASTM D618 unless otherwise noted.,text,not-required,,,reader-r1-15,high,contradicts:V011470:moisture contradicts:V011471:moisture contradicts:V011472:moisture contradicts:V011473:moisture,applies unless otherwise noted
batch-15.csv#293,context,context,R-MARKFORGED-Onyx-GF-Material-Datasheet,2,G166-01,Onyx GF,tensile,Mechanical properties in different environments,,,,,,XY,printed,,,,,MECHANICAL PROPERTIES IN DIFFERENT ENVIRONMENTS,The mechanical properties of Onyx GF may change based on the moisture absorbed from its ambient environment.,text,not-required,,,reader-r1-15,high,,"plus a tensile stress-strain graph (Dry, ASTM Conditioned, Wet), no extra values readable"
batch-15.csv#305,context,context,R-NANOVIA-ABS-AF,1,G106-03,Nanovia ABS AF,tensile,Tensile 0°,,,,,,0°,printed,,,,rate=1 mm/min,Mechanical properties / Tensile,"Test performed at 1mm/min on 3D printed test specimins at 0°, along with the tension stress.",text,not-required,,,reader-r1-15,high,,heading above the 0° tensile rows
batch-15.csv#309,context,context,R-NANOVIA-ABS-AF,1,G106-03,Nanovia ABS AF,tensile,Tensile +45°/-45°,,,,,,+45°/-45°,printed,,,,rate=1 mm/min,Mechanical properties / Tensile,Test performed at 1mm/min on 3D printed test specimins successively at 45° and -45° per layer.,text,not-required,,,reader-r1-15,high,,heading above the +45/-45 tensile rows
batch-15.csv#313,context,context,R-NANOVIA-ABS-AF,1,G106-03,Nanovia ABS AF,tensile,Tensile 90°,,,,,,90°,printed,,,,rate=1 mm/min,Mechanical properties / Tensile,"Test performed at 1mm/min on 3D printed test specimins at 90°, oposite to the tension stress.",text,not-required,,,reader-r1-15,high,,heading above the 90° tensile rows
batch-15.csv#731,context,context,R-NANOVIA-PA-Rail-ac7021,1,G049-08,Nanovia PA Rail,tensile,Tensile 0°,,,,,,0°,printed,,,ISO 527-2/1A,rate=1 mm/min,Mechanical properties / Tensile,"Test performed at 1mm/min on 3D printed test specimins at 0°, along with the tension stress.",text,not-required,,,reader-r1-15,high,,heading above the 0° tensile rows
batch-15.csv#735,context,context,R-NANOVIA-PA-Rail-ac7021,1,G049-08,Nanovia PA Rail,tensile,Tensile +45°/-45°,,,,,,+45°/-45°,printed,,,ISO 527-2/1A,rate=1 mm/min,Mechanical properties / Tensile,Test performed at 1mm/min on 3D printed test specimins successively at 45° and -45° per layer.,text,not-required,,,reader-r1-15,high,,heading above the +45°/-45° tensile rows
batch-15.csv#739,context,context,R-NANOVIA-PA-Rail-ac7021,1,G049-08,Nanovia PA Rail,tensile,Tensile 90°,,,,,,90°,printed,,,ISO 527-2/1A,rate=1 mm/min,Mechanical properties / Tensile,"Test performed at 1mm/min on 3D printed test specimins at 90°, oposite to the tension stress.",text,not-required,,,reader-r1-15,high,,heading above the 90° tensile rows
batch-15.csv#767,context,context,R-NANOVIA-PC-PTFE,1,G112-02,Nanovia PC-PTFE,tensile,Tensile 0°,,,,,,0°,printed,,,ISO 527-2/1A,rate=1 mm/min,Mechanical properties / Tensile,"Test performed at 1mm/min on 3D printed test specimins at 0°, along with the tension stress.",text,not-required,,,reader-r1-15,high,,heading above the 0° tensile rows
batch-15.csv#792,context,context,R-NANOVIA-PLA-Flax,1,G152-02,Nanovia PLA Flax,tensile,Tensile 0°,,,,,,0°,printed,,,ISO 527-2/1A,rate=1 mm/min,Mechanical properties / Tensile,"Test performed at 1mm/min on 3D printed test specimins at 0°, along with the tension stress.",text,not-required,,,reader-r1-15,high,,heading above the 0° tensile rows
batch-15.csv#796,context,context,R-NANOVIA-PLA-Flax,1,G152-02,Nanovia PLA Flax,tensile,Tensile +45°/-45°,,,,,,+45°/-45°,printed,,,ISO 527-2/1A,rate=1 mm/min,Mechanical properties / Tensile,Test performed at 1mm/min on 3D printed test specimins successively at 45° and -45° per layer.,text,not-required,,,reader-r1-15,high,,heading above the +45°/-45° tensile rows
batch-15.csv#800,context,context,R-NANOVIA-PLA-Flax,1,G152-02,Nanovia PLA Flax,tensile,Tensile 90°,,,,,,90°,printed,,,ISO 527-2/1A,rate=1 mm/min,Mechanical properties / Tensile,"Test performed at 1mm/min on 3D printed test specimins at 90°, oposite to the tension stress.",text,not-required,,,reader-r1-15,high,,heading above the 90° tensile rows
batch-15.csv#812,context,context,R-NANOVIA-PRIORITY-20261002-a570add2d2c7,1,G049-08,Nanovia PA Rail,all,Classification standard,,,,,,,,,,EN 45545-2 (10/2020),,,Classification standard : EN 45545-2 (10/2020) Railway applications - Fire protection on railway vehicles Part 2: Requirements for fire behavior of materials and components,text,not-required,,,reader-r1-15,high,no-held-rows-on-page-in-scope,
batch-15.csv#819,context,context,R-NANOVIA-PRIORITY-20261002-a570add2d2c7,2,G049-08,Nanovia PA Rail,all,Requirements R22 / R23,,,,,,,,,,EN 45545-2,,Requirements,"Requirement set R 22 / R 23: T01 EN ISO 4589-2 OI (%) HL1 ≥ 28 HL2 ≥ 28 HL3 ≥ 32; T10.03 EN ISO 5659-2: 25 kW/m2 Ds max. (-) ...; T12 NF X 70-100-1/-2: 600 °C CITNLP (-) ... Performance HL1, HL2, HL3",visual-only,agreed,,,reader-r1-15,high,no-held-rows-on-page-in-scope quote-not-on-page,"table of EN 45545-2 limits per hazard level for R22 and R23 (standard requirements, not product values) with Performance HL1, HL2, HL3 for all; not transcribed value by value"
batch-16.csv#80,context,context,R-NINJATEK-Armadillo-TDS,1,,,tensile,Test Specimen Details,Tensile (D638): Dogbone Style IV 100% fill diagonal line fill,,,,,,printed,,,ASTM D638,infill=100%; extrusion multiplier=1.05; nozzle=0.75mm; printer=TAZ5,Test Specimen Details (by ASTM Test Number),"All printed specimens were created using the TAZ5 printer 0.75mm nozzle. | Tensile (D638): Dogbone Style IV, 100% fill, diagonal line fill. | For ASTM D638 tests, the extrusion multiplier is 1.05.",text,not-required,,,reader-r1-16,high,,
batch-16.csv#81,context,context,R-NINJATEK-Armadillo-TDS,1,,,impact,Test Specimen Details,Impact (D256): Un-notched test specimen notch added post print by testing facility,,,,,,printed,,notch added post print,ASTM D256,,Test Specimen Details (by ASTM Test Number),Impact (D256): Un-notched test specimen | notch added post print by testing facility.,text,not-required,,,reader-r1-16,high,,
batch-16.csv#82,context,context,R-NINJATEK-Armadillo-TDS,1,,,physical,Moisture (D570),Moisture (D570): 30g of filament tested in moisture analyzer evaluated at 125°C until the mass change is < 0.005% over 1 minute.,,,,,,filament,,,ASTM D570,temp=125°C,Test Specimen Details (by ASTM Test Number),Moisture (D570): 30g of filament tested in moisture analyzer evaluated at | 125°C until the mass change is < 0.005% over 1 minute.,text,not-required,,V007167(specimen),reader-r1-16,high,,
batch-16.csv#83,context,context,R-NINJATEK-Armadillo-TDS,1,,,all,Footnote,Specific Gravity and Hardness are innate characteristics of the material.,,,,,,,,,,,,Specific Gravity and Hardness are innate characteristics of the material.,text,not-required,,,reader-r1-16,high,,
batch-16.csv#84,context,context,R-NINJATEK-Armadillo-TDS,1,,,thermal,Footnote,Impact Strength and Heat Deflection Temperature results were both provided by an accredited university testing laboratory.,,,,,,,,,,,,Impact Strength and Heat Deflection Temperature results were both provided by an accredited university testing laboratory.,text,not-required,,,reader-r1-16,high,,
batch-16.csv#118,context,context,R-NINJATEK-TDS-EEL-Revision1-26-06-V1,1,,,all,Dry / COND VALUE*,DRY: Dry As Molded (DAM) if pellet / Dry if powder. COND: Conditioned.,,,,,,,Dry / Conditioned,,,,Mechanical Properties,*DRY: Dry As Molded (DAM) if pellet / Dry if powder. | COND: Conditioned.,text,not-required,,V012286(moisture=conditioned),reader-r1-16,high,contradicts:V011505:moisture contradicts:V011506:moisture contradicts:V011508:moisture,each cell prints Dry / COND
batch-16.csv#151,context,context,R-POLYMAKER-PANCHROMA-TDS-V2-1,1,,,all,DATA TABLE,Testing method of Vicat softening temperature is ISO 306. Testing method of Young’s modulus and Tensile strength is ISO 527. Testing method of Notched Charpy impact strength is ISO 179.,,,,,,,,,ISO 306; ISO 527; ISO 179,,DATA TABLE,1. Testing method of Vicat softening temperature is ISO 306. Testing method of Young’s modulus and Tensile strength is | ISO 527. Testing method of Notched Charpy impact strength is ISO 179.,text,not-required,,,reader-r1-16,high,no-held-rows-on-page-in-scope,
batch-16.csv#152,context,context,R-POLYMAKER-PANCHROMA-TDS-V2-1,1,,,tensile,HOW TO MAKE SPECIMENS,Infill 100%; Printing temperature 230°C; Environmental temperature Ambient; Bed temperature 50°C; Cooling fan ON; Shell 2; Top & bottom layer 3,,,,,,printed,,,ISO 527,infill=100%; nozzle=230 °C; bed=50 °C; fan=ON; shell=2; top and bottom layers=3; ambient=Ambient,HOW TO MAKE SPECIMENS,Printing temperature 230°C | Bed temperature 50°C | Shell 2 | Top & bottom layer 3 | Infill 100% | Environmental temperature Ambient | Cooling fan ON,text,not-required,,,reader-r1-16,high,no-held-rows-on-page-in-scope,tensile and impact specimens (ISO 527 / ISO 179 drawings)
batch-16.csv#153,context,context,R-POLYMAKER-PANCHROMA-TDS-V2-1,1,,,impact,HOW TO MAKE SPECIMENS,Infill 100%; Printing temperature 230°C; Environmental temperature Ambient; Bed temperature 50°C; Cooling fan ON; Shell 2; Top & bottom layer 3,,,,,,printed,,,ISO 179,infill=100%; nozzle=230 °C; bed=50 °C; fan=ON; shell=2; top and bottom layers=3; ambient=Ambient,HOW TO MAKE SPECIMENS,Printing temperature 230°C | Bed temperature 50°C | Shell 2 | Top & bottom layer 3 | Infill 100% | Environmental temperature Ambient | Cooling fan ON,text,not-required,,,reader-r1-16,high,no-held-rows-on-page-in-scope,
batch-16.csv#208,context,context,S-PANCHROMA-TM-COPE-PAGE,1,,,all,Print Settings,Based on 0.4 mm nozzle. Printing conditions may vary with different nozzle diameters,,,,,,,,,,nozzle_diameter=0.4 mm,Print Settings,Based on 0.4 mm nozzle. Printing conditions may vary with different nozzle diameters,text,not-required,,,reader-r1-16,high,no-held-rows-on-page-in-scope,
batch-16.csv#245,context,context,S-POLYCN-PolyLite-PLA-CF-TDS-US-5-1,4,,,all,RECOMMENDED PRINTING CONDITIONS,* Based on 0.4 mm nozzle and Simplify 3D v.4.0. Printing conditions may vary with different nozzle diameters,,,,,,,,,,nozzle_diameter=0.4 mm,RECOMMENDED PRINTING CONDITIONS,* Based on 0.4 mm nozzle and Simplify 3D v.4.0.  Printing conditions may vary with different nozzle diameters,text,not-required,,,reader-r1-16,high,,
batch-16.csv#258,context,context,S-POLYCN-PolyLite-PLA-CF-TDS-US-5-1,5,,,all,HOW TO MAKE SPECIMENS,*All specimens were conditioned at room temperature for 24h prior to testing,,,,,,,conditioned room temperature 24h,,,,HOW TO MAKE SPECIMENS,*All specimens were conditioned at room temperature for 24h prior to testing,text,not-required,,,reader-r1-16,high,no-held-rows-on-page-in-scope,
batch-16.csv#259,context,context,S-POLYCN-PolyLite-PLA-CF-TDS-US-5-1,5,,,tensile,HOW TO MAKE SPECIMENS,Printing temperature 195 °C; Bed temperature 60 °C; Shell 2; Top & bottom layer 4; Infill 100%; Environmental temperature 25 °C; Cooling fan ON,,,,,,printed,,,"ISO 527, GB/T 1040",nozzle=195 °C; bed=60 °C; shell=2; top and bottom layers=4; infill=100%; ambient=25 °C; fan=ON,HOW TO MAKE SPECIMENS,Printing temperature 195 °C | Bed temperature 60 °C | Shell 2 | Top & bottom layer 4 | Infill 100% | Environmental temperature 25 °C | Cooling fan ON,text,not-required,,,reader-r1-16,high,no-held-rows-on-page-in-scope,tensile specimen drawing with Z axis shown
batch-16.csv#260,context,context,S-POLYCN-PolyLite-PLA-CF-TDS-US-5-1,5,,,flexural,HOW TO MAKE SPECIMENS,Printing temperature 195 °C; Bed temperature 60 °C; Shell 2; Top & bottom layer 4; Infill 100%; Environmental temperature 25 °C; Cooling fan ON,,,,,,printed,,,"ISO 178, GB/T 9341",nozzle=195 °C; bed=60 °C; shell=2; top and bottom layers=4; infill=100%; ambient=25 °C; fan=ON,HOW TO MAKE SPECIMENS,Printing temperature 195 °C | Bed temperature 60 °C | Shell 2 | Top & bottom layer 4 | Infill 100% | Environmental temperature 25 °C | Cooling fan ON,text,not-required,,,reader-r1-16,high,no-held-rows-on-page-in-scope,
batch-16.csv#261,context,context,S-POLYCN-PolyLite-PLA-CF-TDS-US-5-1,5,,,impact,HOW TO MAKE SPECIMENS,Printing temperature 195 °C; Bed temperature 60 °C; Shell 2; Top & bottom layer 4; Infill 100%; Environmental temperature 25 °C; Cooling fan ON,,,,,,printed,,,"ISO 179, GB/T 1043",nozzle=195 °C; bed=60 °C; shell=2; top and bottom layers=4; infill=100%; ambient=25 °C; fan=ON,HOW TO MAKE SPECIMENS,Printing temperature 195 °C | Bed temperature 60 °C | Shell 2 | Top & bottom layer 4 | Infill 100% | Environmental temperature 25 °C | Cooling fan ON,text,not-required,,,reader-r1-16,high,no-held-rows-on-page-in-scope,notched 45° specimen drawing
batch-16.csv#290,context,context,S-POLYCN-Polymaker-HT-PLA-GF-TDS-EN-V1-1,4,,,all,MECHANICAL PROPERTIES (as printed),MECHANICAL PROPERTIES (as printed),,,,,,,,as printed,,,MECHANICAL PROPERTIES (as printed),MECHANICAL PROPERTIES (as printed),visual-only,agreed,,,reader-r1-16,high,contradicts:V000365:treatment contradicts:V000366:treatment contradicts:V000367:treatment contradicts:V000368:treatment contradicts:V000369:treatment contradicts:V000370:treatment contradicts:V000371:treatment contradicts:V000372:treatment contradicts:V000373:treatment contradicts:V000374:treatment contradicts:V000375:treatment contradicts:V000376:treatment quote-not-on-page,
batch-16.csv#291,context,context,S-POLYCN-Polymaker-HT-PLA-GF-TDS-EN-V1-1,4,,,all,MECHANICAL PROPERTIES (after annealing),MECHANICAL PROPERTIES (after annealing),,,,,,,,after annealing,,,MECHANICAL PROPERTIES (after annealing),MECHANICAL PROPERTIES (after annealing),visual-only,agreed,,,reader-r1-16,high,contradicts:V000354:treatment contradicts:V000355:treatment contradicts:V000356:treatment contradicts:V000357:treatment contradicts:V000358:treatment contradicts:V000359:treatment contradicts:V000360:treatment contradicts:V000361:treatment contradicts:V000362:treatment contradicts:V000363:treatment contradicts:V000364:treatment contradicts:V002050:treatment quote-not-on-page,annealing schedule not stated for the table; recommended 100°C 30 mins on page 5
batch-16.csv#329,context,context,S-POLYCN-Polymaker-HT-PLA-GF-TDS-EN-V1-1,5,,,all,RECOMMENDED PRINTING CONDITIONS,*Based on 0.4mm nozzle. Printing conditions may vary with different nozzle diameters.,,,,,,,,,,nozzle_diameter=0.4mm,RECOMMENDED PRINTING CONDITIONS,*Based on 0.4mm nozzle. Printing conditions may vary with different nozzle diameters.,text,not-required,,,reader-r1-16,high,no-held-rows-on-page-in-scope,
batch-16.csv#331,context,context,S-POLYCN-Polymaker-HT-PLA-GF-TDS-EN-V1-1,6,,,all,HOW TO MAKE SPECIMENS,Printing temperature 230°C; Bed temperature 50°C; Shell 2; Top & bottom layer 3; Infill 100%; Environmental temperature Ambient temperature; Cooling fan ON,,,,,,printed,,,,nozzle=230°C; bed=50°C; shell=2; top and bottom layers=3; infill=100%; ambient=Ambient temperature; fan=ON,HOW TO MAKE SPECIMENS,Printing temperature 230°C | Bed temperature 50°C | Shell 2 | Top & bottom layer 3 | Infill 100% | Environmental temperature Ambient temperature | Cooling fan ON,text,not-required,,,reader-r1-16,high,no-held-rows-on-page-in-scope,
batch-16.csv#351,context,context,S-POLYCN-TDS-Polymaker-HT-PLA-GF-V1-2-2025-12-09-EN,1,,,all,MECHANICAL PROPERTIES (as printed),(as printed),,,,,,,,as printed,,,MECHANICAL PROPERTIES (as printed),MECHANICAL PROPERTIES | (as printed),text,not-required,,V003541(treatment=as-printed) V003542(treatment=as-printed) V003543(treatment=as-printed),reader-r1-16,high,contradicts:V003553:treatment,
batch-16.csv#352,context,context,S-POLYCN-TDS-Polymaker-HT-PLA-GF-V1-2-2025-12-09-EN,1,,,all,MECHANICAL PROPERTIES (after annealing),(after annealing),,,,,,,,after annealing,,,MECHANICAL PROPERTIES (after annealing),MECHANICAL PROPERTIES | (after annealing),text,not-required,,V003541(treatment=annealed) V003542(treatment=annealed) V003543(treatment=annealed),reader-r1-16,high,contradicts:V003544:treatment contradicts:V003545:treatment contradicts:V003546:treatment contradicts:V003547:treatment contradicts:V003548:treatment contradicts:V003549:treatment contradicts:V003550:treatment contradicts:V003551:treatment contradicts:V003552:treatment,annealing schedule not stated for the table; recommended 100°C 30 mins in printing conditions
batch-16.csv#394,context,context,S-POLYCN-TDS-Polymaker-HT-PLA-GF-V1-2-2025-12-09-EN,1,,,all,RECOMMENDED PRINTING CONDITIONS,*Based on 0.4mm nozzle. Printing conditions may vary with different nozzle diameters.,,,,,,,,,,nozzle_diameter=0.4mm,RECOMMENDED PRINTING CONDITIONS,*Based on 0.4mm nozzle. Printing conditions | may vary with different nozzle diameters.,text,not-required,,,reader-r1-16,high,,
batch-16.csv#396,context-held,context,S-POLYCN-TDS-Polymaker-HT-PLA-GF-V1-2-2025-12-09-EN,1,,,tensile,HOW TO MAKE SPECIMENS,Printing temperature 230°C; Bed temperature 50°C; Shell 2; Top & bottom layer 3; Infill 100%; Environmental Temperature Ambient; Cooling fan ON,,,,,,printed,,,"ISO 527, GB/T 1040",nozzle=230°C; bed=50°C; shell=2; top and bottom layers=3; infill=100%; ambient=Ambient; fan=ON,HOW TO MAKE SPECIMENS,Printing temperature 230°C | Bed temperature 50°C | Top & bottom layer 3 | Environmental Temperature Ambient | Infill 100% | Shell 2 | Cooling fan ON,text,not-required,PC00106,V003545(specimen) V003546(specimen) V003547(specimen) V003548(specimen) V003549(specimen) V003550(specimen),reader-r1-16,high,,
batch-16.csv#397,context-held,context,S-POLYCN-TDS-Polymaker-HT-PLA-GF-V1-2-2025-12-09-EN,1,,,flexural,HOW TO MAKE SPECIMENS,Printing temperature 230°C; Bed temperature 50°C; Shell 2; Top & bottom layer 3; Infill 100%; Environmental Temperature Ambient; Cooling fan ON,,,,,,printed,,,"ISO 178, GB/T 9341",nozzle=230°C; bed=50°C; shell=2; top and bottom layers=3; infill=100%; ambient=Ambient; fan=ON,HOW TO MAKE SPECIMENS,Printing temperature 230°C | Bed temperature 50°C | Top & bottom layer 3 | Environmental Temperature Ambient | Infill 100% | Shell 2 | Cooling fan ON,text,not-required,PC00107,V003551(specimen) V003553(specimen),reader-r1-16,high,,
batch-16.csv#398,context-held,context,S-POLYCN-TDS-Polymaker-HT-PLA-GF-V1-2-2025-12-09-EN,1,,,impact,HOW TO MAKE SPECIMENS,Printing temperature 230°C; Bed temperature 50°C; Shell 2; Top & bottom layer 3; Infill 100%; Environmental Temperature Ambient; Cooling fan ON,,,,,,printed,,,"ISO 179, GB/T 1043",nozzle=230°C; bed=50°C; shell=2; top and bottom layers=3; infill=100%; ambient=Ambient; fan=ON,HOW TO MAKE SPECIMENS,Printing temperature 230°C | Bed temperature 50°C | Top & bottom layer 3 | Environmental Temperature Ambient | Infill 100% | Shell 2 | Cooling fan ON,text,not-required,PC00108,V003552(specimen),reader-r1-16,high,,
batch-16.csv#399,context,context,S-POLYCN-TDS-Polymaker-HT-PLA-GF-V1-2-2025-12-09-EN,1,,,thermal,HDT CURVE,*Curve results are the average of 3 samples (as printed); HDT curves 0.45 MPa and 1.8 MPa as printed and annealed,,,,,,,,,,,HDT CURVE,*Curve results are the average of 3 samples,text,not-required,,,reader-r1-16,medium,,small footnote; image tiny
batch-16.csv#449,context-held,context,S-POLYCN-TDS-Polymaker-Polylite-PLA-CF-V6-0-2026-06-09-EN,1,,,tensile,HOW TO MAKE SPECIMENS,,,,,,,printed,,,"ISO 527, GB/T 1040",,HOW TO MAKE SPECIMENS,Printing temperature 230°C Infill 100% | Bed temperature 50°C Shell 2 | Top & bottom layer 3 Cooling fan ON | Environmental Temperature Ambient,text,not-required,PC00091,V003420(specimen) V003421(specimen) V003422(specimen) V003423(specimen) V003424(specimen) V003425(specimen),reader-r1-16-b,high,,specimen print settings shown under tensile testing specimen
batch-16.csv#450,context-held,context,S-POLYCN-TDS-Polymaker-Polylite-PLA-CF-V6-0-2026-06-09-EN,1,,,flexural,HOW TO MAKE SPECIMENS,,,,,,,printed,,,"ISO 178, GB/T 9341",,HOW TO MAKE SPECIMENS,Printing temperature 230°C Infill 100% | Bed temperature 50°C Shell 2 | Top & bottom layer 3 Cooling fan ON | Environmental Temperature Ambient,text,not-required,PC00092,V003426(specimen) V003427(specimen),reader-r1-16-b,high,,specimen print settings shown under flexural testing specimen
batch-16.csv#451,context,context,S-POLYCN-TDS-Polymaker-Polylite-PLA-CF-V6-0-2026-06-09-EN,1,,,impact,HOW TO MAKE SPECIMENS,,,,,,,printed,,,"ISO 179, GB/T 1043",,HOW TO MAKE SPECIMENS,Printing temperature 230°C Infill 100% | Bed temperature 50°C Shell 2 | Top & bottom layer 3 Cooling fan ON | Environmental Temperature Ambient,text,not-required,,,reader-r1-16-b,high,,specimen print settings shown under impact testing specimen
batch-16.csv#506,context,context,S-SILK-PLA-PAGE,1,,,all,Properties,,,,,,,,,,,,Mechanical Properties,"Tested on 100% infill specimens. X-Y = across the layers, Z = between the layers (layer adhesion).",text,not-required,,,reader-r1-16-b,high,,"footnote under the mechanical properties table: 100% infill specimens; X-Y across the layers, Z between the layers"
batch-16.csv#533,context,context,R-QIDI-PLA-CF,2,,,all,Specimens printed under the following conditions,,,,,,,printed,,,,nozzle=220℃; bed=50℃; print speed=200mm/s; infill=100%; infill angle=±45°,Material Properties,"Specimens printed under the following conditions: Nozzle temp 220℃, Bed temp 50℃, Print speed 200mm/s, Infill 100%, Infill angle ±45°",text,not-required,,,reader-r1-16-b,high,,footnote under the properties table (Chinese line above it says the same); the context mentions no moisture or annealing
batch-16.csv#566,context,context,D-RAISE3D-P-filament-721-Technical-Data-Sheet-eng-04-20-2021,2,,,tensile,Mechanical properties: Tensile test,,,,,,90° and 0° to the nozzle movement direction,punched out of printed square tubes,,,,nozzle=210 °C; bed=70 °C; chamber=70 °C; print speed=30 mm/s; printer=Raise Pro; dog bone=S 3A,Mechanical properties: Tensile test,"All specimens were punched out of printed square tubes consisting of two shells, which were 3D printed with a Raise Pro 3D printer and applying the following printing conditions: Nozzle temperature: 210 °C; Bed temperature: 70 °C; Chamber temperature: 70 °C; Printing speed: 30 mm/s.",visual-only,agreed,,,reader-r1-16-b,high,no-held-rows-on-page-in-scope quote-not-on-page,direction column heads: punched dog bone: S 3A with an orientation of 90 ° / 0 ° to the nozzle movement direction
batch-16.csv#586,context,context,D-RAISE3D-P-filament-721-Technical-Data-Sheet-eng-04-20-2021,3,,,all,Annotation,,,,,,,punched out of printed square tubes,,,,printer slicer=Slic3r 1.3.0,Annotation,The data and properties presented here are averages of a standard batch. The 3D printed | square tubes from which the specimens were punched out were produced in Slic3r version | 1.3.0.,text,not-required,,,reader-r1-16-b,high,no-held-rows-on-page-in-scope,
batch-17.csv#5,context,context,R-RECREUS-Conductive-Filaflex,1,G157-01,CONDUCTIVE FILAFLEX,physical,Physical Property,,,,,,,,,,,,Physical Property,Physical Property Value | Unit | Test method according to,visual-only,agreed,,,reader-r1-17,high,quote-not-on-page,
batch-17.csv#11,context,context,R-RECREUS-Conductive-Filaflex,2,G157-01,CONDUCTIVE FILAFLEX,thermal,Thermal Property,,,,,,,,,,,,Thermal Property,Thermal Property Value Unit Test method according to,visual-only,agreed,,,reader-r1-17,high,quote-not-on-page,
batch-17.csv#90,context-held,context,R-RECREUS-Filaflex-95-Foamy,3,G150-03,FILAFLEX 95 FOAMY,physical,Physical Property*,,,,,,,non-foamed filament,,,,,Physical Property*,"* Values refer to the characterization of the non-foamed filament, which may vary depending | on the printing parameters.",text,not-required,PC00291,V010139(specimen),reader-r1-17,high,,footnote under the Physical Property* table; flagged scope physical
batch-17.csv#91,context-held,context,R-RECREUS-Filaflex-95-Foamy,3,G150-03,FILAFLEX 95 FOAMY,tensile,Mechanical Property*,,,,,,,non-foamed filament,,,,,Mechanical Property*,"* Values refer to the characterization of the non-foamed filament, which may vary depending | on the printing parameters.",text,not-required,PC00292,V010140(specimen) V010141(specimen),reader-r1-17,high,,footnote under the Mechanical Property* table; flagged scope tensile
batch-17.csv#92,context,context,R-RECREUS-Filaflex-95-Foamy,3,G150-03,FILAFLEX 95 FOAMY,thermal,Thermal Property*,,,,,,,non-foamed filament,,,,,Thermal Property*,"* Values refer to the characterization of the non-foamed filament, which may vary depending | on the printing parameters.",text,not-required,,,reader-r1-17,high,no-held-rows-on-page-in-scope,footnote under the Thermal Property* table; flagged scope thermal
batch-17.csv#180,context,context,R-RECREUS-FILAFLEX-95A-FOAMY-TECHNICAL-DATA-SHEET-TDS-2024,1,G150-01,FILAFLEX FOAMY,thermal,Mechanical Property (1),,,,,,,non-foamed filament,,,,,Mechanical Property (1),(1) Characterization of the non-foamed filament that can be affected depending on the printing parameters.,text,not-required,,,reader-r1-17,high,no-held-rows-on-page-in-scope,"footnote (1) belongs to the Mechanical Property table, which also holds VST; scope also tensile"
batch-17.csv#181,context-held,context,R-RECREUS-FILAFLEX-95A-FOAMY-TECHNICAL-DATA-SHEET-TDS-2024,1,G150-01,FILAFLEX FOAMY,tensile,Mechanical Property (1),,,,,,,non-foamed filament,,,,,Mechanical Property (1),(1) Characterization of the non-foamed filament that can be affected depending on the printing parameters.,text,not-required,PC00293,V010001(specimen) V010002(specimen),reader-r1-17,high,,
batch-17.csv#206,context,context,R-RECREUS-FILAFLEX-FOAMY-TECHNICAL-DATA-SHEET-TDS-2023,1,G150-01,FILAFLEX FOAMY,thermal,Mechanical Property (1),,,,,,,non-foamed filament,,,,,Mechanical Property (1),(1) Characterization of the non-foamed filament that can be affected depending on the printing parameters.,text,not-required,,,reader-r1-17,high,no-held-rows-on-page-in-scope,"footnote (1) belongs to the Mechanical Property table, which also holds VST; scope also tensile"
batch-17.csv#207,context,context,R-RECREUS-FILAFLEX-FOAMY-TECHNICAL-DATA-SHEET-TDS-2023,1,G150-01,FILAFLEX FOAMY,tensile,Mechanical Property (1),,,,,,,non-foamed filament,,,,,Mechanical Property (1),(1) Characterization of the non-foamed filament that can be affected depending on the printing parameters.,text,not-required,,,reader-r1-17,high,no-held-rows-on-page-in-scope,
batch-17.csv#225,context-held,context,R-RECREUS-Filaflex-Foamy,3,G150-01,FILAFLEX FOAMY,physical,Physical Property*,,,,,,,non-foamed filament,,,,,Physical Property*,"* Values refer to the characterization of the non-foamed filament, which may vary depending on the | printing parameters.",text,not-required,PC00294,V010014(specimen),reader-r1-17,high,,footnote under the Physical Property* table
batch-17.csv#226,context-held,context,R-RECREUS-Filaflex-Foamy,3,G150-01,FILAFLEX FOAMY,tensile,Mechanical Property*,,,,,,,non-foamed filament,,,,,Mechanical Property*,"* Values refer to the characterization of the non-foamed filament, which may vary depending on the | printing parameters.",text,not-required,PC00295,V010015(specimen) V010016(specimen),reader-r1-17,high,,footnote under the Mechanical Property* table
batch-17.csv#227,context,context,R-RECREUS-Filaflex-Foamy,3,G150-01,FILAFLEX FOAMY,thermal,Thermal Property*,,,,,,,non-foamed filament,,,,,Thermal Property*,"* Values refer to the characterization of the non-foamed filament, which may vary depending on the | printing parameters.",text,not-required,,,reader-r1-17,high,no-held-rows-on-page-in-scope,footnote under the Thermal Property* table
batch-17.csv#469,context,context,S-PCGF-TDS-1,2,G038-01,PC-GF,all,DISCLAIMER,,,,,,,,,,,,DISCLAIMER,"3D-printed part performance varies with | print parameters, geometry, orientation, and post-processing.",text,not-required,,,reader-r1-17,high,no-held-rows-on-page-in-scope,disclaimer only; states no conditions for the table
batch-17.csv#517,context,context,D-SIRAYA-siraya-tech-flex-tpu-air-tds,1,,Flex TPU Air,all,Mechanical Properties  Print @ 240C,,,,,,,printed,,,,print temperature=240C,Mechanical Properties  Print @ 240C  Print @ 250C  Method,Mechanical Properties  Print @ 240C  Print @ 250C  Method,text,not-required,,V009311(specimen) V009999(specimen) V012335(specimen) V012336(specimen) V012337(specimen) V012338(specimen),reader-r1-17,high,,column heading: values in this column were printed at 240°C (printed from the nozzle at that temperature)
batch-17.csv#531,context,context,D-SIRAYA-siraya-tech-flex-tpu-air-tds,1,,Flex TPU Air,all,Mechanical Properties  Print @ 260C,,,,,,,printed,,,,print temperature=260C,Mechanical Properties  Print @ 260C  Print @ 270C  Method,Mechanical Properties  Print @ 260C  Print @ 270C  Method,text,not-required,,V009311(specimen) V009999(specimen) V012335(specimen) V012336(specimen) V012337(specimen) V012338(specimen),reader-r1-17,high,,column heading: values in this column were printed at 260°C (printed from the nozzle at that temperature)
batch-18.csv#8,context,context,S-SPECTRUM-en-tds-pa6-neat-nt,1,,,tensile,Mechanical Properties at 23°C / 50% rh,,,,,,,,dry,,Mechanical Properties at 23°C / 50% rh,temp=23 °C; humidity=50 % rh,Mechanical Properties at 23°C / 50% rh,new,text,not-required,,,reader-r1-18,high,,heading above mechanical rows; rows themselves say dry
batch-18.csv#9,context,context,S-SPECTRUM-en-tds-pa6-neat-nt,1,,,impact,Mechanical Properties at 23°C / 50% rh,,,,,,,,dry,,Mechanical Properties at 23°C / 50% rh,temp=23 °C; humidity=50 % rh,Mechanical Properties at 23°C / 50% rh,new,text,not-required,,,reader-r1-18,high,,
batch-18.csv#39,context,context,S-SPECTRUM-en-tds-spectrum-pa6-neat-bk,1,,,tensile,Mechanical Properties at 23°C / 50% rh,,,,,,,,,,Mechanical Properties at 23°C / 50% rh,temp=23 °C; humidity=50 % rh,Mechanical Properties at 23°C / 50% rh,new,text,not-required,,,reader-r1-18,high,,heading above mechanical rows; rows themselves say dry
batch-18.csv#40,context,context,S-SPECTRUM-en-tds-spectrum-pa6-neat-bk,1,,,impact,Mechanical Properties at 23°C / 50% rh,,,,,,,,,,Mechanical Properties at 23°C / 50% rh,temp=23 °C; humidity=50 % rh,Mechanical Properties at 23°C / 50% rh,new,text,not-required,,,reader-r1-18,high,,
batch-18.csv#75,context,context,S-SPECTRUM-en-tds-spectrum-abs-kevlar,1,,,tensile,*speed 5mm/min,,,,,,,,,,,rate=5 mm/min,Mechanical Properties,*speed 5mm/min,text,not-required,,,reader-r1-18,high,,new; footnote on rows marked *
batch-18.csv#98,context,context,S-SPECTRUM-en-tds-spectrum-asa-kevlar,1,,,impact,*injection moulding,,,,,,,injection moulding,,,Mechanical properties,,*injection moulding,new,text,not-required,,,reader-r1-18,high,,"footnote marks the * rows (impact, tensile, Vicat, HDT)"
batch-18.csv#99,context,context,S-SPECTRUM-en-tds-spectrum-asa-kevlar,1,,,tensile,*injection moulding,,,,,,,injection moulding,,,Mechanical properties,,*injection moulding,new,text,not-required,,,reader-r1-18,high,,
batch-18.csv#100,context,context,S-SPECTRUM-en-tds-spectrum-asa-kevlar,1,,,thermal,*injection moulding,,,,,,,injection moulding,,,Thermal properties,,*injection moulding,new,text,not-required,,,reader-r1-18,high,,
batch-18.csv#126,context,context,S-SPECTRUM-EN-TDS-Spectrum-ecoPET-9021,1,,,all,Mechanical properties (at 23°C),,,,,,,,,,,temp=23 °C,Mechanical properties (at 23°C),Mechanical properties (at 23°C),text,not-required,,,reader-r1-18,high,,new
batch-18.csv#127,context,context,S-SPECTRUM-EN-TDS-Spectrum-ecoPET-9021,1,,,tensile,"* (dry, @ 50 mm/min)",,,,,,,,dry,,,rate=50 mm/min,Mechanical properties (at 23°C),"* (dry, @ 50 mm/min)",text,not-required,,,reader-r1-18,high,,new; footnote on * rows
batch-18.csv#128,context,context,S-SPECTRUM-EN-TDS-Spectrum-ecoPET-9021,1,,,flexural,"** (dry, @ 10 mm/min)",,,,,,,,dry,,,rate=10 mm/min,Mechanical properties (at 23°C),"** (dry, @ 10 mm/min)",text,not-required,,,reader-r1-18,high,,new; footnote on ** rows
batch-18.csv#199,context,context,S-SPECTRUM-en-tds-spectrum-pa6-cs20-frv0,1,,,tensile,Mechanical Properties at 23°C / 50% rh,,,,,,,,,,Mechanical Properties at 23°C / 50% rh,temp=23 °C; humidity=50 % rh,Mechanical Properties at 23°C / 50% rh,new,text,not-required,,,reader-r1-18,high,,rows themselves say dry
batch-18.csv#227,context,context,S-SPECTRUM-en-tds-spectrum-pa6-gk10,1,,,tensile,Mechanical Properties at 23°C / 50% rh,,,,,,,,,,Mechanical Properties at 23°C / 50% rh,temp=23 °C; humidity=50 % rh,Mechanical Properties at 23°C / 50% rh,new,text,not-required,,,reader-r1-18,high,,rows themselves say dry
batch-18.csv#228,context,context,S-SPECTRUM-en-tds-spectrum-pa6-gk10,1,,,impact,Mechanical Properties at 23°C / 50% rh,,,,,,,,,,Mechanical Properties at 23°C / 50% rh,temp=23 °C; humidity=50 % rh,Mechanical Properties at 23°C / 50% rh,new,text,not-required,,,reader-r1-18,high,,
batch-18.csv#256,context-held,context,S-SPECTRUM-en-tds-spectrum-pa6-low-warp,1,,,tensile,Mechanical Properties (dry),,,,,,,,dry,,,,Mechanical Properties (dry),Mechanical Properties (dry),text,not-required,PC00020,V002987(moisture=dry) V002988(moisture=dry) V002989(moisture=dry),reader-r1-18,high,,"new; heading reads ""Mechanical Properties"" with ""(dry)"" in the value column; held as PC00020"
batch-18.csv#257,context-held,context,S-SPECTRUM-en-tds-spectrum-pa6-low-warp,1,,,flexural,Mechanical Properties (dry),,,,,,,,dry,,,,Mechanical Properties (dry),Mechanical Properties (dry),text,not-required,PC00021,V002990(moisture=dry) V002991(moisture=dry),reader-r1-18,high,,new
batch-18.csv#258,context-held,context,S-SPECTRUM-en-tds-spectrum-pa6-low-warp,1,,,impact,Mechanical Properties (dry),,,,,,,,dry,,,,Mechanical Properties (dry),Mechanical Properties (dry),text,not-required,PC00022,V002992(moisture=dry),reader-r1-18,high,,new
batch-18.csv#330,context,context,S-SPECTRUM-en-tds-spectrum-petg-ptfe,1,,,impact,*injection moulding,,,,,,,injection moulding,,,,,Mechanical properties,*injection moulding,text,not-required,,,reader-r1-18,high,,"new; footnote on * rows (Charpy, tensile, modulus)"
batch-18.csv#331,context,context,S-SPECTRUM-en-tds-spectrum-petg-ptfe,1,,,tensile,*injection moulding,,,,,,,injection moulding,,,,,Mechanical properties,*injection moulding,text,not-required,,,reader-r1-18,high,,new
batch-18.csv#354,context,context,S-SPECTRUM-en-tds-spectrum-pla-carbon,1,,,impact,Charpy impact strength (sample 80x10x4 mm),,,,,,,,,,,specimen size=80x10x4 mm,Mechanical Properties,Charpy impact strength (sample 80x10x4 mm),text,not-required,,,reader-r1-18,high,,new
batch-18.csv#355,context,context,S-SPECTRUM-en-tds-spectrum-pla-carbon,1,,,tensile,*speed 5mm/min,,,,,,,,,,,rate=5 mm/min,Mechanical Properties,*speed 5mm/min,text,not-required,,,reader-r1-18,high,,new; footnote on the rows marked *
batch-18.csv#427,context,context,S-SPECTRUM-en-tds-spectrum-pp,1,,,tensile,Mechanical Properties at 23°C / 50% rh,,,,,,,,,,Mechanical Properties at 23°C / 50% rh,temp=23 °C; humidity=50 % rh,Mechanical Properties at 23°C / 50% rh,new,text,not-required,,,reader-r1-18,high,,rows themselves say dry
batch-18.csv#428,context,context,S-SPECTRUM-en-tds-spectrum-pp,1,,,impact,Mechanical Properties at 23°C / 50% rh,,,,,,,,,,Mechanical Properties at 23°C / 50% rh,temp=23 °C; humidity=50 % rh,Mechanical Properties at 23°C / 50% rh,new,text,not-required,,,reader-r1-18,high,,
batch-18.csv#480,context,context,S-SPECTRUM-en-tds-spectrum-asa-conductive,1,,,impact,"* at 23°C, injection moulding",,,,,,,injection moulding,,,,,Mechanical,"* at 23°C, injection moulding",text,not-required,,,reader-r1-18,high,,new; footnote on * rows
batch-18.csv#481,context,context,S-SPECTRUM-en-tds-spectrum-asa-conductive,1,,,tensile,"* at 23°C, injection moulding",,,,,,,injection moulding,,,,,Mechanical,"* at 23°C, injection moulding",text,not-required,,,reader-r1-18,high,,new
batch-18.csv#513,context,context,S-SPECTRUM-en-tds-spectrum-pla-conductive,1,,,impact,"* at 23°C, injection moulding",,,,,,,injection moulding,,,,,Mechanical,"* at 23°C, injection moulding",text,not-required,,,reader-r1-18,high,,new; footnote on * rows
batch-18.csv#514,context,context,S-SPECTRUM-en-tds-spectrum-pla-conductive,1,,,tensile,"* at 23°C, injection moulding",,,,,,,injection moulding,,,,,Mechanical,"* at 23°C, injection moulding",text,not-required,,,reader-r1-18,high,,new
batch-18.csv#546,context,context,S-SPECTRUM-en-tds-spectrum-pc-ptfe,1,,,tensile,"* (speed 5mm/min), , at +23°C",,,,,,,,,,,rate=5 mm/min; temp=+23 °C,Mechanical Properties,"* (speed 5mm/min), , at +23°C",text,not-required,,,reader-r1-18,high,,new; footnote on * rows
batch-18.csv#547,context,context,S-SPECTRUM-en-tds-spectrum-pc-ptfe,1,,,tensile,"**(speed 1 mm/min), at +23°C",,,,,,,,,,,rate=1 mm/min; temp=+23 °C,Mechanical Properties,"**(speed 1 mm/min), at +23°C",text,not-required,,,reader-r1-18,high,,new; footnote on ** row (elastic modulus)
batch-18.csv#548,context-held,context,S-SPECTRUM-en-tds-spectrum-pc-ptfe,1,,,thermal,"***50 N (heating rate 50°C/h), injection moulding",,,,,,,injection moulding,,,,,Thermal Properties,"***50 N (heating rate 50°C/h), injection moulding",text,not-required,PC00296,V003067(specimen) V003068(specimen),reader-r1-18,high,,new; footnote on *** row (Vicat)
batch-18.csv#1212,context,context,R-SPECTRUM-PORTFOLIO-2024,4,,,all,Adhesives,"For increased adhesion or to prevent warping: glue stick, Dimafix, 3DLac, Magigoo",,,,,,,,,,,Desktop filaments comparison,"* For increased adhesion or to prevent warping: glue stick, Dimafix, 3DLac, Magigoo",text,not-required,,,reader-r1-18-b,high,,footnote * to the Adhesive column
batch-18.csv#1213,context,context,R-SPECTRUM-PORTFOLIO-2024,4,,,all,Adhesives (1) (2),(1) - Magigoo PA (2) - Magigoo PC,,,,,,,,,,,Desktop filaments comparison,(1) - Magigoo PA (2) - Magigoo PC,text,not-required,,,reader-r1-18-b,high,,
batch-18.csv#1214,context-held,context,R-SPECTRUM-PORTFOLIO-2024,4,,,thermal,Annealed,** annealed,,,,,,,,annealed,,,Desktop filaments comparison,** annealed,text,not-required,PC00388,V012359(treatment=annealed) V012360(treatment=annealed) V012365(treatment=annealed) V012367(treatment=annealed) V012369(treatment=annealed) V012371(treatment=annealed) V012372(treatment=annealed) V012373(treatment=annealed) V012374(treatment=annealed) V012375(treatment=annealed) V012376(treatment=annealed) V012377(treatment=annealed) V012378(treatment=annealed) V012379(treatment=annealed) V012380(treatment=annealed) V012381(treatment=annealed) V012382(treatment=annealed) V012383(treatment=annealed) V012384(treatment=annealed) V012385(treatment=annealed) V012386(treatment=annealed) V012387(treatment=annealed) V012388(treatment=annealed) V012389(treatment=annealed),reader-r1-18-b,high,,"footnote ** marks HDT/VICAT values of Huracan PLA, PLA MATT, PLA Pro"
batch-18.csv#1215,context,context,R-SPECTRUM-PORTFOLIO-2024,4,,,all,Disclaimer,Typical values are indicative only and are not to be construed as binding specifications,,,,,,,,,,,Desktop filaments comparison,"Actual values may vary according to printing conditions, model complexity, environmental conditions, etc. Typical values",text,not-required,,,reader-r1-18-b,high,,"disclaimer on the comparison pages; 1-10 bar ratings (ease of print, toughness, hardness, impact resistance, ultimate tensile strength, elongation at break, heat resistance), high-speed icon and surface finish columns not transcribed"
batch-18.csv#1216,context,context,R-SPECTRUM-PORTFOLIO-2024,5,,,all,Adhesives,"For increased adhesion or to prevent warping: glue stick, Dimafix, 3DLac, Magigoo",,,,,,,,,,,Industrial filaments comparison,"Adhesives: * For increased adhesion or to prevent warping: glue stick, Dimafix, 3DLac, Magigoo",text,not-required,,,reader-r1-18-b,high,,
batch-18.csv#1217,context,context,R-SPECTRUM-PORTFOLIO-2024,5,,,all,Adhesives (1)-(5),(1) - Magigoo PA; (2) - glue stick / Dimafix / 3DLac / Magigoo; (3) - MagigooPP; (4) - MagigooPC; (5) - Magigoo Pro HT,,,,,,,,,,,Industrial filaments comparison,(1) - Magigoo PA; (2) - glue stick / Dimafix / 3DLac / Magigoo; (3) - MagigooPP; (4) - MagigooPC; (5) - Magigoo Pro HT,text,not-required,,,reader-r1-18-b,high,,
batch-18.csv#1218,context,context,R-SPECTRUM-PORTFOLIO-2024,5,,,all,Disclaimer,Typical values are indicative only and are not to be construed as binding specifications,,,,,,,,,,,Industrial filaments comparison,"Actual values may vary according to printing conditions, model complexity, environmental conditions, etc. Typical values",text,not-required,,,reader-r1-18-b,high,,
batch-19.csv#13,context,context,S-SPECTRUM-en-tds-spectrum-sflex-carbon,1,,,all,,*injection moulding,,,,,,injection moulding,,,,,MATERIAL PROPERTIES,*injection moulding,text,not-required,,V004074(specimen) V012401(specimen),reader-r1-19,high,,"footnote marker * on the rows Charpy, Tensile, Elastic modulus, Vicat, HDT"
batch-19.csv#24,context,context,S-SPECTRUM-en-tds-spectrum-sflex-carbon,1,,,all,,* settings are based on a 0.5mm nozzle,,,,,,,,,,nozzle diameter=0.5mm,GUIDELINE FOR PRINT SETTINGS*,* settings are based on a 0.5mm nozzle,text,not-required,,,reader-r1-19,high,,
batch-19.csv#26,context,context,S-SPECTRUM-en-tds-spectrum-sflex-carbon,1,,,all,,** depending on the geometrical complexity,,,,,,,,,,,GUIDELINE FOR PRINT SETTINGS*,** depending on the geometrical complexity,text,not-required,,,reader-r1-19,high,,
batch-19.csv#37,context,context,S-SPECTRUM-en-tds-spectrum-thermatech-pa,1,,,tensile,,Tensile elongation (speed 5mm/min),,,,,,,,,,rate=5mm/min,Tensile elongation (speed 5mm/min),Tensile elongation (speed 5mm/min),text,not-required,,,reader-r1-19,high,,also headings Tensile strength (speed 5mm/min)
batch-19.csv#48,context,context,S-SPECTRUM-en-tds-spectrum-thermatech-pa,1,,,all,,* settings are based on a 0.4mm nozzle,,,,,,,,,,nozzle diameter=0.4mm,GUIDELINE FOR PRINT SETTINGS*,* settings are based on a 0.4mm nozzle,text,not-required,,,reader-r1-19,high,,
batch-19.csv#50,context,context,S-SPECTRUM-en-tds-spectrum-thermatech-pa,1,,,all,,** depending on the geometrical complexity,,,,,,,,,,,GUIDELINE FOR PRINT SETTINGS*,** depending on the geometrical complexity,text,not-required,,,reader-r1-19,high,,
batch-19.csv#70,context,context,S-SPECTRUM-eng-tds-the-filament-pla-cf,1,,,all,,"* settings are based on a 0,4 mm nozzle.",,,,,,,,,,"nozzle diameter=0,4 mm",GUIDELINE FOR PRINT SETTINGS*,"* settings are based on a 0,4 mm nozzle.",text,not-required,,,reader-r1-19,high,,
batch-19.csv#84,context,context,S-SPECTRUM-pl-tds-spectrum-abs-kevlar,1,,,tensile,,*prędkość 5mm/min,,,,,,,,,,rate=5mm/min,Właściwości mechaniczne,*prędkość 5mm/min,text,not-required,,,reader-r1-19,high,no-held-rows-on-page-in-scope,
batch-19.csv#85,context,context,S-SPECTRUM-pl-tds-spectrum-abs-kevlar,1,,,thermal,,"**50 N (szybkość nagrzewania 50°C/h), formowanie wtryskowe",,,,,,formowanie wtryskowe,,,,load=50 N; heating rate=50°C/h,Właściwości termiczne,"**50 N (szybkość nagrzewania 50°C/h), formowanie wtryskowe",text,not-required,,V006475(specimen) V006476(specimen),reader-r1-19,high,,footnote ** is attached to the VICAT row only
batch-19.csv#95,context,context,S-SPECTRUM-pl-tds-spectrum-abs-kevlar,1,,,all,,"* ustawienia oparto na dyszy o średnicy 0,4 mm",,,,,,,,,,"nozzle diameter=0,4 mm",WYTYCZNE DOTYCZĄCE USTAWIEŃ DRUKOWANIA*,"* ustawienia oparto na dyszy o średnicy 0,4 mm",text,not-required,,,reader-r1-19,high,,
batch-19.csv#97,context,context,S-SPECTRUM-pl-tds-spectrum-abs-kevlar,1,,,all,,** w zależności od złożoności geometrycznej,,,,,,,,,,,WYTYCZNE DOTYCZĄCE USTAWIEŃ DRUKOWANIA*,** w zależności od złożoności geometrycznej,text,not-required,,,reader-r1-19,high,,
batch-19.csv#120,context,context,S-SPECTRUM-pl-tds-spectrum-pla-silk-rainbow,1,,,all,,"* ustawienia oparto na dyszy o średnicy 0,4 mm",,,,,,,,,,"nozzle diameter=0,4 mm",WYTYCZNE DOTYCZĄCE USTAWIEŃ DRUKOWANIA*,"* ustawienia oparto na dyszy o średnicy 0,4 mm",text,not-required,,,reader-r1-19,high,no-held-rows-on-page-in-scope,
batch-19.csv#122,context,context,S-SPECTRUM-pl-tds-spectrum-pla-silk-rainbow,1,,,all,,** w zależności od złożoności geometrycznej,,,,,,,,,,,WYTYCZNE DOTYCZĄCE USTAWIEŃ DRUKOWANIA*,** w zależności od złożoności geometrycznej,text,not-required,,,reader-r1-19,high,no-held-rows-on-page-in-scope,
batch-19.csv#138,context,context,S-SPECTRUM-PRINT-20260928-3741c527491c,1,,,all,,"tests were conducted using a 3D-printed specimen with dimensions 4 × 4 × 120 mm (100% infill), at 10 V",,,,,,printed,,,,voltage=10 V; infill=100%,Volume Resistivity Measurements:,"tests were conducted using a 3D-printed specimen with dimensions 4 × 4 × 120 mm (100% infill), at 10 V and three different extrusion temperatures: 270°C, 280°C, and 290°C",text,not-required,,,reader-r1-19,high,no-held-rows-on-page-in-scope,
batch-19.csv#200,context,context,S-SPECTRUM-PRINT-20260928-fbfcc181ccf7,1,,,all,,"* at 23°C, injection moulding",,,,,,injection moulding,,,,temp=23 °C,MATERIAL PROPERTIES,"* at 23°C, injection moulding",text,not-required,,,reader-r1-19,high,,"footnote * on the Charpy, tensile and modulus rows"
batch-19.csv#201,context,context,S-SPECTRUM-PRINT-20260928-fbfcc181ccf7,1,,,tensile,,(5 mm/min),,,,,,,,,,rate=5 mm/min,Mechanical,Tensile elongation At yield (5 mm/min)*,text,not-required,,,reader-r1-19,high,,
batch-19.csv#212,context,context,S-SPECTRUM-PRINT-20260928-fbfcc181ccf7,1,,,all,,* settings are based on a 0.4mm nozzle,,,,,,,,,,nozzle diameter=0.4mm,GUIDELINE FOR PRINT SETTINGS*,* settings are based on a 0.4mm nozzle,text,not-required,,,reader-r1-19,high,,
batch-19.csv#214,context,context,S-SPECTRUM-PRINT-20260928-fbfcc181ccf7,1,,,all,,** depending on the geometrical complexity,,,,,,,,,,,GUIDELINE FOR PRINT SETTINGS*,** depending on the geometrical complexity,text,not-required,,,reader-r1-19,high,,
batch-19.csv#221,context,context,S-SPECTRUM-PRINT-20260928-fbfcc181ccf7,2,,,all,,"3D-printed (100% infill, 0.2mm layer height, BambuLab P1S), specimen withdimensions 4 × 4 × 120 mm, at 10 V",,,,,,printed,,,,voltage=10 V; infill=100%; layer height=0.2mm; printer=BambuLab P1S; specimen=4 × 4 × 120 mm,VOLUME RESISTIVITY MEASUREMENTS,"tests were conducted using a 3D-printed (100% infill, 0.2mm layer height, BambuLab P1S), specimen withdimensions 4 × 4 × 120 mm, at 10 V",text,not-required,,,reader-r1-19,high,no-held-rows-on-page-in-scope,
batch-19.csv#228,context,context,R-3DJAKE-EN-TDS-PETG-Graphene-Light,1,,,all,,(1) Typical properties; not to be construed as specifications.,,,,,,,,,,,Typical Material & Application Properties,(1) Typical properties; not to be construed as specifications.,text,not-required,,,reader-r1-19,high,,
batch-19.csv#234,context,context,R-3DJAKE-EN-TDS-PETG-Graphene-Light,1,,,all,,(1) These are starting points and may need to be optimized.,,,,,,,,,,,Processing Temperature Profile,(1) These are starting points and may need to be optimized.,text,not-required,,,reader-r1-19,high,,
batch-19.csv#245,context,context,R-3DJAKE-EN-TDS-PETG-Graphene-Strong,1,,,all,,(1) Typical properties; not to be construed as specifications.,,,,,,,,,,,Typical Material & Application Properties,(1) Typical properties; not to be construed as specifications.,text,not-required,,,reader-r1-19,high,,
batch-19.csv#251,context,context,R-3DJAKE-EN-TDS-PETG-Graphene-Strong,1,,,all,,(1) These are starting points and may need to be optimized.,,,,,,,,,,,Processing Temperature Profile,(1) These are starting points and may need to be optimized.,text,not-required,,,reader-r1-19,high,,
batch-20.csv#42,context,context,R-STRATASYS-FDM-NYLON12-MDS,1,,,all,,,,,,,,,,,,,cover,The information presented are typical values intended for reference and comparison purposes only. | They should not be used for design specifications or quality control purposes.,text,not-required,,,reader-r1-20,high,no-held-rows-on-page-in-scope,"disclaimer printed on page 1, repeated here for scope all; page 2 itself is overview and contents"
batch-20.csv#48,context,context,R-STRATASYS-FDM-NYLON12-MDS,4,,,all,,,,,,,,printed,,,,,Table 3. FDM Nylon 12 Physical Properties,"Values are measured as printed. XY, XZ, and ZX orientations were tested.",text,not-required,,,reader-r1-20,high,no-held-rows-on-page-in-scope,
batch-20.csv#71,context,context,R-STRATASYS-FDM-NYLON12-MDS,5,,,all,,,,,,,,printed,,,,layer height=0.010 in. (0.254 mm); printer=F900,Mechanical Properties,Nylon 12 samples were printed with a 0.010 in. (0.254 mm) layer height on the F900.,text,not-required,,,reader-r1-20,high,no-held-rows-on-page-in-scope,
batch-20.csv#73,context,context,R-STRATASYS-FDM-NYLON12-MDS,5,,,tensile,,,,,,,,,,,,,Print Orientation,Flat (XY) On Edge (XZ) Upright (ZX),text,not-required,,,reader-r1-20,high,no-held-rows-on-page-in-scope,"orientation key: Flat = XY, On Edge = XZ, Upright = ZX; Table 4 columns are headed XZ Orientation and ZX Orientation"
batch-20.csv#74,context,context,R-STRATASYS-FDM-NYLON12-MDS,5,,,tensile,,,,,,,,,,,,,Tensile Curves,"A = Tensile at break, elongation at break (no yield point) | B = Tensile at yield, elongation at yield | C = Tensile at break, elongation at break",text,not-required,,,reader-r1-20,high,no-held-rows-on-page-in-scope,explains curve types; graph only
batch-20.csv#75,context,context,R-STRATASYS-FDM-NYLON12-MDS,6,,,all,,,,,,,,printed,,,,printer=F900; tip=T16,Table 4. FDM Nylon 12 Mechanical Properties (F900 - T16 Tip),Table 4. FDM Nylon 12 Mechanical Properties (F900 - T16 Tip),text,not-required,,,reader-r1-20,high,,
batch-20.csv#76,context,context,R-STRATASYS-FDM-NYLON12-MDS,6,,,all,,,,,,,,,,,,,Table 4. FDM Nylon 12 Mechanical Properties (F900 - T16 Tip),Values in parenthesis are standard deviations.,text,not-required,,,reader-r1-20,high,,footnote 1; also marks XZ Orientation and ZX Orientation column headings
batch-20.csv#77,context,context,R-STRATASYS-FDM-NYLON12-MDS,6,,,tensile,,,,,,,,,,,ASTM D638,,Tensile Properties: ASTM D638,Tensile Properties: ASTM D638,text,not-required,,,reader-r1-20,high,no-held-rows-on-page-in-scope,section heading
batch-20.csv#78,context,context,R-STRATASYS-FDM-NYLON12-MDS,6,,,flexural,,,,,,,,,,,"ASTM D790, Procedure A",,"Flexural Properties: ASTM D790, Procedure A","Flexural Properties: ASTM D790, Procedure A",text,not-required,,,reader-r1-20,high,,section heading
batch-20.csv#79,context,context,R-STRATASYS-FDM-NYLON12-MDS,6,,,all,,,,,,,,,,,ASTM D695,,Compression Properties: ASTM D695,Compression Properties: ASTM D695,text,not-required,,,reader-r1-20,high,,"section heading; compression has no scope in the schema list, written as all"
batch-20.csv#80,context,context,R-STRATASYS-FDM-NYLON12-MDS,6,,,impact,,,,,,,,,,,"ASTM D256, ASTM D4812",,"Impact Properties: ASTM D256, ASTM D4812","Impact Properties: ASTM D256, ASTM D4812",text,not-required,,,reader-r1-20,high,no-held-rows-on-page-in-scope,section heading
batch-20b.csv#28,context,context,R-COVERAGE-20261001-28aad1fe7597,19,,starter sets,all,,Always 5 spools 0.25 kg each,,,,,,,,,,,STARTER SETS / Filament sets for start,Always 5 spools 0.25 kg each,text,not-required,,,reader-r1-20b,high,no-held-rows-on-page-in-scope,spool size statement for the sets
batch-20b.csv#29,context,context,R-COVERAGE-20261001-28aad1fe7597,20,,,all,,Desktop filaments,,,,,,,,,,,Desktop filaments / Materials overview,Desktop filaments,text,not-required,,,reader-r1-20b,high,no-held-rows-on-page-in-scope,"section heading; one-line descriptions per product, not a data table"
batch-20b.csv#642,context,context,R-COVERAGE-20261001-28aad1fe7597,22,,,all,,Desktop filaments comparison,,,,,,,,,,,Desktop filaments comparison,Desktop filaments comparison,text,not-required,,,reader-r1-20b,high,no-held-rows-on-page-in-scope,table heading; product names are the row labels
batch-20b.csv#643,context,context,R-COVERAGE-20261001-28aad1fe7597,22,,,all,,"DISCLAIMER: Actual values may vary according to printing conditions, model complexity, environmental conditions, etc. Typical values are indicative only and are not to be construed as binding specifications.",,,,,,,,,,,Desktop filaments comparison,"Actual values may vary according to printing conditions, model complexity, environmental conditions, etc. Typical values are indicative only and are not to be construed as binding specifications.",visual-only,agreed,,,reader-r1-20b,high,no-held-rows-on-page-in-scope quote-not-on-page,"disclaimer: values are typical and indicative; no test standard, specimen or moisture state is stated for the table"
batch-20b.csv#1013,context-held,context,R-COVERAGE-20261001-28aad1fe7597,23,,,thermal,,** annealed,,,,,,,,annealed,,,Desktop filaments comparison,** annealed,text,not-required,PC00389,V012424(treatment=annealed) V012425(treatment=annealed) V012426(treatment=annealed) V012427(treatment=annealed) V012428(treatment=annealed) V012429(treatment=annealed) V012430(treatment=annealed),reader-r1-20b,high,,"footnote ** marks HDT/VICAT values measured annealed (PLA Pro 85, Huracan PLA 85, PLA MATT HDT B 116 / VICAT 85)"
batch-20b.csv#1014,context,context,R-COVERAGE-20261001-28aad1fe7597,23,,,all,,"Adhesives: * For increased adhesion or to prevent warping: glue stick, Dimafix, 3DLac, Magigoo (1) - Magigoo PA (2) - Magigoo PC",,,,,,,,,,,Desktop filaments comparison,"Adhesives: * For increased adhesion or to prevent warping: glue stick, Dimafix, 3DLac, Magigoo",text,not-required,,,reader-r1-20b,high,,adhesive footnote
batch-20b.csv#1015,context,context,R-COVERAGE-20261001-28aad1fe7597,23,,,all,,(1) - Magigoo PA (2) - Magigoo PC,,,,,,,,,,,Desktop filaments comparison,(1) - Magigoo PA (2) - Magigoo PC,text,not-required,,,reader-r1-20b,high,,"adhesive footnote; page 23 continues the page 22 table, rows in the same order"
batch-20b.csv#1241,context,context,R-COVERAGE-20261001-28aad1fe7597,24,,,all,,LUVOCOM® 3F filaments quality was entirely checked and is certified by Lehmann&Voss Co. KG. For LUVOCOM® 3F materials name references see page 21.,,,,,,,,,,,Industrial filaments comparison,LUVOCOM® 3F filaments quality was entirely checked and is certified by Lehmann&Voss Co. KG.,text,not-required,,,reader-r1-20b,high,no-held-rows-on-page-in-scope,
batch-20b.csv#1242,context,context,R-COVERAGE-20261001-28aad1fe7597,24,,,all,,Desktop filaments comparison,,,,,,,,,,,Desktop filaments comparison,Desktop filaments comparison,text,not-required,,,reader-r1-20b,high,no-held-rows-on-page-in-scope,table heading
batch-20b.csv#1243,context,context,R-COVERAGE-20261001-28aad1fe7597,24,,,all,,Industrial filaments comparison,,,,,,,,,,,Industrial filaments comparison,Industrial filaments comparison,text,not-required,,,reader-r1-20b,high,no-held-rows-on-page-in-scope,table heading
batch-20b.csv#1244,context,context,R-COVERAGE-20261001-28aad1fe7597,24,,,all,,High performance filaments comparison,,,,,,,,,,,High performance filaments comparison,High performance filaments comparison,text,not-required,,,reader-r1-20b,high,no-held-rows-on-page-in-scope,table heading
batch-20b.csv#1245,context,context,R-COVERAGE-20261001-28aad1fe7597,24,,,all,,"DISCLAIMER: Actual values may vary according to printing conditions, model complexity, environmental conditions, etc. Typical values are indicative only and are not to be construed as binding specifications.",,,,,,,,,,,disclaimer,"Actual values may vary according to printing conditions, model complexity, environmental conditions, etc.",text,not-required,,,reader-r1-20b,high,no-held-rows-on-page-in-scope,"disclaimer: values are typical and indicative; no test standard, specimen or moisture state stated"
batch-20b.csv#1442,context,context,R-COVERAGE-20261001-28aad1fe7597,25,,,all,,"Adhesives: * For increased adhesion or to prevent warping: glue stick, Dimafix, 3DLac, Magigoo",,,,,,,,,,,Industrial filaments comparison,"Adhesives: * For increased adhesion or to prevent warping: glue stick, Dimafix, 3DLac, Magigoo",text,not-required,,,reader-r1-20b,high,,"page 25 continues the page 24 tables, rows in the same order; no heading is printed over the HDT column"
batch-20b.csv#1443,context,context,R-COVERAGE-20261001-28aad1fe7597,25,,,all,,(1) - Magigoo PA; (2) - glue stick / Dimafix / 3DLac / Magigoo; (3) - MagigooPP; (4) - MagigooPC; (5) - Magigoo Pro HT,,,,,,,,,,,Industrial filaments comparison,(1) - Magigoo PA; (2) - glue stick / Dimafix / 3DLac / Magigoo; (3) - MagigooPP; (4) - MagigooPC; (5) - Magigoo Pro HT,text,not-required,,,reader-r1-20b,high,,adhesive footnote
batch-20b.csv#1463,context,context,R-COVERAGE-20261001-28aad1fe7597,26,,"The Filament PLA, PET-G, PLA HS, PLA CF, PET-G CF",all,,"At the launch, THE FILAMENT by Spectrum includes 5 basic materials",,,,,,,,,,,NEW BRAND - THE FILAMENT,"At the launch, THE FILAMENT by Spectrum includes 5 basic materials:",block,not-required,,,reader-r1-20b,high,no-held-rows-on-page-in-scope,product list; page also holds colour tables (spools) and Bambu Lab AMS compatibility; no other data
batch-20b.csv#1477,context,context,R-COVERAGE-20261001-28aad1fe7597,29,,,all,,"* If you don’t need fast printing, you can lower the extrusion temperature (relative to the same material without graphene), thus saving energy.",,,,,,,,,,,NEW BRAND - PROGRAFEN / Key features of Prografen filaments,"* If you don’t need fast printing, you can lower the extrusion temperature",text,not-required,,,reader-r1-20b,high,no-held-rows-on-page-in-scope,footnote on Fast printing; no temperature given
batch-20b.csv#1478,context,context,R-COVERAGE-20261001-28aad1fe7597,29,,,all,,"PLA Filament printing speed comparison (bar chart, axis 400-1000 mm/s)",,,,,,,,,,,PLA Filament printing speed comparison,PLA Filament printing speed comparison,text,not-required,,,reader-r1-20b,medium,no-held-rows-on-page-in-scope,"bar chart: Prografen PLA Strong, PLA Premium High Speed, PLA HS, Competitive brands; bar lengths are not printed as numbers, so none copied. Spool photo label too small to read."
batch-20b.csv#1482,context,context,R-COVERAGE-20261001-28aad1fe7597,31,,,all,,Available materials and spool options (net filament weight 0.25 kg to 20 kg; ABS / PC / ECO spools),,,,,,,,,,,Available spools,Net filament weight:,text,not-required,,,reader-r1-20b,high,no-held-rows-on-page-in-scope,material name list and spool/packaging options only
batch-21.csv#30,context,context,R-SUNLU-25182761789529093884,1,,,all,性 能[1] / 典型值 S.I.[2],,,,,,,,,,,,机械性能 Mechanical,性 能 [1] | 典型值 S.I. [2],visual-only,agreed,,,reader-r1-21,high,quote-not-on-page,column heads carry footnote marks [1] (print note) and [2] (typical values); footnotes on p3
batch-21.csv#37,context,context,R-SUNLU-25182761789529093884,2,,,all,等级分类,优异、好、一般、差,,,,,,,,,,,耐化学性能 Chemical,等级分类：优异、好、一般、差,text,not-required,,,reader-r1-21,high,no-held-rows-on-page-in-scope,class scale
batch-21.csv#52,context,context,R-SUNLU-25182761789529093884,3,,,all,[1],测试样条打印速 150 mm/s，打印温度 250 ℃。填充 100%，走线方式为 90 度。,,,,,,,,,,print speed=150 mm/s; print temp=250 ℃; infill=100%; raster angle=90°,注意事项,[1] 测试样条打印速 150 mm/s，打印温度 250 ℃。填充 100%，走线方式为 90 度。,text,not-required,,,reader-r1-21,high,no-held-rows-on-page-in-scope,footnote [1] on the Properties column head; the underlined numbers are 150 and 250
batch-21.csv#55,context,context,R-SUNLU-25182761789529093884,3,,,all,[2],典型值是指实验室平均数据，仅用于使用时的参考，不作为产品的标准，不同打印机打印有区别。,,,,,,,,,,,注意事项,[2] 典型值是指实验室平均数据，仅用于使用时的参考，不作为产品的标准，不同打印机打印有区别。,text,not-required,,,reader-r1-21,high,no-held-rows-on-page-in-scope,typical values are lab averages
batch-21.csv#61,context,context,R-SUNLU-27be2474-b2dd-45b3-8a14-5f742b314e33,1,,,all,Properties / Typical Values,,,,,,,,,,,,Mechanical,Properties | Typical Values,text,not-required,,,reader-r1-21,high,,no footnote marks printed on the column heads in this version; footnotes [1] [2] are on p3
batch-21.csv#91,context,context,R-SUNLU-27be2474-b2dd-45b3-8a14-5f742b314e33,2,,,all,Grade,Excellent、Good、Normal、Bad,,,,,,,,,,,Chemical,Grade：Excellent、Good、Normal、Bad,text,not-required,,,reader-r1-21,high,no-held-rows-on-page-in-scope,class scale
batch-21.csv#104,context,context,R-SUNLU-27be2474-b2dd-45b3-8a14-5f742b314e33,2,,,all,,,,,,,,,,,,,Recommended Printing Parameters,"The above values are provided for printer reference only. The parameters may be appropriately adjusted | according to different printer models, printed objects, and specific application requirements.",text,not-required,,,reader-r1-21,high,no-held-rows-on-page-in-scope,
batch-21.csv#106,context,context,R-SUNLU-27be2474-b2dd-45b3-8a14-5f742b314e33,3,,,all,[1],"Test specimens were printed at a printing speed of 90 mm/s and a printing temperature of 220 °C. Infill: 100%, with a 90° raster orientation.",,,,,,,,,,print speed=90 mm/s; print temp=220 °C; infill=100%; raster=90°,Note,"[1] Test specimens were printed at a printing speed of 90 mm/s and a printing temperature of 220 °C. Infill: 100%, with a 90° raster orientation.",text,not-required,,,reader-r1-21,high,no-held-rows-on-page-in-scope,footnote [1]
batch-21.csv#109,context,context,R-SUNLU-27be2474-b2dd-45b3-8a14-5f742b314e33,3,,,all,[2],The typical values represent average laboratory data and are provided for reference only. They do not constitute product specifications. Results may vary depending on different printers.,,,,,,,,,,,Note,[2] The typical values represent average laboratory data and are provided for reference only. They do not constitute product specifications. Results may vary depending on different printers.,text,not-required,,,reader-r1-21,high,no-held-rows-on-page-in-scope,footnote [2]
batch-21.csv#115,context,context,R-SUNLU-5156fe91-c7a8-48bd-9d1a-e753bf9c53a1,1,,,all,Properties / Typical Values,,,,,,,,,,,,Mechanical,Properties | Typical Values,text,not-required,,,reader-r1-21,high,no-held-rows-on-page-in-scope,no footnote marks on the column heads; footnotes [1] [2] on p3
batch-21.csv#145,context,context,R-SUNLU-5156fe91-c7a8-48bd-9d1a-e753bf9c53a1,2,,,all,Grade,Excellent、Good、Normal、Bad,,,,,,,,,,,Chemical,Grade：Excellent、Good、Normal、Bad,text,not-required,,,reader-r1-21,high,no-held-rows-on-page-in-scope,class scale
batch-21.csv#158,context,context,R-SUNLU-5156fe91-c7a8-48bd-9d1a-e753bf9c53a1,2,,,all,,,,,,,,,,,,,Recommended Printing Parameters,"The above values are provided for printer reference only. The parameters may be appropriately adjusted | according to different printer models, printed objects, and specific application requirements.",text,not-required,,,reader-r1-21,high,no-held-rows-on-page-in-scope,
batch-21.csv#160,context,context,R-SUNLU-5156fe91-c7a8-48bd-9d1a-e753bf9c53a1,3,,,all,[1],"Test specimens were printed at a printing speed of 90 mm/s and a printing temperature of 220 °C. Infill: 100%, with a 90° raster orientation.",,,,,,,,,,print speed=90 mm/s; print temp=220 °C; infill=100%; raster=90°,Note,"[1] Test specimens were printed at a printing speed of 90 mm/s and a printing temperature of 220 °C. Infill: 100%, with a 90° raster orientation.",text,not-required,,,reader-r1-21,high,no-held-rows-on-page-in-scope,footnote [1]
batch-21.csv#163,context,context,R-SUNLU-5156fe91-c7a8-48bd-9d1a-e753bf9c53a1,3,,,all,[2],The typical values represent average laboratory data and are provided for reference only. They do not constitute product specifications. Results may vary depending on different printers.,,,,,,,,,,,Note,[2] The typical values represent average laboratory data and are provided for reference only. They do not constitute product specifications. Results may vary depending on different printers.,text,not-required,,,reader-r1-21,high,no-held-rows-on-page-in-scope,footnote [2]
batch-21.csv#169,context,context,R-SUNLU-5644650b-5633-42fb-b06a-6d1e125c9114,1,,,all,Properties / Typical Values,,,,,,,,,,,,Mechanical,Properties | Typical Values,text,not-required,,,reader-r1-21,high,no-held-rows-on-page-in-scope,no footnote marks on the column heads; footnotes [1] [2] on p3
batch-21.csv#199,context,context,R-SUNLU-5644650b-5633-42fb-b06a-6d1e125c9114,2,,,all,Grade,Excellent、Good、Normal、Bad,,,,,,,,,,,Chemical,Grade：Excellent、Good、Normal、Bad,text,not-required,,,reader-r1-21,high,no-held-rows-on-page-in-scope,class scale
batch-21.csv#212,context,context,R-SUNLU-5644650b-5633-42fb-b06a-6d1e125c9114,2,,,all,,,,,,,,,,,,,Recommended Printing Parameters,"The above values are provided for printer reference only. The parameters may be appropriately adjusted | according to different printer models, printed objects, and specific application requirements.",text,not-required,,,reader-r1-21,high,no-held-rows-on-page-in-scope,
batch-21.csv#214,context,context,R-SUNLU-5644650b-5633-42fb-b06a-6d1e125c9114,3,,,all,[1],"Test specimens were printed at a printing speed of 90 mm/s and a printing temperature of 220 °C. Infill: 100%, with a 90° raster orientation.",,,,,,,,,,print speed=90 mm/s; print temp=220 °C; infill=100%; raster=90°,Note,"[1] Test specimens were printed at a printing speed of 90 mm/s and a printing temperature of 220 °C. Infill: 100%, with a 90° raster orientation.",text,not-required,,,reader-r1-21,high,no-held-rows-on-page-in-scope,footnote [1]
batch-21.csv#217,context,context,R-SUNLU-5644650b-5633-42fb-b06a-6d1e125c9114,3,,,all,[2],The typical values represent average laboratory data and are provided for reference only. They do not constitute product specifications. Results may vary depending on different printers.,,,,,,,,,,,Note,[2] The typical values represent average laboratory data and are provided for reference only. They do not constitute product specifications. Results may vary depending on different printers.,text,not-required,,,reader-r1-21,high,no-held-rows-on-page-in-scope,footnote [2]
batch-21.csv#223,context,context,R-SUNLU-56889371789540318047,1,,,all,性 能[1] / 典型值 S.I.[2],,,,,,,,,,,,机械性能 Mechanical,性 能 [1] | 典型值 S.I. [2],visual-only,agreed,,,reader-r1-21,high,quote-not-on-page,column heads carry footnote marks [1] (print note) and [2] (typical values); footnotes on p3
batch-21.csv#259,context,context,R-SUNLU-56889371789540318047,2,,,all,等级分类,优异、好、一般、差,,,,,,,,,,,耐化学性能 Chemical,等级分类：优异、好、一般、差,text,not-required,,,reader-r1-21,high,no-held-rows-on-page-in-scope,class scale
batch-21.csv#276,context,context,R-SUNLU-56889371789540318047,3,,,all,[1],测试样条打印速度 90 mm/s，打印温度 220 ℃。填充 100%，走线方式为 90 度。,,,,,,,,,,print speed=90 mm/s; print temp=220 ℃; infill=100%; raster angle=90°,注意事项,[1] 测试样条打印速度 90 mm/s，打印温度 220 ℃。填充 100%，走线方式为 90 度。,text,not-required,,,reader-r1-21,high,no-held-rows-on-page-in-scope,footnote [1] on the Properties column head
batch-21.csv#279,context,context,R-SUNLU-56889371789540318047,3,,,all,[2],本物性表数据为实验室典型值，仅供参考与比较，非性能保证值，亦不可用作设计规范或质量控制标准。实际打印部件的物性受众多因素影响（如打印机型号、打印参数、模型设计、环境条件、后处理等），可能与表中数据存在显著差异。最终部件性能取决于材料、设计、打印及应用条件的综合作用。用户有责任根据自身应用需求进行测试验证。我司不对依赖此数据造成的后果负责。,,,,,,,,,,,注意事项,[2] 本物性表数据为实验室典型值，仅供参考与比较，非性能保证值，亦不可用作设计规范或质量控制标准。实际打印部件的物性受众多因素影响（如打印机型号、打印参数、模型设计、环境条件、后处理等），可能与表中数据存在显著差异。最终部件性能取决于材料、设计、打印及应用条件的综合作用。用户有责任根据自身应用需求进行测试验证。我司不对依赖此数据造成的后果负责。,text,not-required,,,reader-r1-21,high,no-held-rows-on-page-in-scope,"footnote [2]: lab typical values, reference only, not a guarantee or design specification"
batch-21.csv#286,context,context,R-SUNLU-63d55fe5-d33b-47f2-8930-520f193ade51,1,,,all,Properties / Typical Values,,,,,,,,,,,,Mechanical,Properties | Typical Values,text,not-required,,,reader-r1-21,high,no-held-rows-on-page-in-scope,no footnote marks on the column heads; footnotes [1] [2] on p3
batch-21.csv#316,context,context,R-SUNLU-63d55fe5-d33b-47f2-8930-520f193ade51,2,,,all,Grade,Excellent、Good、Normal、Bad,,,,,,,,,,,Chemical,Grade：Excellent、Good、Normal、Bad,text,not-required,,,reader-r1-21,high,no-held-rows-on-page-in-scope,class scale
batch-21.csv#329,context,context,R-SUNLU-63d55fe5-d33b-47f2-8930-520f193ade51,2,,,all,,,,,,,,,,,,,Recommended Printing Parameters,"The above values are provided for printer reference only. The parameters may be appropriately adjusted | according to different printer models, printed objects, and specific application requirements.",text,not-required,,,reader-r1-21,high,no-held-rows-on-page-in-scope,
batch-21.csv#331,context,context,R-SUNLU-63d55fe5-d33b-47f2-8930-520f193ade51,3,,,all,[1],"Test specimens were printed at a printing speed of 90 mm/s and a printing temperature of 220 °C. Infill: 100%, with a 90° raster orientation.",,,,,,,,,,print speed=90 mm/s; print temp=220 °C; infill=100%; raster=90°,Note,"[1] Test specimens were printed at a printing speed of 90 mm/s and a printing temperature of 220 °C. Infill: 100%, with a 90° raster orientation.",text,not-required,,,reader-r1-21,high,no-held-rows-on-page-in-scope,footnote [1]
batch-21.csv#334,context,context,R-SUNLU-63d55fe5-d33b-47f2-8930-520f193ade51,3,,,all,[2],The typical values represent average laboratory data and are provided for reference only. They do not constitute product specifications. Results may vary depending on different printers.,,,,,,,,,,,Note,[2] The typical values represent average laboratory data and are provided for reference only. They do not constitute product specifications. Results may vary depending on different printers.,text,not-required,,,reader-r1-21,high,no-held-rows-on-page-in-scope,footnote [2]
batch-21.csv#340,context,context,R-SUNLU-75a39c51-7d4c-40c4-839d-58f88cbbbf94,1,,,all,Properties / Typical Values,,,,,,,,,,,,Mechanical,Properties | Typical Values,text,not-required,,,reader-r1-21,high,,no footnote marks on the column heads; footnotes [1] [2] on p3
batch-21.csv#384,context,context,R-SUNLU-75a39c51-7d4c-40c4-839d-58f88cbbbf94,2,,,all,,,,,,,,,,,,,Recommended Printing Parameters,"The above values are provided for printer reference only. The parameters may be appropriately adjusted | according to different printer models, printed objects, and specific application requirements.",text,not-required,,,reader-r1-21,high,no-held-rows-on-page-in-scope,
batch-21.csv#385,context,context,R-SUNLU-75a39c51-7d4c-40c4-839d-58f88cbbbf94,2,,,all,Grade,Excellent、Good、Normal、Bad,,,,,,,,,,,Chemical,Grade：Excellent、Good、Normal、Bad,text,not-required,,,reader-r1-21,high,no-held-rows-on-page-in-scope,class scale
batch-21.csv#387,context,context,R-SUNLU-75a39c51-7d4c-40c4-839d-58f88cbbbf94,3,,,all,[1],"Test specimens were printed at a printing speed of 45 mm/s and a printing temperature of 230°C. Infill: 100%, with a 90° raster orientation.",,,,,,,,,,print speed=45 mm/s; print temp=230 °C; infill=100%; raster=90°,Note,"[1] Test specimens were printed at a printing speed of 45 mm/s and a printing temperature of 230°C. Infill: 100%, with a 90° raster orientation.",text,not-required,,,reader-r1-21,high,no-held-rows-on-page-in-scope,footnote [1]
batch-21.csv#390,context,context,R-SUNLU-75a39c51-7d4c-40c4-839d-58f88cbbbf94,3,,,all,[2],The typical values represent average laboratory data and are provided for reference only. They do not constitute product specifications. Results may vary depending on different printers.,,,,,,,,,,,Note,[2] The typical values represent average laboratory data and are provided for reference only. They do not constitute product specifications. Results may vary depending on different printers.,text,not-required,,,reader-r1-21,high,no-held-rows-on-page-in-scope,footnote [2]
batch-21.csv#396,context,context,R-SUNLU-91c03fbc-a5c0-4711-b3ae-10d0efd19f27,1,,,all,Properties / Typical Values,,,,,,,,,,,,Mechanical,Properties | Typical Values,text,not-required,,,reader-r1-21,high,no-held-rows-on-page-in-scope,no footnote marks on the column heads; footnotes [1] [2] on p3
batch-21.csv#426,context,context,R-SUNLU-91c03fbc-a5c0-4711-b3ae-10d0efd19f27,2,,,all,Grade,Excellent、Good、Normal、Bad,,,,,,,,,,,Chemical,Grade：Excellent、Good、Normal、Bad,text,not-required,,,reader-r1-21,high,no-held-rows-on-page-in-scope,class scale
batch-21.csv#439,context,context,R-SUNLU-91c03fbc-a5c0-4711-b3ae-10d0efd19f27,2,,,all,,,,,,,,,,,,,Recommended Printing Parameters,"The above values are provided for printer reference only. The parameters may be appropriately adjusted | according to different printer models, printed objects, and specific application requirements.",text,not-required,,,reader-r1-21,high,no-held-rows-on-page-in-scope,
batch-21.csv#441,context,context,R-SUNLU-91c03fbc-a5c0-4711-b3ae-10d0efd19f27,3,,,all,[1],"Test specimens were printed at a printing speed of 90 mm/s and a printing temperature of 220 °C. Infill: 100%, with a 90° raster orientation.",,,,,,,,,,print speed=90 mm/s; print temp=220 °C; infill=100%; raster=90°,Note,"[1] Test specimens were printed at a printing speed of 90 mm/s and a printing temperature of 220 °C. Infill: 100%, with a 90° raster orientation.",text,not-required,,,reader-r1-21,high,no-held-rows-on-page-in-scope,footnote [1]
batch-21.csv#444,context,context,R-SUNLU-91c03fbc-a5c0-4711-b3ae-10d0efd19f27,3,,,all,[2],The typical values represent average laboratory data and are provided for reference only. They do not constitute product specifications. Results may vary depending on different printers.,,,,,,,,,,,Note,[2] The typical values represent average laboratory data and are provided for reference only. They do not constitute product specifications. Results may vary depending on different printers.,text,not-required,,,reader-r1-21,high,no-held-rows-on-page-in-scope,footnote [2]
batch-21.csv#450,context,context,R-SUNLU-9c709eea-12c7-4a05-b5cd-227c63c700b8,1,,,all,Properties / Typical Values,,,,,,,,,,,,Mechanical,Properties | Typical Values,text,not-required,,,reader-r1-21,high,,no footnote marks on the column heads; footnotes [1] [2] on p3
batch-21.csv#480,context,context,R-SUNLU-9c709eea-12c7-4a05-b5cd-227c63c700b8,2,,,all,Grade,Excellent、Good、Normal、Bad,,,,,,,,,,,Chemical,Grade：Excellent、Good、Normal、Bad,text,not-required,,,reader-r1-21,high,no-held-rows-on-page-in-scope,class scale
batch-21.csv#493,context,context,R-SUNLU-9c709eea-12c7-4a05-b5cd-227c63c700b8,2,,,all,,,,,,,,,,,,,Recommended Printing Parameters,"The above values are provided for printer reference only. The parameters may be appropriately adjusted | according to different printer models, printed objects, and specific application requirements.",text,not-required,,,reader-r1-21,high,no-held-rows-on-page-in-scope,
batch-21.csv#495,context,context,R-SUNLU-9c709eea-12c7-4a05-b5cd-227c63c700b8,3,,,all,[1],"Test specimens were printed at a printing speed of 150mm/s and a printing temperature of 260 °C. Infill: 100%, with a 90° raster orientation.",,,,,,,,,,print speed=150 mm/s; print temp=260 °C; infill=100%; raster=90°,Note,"[1] Test specimens were printed at a printing speed of 150mm/s and a printing temperature of 260 °C. Infill: 100%, with a 90° raster orientation.",text,not-required,,,reader-r1-21,high,no-held-rows-on-page-in-scope,footnote [1]
batch-21.csv#498,context,context,R-SUNLU-9c709eea-12c7-4a05-b5cd-227c63c700b8,3,,,all,[2],The typical values represent average laboratory data and are provided for reference only. They do not constitute product specifications. Results may vary depending on different printers.,,,,,,,,,,,Note,[2] The typical values represent average laboratory data and are provided for reference only. They do not constitute product specifications. Results may vary depending on different printers.,text,not-required,,,reader-r1-21,high,no-held-rows-on-page-in-scope,footnote [2]
batch-21.csv#529,context,context,R-SUNLU-COVERAGE-20261001-816dc4c0cc18,1,,,all,性 能[1] / 典型值 S.I.[2],,,,,,,,,,,,机械性能 Mechanical,性 能 [1] | 典型值 S.I. [2],visual-only,agreed,,,reader-r1-21,high,quote-not-on-page,column heads carry footnote marks [1] (print note) and [2] (typical values); footnotes on p3
batch-21.csv#559,context,context,R-SUNLU-COVERAGE-20261001-816dc4c0cc18,2,,,all,等级分类,优异、好、一般、差,,,,,,,,,,,耐化学性能,等级分类：优异、好、一般、差,text,not-required,,,reader-r1-21,high,no-held-rows-on-page-in-scope,class scale
batch-21.csv#574,context,context,R-SUNLU-COVERAGE-20261001-816dc4c0cc18,3,,,all,[1],测试样条打印速度 45 mm/s，打印温度 80 ℃。填充 100%，走线方式为 90 度。,,,,,,,,,,print speed=45 mm/s; print temp=80 ℃; infill=100%; raster angle=90°,注意事项,[1] 测试样条打印速度 45 mm/s，打印温度 80 ℃。填充 100%，走线方式为 90 度。,text,not-required,,,reader-r1-21,high,no-held-rows-on-page-in-scope,footnote [1] on the Properties column head
batch-21.csv#577,context,context,R-SUNLU-COVERAGE-20261001-816dc4c0cc18,3,,,all,[2],典型值是指实验室平均数据，仅用于使用时的参考，不作为产品的标准，不同打印机打印有区别。,,,,,,,,,,,注意事项,[2] 典型值是指实验室平均数据，仅用于使用时的参考，不作为产品的标准，不同打印机打印有区别。,text,not-required,,,reader-r1-21,high,no-held-rows-on-page-in-scope,footnote [2]
batch-22.csv#3,context,context,R-SUNLU-fbfe6e74-b29f-4f0f-a9b3-84aaa6b2fc85,1,G082-05,PP,all,Properties header,,,,,,,,,,,,Properties,Properties Test Method Test Condition S.I. Units Typical Values,text,not-required,,,reader-r1-22,high,,columns are Properties / Test Method / Test Condition / S.I. Units / Typical Values; page 3 note [1] states the specimen print conditions
batch-22.csv#34,context,context,R-SUNLU-fbfe6e74-b29f-4f0f-a9b3-84aaa6b2fc85,2,,,all,Grade scale,,,,,,,,,,,,Chemical,Grade：Excellent、Good、Normal、Bad,text,not-required,,,reader-r1-22,high,no-held-rows-on-page-in-scope,scale for the chemical table
batch-22.csv#47,context,context,R-SUNLU-fbfe6e74-b29f-4f0f-a9b3-84aaa6b2fc85,2,,,all,Printing parameters disclaimer,,,,,,,,,,,,Recommended Printing Parameters,The above values are provided for printer reference only. The parameters may be appropriately adjusted according to different printer models,text,not-required,,,reader-r1-22,high,no-held-rows-on-page-in-scope,
batch-22.csv#48,context,context,R-SUNLU-fbfe6e74-b29f-4f0f-a9b3-84aaa6b2fc85,3,G082-05,PP,all,Note [1],,,,,,,printed,,,,,Note,"[1] Test specimens were printed at a printing speed of 45 mm/s and a printing temperature of 230 °C. Infill: 100%, with a 90° raster orientation.",text,not-required,,,reader-r1-22,high,no-held-rows-on-page-in-scope,test_conditions: speed 45 mm/s; temp 230 °C; infill 100%; 90° raster orientation
batch-22.csv#49,context,context,R-SUNLU-fbfe6e74-b29f-4f0f-a9b3-84aaa6b2fc85,3,,,all,Note [2],,,,,,,,,,,,Note,[2] The typical values represent average laboratory data and are provided for reference only. They do not constitute product specifications. Results may vary depending on different printers.,text,not-required,,,reader-r1-22,high,no-held-rows-on-page-in-scope,
batch-22.csv#81,context,context,R-SUNLU-PLA-Carbon-Fiber,1,,,all,Grade Classification,,,,,,,,,,,,Chemical Resistant,"Grade Classification: excellent, good, fair, poor",text,not-required,,,reader-r1-22,high,,
batch-22.csv#82,context,context,R-SUNLU-PLA-Carbon-Fiber,1,G018-08,PLA Carbon Fiber,all,Footnote [1],,,,,,,,,,,,,[1] The properties of the colouring compounds may differ from the above values.,text,not-required,,,reader-r1-22,high,,
batch-22.csv#83,context,context,R-SUNLU-PLA-Carbon-Fiber,1,G018-08,PLA Carbon Fiber,all,Footnote [2],,,,,,,,,,,,,[2] Typical values are laboratory average data and are provided for reference only. They are not to be considered as product standards.,text,not-required,,,reader-r1-22,high,,
batch-22.csv#99,context,context,R-SUNLU-PLA-Carbon-Fiber,2,,,all,Printing parameters disclaimer,,,,,,,,,,,,Recommended Printing Parameters,"The above values are for printer reference only, and can be adjusted according to different models, different models and product requirements.",text,not-required,,,reader-r1-22,high,no-held-rows-on-page-in-scope,
batch-22.csv#133,context,context,R-SUNLU-PP-TDS-7b4ac3a3-751e-42d8-9b0b-bff0d1fc0a3b,2,,,all,Class scale,,,,,,,,,,,,Chemical resistance,"Class：Excellent, Good, Fair, Poor",text,not-required,,,reader-r1-22,high,no-held-rows-on-page-in-scope,
batch-22.csv#146,context,context,R-SUNLU-PP-TDS-7b4ac3a3-751e-42d8-9b0b-bff0d1fc0a3b,2,,,all,Printing parameters disclaimer,,,,,,,,,,,,Recommended Printing Parameters,"The above values are for the reference of the printer only, and the above process can be adjusted appropriately according to different models, different models and product requirements",text,not-required,,,reader-r1-22,high,no-held-rows-on-page-in-scope,
batch-22.csv#148,context,context,R-SUNLU-PP-TDS-7b4ac3a3-751e-42d8-9b0b-bff0d1fc0a3b,3,G082-05,PP,all,Note [1],,,,,,,printed,,,,,Note,"[1] Test the spline printing speed 45 mm/s,print temperature 210 ℃,Fill 100%,the cabling mode is 90 degrees",text,not-required,,,reader-r1-22,high,no-held-rows-on-page-in-scope,test_conditions: speed 45 mm/s; temp 210 ℃; infill 100%; 90 degrees raster
batch-22.csv#149,context,context,R-SUNLU-PP-TDS-7b4ac3a3-751e-42d8-9b0b-bff0d1fc0a3b,3,,,all,Note [2],,,,,,,,,,,,Note,"[2] Typical value refers to the laboratory average data, only for use as a reference, not as the standard of the product, different printers have different printing.",text,not-required,,,reader-r1-22,high,no-held-rows-on-page-in-scope,
batch-22.csv#171,context,context,R-SUNLU-PRINT-20260928-3f8a4687e9e2,1,,,all,Benefit blurbs,,,,,,,,,,,,,Improved Heat Resistance | Optimized polymer formula delivers an elevated heat deflection temperature.,text,not-required,,,reader-r1-22,high,,narrative claims only (lightweight; chemical resistance; improved heat resistance; high toughness; low warpage; food contact safe); no numbers
batch-22.csv#191,context,context,R-SUNLU-PRINT-20260928-41d3588b228c,1,,,all,Benefit blurbs,,,,,,,,,,,,,"Low density and lightweight, printed models are approximately 27% lighter than PLA models.",text,not-required,,,reader-r1-22,high,,narrative claims only (27% lighter than PLA; chemical resistance; food-contact safe; toughness); no other numbers
batch-22.csv#222,context,context,R-SUNLU-SILK-PLA,1,,,all,Grade Classification,,,,,,,,,,,,Chemical Resistant,"Grade Classification: excellent, good, fair, poor",text,not-required,,,reader-r1-22,high,,
batch-22.csv#223,context,context,R-SUNLU-SILK-PLA,1,G008-15,PLA+ (Silk PLA+),all,Footnote [1],,,,,,,,,,,,,[1] The properties of the colouring compounds may differ from the above values.,text,not-required,,,reader-r1-22,high,,
batch-22.csv#224,context,context,R-SUNLU-SILK-PLA,1,G008-15,PLA+ (Silk PLA+),all,Footnote [2],,,,,,,,,,,,,[2] Typical values are laboratory average data and are provided for reference only. They are not to be considered as product standards.,text,not-required,,,reader-r1-22,high,,
batch-22.csv#240,context,context,R-SUNLU-SILK-PLA,2,,,all,Printing parameters disclaimer,,,,,,,,,,,,Recommended Printing Parameters,"The above values are for printer reference only, and can be adjusted according to different models, different models and product requirements.",text,not-required,,,reader-r1-22,high,no-held-rows-on-page-in-scope,
batch-22.csv#273,context,context,R-SUNLU-Silk-PLA-Four-Color-TDS-fc0f1921-f20b-4dee-8742-08d11bddaea8,2,,,all,Class scale,,,,,,,,,,,,Chemical resistance,"Class：Excellent, Good, Fair, Poor",text,not-required,,,reader-r1-22,high,no-held-rows-on-page-in-scope,
batch-22.csv#288,context,context,R-SUNLU-Silk-PLA-Four-Color-TDS-fc0f1921-f20b-4dee-8742-08d11bddaea8,2,,,all,Printing parameters disclaimer,,,,,,,,,,,,Recommended Printing Parameters,"The above values are for the reference of the printer only, and the above process can be adjusted appropriately according to different models, different models and product requirements",text,not-required,,,reader-r1-22,high,no-held-rows-on-page-in-scope,
batch-22.csv#290,context,context,R-SUNLU-Silk-PLA-Four-Color-TDS-fc0f1921-f20b-4dee-8742-08d11bddaea8,3,G008-04,Silk PLA+ Four-Color,all,Note [1],,,,,,,printed,,,,,Note,"[1] Test the spline printing speed 45 mm/s,print temperature 210 ℃,Fill 100%,the cabling mode is 90 degrees",text,not-required,,,reader-r1-22,high,no-held-rows-on-page-in-scope,test_conditions: speed 45 mm/s; temp 210 ℃; infill 100%; 90 degrees raster
batch-22.csv#291,context,context,R-SUNLU-Silk-PLA-Four-Color-TDS-fc0f1921-f20b-4dee-8742-08d11bddaea8,3,,,all,Note [2],,,,,,,,,,,,Note,"[2] Typical value refers to the laboratory average data, only for use as a reference, not as the standard of the product, different printers have different printing.",text,not-required,,,reader-r1-22,high,no-held-rows-on-page-in-scope,
batch-22.csv#320,context,context,D-YOUSU-PP-PAGE,1,G082-08,PP,all,Features,,,,,,,,,,,,Description,"Features • Good chemical and fatigue resistance,Smooth surface finish | • Low moisture absorption",text,not-required,,,reader-r1-22,high,no-held-rows-on-page-in-scope,narrative claims only; no numbers
batch-23.csv#4,context,context,R-3D-FUEL-3D-Fuel-Pro-PETG-9-22-25,2,,Pro PETG,all,ASTM Method,ASTM Method,,,,,,,,,ASTM,,Product Information,ASTM Method | Product Information,text,not-required,,,reader-r1-23,high,,heading of ASTM-method table
batch-23.csv#19,context,context,R-3D-FUEL-3D-Fuel-Pro-PETG-9-22-25,3,,Pro PETG,all,ISO Method,ISO Method,,,,,,,,,ISO,,Product Information,ISO Method | Product Information,text,not-required,,,reader-r1-23,high,,heading of ISO-method table; density/shrinkage/hardness rows still cite ASTM
batch-23.csv#42,context,context,R-3D-FUEL-TDS-3DFuel-PETG,1,,PETG,all,Footnote 1,"Unless noted otherwise, all tests are run at 23°C (73°F) and 50% relative humidity.",,,,,,,23°C (73°F) and 50% relative humidity,,,,Resin Typical Material Properties,"1Unless noted otherwise, all tests are run at 23°C (73°F) and 50% relative humidity.",text,not-required,,V007013(moisture=conditioned) V007014(moisture=conditioned) V007015(moisture=conditioned) V007016(moisture=conditioned) V007017(moisture=conditioned) V007018(moisture=conditioned) V007019(moisture=conditioned) V007020(moisture=conditioned),reader-r1-23,high,,table is headed Resin Typical Material Properties
batch-23.csv#43,context,context,R-3D-FUEL-TDS-3DFuel-PETG,1,,PETG,all,Footnote 2,"Unless noted otherwise, the test method is ASTM.",,,,,,,,,ASTM,,Resin Typical Material Properties,"2Unless noted otherwise, the test method is ASTM.",text,not-required,,,reader-r1-23,high,,
batch-23.csv#63,context,context,R-3D-FUEL-TDS-3DFuel-Pro-PLA,1,,Pro PLA,thermal,Footnote (1),Typical properties; not to be construed as specifications.,,,,,,,,,,,Physical Properties,(1) Typical properties; not to be construed as specifications.,text,not-required,,,reader-r1-23,high,,
batch-23.csv#64,context,context,R-3D-FUEL-TDS-3DFuel-Pro-PLA,1,,Pro PLA,all,Footnote (3),All 3D printed parts printed at 100% infill and annealed at 110°C / 20 min unless otherwise noted.,,,,,,printed,,annealed 110°C / 20 min,,infill=100%,Mechanical Properties,(3) All 3D printed parts printed at 100% infill and annealed at 110oC / 20 min unless otherwise noted.,visual-only,agreed,,"V007321(treatment=annealed,specimen) V007322(treatment=annealed) V007323(treatment=annealed) V012459(treatment=annealed,specimen)",reader-r1-23,high,quote-not-on-page,degree sign rendered as superscript o in text layer
batch-23.csv#65,context,context,R-3D-FUEL-TDS-3DFuel-Pro-PLA,1,,Pro PLA,all,Footnote (4),"Starting points only, and may need to optimize depending on your 3D printer.",,,,,,,,,,,Processing Temperature File,"(4) Starting points only, and may need to optimize depending on your 3D printer.",text,not-required,,,reader-r1-23,high,,
batch-23.csv#93,context,context,R-3D-FUEL-TDS-3DFuel-Workday-ABS,1,,Workday ABS,all,Footnote,"All properties, except melt flow rate are measured on injection molded specimens and after 48 hours storage at 23°C, 50% relative humidity.",,,,=,,injection molded,"after 48 hours storage at 23°C, 50% relative humidity",,,,Resin Typical Material Properties,"All properties, except melt flow rate are measured on injection molded specimens and after 48 hours storage at 23°C, 50% relative humidity.",text,not-required,,"V007451(moisture=conditioned,specimen) V007452(moisture=conditioned,specimen) V007453(moisture=conditioned) V007454(moisture=conditioned) V007455(moisture=conditioned) V007456(moisture=conditioned) V007457(moisture=conditioned) V007458(moisture=conditioned) V007459(moisture=conditioned) V007460(moisture=conditioned) V007461(moisture=conditioned,specimen)",reader-r1-23,high,,printed beneath the table; melt flow rate excluded from the injection-molded statement
batch-23.csv#94,context,context,R-3D-FUEL-TDS-3DFuel-Workday-ABS,1,,Workday ABS,all,Footnote (1),(1) ASTM Test Method unless otherwise noted.,,,,=,,,,,ASTM,,Resin Typical Material Properties,(1) ASTM Test Method unless otherwise noted.,text,not-required,,,reader-r1-23,high,,
batch-23.csv#123,context,context,R-3D-FUEL-TDS-3DFuel-Workday-ABS,2,,Workday ABS,all,General Printing Recommendations,3D-Fuel® Workday ABS works with most printers that have the following temperature capacity.,,,,=,,,,,,,3D Printer Settings,3D-Fuel® Workday ABS works with most printers that have the following temperature capacity.,text,not-required,,,reader-r1-23,high,no-held-rows-on-page-in-scope,
batch-23.csv#213,context-held,context,R-3D4MAKERS-LUVOCOM-3F-PAHT-CF-9742-BK-EN-TDS,1,G048-03,LUVOCOM 3F PA CF 9742 BK,tensile,Mechanical properties at 23°C / 50% rh,Mechanical properties at 23°C / 50% rh,,,,=,,,dry,,ISO 527,temp=23°C; humidity=50% rh,Mechanical properties at 23°C / 50% rh,Mechanical properties at 23°C / 50% rh,text,not-required,PC00024,V007439(moisture=dry) V007440(moisture=dry) V007441(moisture=dry),reader-r1-23,high,,each tensile row also prints dry in its condition column
batch-23.csv#217,context-held,context,R-3D4MAKERS-LUVOCOM-3F-PAHT-CF-9742-BK-EN-TDS,1,G048-03,LUVOCOM 3F PA CF 9742 BK,impact,Mechanical properties at 23°C / 50% rh,Mechanical properties at 23°C / 50% rh,,,,=,,,dry,,ISO 179,temp=23°C; humidity=50% rh,Mechanical properties at 23°C / 50% rh,Mechanical properties at 23°C / 50% rh,text,not-required,PC00025,V007442(moisture=dry),reader-r1-23,high,,heading above the impact row; impact row prints dry
batch-23.csv#256,context-held,context,R-3D4MAKERS-TDS-ABS-ESD-3D4Makers,1,G030-04,ABS ESD Filament,tensile,Tensile test / Impact test,Nozzle temp : 260°C; Bed temp : 100°C; Infill : 100%; Infill angle : 45°/-45°; Print speed : 40 mm/s,,,,=,,printed,,,,nozzle=260°C; bed=100°C; infill=100%; infill angle=45°/-45°; print speed=40 mm/s,Tensile test / Impact test,Tensile test Impact test | Nozzle temp : 260°C | Bed temp : 100°C | Infill : 100% | Infill angle : 45°/-45° | Print speed : 40 mm/s,text,not-required,PC00390,V012497(specimen) V012498(specimen),reader-r1-23,high,,pictures of a printed tensile specimen and an impact bar with the print settings used; read as the settings the test specimens were printed with; held P0609 (retired duplicate) carries nozzle 260
batch-23.csv#257,context,context,R-3D4MAKERS-TDS-ABS-ESD-3D4Makers,1,G030-04,ABS ESD Filament,impact,Tensile test / Impact test,Nozzle temp : 260°C; Bed temp : 100°C; Infill : 100%; Infill angle : 45°/-45°; Print speed : 40 mm/s,,,,=,,printed,,,,nozzle=260°C; bed=100°C; infill=100%; infill angle=45°/-45°; print speed=40 mm/s,Tensile test / Impact test,Impact test | Nozzle temp : 260°C | Bed temp : 100°C | Infill : 100% | Infill angle : 45°/-45° | Print speed : 40 mm/s,text,not-required,,,reader-r1-23,high,no-held-rows-on-page-in-scope,same block as the tensile context row
batch-23.csv#309,context,context,R-3D4MAKERS-TDS-Facilan-C8-Filament-v1-4,1,G001-177,Facilan™ C8,tensile,Footnote *,*Tensile sample thickness 1.5 mm,,,,=,,,,,ISO 527-1,thickness=1.5 mm,MATERIAL PROPERTIES,*Tensile sample thickness 1.5 mm,text,not-required,,,reader-r1-23,high,no-held-rows-on-page-in-scope,
batch-23.csv#310,context,context,R-3D4MAKERS-TDS-Facilan-C8-Filament-v1-4,1,G001-177,Facilan™ C8,thermal,Footnote **,** 120 K/h,,,,=,,,,,ISO 75 B,rate=120 K/h,MATERIAL PROPERTIES,** 120 K/h,text,not-required,,,reader-r1-23,high,no-held-rows-on-page-in-scope,
batch-23.csv#324,context,context,R-3D4MAKERS-TDS-Facilan-C8-Filament-v1-4,1,G001-177,Facilan™ C8,tensile,Tensile test / Impact test,Printer : Ultimaker 2; Nozzle temp : 200°C; Bed temp : 50°C; Infill : 100%; Layer height : 0.1 mm; Print speed : 50 mm/s; Wall thickness : 0.7 mm; Wall line count : 2,,,,=,,printed,,,,printer=Ultimaker 2; nozzle=200°C; bed=50°C; infill=100%; layer height=0.1 mm; print speed=50 mm/s; wall thickness=0.7 mm; wall line count=2,Tensile test / Impact test,Tensile test Impact test | Printer : Ultimaker 2 | Nozzle temp : 200°C | Bed temp : 50°C | Infill : 100% | Layer height : 0.1 mm | Print speed : 50 mm/s | Wall thickness : 0.7 mm | Wall line count : 2,text,not-required,,,reader-r1-23,high,no-held-rows-on-page-in-scope,pictures of printed tensile specimen and impact bar with the print settings; read as the test specimens print settings; held P1008 (retired duplicate) carries nozzle 200
batch-23.csv#325,context,context,R-3D4MAKERS-TDS-Facilan-C8-Filament-v1-4,1,G001-177,Facilan™ C8,impact,Tensile test / Impact test,Printer : Ultimaker 2; Nozzle temp : 200°C; Bed temp : 50°C; Infill : 100%; Layer height : 0.1 mm; Print speed : 50 mm/s; Wall thickness : 0.7 mm; Wall line count : 2,,,,=,,printed,,,,printer=Ultimaker 2; nozzle=200°C; bed=50°C; infill=100%; layer height=0.1 mm; print speed=50 mm/s; wall thickness=0.7 mm; wall line count=2,Tensile test / Impact test,Impact test | Printer : Ultimaker 2 | Nozzle temp : 200°C | Bed temp : 50°C | Infill : 100% | Layer height : 0.1 mm | Print speed : 50 mm/s | Wall thickness : 0.7 mm | Wall line count : 2,text,not-required,,,reader-r1-23,high,no-held-rows-on-page-in-scope,same block as the tensile context row
batch-23.csv#345,context-held,context,R-3D4MAKERS-TDS-PETG-Carbon-Filament-3D4Makers,1,G024-10,PETG Carbon Filament,tensile,Tensile test / Impact test,Nozzle temp : 225°C; Bed temp : 60°C; Infill : 100%; Infill angle : 45°/-45°; Print speed : 50 mm/s,,,,=,,printed,,,,nozzle=225°C; bed=60°C; infill=100%; infill angle=45°/-45°; print speed=50 mm/s,Tensile test / Impact test,Tensile test Impact test | Nozzle temp : 225°C | Bed temp : 60°C | Infill : 100% | Infill angle : 45°/-45° | Print speed : 50 mm/s,text,not-required,PC00391,V012504(specimen) V012505(specimen) V012506(specimen),reader-r1-23,high,,pictures of printed tensile specimen and impact bar with print settings; read as test specimen print settings; held P0611 (retired duplicate) carries nozzle 225
batch-23.csv#346,context,context,R-3D4MAKERS-TDS-PETG-Carbon-Filament-3D4Makers,1,G024-10,PETG Carbon Filament,impact,Tensile test / Impact test,Nozzle temp : 225°C; Bed temp : 60°C; Infill : 100%; Infill angle : 45°/-45°; Print speed : 50 mm/s,,,,=,,printed,,,,nozzle=225°C; bed=60°C; infill=100%; infill angle=45°/-45°; print speed=50 mm/s,Tensile test / Impact test,Impact test | Nozzle temp : 225°C | Bed temp : 60°C | Infill : 100% | Infill angle : 45°/-45° | Print speed : 50 mm/s,text,not-required,,,reader-r1-23,high,no-held-rows-on-page-in-scope,same block as the tensile context row
batch-23.csv#423,context,context,R-3D4MAKERS-TDS-pps-cf-9938-bk-filament-en-iso,1,G073-05,LUVOCOM 3F PPS CF 9938 BK,tensile,Mechanical properties at 23°C / 50% rh,,,,,,,,,,,temp=23°C; humidity=50% rh,Mechanical properties at 23°C / 50% rh,Mechanical properties at 23°C / 50% rh,text,not-required,,,reader-r1-23-b,high,,
batch-23.csv#424,context,context,R-3D4MAKERS-TDS-pps-cf-9938-bk-filament-en-iso,1,G073-05,LUVOCOM 3F PPS CF 9938 BK,flexural,Mechanical properties at 23°C / 50% rh,,,,,,,,,,,temp=23°C; humidity=50% rh,Mechanical properties at 23°C / 50% rh,Mechanical properties at 23°C / 50% rh,text,not-required,,,reader-r1-23-b,high,,
batch-23.csv#425,context,context,R-3D4MAKERS-TDS-pps-cf-9938-bk-filament-en-iso,1,G073-05,LUVOCOM 3F PPS CF 9938 BK,impact,Mechanical properties at 23°C / 50% rh,,,,,,,,,,,temp=23°C; humidity=50% rh,Mechanical properties at 23°C / 50% rh,Mechanical properties at 23°C / 50% rh,text,not-required,,,reader-r1-23-b,high,,
batch-24.csv#121,context,context,R-3DJAKE-3DJAKE-13-TDS-hyper-PLA-EN,1,,,all,Printing parameters and styles of printing conditions:,,,,,,,,,,,,Print Conditions,Printing parameters and styles of printing conditions:,text,not-required,,,reader-r1-24,medium,,heading above print-conditions table; may state that the test specimens were printed with these settings (not explicit)
batch-24.csv#127,context,context,R-3DJAKE-3DJAKE-13-TDS-hyper-PLA-EN,2,,,tensile,ASTM D638 (ISO 527 GB/T 1040),,,,,,,printed,,,"ASTM D638 (ISO 527, GB/T 1040)",,*1* tensile specimen drawing,"ASTM D638 (ISO 527, GB/T 1040) | *1*",visual-only,agreed,,,reader-r1-24,medium,no-held-rows-on-page-in-scope quote-not-on-page,drawing of tensile bar 150 x 20 x 4 mm with layer lines and an arrow (build direction); the word printed is not written
batch-24.csv#128,context,context,R-3DJAKE-3DJAKE-13-TDS-hyper-PLA-EN,2,,,flexural,ASTMD790 (ISO 178 GB/T 9341),,,,,,,printed,,,"ASTMD790 (ISO 178, GB/T 9341)",,*2* flexural specimen drawing,"ASTMD790 (ISO 178, GB/T 9341) | *2*",visual-only,agreed,,,reader-r1-24,medium,no-held-rows-on-page-in-scope quote-not-on-page,drawing of bar 80 x 10 x 4 mm with layer lines; span 60 mm
batch-24.csv#129,context,context,R-3DJAKE-3DJAKE-13-TDS-hyper-PLA-EN,2,,,impact,ASTM D256 (ISO 179 GB/T 1043),,,,,,,printed,,,"ASTM D256 (ISO 179, GB/T 1043)",,*3* impact specimen drawing,"ASTM D256 (ISO 179, GB/T 1043) | *3*",visual-only,agreed,,,reader-r1-24,medium,no-held-rows-on-page-in-scope quote-not-on-page,drawing of notched bar 80 x 10 x 4 mm 45.00° notch with layer lines
batch-24.csv#137,context,context,R-3DJAKE-3DJAKE-13-TDS-hyper-PLA-EN,3,,,all,7. Disclaimer,,,,,,,,,,,,7. Disclaimer,"The values given in this data sheet are for reference and comparison only. Actual values may vary with printing conditions, and the end-use performance of printed models depends on model design, environmental conditions, printing conditions, etc.",text,not-required,,,reader-r1-24,high,no-held-rows-on-page-in-scope,disclaimer; no conditions stated
batch-24.csv#151,context,context,R-3DJAKE-3DJAKE-14-TDS-hyper-PLA-CF-EN,1,,,all,Printing parameters and styles of printing conditions:,,,,,,,,,,,,Print Conditions,Printing parameters and styles of printing conditions:,text,not-required,,,reader-r1-24,medium,,heading above print-conditions table; not explicit that specimens were printed with these settings
batch-24.csv#156,context,context,R-3DJAKE-3DJAKE-14-TDS-hyper-PLA-CF-EN,2,,,tensile,ASTM D638 (ISO 527 GB/T 1040),,,,,,,printed,,,"ASTM D638 (ISO 527, GB/T 1040)",,*1* tensile specimen drawing,"ASTM D638 (ISO 527, GB/T 1040) | *1*",visual-only,agreed,,,reader-r1-24,medium,no-held-rows-on-page-in-scope quote-not-on-page,drawing of tensile bar 150 x 20 x 4 mm with layer lines and an arrow; the word printed is not written
batch-24.csv#157,context,context,R-3DJAKE-3DJAKE-14-TDS-hyper-PLA-CF-EN,2,,,flexural,ASTMD790 (ISO 178 GB/T 9341),,,,,,,printed,,,"ASTMD790 (ISO 178, GB/T 9341)",,*2* flexural specimen drawing,"ASTMD790 (ISO 178, GB/T 9341) | *2*",visual-only,agreed,,,reader-r1-24,medium,no-held-rows-on-page-in-scope quote-not-on-page,drawing of bar 80 x 10 x 4 mm with layer lines; span 60 mm
batch-24.csv#158,context,context,R-3DJAKE-3DJAKE-14-TDS-hyper-PLA-CF-EN,2,,,impact,ASTM D256 (ISO 179 GB/T 1043),,,,,,,printed,,,"ASTM D256 (ISO 179, GB/T 1043)",,*3* impact specimen drawing,"ASTM D256 (ISO 179, GB/T 1043) | *3*",visual-only,agreed,,,reader-r1-24,medium,no-held-rows-on-page-in-scope quote-not-on-page,drawing of notched bar 80 x 10 x 4 mm 45.00° notch with layer lines
batch-24.csv#166,context,context,R-3DJAKE-3DJAKE-14-TDS-hyper-PLA-CF-EN,3,,,all,7. Disclaimer,,,,,,,,,,,,7. Disclaimer,"The values given in this data sheet are for reference and comparison only. Actual values may vary with printing conditions, and the end-use performance of printed models depends on model design, environmental conditions, printing conditions, etc.",text,not-required,,,reader-r1-24,high,no-held-rows-on-page-in-scope,disclaimer; no conditions stated
batch-24.csv#174,context,context,R-3DJAKE-3DJAKE-15-TDS-Hyper-RFID-PLA-EN,1,,,all,Printing parameters and styles of printing conditions:,,,,,,,,,,,,3. Mechanical Performance Parameters,Printing parameters and styles of printing conditions:,text,not-required,,,reader-r1-24,medium,,sits under heading 3 Mechanical Performance Parameters; not explicit that specimens were printed with these settings
batch-24.csv#179,context,context,R-3DJAKE-3DJAKE-15-TDS-Hyper-RFID-PLA-EN,1,,,tensile,ASTM D638 (ISO 527 GB/T 1040),,,,,,,printed,,,"ASTM D638 (ISO 527, GB/T 1040)",,*1* tensile specimen drawing,"ASTM D638 (ISO 527, GB/T 1040) | *1*",visual-only,agreed,,,reader-r1-24,medium,no-held-rows-on-page-in-scope quote-not-on-page,drawing of tensile bar 150 x 20 x 4 mm with layer lines and an arrow
batch-24.csv#180,context-held,context,R-3DJAKE-3DJAKE-15-TDS-Hyper-RFID-PLA-EN,2,,,flexural,ASTMD790 (ISO 178 GB/T 9341),,,,,,,printed,,,"ASTMD790 (ISO 178, GB/T 9341)",,*2* flexural specimen drawing,"ASTMD790 (ISO 178, GB/T 9341) | *2*",text,not-required,PC00300,V008782(specimen) V008783(specimen),reader-r1-24,medium,,drawing of bar 80 x 10 x 4 mm with layer lines; span 60 mm
batch-24.csv#181,context-held,context,R-3DJAKE-3DJAKE-15-TDS-Hyper-RFID-PLA-EN,2,,,impact,ASTM D256 (ISO 179 GB/T 1043),,,,,,,printed,,,"ASTM D256 (ISO 179, GB/T 1043)",,*3* impact specimen drawing,"ASTM D256 (ISO 179, GB/T 1043) | *3*",text,not-required,PC00301,V008784(specimen),reader-r1-24,medium,,drawing of notched bar 80 x 10 x 4 mm 45.00° notch with layer lines
batch-24.csv#197,context,context,R-3DJAKE-3DJAKE-15-TDS-Hyper-RFID-PLA-EN,3,,,all,7. Disclaimer,,,,,,,,,,,,7. Disclaimer,"The values given in this data sheet are for reference and comparison only. Actual values may vary with printing conditions, and the end-use performance of printed models depends on model designs, environmental conditions, printing conditions, etc.",text,not-required,,,reader-r1-24,high,no-held-rows-on-page-in-scope,disclaimer; no conditions stated
batch-24.csv#210,context,context,R-3DJAKE-3DJAKE-23-TDS-HYPER-PETG-EN,1,,,all,Printing parameters and styles of printing conditions:,,,,,,,,,,,,Print Conditions,Printing parameters and styles of printing conditions:,text,not-required,,,reader-r1-24,medium,,heading above print-conditions table; not explicit that specimens were printed with these settings
batch-24.csv#215,context,context,R-3DJAKE-3DJAKE-23-TDS-HYPER-PETG-EN,2,,,tensile,ASTM D638 (ISO 527 GB/T 1040),,,,,,,printed,,,"ASTM D638 (ISO 527, GB/T 1040)",,*1* tensile specimen drawing,"ASTM D638 (ISO 527, GB/T 1040) | *1*",visual-only,agreed,,,reader-r1-24,medium,no-held-rows-on-page-in-scope quote-not-on-page,drawing of tensile bar 150 x 20 x 4 mm with layer lines and an arrow
batch-24.csv#216,context,context,R-3DJAKE-3DJAKE-23-TDS-HYPER-PETG-EN,2,,,flexural,ASTMD790 (ISO 178 GB/T 9341),,,,,,,printed,,,"ASTMD790 (ISO 178, GB/T 9341)",,*2* flexural specimen drawing,"ASTMD790 (ISO 178, GB/T 9341) | *2*",visual-only,agreed,,,reader-r1-24,medium,no-held-rows-on-page-in-scope quote-not-on-page,drawing of bar 80 x 10 x 4 mm with layer lines; span 60 mm
batch-24.csv#217,context,context,R-3DJAKE-3DJAKE-23-TDS-HYPER-PETG-EN,2,,,impact,ASTM D256 (ISO 179 GB/T 1043),,,,,,,printed,,,"ASTM D256 (ISO 179, GB/T 1043)",,*3* impact specimen drawing,"ASTM D256 (ISO 179, GB/T 1043) | *3*",visual-only,agreed,,,reader-r1-24,medium,no-held-rows-on-page-in-scope quote-not-on-page,drawing of notched bar 80 x 10 x 4 mm 45.00° notch with layer lines
batch-24.csv#225,context,context,R-3DJAKE-3DJAKE-23-TDS-HYPER-PETG-EN,3,,,all,7. Disclaimer,,,,,,,,,,,,7. Disclaimer,"The values given in this data sheet are for reference and comparison only. Actual values may vary with printing conditions, and the end-use performsance of printed models depends on model design, environmental conditions, printing conditions, etc.",text,not-required,,,reader-r1-24,high,no-held-rows-on-page-in-scope,disclaimer; no conditions stated
batch-24.csv#247,context,context,R-3DJAKE-3DJAKE-ANYCUBIC-TDS-ABS-V3-0,1,,,all,*All data are based on printed test samples. '(X-Y)' and '(Z)' indicate different testing orientations (refer to the direction schematic).,,,,,,,printed,,,,,Mechanical Properties,*All data are based on printed test samples. '(X-Y)' and '(Z)' indicate different testing orientations (refer to the direction schematic).,text,not-required,,V008848(specimen) V008849(specimen) V008850(specimen),reader-r1-24,high,,footnote under the mechanical table; 'All data' so may reach the physical table as well
batch-24.csv#266,context,context,R-3DJAKE-3DJAKE-ANYCUBIC-TDS-ABS-V3-0,2,,,all,*Based on a 0.4mm nozzle,,,,,,,,,,,,Recommended Printing Parameters,"*Based on a 0.4mm nozzle, printing conditions may vary with different nozzle diameters",text,not-required,,,reader-r1-24,high,,
batch-24.csv#279,context,context,R-3DJAKE-3DJAKE-ANYCUBIC-TDS-ABS-V3-0,3,,,tensile,TENSILE TESTING SPECIMEN,,,,,,Z,printed,,,,,TENSILE TESTING SPECIMEN,TENSILE TESTING SPECIMEN,text,not-required,,,reader-r1-24,medium,no-held-rows-on-page-in-scope,drawing 150 x 20 x 4 mm with Z axis arrow; no standard named
batch-24.csv#280,context,context,R-3DJAKE-3DJAKE-ANYCUBIC-TDS-ABS-V3-0,3,,,flexural,FLEXURAL TESTING SPECIMEN,,,,,,Z,printed,,,,,FLEXURAL TESTING SPECIMEN,FLEXURAL TESTING SPECIMEN,text,not-required,,,reader-r1-24,medium,no-held-rows-on-page-in-scope,drawing 80 x 10 x 4 mm span 60 with Z axis arrow
batch-24.csv#281,context,context,R-3DJAKE-3DJAKE-ANYCUBIC-TDS-ABS-V3-0,3,,,impact,IMPACT TESTING SPECIMEN,,,,,,Z,printed,,,,,IMPACT TESTING SPECIMEN,IMPACT TESTING SPECIMEN,text,not-required,,,reader-r1-24,medium,no-held-rows-on-page-in-scope,drawing notched 80 x 10 x 4 mm 45.00° notch with impact direction and Z axis arrows
batch-24.csv#282,context,context,R-3DJAKE-3DJAKE-ANYCUBIC-TDS-ABS-V3-0,3,,,all,Disclaimer,,,,,,,,,,,,Disclaimer：,The values shown in this chart are for comparison purposes only and are not appropriate for design specifications or quality assurance. Variations may arise due to printing conditions.,text,not-required,,,reader-r1-24,high,no-held-rows-on-page-in-scope,disclaimer; no conditions stated
batch-24.csv#287,context,context,R-3DJAKE-3DJAKE-ANYCUBIC-TDS-ASA-V3-0,1,,,all,*All data are based on printed test samples. '(X-Y)' and '(Z)' indicate different testing orientations (refer to the direction schematic).,,,,,,,printed,,,,,Mechanical Properties,*All data are based on printed test samples. '(X-Y)' and '(Z)' indicate different testing orientations (refer to the direction schematic).,text,not-required,,V009053(specimen) V009054(specimen) V009055(specimen),reader-r1-24,high,,footnote under the mechanical table; 'All data' so may reach the physical table as well
batch-24.csv#306,context,context,R-3DJAKE-3DJAKE-ANYCUBIC-TDS-ASA-V3-0,2,,,all,*Based on a 0.4mm nozzle,,,,,,,,,,,,Recommended Printing Parameters,"*Based on a 0.4mm nozzle, printing conditions may vary with different nozzle diameters",text,not-required,,,reader-r1-24,high,,
batch-24.csv#319,context,context,R-3DJAKE-3DJAKE-ANYCUBIC-TDS-ASA-V3-0,3,,,tensile,TENSILE TESTING SPECIMEN,,,,,,Z,printed,,,,,TENSILE TESTING SPECIMEN,TENSILE TESTING SPECIMEN,text,not-required,,,reader-r1-24,medium,no-held-rows-on-page-in-scope,drawing 150 x 20 x 4 mm with Z axis arrow; no standard named
batch-24.csv#320,context,context,R-3DJAKE-3DJAKE-ANYCUBIC-TDS-ASA-V3-0,3,,,flexural,FLEXURAL TESTING SPECIMEN,,,,,,Z,printed,,,,,FLEXURAL TESTING SPECIMEN,FLEXURAL TESTING SPECIMEN,text,not-required,,,reader-r1-24,medium,no-held-rows-on-page-in-scope,drawing with Z axis arrow
batch-24.csv#321,context,context,R-3DJAKE-3DJAKE-ANYCUBIC-TDS-ASA-V3-0,3,,,impact,IMPACT TESTING SPECIMEN,,,,,,Z,printed,,,,,IMPACT TESTING SPECIMEN,IMPACT TESTING SPECIMEN,text,not-required,,,reader-r1-24,medium,no-held-rows-on-page-in-scope,drawing notched bar with impact direction and Z axis arrows
batch-24.csv#322,context,context,R-3DJAKE-3DJAKE-ANYCUBIC-TDS-ASA-V3-0,3,,,all,Disclaimer,,,,,,,,,,,,Disclaimer：,The values shown in this chart are for comparison purposes only and are not appropriate for design specifications or quality assurance. Variations may arise due to printing conditions.,text,not-required,,,reader-r1-24,high,no-held-rows-on-page-in-scope,disclaimer; no conditions stated
batch-24.csv#327,context,context,R-3DJAKE-3DJAKE-ANYCUBIC-TDS-PETG-V3-0,1,,,all,*All data are based on printed test samples. '(X-Y)' and '(Z)' indicate different testing orientations (refer to the direction schematic).,,,,,,,printed,,,,,Mechanical Properties,*All data are based on printed test samples. '(X-Y)' and '(Z)' indicate different testing orientations (refer to the direction schematic).,text,not-required,,V008793(specimen) V008794(specimen) V008795(specimen),reader-r1-24,high,,footnote under the mechanical table; 'All data' so may reach the physical table as well
batch-24.csv#346,context,context,R-3DJAKE-3DJAKE-ANYCUBIC-TDS-PETG-V3-0,2,,,all,*Based on a 0.4mm nozzle,,,,,,,,,,,,Recommended Printing Parameters,"*Based on a 0.4mm nozzle, printing conditions may vary with different nozzle diameters",text,not-required,,,reader-r1-24,high,,
batch-24.csv#359,context,context,R-3DJAKE-3DJAKE-ANYCUBIC-TDS-PETG-V3-0,3,,,tensile,TENSILE TESTING SPECIMEN,,,,,,Z,printed,,,,,TENSILE TESTING SPECIMEN,TENSILE TESTING SPECIMEN,text,not-required,,,reader-r1-24,medium,no-held-rows-on-page-in-scope,drawing 150 x 20 x 4 mm with Z axis arrow; no standard named
batch-24.csv#360,context,context,R-3DJAKE-3DJAKE-ANYCUBIC-TDS-PETG-V3-0,3,,,flexural,IMPACT TESTING SPECIMEN,,,,,,Z,printed,,,,,IMPACT TESTING SPECIMEN,IMPACT TESTING SPECIMEN,text,not-required,,,reader-r1-24,medium,no-held-rows-on-page-in-scope,second drawing is headed IMPACT TESTING SPECIMEN but shows an unnotched 80 x 10 x 4 mm bar with 60 mm span (flexural shape); heading likely a typo for FLEXURAL
batch-24.csv#361,context,context,R-3DJAKE-3DJAKE-ANYCUBIC-TDS-PETG-V3-0,3,,,impact,IMPACT TESTING SPECIMEN,,,,,,Z,printed,,,,,IMPACT TESTING SPECIMEN,IMPACT TESTING SPECIMEN,text,not-required,,,reader-r1-24,medium,no-held-rows-on-page-in-scope,drawing notched 80 x 10 x 4 mm 45.00° notch with impact direction and Z axis arrows
batch-24.csv#362,context,context,R-3DJAKE-3DJAKE-ANYCUBIC-TDS-PETG-V3-0,3,,,all,Disclaimer,,,,,,,,,,,,Disclaimer：,The values shown in this chart are for comparison purposes only and are not appropriate for design specifications or quality assurance. Variations may arise due to printing conditions.,text,not-required,,,reader-r1-24,high,no-held-rows-on-page-in-scope,disclaimer; no conditions stated
batch-24.csv#368,context,context,R-3DJAKE-3DJAKE-ANYCUBIC-TDS-PLA-HS-V3-0,1,,,all,*All data are based on printed test samples. '(X-Y)' and '(Z)' indicate different testing orientations (refer to the direction schematic).,,,,,,,printed,,,,,Mechanical Properties,*All data are based on printed test samples. '(X-Y)' and '(Z)' indicate different testing orientations (refer to the direction schematic).,text,not-required,,V009137(specimen) V009138(specimen) V009139(specimen),reader-r1-24,high,,footnote under the mechanical table; 'All data' so may reach the physical table as well
batch-24.csv#387,context,context,R-3DJAKE-3DJAKE-ANYCUBIC-TDS-PLA-HS-V3-0,2,,,all,*Based on a 0.4mm nozzle,,,,,,,,,,,,Recommended Printing Parameters,"*Based on a 0.4mm nozzle, printing conditions may vary with different nozzle diameters",text,not-required,,,reader-r1-24,high,,
batch-24.csv#402,context,context,R-3DJAKE-3DJAKE-ANYCUBIC-TDS-PLA-HS-V3-0,3,,,tensile,TENSILE TESTING SPECIMEN,,,,,,Z,printed,,,,,TENSILE TESTING SPECIMEN,TENSILE TESTING SPECIMEN,text,not-required,,,reader-r1-24,medium,no-held-rows-on-page-in-scope,drawing 150 x 20 x 4 mm with Z axis arrow; no standard named
batch-24.csv#403,context,context,R-3DJAKE-3DJAKE-ANYCUBIC-TDS-PLA-HS-V3-0,3,,,flexural,IMPACT TESTING SPECIMEN,,,,,,Z,printed,,,,,IMPACT TESTING SPECIMEN,IMPACT TESTING SPECIMEN,text,not-required,,,reader-r1-24,medium,no-held-rows-on-page-in-scope,second drawing is headed IMPACT TESTING SPECIMEN but shows an unnotched 80 x 10 x 4 mm bar with 60 mm span (flexural shape); heading likely a typo for FLEXURAL
batch-24.csv#404,context,context,R-3DJAKE-3DJAKE-ANYCUBIC-TDS-PLA-HS-V3-0,3,,,impact,IMPACT TESTING SPECIMEN,,,,,,Z,printed,,,,,IMPACT TESTING SPECIMEN,IMPACT TESTING SPECIMEN,text,not-required,,,reader-r1-24,medium,no-held-rows-on-page-in-scope,drawing notched 80 x 10 x 4 mm 45.00° notch with impact direction and Z axis arrows
batch-24.csv#405,context,context,R-3DJAKE-3DJAKE-ANYCUBIC-TDS-PLA-HS-V3-0,3,,,all,Disclaimer,,,,,,,,,,,,Disclaimer：,The values shown in this chart are for comparison purposes only and are not appropriate for design specifications or quality assurance. Variations may arise due to printing conditions.,text,not-required,,,reader-r1-24,high,no-held-rows-on-page-in-scope,disclaimer; no conditions stated
batch-24.csv#410,context,context,R-3DJAKE-3DJAKE-ANYCUBIC-TDS-PLA-Metal-V3-0,1,,,all,*All data are based on printed test samples. '(X-Y)' and '(Z)' indicate different testing orientations (refer to the direction schematic).,,,,,,,printed,,,,,Mechanical Properties,*All data are based on printed test samples. '(X-Y)' and '(Z)' indicate different testing orientations (refer to the direction schematic).,text,not-required,,V009065(specimen) V009066(specimen) V009067(specimen),reader-r1-24,high,,footnote under the mechanical table; 'All data' so may reach the physical table as well
batch-24.csv#429,context,context,R-3DJAKE-3DJAKE-ANYCUBIC-TDS-PLA-Metal-V3-0,2,,,all,*Based on a 0.4mm nozzle,,,,,,,,,,,,Recommended Printing Parameters,"*Based on a 0.4mm nozzle, printing conditions may vary with different nozzle diameters",text,not-required,,,reader-r1-24,high,,
batch-24.csv#442,context,context,R-3DJAKE-3DJAKE-ANYCUBIC-TDS-PLA-Metal-V3-0,3,,,tensile,TENSILE TESTING SPECIMEN,,,,,,Z,printed,,,,,TENSILE TESTING SPECIMEN,TENSILE TESTING SPECIMEN,text,not-required,,,reader-r1-24,medium,no-held-rows-on-page-in-scope,drawing 150 x 20 x 4 mm with Z axis arrow; no standard named
batch-24.csv#443,context,context,R-3DJAKE-3DJAKE-ANYCUBIC-TDS-PLA-Metal-V3-0,3,,,flexural,IMPACT TESTING SPECIMEN,,,,,,Z,printed,,,,,IMPACT TESTING SPECIMEN,IMPACT TESTING SPECIMEN,text,not-required,,,reader-r1-24,medium,no-held-rows-on-page-in-scope,second drawing is headed IMPACT TESTING SPECIMEN but shows an unnotched 80 x 10 x 4 mm bar with 60 mm span (flexural shape); heading likely a typo for FLEXURAL
batch-24.csv#444,context,context,R-3DJAKE-3DJAKE-ANYCUBIC-TDS-PLA-Metal-V3-0,3,,,impact,IMPACT TESTING SPECIMEN,,,,,,Z,printed,,,,,IMPACT TESTING SPECIMEN,IMPACT TESTING SPECIMEN,text,not-required,,,reader-r1-24,medium,no-held-rows-on-page-in-scope,drawing notched 80 x 10 x 4 mm 45.00° notch with impact direction and Z axis arrows
batch-24.csv#445,context,context,R-3DJAKE-3DJAKE-ANYCUBIC-TDS-PLA-Metal-V3-0,3,,,all,Disclaimer,,,,,,,,,,,,Disclaimer：,The values shown in this chart are for comparison purposes only and are not appropriate for design specifications or quality assurance. Variations may arise due to printing conditions.,text,not-required,,,reader-r1-24,high,no-held-rows-on-page-in-scope,disclaimer; no conditions stated
batch-24.csv#450,context,context,R-3DJAKE-3DJAKE-ANYCUBIC-TDS-PLA-V3-0,1,,,all,*All data are based on printed test samples. '(X-Y)' and '(Z)' indicate different testing orientations (refer to the direction schematic).,,,,,,,printed,,,,,Mechanical Properties,*All data are based on printed test samples. '(X-Y)' and '(Z)' indicate different testing orientations (refer to the direction schematic).,text,not-required,,V009045(specimen) V009046(specimen) V009047(specimen),reader-r1-24-b,high,,footnote under the mechanical table
batch-24.csv#469,context,context,R-3DJAKE-3DJAKE-ANYCUBIC-TDS-PLA-V3-0,2,,,all,*Based on a 0.4mm nozzle,,,,,,,,,,,,Recommended Printing Parameters,"*Based on a 0.4mm nozzle, printing conditions may vary with different nozzle diameters",text,not-required,,,reader-r1-24-b,high,,
batch-24.csv#482,context,context,R-3DJAKE-3DJAKE-ANYCUBIC-TDS-PLA-V3-0,3,,,tensile,TENSILE TESTING SPECIMEN,,,,,,Z,printed,,,,,TENSILE TESTING SPECIMEN,TENSILE TESTING SPECIMEN,text,not-required,,,reader-r1-24-b,medium,no-held-rows-on-page-in-scope,drawing 150 x 20 x 4 mm with Z axis arrow; no standard named
batch-24.csv#483,context,context,R-3DJAKE-3DJAKE-ANYCUBIC-TDS-PLA-V3-0,3,,,impact,IMPACT TESTING SPECIMEN,,,,,,Z,printed,,,,,IMPACT TESTING SPECIMEN,IMPACT TESTING SPECIMEN,text,not-required,,,reader-r1-24-b,medium,no-held-rows-on-page-in-scope,two drawings headed IMPACT TESTING SPECIMEN: unnotched 80 x 10 x 4 mm and notched 80 x 10 x 4 mm with 45.00° notch and impact direction; Z axis arrows
batch-24.csv#484,context,context,R-3DJAKE-3DJAKE-ANYCUBIC-TDS-PLA-V3-0,3,,,all,Disclaimer,,,,,,,,,,,,Disclaimer：,The values shown in this chart are for comparison purposes only and are not appropriate for design specifications or quality assurance. Variations may arise due to printing conditions.,text,not-required,,,reader-r1-24-b,high,no-held-rows-on-page-in-scope,disclaimer; no conditions stated
batch-24.csv#490,context,context,R-3DJAKE-3DJAKE-ANYCUBIC-TDS-TPU-V3-0,1,,,all,*All data are based on printed test samples. '(X-Y)' and '(Z)' indicate different testing orientations (refer to the direction schematic).,,,,,,,printed,,,,,Mechanical Properties,*All data are based on printed test samples. '(X-Y)' and '(Z)' indicate different testing orientations (refer to the direction schematic).,text,not-required,,V008898(specimen) V008899(specimen) V008900(specimen),reader-r1-24-b,high,,footnote under the mechanical table
batch-24.csv#509,context,context,R-3DJAKE-3DJAKE-ANYCUBIC-TDS-TPU-V3-0,2,,,all,*Based on a 0.4mm nozzle,,,,,,,,,,,,Recommended Printing Parameters,"*Based on a 0.4mm nozzle, printing conditions may vary with different nozzle diameters",text,not-required,,,reader-r1-24-b,high,,
batch-24.csv#522,context,context,R-3DJAKE-3DJAKE-ANYCUBIC-TDS-TPU-V3-0,3,,,tensile,TENSILE TESTING SPECIMEN,,,,,,Z,printed,,,,,TENSILE TESTING SPECIMEN,TENSILE TESTING SPECIMEN,text,not-required,,,reader-r1-24-b,medium,no-held-rows-on-page-in-scope,drawing 150 x 20 x 4 mm with Z axis arrow; no standard named
batch-24.csv#523,context,context,R-3DJAKE-3DJAKE-ANYCUBIC-TDS-TPU-V3-0,3,,,impact,IMPACT TESTING SPECIMEN,,,,,,Z,printed,,,,,IMPACT TESTING SPECIMEN,IMPACT TESTING SPECIMEN,text,not-required,,,reader-r1-24-b,medium,no-held-rows-on-page-in-scope,two drawings headed IMPACT TESTING SPECIMEN: unnotched 80 x 10 x 4 mm and notched 80 x 10 x 4 mm with 45.00° notch and impact direction; Z axis arrows
batch-24.csv#524,context,context,R-3DJAKE-3DJAKE-ANYCUBIC-TDS-TPU-V3-0,3,,,all,Disclaimer,,,,,,,,,,,,Disclaimer：,The values shown in this chart are for comparison purposes only and are not appropriate for design specifications or quality assurance. Variations may arise due to printing conditions.,text,not-required,,,reader-r1-24-b,high,no-held-rows-on-page-in-scope,disclaimer; no conditions stated
batch-24.csv#527,context,context,R-3DJAKE-3DJAKE-ASA-TDS-1,1,,,all,Test specimens print settings,,,,,,,printed,,,,,Test specimens print settings,Test specimens print settings,text,not-required,,V009080(specimen) V009081(specimen) V009082(specimen) V009083(specimen),reader-r1-24-b,medium,,specimens are printed (heading names their print settings); property table itself names no specimen form
batch-24.csv#547,context,context,R-3DJAKE-3DJAKE-ASA-TDS-1,1,,,all,Disclaimer,,,,,,,,,,,,,The data provided should not be used to establish specification limits or used alone as the basis of design,text,not-required,,,reader-r1-24-b,high,,legal text; no conditions stated
batch-24.csv#550,context,context,R-3DJAKE-3DJAKE-ASAx-CF-Technical-Data,1,,,all,Properties column headings,,,,,,,,,,,,Material properties,Properties FDM H Injection Method,text,not-required,,,reader-r1-24-b,medium,,"two value columns: ""FDM H"" and ""Injection""; sheet does not explain ""FDM H"""
batch-24.csv#573,context,context,R-3DJAKE-3DJAKE-c9047f-230cb5f262c040bb8f570d174a23b353,1,,,all,Properties column headings,,,,,,,,,,,,Material properties,Properties FDM H Injection Method,text,not-required,,,reader-r1-24-b,medium,,"two value columns: ""FDM H"" and ""Injection""; sheet does not explain ""FDM H"""
batch-24.csv#597,context,context,R-3DJAKE-3DJAKE-c9047f-87fad94441284d8b9a04976ae0a5e874,1,,,all,Properties column headings,,,,,,,,,,,,Material properties,Properties FDM H Injection Method,text,not-required,,,reader-r1-24-b,medium,,"two value columns: ""FDM H"" and ""Injection""; sheet does not explain ""FDM H"""
batch-25.csv#18,context,context,R-3DJAKE-3DJAKE-EN-TDS-The-Filament-TPU-82A,1,,,all,"* settings are based on a 0,4 mm nozzle.",,,,,,,,,,,,GUIDELINE FOR PRINT SETTINGS*,"* settings are based on a 0,4 mm nozzle.",text,not-required,,,reader-r1-25,high,,
batch-25.csv#37,context,context,R-3DJAKE-3DJAKE-EN-TDS-The-Filament-TPU-87A,1,,,all,"* settings are based on a 0,4 mm nozzle.",,,,,,,,,,,,GUIDELINE FOR PRINT SETTINGS*,"* settings are based on a 0,4 mm nozzle.",text,not-required,,,reader-r1-25,high,,
batch-25.csv#56,context,context,R-3DJAKE-3DJAKE-EN-TDS-The-Filament-TPU-95A,1,,,all,"* settings are based on a 0,4 mm nozzle.",,,,,,,,,,,,GUIDELINE FOR PRINT SETTINGS*,"* settings are based on a 0,4 mm nozzle.",text,not-required,,,reader-r1-25,high,,
batch-25.csv#62,context,context,R-3DJAKE-3DJAKE-PETG-TDS-10-1,1,,,all,Property of 3D printed specimens,,,,,,,printed,,,,,Properties,Property of 3D printed specimens,visual-only,agreed,,,reader-r1-25,high,quote-not-on-page,column heading of the properties table
batch-25.csv#112,context,context,R-3DJAKE-3DJAKE-TDS-ABS-Prime-pptx,1,,,all,Typical properties (3D printed),,,,,,,printed,,,,,Typical properties (3D printed),Typical properties (3D printed),text,not-required,,V009059(specimen) V009060(specimen) V012578(specimen) V012579(specimen),reader-r1-25,high,,"columns XY, XZ, ZX are print orientations"
batch-25.csv#113,context,context,R-3DJAKE-3DJAKE-TDS-ABS-Prime-pptx,1,,,all,"All specimens were printed with 100% infill, 2 shells and a layer height of 0.2mm",,,,,,,printed,,,,,Typical properties (3D printed),"All specimens were printed with 100% infill, 2 shells and a layer height of 0.2mm",text,not-required,,V009059(specimen) V009060(specimen) V012578(specimen) V012579(specimen),reader-r1-25,high,,
batch-25.csv#142,context,context,R-3DJAKE-3DJAKE-TDS-ABSx-23-12,1,,,all,Properties FDM H Injection Method,,,,,,,,,,,,Material properties,Properties | FDM H | Injection | Method,text,not-required,,,reader-r1-25,high,,two value columns: FDM H (printed) and Injection (injection moulded)
batch-25.csv#165,context,context,R-3DJAKE-3DJAKE-TDS-ASA-23-12,1,,,all,Properties FDM H Injection Method,,,,,,,,,,,,Material properties,Properties | FDM H | Injection | Method,text,not-required,,,reader-r1-25,high,,two value columns: FDM H (printed) and Injection (injection moulded)
batch-25.csv#192,context,context,R-3DJAKE-3DJAKE-TDS-ASA-Prime-pptx,1,,,all,Typical properties (3D printed),,,,,,,printed,,,,,Typical properties (3D printed),Typical properties (3D printed),text,not-required,,V008987(specimen) V008988(specimen) V012590(specimen) V012591(specimen),reader-r1-25,high,,"columns XY, XZ, ZX are print orientations"
batch-25.csv#193,context,context,R-3DJAKE-3DJAKE-TDS-ASA-Prime-pptx,1,,,all,"All specimens were printed with 100% infill, 2 shells and a layer height of 0.2mm",,,,,,,printed,,,,,Typical properties (3D printed),"All specimens were printed with 100% infill, 2 shells and a layer height of 0.2mm",text,not-required,,V008987(specimen) V008988(specimen) V012590(specimen) V012591(specimen),reader-r1-25,high,,
batch-25.csv#220,context-held,context,R-3DJAKE-3DJAKE-TDS-ecoPLA-Sparkling-0,1,,,all,"(Printed, non-injection molded)",,,,,,,printed,,,,,,"(Printed, non-injection molded)",text,not-required,PC00044,,reader-r1-25,high,,heading under the title
batch-25.csv#254,context-held,context,R-3DJAKE-3DJAKE-TDS-ecoPLA-Wood-v1-1,1,,,all,"(Printed, non-injection molded)",,,,,,,printed,,,,,,"(Printed, non-injection molded)",text,not-required,PC00029,,reader-r1-25,high,,heading under Technical Data Sheet
batch-25.csv#279,context,context,R-3DJAKE-3DJAKE-TDS-HTPLA-v3-Opaque-1-0-0,1,,,all,Print Settings,,,,,,,,,,,,Print Settings (Based on Ultimaker s5 .15mm Profile),(Based on Ultimaker s5 .15mm Profile),text,not-required,,,reader-r1-25-b,high,,settings are from a slicer profile
batch-25.csv#298,context,context,R-3DJAKE-3DJAKE-TDS-QD-HTPLA,1,,,all,Print Settings,,,,,,,,,,,,Print Settings (Based on BambuLabs Generic PLA profile),(Based on BambuLabs Generic PLA profile),text,not-required,,,reader-r1-25-b,high,,settings are from a slicer profile
batch-25.csv#316,context,context,R-3DJAKE-3DJAKE-TDS-Translucent-Sparkly-HTPLA-1-0-0-1-7,1,,,all,Print Settings,,,,,,,,,,,,Print Settings (Based on Ultimaker s5 .15mm Profile),(Based on Ultimaker s5 .15mm Profile),text,not-required,,,reader-r1-25-b,high,,settings are from a slicer profile
batch-25.csv#332,context,context,R-3DJAKE-3DJAKE-TDS-hyper-ABS-EN,1,,,tensile,Mechanical Performance Parameters,,,,,,XY,,,,"ISO 527, GB/T 1040",,3. Mechanical Performance Parameters,3. Mechanical Performance Parameters,text,not-required,,,reader-r1-25-b,medium,,heading only; page 2 drawings *1* *2* *3* show specimens with layer stack and arrow but print no words on printing orientation
batch-25.csv#343,context,context,R-3DJAKE-3DJAKE-TDS-hyper-ABS-EN,2,,,tensile,"ASTM D638 (ISO 527, GB/T 1040)",,,,,,,,,,"ASTM D638 (ISO 527, GB/T 1040)",,Specimen drawing *1*,"ASTM D638 (ISO 527, GB/T 1040) | *1*",visual-only,agreed,,,reader-r1-25-b,high,no-held-rows-on-page-in-scope quote-not-on-page,tensile specimen drawing 150 mm long 4.00 thick with layer lines and an arrow
batch-25.csv#344,context,context,R-3DJAKE-3DJAKE-TDS-hyper-ABS-EN,2,,,flexural,"ASTMD790 (ISO 178, GB/T 9341)",,,,,,,,,,"ASTMD790 (ISO 178, GB/T 9341)",,Specimen drawing *2*,"ASTMD790 (ISO 178, GB/T 9341) | *2*",visual-only,agreed,,,reader-r1-25-b,high,no-held-rows-on-page-in-scope quote-not-on-page,flexural specimen drawing 80 x 10 x 4 mm with layer lines and an arrow
batch-25.csv#345,context,context,R-3DJAKE-3DJAKE-TDS-hyper-ABS-EN,2,,,impact,"ASTM D256 (ISO 179, GB/T 1043)",,,,,,,,,,"ASTM D256 (ISO 179, GB/T 1043)",,Specimen drawing *3*,"ASTM D256 (ISO 179, GB/T 1043) | *3*",visual-only,agreed,,,reader-r1-25-b,high,no-held-rows-on-page-in-scope quote-not-on-page,impact specimen drawing 80 x 10 x 4 mm with a 45.00° notch; layer lines and an arrow
batch-25.csv#352,context-held,context,R-3DJAKE-3DJAKE-TDS-magicPLA,1,,,all,"(Printed, non-injection molded)",,,,,,,printed,,,,,Technical Data Sheet,"(Printed, non-injection molded)",text,not-required,PC00011,,reader-r1-25-b,high,,heading under the title
batch-25.csv#368,context,context,R-3DJAKE-3DJAKE-TDS-mysteryPLA-v1-1,1,,,all,"(Printed, non-injection molded)",,,,,,,printed,,,,,Technical Data Sheet,"(Printed, non-injection molded)",text,not-required,,,reader-r1-25-b,high,,heading under the title
batch-25.csv#390,context,context,R-3DJAKE-3DJAKE-TDS-PETG,1,,,all,Typical properties (3D printed),,,,,,,printed,,,,,Typical properties (3D printed),"Typical properties (3D printed) | All specimens were printed with 100% infill, 2 shells and a layer height of 0.2mm",text,not-required,,V009103(specimen) V009104(specimen) V012602(specimen),reader-r1-25-b,high,,heading of the XY/XZ/ZX table
batch-25.csv#391,context,context,R-3DJAKE-3DJAKE-TDS-PETG,1,,,all,"All specimens were printed with 100% infill, 2 shells and a layer height of 0.2mm",,,,,,,printed,,,,infill=100%; shells=2; layer height=0.2mm,Typical properties (3D printed),"All specimens were printed with 100% infill, 2 shells and a layer height of 0.2mm",text,not-required,,V009103(specimen) V009104(specimen) V012602(specimen),reader-r1-25-b,high,,footnote under the printed-properties table
batch-25.csv#418,context,context,R-3DJAKE-3DJAKE-TDS-PETG,1,,,all,XY XZ ZX specimen orientations,,,,,,,,,,,,Printing recommendations,XY | XZ | ZX,text,not-required,,,reader-r1-25-b,high,,"drawings of dog-bone specimens flat (XY), on edge (XZ) and upright (ZX)"
batch-25.csv#421,context,context,R-3DJAKE-3DJAKE-TDS-PETG-23-12,1,,,all,Material properties,,,,,,,,,,,,Material properties,Material properties | Properties FDM H Injection Method,text,not-required,,,reader-r1-25-b,high,,two columns: FDM H (printed) and Injection (injection moulded); a blank cell means the property is given for one column only
batch-25.csv#444,context,context,R-3DJAKE-3DJAKE-TDS-PETG-CF-23-12,1,,,all,Material properties,,,,,,,,,,,,Material properties,Material properties | Properties FDM H Injection Method,text,not-required,,,reader-r1-25-b,high,,two columns: FDM H (printed) and Injection (injection moulded); a blank cell means the property is given for one column only
batch-25.csv#468,context,context,R-3DJAKE-3DJAKE-TDS-PETG-GF-26-04,1,,,all,Material properties,,,,,,,,,,,,Material properties,Material properties | Properties FDM H Injection Method,text,not-required,,,reader-r1-25-b,high,,two columns: FDM H (printed) and Injection (injection moulded); a blank cell means the property is given for one column only
batch-25.csv#495,context,context,R-3DJAKE-3DJAKE-TDS-PLA-MATTE,1,,,all,Typical properties (3D printed),,,,,,,printed,,,,,Typical properties (3D printed),"Typical properties (3D printed) | All specimens were printed with 100% infill, 2 shells and a layer height of 0.2mm",text,not-required,,V008791(specimen) V008792(specimen) V012621(specimen) V012622(specimen),reader-r1-25-b,high,,
batch-25.csv#496,context,context,R-3DJAKE-3DJAKE-TDS-PLA-MATTE,1,,,all,"All specimens were printed with 100% infill, 2 shells and a layer height of 0.2mm",,,,,,,printed,,,,infill=100%; shells=2; layer height=0.2mm,Typical properties (3D printed),"All specimens were printed with 100% infill, 2 shells and a layer height of 0.2mm",text,not-required,,V008791(specimen) V008792(specimen) V012621(specimen) V012622(specimen),reader-r1-25-b,high,,
batch-25.csv#523,context,context,R-3DJAKE-3DJAKE-TDS-PLA-MATTE,1,,,all,XY XZ ZX specimen orientations,,,,,,,,,,,,Printing recommendations,XY | XZ | ZX,text,not-required,,,reader-r1-25-b,high,,"drawings of dog-bone specimens flat (XY), on edge (XZ) and upright (ZX)"
batch-25.csv#547,context,context,R-3DJAKE-3DJAKE-TDS-PLA,1,,,all,Footnote [1],,,,,,,,,,,,Properties[1],"[1] These are typical values of the product’s properties, and these values alone do not represent a sufficient basis for any part design and are not intended for use in establishing maximum, minimum, or ranges of values for specification purposes.",text,not-required,,,reader-r1-25-b,high,,
batch-25.csv#548,context,context,R-3DJAKE-3DJAKE-TDS-PLA,1,,,all,Footnote [2] printing conditions,,,,,,,printed,,,,nozzle temperature=210℃; print speed=80mm/s; shells=2; nozzle size=0.4mm; infill=100%,S.I. Typical Value[2] - Printing,"[2] The listed values are maybe different for pigmented material. Printing conditions: Printing temperature=210℃, printing speed=80mm/s, number of shells=2, Nozzle size=0.4mm, and 100% infill.",text,not-required,,V009061(specimen) V009062(specimen) V009063(specimen) V009064(specimen),reader-r1-25-b,high,,applies to the Printing column
batch-25.csv#549,context,context,R-3DJAKE-3DJAKE-TDS-PLA,1,,,all,Footnote [2] injection moulding conditions,,,,,,,injection moulded,,,,temperature=190℃; back pressure=0-1MPa; mould temperature=30-40℃,S.I. Typical Value[2] - Injection Moulding,Injection moulding processing conditions: Temperature:190℃;Back pressure:0-1MPa; mould temperature: 30-40℃.,visual-only,agreed,,V009061(specimen) V009062(specimen) V009063(specimen) V009064(specimen),reader-r1-25-b,high,quote-not-on-page,"applies to the Injection Moulding column; page prints ""Injection molding""/line-broken text"
batch-25.csv#571,context,context,R-3DJAKE-3DJAKE-TDS-PLA,2,,,all,Reference note,,,,,,,,,,,,Typical Conditions of Printing,"The parameter is just for referential purpose only. In actual processing, the parameter should be adjusted by construction of 3D machine, shape and size of product, and so on.",text,not-required,,,reader-r1-25-b,high,no-held-rows-on-page-in-scope,
batch-26.csv#15,context,context,R-3DJAKE-3DJAKE-Technische-daten-PLAx,1,,,all,Properties FDM H / Injection,,,,,,,,,,,,Material properties,Properties FDM H Injection Method,text,not-required,,,reader-r1-26,high,,two columns: FDM H (printed) and Injection (moulded)
batch-26.csv#33,context-held,context,X-3DXPRO-LG-PETG-TDS-v3,1,G020-01,3DXPro Low-Gloss PETG,all,Printed Specimen Conditions,,,,,,XY,printed,,,,,Printed Specimen Conditions,Printed Specimen Conditions | Printer: Open Source FDM/FFF | Specimen Orientation: XY Flat,text,not-required,PC00313,V000382(specimen),reader-r1-26,high,,footer table stating conditions of the printed specimens
batch-26.csv#51,context,context,X-3DXSTAT-ESD-ABS-TDS-v3,1,G030-01,3DXSTAT ESD-ABS,all,Printed Specimen Conditions,,,,,,XY,printed,,,,,Printed Specimen Conditions,Printed Specimen Conditions | Printer: Open Source FDM/FFF | Specimen Orientation: XY Flat,text,not-required,,,reader-r1-26,high,,footer table stating conditions of the printed specimens
batch-26.csv#104,context,context,X-AMIDEX-Nylon-GF30-TDS-v1,1,,AmideX PA6-GF30,all,Printed Specimen Conditions,,,,,,XY,printed,,,,,Printed Specimen Conditions,Printed Specimen Conditions | Printer: Gearbox™ HT2 | Specimen Orientation: XY Flat,text,not-required,,,reader-r1-26,high,,footer table stating conditions of the printed specimens
batch-26.csv#122,context,context,X-CarbonX-CF-ABS-TDS-v3,1,G029-01,CarbonX Carbon Fiber ABS,all,Printed Specimen Conditions,,,,,,XY,printed,,,,,Printed Specimen Conditions,Printed Specimen Conditions | Printer: Open Source FDM/FFF | Specimen Orientation: XY Flat,text,not-required,,,reader-r1-26,high,,footer table stating conditions of the printed specimens
batch-26.csv#140,context-held,context,X-CarbonX-CF-ASA-TDS-v1,1,G033-02,CarbonX Carbon Fiber ASA,all,Printed Specimen Conditions,,,,,,XY Flat,printed,,,,,Printed Specimen Conditions,Printed Specimen Conditions | Printer: Open Source FDM/FFF | Specimen Orientation: XY Flat,text,not-required,PC00314,V002517(specimen) V002523(specimen),reader-r1-26-b,high,,footer table stating conditions of the printed specimens
batch-26.csv#158,context-held,context,X-CarbonX-CF-PA12-TDS-v1,1,G053-01,CarbonX Carbon Fiber Nylon 12 (PA12),all,Printed Specimen Conditions,,,,,,XY Flat,printed,,,,,Printed Specimen Conditions,Printed Specimen Conditions | Printer: Open Source FDM/FFF | Specimen Orientation: XY Flat,text,not-required,PC00315,V001118(specimen),reader-r1-26-b,high,,footer table stating conditions of the printed specimens
batch-26.csv#176,context-held,context,X-CarbonX-CF-PA12-TDS-v1,1,G062-01,CarbonX Carbon Fiber Nylon 12 (PA12),all,Printed Specimen Conditions,,,,,,XY Flat,printed,,,,,Printed Specimen Conditions,Printed Specimen Conditions | Printer: Open Source FDM/FFF | Specimen Orientation: XY Flat,text,not-required,PC00315,V001118(specimen),reader-r1-26-b,high,,footer table stating conditions of the printed specimens
batch-26.csv#194,context,context,X-CarbonX-CF-PC-TDSv3,1,G037-01,CarbonX Carbon Fiber Polycarbonate,all,Printed Specimen Conditions,,,,,,XY Flat,printed,,,,,Printed Specimen Conditions,Printed Specimen Conditions | Printer: Open Source FDM/FFF | Specimen Orientation: XY Flat,text,not-required,,,reader-r1-26-b,high,,footer table stating conditions of the printed specimens
batch-26.csv#212,context,context,X-ECOMAX-3DXMAX-ABS-TDS-v3,1,G027-06,3DXMAX ABS,all,Printed Specimen Conditions,,,,,,XY Flat,printed,,,,,Printed Specimen Conditions,Printed Specimen Conditions | Printer: Open Source FDM/FFF | Specimen Orientation: XY Flat,text,not-required,,,reader-r1-26-b,high,,footer table stating conditions of the printed specimens
batch-26.csv#230,context,context,X-ECOMAX-3DXMAX-ASA-TDS-v3,1,G031-05,3DXMAX ASA,all,Printed Specimen Conditions,,,,,,XY Flat,printed,,,,,Printed Specimen Conditions,Printed Specimen Conditions | Printer: Open Source FDM/FFF | Specimen Orientation: XY Flat,text,not-required,,,reader-r1-26-b,high,,footer table stating conditions of the printed specimens
batch-26.csv#248,context,context,X-ECOMAX-3DXMAX-PC-TDS-v3,1,G035-05,3DXMAX Polycarbonate,all,Printed Specimen Conditions,,,,,,XY Flat,printed,,,,,Printed Specimen Conditions,Printed Specimen Conditions | Printer: Open Source FDM/FFF | Specimen Orientation: XY Flat,text,not-required,,,reader-r1-26-b,high,,footer table stating conditions of the printed specimens
batch-26.csv#266,context,context,X-ECOMAX-3DXMAX-PETG-TDS,1,G020-12,3DXMAX PETG,all,Printed Specimen Conditions,,,,,,XY Flat,printed,,,,,Printed Specimen Conditions,Printed Specimen Conditions | Printer: Open Source FDM/FFF | Specimen Orientation: XY Flat,text,not-required,,,reader-r1-26-b,high,,footer table stating conditions of the printed specimens
batch-26.csv#284,context,context,X-ECOMAX-CarbonX-CF-ezPC-TDSv1,1,G037-04,CarbonX Carbon Fiber ezPC Polycarbonate,all,Printed Specimen Conditions,,,,,,XY Flat,printed,,,,,Printed Specimen Conditions,Printed Specimen Conditions | Printer: Open Source FDM/FFF | Specimen Orientation: XY Flat,text,not-required,,,reader-r1-26-b,high,,footer table stating conditions of the printed specimens
batch-26.csv#303,context,context,X-ECOMAX-CarbonX-CF-HTN-TDS-v2,1,G070-05,CarbonX Carbon Fiber High Temp Nylon (HTN),all,Printed Specimen Conditions,,,,,,XY Flat,printed,,,,,Printed Specimen Conditions,Printed Specimen Conditions | Printer: Open Source FDM/FFF | Specimen Orientation: XY Flat,text,not-required,,,reader-r1-26-b,high,,footer table stating conditions of the printed specimens
batch-26.csv#321,context,context,X-ECOMAX-CarbonX-CF-PETG-TDS-v3,1,G024-05,CarbonX Carbon Fiber PETG,all,Printed Specimen Conditions,,,,,,XY Flat,printed,,,,,Printed Specimen Conditions,Printed Specimen Conditions | Printer: Open Source FDM/FFF | Specimen Orientation: XY Flat,text,not-required,,,reader-r1-26-b,high,,footer table stating conditions of the printed specimens
batch-26.csv#339,context,context,X-ECOMAX-CarbonX-PA6-G3-TDS-v3-0,1,G050-10,CarbonX Carbon Fiber Nylon (Gen3),all,Printed Specimen Conditions,,,,,,XY Flat,printed,,,,,Printed Specimen Conditions,Printed Specimen Conditions | Printer: Open Source FDM/FFF | Specimen Orientation: XY Flat,text,not-required,,,reader-r1-26-b,high,,footer table stating conditions of the printed specimens
batch-26.csv#357,context,context,X-ECOMAX-CF-HTN-v1,1,G070-05,CarbonX Carbon Fiber High Temp Nylon (HTN),all,Printed Specimen Conditions,,,,,,XY Flat,printed,,,,,Printed Specimen Conditions,Printed Specimen Conditions | Printer: Open Source FDM/FFF | Specimen Orientation: XY Flat,text,not-required,,,reader-r1-26-b,high,,footer table stating conditions of the printed specimens
batch-26.csv#375,context,context,X-ECOMAX-ECOMAX-Tough-PLA-TDS-v1,1,G001-18,ECOMAX Tough PLA,all,Printed Specimen Conditions,,,,,,XY Flat,printed,,,,,Printed Specimen Conditions,Printed Specimen Conditions | Printer: Open Source FDM/FFF | Specimen Orientation: XY Flat,text,not-required,,,reader-r1-26-b,high,,footer table stating conditions of the printed specimens
batch-26.csv#393,context,context,X-ECOMAX-ezPC-TDS-v01,1,G035-04,ezPC Polycarbonate,all,Printed Specimen Conditions,,,,,,XY Flat,printed,,,,,Printed Specimen Conditions,Printed Specimen Conditions | Printer: Open Source FDM/FFF | Specimen Orientation: XY Flat,text,not-required,,,reader-r1-26-b,high,,footer table stating conditions of the printed specimens
batch-26.csv#411,context,context,X-ECOMAX-FIBREX-GF-ABS-TDS-v1,1,G028-03,FibreX ABS+GF10 Glass Fiber ABS,all,Printed Specimen Conditions,,,,,,XY Flat,printed,,,,,Printed Specimen Conditions,Printed Specimen Conditions | Printer: Open Source FDM/FFF | Specimen Orientation: XY Flat,text,not-required,,,reader-r1-26-b,high,,footer table stating conditions of the printed specimens
batch-26.csv#429,context,context,X-ECOMAX-PLA-TDS-v3,1,G001-01,ECOMAX PLA,all,Printed Specimen Conditions,,,,,,XY Flat,printed,,,,,Printed Specimen Conditions,Printed Specimen Conditions | Printer: Open Source FDM/FFF | Specimen Orientation: XY Flat,text,not-required,,,reader-r1-26-b,high,,footer table stating conditions of the printed specimens
batch-26.csv#447,context,context,X-ECOMAX-SimuBone-TDS-v1,1,G001-178,SimuBone Bone Simulation,all,Printed Specimen Conditions,,,,,,XY Flat,printed,,,,,Printed Specimen Conditions,Printed Specimen Conditions | Printer: Open Source FDM/FFF | Specimen Orientation: XY Flat,text,not-required,,,reader-r1-26-b,high,,footer table stating conditions of the printed specimens
batch-27.csv#3,context,context,X-ECOMAX-Trilan-PC-TDS-v1,1,G035-26,Trilan PC Model Material,all,Specimen Conditions,"Printer: Fortus® 400mc; Layer Height: 0.013"" / 0.33mm; Infill Density: Solid; Specimen Orientation: XY Flat",,,,,XY Flat,,,,,"printer=Fortus 400mc; layer height=0.013"" / 0.33mm; infill=Solid",Specimen Conditions,"Specimen Conditions | Printer: Fortus® 400mc | Layer Height: 0.013"" / 0.33mm | Infill Density: Solid | Specimen Orientation: XY Flat",visual-only,agreed,,,reader-r1-27,high,quote-not-on-page,"sheet names a printer and layer height for the specimens but does not say ""printed"" in words"
batch-27.csv#14,context,context,X-ECOMAX-TriMax-CF-ABS-TDS-v1,1,G029-11,TriMax Carbon Fiber ABS Model Material,all,Specimen Conditions,"Printer: Fortus® 400mc; Layer Height: 0.013"" / 0.33mm; Infill Density: Solid; Specimen Orientation: XY Flat",,,,,XY Flat,,,,,"printer=Fortus 400mc; layer height=0.013"" / 0.33mm; infill=Solid",Specimen Conditions,"Specimen Conditions | Printer: Fortus® 400mc | Layer Height: 0.013"" / 0.33mm | Infill Density: Solid | Specimen Orientation: XY Flat",visual-only,agreed,,,reader-r1-27,high,quote-not-on-page,"sheet names a printer and layer height for the specimens but does not say ""printed"" in words"
batch-27.csv#25,context,context,X-ECOMAX-TriStat-ESD-ABS-TDS-v1,1,G030-11,TriStat ESD-ABS Model Material,all,Specimen Conditions,"Printer: Fortus® 400mc; Layer Height: 0.013"" / 0.33mm; Infill Density: Solid; Specimen Orientation: XY Flat",,,,,XY Flat,,,,,"printer=Fortus 400mc; layer height=0.013"" / 0.33mm; infill=Solid",Specimen Conditions,"Specimen Conditions | Printer: Fortus® 400mc | Layer Height: 0.013"" / 0.33mm | Infill Density: Solid | Specimen Orientation: XY Flat",visual-only,agreed,,,reader-r1-27,high,quote-not-on-page,"sheet names a printer and layer height for the specimens but does not say ""printed"" in words"
batch-27.csv#36,context,context,X-ECOMAX-Triton-ABS-TDS-v1,1,G027-57,Triton ABS Model Material,all,Specimen Conditions,"Printer: Fortus® 400mc; Layer Height: 0.013"" / 0.33mm; Infill Density: Solid; Specimen Orientation: XY Flat",,,,,XY Flat,,,,,"printer=Fortus 400mc; layer height=0.013"" / 0.33mm; infill=Solid",Specimen Conditions,"Specimen Conditions | Printer: Fortus® 400mc | Layer Height: 0.013"" / 0.33mm | Infill Density: Solid | Specimen Orientation: XY Flat",visual-only,agreed,,,reader-r1-27,high,quote-not-on-page,"sheet names a printer and layer height for the specimens but does not say ""printed"" in words"
batch-27.csv#47,context,context,X-ECOMAX-Triton-ASA-TDS-v1,1,G031-39,Triton ASA Model Material,all,Specimen Conditions,"Printer: Fortus® 400mc; Layer Height: 0.013"" / 0.33mm; Infill Density: Solid; Specimen Orientation: XY Flat",,,,,XY Flat,,,,,"printer=Fortus 400mc; layer height=0.013"" / 0.33mm; infill=Solid",Specimen Conditions,"Specimen Conditions | Printer: Fortus® 400mc | Layer Height: 0.013"" / 0.33mm | Infill Density: Solid | Specimen Orientation: XY Flat",visual-only,agreed,,,reader-r1-27,high,quote-not-on-page,"sheet names a printer and layer height for the specimens but does not say ""printed"" in words"
batch-27.csv#58,context,context,X-ECOMAX-Triton-PC-ABS-TDS-v1,1,G094-12,Triton PC/ABS Model Material,all,Specimen Conditions,"Printer: Fortus® 400mc; Layer Height: 0.013"" / 0.33mm; Infill Density: Solid; Specimen Orientation: XY Flat",,,,,XY Flat,,,,,"printer=Fortus 400mc; layer height=0.013"" / 0.33mm; infill=Solid",Specimen Conditions,"Specimen Conditions | Printer: Fortus® 400mc | Layer Height: 0.013"" / 0.33mm | Infill Density: Solid | Specimen Orientation: XY Flat",visual-only,agreed,,,reader-r1-27,high,quote-not-on-page,"sheet names a printer and layer height for the specimens but does not say ""printed"" in words"
batch-27.csv#69,context,context,X-FIBREX-GF-PP-TDS-v1,1,G084-01,FibreX PP+GF30 3D Printing Filament,all,Printed Specimen Conditions,"Printer: Open Source FDM/FFF; Nozzle: 0.4mm; Layer Height: 0.25mm; Infill: 100%, +/- 45°; Extrusion Temp: 265°C; Bed Temp: 85°C; Specimen Orientation: XY Flat",,,,,XY Flat,printed,,,,"nozzle=0.4mm; layer height=0.25mm; infill=100%, +/- 45°; extrusion temp=265°C; bed temp=85°C",Printed Specimen Conditions,"Printed Specimen Conditions | Printer: Open Source FDM/FFF | Nozzle: 0.4mm | Layer Height: 0.25mm | Infill: 100%, +/- 45° | Extrusion Temp: 265°C | Bed Temp: 85°C | Specimen Orientation: XY Flat",text,not-required,,,reader-r1-27,high,,held profile deliberately records no print settings; the conditions are of the test specimens
batch-27.csv#244,context,context,R-3DJAKE-ABS-P-TDS-1,1,G027-41,ABS,all,Property of 3D printed specimens,Property of 3D printed specimens,,,,,,printed,,,,printer=AzureFilm; slicer=Cura; nozzle=0.4 mm; infill=20 %; shells=2; layer height=0.3 mm; nozzle temp=260 °C; bed temp=90 °C; print speed=50 mm/s,Properties,Property of 3D printed specimens | Test specimens print settings,visual-only,agreed,,,reader-r1-27-b,high,quote-not-on-page,heading of the properties table; the print settings used for the specimens are listed under Test specimens print settings
batch-28.csv#10,context,context,R-3DJAKE-EN-TDS-LumberLay-pptx,1,,,all,All specimens were printed with 100% infill 2 shells and layer height 0.2mm,,,,,,,printed,,,,infill=100%; shells=2; layer height=0.2 mm,Typical properties (3D printed),"All specimens were printed with 100% infill, 2 shells and a layer height of 0.2mm",text,not-required,,V010031(specimen) V010032(specimen) V012650(specimen) V012651(specimen),reader-r1-28-b,high,,footnote under the 3D printed table
batch-28.csv#38,context,context,R-3DJAKE-PLA-TDS,1,,PLA,all,Property of 3D printed specimens,,,,,,,printed,,,,,Properties,Property of 3D printed specimens Test condition PLA,visual-only,agreed,,,reader-r1-28-b,high,quote-not-on-page,heading of the properties table
batch-28.csv#39,context,context,R-3DJAKE-PLA-TDS,1,,PLA,all,Test specimens print settings,,,,,,,printed,,,,printer=Creality Ender 3; slicer=Cura; nozzle diameter=0.4 mm; infill=20 %; shells=2; layer height=0.2 mm; nozzle temp=200 °C; bed temp=55 °C; print speed=50 mm/s,Test specimens print settings,"3D printer: Creality Ender 3 Nozzle temperature: 200 °C | Infill: 20 % | Slicer: Cura Bed temperature: 55 °C | Shells: 2 | Nozzle: 0,4 mm Print speed: 50 mm/s | Layer height: 0,2 mm",text,not-required,,,reader-r1-28-b,high,,"settings the test specimens were printed with, not a recommendation; sheet prints decimal commas (0,4 and 0,2 mm)"
batch-28.csv#54,context,context,R-3DJAKE-PLA-TDS-7,1,,PLA,all,Property of 3D printed specimens,,,,,,,printed,,,,,Properties,Property of 3D printed specimens Test condition PLA,visual-only,agreed,,,reader-r1-28-b,high,quote-not-on-page,heading of the properties table
batch-28.csv#55,context,context,R-3DJAKE-PLA-TDS-7,1,,PLA,all,Test specimens print settings,,,,,,,printed,,,,printer=AzureFilm; slicer=Cura; nozzle diameter=0.4 mm; infill=20 %; shells=2; layer height=0.3 mm; nozzle temp=200 °C; bed temp=55 °C; print speed=50 mm/s,Test specimens print settings,"3D printer: AzureFilm Nozzle temperature: 200 °C | Infill: 20 % | Slicer: Cura Bed temperature: 55 °C | Shells: 2 | Nozzle: 0,4 mm Print speed: 50 mm/s | Layer height: 0,3 mm",text,not-required,,,reader-r1-28-b,high,,"settings the test specimens were printed with, not a recommendation; sheet prints decimal commas; layer height 0,3 mm here (0,2 mm on the sibling sheet)"
batch-28.csv#99,context,context,B-asa-aero-TDS,3,,ASA Aero,all,Specimen footnote,,,,,,,printed,dried 80 °C 12 h,annealed 80 °C 12 h,,nozzle temp=225 °C; bed temp=85 °C; print speed=100 mm/s; infill=100%,Specimen Printing Conditions,"* All the specimens were printed at the following settings: Nozzle Temperature = 225 °C, Printing Speed = 100 mm/s, Bed Temperature = 85 °C, Infill Density= 100%. All the specimens were annealed and dried at 80 °C for 12 h before testing.",text,not-required,,,reader-r1-28-b,high,no-held-rows-on-page-in-scope,speaks for the tables on page 2
batch-28.csv#129,context,context,B-asa-aero-TDS,3,,ASA Aero,all,Annealing recommendation,,,,,,,,,annealed 80 to 90 °C 6 to 12 hours,,anneal temp=80 to 90 °C; anneal time=6 to 12 h,Specimen Printing Conditions,"the suggested annealing temperature of models printed with Bambu ASA is 80 to 90 °C, and the time is 6 to 12 hours",text,not-required,,,reader-r1-28-b,high,no-held-rows-on-page-in-scope,suggested annealing for prints; not a test condition
batch-28.csv#190,context,context,B-PC-Bambu-PC-Technical-Data-Sheet,3,,PC,all,Specimen footnote,,,,,,,printed,dried 80 °C 12 h,annealed 80 °C 12 h,,nozzle temp=270 °C; bed temp=100 °C; print speed=100 mm/s; infill=100%,Specimen Printing Conditions,"* All the specimens were printed at the following settings: Nozzle Temperature = 270 °C, Printing Speed = 100 mm/s, Bed Temperature = 100 °C, Infill Density = 100%. All the specimens were annealed and dried at 80 °C for 12 h before testing.",text,not-required,,,reader-r1-28-b,high,no-held-rows-on-page-in-scope,speaks for the tables on page 2; footnote speed 100 mm/s differs from the table above (200 mm/s)
batch-28.csv#191,context,context,B-PC-Bambu-PC-Technical-Data-Sheet,3,,PC,all,Annealing recommendation,,,,,,,,,annealed 85 to 100 °C 6 to 12 hours,,anneal temp=85 to 100 °C; anneal time=6 to 12 h,Specimen Printing Conditions,"the suggested annealing temperature of models printed with Bambu PC is 85 to 100 °C, and the time is 6 to 12 hours",text,not-required,,,reader-r1-28-b,high,no-held-rows-on-page-in-scope,suggested annealing for prints; not a test condition
batch-28.csv#225,context,context,B-PC-PLA-Pure-TDS,3,,PLA Pure,all,Note on test specimens,,,,,,,printed,baked 50 °C blast drying oven 8 h before printing,,,printer=Bambu H2D; nozzle=0.4 mm hardened steel; nozzle temp=220 °C; bed temp=55 °C; print speed=147 mm/s; infill=100%,Mechanical Properties,"Note: The consumables used in the test are PLA Pure Milky Pink, which were baked in a 50°C blast drying oven for 8 hours before printing. The printing equipment is the Bambu H2D model, using a 0.4 mm hardened steel nozzle, with the nozzle temperature set at 220°C, the hot bed temperature at 55°C, the printing speed at 147 mm/s, and the filling rate at 100%.",block,not-required,,,reader-r1-28-b,high,no-held-rows-on-page-in-scope,specimen colour PLA Pure Milky Pink; note sits beside the mechanical table; the specimens are not stated to be annealed
batch-28.csv#226,context,context,B-PC-PLA-Pure-TDS,3,,PLA Pure,all,Annealing recommendation,,,,,,,,,annealed 50 and 60 °C 6 to 12 hours,,anneal temp=50 to 60 °C; anneal time=6 to 12 h,Mechanical Properties,"it is recommended to control the annealing temperature between 50 and 60°C, with an annealing duration of 6 to 12 hours",text,not-required,,,reader-r1-28-b,high,no-held-rows-on-page-in-scope,recommendation for prints if annealing is required; not stated as applied to the specimens
batch-28.csv#287,context,context,B-PC-TDS,2,,PC,tensile,Mechanical Properties（Dry state）,,,,,,,printed,Dry state,annealed 80 °C 12 hours,,,Mechanical Properties（Dry state）,Mechanical Properties（Dry state）,text,not-required,,,reader-r1-28-b,high,,heading of the mechanical table (stands for tensile flexural impact rows)
batch-28.csv#317,context,context,B-PC-TDS,3,,PC,all,Specimen footnote,,,,,,,printed,dried 80 °C 12 hours,annealed 80 °C 12 hours,,,Specimen Printing Conditions,*All the specimens were annealed and dried at 80 °C for 12 hours before testing.,text,not-required,,,reader-r1-28-b,high,no-held-rows-on-page-in-scope,speaks for the tables on page 2
batch-28.csv#350,context-held,context,B-PC-uVYGQd,3,,PLA Pure,all,Note on test specimens,,,,,,,printed,baked 50 °C blast drying oven 8 h before printing,,,printer=Bambu H2D; nozzle=0.4 mm hardened steel; nozzle temp=220 °C; bed temp=55 °C; print speed=147 mm/s; infill=100%,Mechanical Properties,"Note: The consumables used in the test are PLA Pure Milky Pink, which were baked in a 50°C blast drying oven for 8 hours before printing. The printing equipment is the Bambu H2D model, using a 0.4 mm hardened steel nozzle, with the nozzle temperature set at 220°C, the hot bed temperature at 55°C, the printing speed at 147 mm/s, and the filling rate at 100%.",block,not-required,PC00317,V010503(specimen) V010504(specimen) V010505(specimen) V010506(specimen) V010507(specimen),reader-r1-28-b,high,,specimen colour PLA Pure Milky Pink; note sits beside the mechanical table; the specimens are not stated to be annealed
batch-28.csv#351,context-held,context,B-PC-uVYGQd,3,,PLA Pure,all,Annealing recommendation,,,,,,,,,annealed 50 and 60 °C 6 to 12 hours,,anneal temp=50 to 60 °C; anneal time=6 to 12 h,Mechanical Properties,"it is recommended to control the annealing temperature between 50 and 60°C, with an annealing duration of 6 to 12 hours",text,not-required,PC00317,V010503(treatment=annealed) V010504(treatment=annealed) V010505(treatment=annealed) V010506(treatment=annealed) V010507(treatment=annealed),reader-r1-28-b,high,,recommendation for prints if annealing is required; not stated as applied to the specimens
batch-28.csv#605,context,context,B-tpu-95a-hf-TDS,3,,TPU 95A HF,all,Specimen footnote,,,,,,,printed,dried 70 °C 12 h,annealed 70 °C 12 h,,,Specimen Printing Conditions,*All the specimens were annealed and dried at 70 °C for 12 h before testing.,text,not-required,,,reader-r1-28-b,high,no-held-rows-on-page-in-scope,speaks for the tables on page 2; the footnote adds that annealing TPU prints is not recommended
batch-28.csv#667,context,context,B-TPU-SOFT-TDS-4,3,,TPU 90A,all,Specimen footnote,,,,,,,printed,dried 70 °C 12 h,,,nozzle temp=225 °C; bed temp=35 °C; print speed=34 mm/s; infill=100%,Specimen Printing Conditions,"* All the specimens were printed at the following settings: Nozzle Temperature = 225 °C, Printing Speed = 34 mm/s, Bed Temperature = 35 °C, Infill Density= 100%. All the specimens were dried at 70 °C for 12 h before testing.",text,not-required,,,reader-r1-28-b,high,no-held-rows-on-page-in-scope,speaks for the tables on page 2; this sheet says dried only (not annealed) and that annealing TPU prints is not recommended
batch-29.csv#24,context,context,B-TPU-SOFT-TDS-5,2,G043-01,TPU 85A,all,Properties,Typical values are listed as followed:,,,,,,,,,,,Properties,"Bambu Lab has tested the differing aspects in the performance of TPU 85A material, including physical, mechanical, and chemical properties. Typical values are listed as followed:",text,not-required,,,reader-r1-29-b,high,,
batch-29.csv#62,context,context,B-TPU-SOFT-TDS-5,3,,TPU 85A,all,Specimen Printing Conditions,printed specimens,,,,,,printed,,,,,Specimen Printing Conditions,"* All the specimens were printed at the following settings: Nozzle Temperature = 225 °C, Printing Speed = 34 mm/s, Bed Temperature = 35 °C, Infill Density= 100%.",text,not-required,,,reader-r1-29-b,high,no-held-rows-on-page-in-scope,
batch-29.csv#63,context,context,B-TPU-SOFT-TDS-5,3,,TPU 85A,all,Specimen Printing Conditions,dried at 70 °C for 12 h before testing,,,,,,,dried at 70 °C for 12 h before testing,,,,Specimen Printing Conditions,All the specimens were dried at 70 °C for 12 h before testing.,text,not-required,,,reader-r1-29-b,high,no-held-rows-on-page-in-scope,
batch-29.csv#64,context,context,B-TPU-SOFT-TDS-5,3,,TPU 85A,all,Specimen Printing Conditions,not recommended to anneal,,,,,,,,,,,Specimen Printing Conditions,It's not recommended to anneal prints of TPU,text,not-required,,,reader-r1-29-b,medium,no-held-rows-on-page-in-scope,advice only; does not state the specimens were not annealed
batch-29.csv#75,context,context,R-BAMBU-PRIORITY-20261003-1a684f125817,1,G041-01,TPU 95A HF,all,Model Specimens,Diameter: 50 mm Height: 100 mm Infill:40%,,,,,,,,,,,High Speed Printing,Model Specimens  Diameter: 50 mm Height: 100 mm Infill:40%,text,not-required,,,reader-r1-29-b,high,no-held-rows-on-page-in-scope,applies to the speed comparison only
batch-29.csv#104,context,context,R-BAMBU-PRIORITY-20261003-f50ef28e766c,1,G032-01,ASA Aero,physical,Foaming table,Specimen Test: Nozzle Type: 0.4 mm; Printing Speed: 80 mm/s; Model size (L*W*H): 80*10*4 mm³ (the XY direction),,,,,XY,printed,,,,,Printing Temperature table (maximum foaming rate vs temperature),* Specimen Test: Nozzle Type: 0.4 mm; Printing Speed: 80 mm/s; Model size (L*W*H): 80*10*4 mm³ (the XY direction),text,not-required,,,reader-r1-29-b,high,,
batch-29.csv#206,context,context,R-BASF-ExtendedTDS-Ultrafuse-ASA-V2-1,3,G031-23,Ultrafuse ASA,all,Side note,specimens produced with Fused Filament Fabrication,,,,,,printed,,,,,Technical Data Sheet,Values in this document are average values. | The used specimens are produced with the Fused Filament Fabrication method. | Measured values can vary depending on used print orientation and print parameters.,visual-only,agreed,,,reader-r1-29-b,high,no-held-rows-on-page-in-scope quote-not-on-page,margin text repeated on pages 3 to 6
batch-29.csv#225,context-held,context,R-BASF-ExtendedTDS-Ultrafuse-ASA-V2-1,5,G031-23,Ultrafuse ASA,tensile,Footnote 5,"Samples were conditioned in standard climate (23°C, 50% RH 72h)",,,,,,printed,"conditioned in standard climate (23°C, 50% RH 72h)",,,,Tensile Properties,"Samples were conditioned in standard climate (23°C, 50% RH 72h)",text,not-required,PC00026,,reader-r1-29-b,high,,footnote 5 marks the Tensile Properties heading; specimens FFF per side note
batch-29.csv#226,context-held,context,R-BASF-ExtendedTDS-Ultrafuse-ASA-V2-1,5,G031-23,Ultrafuse ASA,flexural,Footnote 5,"Samples were conditioned in standard climate (23°C, 50% RH 72h)",,,,,,printed,"conditioned in standard climate (23°C, 50% RH 72h)",,,test speed 2 mm/min,Flexural Properties,"Samples were conditioned in standard climate (23°C, 50% RH 72h) | Testing speed: 2 mm/min",text,not-required,PC00027,,reader-r1-29-b,high,,footnotes 5 and 8 mark the Flexural Properties heading
batch-29.csv#227,context-held,context,R-BASF-ExtendedTDS-Ultrafuse-ASA-V2-1,5,G031-23,Ultrafuse ASA,impact,Footnote 5,"Samples were conditioned in standard climate (23°C, 50% RH 72h)",,,,,,printed,"conditioned in standard climate (23°C, 50% RH 72h)",,,,Impact Properties,"Samples were conditioned in standard climate (23°C, 50% RH 72h)",text,not-required,PC00028,,reader-r1-29-b,high,,footnote 5 marks the Impact Properties heading
batch-29.csv#264,context,context,R-BASF-ExtendedTDS-Ultrafuse-ASA-V2-1,6,G031-23,Ultrafuse ASA,all,Print direction explanation,The print direction is consistently along the Z-axis,,,,,,,,,,,Print direction explanation,The orientation of the 3D printed part in the printer is always aligned with the longest axis first. The print direction is consistently along the Z-axis.,block,not-required,,,reader-r1-29-b,high,no-held-rows-on-page-in-scope,three specimen drawings with X Y Z axes
batch-29.csv#269,context,context,R-BASF-ExtendedTDS-Ultrafuse-ASA-V2-1,11,G031-23,Ultrafuse ASA,all,Test Method and Specimens,chemical tests not performed on printed Ultrafuse ASA specimens; based on literature data for ASA in general,,,,,,,,,,,Chemical Resistance (based on general ASA literature information),"The following table shows the expected resistance against chemicals, based on literature data for ASA in general. | the chemical tests have not been performed on printed Ultrafuse® ASA specimens.",text,not-required,,,reader-r1-29-b,high,no-held-rows-on-page-in-scope,literature values for ASA in general
batch-29.csv#292,context,context,R-BASF-ExtendedTDS-Ultrafuse-PAHT-CF15-V1-5,3,G048-02,Ultrafuse PAHT CF15,all,Side note,specimens produced with Fused Filament Fabrication,,,,,,printed,,,,,Technical Data Sheet,Values in this document are average values | The used specimens are produced with the Fused Filament Fabrication method. | Measured values can vary depending on used print orientation and print parameters.,block,not-required,,,reader-r1-29-b,high,no-held-rows-on-page-in-scope,margin text repeated on pages 3 to 7
batch-29.csv#317,context-held,context,R-BASF-ExtendedTDS-Ultrafuse-PAHT-CF15-V1-5,4,G048-02,Ultrafuse PAHT CF15,all,Footnote 6,Samples were conditioned in 336h at 70°C / 62% RH,,,,,,,Samples were conditioned in 336h at 70°C / 62% RH,,,,General Properties,Samples were conditioned in 336h at 70°C / 62% RH,text,not-required,PC00392,V012681(moisture=conditioned),reader-r1-29-b,high,,"defines ""conditioned"" used in row labels on pages 4 to 7"
batch-29.csv#318,context-held,context,R-BASF-ExtendedTDS-Ultrafuse-PAHT-CF15-V1-5,4,G048-02,Ultrafuse PAHT CF15,all,Footnote 7,Samples were dried at 80°C vacuum until weight constancy,,,,,,,Samples were dried at 80°C vacuum until weight constancy,,,,General Properties,Samples were dried at 80°C vacuum until weight constancy,text,not-required,PC00392,V012681(moisture=dry),reader-r1-29-b,high,,"defines ""dry"" used in row labels on pages 4 to 7"
batch-29.csv#319,context,context,R-BASF-ExtendedTDS-Ultrafuse-PAHT-CF15-V1-5,5,G048-02,Ultrafuse PAHT CF15,tensile,Tensile Properties table,XZ-Direction column is a dash for every row,,,,,,printed,,,ISO 527,,Tensile Properties,Tensile Properties | Standard | Average Values | XY- Direction | XZ- Direction | ZX- Direction,visual-only,agreed,,,reader-r1-29-b,high,quote-not-on-page,XZ column dash (or blank for annealed modulus and dry annealed elongation rows); footnotes 11 and 12 are cited in labels but not printed on this page
batch-29.csv#344,context,context,R-BASF-ExtendedTDS-Ultrafuse-PAHT-CF15-V1-5,6,G048-02,Ultrafuse PAHT CF15,flexural,Footnote 10,Testing speed: 2 mm/min,,,,,,printed,,,ISO 178,speed=2 mm/min,Flexural Properties,Testing speed: 2 mm/min,text,not-required,,,reader-r1-29-b,high,,footnote 10 on Flexural Properties heading
batch-29.csv#422,context,context,R-BASF-ExtendedTDS-Ultrafuse-PET-CF15-V1-4,3,G067-06,Ultrafuse PET CF15,all,Side note,specimens produced with Fused Filament Fabrication,,,,,,printed,,,,,Technical Data Sheet,Values in this document are average values | The used specimens are produced with the Fused Filament Fabrication method. | Measured values can vary depending on used print orientation and print parameters.,block,not-required,,,reader-r1-29-b,high,no-held-rows-on-page-in-scope,margin text repeated on pages 3 to 5; held page_context rows PC00040 (p5) and PC00042 (p4) hold it
batch-29.csv#440,context-held,context,R-BASF-ExtendedTDS-Ultrafuse-PET-CF15-V1-4,4,G067-06,Ultrafuse PET CF15,tensile,Footnote 5,"Samples were conditioned in standard climate (23°C, 50% RH 72h)",,,,,,printed,"conditioned in standard climate (23°C, 50% RH 72h)",,,,Tensile Properties,"Samples were conditioned in standard climate (23°C, 50% RH 72h)",text,not-required,PC00042,,reader-r1-29-b,high,,footnote 5 marks the Tensile Properties heading only
batch-29.csv#480,context-held,context,R-BASF-ExtendedTDS-Ultrafuse-PET-CF15-V1-4,5,G067-06,Ultrafuse PET CF15,all,Print direction explanation,The print direction is consistently along the Z-axis,,,,,,,,,,,Print direction explanation,The orientation of the 3D printed part in the printer is always aligned with the longest axis first. The print direction is consistently along the Z-axis.,block,not-required,PC00040,,reader-r1-29-b,high,,three specimen drawings with X Y Z axes
batch-29.csv#497,context,context,R-BASF-Ultrafuse-HiPS-TDS-EN-v2-2,3,G081-09,Ultrafuse HiPS,all,Mechanical Properties,Print direction XY Flat; XZ On its edge; ZX Upright,,,,,,,,,,,Mechanical Properties,Print direction | Standard | XY | XZ | ZX | Flat | On its edge | Upright,text,not-required,,,reader-r1-29-b,high,,no statement about specimen preparation or moisture state on this page; XZ column is a dash for tensile rows
batch-30.csv#26,context,context,R-FORWARDAM-PAHT-CF15-TDS-v4-0,3,,,all,Conditioning of the specimens,Standard climate (23°C 50% RH 72h),,,,,,,conditioned 23 °C 50 % RH 72 h,,,,General Properties,"Conditioning of the specimens: Standard climate (23°C, 50% RH 72h)",text,not-required,,V002456(moisture=conditioned) V002457(moisture=conditioned) V002458(moisture=conditioned) V002459(moisture=conditioned) V002460(moisture=conditioned),reader-r1-30,high,contradicts:V002461:moisture contradicts:V002462:moisture contradicts:V002463:moisture contradicts:V002464:moisture contradicts:V012696:moisture,footnote 1 for rows marked (conditioned1)
batch-30.csv#27,context-held,context,R-FORWARDAM-PAHT-CF15-TDS-v4-0,3,,,physical,*measured on filament,measured on filament,,,,,,filament,,,,,General Properties,*measured on filament,text,not-required,PC00318,V002456(specimen) V002460(specimen) V012696(specimen),reader-r1-30,high,,footnote * for Filament Density
batch-30.csv#44,context,context,R-FORWARDAM-PAHT-CF15-TDS-v4-0,4,,,tensile,Mechanical Properties | Dried Specimen,Mechanical Properties | Dried Specimen,,,,,,printed,Dried Specimen,,,,Mechanical Properties | Dried Specimen,Mechanical Properties | Dried Specimen,text,not-required,,,reader-r1-30,high,,heading above print-direction table; specimens drawn as printed flat/on edge/upright
batch-30.csv#45,context,context,R-FORWARDAM-PAHT-CF15-TDS-v4-0,4,,,flexural,Mechanical Properties | Dried Specimen,Mechanical Properties | Dried Specimen,,,,,,printed,Dried Specimen,,,,Mechanical Properties | Dried Specimen,Mechanical Properties | Dried Specimen,text,not-required,,,reader-r1-30,high,,
batch-30.csv#46,context,context,R-FORWARDAM-PAHT-CF15-TDS-v4-0,4,,,impact,Mechanical Properties | Dried Specimen,Mechanical Properties | Dried Specimen,,,,,,printed,Dried Specimen,,,,Mechanical Properties | Dried Specimen,Mechanical Properties | Dried Specimen,text,not-required,,,reader-r1-30,high,,
batch-30.csv#47,context,context,R-FORWARDAM-PAHT-CF15-TDS-v4-0,4,,,tensile,footnote 2,testing speed: 5 mm/min,,,,,,,,,ISO 527,rate=5 mm/min,Mechanical Properties | Dried Specimen,testing speed: 5 mm/min,text,not-required,,,reader-r1-30,high,,footnote 2 marks Tensile strength and Elongation at Break
batch-30.csv#48,context,context,R-FORWARDAM-PAHT-CF15-TDS-v4-0,4,,,tensile,footnote 3,testing speed: 1 mm/min,,,,,,,,,ISO 527,rate=1 mm/min,Mechanical Properties | Dried Specimen,testing speed: 1 mm/min,text,not-required,,,reader-r1-30,high,,footnote 3 marks Young's Modulus
batch-30.csv#49,context,context,R-FORWARDAM-PAHT-CF15-TDS-v4-0,4,,,flexural,footnote 4,testing speed: 2 mm/min,,,,,,,,,ISO 178,rate=2 mm/min,Mechanical Properties | Dried Specimen,testing speed: 2 mm/min,text,not-required,,,reader-r1-30,high,,footnote 4 marks the three flexural rows
batch-30.csv#80,context,context,R-FORWARDAM-PAHT-CF15-TDS-v4-0,5,,,tensile,Mechanical Properties | Conditioned Specimen1,Mechanical Properties | Conditioned Specimen1,,,,,,printed,conditioned 23 °C 50 % RH 72 h,,,,Mechanical Properties | Conditioned Specimen1,Mechanical Properties | Conditioned Specimen1,visual-only,agreed,,,reader-r1-30,high,quote-not-on-page,
batch-30.csv#81,context,context,R-FORWARDAM-PAHT-CF15-TDS-v4-0,5,,,flexural,Mechanical Properties | Conditioned Specimen1,Mechanical Properties | Conditioned Specimen1,,,,,,printed,conditioned 23 °C 50 % RH 72 h,,,,Mechanical Properties | Conditioned Specimen1,Mechanical Properties | Conditioned Specimen1,visual-only,agreed,,,reader-r1-30,high,quote-not-on-page,
batch-30.csv#82,context,context,R-FORWARDAM-PAHT-CF15-TDS-v4-0,5,,,impact,Mechanical Properties | Conditioned Specimen1,Mechanical Properties | Conditioned Specimen1,,,,,,printed,conditioned 23 °C 50 % RH 72 h,,,,Mechanical Properties | Conditioned Specimen1,Mechanical Properties | Conditioned Specimen1,visual-only,agreed,,,reader-r1-30,high,quote-not-on-page,
batch-30.csv#83,context,context,R-FORWARDAM-PAHT-CF15-TDS-v4-0,5,,,all,footnote 1,Conditioning of the specimens: Standard climate (23°C 50% RH 72h),,,,,,,conditioned 23 °C 50 % RH 72 h,,,,Mechanical Properties | Conditioned Specimen1,"Conditioning of the specimens: Standard climate (23°C, 50% RH 72h)",text,not-required,,,reader-r1-30,high,,
batch-30.csv#84,context,context,R-FORWARDAM-PAHT-CF15-TDS-v4-0,5,,,tensile,footnote 2,testing speed: 5 mm/min,,,,,,,,,ISO 527,rate=5 mm/min,Mechanical Properties | Conditioned Specimen1,testing speed: 5 mm/min,text,not-required,,,reader-r1-30,high,,
batch-30.csv#85,context,context,R-FORWARDAM-PAHT-CF15-TDS-v4-0,5,,,tensile,footnote 3,testing speed: 1 mm/min,,,,,,,,,ISO 527,rate=1 mm/min,Mechanical Properties | Conditioned Specimen1,testing speed: 1 mm/min,text,not-required,,,reader-r1-30,high,,
batch-30.csv#86,context,context,R-FORWARDAM-PAHT-CF15-TDS-v4-0,5,,,flexural,footnote 4,testing speed: 2 mm/min,,,,,,,,,ISO 178,rate=2 mm/min,Mechanical Properties | Conditioned Specimen1,testing speed: 2 mm/min,text,not-required,,,reader-r1-30,high,,
batch-30.csv#284,context,context,R-BRASKEM-Braskem-3D-Printing-Data-Sheet-FL900PP-CF,1,,,all,Printed Part Properties footnote *,Printed part properties obtained using test specimens printed in X-Y direction under the following conditions,,,,,XY,printed,,,,print_temp=260 °C; bed_temp=85 °C; print_speed=1800 mm/min; infill=100% grid (90°); perimeters=0; nozzle=0.60 mm hardened; layer_height=0.2 mm,Printed Part Properties,"Printed part properties obtained using test specimens printed in X-Y direction under the following conditions: printing temperature 260°C, bed temperature 85°C, print speed 1800 mm/min, 100% of grid (90°) infill, 0 perimeter/shell layers, 0.60 mm hardened nozzle and 0.2 mm layer height.",text,not-required,,,reader-r1-30,high,,footnote * marks Tensile Strength; Elongation; Youngs Modulus; Flexural Modulus; Charpy
batch-30.csv#432,context,context,R-COLORFABB-colorFabb-VarioShore-TPU-TDS,1,,,all,"TYPICAL MATERIAL PROPERTIES (base TPU, without foaming activated)","base TPU, without foaming activated",,,,,,,,,,,"TYPICAL MATERIAL PROPERTIES (base TPU, without foaming activated)","TYPICAL MATERIAL PROPERTIES (base TPU, without foaming activated)",text,not-required,,,reader-r1-30,high,,heading states the values are for the base TPU with foaming not activated
batch-30.csv#467,context,context,R-COLORFABB-Files-colorFabb,1,,,tensile,Mechanical Properties – 3D Printed,Mechanical Properties – 3D Printed,,,,,XY,printed,,,,,Mechanical Properties – 3D Printed,Mechanical Properties – 3D Printed,visual-only,agreed,,,reader-r1-30,high,quote-not-on-page,direction XY from the page-2 Notes; heading covers tensile
batch-30.csv#468,context,context,R-COLORFABB-Files-colorFabb,1,,,flexural,Mechanical Properties – 3D Printed,Mechanical Properties – 3D Printed,,,,,XY,printed,,,,,Mechanical Properties – 3D Printed,Mechanical Properties – 3D Printed,visual-only,agreed,,,reader-r1-30,high,quote-not-on-page,
batch-30.csv#469,context,context,R-COLORFABB-Files-colorFabb,1,,,impact,Mechanical Properties – 3D Printed,Mechanical Properties – 3D Printed,,,,,XY,printed,,,,,Mechanical Properties – 3D Printed,Mechanical Properties – 3D Printed,visual-only,agreed,,,reader-r1-30,high,quote-not-on-page,
batch-30.csv#470,context,context,R-COLORFABB-Files-colorFabb,1,,,all,Mechanical Properties – Injection Molded,Mechanical Properties – Injection Molded,,,,,,injection molded,,,,,Mechanical Properties – Injection Molded,Mechanical Properties – Injection Molded,visual-only,agreed,,,reader-r1-30,high,quote-not-on-page,"the Density row sits in this table, after the Charpy row"
batch-30.csv#471,context,context,R-COLORFABB-Files-colorFabb,1,,,thermal,Thermal Properties*,These results are obtained from the information provided by the supplier of the raw material,,,,,,,,,,,Thermal Properties*,*These results are obtained from the information provided by the supplier of the raw material,text,not-required,,,reader-r1-30,high,,footnote * for the Thermal Properties table
batch-30.csv#498,context,context,R-COLORFABB-Files-colorFabb,2,,,all,Notes,"The specimens have been printed in XY plane, using 0.2 mm layer height, 100% infill, 0,4 mm nozzle, 220°C nozzle temperature and 60°C bed temperature.",,,,,XY,printed,,,,"layer_height=0.2 mm; infill=100%; nozzle=0,4 mm; print_temp=220 °C; bed_temp=60 °C",Notes,"The reported properties are an average of a batch of 3D specimens. | The specimens have been printed in XY plane, using 0.2 mm layer height, 100% infill, 0,4 mm nozzle, 220°C nozzle temperature and 60°C bed temperature.",text,not-required,,,reader-r1-30,high,no-held-rows-on-page-in-scope,applies to the 3D Printed table
batch-31.csv#35,context,context,R-COLORFABB-TDS-colorFabb-PLA-High-Speed-PRO,1,,,tensile,Mechanical Properties – 3D Printed,,,,,,,printed,,,,,Mechanical Properties – 3D Printed,Mechanical Properties – 3D Printed,text,not-required,,,reader-r1-31,high,,heading above the 3D printed table
batch-31.csv#36,context,context,R-COLORFABB-TDS-colorFabb-PLA-High-Speed-PRO,1,,,flexural,Mechanical Properties – 3D Printed,,,,,,,printed,,,,,Mechanical Properties – 3D Printed,Mechanical Properties – 3D Printed,text,not-required,,,reader-r1-31,high,,
batch-31.csv#37,context,context,R-COLORFABB-TDS-colorFabb-PLA-High-Speed-PRO,1,,,impact,Mechanical Properties – 3D Printed,,,,,,,printed,,,,,Mechanical Properties – 3D Printed,Mechanical Properties – 3D Printed,text,not-required,,,reader-r1-31,high,,
batch-31.csv#38,context,context,R-COLORFABB-TDS-colorFabb-PLA-High-Speed-PRO,2,,,all,Notes,"The specimens have been printed in XY plane, using 0.2 mm layer height, 100% infill, 0,4 mm nozzle, 220˚C nozzle temperature and 60˚C bed temperature.",,,,,XY,printed,,,,layer height=0.2 mm; infill=100%; nozzle diameter=0.4 mm; nozzle temp=220˚C; bed temp=60˚C,Notes,"The reported properties are an average of a batch of 3D specimens. | The specimens have been printed in XY plane, using 0.2 mm layer height, 100% infill, 0,4 mm nozzle, 220˚C nozzle temperature and 60˚C bed temperature.",text,not-required,,,reader-r1-31,high,no-held-rows-on-page-in-scope,applies to the 3D printed table on page 1
batch-31.csv#39,context,context,R-COLORFABB-TDS-colorFabb-PLA-High-Speed-PRO,1,,,thermal,Thermal Properties*,These results are obtained from the information provided by the supplier of the raw material,,,,,,,,,,,Thermal Properties*,*These results are obtained from the information provided by the supplier of the raw material,text,not-required,,,reader-r1-31,high,,footnote
batch-31.csv#68,context,context,R-COLORFABB-TDS-ColorFabb-StoneFill,1,,,tensile,TYPICAL MATERIAL PROPERTIES – 3D Printed,,,,,,,printed,,,,,TYPICAL MATERIAL PROPERTIES – 3D Printed,TYPICAL MATERIAL PROPERTIES – 3D Printed,text,not-required,,,reader-r1-31,high,,heading of page 1 table
batch-31.csv#69,context,context,R-COLORFABB-TDS-ColorFabb-StoneFill,1,,,flexural,TYPICAL MATERIAL PROPERTIES – 3D Printed,,,,,,,printed,,,,,TYPICAL MATERIAL PROPERTIES – 3D Printed,TYPICAL MATERIAL PROPERTIES – 3D Printed,text,not-required,,,reader-r1-31,high,,
batch-31.csv#70,context,context,R-COLORFABB-TDS-ColorFabb-StoneFill,1,,,impact,TYPICAL MATERIAL PROPERTIES – 3D Printed,,,,,,,printed,,,,,TYPICAL MATERIAL PROPERTIES – 3D Printed,TYPICAL MATERIAL PROPERTIES – 3D Printed,text,not-required,,,reader-r1-31,high,no-held-rows-on-page-in-scope,
batch-31.csv#71,context,context,R-COLORFABB-TDS-ColorFabb-StoneFill,2,,,all,Notes,"The specimens have been printed in XY plane, using 0.15mm layerheight, 100% infill, 0.4mm nozzle, 210°C nozzle temperature and 55 °C bed temperature.",,,,,XY,printed,,,,layer height=0.15 mm; infill=100%; nozzle diameter=0.4 mm; nozzle temp=210°C; bed temp=55 °C,Notes,"The reported properties are an average of a batch of 3D printed specimens. The specimens have been printed in XY plane, using 0.15mm layerheight, 100% infill, 0.4mm nozzle, 210°C nozzle temperature and 55 °C bed temperature.",text,not-required,,,reader-r1-31,high,no-held-rows-on-page-in-scope,applies to the 3D Printed table on page 1
batch-31.csv#86,context,context,R-COLORFABB-TDS-ColorFabb-StoneFill,2,,,all,TYPICAL MATERIAL PROPERTIES – Injection molded,,,,,,,injection molded,,,,,TYPICAL MATERIAL PROPERTIES – Injection molded,TYPICAL MATERIAL PROPERTIES – Injection molded,text,not-required,,,reader-r1-31,high,no-held-rows-on-page-in-scope,heading of page 2 table (all TBD)
batch-31.csv#102,context,context,R-COLORFABB-TDS-colorFabb-TPU85A,1,,,tensile,Mechanical Properties – 3D Printed,,,,,,,printed,,,,,Mechanical Properties – 3D Printed,Mechanical Properties – 3D Printed,text,not-required,,,reader-r1-31,high,,heading of page 1 table
batch-31.csv#103,context,context,R-COLORFABB-TDS-colorFabb-TPU85A,1,,,flexural,Mechanical Properties – 3D Printed,,,,,,,printed,,,,,Mechanical Properties – 3D Printed,Mechanical Properties – 3D Printed,text,not-required,,,reader-r1-31,high,,
batch-31.csv#104,context,context,R-COLORFABB-TDS-colorFabb-TPU85A,1,,,impact,Mechanical Properties – 3D Printed,,,,,,,printed,,,,,Mechanical Properties – 3D Printed,Mechanical Properties – 3D Printed,text,not-required,,,reader-r1-31,high,,
batch-31.csv#105,context,context,R-COLORFABB-TDS-colorFabb-TPU85A,1,,,all,Mechanical Properties – Injection Molded*,,,,,,,injection molded,,,,,Mechanical Properties – Injection Molded*,Mechanical Properties – Injection Molded* | *These results are obtained from the information provided by the supplier of the raw material,text,not-required,,,reader-r1-31,high,,heading of the injection molded table with footnote
batch-31.csv#106,context,context,R-COLORFABB-TDS-colorFabb-TPU85A,1,,,thermal,Thermal Properties*,These results are obtained from the information provided by the supplier of the raw material,,,,,,,,,,,Thermal Properties*,*These results are obtained from the information provided by the supplier of the raw material,text,not-required,,,reader-r1-31,high,no-held-rows-on-page-in-scope,footnote
batch-31.csv#107,context,context,R-COLORFABB-TDS-colorFabb-TPU85A,2,,,all,Notes,"The specimens have been printed in XY plane, using 0,2mm layer height, 100% infill, 0,4 mm nozzle, 220˚C nozzle temperature and 40˚C bed temperature.",,,,,XY,printed,,,,layer height=0.2 mm; infill=100%; nozzle diameter=0.4 mm; nozzle temp=220˚C; bed temp=40˚C,Notes,"The reported properties are an average of a batch of 3D specimens. | The specimens have been printed in XY plane, using 0,2mm layer height, 100% infill, 0,4 mm nozzle, 220˚C nozzle temperature and 40˚C bed temperature.",text,not-required,,,reader-r1-31,high,no-held-rows-on-page-in-scope,applies to the 3D Printed table on page 1
batch-31.csv#139,context,context,R-COLORFABB-TDS-colorFabb-TPU95A,1,,,tensile,Mechanical Properties – 3D Printed,,,,,,,printed,,,,,Mechanical Properties – 3D Printed,Mechanical Properties – 3D Printed,text,not-required,,,reader-r1-31,high,,heading of page 1 table
batch-31.csv#140,context,context,R-COLORFABB-TDS-colorFabb-TPU95A,1,,,flexural,Mechanical Properties – 3D Printed,,,,,,,printed,,,,,Mechanical Properties – 3D Printed,Mechanical Properties – 3D Printed,text,not-required,,,reader-r1-31,high,,
batch-31.csv#141,context,context,R-COLORFABB-TDS-colorFabb-TPU95A,1,,,impact,Mechanical Properties – 3D Printed,,,,,,,printed,,,,,Mechanical Properties – 3D Printed,Mechanical Properties – 3D Printed,text,not-required,,,reader-r1-31,high,,
batch-31.csv#142,context,context,R-COLORFABB-TDS-colorFabb-TPU95A,1,,,all,Mechanical Properties – Injection Molded*,,,,,,,injection molded,,,,,Mechanical Properties – Injection Molded*,Mechanical Properties – Injection Molded* | *These results are obtained from the information provided by the supplier of the raw material,text,not-required,,,reader-r1-31,high,,heading of the injection molded table with footnote
batch-31.csv#143,context,context,R-COLORFABB-TDS-colorFabb-TPU95A,1,,,thermal,Thermal Properties*,These results are obtained from the information provided by the supplier of the raw material,,,,,,,,,,,Thermal Properties*,*These results are obtained from the information provided by the supplier of the raw material,text,not-required,,,reader-r1-31,high,,footnote
batch-31.csv#144,context,context,R-COLORFABB-TDS-colorFabb-TPU95A,2,,,all,Notes,"The specimens have been printed in XY plane, using 0,2mm layer height, 100% infill, 0,4 mm nozzle, 220˚C nozzle temperature and 40˚C bed temperature.",,,,,XY,printed,,,,layer height=0.2 mm; infill=100%; nozzle diameter=0.4 mm; nozzle temp=220˚C; bed temp=40˚C,Notes,"The reported properties are an average of a batch of 3D specimens. | The specimens have been printed in XY plane, using 0,2mm layer height, 100% infill, 0,4 mm nozzle, 220˚C nozzle temperature and 40˚C bed temperature.",text,not-required,,,reader-r1-31,high,no-held-rows-on-page-in-scope,applies to the 3D Printed table on page 1
batch-31.csv#177,context,context,R-COLORFABB-TDS-colorFabb-XT-CF20,1,,,tensile,Mechanical Properties – 3D Printed,,,,,,,printed,,,,,Mechanical Properties – 3D Printed,Mechanical Properties – 3D Printed,text,not-required,,,reader-r1-31,high,,heading of page 1 table
batch-31.csv#178,context,context,R-COLORFABB-TDS-colorFabb-XT-CF20,1,,,flexural,Mechanical Properties – 3D Printed,,,,,,,printed,,,,,Mechanical Properties – 3D Printed,Mechanical Properties – 3D Printed,text,not-required,,,reader-r1-31,high,,
batch-31.csv#179,context,context,R-COLORFABB-TDS-colorFabb-XT-CF20,1,,,impact,Mechanical Properties – 3D Printed,,,,,,,printed,,,,,Mechanical Properties – 3D Printed,Mechanical Properties – 3D Printed,text,not-required,,,reader-r1-31,high,,
batch-31.csv#180,context,context,R-COLORFABB-TDS-colorFabb-XT-CF20,1,,,all,Mechanical Properties – Injection Molded*,,,,,,,injection molded,,,,,Mechanical Properties – Injection Molded*,Mechanical Properties – Injection Molded* | *These results are obtained from the information provided by the supplier of the raw material,text,not-required,,,reader-r1-31,high,,heading of the injection molded table with footnote
batch-31.csv#181,context,context,R-COLORFABB-TDS-colorFabb-XT-CF20,2,,,all,Notes,"The specimens have been printed in XY plane, using 0.15 mm layer height, 100% infill, 0,4 mm nozzle, 250 ˚C nozzle temperature and 70˚C bed temperature.",,,,,XY,printed,,,,layer height=0.15 mm; infill=100%; nozzle diameter=0.4 mm; nozzle temp=250 ˚C; bed temp=70˚C,Notes,"The reported properties are an average of a batch of 3D specimens. | The specimens have been printed in XY plane, using 0.15 mm layer height, 100% infill, 0,4 mm nozzle, 250 ˚C nozzle temperature and 70˚C bed temperature.",text,not-required,,,reader-r1-31,high,no-held-rows-on-page-in-scope,applies to the 3D Printed table on page 1
batch-31.csv#241,context,context,R-COLORFABB-TDS-E-ColorFabb-ASA,1,,,tensile,Mechanical Properties – 3D Printed,,,,,,,printed,,,,,Mechanical Properties – 3D Printed,Mechanical Properties – 3D Printed,text,not-required,,,reader-r1-31,high,,heading of page 1 table
batch-31.csv#242,context,context,R-COLORFABB-TDS-E-ColorFabb-ASA,1,,,flexural,Mechanical Properties – 3D Printed,,,,,,,printed,,,,,Mechanical Properties – 3D Printed,Mechanical Properties – 3D Printed,text,not-required,,,reader-r1-31,high,,
batch-31.csv#243,context,context,R-COLORFABB-TDS-E-ColorFabb-ASA,1,,,impact,Mechanical Properties – 3D Printed,,,,,,,printed,,,,,Mechanical Properties – 3D Printed,Mechanical Properties – 3D Printed,text,not-required,,,reader-r1-31,high,,
batch-31.csv#244,context,context,R-COLORFABB-TDS-E-ColorFabb-ASA,1,,,all,Mechanical Properties – Injection Molded*,,,,,,,injection molded,,,,,Mechanical Properties – Injection Molded*,Mechanical Properties – Injection Molded* | *These results are obtained from the information provided by the supplier of the raw material,text,not-required,,,reader-r1-31,high,,heading of the injection molded table with footnote
batch-31.csv#245,context,context,R-COLORFABB-TDS-E-ColorFabb-ASA,1,,,thermal,Thermal Properties*,These results are obtained from the information provided by the supplier of the raw material,,,,,,,,,,,Thermal Properties*,*These results are obtained from the information provided by the supplier of the raw material,text,not-required,,,reader-r1-31,high,,footnote
batch-31.csv#246,context,context,R-COLORFABB-TDS-E-ColorFabb-ASA,2,,,all,Notes,"The specimens have been printed in XY plane, using 0.15 mm layer height, 100% infill, 0,4 mm nozzle, 260 ˚C nozzle temperature and 100˚C bed temperature.",,,,,XY,printed,,,,layer height=0.15 mm; infill=100%; nozzle diameter=0.4 mm; nozzle temp=260 ˚C; bed temp=100˚C,Notes,"The reported properties are an average of a batch of 3D specimens. | The specimens have been printed in XY plane, using 0.15 mm layer height, 100% infill, 0,4 mm nozzle, 260 ˚C nozzle temperature and 100˚C bed temperature.",text,not-required,,,reader-r1-31,high,no-held-rows-on-page-in-scope,applies to the 3D Printed table on page 1
batch-31.csv#277,context,context,R-COLORFABB-TDS-E-ColorFabb-BronzeFill,1,,,tensile,Mechanical Properties – 3D Printed,,,,,,,printed,,,,,Mechanical Properties – 3D Printed,Mechanical Properties – 3D Printed,text,not-required,,,reader-r1-31,high,,heading of page 1 table; no direction stated on this sheet
batch-31.csv#278,context,context,R-COLORFABB-TDS-E-ColorFabb-BronzeFill,1,,,flexural,Mechanical Properties – 3D Printed,,,,,,,printed,,,,,Mechanical Properties – 3D Printed,Mechanical Properties – 3D Printed,text,not-required,,,reader-r1-31,high,,
batch-31.csv#279,context,context,R-COLORFABB-TDS-E-ColorFabb-BronzeFill,1,,,impact,Mechanical Properties – 3D Printed,,,,,,,printed,,,,,Mechanical Properties – 3D Printed,Mechanical Properties – 3D Printed,text,not-required,,,reader-r1-31,high,,
batch-31.csv#280,context,context,R-COLORFABB-TDS-E-ColorFabb-BronzeFill,1,,,all,Mechanical Properties – Injection Molded*,,,,,,,injection molded,,,,,Mechanical Properties – Injection Molded*,Mechanical Properties – Injection Molded* | *These results are obtained from the information provided by the supplier of the raw material,text,not-required,,,reader-r1-31,high,,heading of the injection molded table with footnote
batch-31.csv#281,context,context,R-COLORFABB-TDS-E-ColorFabb-BronzeFill,1,,,thermal,Thermal Properties*,These results are obtained from the information provided by the supplier of the raw material,,,,,,,,,,,Thermal Properties*,*These results are obtained from the information provided by the supplier of the raw material,text,not-required,,,reader-r1-31,high,,footnote
batch-31.csv#313,context,context,R-COLORFABB-TDS-E-ColorFabb-Color-on-Demand,1,,,tensile,Mechanical Properties – 3D Printed,,,,,,XY and Z,printed,,,,,Mechanical Properties – 3D Printed,Mechanical Properties – 3D Printed | The specimens have been printed in XY and Z plane,visual-only,agreed,,,reader-r1-31,medium,quote-not-on-page,heading of page 1 table; page 2 note says printed in XY and Z plane without assigning a plane to a row
batch-31.csv#314,context,context,R-COLORFABB-TDS-E-ColorFabb-Color-on-Demand,1,,,flexural,Mechanical Properties – 3D Printed,,,,,,XY and Z,printed,,,,,Mechanical Properties – 3D Printed,Mechanical Properties – 3D Printed | The specimens have been printed in XY and Z plane,visual-only,agreed,,,reader-r1-31,medium,quote-not-on-page,
batch-31.csv#315,context,context,R-COLORFABB-TDS-E-ColorFabb-Color-on-Demand,1,,,impact,Mechanical Properties – 3D Printed,,,,,,XY and Z,printed,,,,,Mechanical Properties – 3D Printed,Mechanical Properties – 3D Printed | The specimens have been printed in XY and Z plane,visual-only,agreed,,,reader-r1-31,medium,quote-not-on-page,
batch-31.csv#316,context,context,R-COLORFABB-TDS-E-ColorFabb-Color-on-Demand,1,,,all,Mechanical Properties – Injection Molded*,,,,,,,injection molded,,,,,Mechanical Properties – Injection Molded*,Mechanical Properties – Injection Molded* | *These results are obtained from the information provided by the supplier of the raw material,text,not-required,,,reader-r1-31,high,,heading of the injection molded table with footnote
batch-31.csv#317,context,context,R-COLORFABB-TDS-E-ColorFabb-Color-on-Demand,2,,,all,Notes,"The specimens have been printed in XY and Z plane, using 0.15 mm layer height, 100% infill, 0,4 mm nozzle, 210 ˚C nozzle temperature, and 55˚C bed temperature.",,,,,XY and Z,printed,,,,layer height=0.15 mm; infill=100%; nozzle diameter=0.4 mm; nozzle temp=210 ˚C; bed temp=55˚C,Notes,"The reported properties are an average of a batch of 3D specimens. | The specimens have been printed in XY and Z plane, using 0.15 mm layer height, 100% infill, 0,4 mm nozzle, 210 ˚C nozzle temperature, and 55˚C bed temperature.",text,not-required,,,reader-r1-31,high,no-held-rows-on-page-in-scope,applies to the 3D Printed table on page 1
batch-31.csv#346,context,context,R-COLORFABB-TDS-E-ColorFabb-CopperFill,1,,,tensile,Mechanical Properties – 3D Printed,,,,,,,printed,,,,,Mechanical Properties – 3D Printed,Mechanical Properties – 3D Printed,text,not-required,,,reader-r1-31,high,,heading of page 1 table; no direction stated
batch-31.csv#347,context,context,R-COLORFABB-TDS-E-ColorFabb-CopperFill,1,,,flexural,Mechanical Properties – 3D Printed,,,,,,,printed,,,,,Mechanical Properties – 3D Printed,Mechanical Properties – 3D Printed,text,not-required,,,reader-r1-31,high,,
batch-31.csv#348,context,context,R-COLORFABB-TDS-E-ColorFabb-CopperFill,1,,,impact,Mechanical Properties – 3D Printed,,,,,,,printed,,,,,Mechanical Properties – 3D Printed,Mechanical Properties – 3D Printed,text,not-required,,,reader-r1-31,high,,
batch-31.csv#349,context,context,R-COLORFABB-TDS-E-ColorFabb-CopperFill,1,,,all,Mechanical Properties – Injection Molded*,,,,,,,injection molded,,,,,Mechanical Properties – Injection Molded*,Mechanical Properties – Injection Molded* | *These results are obtained from the information provided by the supplier of the raw material,text,not-required,,,reader-r1-31,high,,heading of the injection molded table with footnote
batch-31.csv#350,context,context,R-COLORFABB-TDS-E-ColorFabb-CopperFill,1,,,thermal,Thermal Properties*,These results are obtained from the information provided by the supplier of the raw material,,,,,,,,,,,Thermal Properties*,*These results are obtained from the information provided by the supplier of the raw material,text,not-required,,,reader-r1-31,high,,footnote
batch-31.csv#381,context,context,R-COLORFABB-TDS-E-ColorFabb-Economy-PLA,1,,,tensile,Mechanical Properties – 3D Printed,,,,,,XY and Z,printed,,,,,Mechanical Properties – 3D Printed,Mechanical Properties – 3D Printed | The specimens have been printed in XY and Z plane,visual-only,agreed,,,reader-r1-31,medium,quote-not-on-page,heading of page 1 table; page 2 note says printed in XY and Z plane without assigning a plane to a row
batch-31.csv#382,context,context,R-COLORFABB-TDS-E-ColorFabb-Economy-PLA,1,,,flexural,Mechanical Properties – 3D Printed,,,,,,XY and Z,printed,,,,,Mechanical Properties – 3D Printed,Mechanical Properties – 3D Printed | The specimens have been printed in XY and Z plane,visual-only,agreed,,,reader-r1-31,medium,quote-not-on-page,
batch-31.csv#383,context,context,R-COLORFABB-TDS-E-ColorFabb-Economy-PLA,1,,,impact,Mechanical Properties – 3D Printed,,,,,,XY and Z,printed,,,,,Mechanical Properties – 3D Printed,Mechanical Properties – 3D Printed | The specimens have been printed in XY and Z plane,visual-only,agreed,,,reader-r1-31,medium,quote-not-on-page,
batch-31.csv#384,context,context,R-COLORFABB-TDS-E-ColorFabb-Economy-PLA,1,,,all,Mechanical Properties – Injection Molded*,,,,,,,injection molded,,,,,Mechanical Properties – Injection Molded*,Mechanical Properties – Injection Molded* | *These results are obtained from the information provided by the supplier of the raw material,text,not-required,,,reader-r1-31,high,,heading of the injection molded table with footnote
batch-31.csv#385,context,context,R-COLORFABB-TDS-E-ColorFabb-Economy-PLA,2,,,all,Notes,"The specimens have been printed in XY and Z plane, using 0.15 mm layer height, 100% infill, 0,4 mm nozzle, 210 ˚C nozzle temperature, and 55˚C bed temperature.",,,,,XY and Z,printed,,,,layer height=0.15 mm; infill=100%; nozzle diameter=0.4 mm; nozzle temp=210 ˚C; bed temp=55˚C,Notes,"The reported properties are an average of a batch of 3D specimens. | The specimens have been printed in XY and Z plane, using 0.15 mm layer height, 100% infill, 0,4 mm nozzle, 210 ˚C nozzle temperature, and 55˚C bed temperature.",text,not-required,,,reader-r1-31,high,no-held-rows-on-page-in-scope,applies to the 3D Printed table on page 1
batch-31.csv#414,context,context,R-COLORFABB-TDS-E-ColorFabb-HT,1,,,tensile,Mechanical Properties – 3D Printed,,,,,,XY,printed,,,,,Mechanical Properties – 3D Printed,Mechanical Properties – 3D Printed,text,not-required,,,reader-r1-31,high,,heading of page 1 table
batch-31.csv#415,context,context,R-COLORFABB-TDS-E-ColorFabb-HT,1,,,flexural,Mechanical Properties – 3D Printed,,,,,,XY,printed,,,,,Mechanical Properties – 3D Printed,Mechanical Properties – 3D Printed,text,not-required,,,reader-r1-31,high,,
batch-31.csv#416,context,context,R-COLORFABB-TDS-E-ColorFabb-HT,1,,,impact,Mechanical Properties – 3D Printed,,,,,,XY,printed,,,,,Mechanical Properties – 3D Printed,Mechanical Properties – 3D Printed,text,not-required,,,reader-r1-31,high,,
batch-31.csv#417,context,context,R-COLORFABB-TDS-E-ColorFabb-HT,1,,,all,Mechanical Properties – Injection Molded*,,,,,,,injection molded,,,,,Mechanical Properties – Injection Molded*,Mechanical Properties – Injection Molded* | *These results are obtained from the information provided by the supplier of the raw material,text,not-required,,,reader-r1-31,high,,heading of the injection molded table with footnote
batch-31.csv#418,context,context,R-COLORFABB-TDS-E-ColorFabb-HT,1,,,thermal,Thermal Properties*,These results are obtained from the information provided by the supplier of the raw material,,,,,,,,,,,Thermal Properties*,*These results are obtained from the information provided by the supplier of the raw material,text,not-required,,,reader-r1-31,high,no-held-rows-on-page-in-scope,footnote
batch-31.csv#419,context,context,R-COLORFABB-TDS-E-ColorFabb-HT,2,,,all,Notes,"The specimens have been printed in XY plane, using 0.15 mm layer height, 100% infill, 0,4 mm nozzle, 270 ˚C nozzle temperature and 110˚C bed temperature.",,,,,XY,printed,,,,layer height=0.15 mm; infill=100%; nozzle diameter=0.4 mm; nozzle temp=270 ˚C; bed temp=110˚C,Notes,"The reported properties are an average of a batch of 3D specimens. | The specimens have been printed in XY plane, using 0.15 mm layer height, 100% infill, 0,4 mm nozzle, 270 ˚C nozzle temperature and 110˚C bed temperature.",text,not-required,,,reader-r1-31,high,no-held-rows-on-page-in-scope,applies to the 3D Printed table on page 1
batch-31.csv#451,context,context,R-COLORFABB-TDS-E-colorFabb-LW-ASA,1,,,tensile,Mechanical Properties – 3D Printed,Value @ foaming 250°C; 60%,,,,,,printed,,,,foaming=250°C; 60%,Mechanical Properties – 3D Printed,Mechanical Properties – 3D Printed | Value @ foaming 250°C; 60%,visual-only,agreed,,,reader-r1-31,high,quote-not-on-page,column heading states foaming conditions
batch-31.csv#452,context,context,R-COLORFABB-TDS-E-colorFabb-LW-ASA,1,,,flexural,Mechanical Properties – 3D Printed,Value @ foaming 250°C; 60%,,,,,,printed,,,,foaming=250°C; 60%,Mechanical Properties – 3D Printed,Mechanical Properties – 3D Printed | Value @ foaming 250°C; 60%,visual-only,agreed,,,reader-r1-31,high,quote-not-on-page,
batch-31.csv#453,context,context,R-COLORFABB-TDS-E-colorFabb-LW-ASA,1,,,impact,Mechanical Properties – 3D Printed,Value @ foaming 250°C; 60%,,,,,,printed,,,,foaming=250°C; 60%,Mechanical Properties – 3D Printed,Mechanical Properties – 3D Printed | Value @ foaming 250°C; 60%,visual-only,agreed,,,reader-r1-31,high,quote-not-on-page,
batch-31.csv#454,context,context,R-COLORFABB-TDS-E-colorFabb-LW-ASA,1,,,all,Mechanical Properties – Injection Molded*,These results are obtained from the information provided by the supplier of the raw material and are based on UNFOAMED material data.,,,,,,injection molded,,,,,Mechanical Properties – Injection Molded*,"*These results are obtained from the information provided by the supplier of the raw material, and are based on UNFOAMED material data.",text,not-required,,,reader-r1-31,high,,footnote also covers the Thermal Properties* table; unfoamed
batch-31.csv#455,context,context,R-COLORFABB-TDS-E-colorFabb-LW-ASA,1,,,thermal,Thermal Properties*,These results are obtained from the information provided by the supplier of the raw material and are based on UNFOAMED material data.,,,,,,,,,,,Thermal Properties*,"*These results are obtained from the information provided by the supplier of the raw material, and are based on UNFOAMED material data.",text,not-required,,,reader-r1-31,high,,unfoamed
batch-31.csv#456,context,context,R-COLORFABB-TDS-E-colorFabb-LW-ASA,2,,,all,Notes,"The specimens have been printed in XY plane, using 0.15 mm layer height, 100% infill, 0,4 mm nozzle, 260 ˚C nozzle temperature and 100˚C bed temperature.",,,,,XY,printed,,,,layer height=0.15 mm; infill=100%; nozzle diameter=0.4 mm; nozzle temp=260 ˚C; bed temp=100˚C,Notes,"The reported properties are an average of a batch of 3D specimens. | The specimens have been printed in XY plane, using 0.15 mm layer height, 100% infill, 0,4 mm nozzle, 260 ˚C nozzle temperature and 100˚C bed temperature.",text,not-required,,,reader-r1-31,high,no-held-rows-on-page-in-scope,applies to the 3D Printed table on page 1; the table heading says value at foaming 250°C; 60% while the note says 260 ˚C nozzle
batch-31.csv#488,context,context,R-COLORFABB-TDS-E-ColorFabb-LW-PLA,1,,,tensile,Mechanical Properties – 3D Printed,Value @ foaming 200˚C; 100% | 250°C; 45%,,,,,XY,printed,,,,foaming=200˚C; 100% | 250°C; 45%,Mechanical Properties – 3D Printed,Mechanical Properties – 3D Printed | Value @ foaming | 200˚C; 100% | 250°C; 45%,visual-only,agreed,,,reader-r1-31,high,quote-not-on-page,two value columns each with foaming conditions
batch-31.csv#489,context,context,R-COLORFABB-TDS-E-ColorFabb-LW-PLA,1,,,flexural,Mechanical Properties – 3D Printed,Value @ foaming 200˚C; 100% | 250°C; 45%,,,,,XY,printed,,,,foaming=200˚C; 100% | 250°C; 45%,Mechanical Properties – 3D Printed,Mechanical Properties – 3D Printed | Value @ foaming | 200˚C; 100% | 250°C; 45%,visual-only,agreed,,,reader-r1-31,high,no-held-rows-on-page-in-scope quote-not-on-page,
batch-31.csv#490,context,context,R-COLORFABB-TDS-E-ColorFabb-LW-PLA,1,,,impact,Mechanical Properties – 3D Printed,Value @ foaming 200˚C; 100% | 250°C; 45%,,,,,XY,printed,,,,foaming=200˚C; 100% | 250°C; 45%,Mechanical Properties – 3D Printed,Mechanical Properties – 3D Printed | Value @ foaming | 200˚C; 100% | 250°C; 45%,visual-only,agreed,,,reader-r1-31,high,quote-not-on-page,
batch-31.csv#491,context,context,R-COLORFABB-TDS-E-ColorFabb-LW-PLA,1,,,all,Mechanical Properties – Injection Molded*,These results are obtained from the information provided by the supplier of the raw material and are based on UNFOAMED material data.,,,,,,injection molded,,,,,Mechanical Properties – Injection Molded*,"*These results are obtained from the information provided by the supplier of the raw material, and are based on UNFOAMED material data.",text,not-required,,,reader-r1-31,high,,footnote also covers the Thermal Properties* table; unfoamed
batch-31.csv#492,context,context,R-COLORFABB-TDS-E-ColorFabb-LW-PLA,1,,,thermal,Thermal Properties*,These results are obtained from the information provided by the supplier of the raw material and are based on UNFOAMED material data.,,,,,,,,,,,Thermal Properties*,"*These results are obtained from the information provided by the supplier of the raw material, and are based on UNFOAMED material data.",text,not-required,,,reader-r1-31,high,,unfoamed
batch-31.csv#493,context,context,R-COLORFABB-TDS-E-ColorFabb-LW-PLA,2,,,all,Notes,"The specimens have been printed in XY plane, using 0.15 mm layer height, 100% infill, 0,4 mm nozzle, 200-250 ˚C nozzle temperature and 50˚C bed temperature.",,,,,XY,printed,,,,layer height=0.15 mm; infill=100%; nozzle diameter=0.4 mm; nozzle temp=200-250 ˚C; bed temp=50˚C,Notes,"The reported properties are an average of a batch of 3D specimens. | The specimens have been printed in XY plane, using 0.15 mm layer height, 100% infill, 0,4 mm nozzle, 200-250 ˚C nozzle temperature and 50˚C bed temperature.",text,not-required,,,reader-r1-31,high,no-held-rows-on-page-in-scope,applies to the 3D Printed table on page 1
batch-31.csv#540,context,context,R-COLORFABB-TDS-E-ColorFabb-LW-PLA-HT,1,,,tensile,Mechanical Properties – 3D Printed,Value @ foaming 210˚C; 100% | 230%; 60%,,,,,XY,printed,,,,foaming=210˚C; 100% | 230%; 60%,Mechanical Properties – 3D Printed,Mechanical Properties – 3D Printed | Value @ foaming | 210˚C; 100% | 230%; 60%,visual-only,agreed,,,reader-r1-31,high,quote-not-on-page,two value columns each with foaming conditions; second column printed as 230%; 60% (not 230˚C)
batch-31.csv#541,context,context,R-COLORFABB-TDS-E-ColorFabb-LW-PLA-HT,1,,,flexural,Mechanical Properties – 3D Printed,Value @ foaming 210˚C; 100% | 230%; 60%,,,,,XY,printed,,,,foaming=210˚C; 100% | 230%; 60%,Mechanical Properties – 3D Printed,Mechanical Properties – 3D Printed | Value @ foaming | 210˚C; 100% | 230%; 60%,visual-only,agreed,,,reader-r1-31,high,no-held-rows-on-page-in-scope quote-not-on-page,
batch-31.csv#542,context,context,R-COLORFABB-TDS-E-ColorFabb-LW-PLA-HT,1,,,impact,Mechanical Properties – 3D Printed,Value @ foaming 210˚C; 100% | 230%; 60%,,,,,XY,printed,,,,foaming=210˚C; 100% | 230%; 60%,Mechanical Properties – 3D Printed,Mechanical Properties – 3D Printed | Value @ foaming | 210˚C; 100% | 230%; 60%,visual-only,agreed,,,reader-r1-31,high,quote-not-on-page,
batch-31.csv#543,context,context,R-COLORFABB-TDS-E-ColorFabb-LW-PLA-HT,1,,,all,Mechanical Properties – Injection Molded*,These results are obtained from printed samples of UNFOAMED PLA-HP,,,,,,,,,,,Mechanical Properties – Injection Molded*,*These results are obtained from printed samples of UNFOAMED PLA-HP,text,not-required,,,reader-r1-31,high,,footnote also covers Thermal Properties*; heading says Injection Molded while the footnote says printed samples of unfoamed PLA-HP
batch-31.csv#544,context,context,R-COLORFABB-TDS-E-ColorFabb-LW-PLA-HT,2,,,all,Notes,"The specimens have been printed in XY plane, using 0.2 mm layer height, 100% infill, 0,4 mm nozzle, 200-250 ˚C nozzle temperature and 50˚C bed temperature.",,,,,XY,printed,,,,layer height=0.2 mm; infill=100%; nozzle diameter=0.4 mm; nozzle temp=200-250 ˚C; bed temp=50˚C,Notes,"The reported properties are an average of a batch of 3D specimens. | The specimens have been printed in XY plane, using 0.2 mm layer height, 100% infill, 0,4 mm nozzle, 200-250 ˚C nozzle temperature and 50˚C bed temperature.",text,not-required,,,reader-r1-31,high,no-held-rows-on-page-in-scope,applies to the 3D Printed table on page 1
batch-31.csv#580,context,context,R-COLORFABB-TDS-E-ColorFabb-LW-PLA-HT,1,,,thermal,Mechanical Properties – 3D Printed,Value @ foaming 210˚C; 100% | 230%; 60%,,,,,XY,printed,,,,foaming=210˚C; 100% | 230%; 60%,Mechanical Properties – 3D Printed,Mechanical Properties – 3D Printed | Value @ foaming | 210˚C; 100% | 230%; 60%,visual-only,agreed,,,reader-r1-31,medium,quote-not-on-page,the HDT-B row sits in the 3D Printed table
batch-31.csv#582,context,context,R-COLORFABB-TDS-E-ColorFabb-PETG-Economy,1,,,tensile,Mechanical Properties – 3D Printed,,,,,,XY,printed,,,,,Mechanical Properties – 3D Printed,Mechanical Properties – 3D Printed,text,not-required,,,reader-r1-31,high,,heading of page 1 table
batch-31.csv#583,context,context,R-COLORFABB-TDS-E-ColorFabb-PETG-Economy,1,,,flexural,Mechanical Properties – 3D Printed,,,,,,XY,printed,,,,,Mechanical Properties – 3D Printed,Mechanical Properties – 3D Printed,text,not-required,,,reader-r1-31,high,,
batch-31.csv#584,context,context,R-COLORFABB-TDS-E-ColorFabb-PETG-Economy,1,,,impact,Mechanical Properties – 3D Printed,,,,,,XY,printed,,,,,Mechanical Properties – 3D Printed,Mechanical Properties – 3D Printed,text,not-required,,,reader-r1-31,high,,
batch-31.csv#585,context,context,R-COLORFABB-TDS-E-ColorFabb-PETG-Economy,1,,,all,Mechanical Properties – Injection Molded*,,,,,,,injection molded,,,,,Mechanical Properties – Injection Molded*,Mechanical Properties – Injection Molded* | *These results are obtained from the information provided by the supplier of the raw material,text,not-required,,,reader-r1-31,high,,heading of the injection molded table with footnote
batch-31.csv#586,context,context,R-COLORFABB-TDS-E-ColorFabb-PETG-Economy,1,,,thermal,Thermal Properties*,These results are obtained from the information provided by the supplier of the raw material,,,,,,,,,,,Thermal Properties*,*These results are obtained from the information provided by the supplier of the raw material,text,not-required,,,reader-r1-31,high,,footnote
batch-31.csv#587,context,context,R-COLORFABB-TDS-E-ColorFabb-PETG-Economy,2,,,all,Notes,"The specimens have been printed in XY plane, using 0.15 mm layer height, 100% infill, 0,4 mm nozzle, 245˚C nozzle temperature and 70˚C bed temperature.",,,,,XY,printed,,,,layer height=0.15 mm; infill=100%; nozzle diameter=0.4 mm; nozzle temp=245˚C; bed temp=70˚C,Notes,"The reported properties are an average of a batch of 3D specimens. | The specimens have been printed in XY plane, using 0.15 mm layer height, 100% infill, 0,4 mm nozzle, 245˚C nozzle temperature and 70˚C bed temperature.",text,not-required,,,reader-r1-31,high,no-held-rows-on-page-in-scope,applies to the 3D Printed table on page 1
batch-31.csv#617,context,context,R-COLORFABB-TDS-E-ColorFabb-PETG-Economy-0,1,,,tensile,TYPICAL MATERIAL PROPERTIES – 3D Printed,,,,,,XY,printed,,,,,TYPICAL MATERIAL PROPERTIES – 3D Printed,TYPICAL MATERIAL PROPERTIES – 3D Printed,text,not-required,,,reader-r1-31,high,,heading of page 1 table
batch-31.csv#618,context,context,R-COLORFABB-TDS-E-ColorFabb-PETG-Economy-0,1,,,flexural,TYPICAL MATERIAL PROPERTIES – 3D Printed,,,,,,XY,printed,,,,,TYPICAL MATERIAL PROPERTIES – 3D Printed,TYPICAL MATERIAL PROPERTIES – 3D Printed,text,not-required,,,reader-r1-31,high,,
batch-31.csv#619,context,context,R-COLORFABB-TDS-E-ColorFabb-PETG-Economy-0,1,,,impact,TYPICAL MATERIAL PROPERTIES – 3D Printed,,,,,,XY,printed,,,,,TYPICAL MATERIAL PROPERTIES – 3D Printed,TYPICAL MATERIAL PROPERTIES – 3D Printed,text,not-required,,,reader-r1-31,high,,
batch-31.csv#620,context,context,R-COLORFABB-TDS-E-ColorFabb-PETG-Economy-0,1,,,thermal,TYPICAL MATERIAL PROPERTIES – 3D Printed,,,,,,XY,printed,,,,,TYPICAL MATERIAL PROPERTIES – 3D Printed,TYPICAL MATERIAL PROPERTIES – 3D Printed,text,not-required,,,reader-r1-31,high,,HDT row sits in the 3D Printed table
batch-31.csv#621,context,context,R-COLORFABB-TDS-E-ColorFabb-PETG-Economy-0,2,,,all,TYPICAL MATERIAL PROPERTIES – Injection molded,,,,,,,injection molded,,,,,TYPICAL MATERIAL PROPERTIES – Injection molded,TYPICAL MATERIAL PROPERTIES – Injection molded,text,not-required,,,reader-r1-31,high,,heading of page 2 table
batch-31.csv#622,context,context,R-COLORFABB-TDS-E-ColorFabb-PETG-Economy-0,2,,,all,Notes,"The specimens have been printed in XY plane, using 0.15mm layerheight, 100% infill, 0.4mm nozzle, 245 °C nozzle temperature and 70 °C bed temperature.",,,,,XY,printed,,,,layer height=0.15 mm; infill=100%; nozzle diameter=0.4 mm; nozzle temp=245 °C; bed temp=70 °C,Notes,"The reported properties are an average of a batch of 3D printed specimens. The specimens have been printed in XY plane, using 0.15mm layerheight, 100% infill, 0.4mm nozzle, 245 °C nozzle temperature and 70 °C bed temperature.",text,not-required,,,reader-r1-31,high,,applies to the 3D Printed table on page 1
batch-31.csv#651,context,context,R-COLORFABB-TDS-E-colorFabb-PLA-Chameleon,1,,,tensile,TYPICAL MATERIAL PROPERTIES – 3D Printed,,,,,,XY,printed,,,,,TYPICAL MATERIAL PROPERTIES – 3D Printed,TYPICAL MATERIAL PROPERTIES – 3D Printed,text,not-required,,,reader-r1-31,high,,heading of page 1 table
batch-31.csv#652,context,context,R-COLORFABB-TDS-E-colorFabb-PLA-Chameleon,1,,,flexural,TYPICAL MATERIAL PROPERTIES – 3D Printed,,,,,,XY,printed,,,,,TYPICAL MATERIAL PROPERTIES – 3D Printed,TYPICAL MATERIAL PROPERTIES – 3D Printed,text,not-required,,,reader-r1-31,high,,
batch-31.csv#653,context,context,R-COLORFABB-TDS-E-colorFabb-PLA-Chameleon,1,,,impact,TYPICAL MATERIAL PROPERTIES – 3D Printed,,,,,,XY,printed,,,,,TYPICAL MATERIAL PROPERTIES – 3D Printed,TYPICAL MATERIAL PROPERTIES – 3D Printed,text,not-required,,,reader-r1-31,high,,
batch-31.csv#654,context,context,R-COLORFABB-TDS-E-colorFabb-PLA-Chameleon,1,,,thermal,TYPICAL MATERIAL PROPERTIES – 3D Printed,,,,,,XY,printed,,,,,TYPICAL MATERIAL PROPERTIES – 3D Printed,TYPICAL MATERIAL PROPERTIES – 3D Printed,text,not-required,,,reader-r1-31,high,,HDT row sits in the 3D Printed table
batch-31.csv#655,context,context,R-COLORFABB-TDS-E-colorFabb-PLA-Chameleon,2,,,all,TYPICAL MATERIAL PROPERTIES – Injection molded,,,,,,,injection molded,,,,,TYPICAL MATERIAL PROPERTIES – Injection molded,TYPICAL MATERIAL PROPERTIES – Injection molded,text,not-required,,,reader-r1-31,high,,heading of page 2 table
batch-31.csv#656,context,context,R-COLORFABB-TDS-E-colorFabb-PLA-Chameleon,2,,,all,Notes,"The specimens have been printed in XY plane, using 0.15mm layerheight, 100% infill, 0.4mm nozzle, 210 °C nozzle temperature and 55 °C bed temperature.",,,,,XY,printed,,,,layer height=0.15 mm; infill=100%; nozzle diameter=0.4 mm; nozzle temp=210 °C; bed temp=55 °C,Notes,"The reported properties are an average of a batch of 3D printed specimens. The specimens have been printed in XY plane, using 0.15mm layerheight, 100% infill, 0.4mm nozzle, 210 °C nozzle temperature and 55 °C bed temperature.",text,not-required,,,reader-r1-31,high,,applies to the 3D Printed table on page 1
batch-31.csv#690,context,context,R-COLORFABB-TDS-E-ColorFabb-PLA-HP-5210c3,1,,,tensile,TYPICAL MATERIAL PROPERTIES – 3D Printed,,,,,,,printed,,,,,TYPICAL MATERIAL PROPERTIES – 3D Printed,TYPICAL MATERIAL PROPERTIES – 3D Printed,text,not-required,,,reader-r1-31,high,,heading of the table; no direction stated
batch-31.csv#691,context,context,R-COLORFABB-TDS-E-ColorFabb-PLA-HP-5210c3,1,,,impact,TYPICAL MATERIAL PROPERTIES – 3D Printed,,,,,,,printed,,,,,TYPICAL MATERIAL PROPERTIES – 3D Printed,TYPICAL MATERIAL PROPERTIES – 3D Printed,text,not-required,,,reader-r1-31,high,,
batch-31.csv#692,context,context,R-COLORFABB-TDS-E-ColorFabb-PLA-HP-5210c3,1,,,thermal,HDT,*only injection molded data available,,,,,,injection molded,,,,,TYPICAL MATERIAL PROPERTIES – 3D Printed,HDT °C 134* ISO 75 | *only injection molded data available,text,not-required,,,reader-r1-31,high,,footnote on the HDT row
batch-31.csv#693,context,context,R-COLORFABB-TDS-E-ColorFabb-PLA-HP-5210c3,1,,,all,No more annealing,"No more annealing, reach the desired temperature resistance right after printing, no need for additional heat processing step.",,,,,,,,,,,,"No more annealing, reach the desired temperature resistance right after printing, no need for additional heat processing step.",text,not-required,,,reader-r1-31,medium,,description sentence about annealing
batch-32.csv#3,context,context,R-COLORFABB-TDS-E-ColorFabb-PLA-HP-7a500b,1,,,tensile,Mechanical Properties – 3D Printed,,,,,,XY,printed,,,,,Mechanical Properties – 3D Printed,Mechanical Properties – 3D Printed,text,not-required,,,reader-r1-32-b,high,,direction XY and printing details from the Notes on page 2
batch-32.csv#10,context,context,R-COLORFABB-TDS-E-ColorFabb-PLA-HP-7a500b,1,,,thermal,Thermal Properties,,,,,,,,,,,,Thermal Properties,Thermal Properties,text,not-required,,,reader-r1-32-b,high,,no conditions stated in the heading; footnote below table concerns HDT
batch-32.csv#24,context,context,R-COLORFABB-TDS-E-ColorFabb-PLA-HP-7a500b,2,,,all,Notes,,,,,,XY,printed,,,,"layer height=0,15 mm; infill=100%; nozzle=0,4 mm; nozzle temp=210˚C; bed temp=55˚C",Notes,"The reported properties are an average of a batch of 3D specimens. | The specimens have been printed in XY plane, using 0,15 mm layer height, 100% infill, 0,4 mm nozzle, 210˚C nozzle temperature and 55˚C bed temperature.",text,not-required,,,reader-r1-32-b,high,no-held-rows-on-page-in-scope,
batch-32.csv#26,context,context,R-COLORFABB-TDS-E-colorFabb-PLA-Regrind,1,,,tensile,Mechanical Properties – 3D Printed,,,,,,XY,printed,,,,,Mechanical Properties – 3D Printed,Mechanical Properties – 3D Printed,text,not-required,,,reader-r1-32-b,high,,direction XY and specimen printed from the Notes on page 2 (apply to the reported properties)
batch-32.csv#33,context,context,R-COLORFABB-TDS-E-colorFabb-PLA-Regrind,1,,PLA Premium Printing Filament,tensile,Mechanical Properties – 3D Printed PLA Premium Printing Filament*,,,,,,XY,printed,,,,,Mechanical Properties – 3D Printed PLA Premium Printing Filament*,Mechanical Properties – 3D Printed PLA Premium Printing Filament* | *This data is obtained from the PLA Premium Printing filament recycled by colorFabb,text,not-required,,,reader-r1-32-b,high,,second table is data of the PLA Premium Printing filament that colorFabb recycles; not the Regrind itself
batch-32.csv#40,context,context,R-COLORFABB-TDS-E-colorFabb-PLA-Regrind,1,,,tensile,Mechanical Properties – Injection Molded**,,,,,,,injection molded,,,,,Mechanical Properties – Injection Molded**,Mechanical Properties – Injection Molded** | **These results are obtained from the information provided by the supplier of the raw material,text,not-required,,,reader-r1-32-b,high,,
batch-32.csv#47,context,context,R-COLORFABB-TDS-E-colorFabb-PLA-Regrind,1,,,thermal,Thermal Properties**,,,,,,,,,,,,Thermal Properties**,Thermal Properties** | **These results are obtained from the information provided by the supplier of the raw material,text,not-required,,,reader-r1-32-b,high,,no specimen or state stated
batch-32.csv#61,context,context,R-COLORFABB-TDS-E-colorFabb-PLA-Regrind,2,,,all,Notes,,,,,,XY,printed,,,,"layer height=0,15 mm; infill=100%; nozzle=0,4 mm; nozzle temp=210˚C; bed temp=55˚C",Notes,"The reported properties are an average of a batch of 3D specimens. | The specimens have been printed in XY plane, using 0,15 mm layer height, 100% infill, 0,4 mm nozzle, 210˚C nozzle temperature and 55˚C bed temperature.",text,not-required,,,reader-r1-32-b,high,no-held-rows-on-page-in-scope,
batch-32.csv#63,context,context,R-COLORFABB-TDS-E-colorFabb-PLA-Vertigo,1,,,all,TYPICAL MATERIAL PROPERTIES – 3D Printed,,,,,,XY,printed,,,,,TYPICAL MATERIAL PROPERTIES – 3D Printed,TYPICAL MATERIAL PROPERTIES – 3D Printed,text,not-required,,,reader-r1-32-b,high,no-held-rows-on-page-in-scope,direction XY and specimen printed from the Notes on page 2
batch-32.csv#80,context,context,R-COLORFABB-TDS-E-colorFabb-PLA-Vertigo,2,,,all,TYPICAL MATERIAL PROPERTIES – Injection molded,,,,,,,injection molded,,,,,TYPICAL MATERIAL PROPERTIES – Injection molded,TYPICAL MATERIAL PROPERTIES – Injection molded,text,not-required,,,reader-r1-32-b,high,,
batch-32.csv#96,context,context,R-COLORFABB-TDS-E-colorFabb-PLA-Vertigo,2,,,all,Notes,,,,,,XY,printed,,,,layer height=0.15mm; infill=100%; nozzle=0.4mm; nozzle temp=210 °C; bed temp=55 °C,Notes,"The reported properties are an average of a batch of 3D printed specimens. The specimens have been printed in XY plane, using 0.15mm layerheight, 100% infill, 0.4mm nozzle, 210 °C nozzle temperature and 55 °C bed temperature.",text,not-required,,,reader-r1-32-b,high,,
batch-32.csv#99,context,context,R-COLORFABB-TDS-E-ColorFabb-SteelFill,1,,,tensile,Mechanical Properties – 3D Printed,,,,,,,printed,,,,,Mechanical Properties – 3D Printed,Mechanical Properties – 3D Printed,text,not-required,,,reader-r1-32-b,high,,no print direction stated on this sheet
batch-32.csv#106,context,context,R-COLORFABB-TDS-E-ColorFabb-SteelFill,1,,,all,Mechanical Properties – Injection Molded*,,,,,,,injection molded,,,,,Mechanical Properties – Injection Molded*,Mechanical Properties – Injection Molded* | *These results are obtained from the information provided by the supplier of the raw material,text,not-required,,,reader-r1-32-b,high,,
batch-32.csv#114,context,context,R-COLORFABB-TDS-E-ColorFabb-SteelFill,1,,,thermal,Thermal Properties*,,,,,,,,,,,,Thermal Properties*,Thermal Properties* | *These results are obtained from the information provided by the supplier of the raw material,text,not-required,,,reader-r1-32-b,high,,
batch-32.csv#132,context,context,R-COLORFABB-TDS-E-ColorFabb-Vibers-PLA,1,,,tensile,Mechanical Properties – 3D Printed,,,,,,XY,printed,,,,,Mechanical Properties – 3D Printed,Mechanical Properties – 3D Printed,text,not-required,,,reader-r1-32-b,high,,direction XY and specimen printed from the Notes
batch-32.csv#146,context,context,R-COLORFABB-TDS-E-ColorFabb-Vibers-PLA,1,,,all,Notes,,,,,,XY,printed,,,,"layer height=0,15 mm; infill=100%; nozzle=0,4 mm; nozzle temp=210 ˚C; bed temp=55˚C",Notes,"The reported properties are an average of a batch of 3D specimens. | The specimens have been printed in XY plane, using 0,15 mm layer height, 100% infill, 0,4 mm nozzle, 210 ˚C nozzle temperature and 55˚C bed temperature.",text,not-required,,,reader-r1-32-b,high,,
batch-32.csv#151,context,context,R-COLORFABB-TDS-E-ColorFabb-varioShore-TPU,1,,,all,"TYPICAL MATERIAL PROPERTIES (base TPU, without foaming activated)",,,,,,,,,,,,"TYPICAL MATERIAL PROPERTIES (base TPU, without foaming activated)","TYPICAL MATERIAL PROPERTIES (base TPU, without foaming activated)",text,not-required,,,reader-r1-32-b,high,,values are for the base TPU without foaming activated
batch-32.csv#165,context,context,R-COLORFABB-TDS-E-ColorFabb-XT-2,1,,,tensile,Mechanical Properties – 3D Printed,,,,,,XY,printed,,,,,Mechanical Properties – 3D Printed,Mechanical Properties – 3D Printed,text,not-required,,,reader-r1-32-b,high,,direction XY and specimen printed from the Notes on page 2
batch-32.csv#172,context,context,R-COLORFABB-TDS-E-ColorFabb-XT-2,1,,,all,Mechanical Properties – Injection Molded*,,,,,,,injection molded,,,,,Mechanical Properties – Injection Molded*,Mechanical Properties – Injection Molded* | *These results are obtained from the information provided by the supplier of the raw material,text,not-required,,,reader-r1-32-b,high,,
batch-32.csv#180,context,context,R-COLORFABB-TDS-E-ColorFabb-XT-2,1,,,thermal,Thermal Properties*,,,,,,,,,,,,Thermal Properties*,Thermal Properties* | *These results are obtained from the information provided by the supplier of the raw material,text,not-required,,,reader-r1-32-b,high,,
batch-32.csv#194,context,context,R-COLORFABB-TDS-E-ColorFabb-XT-2,2,,,all,Notes,,,,,,XY,printed,,,,"layer height=0.15 mm; infill=100%; nozzle=0,4 mm; nozzle temp=250˚C; bed temp=70˚C",Notes,"The reported properties are an average of a batch of 3D specimens. | The specimens have been printed in XY plane, using 0.15 mm layer height, 100% infill, 0,4 mm nozzle, 250˚C nozzle temperature and 70˚C bed temperature.",text,not-required,,,reader-r1-32-b,high,no-held-rows-on-page-in-scope,
batch-32.csv#197,context,context,R-COLORFABB-TDS-E-colorFabbPABlueMetalDetectable,1,,,all,TYPICAL MATERIAL PROPERTIES – 3D Printed,,,,,,,printed,,,,,TYPICAL MATERIAL PROPERTIES – 3D Printed,TYPICAL MATERIAL PROPERTIES – 3D Printed,text,not-required,,,reader-r1-32-b,high,,no print direction stated on this sheet; heading covers both the Mechanical properties and the Physical and Thermal properties tables
batch-32.csv#204,context,context,R-COLORFABB-TDS-E-colorFabbPABlueMetalDetectable,1,,,physical,Physical and Thermal properties,,,,,,,,,,,,Physical and Thermal properties,Physical and Thermal properties,text,not-required,,,reader-r1-32-b,high,,table sits under the 3D Printed section heading
batch-32.csv#208,context,context,R-COLORFABB-TDS-E-colorFabbPABlueMetalDetectable,1,,,all,TYPICAL MATERIAL PROPERTIES – Injection Molded,,,,,,,injection molded,,,,,TYPICAL MATERIAL PROPERTIES – Injection Molded,TYPICAL MATERIAL PROPERTIES – Injection Molded,text,not-required,,,reader-r1-32-b,high,,
batch-32.csv#218,context,context,R-COLORFABB-TDS-E-PA-Blue-Metal-Detectable,1,,,tensile,Mechanical Properties – 3D Printed,,,,,,XY,printed,,,,,Mechanical Properties – 3D Printed,Mechanical Properties – 3D Printed,text,not-required,,,reader-r1-32-b,high,,direction XY and specimen printed from the Notes on page 2; the Notes leave layer height and temperatures blank (…)
batch-32.csv#225,context,context,R-COLORFABB-TDS-E-PA-Blue-Metal-Detectable,1,,,all,Mechanical Properties – Injection Molded*,,,,,,,injection molded,,,,,Mechanical Properties – Injection Molded*,Mechanical Properties – Injection Molded* | *These results are obtained from the information provided by the supplier of the raw material,text,not-required,,,reader-r1-32-b,high,,
batch-32.csv#233,context,context,R-COLORFABB-TDS-E-PA-Blue-Metal-Detectable,1,,,thermal,Thermal Properties*,,,,,,,,,,,,Thermal Properties*,Thermal Properties* | *These results are obtained from the information provided by the supplier of the raw material,text,not-required,,,reader-r1-32-b,high,,
batch-32.csv#246,context,context,R-COLORFABB-TDS-E-PA-Blue-Metal-Detectable,2,,,all,Notes,,,,,,XY,printed,,,,"infill=100%; nozzle=0,4 mm",Notes,"The reported properties are an average of a batch of 3D specimens. | The specimens have been printed in XY plane, using … mm layer height, 100% infill, 0,4 mm nozzle, …. ˚C nozzle temperature and …˚C bed temperature.",text,not-required,,,reader-r1-32-b,medium,no-held-rows-on-page-in-scope,layer height and nozzle and bed temperatures are left as … on the sheet
batch-32.csv#248,context,context,R-COLORFABB-TDS-varioShore-PEBA40D,1,,,tensile,Mechanical Properties – 3D Printed – ISO37,,,,,,,printed,,,ISO 37-1A,,Mechanical Properties – 3D Printed – ISO37,Mechanical Properties – 3D Printed – ISO37,text,not-required,,,reader-r1-32-b,high,,two value columns: unfoamed @ 210 °C flow 100% and foamed @ 250 °C flow 55%; XY direction is stated in the Notes on page 2
batch-32.csv#261,context,context,R-COLORFABB-TDS-varioShore-PEBA40D,1,,,all,Mechanical Properties – Injection Molded,,,,,,,injection molded,,,,,Mechanical Properties – Injection Molded,Mechanical Properties – Injection Molded,text,not-required,,,reader-r1-32-b,high,,
batch-32.csv#271,context,context,R-COLORFABB-TDS-varioShore-PEBA40D,1,,,thermal,Thermal Properties*,,,,,,,,,,,,Thermal Properties*,Thermal Properties* | *These results are obtained from the information provided by the supplier of the raw material,text,not-required,,,reader-r1-32-b,high,,
batch-32.csv#287,context,context,R-COLORFABB-TDS-varioShore-PEBA40D,2,,,all,Notes,,,,,,XY,printed,,,,layer height=0.2 mm; infill=100%; nozzle=0.4 mm; nozzle temp=210/250 ˚C; bed temp=60 ˚C,Notes,"The reported properties are an average of a batch of 3D specimens. | The specimens have been printed in XY plane, using 0.2 mm layer height, 100% infill, 0.4 mm nozzle, 210/250 ˚C nozzle temperature and 60 ˚C bed temperature.",text,not-required,,,reader-r1-32-b,high,no-held-rows-on-page-in-scope,
batch-32.csv#289,context,context,R-COLORFABB-TDS-varioShore-PEBA45D,1,,,tensile,Mechanical Properties – 3D Printed – ISO37,,,,,,,printed,,,ISO 37-1A,,Mechanical Properties – 3D Printed – ISO37,Mechanical Properties – 3D Printed – ISO37,text,not-required,,,reader-r1-32-b,high,,two value columns: unfoamed @ 210 °C flow 100% and foamed @ 250 °C flow 55%; XY direction is stated in the Notes on page 2
batch-32.csv#302,context,context,R-COLORFABB-TDS-varioShore-PEBA45D,1,,,all,Mechanical Properties – Injection Molded,,,,,,,injection molded,,,,,Mechanical Properties – Injection Molded,Mechanical Properties – Injection Molded,text,not-required,,,reader-r1-32-b,high,,
batch-32.csv#312,context,context,R-COLORFABB-TDS-varioShore-PEBA45D,1,,,thermal,Thermal Properties*,,,,,,,,,,,,Thermal Properties*,Thermal Properties* | *These results are obtained from the information provided by the supplier of the raw material,text,not-required,,,reader-r1-32-b,high,,
batch-32.csv#328,context,context,R-COLORFABB-TDS-varioShore-PEBA45D,2,,,all,Notes,,,,,,XY,printed,,,,layer height=0.2 mm; infill=100%; nozzle=0.4 mm; nozzle temp=210/250 ˚C; bed temp=60 ˚C,Notes,"The reported properties are an average of a batch of 3D specimens. | The specimens have been printed in XY plane, using 0.2 mm layer height, 100% infill, 0.4 mm nozzle, 210/250 ˚C nozzle temperature and 60 ˚C bed temperature.",text,not-required,,,reader-r1-32-b,high,no-held-rows-on-page-in-scope,
batch-32.csv#333,context,context,R-COLORFABB-TDS-varioShore-Prosthetic-TPU,1,,,tensile,Mechanical Properties – 3D Printed,,,,,,XY,printed,,,,,Mechanical Properties – 3D Printed,Mechanical Properties – 3D Printed,text,not-required,,,reader-r1-32-b,high,,two value columns under Value @ foaming: 210˚C; 100% and 230°C; 70%; direction XY and specimen from the Notes on page 2
batch-32.csv#346,context,context,R-COLORFABB-TDS-varioShore-Prosthetic-TPU,1,,,all,Mechanical Properties – Injection Molded*,,,,,,,injection molded,,,,,Mechanical Properties – Injection Molded*,"Mechanical Properties – Injection Molded* | *These results are obtained from the information provided by the supplier of the raw material, and are based on UNFOAMED material data.",text,not-required,,,reader-r1-32-b,high,,values are for unfoamed material
batch-32.csv#354,context,context,R-COLORFABB-TDS-varioShore-Prosthetic-TPU,1,,,thermal,Thermal Properties*,,,,,,,,,,,,Thermal Properties*,"Thermal Properties* | *These results are obtained from the information provided by the supplier of the raw material, and are based on UNFOAMED material data.",text,not-required,,,reader-r1-32-b,high,no-held-rows-on-page-in-scope,values are for unfoamed material
batch-32.csv#368,context,context,R-COLORFABB-TDS-varioShore-Prosthetic-TPU,2,,,all,Notes,,,,,,XY,printed,,,,"layer height=0.15 mm; infill=100%; nozzle=0,4 mm; nozzle temp=200-250°C; bed temp=50˚C",Notes,"The reported properties are an average of a batch of 3D specimens. | The specimens have been printed in XY plane, using 0.15 mm layer height, 100% infill, 0,4 mm nozzle, 200-250°C nozzle temperature and 50˚C bed temperature.",text,not-required,,,reader-r1-32-b,high,no-held-rows-on-page-in-scope,
batch-32.csv#374,context,context,R-COLORFABB-TDS-varioShore-TPU-95A,1,,,tensile,Mechanical Properties – 3D Printed,,,,,,XY,printed,,,,,Mechanical Properties – 3D Printed,Mechanical Properties – 3D Printed,text,not-required,,,reader-r1-32-b,high,,two value columns under Value @ foaming: 210˚C; 100% and 230°C; 70%; direction XY and specimen from the Notes on page 2
batch-32.csv#387,context,context,R-COLORFABB-TDS-varioShore-TPU-95A,1,,,all,Mechanical Properties – Injection Molded*,,,,,,,injection molded,,,,,Mechanical Properties – Injection Molded*,"Mechanical Properties – Injection Molded* | *These results are obtained from the information provided by the supplier of the raw material, and are based on UNFOAMED material data.",text,not-required,,,reader-r1-32-b,high,,values are for unfoamed material
batch-32.csv#395,context,context,R-COLORFABB-TDS-varioShore-TPU-95A,1,,,thermal,Thermal Properties*,,,,,,,,,,,,Thermal Properties*,"Thermal Properties* | *These results are obtained from the information provided by the supplier of the raw material, and are based on UNFOAMED material data.",text,not-required,,,reader-r1-32-b,high,,values are for unfoamed material
batch-32.csv#409,context,context,R-COLORFABB-TDS-varioShore-TPU-95A,2,,,all,Notes,,,,,,XY,printed,,,,"layer height=0.15 mm; infill=100%; nozzle=0,4 mm; nozzle temp=200-250°C; bed temp=50˚C",Notes,"The reported properties are an average of a batch of 3D specimens. | The specimens have been printed in XY plane, using 0.15 mm layer height, 100% infill, 0,4 mm nozzle, 200-250°C nozzle temperature and 50˚C bed temperature.",text,not-required,,,reader-r1-32-b,high,no-held-rows-on-page-in-scope,
batch-32.csv#411,context,context,R-COLORFABB-TDS-varioShore-TPU85A,1,,,tensile,Mechanical Properties – 3D Printed,,,,,,XY,printed,,,ISO 37-1A,"column=Value foamed @ 250 °C, flow: 60%",Mechanical Properties – 3D Printed,Mechanical Properties – 3D Printed,text,not-required,,,reader-r1-32-b,high,,single value column: foamed @ 250 °C flow 60%; XY direction is stated in the Notes on page 2
batch-32.csv#419,context,context,R-COLORFABB-TDS-varioShore-TPU85A,1,,,all,Mechanical Properties – Injection Molded,,,,,,,injection molded,,,,,Mechanical Properties – Injection Molded,Mechanical Properties – Injection Molded | Value (unfoamed),text,not-required,,,reader-r1-32-b,high,,value column headed Value (unfoamed)
batch-32.csv#429,context,context,R-COLORFABB-TDS-varioShore-TPU85A,1,,,thermal,Thermal Properties*,,,,,,,,,,,,Thermal Properties*,Thermal Properties* | *These results are obtained from the information provided by the supplier of the raw material,text,not-required,,,reader-r1-32-b,high,no-held-rows-on-page-in-scope,
batch-32.csv#443,context,context,R-COLORFABB-TDS-varioShore-TPU85A,2,,,all,Notes,,,,,,XY,printed,,,,layer height=0.2 mm; infill=100%; nozzle=0.4 mm; nozzle temp=250 ˚C; bed temp=60 ˚C,Notes,"The reported properties are an average of a batch of 3D specimens. | The specimens have been printed in XY plane, using 0.2 mm layer height, 100% infill, 0.4 mm nozzle, 250 ˚C nozzle temperature and 60 ˚C bed temperature.",text,not-required,,,reader-r1-32-b,high,no-held-rows-on-page-in-scope,
batch-32.csv#453,context,context,S-PET-TDS-PLACTIVE,4,,,all,MATERIAL PROPERTIES OF PLACTIVE ™,,,,,,,injection molded,,,,,MATERIAL PROPERTIES OF PLACTIVE ™,(1) Typical properties for injection molded amorphous bars; not to be construed as specifications. | *values can vary by +/- 5% due to environmental conditions,text,not-required,,V009753(specimen) V009754(specimen) V009755(specimen),reader-r1-32-b,high,,footnote (1) covers the properties table; column headed ASIM Method; D882 is a film method but the footnote says injection molded amorphous bars
batch-32.csv#480,context,context,R-ERYONE-eryone-glow-in-the-dark-pla-tds,2,,,all,Part three: Mechanical Properties of Printed Samples,,,,,,,printed,,,,printing temperature=210° C; printing speed=80mm/s; base plate 60 ° C; filling=100%; nozzle diameter=0.4mm,Part three: Mechanical Properties of Printed Samples,"Note: All splines are printed under the following conditions: printing temperature=210° C, printing speed=80mm/s, base plate 60 ° C, filling=100%, nozzle diameter=0.4mm",text,not-required,,,reader-r1-32-b,high,,held page_context rows PC00249 PC00250 PC00251 cover this note
batch-32.csv#490,context,context,R-ERYONE-eryone-glow-in-the-dark-pla-tds,3,,,tensile,TENSILE TESTING SPECIMEN,,,,,,x-y axis; z axis,printed,,,"ISO 527,GB/T 1040",,TENSILE TESTING SPECIMEN,"TENSILE TESTING SPECIMEN ISO 527,GB/T 1040",visual-only,agreed,,,reader-r1-32-b,medium,no-held-rows-on-page-in-scope quote-not-on-page,drawing of the tensile bar (110.00 long; 4.00 thick) with x-y axis and z axis orientations; the word printed is not on this page
batch-32.csv#491,context,context,R-ERYONE-eryone-glow-in-the-dark-pla-tds,3,,,flexural,FLEXURAL TESTING SPECIMEN,,,,,,Z axis,printed,,,"ISO 178,GB/T 9341",,FLEXURAL TESTING SPECIMEN,"FLEXURAL TESTING SPECIMEN ISO 178,GB/T 9341",visual-only,agreed,,,reader-r1-32-b,medium,no-held-rows-on-page-in-scope quote-not-on-page,drawing of the flexural bar (80.00 x 10.00 x 4.00) with Z axis
batch-32.csv#492,context,context,R-ERYONE-eryone-glow-in-the-dark-pla-tds,3,,,impact,IMPACT TESTING SPECIMEN,,,,,,Z axis,printed,,,"ISO 179,GB/T 1043",notch=45.00°,IMPACT TESTING SPECIMEN,"IMPACT TESTING SPECIMEN ISO 179,GB/T 1043",visual-only,agreed,,,reader-r1-32-b,medium,no-held-rows-on-page-in-scope quote-not-on-page,drawing of the notched impact bar (80.00 x 10.00 x 4.00; 45.00° notch) with Z axis and impact direction; the table on page 2 prints GB/T 1843 for the Charpy row
batch-32.csv#507,context,context,R-ERYONE-eryone-petg-tds,2,,,all,Part III: Mechanical Properties of Printed Samples,,,,,,,printed,,,,printing temperature=240 ° C; printing speed=80mm/s; base plate 60 ° C; filling=100%; nozzle diameter=0.4mm,Part III: Mechanical Properties of Printed Samples,"Note: All splines are printed under the following conditions: printing temperature=240 ° C, printing speed=80mm/s, base plate 60 ° C, filling=100%, nozzle diameter=0.4mm",text,not-required,,,reader-r1-32-b,high,,held page_context rows PC00237 PC00238 PC00239 cover this note
batch-32.csv#517,context,context,R-ERYONE-eryone-petg-tds,3,,,tensile,TENSILE TESTING SPECIMEN,,,,,,x-y axis; z axis,printed,,,"ISO 527,GB/T 1040",,TENSILE TESTING SPECIMEN,"TENSILE TESTING SPECIMEN ISO 527,GB/T 1040",visual-only,agreed,,,reader-r1-32-b,medium,no-held-rows-on-page-in-scope quote-not-on-page,drawing of the tensile bar (110.00 long; 4.00 thick) with x-y axis and z axis orientations; the word printed is not on this page
batch-32.csv#518,context,context,R-ERYONE-eryone-petg-tds,3,,,flexural,FLEXURAL TESTING SPECIMEN,,,,,,Z axis,printed,,,"ISO 178,GB/T 9341",,FLEXURAL TESTING SPECIMEN,"FLEXURAL TESTING SPECIMEN ISO 178,GB/T 9341",visual-only,agreed,,,reader-r1-32-b,medium,no-held-rows-on-page-in-scope quote-not-on-page,drawing of the flexural bar (80.00 x 10.00 x 4.00) with Z axis
batch-32.csv#519,context,context,R-ERYONE-eryone-petg-tds,3,,,impact,IMPACT TESTING SPECIMEN,,,,,,Z axis,printed,,,"ISO 179,GB/T 1043",notch=45.00°,IMPACT TESTING SPECIMEN,"IMPACT TESTING SPECIMEN ISO 179,GB/T 1043",visual-only,agreed,,,reader-r1-32-b,medium,no-held-rows-on-page-in-scope quote-not-on-page,drawing of the notched impact bar (80.00 x 10.00 x 4.00; 45.00° notch) with Z axis and impact direction; the table on page 2 prints GB/T 1843 for the Charpy row
batch-32.csv#533,context,context,R-ERYONE-eryone-pla-light-weight-tds,2,,,all,Part III: Mechanical Properties of Printed Samples,,,,,,,printed,,,,printing temperature=220 ° C; printing speed=60mm/s; base plate 55° C; filling=100%; nozzle diameter=0.4mm,Part III: Mechanical Properties of Printed Samples,"Note: All splines are printed under the following conditions: printing temperature=220 ° C, printing speed=60mm/s, base plate 55° C, filling=100%, nozzle diameter=0.4mm",text,not-required,,,reader-r1-32-b,high,,
batch-32.csv#542,context,context,R-ERYONE-eryone-pla-light-weight-tds,3,,,tensile,TENSILE TESTING SPECIMEN,,,,,,x-y axis; z axis,printed,,,"ISO 527,GB/T 1040",,TENSILE TESTING SPECIMEN,"TENSILE TESTING SPECIMEN ISO 527,GB/T 1040",visual-only,agreed,,,reader-r1-32-b,medium,no-held-rows-on-page-in-scope quote-not-on-page,drawing of the tensile bar (110.00 long; 4.00 thick) with x-y axis and z axis orientations; the word printed is not on this page
batch-32.csv#543,context,context,R-ERYONE-eryone-pla-light-weight-tds,3,,,flexural,FLEXURAL TESTING SPECIMEN,,,,,,Z axis,printed,,,"ISO 178,GB/T 9341",,FLEXURAL TESTING SPECIMEN,"FLEXURAL TESTING SPECIMEN ISO 178,GB/T 9341",visual-only,agreed,,,reader-r1-32-b,medium,no-held-rows-on-page-in-scope quote-not-on-page,drawing of the flexural bar (80.00 x 10.00 x 4.00) with Z axis
batch-32.csv#544,context,context,R-ERYONE-eryone-pla-light-weight-tds,3,,,impact,IMPACT TESTING SPECIMEN,,,,,,Z axis,printed,,,"ISO 179,GB/T 1043",notch=45.00°,IMPACT TESTING SPECIMEN,"IMPACT TESTING SPECIMEN ISO 179,GB/T 1043",visual-only,agreed,,,reader-r1-32-b,medium,no-held-rows-on-page-in-scope quote-not-on-page,drawing of the notched impact bar (80.00 x 10.00 x 4.00; 45.00° notch) with Z axis and impact direction; the table on page 2 prints GB/T 1843 for the Charpy row
batch-32.csv#559,context,context,R-ERYONE-eryone-standard-pla-tds,2,,,all,Part III: Mechanical Properties of Printed Samples,,,,,,,printed,,,,printing temperature=220 ° C; printing speed=80mm/s; base plate 60 ° C; filling=100%; nozzle diameter=0.4mm,Part III: Mechanical Properties of Printed Samples,"Note: All splines are printed under the following conditions: printing temperature=220 ° C, printing speed=80mm/s, base plate 60 ° C, filling=100%, nozzle diameter=0.4mm",text,not-required,,,reader-r1-32-b,high,,
batch-32.csv#569,context,context,R-ERYONE-eryone-standard-pla-tds,3,,,tensile,TENSILE TESTING SPECIMEN,,,,,,x-y axis; z axis,printed,,,"ISO 527,GB/T 1040",,TENSILE TESTING SPECIMEN,"TENSILE TESTING SPECIMEN ISO 527,GB/T 1040",visual-only,agreed,,,reader-r1-32-b,medium,no-held-rows-on-page-in-scope quote-not-on-page,drawing of the tensile bar (110.00 long; 4.00 thick) with x-y axis and z axis orientations; the word printed is not on this page
batch-32.csv#570,context,context,R-ERYONE-eryone-standard-pla-tds,3,,,flexural,FLEXURAL TESTING SPECIMEN,,,,,,Z axis,printed,,,"ISO 178,GB/T 9341",,FLEXURAL TESTING SPECIMEN,"FLEXURAL TESTING SPECIMEN ISO 178,GB/T 9341",visual-only,agreed,,,reader-r1-32-b,medium,no-held-rows-on-page-in-scope quote-not-on-page,drawing of the flexural bar (80.00 x 10.00 x 4.00) with Z axis
batch-32.csv#571,context,context,R-ERYONE-eryone-standard-pla-tds,3,,,impact,IMPACT TESTING SPECIMEN,,,,,,Z axis,printed,,,"ISO 179,GB/T 1043",notch=45.00°,IMPACT TESTING SPECIMEN,"IMPACT TESTING SPECIMEN ISO 179,GB/T 1043",visual-only,agreed,,,reader-r1-32-b,medium,no-held-rows-on-page-in-scope quote-not-on-page,drawing of the notched impact bar (80.00 x 10.00 x 4.00; 45.00° notch) with Z axis and impact direction; the table on page 2 prints GB/T 1843 for the Charpy row
batch-33.csv#14,context,context,R-ERYONE-eryone-standard-tpu-tds,2,,,all,Part III: Mechanical Properties of Printed Samples,,,,,,,printed,,,,,Part III: Mechanical Properties of Printed Samples,Part III: Mechanical Properties of Printed Samples,text,not-required,,,reader-r1-33,high,,heading partly overprinted by logo
batch-33.csv#15,context,context,R-ERYONE-eryone-standard-tpu-tds,2,,,all,Note,"All splines are printed under the following conditions: printing temperature=220 ° C, printing speed=100mm/s, base plate 55° C, filling=100%, nozzle diameter=0.4mm",,,,,,printed,,,,nozzle=220 ° C; speed=100mm/s; bed=55° C; infill=100%; nozzle_diameter=0.4mm,Part III: Mechanical Properties of Printed Samples,"Note: All splines are printed under the following conditions: printing temperature=220 ° C, printing speed=100mm/s, base plate 55° C, filling=100%, nozzle diameter=0.4mm",text,not-required,,,reader-r1-33,high,,
batch-33.csv#21,context,context,R-ERYONE-eryone-standard-tpu-tds,3,,,tensile,TENSILE TESTING SPECIMEN,ISO 527 GB/T 1040,,,,,,,,,"ISO 527,GB/T 1040",,TENSILE TESTING SPECIMEN,"TENSILE TESTING SPECIMEN | ISO 527,GB/T 1040",visual-only,agreed,,,reader-r1-33,high,no-held-rows-on-page-in-scope quote-not-on-page,specimen drawing with x-y axis and z axis
batch-33.csv#22,context,context,R-ERYONE-eryone-standard-tpu-tds,3,,,flexural,FLEXURAL TESTING SPECIMEN,ISO 178 GB/T 9341,,,,,,,,,"ISO 178,GB/T 9341",,FLEXURAL TESTING SPECIMEN,"FLEXURAL TESTING SPECIMEN | ISO 178,GB/T 9341",visual-only,agreed,,,reader-r1-33,high,no-held-rows-on-page-in-scope quote-not-on-page,drawing of bar with Z axis; no flexural values on sheet
batch-33.csv#23,context,context,R-ERYONE-eryone-standard-tpu-tds,3,,,impact,IMPACT TESTING SPECIMEN,ISO 179 GB/T 1043,,,,,,,,,"ISO 179,GB/T 1043",,IMPACT TESTING SPECIMEN,"IMPACT TESTING SPECIMEN | ISO 179,GB/T 1043",visual-only,agreed,,,reader-r1-33,high,no-held-rows-on-page-in-scope quote-not-on-page,notched bar drawing with Z axis and impact direction
batch-33.csv#37,context,context,R-ERYONE-eryone-tpu-90a-tds,2,,,all,Part III: Mechanical Properties of Printed Samples,,,,,,,printed,,,,,Part III: Mechanical Properties of Printed Samples,Part III: Mechanical Properties of Printed Samples,text,not-required,,,reader-r1-33,high,,
batch-33.csv#38,context,context,R-ERYONE-eryone-tpu-90a-tds,2,,,all,Note,"All splines are printed under the following conditions: printing temperature=220 ° C, printing speed=40mm/s, base plate 55° C, filling=100%, nozzle diameter=0.4mm",,,,,,printed,,,,nozzle=220 ° C; speed=40mm/s; bed=55° C; infill=100%; nozzle_diameter=0.4mm,Part III: Mechanical Properties of Printed Samples,"Note: All splines are printed under the following conditions: printing temperature=220 ° C, printing speed=40mm/s, base plate 55° C, filling=100%, nozzle diameter=0.4mm",text,not-required,,,reader-r1-33,high,,database already holds this as PC00209
batch-33.csv#45,context,context,R-ERYONE-eryone-tpu-90a-tds,3,,,tensile,TENSILE TESTING SPECIMEN,ISO 527 GB/T 1040,,,,,,,,,"ISO 527,GB/T 1040",,TENSILE TESTING SPECIMEN,"TENSILE TESTING SPECIMEN | ISO 527,GB/T 1040",visual-only,agreed,,,reader-r1-33,high,no-held-rows-on-page-in-scope quote-not-on-page,specimen drawing with x-y axis and z axis
batch-33.csv#46,context,context,R-ERYONE-eryone-tpu-90a-tds,3,,,flexural,FLEXURAL TESTING SPECIMEN,ISO 178 GB/T 9341,,,,,,,,,"ISO 178,GB/T 9341",,FLEXURAL TESTING SPECIMEN,"FLEXURAL TESTING SPECIMEN | ISO 178,GB/T 9341",visual-only,agreed,,,reader-r1-33,high,no-held-rows-on-page-in-scope quote-not-on-page,drawing of bar with Z axis; no flexural values on sheet
batch-33.csv#47,context,context,R-ERYONE-eryone-tpu-90a-tds,3,,,impact,IMPACT TESTING SPECIMEN,ISO 179 GB/T 1043,,,,,,,,,"ISO 179,GB/T 1043",,IMPACT TESTING SPECIMEN,"IMPACT TESTING SPECIMEN | ISO 179,GB/T 1043",visual-only,agreed,,,reader-r1-33,high,no-held-rows-on-page-in-scope quote-not-on-page,notched bar drawing with Z axis and impact direction
batch-33.csv#62,context,context,R-ERYONE-eryone-tpu-hs-tds,2,,,all,Part III: Mechanical Properties of Printed Samples,,,,,,,printed,,,,,Part III: Mechanical Properties of Printed Samples,Part III: Mechanical Properties of Printed Samples,text,not-required,,,reader-r1-33,high,,
batch-33.csv#63,context,context,R-ERYONE-eryone-tpu-hs-tds,2,,,all,Note,"All splines are printed under the following conditions: printing temperature=220 ° C, printing speed=100mm/s, base plate 55° C, filling=100%, nozzle diameter=0.4mm",,,,,,printed,,,,nozzle=220 ° C; speed=100mm/s; bed=55° C; infill=100%; nozzle_diameter=0.4mm,Part III: Mechanical Properties of Printed Samples,"Note: All splines are printed under the following conditions: printing temperature=220 ° C, printing speed=100mm/s, base plate 55° C, filling=100%, nozzle diameter=0.4mm",text,not-required,,,reader-r1-33,high,,database already holds this as PC00222 (tensile) PC00223 (flexural) PC00224 (impact)
batch-33.csv#73,context,context,R-ERYONE-eryone-tpu-hs-tds,3,,,tensile,TENSILE TESTING SPECIMEN,ISO 527 GB/T 1040,,,,,,,,,"ISO 527,GB/T 1040",,TENSILE TESTING SPECIMEN,"TENSILE TESTING SPECIMEN | ISO 527,GB/T 1040",visual-only,agreed,,,reader-r1-33,high,no-held-rows-on-page-in-scope quote-not-on-page,specimen drawing with x-y axis and z axis
batch-33.csv#74,context,context,R-ERYONE-eryone-tpu-hs-tds,3,,,flexural,FLEXURAL TESTING SPECIMEN,ISO 178 GB/T 9341,,,,,,,,,"ISO 178,GB/T 9341",,FLEXURAL TESTING SPECIMEN,"FLEXURAL TESTING SPECIMEN | ISO 178,GB/T 9341",visual-only,agreed,,,reader-r1-33,high,no-held-rows-on-page-in-scope quote-not-on-page,drawing of bar with Z axis
batch-33.csv#75,context,context,R-ERYONE-eryone-tpu-hs-tds,3,,,impact,IMPACT TESTING SPECIMEN,ISO 179 GB/T 1043,,,,,,,,,"ISO 179,GB/T 1043",,IMPACT TESTING SPECIMEN,"IMPACT TESTING SPECIMEN | ISO 179,GB/T 1043",visual-only,agreed,,,reader-r1-33,high,no-held-rows-on-page-in-scope quote-not-on-page,notched bar drawing with Z axis and impact direction
batch-33.csv#90,context,context,R-ERYONE-eryone-wood-pla-tds,2,,,all,Part III: Mechanical Properties of Printed Samples,,,,,,,printed,,,,,Part III: Mechanical Properties of Printed Samples,Part III: Mechanical Properties of Printed Samples,text,not-required,,,reader-r1-33,high,,
batch-33.csv#91,context,context,R-ERYONE-eryone-wood-pla-tds,2,,,all,Note,"All splines are printed under the following conditions: printing temperature=210° C, printing speed=60mm/s, base plate 60 ° C, filling=100%, nozzle diameter=0.4mm",,,,,,printed,,,,nozzle=210° C; speed=60mm/s; bed=60 ° C; infill=100%; nozzle_diameter=0.4mm,Part III: Mechanical Properties of Printed Samples,"Note: All splines are printed under the following conditions: printing temperature=210° C, printing speed=60mm/s, base plate 60 ° C, filling=100%, nozzle diameter=0.4mm",text,not-required,,,reader-r1-33,high,,
batch-33.csv#101,context,context,R-ERYONE-eryone-wood-pla-tds,3,,,tensile,TENSILE TESTING SPECIMEN,ISO 527 GB/T 1040,,,,,,,,,"ISO 527,GB/T 1040",,TENSILE TESTING SPECIMEN,"TENSILE TESTING SPECIMEN | ISO 527,GB/T 1040",visual-only,agreed,,,reader-r1-33,high,no-held-rows-on-page-in-scope quote-not-on-page,specimen drawing with x-y axis and z axis
batch-33.csv#102,context,context,R-ERYONE-eryone-wood-pla-tds,3,,,flexural,FLEXURAL TESTING SPECIMEN,ISO 178 GB/T 9341,,,,,,,,,"ISO 178,GB/T 9341",,FLEXURAL TESTING SPECIMEN,"FLEXURAL TESTING SPECIMEN | ISO 178,GB/T 9341",visual-only,agreed,,,reader-r1-33,high,no-held-rows-on-page-in-scope quote-not-on-page,drawing of bar with Z axis
batch-33.csv#103,context,context,R-ERYONE-eryone-wood-pla-tds,3,,,impact,IMPACT TESTING SPECIMEN,ISO 179 GB/T 1043,,,,,,,,,"ISO 179,GB/T 1043",,IMPACT TESTING SPECIMEN,"IMPACT TESTING SPECIMEN | ISO 179,GB/T 1043",visual-only,agreed,,,reader-r1-33,high,no-held-rows-on-page-in-scope quote-not-on-page,notched bar drawing with Z axis and impact direction
batch-33.csv#118,context,context,R-ERYONE-file-manager-downLoad-path-file-manage-3828-20250903-eryone--1d9fed,2,,,all,Part III: Mechanical Properties of Printed Samples,,,,,,,printed,,,,,Part III: Mechanical Properties of Printed Samples,Part III: Mechanical Properties of Printed Samples,text,not-required,,,reader-r1-33,high,,
batch-33.csv#119,context,context,R-ERYONE-file-manager-downLoad-path-file-manage-3828-20250903-eryone--1d9fed,2,,,all,Note,"All splines are printed under the following conditions: printing temperature=265℃, printing speed=100mm/s, base plate 90 ° C, filling=100%, nozzle diameter=0.4mm",,,,,,printed,,,,nozzle=265℃; speed=100mm/s; bed=90 ° C; infill=100%; nozzle_diameter=0.4mm,Part III: Mechanical Properties of Printed Samples,"Note: All splines are printed under the following conditions: printing temperature=265℃, printing speed=100mm/s, base plate 90 ° C, filling=100%, nozzle diameter=0.4mm",text,not-required,,,reader-r1-33,high,,database already holds this as PC00188 to PC00190
batch-33.csv#129,context,context,R-ERYONE-file-manager-downLoad-path-file-manage-3828-20250903-eryone--1d9fed,3,,,tensile,TENSILE TESTING SPECIMEN,ISO 527 GB/T 1040,,,,,,,,,"ISO 527,GB/T 1040",,TENSILE TESTING SPECIMEN,"TENSILE TESTING SPECIMEN | ISO 527,GB/T 1040",visual-only,agreed,,,reader-r1-33,high,no-held-rows-on-page-in-scope quote-not-on-page,specimen drawing with x-y axis and z axis
batch-33.csv#130,context,context,R-ERYONE-file-manager-downLoad-path-file-manage-3828-20250903-eryone--1d9fed,3,,,flexural,FLEXURAL TESTING SPECIMEN,ISO 178 GB/T 9341,,,,,,,,,"ISO 178,GB/T 9341",,FLEXURAL TESTING SPECIMEN,"FLEXURAL TESTING SPECIMEN | ISO 178,GB/T 9341",visual-only,agreed,,,reader-r1-33,high,no-held-rows-on-page-in-scope quote-not-on-page,drawing of bar with Z axis
batch-33.csv#131,context,context,R-ERYONE-file-manager-downLoad-path-file-manage-3828-20250903-eryone--1d9fed,3,,,impact,IMPACT TESTING SPECIMEN,ISO 179 GB/T 1043,,,,,,,,,"ISO 179,GB/T 1043",,IMPACT TESTING SPECIMEN,"IMPACT TESTING SPECIMEN | ISO 179,GB/T 1043",visual-only,agreed,,,reader-r1-33,high,no-held-rows-on-page-in-scope quote-not-on-page,notched bar drawing with Z axis and impact direction
batch-33.csv#147,context,context,R-ERYONE-file-manager-downLoad-path-file-manage-3828-20250903-eryone--25961c,2,,,all,Part III: Mechanical Properties of Printed Samples,,,,,,,printed,,,,,Part III: Mechanical Properties of Printed Samples,Part III: Mechanical Properties of Printed Samples,text,not-required,,,reader-r1-33,high,,
batch-33.csv#148,context,context,R-ERYONE-file-manager-downLoad-path-file-manage-3828-20250903-eryone--25961c,2,,,all,Note,"All splines are printed under the following conditions: printing temperature=280 ° C, printing speed=60mm/s, base plate 100 ° C, filling=100%, nozzle diameter=0.4mm",,,,,,printed,,,,nozzle=280 ° C; speed=60mm/s; bed=100 ° C; infill=100%; nozzle_diameter=0.4mm,Part III: Mechanical Properties of Printed Samples,"Note: All splines are printed under the following conditions: printing temperature=280 ° C, printing speed=60mm/s, base plate 100 ° C, filling=100%, nozzle diameter=0.4mm",text,not-required,,,reader-r1-33,high,,database already holds this as PC00191 to PC00193
batch-33.csv#156,context,context,R-ERYONE-file-manager-downLoad-path-file-manage-3828-20250903-eryone--25961c,3,,,tensile,TENSILE TESTING SPECIMEN,ISO 527 GB/T 1040,,,,,,,,,"ISO 527,GB/T 1040",,TENSILE TESTING SPECIMEN,"TENSILE TESTING SPECIMEN | ISO 527,GB/T 1040",visual-only,agreed,,,reader-r1-33,high,no-held-rows-on-page-in-scope quote-not-on-page,specimen drawing with x-y axis and z axis
batch-33.csv#157,context,context,R-ERYONE-file-manager-downLoad-path-file-manage-3828-20250903-eryone--25961c,3,,,flexural,FLEXURAL TESTING SPECIMEN,ISO 178 GB/T 9341,,,,,,,,,"ISO 178,GB/T 9341",,FLEXURAL TESTING SPECIMEN,"FLEXURAL TESTING SPECIMEN | ISO 178,GB/T 9341",visual-only,agreed,,,reader-r1-33,high,no-held-rows-on-page-in-scope quote-not-on-page,drawing of bar with Z axis
batch-33.csv#158,context,context,R-ERYONE-file-manager-downLoad-path-file-manage-3828-20250903-eryone--25961c,3,,,impact,IMPACT TESTING SPECIMEN,ISO 179 GB/T 1043,,,,,,,,,"ISO 179,GB/T 1043",,IMPACT TESTING SPECIMEN,"IMPACT TESTING SPECIMEN | ISO 179,GB/T 1043",visual-only,agreed,,,reader-r1-33,high,no-held-rows-on-page-in-scope quote-not-on-page,notched bar drawing with Z axis and impact direction
batch-33.csv#174,context,context,R-ERYONE-file-manager-downLoad-path-file-manage-3828-20250903-eryone--41b571,2,,,all,Part III: Mechanical Properties of Printed Samples,,,,,,,printed,,,,,Part III: Mechanical Properties of Printed Samples,Part III: Mechanical Properties of Printed Samples,text,not-required,,,reader-r1-33,high,,
batch-33.csv#175,context,context,R-ERYONE-file-manager-downLoad-path-file-manage-3828-20250903-eryone--41b571,2,,,all,Note,"All splines are printed under the following conditions: printing temperature=260 ° C, printing speed=80mm/s, base plate 95 ° C, filling=100%, nozzle diameter=0.4mm",,,,,,printed,,,,nozzle=260 ° C; speed=80mm/s; bed=95 ° C; infill=100%; nozzle_diameter=0.4mm,Part III: Mechanical Properties of Printed Samples,"Note: All splines are printed under the following conditions: printing temperature=260 ° C, printing speed=80mm/s, base plate 95 ° C, filling=100%, nozzle diameter=0.4mm",text,not-required,,,reader-r1-33,high,,database already holds this as PC00200 to PC00202
batch-33.csv#185,context,context,R-ERYONE-file-manager-downLoad-path-file-manage-3828-20250903-eryone--41b571,3,,,tensile,TENSILE TESTING SPECIMEN,ISO 527 GB/T 1040,,,,,,,,,"ISO 527,GB/T 1040",,TENSILE TESTING SPECIMEN,"TENSILE TESTING SPECIMEN | ISO 527,GB/T 1040",visual-only,agreed,,,reader-r1-33,high,no-held-rows-on-page-in-scope quote-not-on-page,specimen drawing with x-y axis and z axis
batch-33.csv#186,context,context,R-ERYONE-file-manager-downLoad-path-file-manage-3828-20250903-eryone--41b571,3,,,flexural,FLEXURAL TESTING SPECIMEN,ISO 178 GB/T 9341,,,,,,,,,"ISO 178,GB/T 9341",,FLEXURAL TESTING SPECIMEN,"FLEXURAL TESTING SPECIMEN | ISO 178,GB/T 9341",visual-only,agreed,,,reader-r1-33,high,no-held-rows-on-page-in-scope quote-not-on-page,drawing of bar with Z axis
batch-33.csv#187,context,context,R-ERYONE-file-manager-downLoad-path-file-manage-3828-20250903-eryone--41b571,3,,,impact,IMPACT TESTING SPECIMEN,ISO 179 GB/T 1043,,,,,,,,,"ISO 179,GB/T 1043",,IMPACT TESTING SPECIMEN,"IMPACT TESTING SPECIMEN | ISO 179,GB/T 1043",visual-only,agreed,,,reader-r1-33,high,no-held-rows-on-page-in-scope quote-not-on-page,notched bar drawing with Z axis and impact direction
batch-33.csv#203,context,context,R-ERYONE-file-manager-downLoad-path-file-manage-3828-20250903-eryone--6b5ac4,2,,,all,Part III: Mechanical Properties of Printed Samples,,,,,,,printed,,,,,Part III: Mechanical Properties of Printed Samples,Part III: Mechanical Properties of Printed Samples,text,not-required,,,reader-r1-33,high,,
batch-33.csv#204,context,context,R-ERYONE-file-manager-downLoad-path-file-manage-3828-20250903-eryone--6b5ac4,2,,,all,Note,"All splines are printed under the following conditions: printing temperature=270 ° C, printing speed=80mm/s, base plate 95 ° C, filling=100%, nozzle diameter=0.4mm",,,,,,printed,,,,nozzle=270 ° C; speed=80mm/s; bed=95 ° C; infill=100%; nozzle_diameter=0.4mm,Part III: Mechanical Properties of Printed Samples,"Note: All splines are printed under the following conditions: printing temperature=270 ° C, printing speed=80mm/s, base plate 95 ° C, filling=100%, nozzle diameter=0.4mm",text,not-required,,,reader-r1-33,high,,database already holds this as PC00210 to PC00212
batch-33.csv#210,context,context,R-ERYONE-file-manager-downLoad-path-file-manage-3828-20250903-eryone--6b5ac4,3,,,tensile,TENSILE TESTING SPECIMEN,ISO 527 GB/T 1040,,,,,,,,,"ISO 527,GB/T 1040",,TENSILE TESTING SPECIMEN,"TENSILE TESTING SPECIMEN | ISO 527,GB/T 1040",visual-only,agreed,,,reader-r1-33,high,no-held-rows-on-page-in-scope quote-not-on-page,specimen drawing with x-y axis and z axis
batch-33.csv#211,context,context,R-ERYONE-file-manager-downLoad-path-file-manage-3828-20250903-eryone--6b5ac4,3,,,flexural,FLEXURAL TESTING SPECIMEN,ISO 178 GB/T 9341,,,,,,,,,"ISO 178,GB/T 9341",,FLEXURAL TESTING SPECIMEN,"FLEXURAL TESTING SPECIMEN | ISO 178,GB/T 9341",visual-only,agreed,,,reader-r1-33,high,no-held-rows-on-page-in-scope quote-not-on-page,drawing of bar with Z axis
batch-33.csv#212,context,context,R-ERYONE-file-manager-downLoad-path-file-manage-3828-20250903-eryone--6b5ac4,3,,,impact,IMPACT TESTING SPECIMEN,ISO 179 GB/T 1043,,,,,,,,,"ISO 179,GB/T 1043",,IMPACT TESTING SPECIMEN,"IMPACT TESTING SPECIMEN | ISO 179,GB/T 1043",visual-only,agreed,,,reader-r1-33,high,no-held-rows-on-page-in-scope quote-not-on-page,notched bar drawing with Z axis and impact direction
batch-33.csv#227,context,context,R-ERYONE-file-manager-downLoad-path-file-manage-3828-20250903-eryone--881af5,2,,,all,Part III: Mechanical Properties of Printed Samples,,,,,,,printed,,,,,Part III: Mechanical Properties of Printed Samples,Part III: Mechanical Properties of Printed Samples,text,not-required,,,reader-r1-33,high,,
batch-33.csv#228,context,context,R-ERYONE-file-manager-downLoad-path-file-manage-3828-20250903-eryone--881af5,2,,,all,Note,"All splines are printed under the following conditions: printing temperature=250 ° C, printing speed=80mm/s, base plate 60 ° C, filling=100%, nozzle diameter=0.4mm",,,,,,printed,,,,nozzle=250 ° C; speed=80mm/s; bed=60 ° C; infill=100%; nozzle_diameter=0.4mm,Part III: Mechanical Properties of Printed Samples,"Note: All splines are printed under the following conditions: printing temperature=250 ° C, printing speed=80mm/s, base plate 60 ° C, filling=100%, nozzle diameter=0.4mm",text,not-required,,,reader-r1-33,high,,database already holds this as PC00219 to PC00221
batch-33.csv#238,context,context,R-ERYONE-file-manager-downLoad-path-file-manage-3828-20250903-eryone--881af5,3,,,tensile,TENSILE TESTING SPECIMEN,ISO 527 GB/T 1040,,,,,,,,,"ISO 527,GB/T 1040",,TENSILE TESTING SPECIMEN,"TENSILE TESTING SPECIMEN | ISO 527,GB/T 1040",visual-only,agreed,,,reader-r1-33,high,no-held-rows-on-page-in-scope quote-not-on-page,specimen drawing with x-y axis and z axis
batch-33.csv#239,context,context,R-ERYONE-file-manager-downLoad-path-file-manage-3828-20250903-eryone--881af5,3,,,flexural,FLEXURAL TESTING SPECIMEN,ISO 178 GB/T 9341,,,,,,,,,"ISO 178,GB/T 9341",,FLEXURAL TESTING SPECIMEN,"FLEXURAL TESTING SPECIMEN | ISO 178,GB/T 9341",visual-only,agreed,,,reader-r1-33,high,no-held-rows-on-page-in-scope quote-not-on-page,drawing of bar with Z axis
batch-33.csv#240,context,context,R-ERYONE-file-manager-downLoad-path-file-manage-3828-20250903-eryone--881af5,3,,,impact,IMPACT TESTING SPECIMEN,ISO 179 GB/T 1043,,,,,,,,,"ISO 179,GB/T 1043",,IMPACT TESTING SPECIMEN,"IMPACT TESTING SPECIMEN | ISO 179,GB/T 1043",visual-only,agreed,,,reader-r1-33,high,no-held-rows-on-page-in-scope quote-not-on-page,notched bar drawing with Z axis and impact direction
batch-33.csv#256,context,context,R-ERYONE-file-manager-downLoad-path-file-manage-3828-20250903-eryone--92f474,2,,,all,Part III:Mechanical Properties of Printed Samples,,,,,,,printed,,,,,Part III:Mechanical Properties of Printed Samples,Part III:Mechanical Properties of Printed Samples,text,not-required,,,reader-r1-33,high,,
batch-33.csv#257,context,context,R-ERYONE-file-manager-downLoad-path-file-manage-3828-20250903-eryone--92f474,2,,,all,Note,"All splines are printed under the following conditions: printing temperature=270 ° C, printing speed=80mm/s, base plate 95 ° C, filling=100%, nozzle diameter=0.4mm",,,,,,printed,,,,nozzle=270 ° C; speed=80mm/s; bed=95 ° C; infill=100%; nozzle_diameter=0.4mm,Part III:Mechanical Properties of Printed Samples,"Note: All splines are printed under the following conditions: printing temperature=270 ° C, printing speed=80mm/s, base plate 95 ° C, filling=100%, nozzle diameter=0.4mm",text,not-required,,,reader-r1-33,high,,database already holds this as PC00225 to PC00227
batch-33.csv#267,context,context,R-ERYONE-file-manager-downLoad-path-file-manage-3828-20250903-eryone--92f474,3,,,tensile,TENSILE TESTING SPECIMEN,ISO 527 GB/T 1040,,,,,,,,,"ISO 527,GB/T 1040",,TENSILE TESTING SPECIMEN,"TENSILE TESTING SPECIMEN | ISO 527,GB/T 1040",visual-only,agreed,,,reader-r1-33,high,no-held-rows-on-page-in-scope quote-not-on-page,specimen drawing with x-y axis and z axis
batch-33.csv#268,context,context,R-ERYONE-file-manager-downLoad-path-file-manage-3828-20250903-eryone--92f474,3,,,flexural,FLEXURAL TESTING SPECIMEN,ISO 178 GB/T 9341,,,,,,,,,"ISO 178,GB/T 9341",,FLEXURAL TESTING SPECIMEN,"FLEXURAL TESTING SPECIMEN | ISO 178,GB/T 9341",visual-only,agreed,,,reader-r1-33,high,no-held-rows-on-page-in-scope quote-not-on-page,drawing of bar with Z axis
batch-33.csv#269,context,context,R-ERYONE-file-manager-downLoad-path-file-manage-3828-20250903-eryone--92f474,3,,,impact,IMPACT TESTING SPECIMEN,ISO 179 GB/T 1043,,,,,,,,,"ISO 179,GB/T 1043",,IMPACT TESTING SPECIMEN,"IMPACT TESTING SPECIMEN | ISO 179,GB/T 1043",visual-only,agreed,,,reader-r1-33,high,no-held-rows-on-page-in-scope quote-not-on-page,notched bar drawing with Z axis and impact direction
batch-33.csv#284,context,context,R-ERYONE-file-manager-downLoad-path-file-manage-3828-20250903-eryone--9a96a3,2,,,all,Part III: Mechanical Properties of Printed Samples,,,,,,,printed,,,,,Part III: Mechanical Properties of Printed Samples,Part III: Mechanical Properties of Printed Samples,text,not-required,,,reader-r1-33,high,,
batch-33.csv#285,context,context,R-ERYONE-file-manager-downLoad-path-file-manage-3828-20250903-eryone--9a96a3,2,,,all,Note,"All splines are printed under the following conditions: printing temperature=260 ° C, printing speed=80mm/s, base plate 100 ° C, filling=100%, nozzle diameter=0.4mm",,,,,,printed,,,,nozzle=260 ° C; speed=80mm/s; bed=100 ° C; infill=100%; nozzle_diameter=0.4mm,Part III: Mechanical Properties of Printed Samples,"Note: All splines are printed under the following conditions: printing temperature=260 ° C, printing speed=80mm/s, base plate 100 ° C, filling=100%, nozzle diameter=0.4mm",text,not-required,,,reader-r1-33,high,,database already holds this as PC00231 to PC00233
batch-33.csv#295,context,context,R-ERYONE-file-manager-downLoad-path-file-manage-3828-20250903-eryone--9a96a3,3,,,tensile,TENSILE TESTING SPECIMEN,ISO 527 GB/T 1040,,,,,,,,,"ISO 527,GB/T 1040",,TENSILE TESTING SPECIMEN,"TENSILE TESTING SPECIMEN | ISO 527,GB/T 1040",visual-only,agreed,,,reader-r1-33,high,no-held-rows-on-page-in-scope quote-not-on-page,specimen drawing with x-y axis and z axis
batch-33.csv#296,context,context,R-ERYONE-file-manager-downLoad-path-file-manage-3828-20250903-eryone--9a96a3,3,,,flexural,FLEXURAL TESTING SPECIMEN,ISO 178 GB/T 9341,,,,,,,,,"ISO 178,GB/T 9341",,FLEXURAL TESTING SPECIMEN,"FLEXURAL TESTING SPECIMEN | ISO 178,GB/T 9341",visual-only,agreed,,,reader-r1-33,high,no-held-rows-on-page-in-scope quote-not-on-page,drawing of bar with Z axis
batch-33.csv#297,context,context,R-ERYONE-file-manager-downLoad-path-file-manage-3828-20250903-eryone--9a96a3,3,,,impact,IMPACT TESTING SPECIMEN,ISO 179 GB/T 1043,,,,,,,,,"ISO 179,GB/T 1043",,IMPACT TESTING SPECIMEN,"IMPACT TESTING SPECIMEN | ISO 179,GB/T 1043",visual-only,agreed,,,reader-r1-33,high,no-held-rows-on-page-in-scope quote-not-on-page,notched bar drawing with Z axis and impact direction
batch-34.csv#16,context-held,context,R-ERYONE-file-manager-downLoad-path-file-manage-3828-20250903-eryone--fbbd78,2,,,tensile,Part III: Mechanical Properties of Printed Samples,,,,,,,printed,,,,,Part III: Mechanical Properties of Printed Samples,Part III: Mechanical Properties of Printed Samples,text,not-required,PC00261,,reader-r1-34,high,,heading above the tensile rows
batch-34.csv#17,context-held,context,R-ERYONE-file-manager-downLoad-path-file-manage-3828-20250903-eryone--fbbd78,2,,,tensile,Note,,,,,,,printed,,,,printing temperature=270 ° C; printing speed=100mm/s; base plate 95 ° C; filling=100%; nozzle diameter=0.4mm,Part III: Mechanical Properties of Printed Samples,"Note: All splines are printed under the following conditions: printing temperature=270 ° C, printing speed=100mm/s, base plate 95 ° C, filling=100%, nozzle diameter=0.4mm",text,not-required,PC00261,,reader-r1-34,high,,
batch-34.csv#55,context,context,R-ERYONE-PRINT-20260928-9e82297a5891,1,,,tensile,Part III: Mechanical Properties of Printed Samples,,,,,,,printed,,,,,Part III: Mechanical Properties of Printed Samples,Part III: Mechanical Properties of Printed Samples,text,not-required,,,reader-r1-34,high,,heading above the mechanical rows
batch-34.csv#56,context,context,R-ERYONE-PRINT-20260928-9e82297a5891,1,,,all,Note,,,,,,,printed,,,,printing temperature=240 ° C; printing speed=80mm/s; base plate 60 ° C; filling=100%; nozzle diameter=0.4mm,Part III: Mechanical Properties of Printed Samples,"Note: All splines are printed under the following conditions: printing temperature=240 ° C, printing speed=80mm/s, base plate 60 ° C, filling=100%, nozzle diameter=0.4mm",text,not-required,,,reader-r1-34,high,,
batch-34.csv#69,context,context,R-ESSENTIUM-PPSCF-TDS,1,,,all,Print Orientation,,,,,,,,,,,,MECHANICAL PROPERTIES,Print Orientation | XY 45/45 ZX,text,not-required,,,reader-r1-34,high,,columns XY / 45/45 / ZX; printing orientation of the specimens
batch-34.csv#70,context,context,R-ESSENTIUM-PPSCF-TDS,1,,,all,Standard deviations listed in parentheses,,,,,,,,,,,,MECHANICAL PROPERTIES,Standard deviations listed in parentheses,text,not-required,,,reader-r1-34,high,,number in parentheses after each mechanical value is a standard deviation
batch-34.csv#89,context,context,R-ESSENTIUM-PPSCF-TDS,1,,,physical,1 Values taken from raw material TDS,,,,,,,,,,,,MATERIAL PROPERTIES,1 Values taken from raw material TDS,text,not-required,,,reader-r1-34,high,,footnote 1 marks Density; Flammability Rating; Equilibrium Water Absorption; Continuous Service Temp
batch-34.csv#119,context,context,R-ESSENTIUM-TDS-Essentium-TPU-80A-Z,1,,,physical,MATERIAL PROPERTIES¹,,,,,,,,,,,,MATERIAL PROPERTIES,1 Values based on manufacturer’s TDS,text,not-required,,,reader-r1-34,high,,footnote 1 marks the MATERIAL PROPERTIES heading
batch-34.csv#120,context,context,R-ESSENTIUM-TDS-Essentium-TPU-80A-Z,1,,,physical,Surface Resistance²,,,,,,,,,,,,MATERIAL PROPERTIES,2 Values based on recommended print settings,text,not-required,,,reader-r1-34,high,,footnote 2 marks Surface Resistance only
batch-34.csv#128,context,context,R-ESSENTIUM-TDS-Essentium-TPU-80A-Z,1,,,tensile,Print Orientation,,,,,,,,,,,,MECHANICAL PROPERTIES,Print Orientation | XY YX ZX,text,not-required,,,reader-r1-34,high,,columns XY / YX / ZX
batch-34.csv#135,context,context,R-ESSENTIUM-TDS-Essentium-TPU-80A-Z,2,,,tensile,PRINT PARAMETERS³,,,,,,,,,,,nozzle=240 ºC; bed=80 ºC; speed=40 mm/s; layer height=0.35 mm; flow=1.05; fan=0 %; machine=Ultimaker 3; nozzle size=0.8 mm,PRINT PARAMETERS,3 Print parameters in reference to mechanical properties,text,not-required,,,reader-r1-34,high,no-held-rows-on-page-in-scope,print parameters of the mechanical test parts
batch-34.csv#144,context,context,R-ESSENTIUM-TDS-Essentium-TPU-80A-Z,2,,,tensile,YX,,,,,,,,,,,,PARTS PRINTED IN THREE MAJOR AXES AND COMMON INFILL PATTERNS,YX: Traces aligned perpendicular to major length,text,not-required,,,reader-r1-34,high,no-held-rows-on-page-in-scope,defines direction YX
batch-34.csv#145,context,context,R-ESSENTIUM-TDS-Essentium-TPU-80A-Z,2,,,tensile,ZX,,,,,,,,,,,,PARTS PRINTED IN THREE MAJOR AXES AND COMMON INFILL PATTERNS,ZX: Traces aligned orthogonal to major length,text,not-required,,,reader-r1-34,high,no-held-rows-on-page-in-scope,defines direction ZX
batch-34.csv#146,context,context,R-ESSENTIUM-TDS-Essentium-TPU-80A-Z,2,,,tensile,XY,,,,,,,,,,,,PARTS PRINTED IN THREE MAJOR AXES AND COMMON INFILL PATTERNS,XY: Traces aligned parallel to major length,text,not-required,,,reader-r1-34,high,no-held-rows-on-page-in-scope,defines direction XY
batch-34.csv#147,context,context,R-ESSENTIUM-TDS-Essentium-TPU-80A-Z,2,,,tensile,45/45,,,,,,,,,,,,PARTS PRINTED IN THREE MAJOR AXES AND COMMON INFILL PATTERNS,"45/45: Common Infill: +-45, 2 outlines",text,not-required,,,reader-r1-34,high,no-held-rows-on-page-in-scope,defines 45/45 infill
batch-34.csv#158,context,context,R-ESSENTIUM-TDS-Essentium-TPU-95A-Z,1,,,physical,MATERIAL PROPERTIES¹,,,,,,,,,,,,MATERIAL PROPERTIES,1 Values based on manufacturer’s TDS,text,not-required,,,reader-r1-34,high,,footnote 1 marks the MATERIAL PROPERTIES heading
batch-34.csv#159,context,context,R-ESSENTIUM-TDS-Essentium-TPU-95A-Z,1,,,physical,Surface Resistance²,,,,,,,,,,,,MATERIAL PROPERTIES,2 Values based on recommended print settings,text,not-required,,,reader-r1-34,high,,footnote 2 marks Surface Resistance only
batch-34.csv#167,context,context,R-ESSENTIUM-TDS-Essentium-TPU-95A-Z,1,,,tensile,Print Orientation,,,,,,,,,,,,MECHANICAL PROPERTIES,Print Orientation | XY YX ZX,text,not-required,,,reader-r1-34,high,,columns XY / YX / ZX
batch-34.csv#174,context,context,R-ESSENTIUM-TDS-Essentium-TPU-95A-Z,2,,,tensile,PRINT PARAMETERS³,,,,,,,,,,,nozzle=240 ºC; bed=80 ºC; speed=40 mm/s; layer height=0.35 mm; flow=1.05; fan=0 %; machine=Ultimaker 3; nozzle size=0.8 mm,PRINT PARAMETERS,3 Print parameters in reference to mechanical properties,text,not-required,,,reader-r1-34,high,no-held-rows-on-page-in-scope,print parameters of the mechanical test parts
batch-34.csv#183,context,context,R-ESSENTIUM-TDS-Essentium-TPU-95A-Z,2,,,tensile,YX,,,,,,,,,,,,PARTS PRINTED IN THREE MAJOR AXES AND COMMON INFILL PATTERNS,YX: Traces aligned perpendicular to major length,text,not-required,,,reader-r1-34,high,no-held-rows-on-page-in-scope,defines direction YX
batch-34.csv#184,context,context,R-ESSENTIUM-TDS-Essentium-TPU-95A-Z,2,,,tensile,ZX,,,,,,,,,,,,PARTS PRINTED IN THREE MAJOR AXES AND COMMON INFILL PATTERNS,ZX: Traces aligned orthogonal to major length,text,not-required,,,reader-r1-34,high,no-held-rows-on-page-in-scope,defines direction ZX
batch-34.csv#185,context,context,R-ESSENTIUM-TDS-Essentium-TPU-95A-Z,2,,,tensile,XY,,,,,,,,,,,,PARTS PRINTED IN THREE MAJOR AXES AND COMMON INFILL PATTERNS,XY: Traces aligned parallel to major length,text,not-required,,,reader-r1-34,high,no-held-rows-on-page-in-scope,defines direction XY
batch-34.csv#186,context,context,R-ESSENTIUM-TDS-Essentium-TPU-95A-Z,2,,,tensile,45/45,,,,,,,,,,,,PARTS PRINTED IN THREE MAJOR AXES AND COMMON INFILL PATTERNS,"45/45: Common Infill: +-45, 2 outlines",text,not-required,,,reader-r1-34,high,no-held-rows-on-page-in-scope,defines 45/45 infill
batch-34.csv#299,context,context,S-PEBA-59754c44,1,,,all,Mechanical Properties note,,,,,,,injection molded,,,,,Mechanical Properties,"The physical properties, mechanical properties, thermal propert ies, and electrical properties of the line are obtained based o n the | injection molding spline test.",visual-only,pending,,V007037(specimen),reader-r1-34,high,quote-not-on-page,"printed on page 2; states that physical, mechanical, thermal and electrical values come from injection moulded splines; the quote follows the text layer's spacing"
batch-34.csv#318,context,context,S-PEBA-59754c44,2,,,all,Print test condition,,,,,,,printed,,,,nozzle=220℃; bed=45℃; shells=2; top/bottom layers=3; infill=100%; fan=100%; speed=130mm/s; nozzle size=0.4 mm,Print test condition,Print test condition： | Extruder Temperature 220℃ | Build Platform Temperature 45℃ | Outline/Perimeter Shells 2 | Top/Bottom Layers 3 | Infill Percentage 100% | Fan speed 100% | Printing speed 130mm/s,text,not-required,,,reader-r1-34,medium,no-held-rows-on-page-in-scope,conditions of the print test; page also says the properties come from injection molding splines; which values it applies to is not stated
batch-34.csv#340,context,context,S-PEBA-a2d5f9c0,2,,,all,Mechanical Properties note,,,,,,,injection molded,,,,,Mechanical Properties,"The physical properties, mechanical properties, thermal properties, and electrical properties of the line are obtained based on the | injection molding spline test.",text,not-required,,,reader-r1-34,high,no-held-rows-on-page-in-scope,states that physical; mechanical; thermal and electrical values come from injection moulded splines
batch-34.csv#348,context,context,S-PEBA-a2d5f9c0,2,,,all,Print test condition,,,,,,,printed,,,,nozzle=220℃; bed=45℃; shells=2; top/bottom layers=3; infill=100%; fan=100%; speed=130mm/s; nozzle size=0.4 mm,Print test condition,Print test condition： | Extruder Temperature 220℃ | Build Platform Temperature 45℃ | Outline/Perimeter Shells 2 | Top/Bottom Layers 3 | Infill Percentage 100% | Fan speed 100% | Printing speed 130mm/s,text,not-required,,,reader-r1-34,medium,no-held-rows-on-page-in-scope,conditions of the print test; page also says the properties come from injection molding splines; which values it applies to is not stated
batch-34.csv#378,context,context,S-PEBA-ABS-CF-TDS-V1-2024-07-02,2,,,all,Mechanical Properties note,,,,,,,injection molded,,,,,Mechanical Properties,"The physical properties, mechanical properties, thermal propert ies, and electrical properties of the filament are obtained base d on | the injection molding spline test.",text,not-required,,,reader-r1-34,high,no-held-rows-on-page-in-scope,states that physical; mechanical; thermal and electrical values come from injection moulded splines
batch-34.csv#379,context,context,S-PEBA-ABS-CF-TDS-V1-2024-07-02,2,,,all,Print test condition,,,,,,,printed,,,,nozzle=275℃; bed=90℃; shells=2; top/bottom layers=3; infill=100%; fan=10%; max volumetric flow=4mm3/s,Print test condition,Print test condition： | Extruder Temperature 275℃ | Build Platform Temperature 90℃ | Outline/Perimeter Shells 2 | Top/Bottom Layers 3 | Infill Percentage 100% | Fan speed 10% | Maximum volumetric flow rate,text,not-required,,,reader-r1-34,medium,no-held-rows-on-page-in-scope,print test conditions; page also says the properties come from injection molding splines; which values it applies to is not stated; Bambu P1S 0.4 mm nozzle and Orcaslicer2.1.0 Beta
batch-34.csv#421,context,context,S-PEBA-ABS-ESD-TDS-EN,3,,,all,Test Conditions of Mechanical Properties,,,,,,,printed,,,,nozzle=270℃; bed=90℃; outer layers=2; top/bottom layers=3; infill=100%; fan=10-40%; Bambu P1S 0.4 mm nozzle; Orcaslicer 2.1.0 Beta,Test Conditions of Mechanical Properties,"The performance of the filament is evaluated based on standard samples printed by eSUN, while the actual",text,not-required,,,reader-r1-34,high,no-held-rows-on-page-in-scope,standard samples printed by eSUN
batch-34.csv#451,context,context,S-PEBA-ABS-GF-TDS-V1-2024-07-02,2,,,all,Mechanical Properties note,,,,,,,injection molded,,,,,Mechanical Properties,"The physical properties, mechanical properties, thermal propert ies, and electrical properties of the filament are obtained base d on | the injection molding spline test.",text,not-required,,,reader-r1-34,high,no-held-rows-on-page-in-scope,states that physical; mechanical; thermal and electrical values come from injection moulded splines
batch-34.csv#452,context,context,S-PEBA-ABS-GF-TDS-V1-2024-07-02,2,,,all,Print test condition,,,,,,,printed,,,,nozzle=275℃; bed=90℃; shells=2; top/bottom layers=3; infill=100%; fan=10%; max volumetric flow=4mm3/s,Print test condition,Print test condition： | Extruder Temperature 275℃ | Build Platform Temperature 90℃ | Outline/Perimeter Shells 2 | Top/Bottom Layers 3 | Infill Percentage 100% | Fan speed 10% | Maximum volumetric flow rate,text,not-required,,,reader-r1-34,medium,no-held-rows-on-page-in-scope,print test conditions; page also says the properties come from injection molding splines; which values it applies to is not stated; Bambu P1S 0.4 mm nozzle and Orcaslicer2.1.0 Beta
batch-34.csv#483,context,context,S-PEBA-ABS-HT-TDS-V1-2024-07-02,2,,,all,Mechanical Properties note,,,,,,,injection molded,,,,,Mechanical Properties,"The physical properties, mechanical properties, thermal propert ies, and electrical properties of the filament are obtained base d on | the injection molding spline test.",text,not-required,,,reader-r1-34,high,no-held-rows-on-page-in-scope,states that physical; mechanical; thermal and electrical values come from injection moulded splines
batch-34.csv#484,context,context,S-PEBA-ABS-HT-TDS-V1-2024-07-02,2,,,all,Print test condition,,,,,,,printed,,,,nozzle=270℃; bed=90℃; shells=2; top/bottom layers=3; infill=100%; fan=10%; max volumetric flow=4mm³/s,Print test condition,Print test condition： | Extruder Temperature 270℃ | Build Platform Temperature 90℃ | Outline/Perimeter Shells 2 | Top/Bottom Layers 3 | Infill Percentage 100% | Fan speed 10% | Maximum volumetric flow rate 4mm³/s,text,not-required,,,reader-r1-34,medium,no-held-rows-on-page-in-scope,print test conditions; page also says the properties come from injection molding splines; which values it applies to is not stated; Bambu P1S 0.4 mm nozzle and Orcaslicer2.1.0 Beta
batch-34.csv#530,context,context,S-PEBA-ABS-TDS-EN-docx,4,,,all,Test Conditions of Mechanical Properties,,,,,,,printed,,,,nozzle=270℃; bed=100℃; outer layers=2; top/bottom layers=3; infill=100%; fan=0%; max volumetric flow=3mm³/s; Bambu P1S 0.4 mm nozzle; Orcaslicer 2.1.0 Beta,Test Conditions of Mechanical Properties,The performance of the filament is evaluated based on standard samples printed by eSUN,text,not-required,,,reader-r1-34,high,no-held-rows-on-page-in-scope,standard samples printed by eSUN
batch-34.csv#561,context,context,S-PEBA-ASA-TDS-V1-1,2,,,all,Mechanical Properties note,,,,,,,injection molded,,,,,Mechanical Properties,"The physical properties, mechanical properties, thermal propert ies, and electrical properties of the filament are obtained base d on | the injection molding spline test.",text,not-required,,,reader-r1-34,high,no-held-rows-on-page-in-scope,states that physical; mechanical; thermal and electrical values come from injection moulded splines
batch-34.csv#562,context,context,S-PEBA-ASA-TDS-V1-1,2,,,all,Print test condition,,,,,,,printed,,,,nozzle=275℃; bed=90℃; shells=2; top/bottom layers=3; infill=100%; fan=50%; max volumetric flow=10mm³/s,Print test condition,Print test condition： | Extruder Temperature 275℃ | Build Platform Temperature 90℃ | Outline/Perimeter Shells 2 | Top/Bottom Layers 3 | Infill Percentage 100% | Fan speed 50% | Maximum volumetric flow rate 10mm³/s,text,not-required,,,reader-r1-34,medium,no-held-rows-on-page-in-scope,print test conditions; page also says the properties come from injection molding splines; which values it applies to is not stated; Bambu P1S 0.4 mm nozzle and Orcaslicer2.1.0 Beta
batch-34.csv#592,context,context,S-PEBA-eABS-HS-TDS,2,,,all,Mechanical Properties note,,,,,,,injection molded,,,,,Mechanical Properties,"The physical properties, mechanical properties, thermal properties, and electrical properties of the filament are obtained based on | the injection molding spline test.",text,not-required,,,reader-r1-34,high,no-held-rows-on-page-in-scope,states that physical; mechanical; thermal and electrical values come from injection moulded splines
batch-34.csv#593,context,context,S-PEBA-eABS-HS-TDS,2,,,all,Print test condition,,,,,,,printed,,,,nozzle=250℃; bed=45℃; shells=4; top/bottom layers=4; infill=20%; fan=100%; speed=50mm/s,Print test condition,Print test condition： | Extruder Temperature 250℃ | Build Platform Temperature 45℃ | Outline/Perimeter Shells 4 | Top/Bottom Layers 4 | Infill Percentage 20% | Fan speed 100% | Printing speed 50mm/s,text,not-required,,,reader-r1-34,medium,no-held-rows-on-page-in-scope,print test conditions; page also says the properties come from injection molding splines; which values it applies to is not stated; 0.4 mm nozzle and Simplify 3D v.4.1.2
batch-34.csv#622,context,context,S-PEBA-ePLA-HS,2,,,all,Mechanical Properties note,,,,,,,injection molded,,,,,Mechanical Properties,"The physical properties, mechanical properties, thermal properties, and electrical properties of the filament are obtained based on | the injection molding spline test.",text,not-required,,,reader-r1-34,high,no-held-rows-on-page-in-scope,states that physical; mechanical; thermal and electrical values come from injection moulded splines
batch-34.csv#623,context,context,S-PEBA-ePLA-HS,2,,,all,Print test condition,,,,,,,printed,,,,nozzle=190-230℃; bed=45℃; shells=4; top/bottom layers=4; infill=20%; fan=100%; speed=40mm/s,Print test condition,Print test condition： | Extruder Temperature 190-230℃ | Build Platform Temperature 45℃ | Outline/Perimeter Shells 4 | Top/Bottom Layers 4 | Infill Percentage 20% | Fan speed 100% | Printing speed 40mm/s,text,not-required,,,reader-r1-34,medium,no-held-rows-on-page-in-scope,print test conditions; page also says the properties come from injection molding splines; which values it applies to is not stated; 0.4 mm nozzle and Simplify 3D v.4.1.2
batch-34.csv#652,context,context,S-PEBA-ePLA-HS-Filament-TDS,2,,,all,Mechanical Properties note,,,,,,,injection molded,,,,,Mechanical Properties,"The physical properties, mechanical properties, thermal properties, and electrical properties of the filament are obtained based on | the injection molding spline test.",text,not-required,,,reader-r1-34,high,no-held-rows-on-page-in-scope,states that physical; mechanical; thermal and electrical values come from injection moulded splines
batch-34.csv#653,context,context,S-PEBA-ePLA-HS-Filament-TDS,2,,,all,Print test condition,,,,,,,printed,,,,nozzle=215-230℃; bed=45℃; shells=4; top/bottom layers=4; infill=20%; fan=100%; speed=50mm/s,Print test condition,Print test condition： | Extruder Temperature 215-230℃ | Build Platform Temperature 45℃ | Outline/Perimeter Shells 4 | Top/Bottom Layers 4 | Infill Percentage 20% | Fan speed 100% | Printing speed 50mm/s,text,not-required,,,reader-r1-34,medium,no-held-rows-on-page-in-scope,print test conditions; page also says the properties come from injection molding splines; which values it applies to is not stated; 0.4 mm nozzle and Simplify 3D v.4.1.2
batch-34.csv#683,context,context,S-PEBA-ePLA-Metal-TDS,2,,,all,Mechanical Properties note,,,,,,,injection molded,,,,,Mechanical Properties,"The physical properties, mechanical properties, thermal properties, and electrical properties of the filament are obtained based on | the injection molding spline test.",text,not-required,,,reader-r1-34,high,no-held-rows-on-page-in-scope,states that physical; mechanical; thermal and electrical values come from injection moulded splines
batch-34.csv#684,context,context,S-PEBA-ePLA-Metal-TDS,2,,,all,Print test condition,,,,,,,printed,,,,nozzle=190-230℃; bed=45-60℃; shells=4; top/bottom layers=4; infill=20%; fan=100%; speed=40-100mm/s,Print test condition,Print test condition： | Extruder Temperature 190-230℃ | Build Platform Temperature 45-60℃ | Outline/Perimeter Shells 4 | Top/Bottom Layers 4 | Infill Percentage 20% | Fan speed 100% | Printing speed 40-100mm/s,text,not-required,,,reader-r1-34,medium,no-held-rows-on-page-in-scope,print test conditions; page also says the properties come from injection molding splines; which values it applies to is not stated; 0.4 mm nozzle and Simplify 3D v.4.1.2
batch-35.csv#23,context,context,S-PEBA-eStars-PLA,2,,,all,Specimen statement,"The physical properties, mechanical properties, thermal properties, and electrical properties of the filament are obtained based on the injection molding spline test.",,,,,,injection molding spline test,,,,,Mechanical Properties,"The physical properties, mechanical properties, thermal properties, and electrical properties of the filament are obtained based on",text,not-required,,,reader-r1-35,high,no-held-rows-on-page-in-scope,
batch-35.csv#24,context,context,S-PEBA-eStars-PLA,2,,,tensile,Tensile testing specimen,GB/T 1040,,,,,,,,,GB/T 1040,,Mechanical Properties,Tensile testing specimen GB/T 1040,text,not-required,,,reader-r1-35,high,no-held-rows-on-page-in-scope,
batch-35.csv#25,context,context,S-PEBA-eStars-PLA,2,,,flexural,Flexural testing specimen,GB/T 9341,,,,,,,,,GB/T 9341,,Mechanical Properties,Flexural testing specimen GB/T 9341,text,not-required,,,reader-r1-35,high,no-held-rows-on-page-in-scope,
batch-35.csv#26,context,context,S-PEBA-eStars-PLA,2,,,impact,Impact testing specimen,GB/T 1043,,,,,,,,,GB/T 1043,,Mechanical Properties,Impact testing specimen GB/T 1043,text,not-required,,,reader-r1-35,high,no-held-rows-on-page-in-scope,
batch-35.csv#56,context,context,S-PEBA-eSUN-ABS-Filament-TDS-V4-0,2,,,all,Specimen statement,"The physical properties, mechanical properties, thermal properties, and electrical properties of the line are obtained based on the injection molding spline test.",,,,,,injection molding spline test,,,,,Mechanical Properties,"The physical properties, mechanical properties, thermal properties, and electrical properties of the line are obtained based on the | injection molding spline test.",text,not-required,,,reader-r1-35,high,no-held-rows-on-page-in-scope,
batch-35.csv#57,context,context,S-PEBA-eSUN-ABS-Filament-TDS-V4-0,2,,,tensile,Tensile testing specimen,GB/T 1040,,,,,,,,,GB/T 1040,,Mechanical Properties,Tensile testing specimen GB/T 1040,text,not-required,,,reader-r1-35,high,no-held-rows-on-page-in-scope,
batch-35.csv#58,context,context,S-PEBA-eSUN-ABS-Filament-TDS-V4-0,2,,,flexural,Flexural testing specimen,GB/T 9341,,,,,,,,,GB/T 9341,,Mechanical Properties,Flexural testing specimen GB/T 9341,text,not-required,,,reader-r1-35,high,no-held-rows-on-page-in-scope,
batch-35.csv#59,context,context,S-PEBA-eSUN-ABS-Filament-TDS-V4-0,2,,,impact,Impact testing specimen,GB/T 1043,,,,,,,,,GB/T 1043,,Mechanical Properties,Impact testing specimen GB/T 1043,text,not-required,,,reader-r1-35,high,no-held-rows-on-page-in-scope,
batch-35.csv#89,context,context,S-PEBA-eSUN-eABS-Max-Filament-TDS-V4-0,2,,,all,Specimen statement,"The physical properties, mechanical properties, thermal properties, and electrical properties of the filament are obtained based on the injection molding spline test.",,,,,,injection molding spline test,,,,,Mechanical Properties,"The physical properties, mechanical properties, thermal properties, and electrical properties of the filament are obtained based on the | injection molding spline test.",text,not-required,,,reader-r1-35,high,no-held-rows-on-page-in-scope,
batch-35.csv#90,context,context,S-PEBA-eSUN-eABS-Max-Filament-TDS-V4-0,2,,,tensile,Tensile testing specimen,GB/T 1040,,,,,,,,,GB/T 1040,,Mechanical Properties,Tensile testing specimen GB/T 1040,text,not-required,,,reader-r1-35,high,no-held-rows-on-page-in-scope,
batch-35.csv#91,context,context,S-PEBA-eSUN-eABS-Max-Filament-TDS-V4-0,2,,,flexural,Flexural testing specimen,GB/T 9341,,,,,,,,,GB/T 9341,,Mechanical Properties,Flexural testing specimen GB/T 9341,text,not-required,,,reader-r1-35,high,no-held-rows-on-page-in-scope,
batch-35.csv#92,context,context,S-PEBA-eSUN-eABS-Max-Filament-TDS-V4-0,2,,,impact,Impact testing specimen,GB/T 1043,,,,,,,,,GB/T 1043,,Mechanical Properties,Impact testing specimen GB/T 1043,text,not-required,,,reader-r1-35,high,no-held-rows-on-page-in-scope,
batch-35.csv#123,context,context,S-PEBA-eSUN-eFlex-Filament-TDS-V4-0,2,,,all,Specimen statement,"The physical properties, mechanical properties, thermal properties, and electrical properties of the filament are obtained based on the injection molding spline test.",,,,,,injection molding spline test,,,,,Mechanical Properties,"The physical properties, mechanical properties, thermal properties, and electrical properties of the filament are obtained based on the | injection molding spline test.",text,not-required,,,reader-r1-35,high,no-held-rows-on-page-in-scope,
batch-35.csv#124,context,context,S-PEBA-eSUN-eFlex-Filament-TDS-V4-0,2,,,tensile,Tensile testing specimen,GB/T 1040,,,,,,,,,GB/T 1040,,Mechanical Properties,Tensile testing specimen GB/T 1040,text,not-required,,,reader-r1-35,high,no-held-rows-on-page-in-scope,
batch-35.csv#125,context,context,S-PEBA-eSUN-eFlex-Filament-TDS-V4-0,2,,,flexural,Flexural testing specimen,GB/T 9341,,,,,,,,,GB/T 9341,,Mechanical Properties,Flexural testing specimen GB/T 9341,text,not-required,,,reader-r1-35,high,no-held-rows-on-page-in-scope,
batch-35.csv#126,context,context,S-PEBA-eSUN-eFlex-Filament-TDS-V4-0,2,,,impact,Impact testing specimen,GB/T 1043,,,,,,,,,GB/T 1043,,Mechanical Properties,Impact testing specimen GB/T 1043,text,not-required,,,reader-r1-35,high,no-held-rows-on-page-in-scope,
batch-35.csv#155,context,context,S-PEBA-eSUN-eMarble-Filament-TDS-V4-0,2,,,all,Specimen statement,"The physical properties, mechanical properties, thermal properties, and electrical properties of the line are obtained based on the injection molding spline test.",,,,,,injection molding spline test,,,,,Mechanical Properties,"The physical properties, mechanical properties, thermal properties, and electrical properties of the line are obtained based on the | injection molding spline test.",text,not-required,,,reader-r1-35,high,no-held-rows-on-page-in-scope,
batch-35.csv#156,context,context,S-PEBA-eSUN-eMarble-Filament-TDS-V4-0,2,,,tensile,Tensile testing specimen,GB/T 1040,,,,,,,,,GB/T 1040,,Mechanical Properties,Tensile testing specimen GB/T 1040,text,not-required,,,reader-r1-35,high,no-held-rows-on-page-in-scope,
batch-35.csv#157,context,context,S-PEBA-eSUN-eMarble-Filament-TDS-V4-0,2,,,flexural,Flexural testing specimen,GB/T 9341,,,,,,,,,GB/T 9341,,Mechanical Properties,Flexural testing specimen GB/T 9341,text,not-required,,,reader-r1-35,high,no-held-rows-on-page-in-scope,
batch-35.csv#158,context,context,S-PEBA-eSUN-eMarble-Filament-TDS-V4-0,2,,,impact,Impact testing specimen,GB/T 1043,,,,,,,,,GB/T 1043,,Mechanical Properties,Impact testing specimen GB/T 1043,text,not-required,,,reader-r1-35,high,no-held-rows-on-page-in-scope,
batch-35.csv#187,context,context,S-PEBA-eSUN-ePA-Filament-TDS-V4-0,2,,,all,Specimen statement,"The physical properties, mechanical properties, thermal properties, and electrical properties of the filament are obtained based on the injection molding spline test.",,,,,,injection molding spline test,,,,,Mechanical Properties,"The physical properties, mechanical properties, thermal properties, and electrical properties of the filament are obtained based on the | injection molding spline test.",text,not-required,,,reader-r1-35,high,no-held-rows-on-page-in-scope,
batch-35.csv#188,context,context,S-PEBA-eSUN-ePA-Filament-TDS-V4-0,2,,,tensile,Tensile testing specimen,GB/T 1040,,,,,,,,,GB/T 1040,,Mechanical Properties,Tensile testing specimen GB/T 1040,text,not-required,,,reader-r1-35,high,no-held-rows-on-page-in-scope,
batch-35.csv#189,context,context,S-PEBA-eSUN-ePA-Filament-TDS-V4-0,2,,,flexural,Flexural testing specimen,GB/T 9341,,,,,,,,,GB/T 9341,,Mechanical Properties,Flexural testing specimen GB/T 9341,text,not-required,,,reader-r1-35,high,no-held-rows-on-page-in-scope,
batch-35.csv#190,context,context,S-PEBA-eSUN-ePA-Filament-TDS-V4-0,2,,,impact,Impact testing specimen,GB/T 1043,,,,,,,,,GB/T 1043,,Mechanical Properties,Impact testing specimen GB/T 1043,text,not-required,,,reader-r1-35,high,no-held-rows-on-page-in-scope,
batch-35.csv#219,context,context,S-PEBA-eSUN-ePA-Filament-TDS-V4-02,2,,,all,Specimen statement,"The physical properties, mechanical properties, thermal properties, and electrical properties of the filament are obtained based on the injection molding spline test.",,,,,,injection molding spline test,,,,,Mechanical Properties,"The physical properties, mechanical properties, thermal properties, and electrical properties of the filament are obtained based on the | injection molding spline test.",text,not-required,,,reader-r1-35,high,no-held-rows-on-page-in-scope,
batch-35.csv#220,context,context,S-PEBA-eSUN-ePA-Filament-TDS-V4-02,2,,,tensile,Tensile testing specimen,GB/T 1040,,,,,,,,,GB/T 1040,,Mechanical Properties,Tensile testing specimen GB/T 1040,text,not-required,,,reader-r1-35,high,no-held-rows-on-page-in-scope,
batch-35.csv#221,context,context,S-PEBA-eSUN-ePA-Filament-TDS-V4-02,2,,,flexural,Flexural testing specimen,GB/T 9341,,,,,,,,,GB/T 9341,,Mechanical Properties,Flexural testing specimen GB/T 9341,text,not-required,,,reader-r1-35,high,no-held-rows-on-page-in-scope,
batch-35.csv#222,context,context,S-PEBA-eSUN-ePA-Filament-TDS-V4-02,2,,,impact,Impact testing specimen,GB/T 1043,,,,,,,,,GB/T 1043,,Mechanical Properties,Impact testing specimen GB/T 1043,text,not-required,,,reader-r1-35,high,no-held-rows-on-page-in-scope,
batch-35.csv#254,context,context,S-PEBA-eSUN-ePLA-LW-Filament-TDS-V4-0,2,,,all,Specimen statement,"The physical properties, mechanical properties, thermal properties, and electrical properties of the filament are obtained based on the injection molding spline test.",,,,,,injection molding spline test,,,,,Mechanical Properties,"The physical properties, mechanical properties, thermal properties, and electrical properties of the filament are obtained based on the | injection molding spline test.",text,not-required,,,reader-r1-35,high,no-held-rows-on-page-in-scope,
batch-35.csv#255,context,context,S-PEBA-eSUN-ePLA-LW-Filament-TDS-V4-0,2,,,tensile,Tensile testing specimen,GB/T 1040,,,,,,,,,GB/T 1040,,Mechanical Properties,Tensile testing specimen GB/T 1040,text,not-required,,,reader-r1-35,high,no-held-rows-on-page-in-scope,
batch-35.csv#256,context,context,S-PEBA-eSUN-ePLA-LW-Filament-TDS-V4-0,2,,,flexural,Flexural testing specimen,GB/T 9341,,,,,,,,,GB/T 9341,,Mechanical Properties,Flexural testing specimen GB/T 9341,text,not-required,,,reader-r1-35,high,no-held-rows-on-page-in-scope,
batch-35.csv#257,context,context,S-PEBA-eSUN-ePLA-LW-Filament-TDS-V4-0,2,,,impact,Impact testing specimen,GB/T 1043,,,,,,,,,GB/T 1043,,Mechanical Properties,Impact testing specimen GB/T 1043,text,not-required,,,reader-r1-35,high,no-held-rows-on-page-in-scope,
batch-35.csv#287,context,context,S-PEBA-eSUN-ePLA-Matte-Filament-TDS-V4-0,2,,,all,Specimen statement,"The physical properties, mechanical properties, thermal properties, and electrical properties of the filament are obtained based on the injection molding spline test.",,,,,,injection molding spline test,,,,,Mechanical Properties,"The physical properties, mechanical properties, thermal properties, and electrical properties of the filament are obtained based on the | injection molding spline test.",text,not-required,,,reader-r1-35,high,no-held-rows-on-page-in-scope,
batch-35.csv#288,context,context,S-PEBA-eSUN-ePLA-Matte-Filament-TDS-V4-0,2,,,tensile,Tensile testing specimen,GB/T 1040,,,,,,,,,GB/T 1040,,Mechanical Properties,Tensile testing specimen GB/T 1040,text,not-required,,,reader-r1-35,high,no-held-rows-on-page-in-scope,
batch-35.csv#289,context,context,S-PEBA-eSUN-ePLA-Matte-Filament-TDS-V4-0,2,,,flexural,Flexural testing specimen,GB/T 9341,,,,,,,,,GB/T 9341,,Mechanical Properties,Flexural testing specimen GB/T 9341,text,not-required,,,reader-r1-35,high,no-held-rows-on-page-in-scope,
batch-35.csv#290,context,context,S-PEBA-eSUN-ePLA-Matte-Filament-TDS-V4-0,2,,,impact,Impact testing specimen,GB/T 1043,,,,,,,,,GB/T 1043,,Mechanical Properties,Impact testing specimen GB/T 1043,text,not-required,,,reader-r1-35,high,no-held-rows-on-page-in-scope,
batch-35.csv#319,context,context,S-PEBA-eSUN-ePLA-ST-Filament-TDS-V4-0,2,,,all,Specimen statement,"The physical properties, mechanical properties, thermal properties, and electrical properties of the line are obtained based on the injection molding spline test.",,,,,,injection molding spline test,,,,,Mechanical Properties,"The physical properties, mechanical properties, thermal properties, and electrical properties of the line are obtained based on the | injection molding spline test.",text,not-required,,,reader-r1-35,high,no-held-rows-on-page-in-scope,
batch-35.csv#320,context,context,S-PEBA-eSUN-ePLA-ST-Filament-TDS-V4-0,2,,,tensile,Tensile testing specimen,GB/T 1040,,,,,,,,,GB/T 1040,,Mechanical Properties,Tensile testing specimen GB/T 1040,text,not-required,,,reader-r1-35,high,no-held-rows-on-page-in-scope,
batch-35.csv#321,context,context,S-PEBA-eSUN-ePLA-ST-Filament-TDS-V4-0,2,,,flexural,Flexural testing specimen,GB/T 9341,,,,,,,,,GB/T 9341,,Mechanical Properties,Flexural testing specimen GB/T 9341,text,not-required,,,reader-r1-35,high,no-held-rows-on-page-in-scope,
batch-35.csv#322,context,context,S-PEBA-eSUN-ePLA-ST-Filament-TDS-V4-0,2,,,impact,Impact testing specimen,GB/T 1043,,,,,,,,,GB/T 1043,,Mechanical Properties,Impact testing specimen GB/T 1043,text,not-required,,,reader-r1-35,high,no-held-rows-on-page-in-scope,
batch-35.csv#351,context,context,S-PEBA-eSUN-eSilk-PLA-Filament-TDS-V4-0,2,,,all,Specimen statement,"The physical properties, mechanical properties, thermal properties, and electrical properties of the line are obtained based on the injection molding spline test.",,,,,,injection molding spline test,,,,,Mechanical Properties,"The physical properties, mechanical properties, thermal properties, and electrical properties of the line are obtained based on the | injection molding spline test.",text,not-required,,,reader-r1-35,high,no-held-rows-on-page-in-scope,
batch-35.csv#352,context,context,S-PEBA-eSUN-eSilk-PLA-Filament-TDS-V4-0,2,,,tensile,Tensile testing specimen,GB/T 1040,,,,,,,,,GB/T 1040,,Mechanical Properties,Tensile testing specimen GB/T 1040,text,not-required,,,reader-r1-35,high,no-held-rows-on-page-in-scope,
batch-35.csv#353,context,context,S-PEBA-eSUN-eSilk-PLA-Filament-TDS-V4-0,2,,,flexural,Flexural testing specimen,GB/T 9341,,,,,,,,,GB/T 9341,,Mechanical Properties,Flexural testing specimen GB/T 9341,text,not-required,,,reader-r1-35,high,no-held-rows-on-page-in-scope,
batch-35.csv#354,context,context,S-PEBA-eSUN-eSilk-PLA-Filament-TDS-V4-0,2,,,impact,Impact testing specimen,GB/T 1043,,,,,,,,,GB/T 1043,,Mechanical Properties,Impact testing specimen GB/T 1043,text,not-required,,,reader-r1-35,high,no-held-rows-on-page-in-scope,
batch-35.csv#383,context,context,S-PEBA-eSUN-eTwinkling-Filament-TDS-V4-0,2,,,all,Specimen statement,"The physical properties, mechanical properties, thermal properties, and electrical properties of the line are obtained based on the injection molding spline test.",,,,,,injection molding spline test,,,,,Mechanical Properties,"The physical properties, mechanical properties, thermal properties, and electrical properties of the line are obtained based on the | injection molding spline test.",text,not-required,,,reader-r1-35,high,no-held-rows-on-page-in-scope,
batch-35.csv#384,context,context,S-PEBA-eSUN-eTwinkling-Filament-TDS-V4-0,2,,,tensile,Tensile testing specimen,GB/T 1040,,,,,,,,,GB/T 1040,,Mechanical Properties,Tensile testing specimen GB/T 1040,text,not-required,,,reader-r1-35,high,no-held-rows-on-page-in-scope,
batch-35.csv#385,context,context,S-PEBA-eSUN-eTwinkling-Filament-TDS-V4-0,2,,,flexural,Flexural testing specimen,GB/T 9341,,,,,,,,,GB/T 9341,,Mechanical Properties,Flexural testing specimen GB/T 9341,text,not-required,,,reader-r1-35,high,no-held-rows-on-page-in-scope,
batch-35.csv#386,context,context,S-PEBA-eSUN-eTwinkling-Filament-TDS-V4-0,2,,,impact,Impact testing specimen,GB/T 1043,,,,,,,,,GB/T 1043,,Mechanical Properties,Impact testing specimen GB/T 1043,text,not-required,,,reader-r1-35,high,no-held-rows-on-page-in-scope,
batch-35.csv#416,context,context,S-PEBA-eSUN-HIPS-Filament-TDS-V4-0-1,2,,,all,Specimen statement,"The physical properties, mechanical properties, thermal properties, and electrical properties of the filament are obtained based on the injection molding spline test.",,,,,,injection molding spline test,,,,,Mechanical Properties,"The physical properties, mechanical properties, thermal properties, and electrical properties of the filament are obtained based on the | injection molding spline test.",text,not-required,,,reader-r1-35,high,no-held-rows-on-page-in-scope,
batch-35.csv#417,context,context,S-PEBA-eSUN-HIPS-Filament-TDS-V4-0-1,2,,,tensile,Tensile testing specimen,GB/T 1040,,,,,,,,,GB/T 1040,,Mechanical Properties,Tensile testing specimen GB/T 1040,text,not-required,,,reader-r1-35,high,no-held-rows-on-page-in-scope,
batch-35.csv#418,context,context,S-PEBA-eSUN-HIPS-Filament-TDS-V4-0-1,2,,,flexural,Flexural testing specimen,GB/T 9341,,,,,,,,,GB/T 9341,,Mechanical Properties,Flexural testing specimen GB/T 9341,text,not-required,,,reader-r1-35,high,no-held-rows-on-page-in-scope,
batch-35.csv#419,context,context,S-PEBA-eSUN-HIPS-Filament-TDS-V4-0-1,2,,,impact,Impact testing specimen,GB/T 1043,,,,,,,,,GB/T 1043,,Mechanical Properties,Impact testing specimen GB/T 1043,text,not-required,,,reader-r1-35,high,no-held-rows-on-page-in-scope,
batch-35.csv#448,context,context,S-PEBA-eSUN-Luminous-PLA-Rainbow-Filament-TDS-V4-01,2,,,all,Specimen statement,"The physical properties, mechanical properties, thermal properties, and electrical properties of the filament are obtained based on the injection molding spline test.",,,,,,injection molding spline test,,,,,Mechanical Properties,"The physical properties, mechanical properties, thermal properties, and electrical properties of the filament are obtained based on | the injection molding spline test.",text,not-required,,,reader-r1-35,high,no-held-rows-on-page-in-scope,
batch-35.csv#449,context,context,S-PEBA-eSUN-Luminous-PLA-Rainbow-Filament-TDS-V4-01,2,,,tensile,Tensile testing specimen,GB/T 1040,,,,,,,,,GB/T 1040,,Mechanical Properties,Tensile testing specimen GB/T 1040,text,not-required,,,reader-r1-35,high,no-held-rows-on-page-in-scope,
batch-35.csv#450,context,context,S-PEBA-eSUN-Luminous-PLA-Rainbow-Filament-TDS-V4-01,2,,,flexural,Flexural testing specimen,GB/T 9341,,,,,,,,,GB/T 9341,,Mechanical Properties,Flexural testing specimen GB/T 9341,text,not-required,,,reader-r1-35,high,no-held-rows-on-page-in-scope,
batch-35.csv#451,context,context,S-PEBA-eSUN-Luminous-PLA-Rainbow-Filament-TDS-V4-01,2,,,impact,Impact testing specimen,GB/T 1043,,,,,,,,,GB/T 1043,,Mechanical Properties,Impact testing specimen GB/T 1043,text,not-required,,,reader-r1-35,high,no-held-rows-on-page-in-scope,
batch-35.csv#491,context,context,S-PEBA-eSUN-PETG-Filament-TDS-1,3,,,all,Specimen statement,The performance of the filament is evaluated based on standard samples printed by eSUN,,,,,,printed,,,,,Test Conditions of Mechanical Properties,The performance of the filament is evaluated based on standard samples printed by eSUN,text,not-required,,,reader-r1-35,high,no-held-rows-on-page-in-scope,
batch-35.csv#492,context,context,S-PEBA-eSUN-PETG-Filament-TDS-1,3,,,tensile,Tensile testing specimen,GB/T 1040,,,,,,,,,GB/T 1040,,Test Conditions of Mechanical Properties,Tensile testing specimen GB/T 1040,text,not-required,,,reader-r1-35,high,no-held-rows-on-page-in-scope,
batch-35.csv#493,context,context,S-PEBA-eSUN-PETG-Filament-TDS-1,3,,,flexural,Flexural testing specimen,GB/T 9341,,,,,,,,,GB/T 9341,,Test Conditions of Mechanical Properties,Flexural testing specimen GB/T 9341,text,not-required,,,reader-r1-35,high,no-held-rows-on-page-in-scope,
batch-35.csv#494,context,context,S-PEBA-eSUN-PETG-Filament-TDS-1,3,,,impact,Impact testing specimen,GB/T 1843,,,,,,,,,GB/T 1843,,Test Conditions of Mechanical Properties,Impact testing specimen GB/T 1843,text,not-required,,,reader-r1-35,high,no-held-rows-on-page-in-scope,
batch-35.csv#524,context,context,S-PEBA-eSUN-PETG-Filament-TDS-V4-0,2,,,all,Specimen statement,"The physical properties, mechanical properties, thermal properties, and electrical properties of the line are obtained based on the injection molding spline test.",,,,,,injection molding spline test,,,,,Mechanical Properties,"The physical properties, mechanical properties, thermal properties, and electrical properties of the line are obtained based on the | injection molding spline test.",text,not-required,,,reader-r1-35,high,no-held-rows-on-page-in-scope,
batch-35.csv#525,context,context,S-PEBA-eSUN-PETG-Filament-TDS-V4-0,2,,,tensile,Tensile testing specimen,GB/T 1040,,,,,,,,,GB/T 1040,,Mechanical Properties,Tensile testing specimen GB/T 1040,text,not-required,,,reader-r1-35,high,no-held-rows-on-page-in-scope,
batch-35.csv#526,context,context,S-PEBA-eSUN-PETG-Filament-TDS-V4-0,2,,,flexural,Flexural testing specimen,GB/T 9341,,,,,,,,,GB/T 9341,,Mechanical Properties,Flexural testing specimen GB/T 9341,text,not-required,,,reader-r1-35,high,no-held-rows-on-page-in-scope,
batch-35.csv#527,context,context,S-PEBA-eSUN-PETG-Filament-TDS-V4-0,2,,,impact,Impact testing specimen,GB/T 1043,,,,,,,,,GB/T 1043,,Mechanical Properties,Impact testing specimen GB/T 1043,text,not-required,,,reader-r1-35,high,no-held-rows-on-page-in-scope,
batch-35.csv#556,context,context,S-PEBA-eSUN-PETG-HS-Filament-TDS-V1-0-1,2,,,all,Specimen statement,"The physical properties, mechanical properties, thermal properties, and electrical properties of the line are obtained based on the injection molding spline test.",,,,,,injection molding spline test,,,,,Mechanical Properties,"The physical properties, mechanical properties, thermal properties, and electrical properties of the line are obtained based on the | injection molding spline test.",text,not-required,,,reader-r1-35,high,no-held-rows-on-page-in-scope,
batch-35.csv#557,context,context,S-PEBA-eSUN-PETG-HS-Filament-TDS-V1-0-1,2,,,tensile,Tensile testing specimen,GB/T 1040,,,,,,,,,GB/T 1040,,Mechanical Properties,Tensile testing specimen GB/T 1040,text,not-required,,,reader-r1-35,high,no-held-rows-on-page-in-scope,
batch-35.csv#558,context,context,S-PEBA-eSUN-PETG-HS-Filament-TDS-V1-0-1,2,,,flexural,Flexural testing specimen,GB/T 9341,,,,,,,,,GB/T 9341,,Mechanical Properties,Flexural testing specimen GB/T 9341,text,not-required,,,reader-r1-35,high,no-held-rows-on-page-in-scope,
batch-35.csv#559,context,context,S-PEBA-eSUN-PETG-HS-Filament-TDS-V1-0-1,2,,,impact,Impact testing specimen,GB/T 1043,,,,,,,,,GB/T 1043,,Mechanical Properties,Impact testing specimen GB/T 1043,text,not-required,,,reader-r1-35,high,no-held-rows-on-page-in-scope,
batch-35.csv#590,context,context,S-PEBA-eSUN-PLA-Clear-Filament-TDS-V4-0,2,,,all,Specimen statement,"The physical properties, mechanical properties, thermal properties, and electrical properties of the filament are obtained based on the injection molding spline test.",,,,,,injection molding spline test,,,,,Mechanical Properties,"The physical properties, mechanical properties, thermal properties, and electrical properties of the filament are obtained based on | the injection molding spline test.",text,not-required,,,reader-r1-35,high,no-held-rows-on-page-in-scope,
batch-35.csv#591,context,context,S-PEBA-eSUN-PLA-Clear-Filament-TDS-V4-0,2,,,tensile,Tensile testing specimen,GB/T 1040,,,,,,,,,GB/T 1040,,Mechanical Properties,Tensile testing specimen GB/T 1040,text,not-required,,,reader-r1-35,high,no-held-rows-on-page-in-scope,
batch-35.csv#592,context,context,S-PEBA-eSUN-PLA-Clear-Filament-TDS-V4-0,2,,,flexural,Flexural testing specimen,GB/T 9341,,,,,,,,,GB/T 9341,,Mechanical Properties,Flexural testing specimen GB/T 9341,text,not-required,,,reader-r1-35,high,no-held-rows-on-page-in-scope,
batch-35.csv#593,context,context,S-PEBA-eSUN-PLA-Clear-Filament-TDS-V4-0,2,,,impact,Impact testing specimen,GB/T 1043,,,,,,,,,GB/T 1043,,Mechanical Properties,Impact testing specimen GB/T 1043,text,not-required,,,reader-r1-35,high,no-held-rows-on-page-in-scope,
batch-35.csv#623,context,context,S-PEBA-eSUN-PLA-Filament-TDS-V4-0,2,,,all,Specimen statement,"The physical properties, mechanical properties, thermal properties, and electrical properties of the line are obtained based on the injection molding spline test.",,,,,,injection molding spline test,,,,,Mechanical Properties,"The physical properties, mechanical properties, thermal properties, and electrical properties of the line are obtained based on the | injection molding spline test.",text,not-required,,,reader-r1-35,high,no-held-rows-on-page-in-scope,
batch-35.csv#624,context,context,S-PEBA-eSUN-PLA-Filament-TDS-V4-0,2,,,tensile,Tensile testing specimen,GB/T 1040,,,,,,,,,GB/T 1040,,Mechanical Properties,Tensile testing specimen GB/T 1040,text,not-required,,,reader-r1-35,high,no-held-rows-on-page-in-scope,
batch-35.csv#625,context,context,S-PEBA-eSUN-PLA-Filament-TDS-V4-0,2,,,flexural,Flexural testing specimen,GB/T 9341,,,,,,,,,GB/T 9341,,Mechanical Properties,Flexural testing specimen GB/T 9341,text,not-required,,,reader-r1-35,high,no-held-rows-on-page-in-scope,
batch-35.csv#626,context,context,S-PEBA-eSUN-PLA-Filament-TDS-V4-0,2,,,impact,Impact testing specimen,GB/T 1043,,,,,,,,,GB/T 1043,,Mechanical Properties,Impact testing specimen GB/T 1043,text,not-required,,,reader-r1-35,high,no-held-rows-on-page-in-scope,
batch-35.csv#655,context,context,S-PEBA-eSUN-PLA-Luminous-Filament-TDS-V4-01,2,,,all,Specimen statement,"The physical properties, mechanical properties, thermal properties, and electrical properties of the filament are obtained based on the injection molding spline test.",,,,,,injection molding spline test,,,,,Mechanical Properties,"The physical properties, mechanical properties, thermal properties, and electrical properties of the filament are obtained based on | the injection molding spline test.",text,not-required,,,reader-r1-35,high,no-held-rows-on-page-in-scope,
batch-35.csv#656,context,context,S-PEBA-eSUN-PLA-Luminous-Filament-TDS-V4-01,2,,,tensile,Tensile testing specimen,GB/T 1040,,,,,,,,,GB/T 1040,,Mechanical Properties,Tensile testing specimen GB/T 1040,text,not-required,,,reader-r1-35,high,no-held-rows-on-page-in-scope,
batch-35.csv#657,context,context,S-PEBA-eSUN-PLA-Luminous-Filament-TDS-V4-01,2,,,flexural,Flexural testing specimen,GB/T 9341,,,,,,,,,GB/T 9341,,Mechanical Properties,Flexural testing specimen GB/T 9341,text,not-required,,,reader-r1-35,high,no-held-rows-on-page-in-scope,
batch-35.csv#658,context,context,S-PEBA-eSUN-PLA-Luminous-Filament-TDS-V4-01,2,,,impact,Impact testing specimen,GB/T 1043,,,,,,,,,GB/T 1043,,Mechanical Properties,Impact testing specimen GB/T 1043,text,not-required,,,reader-r1-35,high,no-held-rows-on-page-in-scope,
batch-35.csv#687,context,context,S-PEBA-eSUN-PLA-Rock-FilamentTDS,2,,,all,Specimen statement,"The physical properties, mechanical properties, thermal properties, and electrical properties of the filament are obtained based on the injection molding spline test.",,,,,,injection molding spline test,,,,,Mechanical Properties,"The physical properties, mechanical properties, thermal properties, and electrical properties of the filament are obtained based on the | injection molding spline test.",text,not-required,,,reader-r1-35,high,no-held-rows-on-page-in-scope,
batch-35.csv#688,context,context,S-PEBA-eSUN-PLA-Rock-FilamentTDS,2,,,tensile,Tensile testing specimen,GB/T 1040,,,,,,,,,GB/T 1040,,Mechanical Properties,Tensile testing specimen GB/T 1040,text,not-required,,,reader-r1-35,high,no-held-rows-on-page-in-scope,
batch-35.csv#689,context,context,S-PEBA-eSUN-PLA-Rock-FilamentTDS,2,,,flexural,Flexural testing specimen,GB/T 9341,,,,,,,,,GB/T 9341,,Mechanical Properties,Flexural testing specimen GB/T 9341,text,not-required,,,reader-r1-35,high,no-held-rows-on-page-in-scope,
batch-35.csv#690,context,context,S-PEBA-eSUN-PLA-Rock-FilamentTDS,2,,,impact,Impact testing specimen,GB/T 1043,,,,,,,,,GB/T 1043,,Mechanical Properties,Impact testing specimen GB/T 1043,text,not-required,,,reader-r1-35,high,no-held-rows-on-page-in-scope,
batch-35.csv#720,context,context,S-PEBA-eSUN-PVA-Filament-TDS-V4-0,2,,,all,Specimen statement,"The physical properties, mechanical properties, thermal properties, and electrical properties of the line are obtained based on the injection molding spline test.",,,,,,injection molding spline test,,,,,Mechanical Properties,"The physical properties, mechanical properties, thermal properties, and electrical properties of the line are obtained based on the | injection molding spline test.",text,not-required,,,reader-r1-35,high,no-held-rows-on-page-in-scope,
batch-35.csv#721,context,context,S-PEBA-eSUN-PVA-Filament-TDS-V4-0,2,,,tensile,Tensile testing specimen,GB/T 1040,,,,,,,,,GB/T 1040,,Mechanical Properties,Tensile testing specimen GB/T 1040,text,not-required,,,reader-r1-35,high,no-held-rows-on-page-in-scope,
batch-35.csv#722,context,context,S-PEBA-eSUN-PVA-Filament-TDS-V4-0,2,,,flexural,Flexural testing specimen,GB/T 9341,,,,,,,,,GB/T 9341,,Mechanical Properties,Flexural testing specimen GB/T 9341,text,not-required,,,reader-r1-35,high,no-held-rows-on-page-in-scope,
batch-35.csv#723,context,context,S-PEBA-eSUN-PVA-Filament-TDS-V4-0,2,,,impact,Impact testing specimen,GB/T 1043,,,,,,,,,GB/T 1043,,Mechanical Properties,Impact testing specimen GB/T 1043,text,not-required,,,reader-r1-35,high,no-held-rows-on-page-in-scope,
batch-36.csv#27,context,context,S-PEBA-eSUN-TPU-95A-Filament-TDS-V4-0,2,,,all,Mechanical Properties,injection molding spline test,,,,,,injection moulded,,,GB/T 1040; GB/T 9341; GB/T 1043,,Mechanical Properties,"The physical properties, mechanical properties, thermal properties, and electrical properties of the filament are obtained based on the injection molding spline test.",text,not-required,,,reader-r1-36-b,high,no-held-rows-on-page-in-scope,
batch-36.csv#61,context,context,S-PEBA-eSUN-TPU-HS-Filament-TDS,2,,,all,Mechanical Properties,injection molding spline test,,,,,,injection moulded,,,GB/T 1040; GB/T 9341; GB/T 1043,,Mechanical Properties,"The physical properties, mechanical properties, thermal properties, and electrical properties of the filament are obtained based on the injection molding spline test.",text,not-required,,,reader-r1-36-b,high,no-held-rows-on-page-in-scope,
batch-36.csv#92,context,context,S-PEBA-eSUN-Twinkling-Filament-TDS-V4-0,2,,,all,Mechanical Properties,injection molding spline test,,,,,,injection moulded,,,GB/T 1040; GB/T 9341; GB/T 1043,,Mechanical Properties,"The physical properties, mechanical properties, thermal properties, and electrical properties of the line are obtained based on the injection molding spline test.",text,not-required,,,reader-r1-36-b,high,no-held-rows-on-page-in-scope,
batch-36.csv#127,context,context,S-PEBA-eSUN-Wood-Filament-TDS-V4-0,2,,,all,Mechanical Properties,injection molding spline test,,,,,,injection moulded,,,GB/T 1040; GB/T 9341; GB/T 1043,,Mechanical Properties,"The physical properties, mechanical properties, thermal properties, and electrical properties of the line are obtained based on the injection molding spline test.",text,not-required,,,reader-r1-36-b,high,no-held-rows-on-page-in-scope,
batch-36.csv#171,context,context,S-PEBA-PC-HT-TDS,3,,,all,Test Conditions of Mechanical Properties,standard samples printed by eSUN,,,,,,printed,,,GB/T 1040; GB/T 9341; GB/T 1043,,Test Conditions of Mechanical Properties,"The performance of the filament is evaluated based on standard samples printed by eSUN, while the actual printing",text,not-required,,,reader-r1-36-b,high,no-held-rows-on-page-in-scope,heading and sentence on page 3 speak for the mechanical table on page 2
batch-36.csv#197,context-held,context,S-PEBA-PEBA90A-TDS-en,1,,,tensile,Printing Performance,,,,,,,printed,,,GB/T 1040,,Printing Performance,Printing Performance,text,not-required,PC00319,V000839(specimen) V000840(specimen),reader-r1-36-b,medium,,"heading of the table with Z-axis and XY-axis rows; 'printed' is the heading's own word, specimen not otherwise described on this page"
batch-36.csv#214,context,context,S-PEBA-PEBA90A-TDS-en,3,,,all,Print Test Conditions,standard samples printed by eSUN,,,,,,printed,,,,,Print Test Conditions,"The performance of the filament is evaluated based on standard samples printed by eSUN, while the actual printing",text,not-required,,,reader-r1-36-b,medium,no-held-rows-on-page-in-scope,sentence opens page 3 and follows the Mechanical Test Conditions of page 2
batch-36.csv#261,context,context,S-PEBA-PETG-Basic-TDS,3,,,all,Test Conditions of Mechanical Properties,standard samples printed by eSUN,,,,,,printed,,,GB/T 1040; GB/T 9341; GB/T 1043,,Test Conditions of Mechanical Properties,"The performance of the filament is evaluated based on standard samples printed by eSUN, while the actual printing",text,not-required,,,reader-r1-36-b,high,no-held-rows-on-page-in-scope,speaks for the mechanical table on page 2
batch-36.csv#293,context,context,S-PEBA-PETG-CF-TDS-V1-2024-07-02,2,,,all,Mechanical Properties,injection molding spline test,,,,,,injection moulded,,,GB/T 1040; GB/T 9341; GB/T 1043,,Mechanical Properties,"The physical properties, mechanical properties, thermal properties, and electrical properties of the filament are obtained based on",text,not-required,,,reader-r1-36-b,high,no-held-rows-on-page-in-scope,sentence continues on the next line: the injection molding spline test
batch-36.csv#340,context,context,S-PEBA-PETG-ESD-TDS-EN,3,,,all,Test Conditions of Mechanical Properties,standard samples printed by eSUN,,,,,,printed,,,GB/T 1040; GB/T 9341; GB/T 1043,,Test Conditions of Mechanical Properties,"The performance of the filament is evaluated based on standard samples printed by eSUN, while the actual printing",text,not-required,,,reader-r1-36-b,high,no-held-rows-on-page-in-scope,speaks for the mechanical table on page 2
batch-36.csv#382,context,context,S-PEBA-PETG-Matte-TDS,3,,,all,Test Conditions of Mechanical Properties,standard samples printed by eSUN,,,,,,printed,,,GB/T 1040; GB/T 9341; GB/T 1843,,Test Conditions of Mechanical Properties,"The performance of the filament is evaluated based on standard samples printed by eSUN, while the actual",text,not-required,,,reader-r1-36-b,high,no-held-rows-on-page-in-scope,speaks for the mechanical table on page 2
batch-36.csv#424,context,context,S-PEBA-PETG-TDS-en,4,,,all,Test Conditions of Mechanical Properties,standard samples printed by eSUN,,,,,,printed,,,GB/T 1040; GB/T 9341; GB/T 1843,,Test Conditions of Mechanical Properties,"The performance of the filament is evaluated based on standard samples printed by eSUN, while the actual printing",text,not-required,,,reader-r1-36-b,high,no-held-rows-on-page-in-scope,speaks for the mechanical table on page 2
batch-36.csv#467,context,context,S-PEBA-PLA-Basic-TDS-EN,3,,,all,Test Conditions of Mechanical Properties,standard samples printed by eSUN,,,,,,printed,,,GB/T 1040; GB/T 9341; GB/T 1843,,Test Conditions of Mechanical Properties,"The performance of the filament is evaluated based on standard samples printed by eSUN, while the actual",text,not-required,,,reader-r1-36-b,high,no-held-rows-on-page-in-scope,speaks for the mechanical table on page 2
batch-36.csv#509,context,context,S-PEBA-PLA-Basic-TDS-EN-2026-6-5,3,,,all,Test Conditions of Mechanical Properties,standard samples printed by eSUN,,,,,,printed,,,GB/T 1040; GB/T 9341; GB/T 1843,,Test Conditions of Mechanical Properties,"The performance of the filament is evaluated based on standard samples printed by eSUN, while the actual printing",text,not-required,,,reader-r1-36-b,high,no-held-rows-on-page-in-scope,speaks for the mechanical table on page 2
batch-36.csv#541,context,context,S-PEBA-PLA-Basic-TDS-V1-2024-08-07,2,,,all,Mechanical Properties,injection molding spline test,,,,,,injection moulded,,,GB/T 1040; GB/T 9341; GB/T 1043,,Mechanical Properties,"The physical properties, mechanical properties, thermal properties, and electrical properties of the filament are obtained based on",text,not-required,,,reader-r1-36-b,high,no-held-rows-on-page-in-scope,sentence continues on the next line: the injection molding spline test
batch-36.csv#585,context,context,S-PEBA-PLA-Cast-TDS-EN-2025-8-27,3,,,all,Test Conditions of Mechanical Properties,standard samples printed by eSUN,,,,,,printed,,,GB/T 1040; GB/T 9341; GB/T 1843,,Test Conditions of Mechanical Properties,"The performance of the filament is evaluated based on standard samples printed by eSUN, while the actual printing",text,not-required,,,reader-r1-36-b,high,no-held-rows-on-page-in-scope,speaks for the mechanical table on page 2
batch-36.csv#616,context,context,S-PEBA-PLA-CMYK-TDS-2024-06-30,2,,,all,Mechanical Properties,injection molding spline test,,,,,,injection moulded,,,GB/T 1040; GB/T 9341; GB/T 1043,,Mechanical Properties,"The physical properties, mechanical properties, thermal properties, and electrical properties of the line are obtained based on the",text,not-required,,,reader-r1-36-b,high,no-held-rows-on-page-in-scope,sentence continues on the next line: injection molding spline test
batch-37.csv#26,context,context,S-PEBA-PLA-HF-TDS-2026-2-2,3,,,all,Test Conditions of Mechanical Properties,,,,,,,printed,,,,,Test Conditions of Mechanical Properties,The performance of the filament is evaluated based on standard samples printed by eSUN,text,not-required,,,reader-r1-37,high,no-held-rows-on-page-in-scope,
batch-37.csv#27,context,context,S-PEBA-PLA-HF-TDS-2026-2-2,3,,,tensile,Tensile testing specimen,,,,,,,,,,GB/T 1040,,Test Conditions of Mechanical Properties,Tensile testing specimen GB/T 1040,text,not-required,,,reader-r1-37,high,no-held-rows-on-page-in-scope,
batch-37.csv#28,context,context,S-PEBA-PLA-HF-TDS-2026-2-2,3,,,flexural,Flexural testing specimen,,,,,,,,,,GB/T 9341,,Test Conditions of Mechanical Properties,Flexural testing specimen GB/T 9341,text,not-required,,,reader-r1-37,high,no-held-rows-on-page-in-scope,
batch-37.csv#29,context,context,S-PEBA-PLA-HF-TDS-2026-2-2,3,,,impact,Impact testing specimen,,,,,,,,,,GB/T 1843,,Test Conditions of Mechanical Properties,Impact testing specimen GB/T 1843,text,not-required,,,reader-r1-37,high,no-held-rows-on-page-in-scope,
batch-37.csv#30,context,context,S-PEBA-PLA-HF-TDS-2026-2-2,3,,,all,Printing Test Conditions,,,,,,,,,,,nozzle=220℃; bed=65℃; outer layers=2; top/bottom layers=3; infill=100%; fan=100%,Printing Test Conditions,Extruder Temperature 220℃ | Build Platform Temperature 65℃ | Outer Layer Number 2 | Top/Bottom Layer Number 3 | Infill Density 100% | Fan Speed 100%,visual-only,agreed,,,reader-r1-37,high,no-held-rows-on-page-in-scope quote-not-on-page,*Based on Bambu P1S 0.4mm nozzle and Orcaslicer 2.1.0 Beta.
batch-37.csv#56,context,context,S-PEBA-PLA-HS-TDS,3,,,all,Test Conditions of Mechanical Properties,,,,,,,printed,,,,,Test Conditions of Mechanical Properties,The performance of the filament is evaluated based on standard samples printed by eSUN,text,not-required,,,reader-r1-37,high,no-held-rows-on-page-in-scope,
batch-37.csv#57,context,context,S-PEBA-PLA-HS-TDS,3,,,tensile,Tensile testing specimen,,,,,,,,,,GB/T 1040,,Test Conditions of Mechanical Properties,Tensile testing specimen GB/T 1040,text,not-required,,,reader-r1-37,high,no-held-rows-on-page-in-scope,
batch-37.csv#58,context,context,S-PEBA-PLA-HS-TDS,3,,,flexural,Flexural testing specimen,,,,,,,,,,GB/T 9341,,Test Conditions of Mechanical Properties,Flexural testing specimen GB/T 9341,text,not-required,,,reader-r1-37,high,no-held-rows-on-page-in-scope,
batch-37.csv#59,context,context,S-PEBA-PLA-HS-TDS,3,,,impact,Impact testing specimen,,,,,,,,,,GB/T 1843,,Test Conditions of Mechanical Properties,Impact testing specimen GB/T 1843,text,not-required,,,reader-r1-37,high,no-held-rows-on-page-in-scope,
batch-37.csv#60,context,context,S-PEBA-PLA-HS-TDS,3,,,all,Printing Test Conditions,,,,,,,,,,,nozzle=220℃; bed=60℃; outer layers=2; top/bottom layers=3; infill=100%; fan=100%,Printing Test Conditions,Extruder Temperature 220℃ | Build Platform Temperature 60℃ | Outer Layer Number 2 | Top/Bottom Layer Number 3 | Infill Density 100% | Fan Speed 100%,visual-only,agreed,,,reader-r1-37,high,no-held-rows-on-page-in-scope quote-not-on-page,*Based on Bambu P1S 0.4 mm nozzle and Orcaslicer 2.1.0 Beta.
batch-37.csv#65,context,context,S-PEBA-PLA-Matte-Dual-Filament-TDS-V4-0,1,,,all,Injection molding spline test,,,,,,,injection moulded,,,,,Mechanical Properties,"The physical properties, mechanical properties, thermal properties, and electrical properties of the filament are obtained based on the injection molding spline test.",visual-only,pending,,V006633(specimen),reader-r1-37,high,quote-not-on-page,statement is printed on page 2 under Mechanical Properties; applies to page 1 tables
batch-37.csv#81,context,context,S-PEBA-PLA-Matte-Dual-Filament-TDS-V4-0,2,,,tensile,Tensile testing specimen,,,,,,,,,,GB/T 1040,,Mechanical Properties,Tensile testing specimen GB/T 1040,text,not-required,,,reader-r1-37,high,no-held-rows-on-page-in-scope,
batch-37.csv#82,context,context,S-PEBA-PLA-Matte-Dual-Filament-TDS-V4-0,2,,,flexural,Flexural testing specimen,,,,,,,,,,GB/T 9341,,Mechanical Properties,Flexural testing specimen GB/T 9341,text,not-required,,,reader-r1-37,high,no-held-rows-on-page-in-scope,
batch-37.csv#83,context,context,S-PEBA-PLA-Matte-Dual-Filament-TDS-V4-0,2,,,impact,Impact testing specimen,,,,,,,,,,GB/T 1043,,Mechanical Properties,Impact testing specimen GB/T 1043,text,not-required,,,reader-r1-37,high,no-held-rows-on-page-in-scope,page prints GB/T 1043 for the impact specimen (the table row says GB/T 1843)
batch-37.csv#84,context,context,S-PEBA-PLA-Matte-Dual-Filament-TDS-V4-0,2,,,all,Print test condition,,,,,,,,,,,nozzle=215-230℃; bed=45℃; shells=4; top/bottom layers=4; infill=20%; fan=100%; speed=40mm/s; nozzle diameter=0.4 mm,Print test condition,Extruder Temperature 215-230℃ | Build Platform Temperature 45℃ | Outline/Perimeter Shells 4 | Top/Bottom Layers 4 | Infill Percentage 20% | Fan speed 100% | Printing speed 40mm/s | Based on 0.4 mm nozzle and Simplify 3D v.4.1.2.,text,not-required,,,reader-r1-37,high,no-held-rows-on-page-in-scope,
batch-37.csv#109,context,context,S-PEBA-PLA-Matte-TDS-2025-06-19-1,3,,,all,Test Conditions of Mechanical Properties,,,,,,,printed,,,,,Test Conditions of Mechanical Properties,The performance of the filament is evaluated based on standard samples printed by eSUN,text,not-required,,,reader-r1-37,high,no-held-rows-on-page-in-scope,
batch-37.csv#110,context,context,S-PEBA-PLA-Matte-TDS-2025-06-19-1,3,,,tensile,Tensile testing specimen,,,,,,,,,,GB/T 1040,,Test Conditions of Mechanical Properties,Tensile testing specimen GB/T 1040,text,not-required,,,reader-r1-37,high,no-held-rows-on-page-in-scope,
batch-37.csv#111,context,context,S-PEBA-PLA-Matte-TDS-2025-06-19-1,3,,,flexural,Flexural testing specimen,,,,,,,,,,GB/T 9341,,Test Conditions of Mechanical Properties,Flexural testing specimen GB/T 9341,text,not-required,,,reader-r1-37,high,no-held-rows-on-page-in-scope,
batch-37.csv#112,context,context,S-PEBA-PLA-Matte-TDS-2025-06-19-1,3,,,impact,Impact testing specimen,,,,,,,,,,GB/T 1843,,Test Conditions of Mechanical Properties,Impact testing specimen GB/T 1843,text,not-required,,,reader-r1-37,high,no-held-rows-on-page-in-scope,
batch-37.csv#113,context,context,S-PEBA-PLA-Matte-TDS-2025-06-19-1,3,,,all,Printing Test Conditions,,,,,,,,,,,nozzle=220℃; bed=60℃; outer layers=2; top/bottom layers=3; infill=100%; fan=100%,Printing Test Conditions,Extruder Temperature 220℃ | Build Platform Temperature 60℃ | Outer Layer Number 2 | Top/Bottom Layer Number 3 | Infill Density 100% | Fan Speed 100%,visual-only,agreed,,,reader-r1-37,high,no-held-rows-on-page-in-scope quote-not-on-page,*Based on Bambu P1S 0.4 mm nozzle and Orcaslicer 2.1.0 Beta.
batch-37.csv#141,context,context,S-PEBA-PLA-TDS-en,3,,,all,Test Conditions of Mechanical Properties,,,,,,,printed,,,,,Test Conditions of Mechanical Properties,The performance of the filament is evaluated based on standard samples printed by eSUN,text,not-required,,,reader-r1-37,high,no-held-rows-on-page-in-scope,
batch-37.csv#142,context,context,S-PEBA-PLA-TDS-en,3,,,tensile,Tensile testing specimen,,,,,,,,,,GB/T 1040,,Test Conditions of Mechanical Properties,Tensile testing specimen GB/T 1040,text,not-required,,,reader-r1-37,high,no-held-rows-on-page-in-scope,
batch-37.csv#143,context,context,S-PEBA-PLA-TDS-en,3,,,flexural,Flexural testing specimen,,,,,,,,,,GB/T 9341,,Test Conditions of Mechanical Properties,Flexural testing specimen GB/T 9341,text,not-required,,,reader-r1-37,high,no-held-rows-on-page-in-scope,
batch-37.csv#144,context,context,S-PEBA-PLA-TDS-en,3,,,impact,Impact testing specimen,,,,,,,,,,GB/T 1843,,Test Conditions of Mechanical Properties,Impact testing specimen GB/T 1843,text,not-required,,,reader-r1-37,high,no-held-rows-on-page-in-scope,
batch-37.csv#145,context,context,S-PEBA-PLA-TDS-en,3,,,all,Printing Test Conditions,,,,,,,,,,,nozzle=220℃; bed=65℃; outer layers=2; top/bottom layers=3; infill=100%; fan=100%,Printing Test Conditions,Extruder Temperature 220℃ | Build Platform Temperature 65℃ | Outer Layer Number 2 | Top/Bottom Layer Number 3 | Infill Density 100% | Fan Speed 100%,visual-only,agreed,,,reader-r1-37,high,no-held-rows-on-page-in-scope quote-not-on-page,*Based on Bambu P1S 0.4mm nozzle and Orcaslicer 2.1.0 Beta.
batch-37.csv#149,context,context,S-PEBA-PLA-UV-Color-Change-FilamentTDS,1,,,all,Injection molding spline test,,,,,,,injection moulded,,,,,Mechanical Properties,"The physical properties, mechanical properties, thermal properties, and electrical properties of the filament are obtained based on the injection molding spline test.",visual-only,pending,,V007248(specimen),reader-r1-37,high,quote-not-on-page,statement is printed on page 2 under Mechanical Properties; applies to page 1 tables
batch-37.csv#165,context,context,S-PEBA-PLA-UV-Color-Change-FilamentTDS,2,,,tensile,Tensile testing specimen,,,,,,,,,,GB/T 1040,,Mechanical Properties,Tensile testing specimen GB/T 1040,text,not-required,,,reader-r1-37,high,no-held-rows-on-page-in-scope,
batch-37.csv#166,context,context,S-PEBA-PLA-UV-Color-Change-FilamentTDS,2,,,flexural,Flexural testing specimen,,,,,,,,,,GB/T 9341,,Mechanical Properties,Flexural testing specimen GB/T 9341,text,not-required,,,reader-r1-37,high,no-held-rows-on-page-in-scope,
batch-37.csv#167,context,context,S-PEBA-PLA-UV-Color-Change-FilamentTDS,2,,,impact,Impact testing specimen,,,,,,,,,,GB/T 1043,,Mechanical Properties,Impact testing specimen GB/T 1043,text,not-required,,,reader-r1-37,high,no-held-rows-on-page-in-scope,page prints GB/T 1043 for the impact specimen (the table row says GB/T 1843)
batch-37.csv#168,context,context,S-PEBA-PLA-UV-Color-Change-FilamentTDS,2,,,all,Print test condition,,,,,,,,,,,nozzle=210℃; bed=55℃; shells=4; top/bottom layers=4; infill=20%; fan=100%; speed=40mm/s; nozzle diameter=0.4 mm,Print test condition,Extruder Temperature 210℃ | Build Platform Temperature 55℃ | Outline/Perimeter Shells 4 | Top/Bottom Layers 4 | Infill Percentage 20% | Fan speed 100% | Printing speed 40mm/s | Based on 0.4 mm nozzle and Simplify 3D v.4.1.2.,text,not-required,,,reader-r1-37,high,no-held-rows-on-page-in-scope,
batch-37.csv#343,context,context,R-EXTRUDR-durapro-asa-gf-TDS-en,1,,,thermal,Footnote,,,,,,,,,,,thickness=min 4 mm,3. PROPERTIES,Temperature resistance tested at a minimum wall thickness of 4 mm.,text,not-required,,,reader-r1-37,high,,footnote has no asterisk on this sheet
batch-37.csv#372,context,context,R-EXTRUDR-durapro-asa-gf-TDS-en-458d69,1,,,thermal,Footnote,,,,,,,,,,,thickness=min 4 mm,3. PROPERTIES,Temperature resistance tested at a minimum wall thickness of 4 mm.,text,not-required,,,reader-r1-37,high,,footnote has no asterisk on this sheet
batch-37.csv#396,context,context,R-EXTRUDR-durapro-asa-gf-TDS-fr,1,,,thermal,Note de bas de tableau,,,,,,,,,,,thickness=min 4 mm,3. PROPRIÉTÉS,Résistance à la température testée à une épaisseur de paroi minimale de 4 mm.,text,not-required,,,reader-r1-37,high,,
batch-37.csv#632,context,context,R-EXTRUDR-durapro-pc-fr-v0-TDS-en,1,,,thermal,Footnote,,,,,,,,,,,thickness=min 4 mm,3. PROPERTIES,*Temperature resistance tested at a minimum wall thickness of 4 mm.,visual-only,disagrees,,,reader-r1-37,high,quote-not-on-page,footnote printed on page 2 under the second properties table; no asterisk marks a value
batch-37.csv#703,context,context,R-EXTRUDR-durapro-pc-fr-v0-TDS-de,2,,,thermal,Fußnote,,,,,,,,,,,thickness=min 4 mm,3. EIGENSCHAFTEN,*Temperaturresistenz geprüft bei Wanddicke von mindestens 4 mm.,text,not-required,,,reader-r1-37,high,no-held-rows-on-page-in-scope,
batch-37.csv#767,context,context,R-EXTRUDR-durapro-pc-pbt-TDS-de,2,,,thermal,Fußnote,,,,,,,,,,,thickness=min 4 mm,3. EIGENSCHAFTEN,*Temperaturresistenz geprüft bei Wanddicke von mindestens 4 mm.,text,not-required,,,reader-r1-37,high,no-held-rows-on-page-in-scope,
batch-38.csv#30,context,context,R-EXTRUDR-durapro-pc-pbt-TDS-en,2,,,thermal,*Temperature resistance tested at a minimum wall thickness of 4 mm.,,,,,,,,,,,,3. PROPERTIES,*Temperature resistance tested at a minimum wall thickness of 4 mm.,text,not-required,,,reader-r1-38-b,medium,no-held-rows-on-page-in-scope,footnote under the table on page 2; no asterisk mark is visible in the table rows
batch-38.csv#75,context,context,R-EXTRUDR-flex-semisoft-TDS-de,1,G039-15,FLEX SEMISOFT,thermal,*Temperaturresistenz geprüft bei Wanddicke von mindestens 4 mm.,,,,,,,,,,,,3. EIGENSCHAFTEN,*Temperaturresistenz geprüft bei Wanddicke von mindestens 4 mm.,text,not-required,,,reader-r1-38-b,high,,footnote to Vicat 98*
batch-38.csv#109,context,context,R-EXTRUDR-flex-semisoft-TDS-en,1,G039-15,FLEX SEMISOFT,thermal,*Temperature resistance tested at a minimum wall thickness of 4 mm.,,,,,,,,,,,,3. PROPERTIES,*Temperature resistance tested at a minimum wall thickness of 4 mm.,text,not-required,,,reader-r1-38-b,high,,footnote to Vicat 98*
batch-38.csv#141,context,context,R-EXTRUDR-flex-semisoft-TDS-en-f4e958,1,G039-15,FLEX SEMISOFT,thermal,*Temperature resistance tested at a minimum wall thickness of 4 mm.,,,,,,,,,,,,3. PROPERTIES,*Temperature resistance tested at a minimum wall thickness of 4 mm.,text,not-required,,,reader-r1-38-b,high,,footnote to Vicat 98*
batch-38.csv#165,context,context,R-EXTRUDR-pearl-TDS-en,1,G001-173,PEARL,thermal,*Temperature resistance tested at a minimum wall thickness of 4 mm,,,,,,,,,,,,3. PROPERTIES,*Temperature resistance tested at a minimum wall thickness of 4 mm,text,not-required,,,reader-r1-38-b,high,,footnote to VICAT 58*
batch-38.csv#193,context,context,R-EXTRUDR-petg-bundle-TDS-en,1,G020-17,PETG,thermal,*Temperature resistance tested at a minimum wall thickness of 4 mm.,,,,,,,,,,,,3. PROPERTIES,*Temperature resistance tested at a minimum wall thickness of 4 mm.,text,not-required,,,reader-r1-38-b,high,,footnote to VICAT 78*
batch-38.csv#222,context,context,R-EXTRUDR-petg-TDS-en,1,G020-17,PETG,thermal,*Temperature resistance tested at a minimum wall thickness of 4 mm.,,,,,,,,,,,,3. PROPERTIES,*Temperature resistance tested at a minimum wall thickness of 4 mm.,text,not-required,,,reader-r1-38-b,high,,footnote to VICAT 78*
batch-38.csv#246,context,context,R-EXTRUDR-pla-basic-cmyk-TDS-en,1,G001-34,PLA BASIC,thermal,*Temperature resistance tested at a minimum wall thickness of 4 mm.,,,,,,,,,,,,3. PROPERTIES,*Temperature resistance tested at a minimum wall thickness of 4 mm.,text,not-required,,,reader-r1-38-b,high,,footnote to HDT 55*
batch-38.csv#270,context,context,R-EXTRUDR-pla-basic-TDS-en,1,G001-34,PLA BASIC,thermal,*Temperature resistance tested at a minimum wall thickness of 4 mm.,,,,,,,,,,,,3. PROPERTIES,*Temperature resistance tested at a minimum wall thickness of 4 mm.,text,not-required,,,reader-r1-38-b,high,,footnote to HDT 55*
batch-38.csv#297,context,context,R-EXTRUDR-pla-high-speed-TDS-en,1,G001-35,PLA HIGH-SPEED,thermal,*Temperature resistance tested at a minimum wall thickness of 4 mm.,,,,,,,,,,,,3. PROPERTIES,*Temperature resistance tested at a minimum wall thickness of 4 mm.,text,not-required,,,reader-r1-38-b,high,,general footnote on temperature resistance (no asterisk mark on a table row)
batch-38.csv#298,context,context,R-EXTRUDR-pla-high-speed-TDS-en,1,G001-35,PLA HIGH-SPEED,thermal,"2 HDT B, 0.45MPa flatwise.",,,,,,,,,,,,3. PROPERTIES,"2 HDT B, 0.45MPa flatwise. HDT depends on processing conditions. For crystaline resins, formulation included 3-7% | nucleating agent (Luminy* D070) and making took place in a 90-100°C tool.",text,not-required,,,reader-r1-38-b,high,,footnote 2 to the HTB amorphous and crystalline rows
batch-38.csv#325,context,context,R-EXTRUDR-pla-hs-TDS-en,1,G001-35,PLA HIGH-SPEED,thermal,*Temperature resistance tested at a minimum wall thickness of 4 mm.,,,,,,,,,,,,3. PROPERTIES,*Temperature resistance tested at a minimum wall thickness of 4 mm.,text,not-required,,,reader-r1-38-b,high,,general footnote on temperature resistance (no asterisk mark on a table row)
batch-38.csv#326,context,context,R-EXTRUDR-pla-hs-TDS-en,1,G001-35,PLA HIGH-SPEED,thermal,"2 HDT B, 0.45MPa flatwise.",,,,,,,,,,,,3. PROPERTIES,"2 HDT B, 0.45MPa flatwise. HDT depends on processing conditions.",text,not-required,,,reader-r1-38-b,high,,footnote 2 to the HTB amorphous and crystalline rows
batch-38.csv#353,context,context,R-EXTRUDR-pla-hs-TDS-en-8f08c1,1,G001-35,PLA HIGH-SPEED,thermal,*Temperature resistance tested at a minimum wall thickness of 4 mm.,,,,,,,,,,,,3. PROPERTIES,*Temperature resistance tested at a minimum wall thickness of 4 mm.,text,not-required,,,reader-r1-38-b,high,,general footnote on temperature resistance (no asterisk mark on a table row)
batch-38.csv#354,context,context,R-EXTRUDR-pla-hs-TDS-en-8f08c1,1,G001-35,PLA HIGH-SPEED,thermal,"2 HDT B, 0.45MPa flatwise.",,,,,,,,,,,,3. PROPERTIES,"2 HDT B, 0.45MPa flatwise. HDT depends on processing conditions. For crystaline resins, formulation included 3-7% | nucleating agent (Luminy* D070) and making took place in a 90-100°C tool.",text,not-required,,,reader-r1-38-b,high,,footnote 2 to the HTB amorphous and crystalline rows
batch-38.csv#380,context,context,R-EXTRUDR-pla-nx2-matt-TDS-en,1,G001-33,PLA NX2 MATT,thermal,*Temperature resistance tested at a minimum wall thickness of 4 mm.,,,,,,,,,,,,3. PROPERTIES,*Temperature resistance tested at a minimum wall thickness of 4 mm.,text,not-required,,,reader-r1-38-b,high,,footnote to VICAT 60*
batch-38.csv#406,context,context,R-EXTRUDR-pla-nx2-matt-TDS-it,1,G001-33,PLA NX2 MATT,thermal,*La resistenza alla temperatura è stata testata con uno spessore minimo di 4 mm.,,,,,,,,,,,,3. PROPRIETÀ,*La resistenza alla temperatura è stata testata con uno spessore minimo di 4 mm.,text,not-required,,,reader-r1-38-b,high,,footnote to VICAT 60*
batch-38.csv#432,context,context,R-EXTRUDR-pla-nx2-TDS-en,1,G001-110,PLA NX2,thermal,*Temperature resistance tested at a minimum wall thickness of 4 mm.,,,,,,,,,,,,3. PROPERTIES,*Temperature resistance tested at a minimum wall thickness of 4 mm.,text,not-required,,,reader-r1-38-b,high,,footnote to VICAT 60*
batch-38.csv#457,context,context,R-EXTRUDR-pla-tough-TDS-en,1,G001-32,PLA TOUGH,thermal,*Temperature resistance tested at a minimum wall thickness of 4 mm.,,,,,,,,,,,,3. PROPERTIES,*Temperature resistance tested at a minimum wall thickness of 4 mm.,text,not-required,,,reader-r1-38-b,high,,footnote; asterisk appears in the label Vicat softening temp. (*sintered)
batch-38.csv#639,context,context,R-EXTRUDR-wood-TDS-en,1,G014-18,WOOD,thermal,*Temperature resistance tested at a minimum wall thickness of 4 mm.,,,,,,,,,,,,3. PROPERTIES,*Temperature resistance tested at a minimum wall thickness of 4 mm.,text,not-required,,,reader-r1-38-b,high,,footnote to VICAT 48*
batch-38.csv#663,context,context,R-EXTRUDR-xpetg-cf-TDS-en,1,G024-09,XPETG CF,thermal,*Temperature resistance tested at a minimum wall thickness of 4 mm.,,,,,,,,,,,,3. PROPERTIES,*Temperature resistance tested at a minimum wall thickness of 4 mm.,text,not-required,,,reader-r1-38-b,high,,general footnote; no asterisk on a table row
batch-38.csv#688,context,context,R-EXTRUDR-xpetg-cf-TDS-fr,1,G024-09,XPETG CF,thermal,* Résistance à la température testée à une épaisseur de paroi minimale de 4 mm.,,,,,,,,,,,,3. PROPRIÉTÉS,* Résistance à la température testée à une épaisseur de paroi minimale de 4 mm.,text,not-required,,,reader-r1-38-b,high,,general footnote; no asterisk on a table row
batch-38.csv#714,context,context,R-EXTRUDR-xpetg-matt-TDS-en,1,G020-56,XPETG MATT,thermal,*Temperature resistance tested at a minimum wall thickness of 4 mm.,,,,,,,,,,,,3. PROPERTIES,*Temperature resistance tested at a minimum wall thickness of 4 mm.,text,not-required,,,reader-r1-38-b,high,,general footnote; no asterisk on a table row
batch-39.csv#14,context,context,R-EXTRUDR-PRIORITY-20261003-4eb5a75440e8,1,,,all,Recommended settings for printers with a 0.4 mm nozzle,,,,,,,,,,,,Print Settings,Recommended settings for printers with a 0.4 mm nozzle. Max. 50% layer height. Optimal settings may vary between printers and are also dependent on environmental factors.,text,not-required,,,reader-r1-39,high,no-held-rows-on-page-in-scope,
batch-39.csv#19,context,context,R-EXTRUDR-PRIORITY-20261003-4eb5a75440e8,1,,,all,Test procedures,,,,,,,,,,,,Test procedures,Test procedures,text,not-required,,,reader-r1-39,high,no-held-rows-on-page-in-scope,heading above the property tables; states no specimen or moisture
batch-39.csv#59,context,context,R-EXTRUDR-PRIORITY-20261003-4f4b613ed9d4,1,,,all,Recommended settings for printers with a 0.4 mm nozzle,,,,,,,,,,,,Print Settings,Recommended settings for printers with a 0.4 mm nozzle. Max. 50% layer height. Optimal settings may vary between printers and are also dependent on environmental factors.,text,not-required,,,reader-r1-39,high,,
batch-39.csv#65,context,context,R-EXTRUDR-PRIORITY-20261003-4f4b613ed9d4,1,,,all,Test procedures,,,,,,,,,,,,Test procedures,Test procedures,text,not-required,,,reader-r1-39,high,,heading above the property tables; states no specimen or moisture
batch-39.csv#99,context,context,R-EXTRUDR-PRIORITY-20261003-88316f653878,1,,,all,Recommended settings for printers with a 0.4 mm nozzle,,,,,,,,,,,,Print Settings,Recommended settings for printers with a 0.4 mm nozzle. Max. 50% layer height. Optimal settings may vary between printers and are also dependent on environmental factors.,text,not-required,,,reader-r1-39,high,,
batch-39.csv#104,context,context,R-EXTRUDR-PRIORITY-20261003-88316f653878,1,,,all,Test procedures,,,,,,,,,,,,Test procedures,Test procedures,text,not-required,,,reader-r1-39,high,,heading above the property tables; states no specimen or moisture
batch-39.csv#144,context,context,R-EXTRUDR-PRIORITY-20261003-8f1f07e586ce,1,,,all,Recommended settings for printers with a 0.4 mm nozzle,,,,,,,,,,,,Print Settings,Recommended settings for printers with a 0.4 mm nozzle. Max. 50% layer height. Optimal settings may vary between printers and are also dependent on environmental factors.,text,not-required,,,reader-r1-39,high,,
batch-39.csv#150,context,context,R-EXTRUDR-PRIORITY-20261003-8f1f07e586ce,1,,,all,Test procedures,,,,,,,,,,,,Test procedures,Test procedures,text,not-required,,,reader-r1-39,high,,heading above the property tables; states no specimen or moisture
batch-39.csv#190,context,context,R-EXTRUDR-PRIORITY-20261003-967a9be07d31,1,,,all,Recommended settings for printers with a 0.4 mm nozzle,,,,,,,,,,,,Print Settings,Recommended settings for printers with a 0.4 mm nozzle. Max. 50% layer height. Optimal settings may vary between printers and are also dependent on environmental factors.,text,not-required,,,reader-r1-39,high,,
batch-39.csv#194,context,context,R-EXTRUDR-PRIORITY-20261003-967a9be07d31,1,,,all,Test procedures,,,,,,,,,,,,Test procedures,Test procedures,text,not-required,,,reader-r1-39,high,,heading above the property tables; states no specimen or moisture
batch-39.csv#231,context,context,R-EXTRUDR-PRIORITY-20261003-e49b91234afa,1,,,all,Recommended settings for printers with a 0.4 mm nozzle,,,,,,,,,,,,Print Settings,Recommended settings for printers with a 0.4 mm nozzle. Max. 50% layer height. Optimal settings may vary between printers and are also dependent on environmental factors.,text,not-required,,,reader-r1-39,high,,
batch-39.csv#238,context,context,R-EXTRUDR-PRIORITY-20261003-e49b91234afa,1,,,all,Test procedures,,,,,,,,,,,,Test procedures,Test procedures,text,not-required,,,reader-r1-39,high,,heading above the property tables; states no specimen or moisture
batch-42.csv#14,context-held,context,R-FIBERLOGY-FIBERLOGY-ABSPLUS-TDS,1,,,thermal,* - annealing,,,,,,,,,annealed,,,Thermal Properties,* - annealing,text,not-required,PC00320,V010644(treatment=annealed),reader-r1-42-b,medium,,footnote marks HDT 100* only
batch-42.csv#224,context,context,R-FIBERLOGY-FIBERLOGY-IMPACT-PLA-TDS,1,,,tensile,Mechanical Properties*,,,,,,XY,printed,,annealed at 110°C / 15min,,infill=100%,Mechanical Properties*,Mechanical Properties* | * - data for 3D printed parts XY axis 100% infill annealed at 110°C / 15min,text,not-required,,,reader-r1-42-b,medium,,footnote asterisk is on the Mechanical Properties heading; it covers tensile flexural and impact rows
batch-42.csv#225,context,context,R-FIBERLOGY-FIBERLOGY-IMPACT-PLA-TDS,1,,,flexural,Mechanical Properties*,,,,,,XY,printed,,annealed at 110°C / 15min,,infill=100%,Mechanical Properties*,Mechanical Properties* | * - data for 3D printed parts XY axis 100% infill annealed at 110°C / 15min,text,not-required,,,reader-r1-42-b,medium,,same footnote
batch-42.csv#226,context,context,R-FIBERLOGY-FIBERLOGY-IMPACT-PLA-TDS,1,,,impact,Mechanical Properties*,,,,,,XY,printed,,annealed at 110°C / 15min,,infill=100%,Mechanical Properties*,Mechanical Properties* | * - data for 3D printed parts XY axis 100% infill annealed at 110°C / 15min,text,not-required,,,reader-r1-42-b,medium,,same footnote
batch-42.csv#227,context,context,R-FIBERLOGY-FIBERLOGY-IMPACT-PLA-TDS,1,,,thermal,Heat Distortion Temperature @ 0.45 MPa*,,,,,,XY,printed,,annealed at 110°C / 15min,,infill=100%,Thermal Properties,Heat Distortion Temperature @ 0.45 MPa* | * - data for 3D printed parts XY axis 100% infill annealed at 110°C / 15min,text,not-required,,"V005540(treatment=annealed,specimen) V005541(treatment=annealed,specimen)",reader-r1-42-b,medium,,asterisk is on the HDT row only; Tg and Tm rows carry none
batch-43.csv#195,context,context,R-FIBERLOGY-FiberWORKS-PETG-TDS,1,,FiberWORKS PETG,thermal,Typical material properties,,,,,,,,,,,,Typical material properties,Typical material properties,text,not-required,,,reader-r1-43,high,,heading above the page-1 property tables (physical mechanical thermal); states no specimen or condition
batch-43.csv#202,context,context,R-FIBERLOGY-FiberWORKS-PETG-TDS,2,,FiberWORKS PETG,all,3D Printed Sample Properties,,,,,,,printed,,,,,3D Printed Sample Properties,3D Printed Sample Properties,text,not-required,,,reader-r1-43,high,,heading above the page-2 mechanical table; sample printing specifications given below it
batch-43.csv#223,context,context,R-FIBERLOGY-FiberWORKS-PLA-TDS,1,,FiberWORKS PLA,thermal,Typical material properties,,,,,,,,,,,,Typical material properties,Typical material properties,text,not-required,,,reader-r1-43,high,,heading above the page-1 property tables; states no specimen or condition
batch-43.csv#230,context,context,R-FIBERLOGY-FiberWORKS-PLA-TDS,2,,FiberWORKS PLA,all,3D Printed Sample Properties,,,,,,,printed,,,,,3D Printed Sample Properties,3D Printed Sample Properties,text,not-required,,,reader-r1-43,high,,heading above the page-2 mechanical table; sample printing specifications given below it
batch-43.csv#277,context,context,R-FILAMENT2PRINT-Eco-Coffee,1,,COFFEE,tensile,Valores obtenidos en especímenes impresos,,,,,,,printed,,,,"nozzle=0,6 mm; infill=100% rectilíneo; layer height=0,2 mm",PROPIEDADES MECÁNICAS,"Valores obtenidos en especímenes impresos, boquilla 0,6 mm, relleno 100% rectilíneo, altura de capa 0,2 mm",text,not-required,,,reader-r1-43,high,,footnote marker (1) follows the mechanical table; applies to the mechanical rows
batch-43.csv#278,context,context,R-FILAMENT2PRINT-Eco-Coffee,1,,COFFEE,flexural,Valores obtenidos en especímenes impresos,,,,,,,printed,,,,"nozzle=0,6 mm; infill=100% rectilíneo; layer height=0,2 mm",PROPIEDADES MECÁNICAS,"Valores obtenidos en especímenes impresos, boquilla 0,6 mm, relleno 100% rectilíneo, altura de capa 0,2 mm",text,not-required,,,reader-r1-43,high,,footnote marker (1) follows the mechanical table; applies to the mechanical rows
batch-43.csv#279,context,context,R-FILAMENT2PRINT-Eco-Coffee,1,,COFFEE,impact,Valores obtenidos en especímenes impresos,,,,,,,printed,,,,"nozzle=0,6 mm; infill=100% rectilíneo; layer height=0,2 mm",PROPIEDADES MECÁNICAS,"Valores obtenidos en especímenes impresos, boquilla 0,6 mm, relleno 100% rectilíneo, altura de capa 0,2 mm",text,not-required,,,reader-r1-43,high,no-held-rows-on-page-in-scope,footnote marker (1) follows the mechanical table; applies to the mechanical rows
batch-44.csv#31,context,context,R-FILLAMENTUM-Technical-Data-Sheet-HIPS-Extrafill-03012019,1,G081-04,HIPS Extrafill,all,Recommended settings,,,,,,,,,,,,Printing properties,Recommended settings! It may differ according to the printer and the object. Try your own settings before printing.,visual-only,agreed,,,reader-r1-44,high,quote-not-on-page,applies to printing settings only; sheet states no chamber or drying
batch-44.csv#52,context,context,R-FILLAMENTUM-Technical-Data-Sheet-Nylon-CF15-Carbon-03012019,1,G053-14,Nylon CF15 Carbon,all,Recommended settings,,,,,,,,,,,,Printing properties,Recommended settings! It may differ according to the printer and the object. Try your own settings before printing.,visual-only,agreed,,,reader-r1-44,high,quote-not-on-page,
batch-44.csv#76,context,context,R-FILLAMENTUM-Technical-Data-Sheet-PC-ABS,1,G094-06,PC/ABS,all,Recommended settings,,,,,,,,,,,,Printing properties,Recommended settings! It may differ according to the printer and the object. Try your own optimization before printing.,visual-only,agreed,,,reader-r1-44,high,quote-not-on-page,
batch-44.csv#94,context,context,R-FILLAMENTUM-Technical-Data-Sheet-PLA-Crystal-Clear-03012019,1,G001-65,PLA Crystal Clear,all,Recommended settings,,,,,,,,,,,,Printing properties,Recommended settings! It may differ according to the printer and the object. Try your own settings before printing.,visual-only,agreed,,,reader-r1-44,high,quote-not-on-page,
batch-44.csv#113,context,context,R-FILLAMENTUM-Technical-Data-Sheet-PLA-Extrafill-03012019,1,G001-64,PLA Extrafill,all,Recommended settings,,,,,,,,,,,,Printing properties,Recommended settings! It may differ according to the printer and the object. Try your own settings before printing.,visual-only,agreed,,,reader-r1-44,high,quote-not-on-page,
batch-44.csv#131,context,context,R-FILLAMENTUM-Technical-Data-Sheet-Timberfill-03012019,1,G014-21,Timberfill,all,Recommended settings,,,,,,,,,,,,Printing properties,Recommended settings! It may differ according to the printer and the object. Try your own settings before printing.,visual-only,agreed,,,reader-r1-44,high,quote-not-on-page,
batch-44.csv#152,context,context,S-CPECF,1,G090-01,CPE CF112 Carbon,all,Recommended settings,,,,,,,,,,,,Printing properties,Recommended settings! It may differ according to the printer and the object. Try your own settings before printing.,visual-only,agreed,,,reader-r1-44,high,quote-not-on-page,
batch-44.csv#177,context,context,R-FILLAMENTUM-FLEXFILL-PEBA-90A-TDS,1,G045-04,Flexfill PEBA 90A,all,Recommended settings,,,,,,,,,,,,Printing properties,Recommended settings! It may differ according to the printer and the object. Try your own settings before printing.,block,not-required,,,reader-r1-44,high,,
batch-44.csv#194,context,context,D-FLASH-ABS-GF-TDS-EN,2,G028-06,ABSGF10 Filament,all,Testing Specimen Printing Conditions,,,,,,,printed,,,,nozzle=240 °C; speed=200mm/s; nozzle diameter=0.4mm; infill=100%; pattern=Concentric,Testing Specimen Printing Conditions:,Testing Specimen Printing Conditions: | Test Equipment Flashforge Guider 3 Ultra | Nozzle Diameter 0.4mm | Nozzle Temperature 240 °C | Printing Speed 200mm/s | Infill Density 100% | Infill Pattern Concentric,text,not-required,,,reader-r1-44,high,no-held-rows-on-page-in-scope,test specimens are printed on a Flashforge Guider 3 Ultra; not a recommendation
batch-44.csv#209,context,context,D-FLASH-ABS-GF-TDS-EN,3,G028-06,ABSGF10 Filament,all,Cautions,,,,,,,,,,,,Cautions:,"In order to prevent moisture absorption and contamination, supplied packaging should be kept closed and undamaged.",text,not-required,,,reader-r1-44,high,no-held-rows-on-page-in-scope,storage caution; no values
batch-44.csv#210,context,context,D-FLASH-ABS-GF-TDS-EN,4,G028-06,ABSGF10 Filament,tensile,Attachment 1,,,,,,,printed,,,"ASTM D638 (ISO 527, GB/T 1040)",,Attachment 1: Testing Specimen Size and Printing Direction,"Tensile testing specimen; ASTM D638 (ISO 527, GB/T 1040)",visual-only,agreed,,,reader-r1-44,high,no-held-rows-on-page-in-scope quote-not-on-page,drawing; Z axis marked on specimen
batch-44.csv#211,context,context,D-FLASH-ABS-GF-TDS-EN,4,G028-06,ABSGF10 Filament,flexural,Attachment 1,,,,,,,printed,,,"ASTMD790 (ISO 178, GB/T 9341)",,Attachment 1: Testing Specimen Size and Printing Direction,"Flexural testing specimen; ASTMD790 (ISO 178, GB/T 9341)",visual-only,agreed,,,reader-r1-44,high,no-held-rows-on-page-in-scope quote-not-on-page,drawing; Z axis marked on specimen
batch-44.csv#212,context,context,D-FLASH-ABS-GF-TDS-EN,4,G028-06,ABSGF10 Filament,impact,Attachment 1,,,,,,,printed,,,"ASTM D256 (ISO 179, GB/T 1043)",,Attachment 1: Testing Specimen Size and Printing Direction,"Impact testing specimen; ASTM D256 (ISO 179, GB/T 1043)",visual-only,agreed,,,reader-r1-44,high,no-held-rows-on-page-in-scope quote-not-on-page,drawing with 45.00° notch and Impact direction; table prints ISO 180 for Izod
batch-44.csv#227,context,context,D-FLASH-ABS-Matte-TDS-EN,2,G027-16,ABS Matte Filament,all,Testing Specimen Printing Conditions,,,,,,,printed,,,,nozzle=250 °C; speed=250mm/s; nozzle diameter=0.4mm; wall thickness=1.2mm; infill=100%,Testing Specimen Printing Conditions:,Testing Specimen Printing Conditions: | Test Equipment Flashforge Guider 3 Ultra | Nozzle Diameter 0.4mm | Nozzle Temperature 250 °C | Printing Speed 250mm/s | Wall Thickness 1.2mm | Infill 100%,text,not-required,,,reader-r1-44,high,no-held-rows-on-page-in-scope,test specimens are printed on a Flashforge Guider 3 Ultra; not a recommendation
batch-44.csv#241,context,context,D-FLASH-ABS-Matte-TDS-EN,3,G027-16,ABS Matte Filament,all,Cautions,,,,,,,,,,,,Cautions:,"In order to prevent moisture absorption and contamination, supplied packaging should be kept closed and undamaged.",text,not-required,,,reader-r1-44,high,no-held-rows-on-page-in-scope,storage caution; no values
batch-44.csv#242,context,context,D-FLASH-ABS-Matte-TDS-EN,4,G027-16,ABS Matte Filament,tensile,Attachment 1,,,,,,,printed,,,"ASTM D638 (ISO 527, GB/T 1040)",,Attachment 1: Testing Specimen Size and Printing Direction,"Tensile testing specimen; ASTM D638 (ISO 527, GB/T 1040)",visual-only,agreed,,,reader-r1-44,high,no-held-rows-on-page-in-scope quote-not-on-page,drawing; Z axis marked on specimen
batch-44.csv#243,context,context,D-FLASH-ABS-Matte-TDS-EN,4,G027-16,ABS Matte Filament,flexural,Attachment 1,,,,,,,printed,,,"ASTMD790 (ISO 178, GB/T 9341)",,Attachment 1: Testing Specimen Size and Printing Direction,"Flexural testing specimen; ASTMD790 (ISO 178, GB/T 9341)",visual-only,agreed,,,reader-r1-44,high,no-held-rows-on-page-in-scope quote-not-on-page,drawing; Z axis marked on specimen
batch-44.csv#244,context,context,D-FLASH-ABS-Matte-TDS-EN,4,G027-16,ABS Matte Filament,impact,Attachment 1,,,,,,,printed,,,"ASTM D256 (ISO 179, GB/T 1043)",,Attachment 1: Testing Specimen Size and Printing Direction,"Impact testing specimen; ASTM D256 (ISO 179, GB/T 1043)",visual-only,agreed,,,reader-r1-44,high,no-held-rows-on-page-in-scope quote-not-on-page,drawing with 45.00° notch and Impact direction; table prints ISO 180 for Izod
batch-44.csv#260,context,context,D-FLASH-PA6-GF-TDS-EN,2,G051-07,PA6-GF20 Filament,all,Testing Specimen Printing Conditions,,,,,,,printed,,,,nozzle=270 °C; speed=150mm/s; nozzle diameter=0.4mm; infill=100%; pattern=Concentric,Testing Specimen Printing Conditions:,Testing Specimen Printing Conditions: | Test Equipment Flashforge Guider 3 Ultra | Nozzle Diameter 0.4mm | Nozzle Temperature 270 °C | Printing Speed 150mm/s | Infill Density 100% | Infill Pattern Concentric,text,not-required,,,reader-r1-44,high,no-held-rows-on-page-in-scope,test specimens are printed on a Flashforge Guider 3 Ultra; not a recommendation
batch-44.csv#277,context,context,D-FLASH-PA6-GF-TDS-EN,3,G051-07,PA6-GF20 Filament,all,Cautions,,,,,,,,,,,,Cautions:,"In order to prevent moisture absorption and contamination, supplied packaging should be kept closed and undamaged.",text,not-required,,,reader-r1-44,high,no-held-rows-on-page-in-scope,storage caution; no values
batch-44.csv#278,context,context,D-FLASH-PA6-GF-TDS-EN,4,G051-07,PA6-GF20 Filament,tensile,Attachment 1,,,,,,,printed,,,"ASTM D638 (ISO 527, GB/T 1040)",,Attachment 1: Testing Specimen Size and Printing Direction,"Tensile testing specimen; ASTM D638 (ISO 527, GB/T 1040)",visual-only,agreed,,,reader-r1-44,high,no-held-rows-on-page-in-scope quote-not-on-page,drawing; Z axis marked on specimen
batch-44.csv#279,context,context,D-FLASH-PA6-GF-TDS-EN,4,G051-07,PA6-GF20 Filament,flexural,Attachment 1,,,,,,,printed,,,"ASTMD790 (ISO 178, GB/T 9341)",,Attachment 1: Testing Specimen Size and Printing Direction,"Flexural testing specimen; ASTMD790 (ISO 178, GB/T 9341)",visual-only,agreed,,,reader-r1-44,high,no-held-rows-on-page-in-scope quote-not-on-page,drawing; Z axis marked on specimen
batch-44.csv#280,context,context,D-FLASH-PA6-GF-TDS-EN,4,G051-07,PA6-GF20 Filament,impact,Attachment 1,,,,,,,printed,,,"ASTM D256 (ISO 179, GB/T 1043)",,Attachment 1: Testing Specimen Size and Printing Direction,"Impact testing specimen; ASTM D256 (ISO 179, GB/T 1043)",visual-only,agreed,,,reader-r1-44,high,no-held-rows-on-page-in-scope quote-not-on-page,drawing with 45.00° notch and Impact direction; table prints ISO 180 for Izod
batch-44.csv#297,context,context,D-FLASH-PC-CF-TDS-EN,2,G037-05,PCCF10 Filament,all,Testing Specimen Printing Conditions,,,,,,,printed,,,,nozzle=250 °C; speed=250mm/s; nozzle diameter=0.4mm; infill=100%; pattern=Concentric,Testing Specimen Printing Conditions:,Testing Specimen Printing Conditions: | Test Equipment Flashforge Guider 3 Ultra | Nozzle Diameter 0.4mm | Nozzle Temperature 250 °C | Printing Speed 250mm/s | Infill Density 100% | Infill Pattern Concentric,text,not-required,,,reader-r1-44,high,no-held-rows-on-page-in-scope,test specimens are printed on a Flashforge Guider 3 Ultra; not a recommendation
batch-44.csv#313,context,context,D-FLASH-PC-CF-TDS-EN,3,G037-05,PCCF10 Filament,all,Cautions,,,,,,,,,,,,Cautions:,"In order to prevent moisture absorption and contamination, supplied packaging should be kept closed and undamaged.",text,not-required,,,reader-r1-44,high,no-held-rows-on-page-in-scope,storage caution; no values
batch-44.csv#314,context,context,D-FLASH-PC-CF-TDS-EN,4,G037-05,PCCF10 Filament,tensile,Attachment 1,,,,,,,printed,,,"ASTM D638 (ISO 527, GB/T 1040)",,Attachment 1: Testing Specimen Size and Printing Direction,"Tensile testing specimen; ASTM D638 (ISO 527, GB/T 1040)",visual-only,agreed,,,reader-r1-44,high,no-held-rows-on-page-in-scope quote-not-on-page,drawing; Z axis marked on specimen
batch-44.csv#315,context,context,D-FLASH-PC-CF-TDS-EN,4,G037-05,PCCF10 Filament,flexural,Attachment 1,,,,,,,printed,,,"ASTMD790 (ISO 178, GB/T 9341)",,Attachment 1: Testing Specimen Size and Printing Direction,"Flexural testing specimen; ASTMD790 (ISO 178, GB/T 9341)",visual-only,agreed,,,reader-r1-44,high,no-held-rows-on-page-in-scope quote-not-on-page,drawing; Z axis marked on specimen
batch-44.csv#316,context,context,D-FLASH-PC-CF-TDS-EN,4,G037-05,PCCF10 Filament,impact,Attachment 1,,,,,,,printed,,,"ASTM D256 (ISO 179, GB/T 1043)",,Attachment 1: Testing Specimen Size and Printing Direction,"Impact testing specimen; ASTM D256 (ISO 179, GB/T 1043)",visual-only,agreed,,,reader-r1-44,high,no-held-rows-on-page-in-scope quote-not-on-page,drawing with 45.00° notch and Impact direction; table prints ISO 180 for Izod
batch-44.csv#335,context-held,context,D-FLASH-PET-GF-TDS-EN,2,G068-01,PET-GF Filament,all,Testing Specimen Printing Conditions,,,,,,,printed,,,,nozzle=275 °C; speed=150mm/s; nozzle diameter=0.4mm; wall thickness=1.8mm; infill=100%,Testing Specimen Printing Conditions:,Testing Specimen Printing Conditions: | Test Equipment Flashforge Guider 3 Ultra | Nozzle Diameter 0.4mm | Nozzle Temperature 275 °C | Printing Speed 150mm/s | Wall Thickness 1.8mm | Infill 100%,text,not-required,PC00321,V005261(specimen),reader-r1-44,high,,test specimens are printed on a Flashforge Guider 3 Ultra; not a recommendation; refers to Appendix 1 (titled Attachment 1 on p4)
batch-44.csv#348,context-held,context,D-FLASH-PET-GF-TDS-EN,2,G068-01,PET-GF Filament,all,Cautions,,,,,,,,,,,,Cautions:,"In order to prevent moisture absorption and contamination, supplied packaging should be kept closed and undamaged.",text,not-required,PC00321,,reader-r1-44,high,,storage caution; no values
batch-44.csv#352,context,context,D-FLASH-PET-GF-TDS-EN,4,G068-01,PET-GF Filament,tensile,Attachment 1,,,,,,,printed,,,"ASTM D638 (ISO 527, GB/T 1040)",,Attachment 1: Testing Specimen Size and Printing Direction,"Tensile testing specimen; ASTM D638 (ISO 527, GB/T 1040)",visual-only,agreed,,,reader-r1-44,high,no-held-rows-on-page-in-scope quote-not-on-page,drawing; Z axis marked on specimen
batch-44.csv#353,context,context,D-FLASH-PET-GF-TDS-EN,4,G068-01,PET-GF Filament,flexural,Attachment 1,,,,,,,printed,,,"ASTMD790 (ISO 178, GB/T 9341)",,Attachment 1: Testing Specimen Size and Printing Direction,"Flexural testing specimen; ASTMD790 (ISO 178, GB/T 9341)",visual-only,agreed,,,reader-r1-44,high,no-held-rows-on-page-in-scope quote-not-on-page,drawing; Z axis marked on specimen
batch-44.csv#354,context,context,D-FLASH-PET-GF-TDS-EN,4,G068-01,PET-GF Filament,impact,Attachment 1,,,,,,,printed,,,"ASTM D256 (ISO 179, GB/T 1043)",,Attachment 1: Testing Specimen Size and Printing Direction,"Impact testing specimen; ASTM D256 (ISO 179, GB/T 1043)",visual-only,agreed,,,reader-r1-44,high,no-held-rows-on-page-in-scope quote-not-on-page,drawing with 45.00° notch and Impact direction; table prints ISO180 for Izod
batch-44.csv#367,context,context,D-FLASH-PETG-HS-TDS-EN,2,G020-23,HS PETG Filament,all,Testing Specimen Printing Conditions,,,,,,,printed,,,,nozzle diameter=0.4mm; parameter=0.02mm Standard @Flashforge AD5M 0.4 Nozzle; infill=100%; infill direction=45°,Testing Specimen Printing Conditions:,Testing Specimen Printing Conditions: | Test Equipment Adventurer 5M (Flashforge) | Nozzle Diameter 0.4mm | Printing Parameter 0.02mm Standard @Flashforge AD5M 0.4 Nozzle | Infill 100% | Infill Direction 45°,text,not-required,,,reader-r1-44,high,no-held-rows-on-page-in-scope,test specimens printed on an Adventurer 5M; no nozzle temperature stated for the specimens; not a recommendation
batch-44.csv#380,context,context,D-FLASH-PETG-HS-TDS-EN,3,G020-23,HS PETG Filament,all,Cautions,,,,,,,,,,,,Cautions:,"In order to prevent moisture absorption and contamination, supplied packaging should be kept closed and undamaged. For the same reason, partially used filaments should be re-sealed before storage.",text,not-required,,,reader-r1-44,high,no-held-rows-on-page-in-scope,storage and aging caution; page prints no drying temperature or time
batch-44.csv#381,context,context,D-FLASH-PETG-HS-TDS-EN,4,G020-23,HS PETG Filament,tensile,Attachment 1,,,,,,,printed,,,"ASTM D638 (ISO 527, GB/T 1040)",,Attachment 1: Testing Specimen Size and Printing Direction,"Tensile testing specimen; ASTM D638 (ISO 527, GB/T 1040)",text,not-required,,,reader-r1-44,high,no-held-rows-on-page-in-scope,drawing; Zaxis marked on specimen
batch-44.csv#382,context,context,D-FLASH-PETG-HS-TDS-EN,4,G020-23,HS PETG Filament,flexural,Attachment 1,,,,,,,printed,,,"ASTM D790 (ISO 178, GB/T 9341)",,Attachment 1: Testing Specimen Size and Printing Direction,"Flexural testing specimen; ASTM D790 (ISO 178, GB/T 9341)",text,not-required,,,reader-r1-44,high,no-held-rows-on-page-in-scope,drawing; Zaxis marked on specimen
batch-44.csv#383,context,context,D-FLASH-PETG-HS-TDS-EN,4,G020-23,HS PETG Filament,impact,Attachment 1,,,,,,,printed,,,"ASTM D256 (ISO 179, GB/T 1043)",,Attachment 1: Testing Specimen Size and Printing Direction,"Impact testing specimen; ASTM D256 (ISO 179, GB/T 1043)",text,not-required,,,reader-r1-44,high,no-held-rows-on-page-in-scope,drawing with 45.00° notch and Impact direction; table prints ISO 180 for Izod
batch-44.csv#397,context,context,D-FLASH-PLA-Crystal-TDS-EN,2,G001-52,PLA Crystal Filament,all,Testing Specimen Printing Conditions,,,,,,,printed,,,,nozzle=210 °C; speed=200mm/s; nozzle diameter=0.4mm; infill=100%; pattern=Concentric,Testing Specimen Printing Conditions:,Testing Specimen Printing Conditions: | Test Equipment Flashforge AD5X | Nozzle Diameter 0.4mm | Nozzle Temperature 210 °C | Printing Speed 200mm/s | Infill Density 100% | Infill Pattern Concentric,text,not-required,,,reader-r1-44,high,no-held-rows-on-page-in-scope,test specimens are printed on a Flashforge AD5X; not a recommendation
batch-44.csv#410,context,context,D-FLASH-PLA-Crystal-TDS-EN,3,G001-52,PLA Crystal Filament,all,Cautions,,,,,,,,,,,,Cautions:,"In order to prevent moisture absorption and contamination, supplied packaging should be kept closed and undamaged. For the same reason, partially used filaments should be re-sealed before storage.",text,not-required,,,reader-r1-44,high,no-held-rows-on-page-in-scope,storage and aging caution; page prints no drying temperature or time
batch-44.csv#411,context,context,D-FLASH-PLA-Crystal-TDS-EN,4,G001-52,PLA Crystal Filament,tensile,Attachment 1,,,,,,,printed,,,"ASTM D638 (ISO 527, GB/T 1040)",,Attachment 1: Testing Specimen Size and Printing Direction,"Tensile testing specimen; ASTM D638 (ISO 527, GB/T 1040)",visual-only,agreed,,,reader-r1-44,high,no-held-rows-on-page-in-scope quote-not-on-page,drawing; Z axis marked on specimen
batch-44.csv#412,context,context,D-FLASH-PLA-Crystal-TDS-EN,4,G001-52,PLA Crystal Filament,flexural,Attachment 1,,,,,,,printed,,,"ASTMD790 (ISO 178, GB/T 9341)",,Attachment 1: Testing Specimen Size and Printing Direction,"Flexural testing specimen; ASTMD790 (ISO 178, GB/T 9341)",visual-only,agreed,,,reader-r1-44,high,no-held-rows-on-page-in-scope quote-not-on-page,drawing; Z axis marked on specimen
batch-44.csv#413,context,context,D-FLASH-PLA-Crystal-TDS-EN,4,G001-52,PLA Crystal Filament,impact,Attachment 1,,,,,,,printed,,,"ASTM D256 (ISO 179, GB/T 1043)",,Attachment 1: Testing Specimen Size and Printing Direction,"Impact testing specimen; ASTM D256 (ISO 179, GB/T 1043)",visual-only,agreed,,,reader-r1-44,high,no-held-rows-on-page-in-scope quote-not-on-page,drawing with 45.00° notch and Impact direction; table prints ISO 180 for Izod
batch-44.csv#429,context,context,D-FLASH-PLA-HS-TDS-EN,2,G001-49,HS PLA Filament,all,Testing Specimen Printing Conditions,,,,,,,printed,,,,nozzle diameter=0.4mm; parameter=0.02mm Standard @Flashforge AD5M 0.4 Nozzle; infill=100%; infill direction=45°,Testing Specimen Printing Conditions:,Testing Specimen Printing Conditions: | Test Equipment Adventurer 5M (Flashforge) | Nozzle Diameter 0.4mm | Printing Parameter 0.02mm Standard @Flashforge AD5M 0.4 Nozzle | Infill 100% | Infill Direction 45° | Standard Testing Specimen Specific dimensions are shown in Attachment 1,text,not-required,,,reader-r1-44,high,no-held-rows-on-page-in-scope,test specimens printed on an Adventurer 5M; no nozzle temperature stated for the specimens
batch-44.csv#430,context,context,D-FLASH-PLA-HS-TDS-EN,2,G001-49,HS PLA Filament,all,Recommended Printing Conditions,,,,,,,,,,,,Recommended Printing Conditions:,Recommended Printing Conditions: | Nozzle Temperature Nozzle Temperature | Build Platform Temperature Build Platform Temperature | Support Material Support Material,text,not-required,,,reader-r1-44,high,no-held-rows-on-page-in-scope,the recommended-conditions table repeats each label in the value column and prints no values; no nozzle; bed; fan; speed or ambient setting is stated (held profile P0468 holds none)
batch-44.csv#431,context,context,D-FLASH-PLA-HS-TDS-EN,3,G001-49,HS PLA Filament,all,Cautions,,,,,,,,,,,,Cautions:,"In order to prevent moisture absorption and contamination, supplied packaging should be kept closed and undamaged. For the same reason, partially used filaments should be re-sealed before storage.",text,not-required,,,reader-r1-44,high,no-held-rows-on-page-in-scope,storage and aging caution; page prints no drying temperature or time
batch-44.csv#432,context,context,D-FLASH-PLA-HS-TDS-EN,4,G001-49,HS PLA Filament,tensile,Attachment 1,,,,,,,printed,,,"ASTM D638 (ISO 527, GB/T 1040)",,Attachment 1: Testing Specimen Size and Printing Direction,"Tensile testing specimen; ASTM D638 (ISO 527, GB/T 1040)",text,not-required,,,reader-r1-44,high,no-held-rows-on-page-in-scope,drawing; Zaxis marked on specimen
batch-44.csv#433,context,context,D-FLASH-PLA-HS-TDS-EN,4,G001-49,HS PLA Filament,flexural,Attachment 1,,,,,,,printed,,,"ASTM D790 (ISO 178, GB/T 9341)",,Attachment 1: Testing Specimen Size and Printing Direction,"Flexural testing specimen; ASTM D790 (ISO 178, GB/T 9341)",text,not-required,,,reader-r1-44,high,no-held-rows-on-page-in-scope,drawing; Zaxis marked on specimen
batch-44.csv#434,context,context,D-FLASH-PLA-HS-TDS-EN,4,G001-49,HS PLA Filament,impact,Attachment 1,,,,,,,printed,,,"ASTM D256 (ISO 179, GB/T 1043)",,Attachment 1: Testing Specimen Size and Printing Direction,"Impact testing specimen; ASTM D256 (ISO 179, GB/T 1043)",text,not-required,,,reader-r1-44,high,no-held-rows-on-page-in-scope,drawing with 45.00° notch and Impact direction; table prints ISO 180 for Izod
batch-44.csv#451,context,context,D-FLASH-PLA-LW-TDS-EN,3,G017-07,PLA LW Filament,all,Testing Specimen Printing Conditions,,,,,,,printed,,,,nozzle diameter=0.4mm; preset=0.02mm Standard @FF AD5X; infill=100%; pattern=Concentric,Testing Specimen Printing Conditions:,Testing Specimen Printing Conditions: | Test Equipment Flashforge AD5X | Slicing Software Orca-Flashforge V1.4.0 | Nozzle Diameter 0.4mm | Printing Preset 0.02mm Standard @FF AD5X | Infill Density 100% | Infill Pattern Concentric,text,not-required,,,reader-r1-44,high,no-held-rows-on-page-in-scope,test specimens printed on a Flashforge AD5X; no nozzle temperature stated for the specimens
batch-44.csv#466,context,context,D-FLASH-PLA-LW-TDS-EN,4,G017-07,PLA LW Filament,all,Cautions,,,,,,,,,,,,Cautions:,"In order to prevent moisture absorption and contamination, supplied packaging should be kept closed and undamaged. For the same reason, partially used filaments should be re-sealed before storage.",text,not-required,,,reader-r1-44,high,no-held-rows-on-page-in-scope,storage and aging caution; no values beyond the drying sentence on p1
batch-44.csv#467,context,context,D-FLASH-PLA-LW-TDS-EN,5,G017-07,PLA LW Filament,tensile,Attachment 1,,,,,,,printed,,,"ASTM D638 (ISO 527, GB/T 1040)",,Attachment 1: Testing Specimen Size and Printing Direction,"Tensile testing specimen; ASTM D638 (ISO 527, GB/T 1040)",visual-only,agreed,,,reader-r1-44,high,no-held-rows-on-page-in-scope quote-not-on-page,drawing; Z axis marked on specimen
batch-44.csv#468,context,context,D-FLASH-PLA-LW-TDS-EN,5,G017-07,PLA LW Filament,flexural,Attachment 1,,,,,,,printed,,,"ASTMD790 (ISO 178, GB/T 9341)",,Attachment 1: Testing Specimen Size and Printing Direction,"Flexural testing specimen; ASTMD790 (ISO 178, GB/T 9341)",visual-only,agreed,,,reader-r1-44,high,no-held-rows-on-page-in-scope quote-not-on-page,drawing; Z axis marked on specimen
batch-44.csv#469,context,context,D-FLASH-PLA-LW-TDS-EN,5,G017-07,PLA LW Filament,impact,Attachment 1,,,,,,,printed,,,"ASTM D256 (ISO 179, GB/T 1043)",,Attachment 1: Testing Specimen Size and Printing Direction,"Impact testing specimen; ASTM D256 (ISO 179, GB/T 1043)",visual-only,agreed,,,reader-r1-44,high,no-held-rows-on-page-in-scope quote-not-on-page,drawing with 45.00° notch and Impact direction; table prints ISO 180 for Izod
batch-45.csv#14,context,context,D-FLASH-PLA-Matte-TDS-EN,2,,,all,Testing Specimen Printing Conditions:,,,,,,,printed,,,,,Testing Specimen Printing Conditions,Testing Specimen Printing Conditions: | Test Equipment Guider IIs (Flashforge) | Nozzle Diameter 0.4mm | Nozzle Temperature 220 °C | Printing Speed 60mm/s | Wall Thickness 1.2mm | Infill 100%,text,not-required,,,reader-r1-45,high,no-held-rows-on-page-in-scope,heading and table describe how the test specimens were printed
batch-45.csv#35,context,context,D-FLASH-PLA-Matte-TDS-EN,4,,,tensile,Tensile testing specimen,,,,,,,,,,ASTM D638 (ISO 527; GB/T 1040),,Attachment 1: Testing Specimen Size and Printing Direction,"Tensile testing specimen; ASTM D638 (ISO 527, GB/T 1040)",text,not-required,,,reader-r1-45,high,no-held-rows-on-page-in-scope,drawing: specimen shown with layers stacked along Z axis
batch-45.csv#36,context,context,D-FLASH-PLA-Matte-TDS-EN,4,,,flexural,Flexural testing specimen,,,,,,,,,,ASTM D790 (ISO 178; GB/T 9341),,Attachment 1: Testing Specimen Size and Printing Direction,"Flexural testing specimen; ASTM D790 (ISO 178, GB/T 9341)",text,not-required,,,reader-r1-45,high,no-held-rows-on-page-in-scope,drawing: specimen shown with layers stacked along Z axis
batch-45.csv#37,context,context,D-FLASH-PLA-Matte-TDS-EN,4,,,impact,Impact testing specimen,,,,,,,,,,ASTM D256 (ISO 179; GB/T 1043),,Attachment 1: Testing Specimen Size and Printing Direction,"Impact testing specimen; ASTM D256 (ISO 179, GB/T 1043)",text,not-required,,,reader-r1-45,high,no-held-rows-on-page-in-scope,notched specimen 45.00° V-notch shown; page 1 Izod row cites ISO 180
batch-45.csv#51,context,context,D-FLASH-PLA-Multicolor-TDS-EN,2,,,all,Testing Specimen Printing Conditions:,,,,,,,printed,,,,,Testing Specimen Printing Conditions,Testing Specimen Printing Conditions: | Test Equipment Guider IIs (Flashforge) | Nozzle Diameter 0.4mm | Nozzle Temperature 210 °C | Printing Speed 60mm/s | Wall Thickness 1.2mm | Infill 100%,text,not-required,,,reader-r1-45,high,no-held-rows-on-page-in-scope,heading and table describe how the test specimens were printed
batch-45.csv#72,context,context,D-FLASH-PLA-Multicolor-TDS-EN,4,,,tensile,Tensile testing specimen,,,,,,,,,,ASTM D638 (ISO 527; GB/T 1040),,Attachment 1: Testing Specimen Size and Printing Direction,"Tensile testing specimen; ASTM D638 (ISO 527, GB/T 1040)",text,not-required,,,reader-r1-45,high,no-held-rows-on-page-in-scope,drawing: specimen shown with layers stacked along Z axis
batch-45.csv#73,context,context,D-FLASH-PLA-Multicolor-TDS-EN,4,,,flexural,Flexural testing specimen,,,,,,,,,,ASTM D790 (ISO 178; GB/T 9341),,Attachment 1: Testing Specimen Size and Printing Direction,"Flexural testing specimen; ASTM D790 (ISO 178, GB/T 9341)",text,not-required,,,reader-r1-45,high,no-held-rows-on-page-in-scope,drawing: specimen shown with layers stacked along Z axis
batch-45.csv#74,context,context,D-FLASH-PLA-Multicolor-TDS-EN,4,,,impact,Impact testing specimen,,,,,,,,,,ASTM D256 (ISO 179; GB/T 1043),,Attachment 1: Testing Specimen Size and Printing Direction,"Impact testing specimen; ASTM D256 (ISO 179, GB/T 1043)",text,not-required,,,reader-r1-45,high,no-held-rows-on-page-in-scope,notched specimen 45.00° V-notch shown; page 1 Izod row cites ISO 180
batch-45.csv#87,context,context,D-FLASH-PLA-Pro-TDS-EN,2,,,all,Testing Specimen Printing Conditions:,,,,,,,printed,,not annealed,,,Testing Specimen Printing Conditions,"Testing Specimen Printing Conditions: | Note: The above test parameter data are obtained from actual printing, and the printed model has not been annealed.",text,not-required,,,reader-r1-45,high,no-held-rows-on-page-in-scope,note under the test conditions table
batch-45.csv#108,context,context,D-FLASH-PLA-Pro-TDS-EN,4,,,tensile,Tensile testing specimen,,,,,,,,,,ASTM D638 (ISO 527; GB/T 1040),,Attachment 1: Testing Specimen Size and Printing Direction,"Tensile testing specimen; ASTM D638 (ISO 527, GB/T 1040)",text,not-required,,,reader-r1-45,high,no-held-rows-on-page-in-scope,drawing: specimen shown with layers stacked along Z axis
batch-45.csv#109,context,context,D-FLASH-PLA-Pro-TDS-EN,4,,,flexural,Flexural testing specimen,,,,,,,,,,ASTM D790 (ISO 178; GB/T 9341),,Attachment 1: Testing Specimen Size and Printing Direction,"Flexural testing specimen; ASTM D790 (ISO 178, GB/T 9341)",text,not-required,,,reader-r1-45,high,no-held-rows-on-page-in-scope,drawing: specimen shown with layers stacked along Z axis
batch-45.csv#110,context,context,D-FLASH-PLA-Pro-TDS-EN,4,,,impact,Impact testing specimen,,,,,,,,,,ASTM D256 (ISO 179; GB/T 1043),,Attachment 1: Testing Specimen Size and Printing Direction,"Impact testing specimen; ASTM D256 (ISO 179, GB/T 1043)",text,not-required,,,reader-r1-45,high,no-held-rows-on-page-in-scope,notched specimen 45.00° V-notch shown; page 1 Izod row cites ISO 180
batch-45.csv#123,context,context,D-FLASH-PLA-TDS-EN,2,,,all,Testing Specimen Printing Conditions:,,,,,,,printed,,not annealed,,,Testing Specimen Printing Conditions,"Testing Specimen Printing Conditions: | Note: The above test parameter data are obtained from actual printing, and the printed model has not been annealed.",text,not-required,,,reader-r1-45,high,no-held-rows-on-page-in-scope,note under the test conditions table
batch-45.csv#144,context,context,D-FLASH-PLA-TDS-EN,4,,,tensile,Tensile testing specimen,,,,,,,,,,ASTM D638 (ISO 527; GB/T 1040),,Attachment 1: Testing Specimen Size and Printing Direction,"Tensile testing specimen; ASTM D638 (ISO 527, GB/T 1040)",text,not-required,,,reader-r1-45,high,no-held-rows-on-page-in-scope,drawing: specimen shown with layers stacked along Z axis
batch-45.csv#145,context,context,D-FLASH-PLA-TDS-EN,4,,,flexural,Flexural testing specimen,,,,,,,,,,ASTM D790 (ISO 178; GB/T 9341),,Attachment 1: Testing Specimen Size and Printing Direction,"Flexural testing specimen; ASTM D790 (ISO 178, GB/T 9341)",text,not-required,,,reader-r1-45,high,no-held-rows-on-page-in-scope,drawing: specimen shown with layers stacked along Z axis
batch-45.csv#146,context,context,D-FLASH-PLA-TDS-EN,4,,,impact,Impact testing specimen,,,,,,,,,,ASTM D256 (ISO 179; GB/T 1043),,Attachment 1: Testing Specimen Size and Printing Direction,"Impact testing specimen; ASTM D256 (ISO 179, GB/T 1043)",text,not-required,,,reader-r1-45,high,no-held-rows-on-page-in-scope,notched specimen 45.00° V-notch shown; page 1 Izod row cites ISO 180
batch-45.csv#160,context,context,D-FLASH-PLA-Wood-TDS-EN,2,,,all,Testing Specimen Printing Conditions:,,,,,,,printed,,,,,Testing Specimen Printing Conditions,Testing Specimen Printing Conditions: | Test Equipment Guider IIs (Flashforge) | Nozzle Diameter 0.4mm | Nozzle Temperature 200 °C | Printing Speed 60mm/s | Wall Thickness 1.2mm | Infill 100%,text,not-required,,,reader-r1-45,high,no-held-rows-on-page-in-scope,heading and table describe how the test specimens were printed
batch-45.csv#181,context,context,D-FLASH-PLA-Wood-TDS-EN,4,,,tensile,Tensile testing specimen,,,,,,,,,,ASTM D638 (ISO 527; GB/T 1040),,Attachment 1: Testing Specimen Size and Printing Direction,"Tensile testing specimen; ASTM D638 (ISO 527, GB/T 1040)",text,not-required,,,reader-r1-45,high,no-held-rows-on-page-in-scope,drawing: specimen shown with layers stacked along Z axis
batch-45.csv#182,context,context,D-FLASH-PLA-Wood-TDS-EN,4,,,flexural,Flexural testing specimen,,,,,,,,,,ASTM D790 (ISO 178; GB/T 9341),,Attachment 1: Testing Specimen Size and Printing Direction,"Flexural testing specimen; ASTM D790 (ISO 178, GB/T 9341)",text,not-required,,,reader-r1-45,high,no-held-rows-on-page-in-scope,drawing: specimen shown with layers stacked along Z axis
batch-45.csv#183,context,context,D-FLASH-PLA-Wood-TDS-EN,4,,,impact,Impact testing specimen,,,,,,,,,,ASTM D256 (ISO 179; GB/T 1043),,Attachment 1: Testing Specimen Size and Printing Direction,"Impact testing specimen; ASTM D256 (ISO 179, GB/T 1043)",text,not-required,,,reader-r1-45,high,no-held-rows-on-page-in-scope,notched specimen 45.00° V-notch shown; page 1 Izod row cites ISO 180
batch-45.csv#198,context,context,D-FLASH-PVA-TDS-EN,2,,,all,Testing Specimen Printing Conditions:,,,,,,,printed,,,,,Testing Specimen Printing Conditions,Testing Specimen Printing Conditions: | Test Equipment Guider IIs (Flashforge) | Nozzle Diameter 0.4mm | Nozzle Temperature 220 °C | Printing Speed 60mm/s | Wall Thickness 1.2mm | Infill 100%,text,not-required,,,reader-r1-45,high,no-held-rows-on-page-in-scope,heading and table describe how the test specimens were printed
batch-45.csv#218,context,context,D-FLASH-PVA-TDS-EN,4,,,tensile,Tensile testing specimen,,,,,,,,,,ASTM D638 (ISO 527; GB/T 1040),,Attachment 1: Testing Specimen Size and Printing Direction,"Tensile testing specimen; ASTM D638 (ISO 527, GB/T 1040)",text,not-required,,,reader-r1-45,high,no-held-rows-on-page-in-scope,drawing: specimen shown with layers stacked along Z axis
batch-45.csv#219,context,context,D-FLASH-PVA-TDS-EN,4,,,flexural,Flexural testing specimen,,,,,,,,,,ASTM D790 (ISO 178; GB/T 9341),,Attachment 1: Testing Specimen Size and Printing Direction,"Flexural testing specimen; ASTM D790 (ISO 178, GB/T 9341)",text,not-required,,,reader-r1-45,high,no-held-rows-on-page-in-scope,drawing: specimen shown with layers stacked along Z axis
batch-45.csv#220,context,context,D-FLASH-PVA-TDS-EN,4,,,impact,Impact testing specimen,,,,,,,,,,ASTM D256 (ISO 179; GB/T 1043),,Attachment 1: Testing Specimen Size and Printing Direction,"Impact testing specimen; ASTM D256 (ISO 179, GB/T 1043)",text,not-required,,,reader-r1-45,high,no-held-rows-on-page-in-scope,notched specimen 45.00° V-notch shown; page 1 Izod row cites ISO 180
batch-45.csv#233,context,context,D-FLASH-TPU-TDS-EN,2,,,all,Testing Specimen Printing Conditions:,,,,,,,printed,,,,,Testing Specimen Printing Conditions,Testing Specimen Printing Conditions: | Test Equipment Adventurer 5M (Flashforge) | Nozzle Diameter 0.6mm | Nozzle Temperature 230 °C | Printing Speed 150mm/s | Wall Thickness 1.2mm | Infill 100%,text,not-required,,,reader-r1-45,high,no-held-rows-on-page-in-scope,heading and table describe how the test specimens were printed
batch-45.csv#255,context,context,D-FLASH-TPU-TDS-EN,4,,,tensile,Tensile testing specimen,,,,,,,,,,ASTM D638 (ISO 527; GB/T 1040),,Attachment 1: Testing Specimen Size and Printing Direction,"Tensile testing specimen; ASTM D638 (ISO 527, GB/T 1040)",text,not-required,,,reader-r1-45,high,no-held-rows-on-page-in-scope,drawing: specimen shown with layers stacked along Z axis
batch-45.csv#256,context,context,D-FLASH-TPU-TDS-EN,4,,,flexural,Flexural testing specimen,,,,,,,,,,ASTM D790 (ISO 178; GB/T 9341),,Attachment 1: Testing Specimen Size and Printing Direction,"Flexural testing specimen; ASTM D790 (ISO 178, GB/T 9341)",text,not-required,,,reader-r1-45,high,no-held-rows-on-page-in-scope,drawing: specimen shown with layers stacked along Z axis
batch-45.csv#257,context,context,D-FLASH-TPU-TDS-EN,4,,,impact,Impact testing specimen,,,,,,,,,,ASTM D256 (ISO 179; GB/T 1043),,Attachment 1: Testing Specimen Size and Printing Direction,"Impact testing specimen; ASTM D256 (ISO 179, GB/T 1043)",text,not-required,,,reader-r1-45,high,no-held-rows-on-page-in-scope,notched specimen 45.00° V-notch shown; page 1 Izod row cites ISO 180
batch-45.csv#274,context,context,R-FLASHFORGE-ASA-GF10-TDS,2,,,all,Testing Specimen Printing Conditions:,,,,,,,printed,,,,,Testing Specimen Printing Conditions,Testing Specimen Printing Conditions: | Test Equipment Flashforge Guider 3 Ultra | Nozzle Diameter 0.4mm | Nozzle Temperature 250 °C | Printing Speed 200mm/s | Infill Density 100% | Infill Pattern Concentric,text,not-required,,,reader-r1-45,high,no-held-rows-on-page-in-scope,heading and table describe how the test specimens were printed
batch-45.csv#297,context,context,R-FLASHFORGE-ASA-GF10-TDS,4,,,tensile,Tensile testing specimen,,,,,,,,,,ASTM D638 (ISO 527; GB/T 1040),,Attachment 1: Testing Specimen Size and Printing Direction,"Tensile testing specimen; ASTM D638 (ISO 527, GB/T 1040)",visual-only,agreed,,,reader-r1-45,high,no-held-rows-on-page-in-scope quote-not-on-page,drawing: specimen shown with layers stacked along Z axis
batch-45.csv#298,context,context,R-FLASHFORGE-ASA-GF10-TDS,4,,,flexural,Flexural testing specimen,,,,,,,,,,ASTM D790 (ISO 178; GB/T 9341),,Attachment 1: Testing Specimen Size and Printing Direction,"Flexural testing specimen; ASTMD790 (ISO 178, GB/T 9341)",visual-only,agreed,,,reader-r1-45,high,no-held-rows-on-page-in-scope quote-not-on-page,drawing: layers stacked along Z axis; sheet prints ASTMD790 without a space
batch-45.csv#299,context,context,R-FLASHFORGE-ASA-GF10-TDS,4,,,impact,Impact testing specimen,,,,,,,,,,ASTM D256 (ISO 179; GB/T 1043),,Attachment 1: Testing Specimen Size and Printing Direction,"Impact testing specimen; ASTM D256 (ISO 179, GB/T 1043)",visual-only,agreed,,,reader-r1-45,high,no-held-rows-on-page-in-scope quote-not-on-page,notched specimen 45.00° V-notch shown; page 1 Izod rows cite ISO 180
batch-45.csv#304,context,context,D-FORMFUTURA-REFORM-RPET-PAGE,1,,,all,General printing guidelines*,,,,,,,,,,,,General printing guidelines,General printing guidelines* | * ) Above displayed settings are meant as guidance to find your optimal print settings.,text,not-required,,,reader-r1-45,high,no-held-rows-on-page-in-scope,footnote says ranges are guidance and may be exceeded
batch-45.csv#318,context,context,D-FORMFUTURA-REFORM-RTITAN-PAGE,1,,,all,General printing guidelines *,,,,,,,,,,,,General printing guidelines,General printing guidelines * | * ) Above displayed settings are meant as guidance to find your optimal print settings.,text,not-required,,,reader-r1-45,high,no-held-rows-on-page-in-scope,footnote says ranges are guidance and may be exceeded
batch-45.csv#335,context,context,S-PET-formfutura-tds-apollox2024,1,,,all,Recommended print settings regular speed,,,,,,,,,,,,Recommended print settings regular speed,Recommended print settings regular speed,text,not-required,,,reader-r1-45,high,,heading above print speed / nozzle / bed / fan rows
batch-45.csv#389,context,context,S-PET-formfutura-tds-easyfilabs-glowinthedark,1,,,all,Recommended print settings regular speed,,,,,,,,,,,,Recommended print settings regular speed,Recommended print settings regular speed,text,not-required,,,reader-r1-45,high,,heading above print speed / nozzle / bed / fan rows
batch-45.csv#459,context,context,S-PET-formfutura-tds-reformrapollo,1,,,all,Recommended print settings regular speed,,,,,,,,,,,,Recommended print settings regular speed,Recommended print settings regular speed,text,not-required,,,reader-r1-45,high,,heading above print speed / nozzle / bed / fan rows
batch-47.csv#56,context,context,S-PET-TDS-ReFill-PETG,1,,,all,Typical values,,,,,,,,,,,,Material Properties,This data provided for those properties are typical values and should not be construed as sales specifications.,text,not-required,,,reader-r1-47,high,,no test conditions stated for the table
batch-47.csv#64,context,context,S-PET-TDS-ReFill-PLA,1,,,all,Typical values,,,,,,,,,,,,Material Properties,This data provided for those properties are typical values and should not be construed as sales specifications.,text,not-required,,,reader-r1-47,high,,no test conditions stated for the table
batch-47.csv#222,context,context,S-PET-TDS-Volcano-PLA,1,,,physical,Melt flow rate footnote,,,,,,,,,,,,Physical,"* Higher melt flow rate at a higher printing temperature (240°C ±10°C), which increases the printing speed capabilities.",text,not-required,,,reader-r1-47,high,,footnote to the melt flow rate row
batch-47.csv#241,context,context,R-GRUPA-AZOTY-TARFUSE-POM-TDS,2,,,all,Print processing parameters (specimens),Nozzle temperature 230°C; Build chamber temperature 70°C; Bed temperature 130°C; Nozzle diameter 0.4 mm; Layer 0.2 mm; Filling 100%; 45º/45º,,,,,,printed,,,,nozzle=230 °C; chamber=70 °C; bed=130 °C; nozzle diameter=0.4 mm; layer=0.2 mm; infill=100% 45/45,Mechanical Properties,Print processing parameters: | Nozzle temperature 230°C | Build chamber temperature 70°C | Bed temperature 130°C | Nozzle diameter 0.4 mm | Layer 0.2 mm | Filling 100%; 45º/45º,text,not-required,,V013294(specimen) V013295(specimen) V013296(specimen),reader-r1-47,medium,,block below the tables; not labelled as the test specimens but the only print parameters given beside the property tables; not recorded as settings
batch-47.csv#242,context,context,R-GRUPA-AZOTY-TARFUSE-POM-TDS,2,,,all,Test temperature,Tests were performed at 23°C unless otherwise specified,,,,,,,,,,temp=23 °C,Mechanical Properties,"Tests were performed at 23°C, unless otherwise specified.",text,not-required,,,reader-r1-47,high,,footnote under the mechanical table
batch-48.csv#35,context,context,I-ESD-ABS-TDS,1,,ESD-ABS,all,Sample Printing Parameters,,,,,,,printed,,,,,,"Sample Printing Parameters: Sample Thickness 2mm, Nozzle Diameter 0.4mm, Bottom Plate Heating 80°C, Printing Speed 30-100mm/s, Filling Rate 100%, Filling Angle ±45°",text,not-required,,V000604(specimen) V000605(specimen) V000606(specimen) V000607(specimen) V000608(specimen) V000609(specimen) V000610(specimen) V000611(specimen) V002186(specimen) V002187(specimen) V002188(specimen) V002189(specimen),reader-r1-48,high,,footnote at foot of table states how samples were printed; thickness=2mm; infill 100%; angle ±45°
batch-48.csv#54,context,context,I-ESD-ABS-TDS,1,,ESD-ABS,all,Test Method (Anti-Static),ANSI ESD S11.11,,,,,,,,,ANSI ESD S11.11,,Surface Resistivity,Test Method (Anti-Static) | ANSI ESD S11.11,text,not-required,,,reader-r1-48,high,,
batch-48.csv#75,context,context,I-PA6-CF-TDS,1,,PA6 CF,all,Footnote,,,,,,,,,,,,,* The above data are typical values and should not be interpreted as technical indicators for judging quality.,text,not-required,,,reader-r1-48,high,,
batch-48.csv#87,context,context,I-PC-CF-TDS,1,,PC CF,all,Footnote,,,,,,,,,,,,,* The above data are typical values and should not be interpreted as technical indicators for judging quality.,text,not-required,,,reader-r1-48,high,,
batch-48.csv#144,context,context,I-PLA-ABS-GF-TDS,1,,ABS,all,脚注,,,,,,,,,,,,,﹡以上数据为典型值，不应解释为判定质量的技术指标,text,not-required,,,reader-r1-48,high,,footnote: data are typical values
batch-48.csv#201,context,context,I-PLA-ASA-TDS,1,,ASA,all,Footnote,,,,,,,,,,,,,* The above data are typical values and should not be interpreted as technical indicators for judging quality.,text,not-required,,,reader-r1-48,high,,
batch-48.csv#213,context,context,I-PLA-HS-PLA-Matte-TDS,1,,HS PLA Matte,all,Footnote,,,,,,,,,,,,,* The above data are typical values and should not be interpreted as technical indicators for judging quality.,text,not-required,,,reader-r1-48,high,,
batch-48.csv#231,context,context,I-PLA-HS-PLA-TDS,1,,HS - PLA,all,Footnote,,,,,,,,,,,nozzle diameter=0.4mm,,*The above recommended print settings are based on a 0.4mm print head and Creality Pint slicing software. The best print results may vary depending on the nozzle diameter.,text,not-required,,,reader-r1-48,high,,applies to the print settings rows
batch-48.csv#235,context-held,context,I-PLA-Light-Weight-PLA-TDS,1,,Light Weight PLA,physical,Filament Physical Properties,,,,,,,filament,,,,,Filament Physical Properties,Filament Physical Properties,text,not-required,PC00323,V009899(specimen),reader-r1-48,high,,heading over the density/Tg/melt index/Vicat table
batch-48.csv#240,context,context,I-PLA-Light-Weight-PLA-TDS,2,,Light Weight PLA,tensile,Mechanical Properties of Printed Specimens,,,,,,,printed,,,ISO 527,,Mechanical Properties of Printed Specimens,Mechanical Properties of Printed Specimens,text,not-required,,,reader-r1-48,high,,
batch-48.csv#241,context,context,I-PLA-Light-Weight-PLA-TDS,2,,Light Weight PLA,impact,Mechanical Properties of Printed Specimens,,,,,,,printed,,,ISO 179,,Mechanical Properties of Printed Specimens,Mechanical Properties of Printed Specimens,text,not-required,,,reader-r1-48,high,,
batch-48.csv#242,context,context,I-PLA-Light-Weight-PLA-TDS,2,,Light Weight PLA,all,Footnote,,,,,,,printed,,,,nozzle size=0.4mm; nozzle temp=230°C; bed temp=50°C; print speed=45mm/s; infill=100%; infill angle=±45°,,"Specimens printed under the following conditions: Nozzle size 0.4mm，Nozzle temp 230°C, Bed temp 50°C, Print speed 45mm/s, Infill 100%, Infill angle ±45°",text,not-required,,,reader-r1-48,high,,
batch-48.csv#266,context,context,I-PLA-Light-Weight-PLA-TDS,3,,Light Weight PLA,all,Other sugggestions,,,,,,,,,,,,Other sugggestions,it is recommended to turn off the retraction setting,text,not-required,,,reader-r1-48,high,no-held-rows-on-page-in-scope,foaming filament continues to expand in the nozzle so stringing is unavoidable; retraction off recommended
batch-48.csv#271,context,context,I-PLA-PA12-CF-TDS,1,,PA12CF,tensile,Mechanical Properties by injection molding,,,,,,,injection moulded,At 23°C / 50% RH,,,,Mechanical Properties by injection molding,Mechanical Properties by injection molding | At 23°C / 50% RH,text,not-required,,,reader-r1-48,high,contradicts:V009884:moisture contradicts:V009885:moisture contradicts:V009886:moisture,rows say Dry while heading says 23°C / 50% RH
batch-48.csv#272,context,context,I-PLA-PA12-CF-TDS,1,,PA12CF,flexural,Mechanical Properties by injection molding,,,,,,,injection moulded,At 23°C / 50% RH,,,,Mechanical Properties by injection molding,Mechanical Properties by injection molding | At 23°C / 50% RH,text,not-required,,,reader-r1-48,high,contradicts:V009887:moisture contradicts:V009888:moisture contradicts:V009891:moisture contradicts:V009892:moisture contradicts:V009893:moisture contradicts:V009894:moisture,
batch-48.csv#273,context,context,I-PLA-PA12-CF-TDS,1,,PA12CF,impact,Mechanical Properties by injection molding,,,,,,,injection moulded,At 23°C / 50% RH,,,,Mechanical Properties by injection molding,Mechanical Properties by injection molding | At 23°C / 50% RH,text,not-required,,,reader-r1-48,high,contradicts:V009889:moisture contradicts:V009890:moisture contradicts:V009895:moisture contradicts:V009896:moisture,
batch-48.csv#282,context,context,I-PLA-PA12-CF-TDS,1,,PA12CF,flexural,Mechanical Properties by 3D printed,,,,,,,printed,Dry,,,,Mechanical Properties by 3D printed,"Mechanical Properties by 3D printed | At 270-290 ℃ print temperature, heat bed 80℃； 100% filling by 100mm/s)",text,not-required,,,reader-r1-48,high,,print temperature 270-290 ℃; heat bed 80℃; 100% filling; 100mm/s
batch-48.csv#283,context,context,I-PLA-PA12-CF-TDS,1,,PA12CF,impact,Mechanical Properties by 3D printed,,,,,,,printed,Dry,,,,Mechanical Properties by 3D printed,"Mechanical Properties by 3D printed | At 270-290 ℃ print temperature, heat bed 80℃； 100% filling by 100mm/s)",text,not-required,,,reader-r1-48,high,,
batch-48.csv#312,context,context,I-PLA-PAHT-CF-TDS,1,,PAHT CF,all,Footnote,,,,,,,,,,,,,* The above data are typical values and should not be interpreted as technical indicators for judging quality.,text,not-required,,,reader-r1-48,high,,
batch-48.csv#325,context,context,I-PLA-PDS-TDS,1,,PDS,all,Footnote,,,,,,,,,,,,,﹡The above data are typical values and should not be interpreted as technical indicators for judging quality,text,not-required,,,reader-r1-48,high,,
batch-48.csv#339,context,context,I-PLA-PETG-CF-TDS,1,,PETG CF,all,Footnote,,,,,,,,,,,,,* The above data are typical values and should not be interpreted as technical indicators for judging quality.,text,not-required,,,reader-r1-48,high,,
batch-48.csv#348,context,context,I-PLA-PLA-i5-TDS,1,,PLA i5+,all,Footnote,,,,,,,,,,,,,* The above data are typical values and should not be interpreted as technical indicators for judging quality.,text,not-required,,,reader-r1-48,high,,
batch-48.csv#352,context,context,I-PLA-PLA-Wood-TDS,1,,PLA Wood,physical,Granules,,,,,,,granules,,,,,Typical Properties,"Granules | [1] Tested with freshly blowing film, not to be construe as specifications.",text,not-required,,V009921(specimen) V009922(specimen),reader-r1-48,medium,,rows sit under the sub-heading Granules; footnote 1 says tested with freshly blowing film; footnote 2 says values are for referential purpose only
batch-48.csv#361,context,context,I-PLA-PLA-Wood-TDS,2,,PLA Wood,all,Processing parameters,,,,,,,,,,,,Processing Conditions,"Processing parameters : | [1] The data sheet is just for reference. In actual process, the parameter should be adjusted.",text,not-required,,,reader-r1-48,high,,extruder processing settings for the resin; reference only
batch-48.csv#457,context,context,R-3DJAKE-KINGROON-PETG-Basic-Technical-Data-Sheet-V1-0,3,,PETG Basic,all,Specimen Test,,,,,,,printed,dried 65 °C 8 h,annealed 65 °C 8 h,,nozzle=255 °C; bed=70 °C; speed=150 mm/s; infill=100%,Specimen Printing Conditions,"All the specimens were printed at the following settings: Nozzle Temperature = 255 °C, Printing Speed = 150 mm/s, Bed Temperature = 70 °C, Infill Density = 100%. All the specimens were annealed and dried at 65 °C for 8 h before testing.",text,not-required,,,reader-r1-48,high,no-held-rows-on-page-in-scope,covers the mechanical rows on page 2 (and by its wording the physical rows too)
batch-48.csv#543,context,context,R-3DJAKE-KINGROON-PLA-Basic-Technical-Data-Sheet-V1-0,3,,PLA Basic,all,Specimen Test,,,,,,,printed,,,,nozzle=220 °C; bed=35 °C; speed=200 mm/s; infill=100%,Specimen Printing Conditions,Specimen Test | Specimen Printing Conditions | Nozzle Temperature 220 °C | Bed Temperature 35 °C | Printing Speed 200 mm/s | Infill Density 100%,visual-only,agreed,,,reader-r1-48,high,no-held-rows-on-page-in-scope quote-not-on-page,no drying or annealing statement on this sheet
batch-48.csv#548,context,context,R-3DJAKE-KINGROON-PLA-Basic-Technical-Data-Sheet-V1-0,3,,PLA Basic,all,Disclaimer,,,,,,,,,,,,,"The performance values are tested by standard samples at KINGROON, and the values are for design reference and comparison only.",text,not-required,,,reader-r1-48,high,no-held-rows-on-page-in-scope,
batch-48.csv#579,context,context,R-3DJAKE-KINGROON-TPU-95A-Technical-Data-Sheet-V1-0,2,,TPU 90A,all,Specimen Test,,,,,,,printed,dried 70 °C 12 h,,,nozzle=225 °C; speed=34 mm/s; bed=35 °C; infill=100%,Specimen Printing Conditions,"Before testing, all specimens were dried at 70 °C for 12 hours.",visual-only,disagrees,,"V013390(moisture=dry,specimen) V013391(moisture=dry,specimen) V013392(moisture=dry,specimen)",reader-r1-48,high,quote-not-on-page,statement is on page 3 (the page 2 rows below inherit it); annealing is not recommended for TPU prints
batch-48.csv#608,context,context,R-3DJAKE-KINGROON-TPU-95A-Technical-Data-Sheet-V1-0,3,,TPU 90A,all,Specimen Test,,,,,,,printed,dried 70 °C 12 h,,,nozzle=225 °C; speed=34 mm/s; bed=35 °C; infill=100%,Specimen Printing Conditions,"All KINGROON TPU test specimens were printed with the following settings: nozzle temperature 225 °C, printing speed 34 mm/s, bed temperature 35 °C, and 100% infill density. Before testing, all specimens were dried at 70 °C for 12 hours. Annealing is not recommended for TPU prints",text,not-required,,,reader-r1-48,high,no-held-rows-on-page-in-scope,
batch-49.csv#10,context-held,context,S-PET-TDS-LUVOCOM-3F-PAHT-CF-9891-BK,1,,,tensile,Mechanical properties at 23°C / 50% rh,,,,,,,,dry,,ISO 527,temp=23°C; humidity=50% rh,Mechanical properties at 23°C / 50% rh,Mechanical properties at 23°C / 50% rh,text,not-required,PC00080,,reader-r1-49-b,high,,rows labelled dry
batch-49.csv#11,context-held,context,S-PET-TDS-LUVOCOM-3F-PAHT-CF-9891-BK,1,,,impact,Mechanical properties at 23°C / 50% rh,,,,,,,,dry,,ISO 179,temp=23°C; humidity=50% rh,Mechanical properties at 23°C / 50% rh,Mechanical properties at 23°C / 50% rh,text,not-required,PC00081,,reader-r1-49-b,high,,rows labelled dry
batch-49.csv#43,context,context,S-PET-TDS-LUVOCOM-3F-PP-CF-9928-BK,1,,,tensile,Mechanical properties at 23°C / 50% rh,,,,,,,,dry,,ISO 527,temp=23°C; humidity=50% rh,Mechanical properties at 23°C / 50% rh,Mechanical properties at 23°C / 50% rh,text,not-required,,,reader-r1-49-b,high,,rows labelled dry
batch-49.csv#44,context,context,S-PET-TDS-LUVOCOM-3F-PP-CF-9928-BK,1,,,flexural,Mechanical properties at 23°C / 50% rh,,,,,,,,dry,,ISO 178,temp=23°C; humidity=50% rh,Mechanical properties at 23°C / 50% rh,Mechanical properties at 23°C / 50% rh,text,not-required,,,reader-r1-49-b,high,,rows labelled dry
batch-49.csv#45,context,context,S-PET-TDS-LUVOCOM-3F-PP-CF-9928-BK,1,,,impact,Mechanical properties at 23°C / 50% rh,,,,,,,,dry,,ISO 179,temp=23°C; humidity=50% rh,Mechanical properties at 23°C / 50% rh,Mechanical properties at 23°C / 50% rh,text,not-required,,,reader-r1-49-b,high,,rows labelled dry
batch-49.csv#72,context,context,R-MARKFORGED-Precise-PLA-TDS-REV-3-11-22,1,,P-PLA,all,Test Specimens,,,,,,,printed,,,,,Test Specimens,All data were provided by an accredited 3rd party test facility. These represent typical values. | Markforged test plaques are uniquely designed to maximize test performance. Plastic test plaques are printed with full infill.,text,not-required,,,reader-r1-49-b,medium,,test plaques printed with full infill
batch-49.csv#73,context,context,R-MARKFORGED-Precise-PLA-TDS-REV-3-11-22,1,,P-PLA,tensile,Dimensions and construction of test specimens,,,,,,,printed,,,ASTM D638 type I,,Dimensions and construction of test specimens,Tensile: ASTM D638 type I beams,text,not-required,,,reader-r1-49-b,high,,
batch-49.csv#74,context,context,R-MARKFORGED-Precise-PLA-TDS-REV-3-11-22,1,,P-PLA,flexural,Dimensions and construction of test specimens,,,,,,,printed,,,,specimen=4.5 in (L) x 0.4 in (W) x 0.12 in (H); mode=3-pt. Bending,Dimensions and construction of test specimens,"Flexural: 3-pt. Bending, 4.5 in (L) x 0.4 in (W) x 0.12 in (H)",text,not-required,,,reader-r1-49-b,high,,
batch-49.csv#75,context,context,R-MARKFORGED-Precise-PLA-TDS-REV-3-11-22,1,,P-PLA,thermal,Dimensions and construction of test specimens,,,,,,,printed,,,ASTM D648-07 Method B,load=0.45 MPa,Dimensions and construction of test specimens,"Heat-deflection temperature at 0.45 MPa, 66 psi (ASTM D648-07 Method B)",text,not-required,,,reader-r1-49-b,high,no-held-rows-on-page-in-scope,
batch-49.csv#141,context,context,R-MATTERHACKERS-eZ4iY1,1,,NylonG,all,TEST METHOD - ISO,,,,,,,,,,,,Material Specifications,PROPERTY VALUE TEST METHOD - ISO,text,not-required,,,reader-r1-49-b,medium,,test method column is headed ISO and prints bare numbers (1183 11357 527 ...)
batch-49.csv#179,context,context,R-MATTERHACKERS-PRINT-20260928-9046b58e8a43,1,,PRO Series Nylon,all,Mechanical Properties that are Tuned for Performance,,,,,,,,,,"ASTM 638 and D790 or ISO 527-1, 527-2, and 178",,Mechanical Properties that are Tuned for Performance,"MatterHackers PRO Series materials are tested and measured using ASTM 638 and D790 or ISO 527-1, 527-2, and 178.",text,not-required,,,reader-r1-49-b,medium,,general statement of in-house test methods; no values on the page
batch-50.csv#37,context,context,R-MATTERHACKERS-PRO-SERIES-XKjoeP,2,,,all,Disclaimer,,,,,,,,,,,,Disclaimer,The data presented herein is intended for reference purposes only and should not be used as an authoritative source of information for design decisions or quality control purposes.,text,not-required,,,reader-r1-50,high,,legal disclaimer; states no test conditions
batch-50.csv#56,context,context,R-MATTERHACKERS-PRO-SERIES-XNT7Rt,2,,,all,Disclaimer,,,,,,,,,,,,Disclaimer,The data presented herein is intended for reference purposes only and should not be used as an authoritative source of information for design decisions or quality control purposes.,text,not-required,,,reader-r1-50,high,,legal disclaimer; states no test conditions
batch-50.csv#94,context,context,R-NANOVIA-ABS-CF,1,,,tensile,Tensile 0°,,,,,,0°,printed,,,ISO 527-2/1A,rate=1 mm/min,Mechanical properties / Tensile,"Test performed at 1mm/min on 3D printed test specimins at 0°, along with the tension stress.",text,not-required,,,reader-r1-50,high,,heading above the first tensile block
batch-50.csv#95,context,context,R-NANOVIA-ABS-CF,1,,,tensile,Tensile 45°/-45°,,,,,,45°/-45°,printed,,,ISO 527-2/1A,rate=1 mm/min,Mechanical properties / Tensile,Test performed at 1mm/min on 3D printed test specimins successively at 45° and -45° per layer.,text,not-required,,,reader-r1-50,high,,heading above the second tensile block
batch-50.csv#96,context,context,R-NANOVIA-ABS-CF,1,,,tensile,Tensile 90°,,,,,,90°,printed,,,ISO 527-2/1A,rate=1 mm/min,Mechanical properties / Tensile,"Test performed at 1mm/min on 3D printed test specimins at 90°, oposite to the tension stress.",text,not-required,,,reader-r1-50,high,,heading above the third tensile block
batch-50.csv#124,context,context,R-NANOVIA-ABS-EF,1,,,tensile,Tensile 0°,,,,,,0°,printed,,,ISO 527-2/1A,rate=1 mm/min,Mechanical properties / Tensile,"Test performed at 1mm/min on 3D printed test specimins at 0°, along with the tension stress.",text,not-required,,,reader-r1-50,high,,
batch-50.csv#125,context,context,R-NANOVIA-ABS-EF,1,,,tensile,Tensile 45°/-45°,,,,,,45°/-45°,printed,,,ISO 527-2/1A,rate=1 mm/min,Mechanical properties / Tensile,Test performed at 1mm/min on 3D printed test specimins successively at 45° and -45° per layer.,text,not-required,,,reader-r1-50,high,,
batch-50.csv#126,context,context,R-NANOVIA-ABS-EF,1,,,tensile,Tensile 90°,,,,,,90°,printed,,,ISO 527-2/1A,rate=1 mm/min,Mechanical properties / Tensile,"Test performed at 1mm/min on 3D printed test specimins at 90°, oposite to the tension stress.",text,not-required,,,reader-r1-50,high,,
batch-50.csv#154,context,context,R-NANOVIA-ABS-ESD,1,,,tensile,Tensile 45°/-45°,,,,,,45°/-45°,printed,,,ISO 527-2/1A,rate=1 mm/min,Mechanical properties / Tensile,Test performed at 1mm/min on 3D printed test specimins successively at 45° and -45° per layer.,text,not-required,,,reader-r1-50,high,,
batch-50.csv#155,context,context,R-NANOVIA-ABS-ESD,1,,,tensile,Tensile 90°,,,,,,90°,printed,,,ISO 527-2/1A,rate=1 mm/min,Mechanical properties / Tensile,"Test performed at 1mm/min on 3D printed test specimins at 90°, oposite to the tension stress.",text,not-required,,,reader-r1-50,high,,
batch-50.csv#226,context,context,R-NANOVIA-HIPS,1,,,tensile,Tensile 0°,,,,,,0°,printed,,,ISO 527-2/1A,rate=1 mm/min,Mechanical properties / Tensile,"Test performed at 1mm/min on 3D printed test specimins at 0°, along with the tension stress.",text,not-required,,,reader-r1-50,high,,
batch-50.csv#227,context,context,R-NANOVIA-HIPS,1,,,tensile,Tensile 45°/-45°,,,,,,45°/-45°,printed,,,ISO 527-2/1A,rate=1 mm/min,Mechanical properties / Tensile,Test performed at 1mm/min on 3D printed test specimins successively at 45° and -45° per layer.,text,not-required,,,reader-r1-50,high,,
batch-50.csv#253,context,context,R-NANOVIA-PA-6-CF,1,,,tensile,Tensile 0°,,,,,,0°,printed,,,ISO 527-2/1A,rate=1 mm/min,Mechanical properties / Tensile,"Test performed at 1mm/min on 3D printed test specimins at 0°, along with the tension stress.",text,not-required,,,reader-r1-50,high,,
batch-50.csv#254,context,context,R-NANOVIA-PA-6-CF,1,,,tensile,Tensile 45°/-45°,,,,,,45°/-45°,printed,,,ISO 527-2/1A,rate=1 mm/min,Mechanical properties / Tensile,Test performed at 1mm/min on 3D printed test specimins successively at 45° and -45° per layer.,text,not-required,,,reader-r1-50,high,,
batch-50.csv#255,context,context,R-NANOVIA-PA-6-CF,1,,,tensile,Tensile 90°,,,,,,90°,printed,,,ISO 527-2/1A,rate=1 mm/min,Mechanical properties / Tensile,"Test performed at 1mm/min on 3D printed test specimins at 90°, oposite to the tension stress.",text,not-required,,,reader-r1-50,high,,
batch-50.csv#284,context,context,R-NANOVIA-PA-Food-Industry,1,,,tensile,Tensile,,,,,,,ISO 3167 A test specimens,,,ISO 527-2/1A,rate=50 mm/min,Mechanical properties / Tensile,Test performed at 50mm/min on ISO 3167 A test specimens,text,not-required,,V011205(specimen) V011512(specimen) V011513(specimen),reader-r1-50,high,,no statement that specimens were printed
batch-50.csv#301,context-held,context,R-NANOVIA-PC,1,,,tensile,Tensile 0°,,,,,,0°,printed,,,ISO 527-2/1A,rate=1 mm/min,Mechanical properties / Tensile,"Test performed at 1mm/min on 3D printed test specimins at 0°, along with the tension stress.",text,not-required,PC00324,V007723(specimen),reader-r1-50,high,,
batch-50.csv#337,context,context,R-NANOVIA-PC-ABS,1,,,tensile,Tensile 0°,,,,,,0°,printed,,,ISO 527-2/1A,rate=1 mm/min,Mechanical properties / Tensile,"Test performed at 1mm/min on 3D printed test specimins at 0°, along with the tension stress.",text,not-required,,,reader-r1-50,high,,
batch-50.csv#357,context,context,R-NANOVIA-PC-ABS-Rail,1,,,tensile,Tensile 0°,,,,,,0°,printed,,,ISO 527/1A,rate=1 mm/min,Mechanical properties / Tensile,"Test performed at 1mm/min on 3D printed test specimins at 0°, along with the tension stress.",text,not-required,,,reader-r1-50,high,,standard printed here as ISO 527/1A
batch-50.csv#382,context,context,R-NANOVIA-PC-CF,1,,,tensile,Tensile 0°,,,,,,0°,printed,,,ISO 527-2/1A,rate=1 mm/min,Mechanical properties / Tensile,"Test performed at 1mm/min on 3D printed test specimins at 0°, along with the tension stress.",text,not-required,,,reader-r1-50,high,,
batch-50.csv#403,context,context,R-NANOVIA-PETG,1,,,tensile,Tensile block 1,,,,,,0°,printed,,,ISO 527-2/1A,rate=1 mm/min,Mechanical properties / Tensile,"Test performed at 1mm/min on 3D printed test specimins at 0°, along with the tension stress.",text,not-required,,,reader-r1-50,medium,,the page prints this same 0° heading above three blocks with different values
batch-50.csv#431,context,context,R-NANOVIA-PETG-CF,1,,,tensile,Tensile 0°,,,,,,0°,printed,,,ISO 527-2/1A,rate=1 mm/min,Mechanical properties / Tensile,"Test performed at 1mm/min on 3D printed test specimins at 0°, along with the tension stress.",text,not-required,,,reader-r1-50,high,,
batch-50.csv#432,context,context,R-NANOVIA-PETG-CF,1,,,tensile,Tensile 45°/-45°,,,,,,45°/-45°,printed,,,ISO 527-2/1A,rate=1 mm/min,Mechanical properties / Tensile,Test performed at 1mm/min on 3D printed test specimins successively at 45° and -45° per layer.,text,not-required,,,reader-r1-50,high,,
batch-50.csv#433,context,context,R-NANOVIA-PETG-CF,1,,,tensile,Tensile 90°,,,,,,90°,printed,,,ISO 527-2/1A,rate=1 mm/min,Mechanical properties / Tensile,"Test performed at 1mm/min on 3D printed test specimins at 90°, oposite to the tension stress.",text,not-required,,,reader-r1-50,high,,
batch-50.csv#458,context,context,R-NANOVIA-PETG-ESD,1,,,tensile,Tensile 0°,,,,,,0°,printed,,,ISO 527-2/1A,rate=1 mm/min,Mechanical properties / Tensile,"Test performed at 1mm/min on 3D printed test specimins at 0°, along with the tension stress.",text,not-required,,,reader-r1-50,high,,
batch-50.csv#459,context,context,R-NANOVIA-PETG-ESD,1,,,tensile,Tensile 45°/-45°,,,,,,45°/-45°,printed,,,ISO 527-2/1A,rate=1 mm/min,Mechanical properties / Tensile,Test performed at 1mm/min on 3D printed test specimins successively at 45° and -45° per layer.,text,not-required,,,reader-r1-50,high,,
batch-50.csv#460,context,context,R-NANOVIA-PETG-ESD,1,,,tensile,Tensile 90°,,,,,,90°,printed,,,ISO 527-2/1A,rate=1 mm/min,Mechanical properties / Tensile,"Test performed at 1mm/min on 3D printed test specimins at 90°, oposite to the tension stress.",text,not-required,,,reader-r1-50,high,,
batch-50.csv#486,context,context,R-NANOVIA-PETG-GF-UV,1,,,tensile,Tensile 0°,,,,,,0°,printed,,,ISO 527-2/1A,rate=1 mm/min,Mechanical properties / Tensile,"Test performed at 1mm/min on 3D printed test specimins at 0°, along with the tension stress.",text,not-required,,,reader-r1-50,high,,
batch-50.csv#487,context,context,R-NANOVIA-PETG-GF-UV,1,,,tensile,Tensile 45°/-45°,,,,,,45°/-45°,printed,,,ISO 527-2/1A,rate=1 mm/min,Mechanical properties / Tensile,Test performed at 1mm/min on 3D printed test specimins successively at 45° and -45° per layer.,text,not-required,,,reader-r1-50,high,,
batch-50.csv#488,context,context,R-NANOVIA-PETG-GF-UV,1,,,tensile,Tensile 90°,,,,,,90°,printed,,,ISO 527-2/1A,rate=1 mm/min,Mechanical properties / Tensile,"Test performed at 1mm/min on 3D printed test specimins at 90°, oposite to the tension stress.",text,not-required,,,reader-r1-50,high,,
batch-50.csv#509,context,context,R-NANOVIA-PLA-EF-3D850,1,,,tensile,Traction 0°,,,,,,0°,printed,,,ISO 527-2/1A,rate=1 mm/min,Mechanical properties / Traction,"Test performed at 1mm/min on 3D printed test specimins at 0°, along with the tension stress.",text,not-required,,,reader-r1-50,high,,
batch-50.csv#510,context,context,R-NANOVIA-PLA-EF-3D850,1,,,tensile,Traction 45°/-45°,,,,,,45°/-45°,printed,,,ISO 527-2/1A,rate=1 mm/min,Mechanical properties / Traction,Test performed at 1mm/min on 3D printed test specimins successively at 45° and -45° per layer.,text,not-required,,,reader-r1-50,high,,
batch-50.csv#511,context,context,R-NANOVIA-PLA-EF-3D850,1,,,tensile,Traction 90°,,,,,,90°,printed,,,ISO 527-2/1A,rate=1 mm/min,Mechanical properties / Traction,"Test performed at 1mm/min on 3D printed test specimins at 90°, oposite to the tension stress.",text,not-required,,,reader-r1-50,high,,
batch-51.csv#32,context,context,R-NANOVIA-PP-CF,1,,,tensile,Tensile,,,,,,0°,3D printed test specimins,,,ISO 527-2/1A,rate=1 mm/min,Tensile,"Test performed at 1mm/min on 3D printed test specimins at 0°, along with the tension stress.",text,not-required,,,reader-r1-51,high,,
batch-51.csv#98,context,context,R-NINJATEK-Cheetah-TDS,1,,,all,Test Specimen Details,,,,,,,printed,,,,,Test Specimen Details (by ASTM Test Number),All printed specimens were created using the TAZ5 printer 0.75mm nozzle.,text,not-required,,V006665(specimen) V006666(specimen) V013438(specimen) V013439(specimen),reader-r1-51,high,,
batch-51.csv#100,context-held,context,R-NINJATEK-Cheetah-TDS,1,,,tensile,Tensile (D638),,,,,,,printed,,,ASTM D638,extrusion multiplier=1.05,Test Specimen Details (by ASTM Test Number),"For ASTM D638 tests, the extrusion multiplier is 1.05. | Tensile (D638): Dogbone Style IV, 100% fill, diagonal line fill.",text,not-required,PC00325,,reader-r1-51,high,,
batch-51.csv#101,context-held,context,R-NINJATEK-Cheetah-TDS,1,,,impact,Impact (D256),,,,,,,printed,,,ASTM D256,,Test Specimen Details (by ASTM Test Number),"Impact (D256): Un-notched test specimen, | notch added post print by testing facility.",text,not-required,PC00421,,reader-r1-51,high,,
batch-51.csv#102,context,context,R-NINJATEK-Cheetah-TDS,1,,,physical,Moisture (D570),,,,,,,,,,ASTM D570,temp=125°C,Test Specimen Details (by ASTM Test Number),Moisture (D570): 30g of filament tested in moisture analyzer evaluated at | 125°C until the mass change is < 0.005% over 1 minute.,text,not-required,,,reader-r1-51,high,,
batch-51.csv#103,context,context,R-NINJATEK-Cheetah-TDS,1,,,thermal,HDT (D648),,,,,,,printed,,,ASTM D648,,Test Specimen Details (by ASTM Test Number),HDT (D648): Bar shape.,text,not-required,,V013438(specimen) V013439(specimen),reader-r1-51,medium,,
batch-51.csv#130,context,context,R-NINJATEK-NinjaFlex-TDS,1,,,all,Test Specimen Details,,,,,,,printed,,,,,Test Specimen Details (by ASTM Test Number),All printed specimens were created using the TAZ5 printer 0.75mm nozzle.,text,not-required,,V006777(specimen) V006778(specimen) V013441(specimen) V013442(specimen),reader-r1-51,high,,
batch-51.csv#132,context-held,context,R-NINJATEK-NinjaFlex-TDS,1,,,tensile,Tensile (D638),,,,,,,printed,,,ASTM D638,extrusion multiplier=1.05,Test Specimen Details (by ASTM Test Number),"For ASTM D638 tests, the extrusion multiplier is 1.05. | Tensile (D638): Dogbone Style IV, 100% fill, diagonal line fill.",text,not-required,PC00326,,reader-r1-51,high,,
batch-51.csv#133,context-held,context,R-NINJATEK-NinjaFlex-TDS,1,,,impact,Impact (D256),,,,,,,printed,,,ASTM D256,,Test Specimen Details (by ASTM Test Number),"Impact (D256): Un-notched test specimen, | notch added post print by testing facility.",text,not-required,PC00422,,reader-r1-51,high,,
batch-51.csv#134,context,context,R-NINJATEK-NinjaFlex-TDS,1,,,physical,Moisture (D570),,,,,,,,,,ASTM D570,temp=125°C,Test Specimen Details (by ASTM Test Number),Moisture (D570): 30g of filament tested in moisture analyzer evaluated at | 125°C until the mass change is < 0.005% over 1 minute.,text,not-required,,,reader-r1-51,high,,
batch-51.csv#135,context,context,R-NINJATEK-NinjaFlex-TDS,1,,,thermal,HDT (D648),,,,,,,printed,,,ASTM D648,,Test Specimen Details (by ASTM Test Number),HDT (D648): Bar shape.,text,not-required,,V013441(specimen) V013442(specimen),reader-r1-51,medium,,
batch-51.csv#188,context,context,R-POLYMAKER-PRIORITY-20261002-1b7d35606338,1,,,all,Properties,,,,,,,100% infill specimens,,,,,Mechanical Properties Thermal Properties,"Tested on 100% infill specimens. X-Y = across the layers, Z = between the layers (layer adhesion).",text,not-required,,,reader-r1-51,high,no-held-rows-on-page-in-scope,
batch-51.csv#222,context,context,R-POLYMAKER-PRIORITY-20261002-29b58f0eea90,1,,,all,Properties,,,,,,,100% infill specimens,,,,,Mechanical Properties Thermal Properties,"Tested on 100% infill specimens. X-Y = across the layers, Z = between the layers (layer adhesion).",text,not-required,,,reader-r1-51,high,no-held-rows-on-page-in-scope,
batch-51.csv#253,context,context,R-POLYMAKER-PRIORITY-20261002-8c3c83807f63,3,,,tensile,MECHANICAL PROPERTIES,,,,,,XY,printed,,,"ISO 37, GB/T 528",,MECHANICAL PROPERTIES,"Stress at 100% strain (X-Y) ISO 37, GB/T 528 7.1 ± 0.3 MPa | TENSILE TESTING SPECIMEN ISO 37, GB/T 528",visual-only,agreed,,,reader-r1-51,medium,quote-not-on-page,printed specimen condition comes from page 4 HOW TO MAKE SPECIMENS
batch-51.csv#273,context,context,R-POLYMAKER-PRIORITY-20261002-8c3c83807f63,4,,,tensile,HOW TO MAKE SPECIMENS,,,,,,,printed,,,"ISO 37, GB/T 528",nozzle=230 °C; bed=50 °C; shell=2; top and bottom layers=3; infill=100%; environment=Ambient temperature; fan=ON,HOW TO MAKE SPECIMENS,Printing temperature 230 °C | Bed temperature 50 °C | Infill 100% | Environmental temperature Ambient temperature | Cooling fan ON,text,not-required,,,reader-r1-51,high,no-held-rows-on-page-in-scope,
batch-51.csv#297,context,context,R-POLYMAKER-PRIORITY-20261002-bc61cf2013c2,1,,,all,Properties,,,,,,,100% infill specimens,,,,,Mechanical Properties Thermal Properties,"Tested on 100% infill specimens. X-Y = across the layers, Z = between the layers (layer adhesion).",text,not-required,,,reader-r1-51,high,no-held-rows-on-page-in-scope,
batch-51.csv#325,context,context,R-POLYMAKER-PRIORITY-20261002-bd52e168c6e3,1,,,all,Properties,,,,,,,100% infill specimens,,,,,Mechanical Properties Thermal Properties,"Tested on 100% infill specimens. X-Y = across the layers, Z = between the layers (layer adhesion).",text,not-required,,,reader-r1-51,high,no-held-rows-on-page-in-scope,
batch-51.csv#349,context,context,R-POLYMAKER-PRIORITY-20261002-e2d172d8d9f3,1,,,all,Properties,,,,,,,100% infill specimens,,,,,Mechanical Properties Thermal Properties,"Tested on 100% infill specimens. X-Y = across the layers, Z = between the layers (layer adhesion).",text,not-required,,,reader-r1-51,high,no-held-rows-on-page-in-scope,
batch-51.csv#388,context,context,R-POLYMAKER-PRIORITY-20261003-56f939384206,1,,,all,Properties,,,,,,,100% infill specimens,,,,,Mechanical Properties Thermal Properties,"Tested on 100% infill specimens. X-Y = across the layers, Z = between the layers (layer adhesion).",text,not-required,,,reader-r1-51,high,no-held-rows-on-page-in-scope,
batch-52.csv#19,context-held,context,S-POLYCN-index-php-controller-attachment-id-attachment-167,1,,,physical,Tested with 3D printed specimen of 100% infill,,,,,,,printed,,,,,Physical Properties,Tested with 3D printed specimen of 100% infill,text,not-required,PC00327,V003600(specimen) V003602(specimen),reader-r1-52,high,,footnote under the Physical Properties table; infill 100%
batch-52.csv#25,context,context,S-POLYCN-index-php-controller-attachment-id-attachment-167,1,,,all,All testing specimens were printed under the following conditions,,,,,,,printed,conditioned at room temperature 24h prior to testing,,,"nozzle temperature = 255 °C, printing speed = 60 mm/s, build plate temperature = 100 °C, infill = 100%",Mechanical Properties,"All testing specimens were printed under the following conditions: | nozzle temperature = 255 °C, printing speed = 60 mm/s, build plate temperature = 100 °C, infill = 100% | All specimens were conditioned at room temperature for 24h prior to testing",text,not-required,,"V003600(moisture=conditioned,specimen) V003601(moisture=conditioned,specimen) V003602(moisture=conditioned,specimen) V003603(moisture=conditioned) V003604(moisture=conditioned) V003605(moisture=conditioned) V003606(moisture=conditioned) V003607(moisture=conditioned) V003608(moisture=conditioned) V003609(moisture=conditioned)",reader-r1-52,high,,footnote under the Mechanical Properties table; no annealing stated for the specimens
batch-52.csv#60,context,context,S-POLYCN-PolyDissolve-S1-PIS-EN,6,,,physical,Physical properties,,,,,,,,,,,,Physical properties,Physical properties,text,not-required,,,reader-r1-52,high,,heading only; no specimen or conditioning stated
batch-52.csv#107,context,context,S-POLYCN-PolyFlex-TPU90-PIS-EN-V1-2,6,,,tensile,Note: Please refer to the TDS for the data with specimens printed with 1.20 extrusion multiplier,,,,,,,,,,,,Mechanical properties,Note: Please refer to the TDS for the data with specimens printed with 1.20 extrusion multiplier,text,not-required,,,reader-r1-52,high,,note below the Mechanical properties table; does not state how the listed specimens were made
batch-52.csv#132,context-held,context,S-POLYCN-PolyFlex-TPU90-TDS-V4-2,1,,,physical,Tested with 3D printed specimen of 100% infill,,,,,,,printed,,,,,Physical Properties,Tested with 3D printed specimen of 100% infill,text,not-required,PC00329 PC00330,V003455(specimen) V003456(specimen),reader-r1-52,high,,footnote under the Physical Properties table
batch-52.csv#135,context-held,context,S-POLYCN-PolyFlex-TPU90-TDS-V4-2,1,,,all,All testing specimens were printed under the following conditions,,,,,,,printed,conditioned at room temperature 24h prior to testing,,,"nozzle temperature = 220 °C, printing speed = 60 mm/s, build plate temperature = 50 °C, infill = 100%",Mechanical Properties,"All testing specimens were printed under the following conditions: | nozzle temperature = 220 °C, printing speed = 60 mm/s, build plate temperature = 50 °C, infill = 100% | All specimens were conditioned at room temperature for 24h prior to testing",text,not-required,PC00330,"V003455(moisture=conditioned,specimen) V003456(moisture=conditioned,specimen) V003457(moisture=conditioned) V003458(moisture=conditioned) V003459(moisture=conditioned) V013445(moisture=conditioned)",reader-r1-52,high,,footnote under the Mechanical Properties table; held page_context PC00065 states 220 °C| 60 mm/s| 100% infill only
batch-52.csv#165,context,context,S-POLYCN-PolyFlex-TPU90-TDS-V5-1,3,,,all,*Based on 0.4 mm nozzle and Simplify 3D v.4.0.,,,,,,,,,,,,RECOMMENDED PRINTING CONDITIONS,* Based on 0.4 mm nozzle and Simplify 3D v.4.0.  Printing conditions may vary with different nozzle diameters,text,not-required,,,reader-r1-52,high,,footnote above the printing conditions table
batch-52.csv#183,context,context,S-POLYCN-PolyFlex-TPU90-TDS-V5-1,4,,,all,*All specimens were conditioned at room temperature for 24h prior to testing,,,,,,,printed,conditioned at room temperature 24h prior to testing,,ISO 37; GB/T 528,printing_temp=220 °C; bed_temp=50 °C; shell=2; top_bottom_layers=4; infill=100%; environmental_temp=25 °C; fan=ON,HOW TO MAKE SPECIMENS,*All specimens were conditioned at room temperature for 24h prior to testing | Printing temperature 220 °C | Bed temperature 50 °C | Shell 2 | Top & bottom layer 4 | Infill 100% | Environmental temperature 25 °C | Cooling fan ON,text,not-required,,,reader-r1-52,high,no-held-rows-on-page-in-scope,"specimen print recipe under HOW TO MAKE SPECIMENS; tensile specimen drawing ISO 37, GB/T 528 with Z axis arrow above it"
batch-52.csv#186,context-held,context,S-POLYCN-PolyFlex-TPU95-HF-TDS-V4-2,1,,,physical,Tested with 3D printed specimen of 100% infill,,,,,,,printed,,,,,Physical Properties,Tested with 3D printed specimen of 100% infill,text,not-required,PC00331,V003428(specimen) V003429(specimen),reader-r1-52,high,,footnote under the Physical Properties table
batch-52.csv#189,context,context,S-POLYCN-PolyFlex-TPU95-HF-TDS-V4-2,1,,,all,All testing specimens were printed under the following conditions,,,,,,,printed,conditioned at room temperature 24h prior to testing,,,"nozzle temperature = 210 °C, printing speed = 45 mm/s, build plate temperature = 50 °C, infill = 100%",Mechanical Properties,"All testing specimens were printed under the following conditions: | nozzle temperature = 210 °C, printing speed = 45 mm/s, build plate temperature = 50 °C, infill = 100% | All specimens were conditioned at room temperature for 24h prior to testing",text,not-required,,"V003428(moisture=conditioned,specimen) V003429(moisture=conditioned,specimen) V003430(moisture=conditioned) V003431(moisture=conditioned) V003432(moisture=conditioned) V013446(moisture=conditioned)",reader-r1-52,high,,footnote under the Mechanical Properties table
batch-53.csv#5,context-held,context,S-POLYCN-PolyFlex-TPU95-TDS-V4,1,,,physical,Tested with 3D printed specimen of 100% infill,,,,,,,printed,,,,,Physical Properties,Tested with 3D printed specimen of 100% infill,text,not-required,PC00333,V003472(specimen) V003473(specimen),reader-r1-53,high,,footnote under physical table
batch-53.csv#10,context-held,context,S-POLYCN-PolyFlex-TPU95-TDS-V4,1,,,tensile,All testing specimens were printed under the following conditions,"nozzle temperature = 225 °C, printing speed = 30 mm/s, build plate temperature = 30 °C, infill = 100%",,,,,,printed,,,,nozzle=225 °C; speed=30 mm/s; bed=30 °C; infill=100%,Mechanical Properties,"All testing specimens were printed under the following conditions: | nozzle temperature = 225 °C, printing speed = 30 mm/s, build plate temperature = 30 °C, infill = 100%",text,not-required,PC00064,,reader-r1-53,high,,
batch-53.csv#11,context-held,context,S-POLYCN-PolyFlex-TPU95-TDS-V4,1,,,tensile,All specimens were conditioned at room temperature for 24h prior to testing,,,,,,,,conditioned at room temperature for 24h prior to testing,,,,Mechanical Properties,All specimens were conditioned at room temperature for 24h prior to testing,text,not-required,PC00064,V003474(moisture=conditioned) V003475(moisture=conditioned) V013447(moisture=conditioned),reader-r1-53,high,,not held in page_context
batch-53.csv#39,context,context,S-POLYCN-PolyFlex-TPU95-TDS-V5-1,2,,,all,MOISTURE ABSORPTION CURVE,70%RH - 23°C,,,,,,,70%RH - 23°C,,,,MOISTURE ABSORPTION CURVE,PolyFlex™ TPU95 | 70%RH - 23°C,visual-only,agreed,,V000752(moisture=conditioned) V002153(moisture=conditioned),reader-r1-53,high,quote-not-on-page,graph subtitle states the humidity and temperature of the absorption curve
batch-53.csv#58,context,context,S-POLYCN-PolyFlex-TPU95-TDS-V5-1,4,,,tensile,TENSILE TESTING SPECIMEN,ISO 37; GB/T 528,,,,,,,,,"ISO 37, GB/T 528",,TENSILE TESTING SPECIMEN,TENSILE TESTING SPECIMEN | ISO 37; GB/T 528,visual-only,agreed,,,reader-r1-53,high,no-held-rows-on-page-in-scope quote-not-on-page,heading of the specimen drawing (Z axis arrow)
batch-53.csv#59,context,context,S-POLYCN-PolyFlex-TPU95-TDS-V5-1,4,,,tensile,HOW TO MAKE SPECIMENS,*All specimens were conditioned at room temperature for 24h prior to testing,,,,,,printed,conditioned at room temperature for 24h prior to testing,,,nozzle=225 °C; bed=30 °C; shell=2; top and bottom layer=4; infill=100%; environment=25 °C; fan=ON,HOW TO MAKE SPECIMENS,*All specimens were conditioned at room temperature for 24h prior to testing,text,not-required,,,reader-r1-53,high,no-held-rows-on-page-in-scope,table below lists the print settings of the specimens
batch-53.csv#80,context,context,S-POLYCN-Polylite-PLA-Pro-EN-V5-1-3-6,3,,,all,MOISTURE ABSORPTION CURVE,70% RH - 23 ℃,,,,,,,70% RH - 23 ℃,,,,MOISTURE ABSORPTION CURVE,Polylite PLA Pro | 70% RH - 23 ℃,visual-only,agreed,,,reader-r1-53,high,quote-not-on-page,graph subtitle; heading MOISTURE ABSORPTION CURVE is at the foot of p2
batch-53.csv#91,context,context,S-POLYCN-Polylite-PLA-Pro-EN-V5-1-3-6,4,,,thermal,HDT CURVE,0.45Mpa-1.8Mpa,,,,,,,,,,,HDT CURVE,Polylite PLA Pro | 0.45Mpa-1.8Mpa | 57.6 °C | 59.3 °C,text,not-required,,,reader-r1-53,high,,graph shows the two HDT points 57.6 and 59.3 °C against deflection (mm); no further values
batch-53.csv#117,context,context,S-POLYCN-Polylite-PLA-Pro-EN-V5-1-3-6,6,,,tensile,TENSILE TESTING SPECIMEN,ISO 527; GB/T 1040,,,,,,,,,"ISO 527, GB/T 1040",,TENSILE TESTING SPECIMEN,TENSILE TESTING SPECIMEN | ISO 527; GB/T 1040,text,not-required,,,reader-r1-53,high,no-held-rows-on-page-in-scope,drawing with Z axis arrow
batch-53.csv#118,context,context,S-POLYCN-Polylite-PLA-Pro-EN-V5-1-3-6,6,,,flexural,FLEXURAL TESTING SPECIMEN,ISO 178; GB/T 9341,,,,,,,,,"ISO 178, GB/T 9341",,FLEXURAL TESTING SPECIMEN,FLEXURAL TESTING SPECIMEN | ISO 178; GB/T 9341,text,not-required,,,reader-r1-53,high,no-held-rows-on-page-in-scope,drawing with Z axis arrow
batch-53.csv#119,context,context,S-POLYCN-Polylite-PLA-Pro-EN-V5-1-3-6,6,,,impact,IMPACT TESTING SPECIMEN,ISO 179; GB/T 1043,,,,,,,,,"ISO 179, GB/T 1043",,IMPACT TESTING SPECIMEN,IMPACT TESTING SPECIMEN | ISO 179; GB/T 1043,text,not-required,,,reader-r1-53,high,no-held-rows-on-page-in-scope,drawing shows a 45.00° notch and Impact direction arrow
batch-53.csv#120,context,context,S-POLYCN-Polylite-PLA-Pro-EN-V5-1-3-6,7,,,all,HOW TO MAKE SPECIMENS,*All specimens were conditioned at room temperature for 24h prior to testing,,,,,,printed,conditioned at room temperature for 24h prior to testing,,,nozzle=210 °C; bed=25 °C; shell=2; top and bottom layer=4; infill=100 %; environment=25 ˚C; fan=ON,HOW TO MAKE SPECIMENS,*All specimens were conditioned at room temperature for 24h prior to testing,text,not-required,,,reader-r1-53,high,no-held-rows-on-page-in-scope,table lists the print settings of the specimens
batch-53.csv#136,context-held,context,S-POLYCN-PolyLite-PLA-TDS-V3,1,,,physical,Tested with 3D printed specimen of 100% infill,,,,,,,printed,,,,,Physical Properties,Tested with 3D printed specimen of 100% infill,text,not-required,PC00334,V003610(specimen) V003612(specimen),reader-r1-53,high,,footnote under physical table
batch-53.csv#144,context-held,context,S-POLYCN-PolyLite-PLA-TDS-V3,1,,,tensile,All testing specimens were printed under the following conditions,"nozzle temperature = 205 °C, printing speed = 60 mm/s, build plate temperature = 40 °C, infill = 100%",,,,,,printed,,,,nozzle=205 °C; speed=60 mm/s; bed=40 °C; infill=100%,Mechanical Properties,"All testing specimens were printed under the following conditions: | nozzle temperature = 205 °C, printing speed = 60 mm/s, build plate temperature = 40 °C, infill = 100%",text,not-required,PC00053,,reader-r1-53,high,,
batch-53.csv#145,context-held,context,S-POLYCN-PolyLite-PLA-TDS-V3,1,,,tensile,All specimens were conditioned at room temperature for 24h prior to testing,,,,,,,,conditioned at room temperature for 24h prior to testing,,,,Mechanical Properties,All specimens were conditioned at room temperature for 24h prior to testing,text,not-required,PC00053,V003613(moisture=conditioned) V003614(moisture=conditioned) V003615(moisture=conditioned) V003619(moisture=conditioned),reader-r1-53,high,,
batch-53.csv#160,context,context,S-POLYCN-PolyLite-PLA-TDS-V3,2,,,tensile,Tensile testing specimen,"ASTM D638 (ISO 527, GB/T 1040)",,,,,,,,,"ASTM D638, ISO 527, GB/T 1040",,,"Tensile testing specimen; ASTM D638 (ISO 527, GB/T 1040)",text,not-required,,,reader-r1-53,high,no-held-rows-on-page-in-scope,drawing with Z axis arrow
batch-53.csv#161,context,context,S-POLYCN-PolyLite-PLA-TDS-V3,2,,,flexural,Flexural testing specimen,"ASTMD790 (ISO 178, GB/T 9341)",,,,,,,,,"ASTMD790, ISO 178, GB/T 9341",,,"Flexural testing specimen; ASTMD790 (ISO 178, GB/T 9341)",text,not-required,,,reader-r1-53,high,no-held-rows-on-page-in-scope,drawing with Z axis arrow
batch-53.csv#162,context,context,S-POLYCN-PolyLite-PLA-TDS-V3,2,,,impact,Impact testing specimen,"ASTM D256 (ISO 179, GB/T 1043)",,,,,,,,,"ASTM D256, ISO 179, GB/T 1043",,,"Impact testing specimen; ASTM D256 (ISO 179, GB/T 1043)",text,not-required,,,reader-r1-53,high,no-held-rows-on-page-in-scope,drawing shows 45.00° notch and Impact direction arrow
batch-53.csv#176,context,context,S-POLYCN-PolyLite-PLA-TDS-V5-1-7,2,,,all,MOISTURE ABSORPTION CURVE,70%RH - 23°C,,,,,,,70%RH - 23°C,,,,MOISTURE ABSORPTION CURVE,PolyLite™ PLA | 70%RH - 23°C,visual-only,agreed,,V003385(moisture=conditioned) V003386(moisture=conditioned) V003387(moisture=conditioned),reader-r1-53,high,quote-not-on-page,graph subtitle
batch-53.csv#187,context,context,S-POLYCN-PolyLite-PLA-TDS-V5-1-7,3,,,thermal,HDT CURVE,0.45Mpa-1.8Mpa,,,,,,,,,,,HDT CURVE,PolyLite™ PLA | 0.45Mpa-1.8Mpa | 0.34 | 58.1°C | 59.8°C,visual-only,agreed,,,reader-r1-53,high,quote-not-on-page,graph; marks 0.34 mm deflection and 58.1 and 59.8 °C; no further values
batch-53.csv#213,context,context,S-POLYCN-PolyLite-PLA-TDS-V5-1-7,5,,,tensile,TENSILE TESTING SPECIMEN,ISO 527; GB/T 1040,,,,,,,,,"ISO 527, GB/T 1040",,TENSILE TESTING SPECIMEN,TENSILE TESTING SPECIMEN | ISO 527; GB/T 1040,visual-only,agreed,,,reader-r1-53,high,no-held-rows-on-page-in-scope quote-not-on-page,drawing with Z axis arrow
batch-53.csv#214,context,context,S-POLYCN-PolyLite-PLA-TDS-V5-1-7,5,,,flexural,FLEXURAL TESTING SPECIMEN,ISO 178; GB/T 9341,,,,,,,,,"ISO 178, GB/T 9341",,FLEXURAL TESTING SPECIMEN,FLEXURAL TESTING SPECIMEN | ISO 178; GB/T 9341,visual-only,agreed,,,reader-r1-53,high,no-held-rows-on-page-in-scope quote-not-on-page,drawing with Z axis arrow
batch-53.csv#215,context,context,S-POLYCN-PolyLite-PLA-TDS-V5-1-7,5,,,impact,IMPACT TESTING SPECIMEN,ISO 179; GB/T 1043,,,,,,,,,"ISO 179, GB/T 1043",,IMPACT TESTING SPECIMEN,IMPACT TESTING SPECIMEN | ISO 179; GB/T 1043,visual-only,agreed,,,reader-r1-53,high,no-held-rows-on-page-in-scope quote-not-on-page,drawing shows 45.00° notch and Impact direction arrow
batch-53.csv#216,context,context,S-POLYCN-PolyLite-PLA-TDS-V5-1-7,5,,,all,HOW TO MAKE SPECIMENS,*All specimens were conditioned at room temperature for 24h prior to testing,,,,,,printed,conditioned at room temperature for 24h prior to testing,,,nozzle=205 °C; bed=40 °C; shell=2; top and bottom layer=4; infill=100%; environment=25 °C; fan=ON,HOW TO MAKE SPECIMENS,*All specimens were conditioned at room temperature for 24h prior to testing,text,not-required,,,reader-r1-53,high,no-held-rows-on-page-in-scope,table lists the print settings of the specimens
batch-53.csv#233,context,context,S-POLYCN-Polymaker-PC-Max-TDS-v1-0,1,,,tensile,Mechanical Properties,All testing specimens were printed using a FlashForge Creator Pro under the following conditions: Printing temperature = 255 ° C,,,,,,printed,,,,nozzle=255 °C; speed=60 mm/s; shells=2; infill=100%,Mechanical Properties,"Note: | 1. All testing specimens were printed using a FlashForge Creator Pro under the following conditions: | Printing temperature = 255 ° C, printing speed = 60 mm/s, number of shells = 2, and 100% infill.",text,not-required,,,reader-r1-53,high,,note 1 attached to the Mechanical Properties heading; speaks for all mechanical rows
batch-53.csv#241,context,context,S-POLYCN-Polymaker-PC-Max-TDS-v1-0,2,,,tensile,Testing Geometries,Fig 1. Tensile testing specimen,,,,,,,,,,,Testing Geometries,Fig 1. Tensile testing specimen,text,not-required,,,reader-r1-53,high,no-held-rows-on-page-in-scope,drawing with Z axis arrow; no standard printed on this page
batch-53.csv#242,context,context,S-POLYCN-Polymaker-PC-Max-TDS-v1-0,2,,,flexural,Testing Geometries,Fig 2. Flexural testing specimen,,,,,,,,,,,Testing Geometries,Fig 2. Flexural testing specimen,text,not-required,,,reader-r1-53,high,no-held-rows-on-page-in-scope,drawing with Z axis arrow
batch-53.csv#243,context,context,S-POLYCN-Polymaker-PC-Max-TDS-v1-0,2,,,impact,Testing Geometries,Fig 3. Impact testing specimen,,,,,,,,,,,Testing Geometries,Fig 3. Impact testing specimen,text,not-required,,,reader-r1-53,high,no-held-rows-on-page-in-scope,drawing shows 45.00° notch and Impact direction arrow
batch-53.csv#252,context-held,context,S-POLYCN-PolyMax-PETG-TDS-V4,1,,,physical,Tested with 3D printed specimen of 100% infill,,,,,,,printed,,,,,Physical Properties,Tested with 3D printed specimen of 100% infill,text,not-required,PC00335,V003749(specimen) V013449(specimen) V013450(specimen),reader-r1-53,high,,footnote under physical table
batch-53.csv#263,context,context,S-POLYCN-PolyMax-PETG-TDS-V4,1,,,tensile,All testing specimens were printed under the following conditions,"nozzle temperature = 240 °C, printing speed = 45 mm/s, build plate temperature = 80 °C, infill = 100%",,,,,,printed,,,,nozzle=240 °C; speed=45 mm/s; bed=80 °C; infill=100%,Mechanical Properties,"All testing specimens were printed under the following conditions: | nozzle temperature = 240 °C, printing speed = 45 mm/s, build plate temperature = 80 °C, infill = 100%",text,not-required,,,reader-r1-53,high,,not in held page_context
batch-53.csv#276,context,context,S-POLYCN-PolyMax-PETG-TDS-V4,2,,,tensile,Tensile testing specimen,"ASTM D638 (ISO 527, GB/T 1040)",,,,,,,,,"ASTM D638, ISO 527, GB/T 1040",,,"Tensile testing specimen; ASTM D638 (ISO 527, GB/T 1040)",text,not-required,,,reader-r1-53,high,no-held-rows-on-page-in-scope,drawing with Z axis arrow
batch-53.csv#277,context,context,S-POLYCN-PolyMax-PETG-TDS-V4,2,,,flexural,Flexural testing specimen,"ASTMD790 (ISO 178, GB/T 9341)",,,,,,,,,"ASTMD790, ISO 178, GB/T 9341",,,"Flexural testing specimen; ASTMD790 (ISO 178, GB/T 9341)",text,not-required,,,reader-r1-53,high,no-held-rows-on-page-in-scope,drawing with Z axis arrow
batch-53.csv#278,context,context,S-POLYCN-PolyMax-PETG-TDS-V4,2,,,impact,Impact testing specimen,"ASTM D256 (ISO 179, GB/T 1043)",,,,,,,,,"ASTM D256, ISO 179, GB/T 1043",,,"Impact testing specimen; ASTM D256 (ISO 179, GB/T 1043)",text,not-required,,,reader-r1-53,high,no-held-rows-on-page-in-scope,drawing shows 45.00° notch and Impact direction arrow
batch-53.csv#288,context,context,S-POLYCN-PolyMax-PLA-TDS-v1,1,,,tensile,Mechanical Properties,All testing specimens were printed using a MakerBot Replicator 2 under the following conditions: Printing temperature = 200 °C,,,,,,printed,,,,nozzle=200 °C; speed=90 mm/s; shells=2; infill=100%,Mechanical Properties,"Note: | 1. All testing specimens were printed using a MakerBot Replicator 2 under the following conditions: | Printing temperature = 200 °C, printing speed = 90 mm/s, number of shells = 2, and 100% infill.",text,not-required,,,reader-r1-53,high,,note 1 attached to the Mechanical Properties heading; speaks for all mechanical rows
batch-53.csv#296,context,context,S-POLYCN-PolyMax-PLA-TDS-v1,2,,,tensile,Testing Geometries,Fig 1. Tensile testing specimen,,,,,,,,,,,Testing Geometries,Fig 1. Tensile testing specimen,text,not-required,,,reader-r1-53,high,no-held-rows-on-page-in-scope,drawing with Z axis arrow; no standard printed on this page
batch-53.csv#297,context,context,S-POLYCN-PolyMax-PLA-TDS-v1,2,,,flexural,Testing Geometries,Fig 2. Flexural testing specimen,,,,,,,,,,,Testing Geometries,Fig 2. Flexural testing specimen,text,not-required,,,reader-r1-53,high,no-held-rows-on-page-in-scope,drawing with Z axis arrow
batch-53.csv#298,context,context,S-POLYCN-PolyMax-PLA-TDS-v1,2,,,impact,Testing Geometries,Fig 3. Impact testing specimen,,,,,,,,,,,Testing Geometries,Fig 3. Impact testing specimen,text,not-required,,,reader-r1-53,high,no-held-rows-on-page-in-scope,drawing shows 45.00° notch and Impact direction arrow
batch-53.csv#311,context,context,S-POLYCN-PolyMide-PA12-CF-TDS-V5-1-1,2,,,all,MOISTURE ABSORPTION CURVE,70%RH - 23°C,,,,,,,70%RH - 23°C,,,,MOISTURE ABSORPTION CURVE,PolyMide™ PA12-CF | 70%RH - 23°C,visual-only,agreed,,V000972(moisture=conditioned) V002159(moisture=conditioned) V013456(moisture=conditioned),reader-r1-53,high,quote-not-on-page,graph subtitle
batch-53.csv#322,context,context,S-POLYCN-PolyMide-PA12-CF-TDS-V5-1-1,3,,,thermal,HDT CURVE,0.45Mpa-1.8Mpa,,,,,,,,,,,HDT CURVE,PolyMide™ PA12-CF | 0.45Mpa-1.8Mpa | 0.34 | 105°C | 131°C,visual-only,agreed,,,reader-r1-53,high,quote-not-on-page,graph marks 0.34 mm deflection and 105 and 131 °C; no further values
batch-53.csv#323,context,context,S-POLYCN-PolyMide-PA12-CF-TDS-V5-1-1,4,,,all,MECHANICAL PROPERTIES (Dry status),All specimens were annealed at 80˚C for 24h and dried for 48h prior to testing,,,,,,printed,dried for 48h prior to testing,annealed 80˚C 24h,"ISO 527, GB/T 1040; ISO 178, GB/T 9341; ISO 179, GB/T 1043",,MECHANICAL PROPERTIES (Dry status),MECHANICAL PROPERTIES (Dry status) | Note: All specimens were annealed at 80˚C for 24h and dried for 48h prior to testing,visual-only,agreed,,,reader-r1-53,high,contradicts:V000992:moisture contradicts:V000993:moisture contradicts:V000994:moisture contradicts:V000995:moisture contradicts:V000996:moisture contradicts:V000997:moisture contradicts:V000998:moisture contradicts:V000999:moisture contradicts:V001000:moisture quote-not-on-page,heading and note under the first table
batch-53.csv#324,context,context,S-POLYCN-PolyMide-PA12-CF-TDS-V5-1-1,4,,,all,MECHANICAL PROPERTIES (Wet Status),"All specimens were annealed at 80 °C for 24h, and immerged in ambient temperature water for 3 days prior to testing",,,,,,printed,immerged in ambient temperature water for 3 days prior to testing,annealed 80 °C 24h,"ISO 527, GB/T 1040; ISO 178, GB/T 9341; ISO 179, GB/T 1043",,MECHANICAL PROPERTIES (Wet Status),"MECHANICAL PROPERTIES (Wet Status) | Note: All specimens were annealed at 80 °C for 24h, and immerged in ambient temperature water for 3 days prior to testing",visual-only,agreed,,,reader-r1-53,high,contradicts:V000980:moisture contradicts:V000981:moisture contradicts:V000982:moisture contradicts:V000983:moisture contradicts:V000984:moisture contradicts:V000985:moisture contradicts:V000986:moisture contradicts:V000987:moisture contradicts:V000988:moisture contradicts:V000989:moisture contradicts:V000990:moisture contradicts:V000991:moisture quote-not-on-page,heading and note under the second table
batch-53.csv#365,context,context,S-POLYCN-PolyMide-PA12-CF-TDS-V5-1-1,6,,,tensile,TENSILE TESTING SPECIMEN,ISO 527; GB/T 1040,,,,,,,,,"ISO 527, GB/T 1040",,TENSILE TESTING SPECIMEN,TENSILE TESTING SPECIMEN | ISO 527; GB/T 1040,visual-only,agreed,,,reader-r1-53,high,no-held-rows-on-page-in-scope quote-not-on-page,drawing with Z axis arrow
batch-53.csv#366,context,context,S-POLYCN-PolyMide-PA12-CF-TDS-V5-1-1,6,,,flexural,FLEXURAL TESTING SPECIMEN,ISO 178; GB/T 9341,,,,,,,,,"ISO 178, GB/T 9341",,FLEXURAL TESTING SPECIMEN,FLEXURAL TESTING SPECIMEN | ISO 178; GB/T 9341,visual-only,agreed,,,reader-r1-53,high,no-held-rows-on-page-in-scope quote-not-on-page,drawing with Z axis arrow
batch-53.csv#367,context,context,S-POLYCN-PolyMide-PA12-CF-TDS-V5-1-1,6,,,impact,IMPACT TESTING SPECIMEN,ISO 179; GB/T 1043,,,,,,,,,"ISO 179, GB/T 1043",,IMPACT TESTING SPECIMEN,IMPACT TESTING SPECIMEN | ISO 179; GB/T 1043,visual-only,agreed,,,reader-r1-53,high,no-held-rows-on-page-in-scope quote-not-on-page,drawing shows 45.00° notch and Impact direction arrow
batch-53.csv#368,context,context,S-POLYCN-PolyMide-PA12-CF-TDS-V5-1-1,6,,,all,HOW TO MAKE SPECIMENS,Printing temperature 300 °C; Bed temperature 50 °C; Shell 2; Top & bottom layer 4; Infill 100%; Environmental temperature 50 ˚C; Cooling fan OFF,,,,,,printed,,,,nozzle=300 °C; bed=50 °C; shell=2; top and bottom layer=4; infill=100%; environment=50 ˚C; fan=OFF,HOW TO MAKE SPECIMENS,HOW TO MAKE SPECIMENS | Printing temperature 300 °C,visual-only,agreed,,,reader-r1-53,high,no-held-rows-on-page-in-scope quote-not-on-page,table lists the print settings of the specimens
batch-53.csv#389,context,context,S-POLYCN-PolyMide-PA6-GF-TDS-V5-1,2,,,all,MOISTURE ABSORPTION CURVE,70%RH - 23°C,,,,,,,70%RH - 23°C,,,,MOISTURE ABSORPTION CURVE,PolyMide™ PA6-GF | 70%RH - 23°C,visual-only,agreed,,V001171(moisture=conditioned) V002156(moisture=conditioned) V013457(moisture=conditioned),reader-r1-53,high,quote-not-on-page,graph subtitle
batch-53.csv#400,context,context,S-POLYCN-PolyMide-PA6-GF-TDS-V5-1,3,,,thermal,HDT CURVE,0.45Mpa-1.8Mpa,,,,,,,,,,,HDT CURVE,PolyMide™ PA6-GF | 0.45Mpa-1.8Mpa | 0.34 | 157°C | 191°C,visual-only,agreed,,,reader-r1-53,high,quote-not-on-page,graph marks 0.34 mm deflection and 157 and 191 °C; no further values
batch-53.csv#401,context,context,S-POLYCN-PolyMide-PA6-GF-TDS-V5-1,4,,,all,MECHANICAL PROPERTIES (Dry status),All specimens were annealed at 80˚C for 6h and dried for 48h prior to testing,,,,,,printed,dried for 48h prior to testing,annealed 80˚C 6h,"ISO 527, GB/T 1040; ISO 178, GB/T 9341; ISO 179, GB/T 1043",,MECHANICAL PROPERTIES (Dry status),MECHANICAL PROPERTIES (Dry status) | Note: All specimens were annealed at 80˚C for 6h and dried for 48h prior to testing,visual-only,agreed,,,reader-r1-53,high,contradicts:V001191:moisture contradicts:V001192:moisture contradicts:V001193:moisture contradicts:V001194:moisture contradicts:V001195:moisture contradicts:V001196:moisture contradicts:V001197:moisture contradicts:V001198:moisture contradicts:V001199:moisture quote-not-on-page,heading and note under the first table
batch-53.csv#402,context,context,S-POLYCN-PolyMide-PA6-GF-TDS-V5-1,4,,,all,MECHANICAL PROPERTIES (Moisture Conditioned),All specimens were annealed at 80 °C for 6h and conditioned at 70% relative humidity and ambient temperature for 15 days prior to testing,,,,,,printed,conditioned at 70% relative humidity and ambient temperature for 15 days prior to testing,annealed 80 °C 6h,"ISO 527, GB/T 1040; ISO 178, GB/T 9341; ISO 179, GB/T 9343",,MECHANICAL PROPERTIES (Moisture Conditioned),"MECHANICAL PROPERTIES (Moisture Conditioned) | Note: All specimens were annealed at 80 °C for 6h, and conditioned at 70% relative humidity and ambient temperature for 15 days prior to testing",visual-only,agreed,,,reader-r1-53,high,contradicts:V001179:moisture contradicts:V001180:moisture contradicts:V001181:moisture contradicts:V001182:moisture contradicts:V001183:moisture contradicts:V001184:moisture contradicts:V001185:moisture contradicts:V001186:moisture contradicts:V001187:moisture contradicts:V001188:moisture contradicts:V001189:moisture contradicts:V001190:moisture quote-not-on-page,heading and note under the second table
batch-53.csv#444,context,context,S-POLYCN-PolyMide-PA6-GF-TDS-V5-1,6,,,tensile,TENSILE TESTING SPECIMEN,ISO 527; GB/T 1040,,,,,,,,,"ISO 527, GB/T 1040",,TENSILE TESTING SPECIMEN,TENSILE TESTING SPECIMEN | ISO 527; GB/T 1040,visual-only,agreed,,,reader-r1-53,high,no-held-rows-on-page-in-scope quote-not-on-page,drawing with Z axis arrow
batch-53.csv#445,context,context,S-POLYCN-PolyMide-PA6-GF-TDS-V5-1,6,,,flexural,FLEXURAL TESTING SPECIMEN,ISO 178; GB/T 9341,,,,,,,,,"ISO 178, GB/T 9341",,FLEXURAL TESTING SPECIMEN,FLEXURAL TESTING SPECIMEN | ISO 178; GB/T 9341,visual-only,agreed,,,reader-r1-53,high,no-held-rows-on-page-in-scope quote-not-on-page,drawing with Z axis arrow
batch-53.csv#446,context,context,S-POLYCN-PolyMide-PA6-GF-TDS-V5-1,6,,,impact,IMPACT TESTING SPECIMEN,ISO 179; GB/T 1043,,,,,,,,,"ISO 179, GB/T 1043",,IMPACT TESTING SPECIMEN,IMPACT TESTING SPECIMEN | ISO 179; GB/T 1043,visual-only,agreed,,,reader-r1-53,high,no-held-rows-on-page-in-scope quote-not-on-page,drawing shows 45.00° notch and Impact direction arrow
batch-53.csv#447,context,context,S-POLYCN-PolyMide-PA6-GF-TDS-V5-1,6,,,all,HOW TO MAKE SPECIMENS,*All specimens were conditioned at room temperature for 24h prior to testing,,,,,,printed,conditioned at room temperature for 24h prior to testing,,,nozzle=300 °C; bed=45 °C; shell=2; top and bottom layer=4; infill=100%; environment=50 ˚C; fan=OFF,HOW TO MAKE SPECIMENS,*All specimens were conditioned at room temperature for 24h prior to testing,text,not-required,,,reader-r1-53,high,no-held-rows-on-page-in-scope,this footnote differs from the p4 notes (dry: annealed and dried 48h; conditioned: 70% RH 15 days) for the same specimens
batch-53.csv#460,context-held,context,S-POLYCN-TDS-Polymaker-ABS-Max-V1-1-2026-06-01-EN,1,,,all,MOISTURE ABSORPTION CURVE,"70% RH, 23°C",,,,,,,"70% RH, 23°C",,,,MOISTURE ABSORPTION CURVE,"Polymaker™ ABS Pro | 70% RH, 23°C | ABS Max",text,not-required,PC00336,V003489(moisture=conditioned) V003490(moisture=conditioned) V003491(moisture=conditioned) V003492(moisture=conditioned) V003493(moisture=conditioned) V003494(moisture=conditioned) V003495(moisture=conditioned) V003496(moisture=conditioned) V003497(moisture=conditioned) V003498(moisture=conditioned) V003499(moisture=conditioned) V003500(moisture=conditioned) V003501(moisture=conditioned) V003502(moisture=conditioned) V003503(moisture=conditioned) V013459(moisture=conditioned) V013460(moisture=conditioned) V013461(moisture=conditioned),reader-r1-53,medium,,graph chart title prints Polymaker™ ABS Pro while the legend says ABS Max; the curve plateaus near 0.5 on the axis but no equilibrium number is printed
batch-53.csv#466,context-held,context,S-POLYCN-TDS-Polymaker-ABS-Max-V1-1-2026-06-01-EN,1,,,thermal,HDT CURVE,*Curve results are the average of 3 samples,,,,,,,,,,,HDT CURVE,Polymaker™ ABS Max | 0.45 Mpa | 1.8 Mpa | 113.1°C118.1°C | *Curve results are the average of 3 samples,text,not-required,PC00336,,reader-r1-53,high,,curve marks 113.1 and 118.1 °C
batch-53.csv#485,context-held,context,S-POLYCN-TDS-Polymaker-ABS-Max-V1-1-2026-06-01-EN,1,,,all,CHEMICAL RESISTANCE DATA,Good: Material may get minor attack after long periods of storage with chemical at ambient temperature. Fair: Material can be used for short time contact with chemicals at ambient temperature. Poor: Material becomes unstable on contact with chemical at ambient temperature,,,,,,,,,,,CHEMICAL RESISTANCE DATA,Good: | Material may get minor attack after long periods of storage with | chemical at ambient temperature | Fair: | Material can be used for short time contact with chemicals | at ambient temperature | Poor: | Material becomes unstable on contact with chemical at | ambient temperature,text,not-required,PC00336,,reader-r1-53,high,,key to the ratings
batch-53.csv#499,context-held,context,S-POLYCN-TDS-Polymaker-ABS-Max-V1-1-2026-06-01-EN,1,,,all,HOW TO MAKE SPECIMENS,Printing temperature 240°C; Bed temperature 80°C; Top & bottom layer 3; Environmental Temperature Ambient; Infill 100%; Shell 2; Cooling fan OFF,,,,,,printed,,,"ISO 178, GB/T 9341; ISO 527, GB/T 1040; ISO 179, GB/T 1043",nozzle=240°C; bed=80°C; top and bottom layer=3; environment=Ambient; infill=100%; shell=2; fan=OFF,HOW TO MAKE SPECIMENS,HOW TO MAKE SPECIMENS | Printing temperature 240°C | Infill 100% | Bed temperature 80°C | Shell 2,text,not-required,PC00336,V003489(specimen) V003490(specimen) V003491(specimen) V003492(specimen) V003493(specimen) V003494(specimen) V003495(specimen) V003496(specimen) V003497(specimen) V003498(specimen) V003499(specimen) V003500(specimen) V003501(specimen) V003502(specimen) V003503(specimen) V013459(specimen) V013460(specimen) V013461(specimen),reader-r1-53,high,,the specimen print settings; also reaches flexural and impact (PC00101 PC00102)
batch-53.csv#513,context-held,context,S-POLYCN-TDS-Polymaker-ABS-Pro-V1-1-2026-06-01-EN,1,G027-08,Polymaker ABS-Pro,tensile,HOW TO MAKE SPECIMENS,,,,,,Z axis,printed,,,"ISO 527, GB/T 1040",,HOW TO MAKE SPECIMENS,"Printing temperature 240°C | Infill 100% | Bed temperature 80°C | Shell 2 | Top & bottom layer 3 | Cooling fan OFF | Environmental Temperature Ambient | TENSILE TESTING SPECIMEN ISO 527, GB/T 1040",visual-only,agreed,PC00103,V003512(specimen) V003513(specimen) V003514(specimen) V003515(specimen) V003516(specimen) V003517(specimen),reader-r1-53-c,high,quote-not-on-page,"specimens printed at 240°C nozzle, 80°C bed, infill 100%, shell 2, fan OFF, ambient environment"
batch-53.csv#514,context-held,context,S-POLYCN-TDS-Polymaker-ABS-Pro-V1-1-2026-06-01-EN,1,G027-08,Polymaker ABS-Pro,flexural,HOW TO MAKE SPECIMENS,,,,,,Z axis,printed,,,"ISO 178, GB/T 9341",,HOW TO MAKE SPECIMENS,"Printing temperature 240°C | Infill 100% | Bed temperature 80°C | Shell 2 | Top & bottom layer 3 | Cooling fan OFF | Environmental Temperature Ambient | FLEXURAL TESTING SPECIMEN ISO 178, GB/T 9341",visual-only,agreed,PC00104,V003518(specimen) V003519(specimen) V003520(specimen) V003521(specimen),reader-r1-53-c,high,quote-not-on-page,
batch-53.csv#515,context-held,context,S-POLYCN-TDS-Polymaker-ABS-Pro-V1-1-2026-06-01-EN,1,G027-08,Polymaker ABS-Pro,impact,HOW TO MAKE SPECIMENS,,,,,,Z axis,printed,,,"ISO 179, GB/T 1043",,HOW TO MAKE SPECIMENS,"Printing temperature 240°C | Infill 100% | Bed temperature 80°C | Shell 2 | Top & bottom layer 3 | Cooling fan OFF | Environmental Temperature Ambient | IMPACT TESTING SPECIMEN ISO 179, GB/T 1043",visual-only,agreed,PC00105,V003522(specimen) V013466(specimen) V014415(specimen),reader-r1-53-c,high,quote-not-on-page,
batch-54.csv#16,context-held,context,S-POLYCN-TDS-Polymaker-HT-PLA-Pro-V1-4-2026-7-17-EN,1,,,thermal,THERMAL PROPERTIES,,,,,,,,,as printed / annealed per row,,,THERMAL PROPERTIES,(as printed) | (annealed),text,not-required,PC00337,V003899(treatment=as-printed) V013467(treatment=as-printed) V013468(treatment=as-printed) V013469(treatment=as-printed),reader-r1-54-b,high,contradicts:V013472:treatment contradicts:V013473:treatment contradicts:V014416:treatment,each thermal row carries (as printed) or (annealed) beside it; curve results are the average of 2 samples
batch-54.csv#17,context-held,context,S-POLYCN-TDS-Polymaker-HT-PLA-Pro-V1-4-2026-7-17-EN,1,,,all,MOISTURE ABSORPTION CURVE,70% RH 23°C,,,,,,,,,,temp=23 °C; RH=70%,MOISTURE ABSORPTION CURVE,70% RH; 23°C,text,not-required,PC00337,,reader-r1-54-b,high,,graph only; no tabulated value
batch-54.csv#18,context-held,context,S-POLYCN-TDS-Polymaker-HT-PLA-Pro-V1-4-2026-7-17-EN,1,,,tensile,MECHANICAL PROPERTIES (as printed),,,,,,,printed,,as printed,,,MECHANICAL PROPERTIES (as printed),M E C H A N I C A L P R O P E R T I E S | (as printed),text,not-required,PC00143 PC00337,V003901(specimen) V003902(specimen) V003903(specimen) V003904(specimen) V003905(specimen) V003906(specimen) V003913(specimen) V003914(specimen),reader-r1-54-b,high,contradicts:V003913:treatment contradicts:V003914:treatment contradicts:V013475:treatment contradicts:V013476:treatment contradicts:V013477:treatment,
batch-54.csv#19,context-held,context,S-POLYCN-TDS-Polymaker-HT-PLA-Pro-V1-4-2026-7-17-EN,1,,,tensile,MECHANICAL PROPERTIES (after annealing),,,,,,,printed,,after annealing,,,MECHANICAL PROPERTIES (after annealing),M E C H A N I C A L P R O P E R T I E S | (after annealing),text,not-required,PC00143 PC00337,V003901(specimen) V003902(specimen) V003903(specimen) V003904(specimen) V003905(specimen) V003906(specimen) V003913(specimen) V003914(specimen),reader-r1-54-b,high,contradicts:V003901:treatment contradicts:V003902:treatment contradicts:V003903:treatment contradicts:V003904:treatment contradicts:V003905:treatment contradicts:V003906:treatment,
batch-54.csv#20,context-held,context,S-POLYCN-TDS-Polymaker-HT-PLA-Pro-V1-4-2026-7-17-EN,1,,,all,HOW TO MAKE SPECIMENS,Printing temperature 230°C; Bed temperature 65°C; Top & bottom layer 3; Infill 100%; Shell 2; Cooling fan ON; Environmental Temperature Ambient,,,,,,printed,,,,nozzle=230 °C; bed=65 °C; infill=100%; shell=2; top and bottom layers=3; fan=ON; environment=Ambient,HOW TO MAKE SPECIMENS,Printing temperature 230°C Infill 100% | Bed temperature 65°C Shell 2 | Top & bottom layer 3 Cooling fan ON | Environmental Temperature Ambient,text,not-required,PC00337,V003897(specimen) V003898(specimen) V003899(specimen) V003900(specimen) V003901(specimen) V003902(specimen) V003903(specimen) V003904(specimen) V003905(specimen) V003906(specimen) V003907(specimen) V003908(specimen) V003909(specimen) V003910(specimen) V003911(specimen) V003912(specimen) V003913(specimen) V003914(specimen) V003915(specimen) V003916(specimen) V013467(specimen) V013468(specimen) V013469(specimen) V013470(specimen) V013471(specimen) V013472(specimen) V013473(specimen) V014416(specimen),reader-r1-54-b,high,,
batch-54.csv#21,context-held,context,S-POLYCN-TDS-Polymaker-HT-PLA-Pro-V1-4-2026-7-17-EN,1,,,flexural,Flexural testing specimen,ISO 178; GB/T 9341,,,,,,printed,,,ISO 178; GB/T 9341,,HOW TO MAKE SPECIMENS,ISO 178; GB/T 9341,text,not-required,PC00144 PC00337,V003907(specimen) V003908(specimen) V003909(specimen) V003910(specimen),reader-r1-54-b,high,,
batch-54.csv#22,context-held,context,S-POLYCN-TDS-Polymaker-HT-PLA-Pro-V1-4-2026-7-17-EN,1,,,tensile,Tensile testing specimen,ISO 527; GB/T 1040,,,,,,printed,,,ISO 527; GB/T 1040,,HOW TO MAKE SPECIMENS,ISO 527; GB/T 1040,text,not-required,PC00143 PC00337,V003901(specimen) V003902(specimen) V003903(specimen) V003904(specimen) V003905(specimen) V003906(specimen) V003913(specimen) V003914(specimen),reader-r1-54-b,high,,
batch-54.csv#23,context-held,context,S-POLYCN-TDS-Polymaker-HT-PLA-Pro-V1-4-2026-7-17-EN,1,,,impact,Impact testing specimen,ISO 179; GB/T 1043,,,,,,printed,,,ISO 179; GB/T 1043,,HOW TO MAKE SPECIMENS,ISO 179; GB/T 1043,text,not-required,PC00145 PC00337,V003911(specimen) V003912(specimen) V003915(specimen) V003916(specimen),reader-r1-54-b,high,,
batch-54.csv#60,context-held,context,S-POLYCN-TDS-Polymaker-HT-PLA-Pro-V1-4-2026-7-17-EN,1,,,all,RECOMMENDED PRINTING CONDITIONS,*Based on 0.4mm nozzle,,,,,,,,,,nozzle_diameter=0.4 mm,RECOMMENDED PRINTING CONDITIONS,*Based on 0.4mm nozzle. Printing conditions may vary,text,not-required,PC00337,,reader-r1-54-b,high,,
batch-54.csv#73,context-held,context,S-POLYCN-TDS-Polymaker-PETG-V2-0-2025-11-17,1,,,all,MOISTURE ABSORPTION CURVE,70% RH; 23°C,,,,,,,,,,temp=23 °C; RH=70%,MOISTURE ABSORPTION CURVE,"70% RH, 23°C",text,not-required,PC00338,,reader-r1-54-b,high,,
batch-54.csv#79,context-held,context,S-POLYCN-TDS-Polymaker-PETG-V2-0-2025-11-17,1,,,all,HOW TO MAKE SPECIMENS,Printing temperature 240°C; Bed temperature 80°C; Top & bottom layer 3; Infill 100%; Shell 2; Cooling fan OFF; Environmental Temperature Ambient,,,,,,printed,,,,nozzle=240 °C; bed=80 °C; infill=100%; shell=2; top and bottom layers=3; fan=OFF; environment=Ambient,HOW TO MAKE SPECIMENS,Printing temperature 240°C Infill 100% | Bed temperature 80°C Shell 2 | Top & bottom layer 3 Cooling fan OFF | Environmental Temperature Ambient,text,not-required,PC00338,V003773(specimen) V003774(specimen) V003775(specimen) V003776(specimen) V003777(specimen) V003778(specimen) V003779(specimen) V003780(specimen) V003781(specimen) V003782(specimen) V003783(specimen) V003784(specimen) V003785(specimen) V003786(specimen) V003787(specimen) V013483(specimen) V013484(specimen) V013485(specimen) V013486(specimen),reader-r1-54-b,high,,
batch-54.csv#80,context-held,context,S-POLYCN-TDS-Polymaker-PETG-V2-0-2025-11-17,1,,,tensile,TENSILE TESTING SPECIMEN,"ISO 527, GB/T 1040",,,,,,printed,,,"ISO 527, GB/T 1040",,HOW TO MAKE SPECIMENS,"ISO 527, GB/T 1040",text,not-required,PC00119 PC00338,V003777(specimen) V003778(specimen) V003779(specimen) V003780(specimen) V003781(specimen) V003782(specimen),reader-r1-54-b,high,,
batch-54.csv#81,context-held,context,S-POLYCN-TDS-Polymaker-PETG-V2-0-2025-11-17,1,,,flexural,FLEXURAL TESTING SPECIMEN,"ISO 178, GB/T 9341",,,,,,printed,,,"ISO 178, GB/T 9341",,HOW TO MAKE SPECIMENS,"ISO 178, GB/T 9341",text,not-required,PC00120 PC00338,V003783(specimen) V003784(specimen) V003785(specimen) V003786(specimen),reader-r1-54-b,high,,
batch-54.csv#82,context-held,context,S-POLYCN-TDS-Polymaker-PETG-V2-0-2025-11-17,1,,,impact,IMPACT TESTING SPECIMEN,"ISO 179, GB/T 1043",,,,,,printed,,,"ISO 179, GB/T 1043",,HOW TO MAKE SPECIMENS,"ISO 179, GB/T 1043",text,not-required,PC00121 PC00338,V003787(specimen),reader-r1-54-b,high,,
batch-54.csv#116,context-held,context,S-POLYCN-TDS-Polymaker-PLA-Pro-v6-0-2026-01-30-EN,1,,,all,MOISTURE ABSORPTION CURVE,70% RH; 23°C,,,,,,,,,,temp=23 °C; RH=70%,MOISTURE ABSORPTION CURVE,"70% RH, 23°C",text,not-required,PC00339,,reader-r1-54-b,high,,
batch-54.csv#124,context-held,context,S-POLYCN-TDS-Polymaker-PLA-Pro-v6-0-2026-01-30-EN,1,,,all,HOW TO MAKE SPECIMENS,Printing temperature 230°C; Bed temperature 60°C; Top & bottom layer 3; Infill 100%; Shell 2; Cooling fan 100%; Environmental Temperature 24°C; specimen printed on Bambu Lab P1S,,,,,,printed,,,,nozzle=230 °C; bed=60 °C; infill=100%; shell=2; top and bottom layers=3; fan=100%; environment=24 °C,HOW TO MAKE SPECIMENS,Printing temperature 230°C Infill 100% | Bed temperature 60°C Shell 2 | Top & bottom layer 3 Cooling fan 100% | Environmental Temperature 24°C | *Based on specimen printed on Bambu Lab P1S,text,not-required,PC00339,V003917(specimen) V003918(specimen) V003919(specimen) V003920(specimen) V003921(specimen) V003922(specimen) V003923(specimen) V003924(specimen) V003925(specimen) V003926(specimen) V003927(specimen) V003928(specimen) V003929(specimen) V003930(specimen) V003931(specimen) V003932(specimen) V013488(specimen) V013489(specimen) V013490(specimen) V013491(specimen) V013492(specimen),reader-r1-54-b,high,,
batch-54.csv#125,context-held,context,S-POLYCN-TDS-Polymaker-PLA-Pro-v6-0-2026-01-30-EN,1,,,tensile,TENSILE TESTING SPECIMEN,"ISO 527, GB/T 1040",,,,,,printed,,,"ISO 527, GB/T 1040",,HOW TO MAKE SPECIMENS,"ISO 527, GB/T 1040",text,not-required,PC00017 PC00339,V003922(specimen) V003923(specimen) V003924(specimen) V003925(specimen) V003926(specimen) V003927(specimen),reader-r1-54-b,high,,
batch-54.csv#126,context-held,context,S-POLYCN-TDS-Polymaker-PLA-Pro-v6-0-2026-01-30-EN,1,,,flexural,FLEXURAL TESTING SPECIMEN,"ISO 178, GB/T 9341",,,,,,printed,,,"ISO 178, GB/T 9341",,HOW TO MAKE SPECIMENS,"ISO 178, GB/T 9341",text,not-required,PC00018 PC00339,V003928(specimen) V003929(specimen) V003930(specimen) V003931(specimen),reader-r1-54-b,high,,
batch-54.csv#127,context-held,context,S-POLYCN-TDS-Polymaker-PLA-Pro-v6-0-2026-01-30-EN,1,,,impact,IMPACT TESTING SPECIMEN,"ISO 179, GB/T 1043",,,,,,printed,,,"ISO 179, GB/T 1043",,HOW TO MAKE SPECIMENS,"ISO 179, GB/T 1043",text,not-required,PC00019 PC00339,V003932(specimen),reader-r1-54-b,high,,
batch-54.csv#161,context-held,context,S-POLYCN-TDS-Polymaker-PolyFlex-TPU90-V5-6-2025-12-11-EN,1,,,all,MOISTURE ABSORPTION CURVE,70% RH; 23°C,,,,,,,,,,temp=23 °C; RH=70%,MOISTURE ABSORPTION CURVE,"70% RH, 23°C",text,not-required,PC00340,,reader-r1-54-b,high,,
batch-54.csv#162,context-held,context,S-POLYCN-TDS-Polymaker-PolyFlex-TPU90-V5-6-2025-12-11-EN,1,,,all,HOW TO MAKE SPECIMENS,Printing temperature 230°C; Bed temperature 50°C; Top & bottom layer 3; Infill 100%; Shell 2; Cooling fan ON; Environmental Temperature Ambient; *Based on testing with Polymaker™ PC-ABS Black (SKU: PD02001),,,,,,printed,,,,nozzle=230 °C; bed=50 °C; infill=100%; shell=2; top and bottom layers=3; fan=ON; environment=Ambient,HOW TO MAKE SPECIMENS,Printing temperature 230°C Infill 100% | Bed temperature 50°C Shell 2 | Top & bottom layer 3 Cooling fan ON | Environmental Temperature Ambient | *Based on testing with Polymaker™ PC-ABS Black (SKU: PD02001),text,not-required,PC00340,V003504(specimen) V003505(specimen) V003506(specimen) V003507(specimen),reader-r1-54-b,high,,footnote names a different product (PC-ABS Black) for the testing
batch-54.csv#163,context-held,context,S-POLYCN-TDS-Polymaker-PolyFlex-TPU90-V5-6-2025-12-11-EN,1,,,tensile,TENSILE TESTING SPECIMEN,"ISO 527, GB/T 1040",,,,,,printed,,,"ISO 527, GB/T 1040",,HOW TO MAKE SPECIMENS,"ISO 527, GB/T 1040",text,not-required,PC00340,,reader-r1-54-b,high,no-held-rows-on-page-in-scope,mechanical table cites ISO 37 not ISO 527
batch-54.csv#164,context-held,context,S-POLYCN-TDS-Polymaker-PolyFlex-TPU90-V5-6-2025-12-11-EN,1,,,flexural,FLEXURAL TESTING SPECIMEN,"ISO 178, GB/T 9341",,,,,,printed,,,"ISO 178, GB/T 9341",,HOW TO MAKE SPECIMENS,"ISO 178, GB/T 9341",text,not-required,PC00340,,reader-r1-54-b,high,no-held-rows-on-page-in-scope,
batch-54.csv#165,context-held,context,S-POLYCN-TDS-Polymaker-PolyFlex-TPU90-V5-6-2025-12-11-EN,1,,,impact,IMPACT TESTING SPECIMEN,"ISO 179, GB/T 1043",,,,,,printed,,,"ISO 179, GB/T 1043",,HOW TO MAKE SPECIMENS,"ISO 179, GB/T 1043",text,not-required,PC00340,,reader-r1-54-b,high,no-held-rows-on-page-in-scope,
batch-54.csv#195,context-held,context,S-POLYCN-TDS-Polymaker-PolyFlex-TPU95-HF-V5-5-2025-12-29-EN,1,,,all,MOISTURE ABSORPTION CURVE,70% RH; 23°C,,,,,,,,,,temp=23 °C; RH=70%,MOISTURE ABSORPTION CURVE,"70% RH, 23°C",text,not-required,PC00341,,reader-r1-54-b,high,,
batch-54.csv#196,context-held,context,S-POLYCN-TDS-Polymaker-PolyFlex-TPU95-HF-V5-5-2025-12-29-EN,1,,,all,HOW TO MAKE SPECIMENS,Printing temperature 220°C; Bed temperature 60°C; Top & bottom layer 3; Infill 100%; Shell 2; Cooling fan ON; Environmental Temperature Ambient; *Based on testing with Polymaker™ PolyFlex TPU95-HF (SKU: PD03001),,,,,,printed,,,,nozzle=220 °C; bed=60 °C; infill=100%; shell=2; top and bottom layers=3; fan=ON; environment=Ambient,HOW TO MAKE SPECIMENS,Printing temperature 220°C Infill 100% | Bed temperature 60°C Shell 2 | Top & bottom layer 3 Cooling fan ON | Environmental Temperature Ambient | *Based on testing with Polymaker™ PolyFlex TPU95-HF (SKU: PD03001),text,not-required,PC00341,V003743(specimen) V003744(specimen) V003745(specimen) V003746(specimen) V003747(specimen) V003748(specimen),reader-r1-54-b,high,,
batch-54.csv#197,context-held,context,S-POLYCN-TDS-Polymaker-PolyFlex-TPU95-HF-V5-5-2025-12-29-EN,1,,,tensile,TENSILE TESTING SPECIMEN,"ISO 527, GB/T 1040",,,,,,printed,,,"ISO 527, GB/T 1040",,HOW TO MAKE SPECIMENS,"ISO 527, GB/T 1040",text,not-required,PC00118 PC00341,V003746(specimen) V003747(specimen),reader-r1-54-b,high,,mechanical table cites ISO 37
batch-54.csv#227,context,context,S-POLYCN-TDS-Polymaker-PolyFlex-TPU95-V5-5-2025-12-29-EN,1,,,all,MOISTURE ABSORPTION CURVE,70% RH; 23°C,,,,,,,,,,temp=23 °C; RH=70%,MOISTURE ABSORPTION CURVE,"70% RH, 23°C",text,not-required,,,reader-r1-54-b,high,,
batch-54.csv#228,context,context,S-POLYCN-TDS-Polymaker-PolyFlex-TPU95-V5-5-2025-12-29-EN,1,,,all,HOW TO MAKE SPECIMENS,Printing temperature 230°C; Bed temperature 50°C; Top & bottom layer 3; Infill 100%; Shell 2; Cooling fan ON; Environmental Temperature Ambient; *Based on testing with Polymaker™ PolyFlex™ TPU95 Black (SKU: PD01001),,,,,,printed,,,,nozzle=230 °C; bed=50 °C; infill=100%; shell=2; top and bottom layers=3; fan=ON; environment=Ambient,HOW TO MAKE SPECIMENS,Printing temperature 230°C Infill 100% | Bed temperature 50°C Shell 2 | Top & bottom layer 3 Cooling fan ON | Environmental Temperature Ambient | *Based on testing with Polymaker™ PolyFlex™ TPU95 Black (SKU: PD01001),text,not-required,,V003829(specimen) V003830(specimen) V003831(specimen) V003832(specimen),reader-r1-54-b,high,,
batch-54.csv#229,context-held,context,S-POLYCN-TDS-Polymaker-PolyFlex-TPU95-V5-5-2025-12-29-EN,1,,,tensile,TENSILE TESTING SPECIMEN,"ISO 37, GB/T 528",,,,,,printed,,,"ISO 37, GB/T 528",,HOW TO MAKE SPECIMENS,"ISO 37, GB/T 528",text,not-required,PC00342,,reader-r1-54-b,high,,
batch-54.csv#258,context-held,context,S-POLYCN-TDS-Polymaker-PolyLite-CosPLA-Version-A-V5-5-2025-12-30-EN,1,,,all,MOISTURE ABSORPTION CURVE,70% RH; 23°C,,,,,,,,,,temp=23 °C; RH=70%,MOISTURE ABSORPTION CURVE,"70% RH, 23°C",text,not-required,PC00343,,reader-r1-54-b,high,,
batch-54.csv#266,context-held,context,S-POLYCN-TDS-Polymaker-PolyLite-CosPLA-Version-A-V5-5-2025-12-30-EN,1,,,all,HOW TO MAKE SPECIMENS,Printing temperature 230°C; Bed temperature 50°C; Top & bottom layer 3; Infill 100%; Shell 2; Cooling fan ON; Environmental Temperature Ambient temp.; *Based on testing with Polymaker™ PolyLite™ CosPLA (SKU: PA05006),,,,,,printed,,,,nozzle=230 °C; bed=50 °C; infill=100%; shell=2; top and bottom layers=3; fan=ON; environment=Ambient temp.,HOW TO MAKE SPECIMENS,Printing temperature 230°C Infill 100% | Bed temperature 50°C Shell 2 | Top & bottom layer 3 Cooling fan ON | Environmental Temperature Ambient temp. | *Based on testing with Polymaker™ PolyLite™ CosPLA (SKU: PA05006),text,not-required,PC00343,V003867(specimen) V003868(specimen) V003869(specimen) V003870(specimen) V003871(specimen) V003872(specimen) V003873(specimen) V003874(specimen) V003875(specimen) V003876(specimen) V003877(specimen) V003878(specimen) V003879(specimen) V013497(specimen) V013498(specimen) V013499(specimen) V013500(specimen),reader-r1-54-b,high,,
batch-54.csv#267,context-held,context,S-POLYCN-TDS-Polymaker-PolyLite-CosPLA-Version-A-V5-5-2025-12-30-EN,1,,,tensile,TENSILE TESTING SPECIMEN,"ISO 527, GB/T 1040",,,,,,printed,,,"ISO 527, GB/T 1040",,HOW TO MAKE SPECIMENS,"ISO 527, GB/T 1040",text,not-required,PC00137 PC00343,V003871(specimen) V003872(specimen) V003873(specimen) V003874(specimen) V003875(specimen) V003876(specimen),reader-r1-54-b,high,,
batch-54.csv#268,context-held,context,S-POLYCN-TDS-Polymaker-PolyLite-CosPLA-Version-A-V5-5-2025-12-30-EN,1,,,flexural,FLEXURAL TESTING SPECIMEN,"ISO 178, GB/T 9341",,,,,,printed,,,"ISO 178, GB/T 9341",,HOW TO MAKE SPECIMENS,"ISO 178, GB/T 9341",text,not-required,PC00138 PC00343,V003877(specimen) V003878(specimen),reader-r1-54-b,high,,mechanical table lists ISO 527 beside the bending rows
batch-54.csv#269,context-held,context,S-POLYCN-TDS-Polymaker-PolyLite-CosPLA-Version-A-V5-5-2025-12-30-EN,1,,,impact,IMPACT TESTING SPECIMEN,"ISO 179, GB/T 1043",,,,,,printed,,,"ISO 179, GB/T 1043",,HOW TO MAKE SPECIMENS,"ISO 179, GB/T 1043",text,not-required,PC00139 PC00343,V003879(specimen),reader-r1-54-b,high,,
batch-54.csv#302,context-held,context,S-POLYCN-TDS-Polymaker-PolyLite-PLA-Pro-V5-6-2026-01-05-EN,1,,,all,MOISTURE ABSORPTION CURVE,70% RH; 23°C,,,,,,,,,,temp=23 °C; RH=70%,MOISTURE ABSORPTION CURVE,"70% RH, 23°C",text,not-required,PC00344,,reader-r1-54-b,high,,
batch-54.csv#310,context-held,context,S-POLYCN-TDS-Polymaker-PolyLite-PLA-Pro-V5-6-2026-01-05-EN,1,,,all,HOW TO MAKE SPECIMENS,Printing temperature 230°C; Bed temperature 50°C; Top & bottom layer 3; Infill 100%; Shell 2; Cooling fan ON; Environmental Temperature Ambient temp.; *Based on testing with Polymaker™ PolyLite™ PLA Pro (SKU: PA07057),,,,,,printed,,,,nozzle=230 °C; bed=50 °C; infill=100%; shell=2; top and bottom layers=3; fan=ON; environment=Ambient temp.,HOW TO MAKE SPECIMENS,Printing temperature 230°C Infill 100% | Bed temperature 50°C Shell 2 | Top & bottom layer 3 Cooling fan ON | Environmental Temperature Ambient temp. | *Based on testing with Polymaker™ PolyLite™ PLA Pro (SKU: PA07057),text,not-required,PC00344,V003834(specimen) V003835(specimen) V003836(specimen) V003837(specimen) V003838(specimen) V003839(specimen) V003840(specimen) V003841(specimen) V003842(specimen) V003843(specimen) V003844(specimen) V003845(specimen) V003846(specimen) V003847(specimen) V013501(specimen) V013502(specimen) V013503(specimen),reader-r1-54-b,high,,
batch-54.csv#311,context-held,context,S-POLYCN-TDS-Polymaker-PolyLite-PLA-Pro-V5-6-2026-01-05-EN,1,,,tensile,TENSILE TESTING SPECIMEN,"ISO 527, GB/T 1040",,,,,,printed,,,"ISO 527, GB/T 1040",,HOW TO MAKE SPECIMENS,"ISO 527, GB/T 1040",text,not-required,PC00130 PC00344,V003839(specimen) V003840(specimen) V003841(specimen) V003842(specimen) V003843(specimen) V003844(specimen),reader-r1-54-b,high,,
batch-54.csv#312,context-held,context,S-POLYCN-TDS-Polymaker-PolyLite-PLA-Pro-V5-6-2026-01-05-EN,1,,,flexural,FLEXURAL TESTING SPECIMEN,"ISO 178, GB/T 9341",,,,,,printed,,,"ISO 178, GB/T 9341",,HOW TO MAKE SPECIMENS,"ISO 178, GB/T 9341",text,not-required,PC00131 PC00344,V003845(specimen) V003846(specimen),reader-r1-54-b,high,,mechanical table lists ISO 527 beside the bending rows
batch-54.csv#313,context-held,context,S-POLYCN-TDS-Polymaker-PolyLite-PLA-Pro-V5-6-2026-01-05-EN,1,,,impact,IMPACT TESTING SPECIMEN,"ISO 179, GB/T 1043",,,,,,printed,,,"ISO 179, GB/T 1043",,HOW TO MAKE SPECIMENS,"ISO 179, GB/T 1043",text,not-required,PC00132 PC00344,V003847(specimen),reader-r1-54-b,high,,
batch-54.csv#347,context-held,context,S-POLYCN-TDS-Polymaker-PolyMax-PC-V5-5-2026-01-05-EN,1,,,all,MOISTURE ABSORPTION CURVE,70% RH; 23°C,,,,,,,,,,temp=23 °C; RH=70%,MOISTURE ABSORPTION CURVE,"70% RH, 23°C",text,not-required,PC00345,,reader-r1-54-b,high,,
batch-54.csv#355,context-held,context,S-POLYCN-TDS-Polymaker-PolyMax-PC-V5-5-2026-01-05-EN,1,,,all,HOW TO MAKE SPECIMENS,Printing temperature 260°C; Bed temperature 100°C; Top & bottom layer 3; Infill 100%; Shell 2; Cooling fan OFF; Environmental Temperature 90°C; *Based on testing with PolyMax™ PC (SKU: PC02003),,,,,,printed,,,,nozzle=260 °C; bed=100 °C; infill=100%; shell=2; top and bottom layers=3; fan=OFF; environment=90 °C,HOW TO MAKE SPECIMENS,Printing temperature 260°C Infill 100% | Bed temperature 100°C Shell 2 | Top & bottom layer 3 Cooling fan OFF | Environmental Temperature 90°C | *Based on testing with PolyMax™ PC (SKU: PC02003),text,not-required,PC00345,V003433(specimen) V003434(specimen) V003435(specimen) V003436(specimen) V003437(specimen) V003438(specimen) V003439(specimen) V003440(specimen) V003441(specimen) V003442(specimen) V003443(specimen) V003444(specimen) V003445(specimen) V011819(specimen) V013504(specimen) V013505(specimen) V013506(specimen),reader-r1-54-b,high,,
batch-54.csv#356,context-held,context,S-POLYCN-TDS-Polymaker-PolyMax-PC-V5-5-2026-01-05-EN,1,,,tensile,TENSILE TESTING SPECIMEN,"ISO 527, GB/T 1040",,,,,,printed,,,"ISO 527, GB/T 1040",,HOW TO MAKE SPECIMENS,"ISO 527, GB/T 1040",text,not-required,PC00093 PC00345,V003437(specimen) V003438(specimen) V003439(specimen) V003440(specimen) V003441(specimen) V003442(specimen),reader-r1-54-b,high,,
batch-54.csv#357,context-held,context,S-POLYCN-TDS-Polymaker-PolyMax-PC-V5-5-2026-01-05-EN,1,,,flexural,FLEXURAL TESTING SPECIMEN,"ISO 178, GB/T 9341",,,,,,printed,,,"ISO 178, GB/T 9341",,HOW TO MAKE SPECIMENS,"ISO 178, GB/T 9341",text,not-required,PC00094 PC00345,V003443(specimen) V003444(specimen),reader-r1-54-b,high,,mechanical table lists ISO 527 beside the bending rows
batch-54.csv#358,context-held,context,S-POLYCN-TDS-Polymaker-PolyMax-PC-V5-5-2026-01-05-EN,1,,,impact,IMPACT TESTING SPECIMEN,"ISO 179, GB/T 1043",,,,,,printed,,,"ISO 179, GB/T 1043",,HOW TO MAKE SPECIMENS,"ISO 179, GB/T 1043",text,not-required,PC00095 PC00345,V003445(specimen),reader-r1-54-b,high,,
batch-54.csv#395,context-held,context,S-POLYCN-TDS-Polymaker-PolyMax-PETG-V5-5-2026-01-06-EN,1,,,all,MOISTURE ABSORPTION CURVE,70% RH; 23°C,,,,,,,,,,temp=23 °C; RH=70%,MOISTURE ABSORPTION CURVE,"70% RH, 23°C",text,not-required,PC00346,,reader-r1-54-b,high,,
batch-54.csv#403,context-held,context,S-POLYCN-TDS-Polymaker-PolyMax-PETG-V5-5-2026-01-06-EN,1,,,all,HOW TO MAKE SPECIMENS,Printing temperature 240°C; Bed temperature 80°C; Top & bottom layer 3; Infill 100%; Shell 2; Cooling fan OFF; Environmental Temperature Ambient temp.; *Based on testing with Polymaker™ PolyMax™ PETG (SKU: PB02002),,,,,,printed,,,,nozzle=240 °C; bed=80 °C; infill=100%; shell=2; top and bottom layers=3; fan=OFF; environment=Ambient temp.,HOW TO MAKE SPECIMENS,Printing temperature 240°C Infill 100% | Bed temperature 80°C Shell 2 | Top & bottom layer 3 Cooling fan OFF | Environmental Temperature Ambient temp. | *Based on testing with Polymaker™ PolyMax™ PETG (SKU: PB02002),text,not-required,PC00346,V004010(specimen) V004011(specimen) V004012(specimen) V004013(specimen) V004014(specimen) V004015(specimen) V004016(specimen) V004017(specimen) V004018(specimen) V004019(specimen) V004020(specimen) V004021(specimen) V004022(specimen) V004023(specimen) V004024(specimen) V004025(specimen) V013507(specimen) V013508(specimen) V013509(specimen),reader-r1-54-b,high,,
batch-54.csv#404,context-held,context,S-POLYCN-TDS-Polymaker-PolyMax-PETG-V5-5-2026-01-06-EN,1,,,tensile,TENSILE TESTING SPECIMEN,"ISO 527, GB/T 1040",,,,,,printed,,,"ISO 527, GB/T 1040",,HOW TO MAKE SPECIMENS,"ISO 527, GB/T 1040",text,not-required,PC00152 PC00346,V004015(specimen) V004016(specimen) V004017(specimen) V004018(specimen) V004019(specimen) V004020(specimen),reader-r1-54-b,high,,
batch-54.csv#405,context-held,context,S-POLYCN-TDS-Polymaker-PolyMax-PETG-V5-5-2026-01-06-EN,1,,,flexural,FLEXURAL TESTING SPECIMEN,"ISO 178, GB/T 9341",,,,,,printed,,,"ISO 178, GB/T 9341",,HOW TO MAKE SPECIMENS,"ISO 178, GB/T 9341",text,not-required,PC00153 PC00346,V004021(specimen) V004022(specimen) V004023(specimen),reader-r1-54-b,high,,
batch-54.csv#406,context-held,context,S-POLYCN-TDS-Polymaker-PolyMax-PETG-V5-5-2026-01-06-EN,1,,,impact,IMPACT TESTING SPECIMEN,"ISO 179, GB/T 1043",,,,,,printed,,,"ISO 179, GB/T 1043",,HOW TO MAKE SPECIMENS,"ISO 179, GB/T 1043",text,not-required,PC00154 PC00346,V004024(specimen) V004025(specimen),reader-r1-54-b,high,,
batch-54.csv#441,context-held,context,S-POLYCN-TDS-Polymaker-PolyMax-PLA-V5-5-2026-01-06-EN,1,,,all,MOISTURE ABSORPTION CURVE,70% RH; 23°C,,,,,,,,,,temp=23 °C; RH=70%,MOISTURE ABSORPTION CURVE,"70% RH, 23°C",text,not-required,PC00347,,reader-r1-54-b,high,,
batch-54.csv#449,context-held,context,S-POLYCN-TDS-Polymaker-PolyMax-PLA-V5-5-2026-01-06-EN,1,,,all,HOW TO MAKE SPECIMENS,Printing temperature 230°C; Bed temperature 50°C; Top & bottom layer 3; Infill 100%; Shell 2; Cooling fan ON; Environmental Temperature Ambient temp.; *Based on testing with Polymaker™ PolyMax™ PLA (SKU: PA06013),,,,,,printed,,,,nozzle=230 °C; bed=50 °C; infill=100%; shell=2; top and bottom layers=3; fan=ON; environment=Ambient temp.,HOW TO MAKE SPECIMENS,Printing temperature 230°C Infill 100% | Bed temperature 50°C Shell 2 | Top & bottom layer 3 Cooling fan ON | Environmental Temperature Ambient temp. | *Based on testing with Polymaker™ PolyMax™ PLA (SKU: PA06013),text,not-required,PC00347,V003724(specimen) V003725(specimen) V003726(specimen) V003727(specimen) V003728(specimen) V003729(specimen) V003730(specimen) V003731(specimen) V003732(specimen) V003733(specimen) V003734(specimen) V003735(specimen) V003736(specimen) V003737(specimen) V013510(specimen) V013511(specimen) V013512(specimen) V013513(specimen),reader-r1-54-b,high,,
batch-54.csv#450,context-held,context,S-POLYCN-TDS-Polymaker-PolyMax-PLA-V5-5-2026-01-06-EN,1,,,tensile,TENSILE TESTING SPECIMEN,"ISO 527, GB/T 1040",,,,,,printed,,,"ISO 527, GB/T 1040",,HOW TO MAKE SPECIMENS,"ISO 527, GB/T 1040",text,not-required,PC00115 PC00347,V003729(specimen) V003730(specimen) V003731(specimen) V003732(specimen) V003733(specimen) V003734(specimen),reader-r1-54-b,high,,
batch-54.csv#451,context-held,context,S-POLYCN-TDS-Polymaker-PolyMax-PLA-V5-5-2026-01-06-EN,1,,,flexural,FLEXURAL TESTING SPECIMEN,"ISO 178, GB/T 9341",,,,,,printed,,,"ISO 178, GB/T 9341",,HOW TO MAKE SPECIMENS,"ISO 178, GB/T 9341",text,not-required,PC00116 PC00347,V003735(specimen) V003736(specimen),reader-r1-54-b,high,,
batch-54.csv#452,context-held,context,S-POLYCN-TDS-Polymaker-PolyMax-PLA-V5-5-2026-01-06-EN,1,,,impact,IMPACT TESTING SPECIMEN,"ISO 179, GB/T 1043",,,,,,printed,,,"ISO 179, GB/T 1043",,HOW TO MAKE SPECIMENS,"ISO 179, GB/T 1043",text,not-required,PC00117 PC00347,V003737(specimen),reader-r1-54-b,high,,
batch-54.csv#487,context,context,S-POLYCN-TDS-Polymaker-PolySonic-PLA-Pro-6-0-2026-06-08-EN,1,,,all,MOISTURE ABSORPTION CURVE,70% RH; 23°C,,,,,,,,,,temp=23 °C; RH=70%,MOISTURE ABSORPTION CURVE,"70% RH, 23°C",text,not-required,,,reader-r1-54-b,high,,
batch-54.csv#495,context,context,S-POLYCN-TDS-Polymaker-PolySonic-PLA-Pro-6-0-2026-06-08-EN,1,,,all,HOW TO MAKE SPECIMENS,Printing temperature 210 °C/230 °C; Bed temperature 50 °C; Top & bottom layer 3; Infill 100%; Shell 2; Cooling fan ON; Environmental temperature Ambient,,,,,,printed,,,,nozzle=210 °C (classic) / 230 °C (high speed); bed=50 °C; infill=100%; shell=2; top and bottom layers=3; fan=ON; environment=Ambient,HOW TO MAKE SPECIMENS,Printing temperature 210 °C/230 °C Infill 100% | Bed temperature 50 °C Shell 2 | Top & bottom layer 3 Cooling fan ON | Environmental temperature Ambient,text,not-required,,V003477(specimen) V003478(specimen) V003479(specimen) V003480(specimen) V003481(specimen) V003482(specimen) V003483(specimen) V003484(specimen) V003485(specimen) V003486(specimen) V003487(specimen) V003488(specimen) V013514(specimen) V013515(specimen) V013516(specimen) V013517(specimen) V013518(specimen) V013519(specimen),reader-r1-54-b,high,,
batch-54.csv#496,context-held,context,S-POLYCN-TDS-Polymaker-PolySonic-PLA-Pro-6-0-2026-06-08-EN,1,,,tensile,MECHANICAL PROPERTIES - Classic Speed,"* Based on 0.4 mm nozzle and 0.2mm layer thickness. Classic printing speed = 46.7mm/s, printing temperature = 210 °C",,,,,,printed,,,,mode=Classic; print speed=46.7 mm/s; printing temperature=210 °C; nozzle=0.4 mm; layer=0.2 mm,MECHANICAL PROPERTIES - Classic Speed,"* Based on 0.4 mm nozzle and 0.2mm layer thickness. Classic printing speed = 46.7mm/s, printing temperature = 210 °C",text,not-required,PC00098,V003481(specimen) V003482(specimen) V003483(specimen) V003484(specimen) V003485(specimen) V003486(specimen),reader-r1-54-b,high,,applies to the Classic Speed table
batch-54.csv#497,context-held,context,S-POLYCN-TDS-Polymaker-PolySonic-PLA-Pro-6-0-2026-06-08-EN,1,,,tensile,MECHANICAL PROPERTIES - High Speed,"* Based on 0.4 mm nozzle and 0.2mm layer thickness. High printing speed = 300mm/s, printing temperature = 230 °C",,,,,,printed,,,,mode=High speed; print speed=300 mm/s; printing temperature=230 °C; nozzle=0.4 mm; layer=0.2 mm,MECHANICAL PROPERTIES - High Speed,"* Based on 0.4 mm nozzle and 0.2mm layer thickness. High printing speed = 300mm/s, printing temperature = 230 °C",text,not-required,PC00098,V003481(specimen) V003482(specimen) V003483(specimen) V003484(specimen) V003485(specimen) V003486(specimen),reader-r1-54-b,high,,applies to the High Speed table
batch-54.csv#498,context-held,context,S-POLYCN-TDS-Polymaker-PolySonic-PLA-Pro-6-0-2026-06-08-EN,1,,,tensile,TENSILE TESTING SPECIMEN,"ISO 527, GB/T 1040",,,,,,printed,,,"ISO 527, GB/T 1040",,HOW TO MAKE SPECIMENS,"ISO 527, GB/T 1040",text,not-required,PC00098,V003481(specimen) V003482(specimen) V003483(specimen) V003484(specimen) V003485(specimen) V003486(specimen),reader-r1-54-b,high,,
batch-54.csv#499,context-held,context,S-POLYCN-TDS-Polymaker-PolySonic-PLA-Pro-6-0-2026-06-08-EN,1,,,flexural,FLEXURAL TESTING SPECIMEN,"ISO 178, GB/T 9341",,,,,,printed,,,"ISO 178, GB/T 9341",,HOW TO MAKE SPECIMENS,"ISO 178, GB/T 9341",text,not-required,PC00099,V003487(specimen) V003488(specimen),reader-r1-54-b,high,,
batch-54.csv#500,context-held,context,S-POLYCN-TDS-Polymaker-PolySonic-PLA-Pro-6-0-2026-06-08-EN,1,,,impact,IMPACT TESTING SPECIMEN,"ISO 179, GB/T 1043",,,,,,printed,,,"ISO 179, GB/T 1043",,HOW TO MAKE SPECIMENS,"ISO 179, GB/T 1043",text,not-required,PC00348,,reader-r1-54-b,high,,
batch-54.csv#549,context,context,S-POLYCN-TDS-Polymaker-PolySupport-v5-5-2026-01-14-EN,1,,,all,MOISTURE ABSORPTION CURVE,70% RH; 23°C,,,,,,,,,,temp=23 °C; RH=70%,MOISTURE ABSORPTION CURVE,"70% RH, 23°C",text,not-required,,,reader-r1-54-b,high,,
batch-54.csv#572,context,context,S-POLYCN-TDS-Polymaker-PolySupport-v5-5-2026-01-14-EN,1,,,all,NOTE,*Based on testing with Polymaker™ PolySupport™ (SKU: PD04001),,,,,,,,,,,NOTE,*Based on testing with Polymaker™ PolySupport™ (SKU: PD04001),text,not-required,,,reader-r1-54-b,high,,
batch-54.csv#597,context,context,S-POLYFLEX-TPU95-PAGE,1,,,all,Technical Specifications,Tested on 100% infill specimens. X-Y = across the layers; Z = between the layers (layer adhesion).,,,,,,,,,,infill=100%,Technical Specifications,Tested on 100% infill specimens. X-Y = across the layers; Z = between the layers (layer adhesion).,text,not-required,,,reader-r1-54-b,high,,
batch-54.csv#635,context,context,R-3DJAKE-TDS-BrassBronzeCopper-HTPLA-1-0-0,1,G001-139,"Brass Fill, Bronze Fill, Copper Fill HTPLA",all,Print Settings basis,Based on Ultimaker s5 .15mm Profile,,,,,,,,,,,Print Settings,(Based on Ultimaker s5 .15mm Profile),text,not-required,,,reader-r1-54-c,high,,
batch-54.csv#662,context,context,R-3DJAKE-TDS-Iron-PLA-1-0-1,1,G001-138,Magnetic Iron PLA,all,Print Settings basis,Based on Ultimaker s5 .15mm Profile,,,,,,,,,,,Print Settings,(Based on Ultimaker s5 .15mm Profile),text,not-required,,,reader-r1-54-c,high,,
batch-54.csv#684,context,context,R-3DJAKE-TDS-Stainless-Steel-PLA-1-0-1,1,G001-133,Stainless Steel PLA,all,Print Settings basis,Based on Ultimaker s5 .15mm Profile,,,,,,,,,,,Print Settings,(Based on Ultimaker s5 .15mm Profile),text,not-required,,,reader-r1-54-c,high,,
batch-55.csv#36,context,context,S-PVB-0eaa8597-prusament-rpla-natural-pigments-technical-data-sheet,2,,,all,Typical material properties,,,,,,,,,,,,Typical material properties,Typical material properties,text,not-required,,,reader-r1-55,high,,heading of the typical-value table (no specimen stated)
batch-55.csv#47,context,context,S-PVB-0eaa8597-prusament-rpla-natural-pigments-technical-data-sheet,2,,,all,Mechanical properties of 3D printed testing specimens(3),,,,,,,printed,,,,,Mechanical properties of 3D printed testing specimens(3),Mechanical properties of 3D printed testing specimens(3),text,not-required,,V006664(specimen) V013534(specimen) V013535(specimen) V013536(specimen) V013537(specimen) V013538(specimen) V013539(specimen) V013540(specimen) V013542(specimen),reader-r1-55,high,,applies to the Horizontal / Vertical xz table
batch-55.csv#64,context,context,S-PVB-0eaa8597-prusament-rpla-natural-pigments-technical-data-sheet,3,,,all,Footnote (3) specimens,,,,,,,printed,,,,,Footnote (3),(3) Original Prusa i3 MK3S+ 3D printer was used to make testing specimens. Prusa Slicer 2.6.0 was used to create G-codes with the following settings:,text,not-required,,,reader-r1-55,high,no-held-rows-on-page-in-scope,printed specimens
batch-55.csv#79,context,context,S-PVB-269cd3c8-prusament-pla-hs-technical-datasheet,2,,,all,Typical material properties,,,,,,,,,,,,Typical material properties,Typical material properties,text,not-required,,,reader-r1-55,high,,heading of the typical-value table (no specimen stated)
batch-55.csv#91,context,context,S-PVB-269cd3c8-prusament-pla-hs-technical-datasheet,2,,,all,Mechanical properties of 3D printed testing specimens(4),,,,,,,printed,,,,,Mechanical properties of 3D printed testing specimens(4),Mechanical properties of 3D printed testing specimens(4),text,not-required,,V006932(specimen) V013549(specimen) V013550(specimen) V013551(specimen) V013552(specimen) V013553(specimen) V013554(specimen),reader-r1-55,high,,applies to the Horizontal / Vertical xz table
batch-55.csv#108,context,context,S-PVB-269cd3c8-prusament-pla-hs-technical-datasheet,3,,,all,Footnote (4) specimens,,,,,,,printed,,,,,Footnote (4),(4) The Prusa CORE One printer with firmware 6.4.0 and a 0.4mm High-Flow CHT nozzle was used to make testing specimens.,text,not-required,,,reader-r1-55,high,no-held-rows-on-page-in-scope,printed specimens
batch-55.csv#126,context,context,S-PVB-512923fd-tds-pp-glass-fiber-en,2,,,all,Typical material properties,,,,,,,,,,,,Typical material properties,Typical material properties,text,not-required,,,reader-r1-55,high,,heading of the typical-value table (no specimen stated)
batch-55.csv#137,context,context,S-PVB-512923fd-tds-pp-glass-fiber-en,2,,,all,Mechanical properties of 3D printed testing specimens(3),,,,,,,printed,,,,,Mechanical properties of 3D printed testing specimens(3),Mechanical properties of 3D printed testing specimens(3),text,not-required,,V007361(specimen) V013561(specimen) V013562(specimen) V013563(specimen) V013564(specimen) V013565(specimen) V013567(specimen),reader-r1-55,high,,applies to the Horizontal / Vertical xz table
batch-55.csv#154,context,context,S-PVB-512923fd-tds-pp-glass-fiber-en,3,,,all,Footnote (3) specimens,,,,,,,printed,,,,,Footnote (3),(3) Original Prusa MK4S printer was used to make testing specimens.,text,not-required,,,reader-r1-55,high,no-held-rows-on-page-in-scope,printed specimens
batch-55.csv#169,context,context,S-PVB-7-PLA-Recycled-Prusament-TDS-2021-V4,2,,,all,Typical material properties,,,,,,,,,,,,Typical material properties,Typical material properties,text,not-required,,,reader-r1-55,high,,heading of the typical-value table (no specimen stated)
batch-55.csv#180,context,context,S-PVB-7-PLA-Recycled-Prusament-TDS-2021-V4,2,,,all,Mechanical properties of 3D printed testing specimens(3),,,,,,,printed,,,,,Mechanical properties of 3D printed testing specimens(3),Mechanical properties of 3D printed testing specimens(3),text,not-required,,V007099(specimen) V013578(specimen) V013579(specimen) V013580(specimen) V013581(specimen) V013583(specimen),reader-r1-55,high,,applies to the Horizontal / Vertical xz table
batch-55.csv#197,context,context,S-PVB-7-PLA-Recycled-Prusament-TDS-2021-V4,3,,,all,Footnote (3) specimens,,,,,,,printed,,,,,Footnote (3),(3) Original Prusa i3 MK3 3D printer was used to print testing specimens.,text,not-required,,,reader-r1-55,high,no-held-rows-on-page-in-scope,printed specimens
batch-55.csv#212,context,context,S-PVB-8-PETG-RECYCLED-Prusament-TDS-2022,2,,,all,Typical material properties,,,,,,,,,,,,Typical material properties,Typical material properties,text,not-required,,,reader-r1-55,high,,heading of the typical-value table (no specimen stated)
batch-55.csv#223,context,context,S-PVB-8-PETG-RECYCLED-Prusament-TDS-2022,2,,,all,Mechanical properties of 3D printed testing specimens(2),,,,,,,printed,,,,,Mechanical properties of 3D printed testing specimens(2),Mechanical properties of 3D printed testing specimens(2),text,not-required,,V013588(specimen) V013589(specimen) V013590(specimen) V013591(specimen) V013593(specimen),reader-r1-55,high,,applies to the Horizontal / Vertical xz table
batch-55.csv#240,context,context,S-PVB-8-PETG-RECYCLED-Prusament-TDS-2022,3,,,all,Footnote (2) specimens,,,,,,,printed,,,,,Footnote (2),(2) Original Prusa i3 MK3S/S+ 3D printer was used to print testing specimens.,text,not-required,,,reader-r1-55,high,no-held-rows-on-page-in-scope,printed specimens
batch-55.csv#255,context,context,S-PVB-80316f6d-tds-prusament-tpu-95a-en-1,2,,,all,Typical material properties,,,,,,,,,,,,Typical material properties,Typical material properties,text,not-required,,,reader-r1-55,high,,heading of the typical-value table (no specimen stated)
batch-55.csv#269,context,context,S-PVB-80316f6d-tds-prusament-tpu-95a-en-1,2,,,all,Mechanical properties of 3D printed testing specimens(3),,,,,,,printed,,,,,Mechanical properties of 3D printed testing specimens(3),Mechanical properties of 3D printed testing specimens(3),text,not-required,,V006910(specimen) V006911(specimen) V013602(specimen) V013603(specimen) V013604(specimen) V013605(specimen) V013606(specimen) V013608(specimen),reader-r1-55,high,,applies to the Horizontal table
batch-55.csv#281,context,context,S-PVB-80316f6d-tds-prusament-tpu-95a-en-1,3,,,all,Footnote (3) specimens,,,,,,,printed,,,,,Footnote (3),(3) Original Prusa i3 MK4S printer was used to make testing specimens.,text,not-required,,,reader-r1-55,high,no-held-rows-on-page-in-scope,printed specimens; figure label HORIZONTAL X-Y-AXIS
batch-55.csv#300,context,context,S-PVB-9f8d2165-tds-prusament-petg-n-en,2,,,all,Typical material properties,,,,,,,,,,,,Typical material properties,Typical material properties,text,not-required,,,reader-r1-55,high,,heading of the typical-value table (no specimen stated)
batch-55.csv#311,context,context,S-PVB-9f8d2165-tds-prusament-petg-n-en,2,,,all,Mechanical properties of 3D printed testing specimens(2),,,,,,,printed,,,,,Mechanical properties of 3D printed testing specimens(2),Mechanical properties of 3D printed testing specimens(2),text,not-required,,V006575(specimen) V013619(specimen),reader-r1-55,high,,applies to the Horizontal / Vertical xz table
batch-55.csv#328,context,context,S-PVB-9f8d2165-tds-prusament-petg-n-en,3,,,all,Footnote (2) specimens,,,,,,,printed,,,,,Footnote (2),(2) Original Prusa i3 MK3 3D printer was used to print testing specimens.,text,not-required,,,reader-r1-55,high,no-held-rows-on-page-in-scope,printed specimens
batch-55.csv#345,context,context,S-PVB-b4ef2bf6-technical-data-sheet-1,2,,,all,Typical material properties,,,,,,,,,,,,Typical material properties,Typical material properties,text,not-required,,,reader-r1-55,high,,heading of the typical-value table (no specimen stated)
batch-55.csv#356,context,context,S-PVB-b4ef2bf6-technical-data-sheet-1,2,,,all,Mechanical properties of 3D printed testing specimens(3),,,,,,,printed,,,,,Mechanical properties of 3D printed testing specimens(3),Mechanical properties of 3D printed testing specimens(3),text,not-required,,V007021(specimen) V013624(specimen) V013625(specimen) V013626(specimen) V013627(specimen) V013628(specimen) V013630(specimen),reader-r1-55,high,,applies to the Horizontal / Vertical xz table
batch-55.csv#373,context,context,S-PVB-b4ef2bf6-technical-data-sheet-1,3,,,all,Footnote (3) specimens,,,,,,,printed,,,,,Footnote (3),(3) Original Prusa MK4 printer was used to make testing specimens.,text,not-required,,,reader-r1-55,high,no-held-rows-on-page-in-scope,printed specimens
batch-55.csv#389,context,context,S-PVB-bc8551ef-tds-prusament-asa-2024-en,2,,,all,Typical material properties,,,,,,,,,,,,Typical material properties,Typical material properties,text,not-required,,,reader-r1-55,high,,heading of the typical-value table (no specimen stated)
batch-55.csv#400,context,context,S-PVB-bc8551ef-tds-prusament-asa-2024-en,2,,,all,Mechanical properties of 3D printed testing specimens(3),,,,,,,printed,,,,,Mechanical properties of 3D printed testing specimens(3),Mechanical properties of 3D printed testing specimens(3),text,not-required,,V007175(specimen) V013639(specimen) V013640(specimen) V013641(specimen) V013642(specimen) V013643(specimen) V013644(specimen) V013645(specimen) V013647(specimen),reader-r1-55,high,,applies to the Horizontal / Vertical xz table
batch-55.csv#417,context,context,S-PVB-bc8551ef-tds-prusament-asa-2024-en,3,,,all,Footnote (3) specimens,,,,,,,printed,,,,,Footnote (3),(3) Original Prusa i3 MK3S 3D printer was used to make testing specimens.,text,not-required,,,reader-r1-55,high,no-held-rows-on-page-in-scope,printed specimens
batch-55.csv#432,context-held,context,S-PVB-e032493a-tds-pc-space-grade-en,2,,,all,Typical material properties,,,,,,,,,,,,Typical material properties,Typical material properties,text,not-required,PC00349,,reader-r1-55-c,high,,heading of the typical-value table (no specimen stated)
batch-55.csv#443,context-held,context,S-PVB-e032493a-tds-pc-space-grade-en,2,,,all,Mechanical properties of 3D printed testing specimens(2),,,,,,,printed,,,,,Mechanical properties of 3D printed testing specimens(2),Mechanical properties of 3D printed testing specimens(2),text,not-required,PC00349,V007057(specimen) V013656(specimen) V013657(specimen) V013658(specimen) V013659(specimen) V013660(specimen),reader-r1-55-c,high,,applies to the Horizontal / Vertical xz table
batch-55.csv#460,context-held,context,S-PVB-e032493a-tds-pc-space-grade-en,2,,,all,Outgassing and resistivity properties of 3D printed testing specimens(5),,,,,,,printed,,as printed (without any post-processing),,,Outgassing and resistivity properties of 3D printed testing specimens(5),"Outgassing and resistivity properties of 3D printed testing specimens(5) | (5) Outgassing and resistivity values were obtained directly from the 3D printed samples, without any post-processing",visual-only,agreed,PC00349,"V007057(treatment=as-printed,specimen) V013656(treatment=as-printed,specimen) V013657(treatment=as-printed,specimen) V013658(treatment=as-printed,specimen) V013659(treatment=as-printed,specimen) V013660(treatment=as-printed,specimen) V013661(treatment=as-printed) V013662(treatment=as-printed) V013663(treatment=as-printed) V013664(treatment=as-printed) V013665(treatment=as-printed)",reader-r1-55-c,high,quote-not-on-page,applies to the outgassing/resistivity table
batch-55.csv#466,context,context,S-PVB-e032493a-tds-pc-space-grade-en,3,,,all,Footnote (2) specimens,,,,,,,printed,,,,,Footnote (2),(2) The Prusa CORE One printer was used to make testing specimens. Prusa Slicer 2.8.2 was used to create G-codes with the following settings:,text,not-required,,,reader-r1-55-c,high,no-held-rows-on-page-in-scope,printed specimens
batch-55.csv#472,context,context,S-PVB-e032493a-tds-pc-space-grade-en,3,,,impact,Footnote (3) Charpy unnotched,,,,,,,,,,ISO 179-1,notch=unnotched; edgewise,Footnote (3),(3) Charpy unnotched – Edgewise direction of blow according to ISO 179-1,text,not-required,,,reader-r1-55-c,high,no-held-rows-on-page-in-scope,
batch-55.csv#473,context,context,S-PVB-e032493a-tds-pc-space-grade-en,3,,,impact,Footnote (4) Charpy notched,,,,,,,,,,ISO 179-1,notch=notched; edgewise,Footnote (4),(4) Charpy notched – Edgewise direction of blow according to ISO 179-1,text,not-required,,,reader-r1-55-c,high,no-held-rows-on-page-in-scope,
batch-55.csv#474,context,context,S-PVB-e032493a-tds-pc-space-grade-en,3,,,all,Footnote (6) resistivity method,,,,,,,printed,,,,voltage=300 V; stabilization=60 s,Footnote (6),"(6) Measurements were performed according to commonly accepted electrical engineering methods (measurement with a megohmmeter in a three-electrode configuration, voltage 300 V, stabilization 60 s). | Samples printed in X-Y axis orientation on Prusa CORE One with default settings (3).",text,not-required,,,reader-r1-55-c,high,no-held-rows-on-page-in-scope,applies to the resistivity rows
batch-55.csv#485,context,context,S-PVB-PCBlend-Prusament-TDS-2022-16-EN,2,,,all,Typical material properties,,,,,,,,,,,,Typical material properties,Typical material properties,text,not-required,,,reader-r1-55-c,high,,heading of the typical-value table (no specimen stated)
batch-55.csv#496,context,context,S-PVB-PCBlend-Prusament-TDS-2022-16-EN,2,,,all,Mechanical properties of 3D printed testing specimens(3),,,,,,,printed,,,,,Mechanical properties of 3D printed testing specimens(3),Mechanical properties of 3D printed testing specimens(3),text,not-required,,V006725(specimen) V013666(specimen) V013667(specimen) V013668(specimen) V013669(specimen) V013670(specimen) V013672(specimen),reader-r1-55-c,high,,applies to the Horizontal / Vertical xz table
batch-55.csv#513,context,context,S-PVB-PCBlend-Prusament-TDS-2022-16-EN,3,,,all,Footnote (3) specimens,,,,,,,printed,,,,,Footnote (3),(3) Original Prusa i3 MK3S 3D printer was used to make testing specimens.,text,not-required,,,reader-r1-55-c,high,no-held-rows-on-page-in-scope,printed specimens
batch-55.csv#519,context,context,S-PVB-PCBlend-Prusament-TDS-2022-16-EN,3,,,impact,Footnote (4) Charpy unnotched,,,,,,,,,,ISO 179-1,notch=unnotched; edgewise,Footnote (4),(4) Charpy Unnotched – Edgewise direction of blow according to ISO 179-1,text,not-required,,,reader-r1-55-c,high,no-held-rows-on-page-in-scope,
batch-55.csv#520,context,context,S-PVB-PCBlend-Prusament-TDS-2022-16-EN,3,,,impact,Footnote (5) Charpy notched,,,,,,,,,,ISO 179-1,notch=notched; edgewise,Footnote (5),(5) Charpy Notched – Edgewise direction of blow according to ISO 179-1,text,not-required,,,reader-r1-55-c,high,no-held-rows-on-page-in-scope,
batch-55.csv#532,context-held,context,S-PVB-Prusament-PC-Space-Grade-Black,2,,,all,Typical material properties,,,,,,,,,,,,Typical material properties,Typical material properties,text,not-required,PC00350,,reader-r1-55-c,high,,heading of the typical-value table (no specimen stated)
batch-55.csv#543,context-held,context,S-PVB-Prusament-PC-Space-Grade-Black,2,,,all,Mechanical properties of 3D printed testing specimens(2),,,,,,,printed,,,,,Mechanical properties of 3D printed testing specimens(2),Mechanical properties of 3D printed testing specimens(2),text,not-required,PC00350,V007680(specimen) V013680(specimen),reader-r1-55-c,high,,applies to the Horizontal / Vertical xz table
batch-55.csv#560,context-held,context,S-PVB-Prusament-PC-Space-Grade-Black,2,,,all,Outgassing and resistivity properties of 3D printed testing specimens(5),,,,,,,printed,,as printed (without any post-processing),,,Outgassing and resistivity properties of 3D printed testing specimens(5),"Outgassing and resistivity properties of 3D printed testing specimens(5) | (5) Outgassing and resistivity values were obtained directly from the 3D printed samples, without any post-processing",visual-only,agreed,PC00350,"V007680(treatment=as-printed,specimen) V013680(treatment=as-printed,specimen)",reader-r1-55-c,high,quote-not-on-page,applies to the outgassing/resistivity table
batch-55.csv#566,context,context,S-PVB-Prusament-PC-Space-Grade-Black,3,,,all,Footnote (2) specimens,,,,,,,printed,,,,,Footnote (2),(2) The Prusa CORE One printer was used to make testing specimens. Prusa Slicer 2.8.2 was used to create G-codes with the following settings:,text,not-required,,,reader-r1-55-c,high,no-held-rows-on-page-in-scope,printed specimens
batch-55.csv#572,context,context,S-PVB-Prusament-PC-Space-Grade-Black,3,,,impact,Footnote (3) Charpy unnotched,,,,,,,,,,ISO 179-1,notch=unnotched; edgewise,Footnote (3),(3) Charpy unnotched – Edgewise direction of blow according to ISO 179-1,text,not-required,,,reader-r1-55-c,high,no-held-rows-on-page-in-scope,
batch-55.csv#573,context,context,S-PVB-Prusament-PC-Space-Grade-Black,3,,,impact,Footnote (4) Charpy notched,,,,,,,,,,ISO 179-1,notch=notched; edgewise,Footnote (4),(4) Charpy notched – Edgewise direction of blow according to ISO 179-1,text,not-required,,,reader-r1-55-c,high,no-held-rows-on-page-in-scope,
batch-55.csv#574,context,context,S-PVB-Prusament-PC-Space-Grade-Black,3,,,all,Footnote (6) resistivity method,,,,,,,printed,,,,voltage=300 V; stabilization=60 s,Footnote (6),"(6) Measurements were performed according to commonly accepted electrical engineering methods (measurement with a megohmmeter in a three-electrode configuration, voltage 300 V, stabilization 60 s). | Samples printed in X-Y axis orientation on Prusa CORE One with default settings (3).",text,not-required,,,reader-r1-55-c,high,no-held-rows-on-page-in-scope,applies to the resistivity rows
batch-55.csv#585,context,context,S-PVB-prusament-petg-v0-technical-data-sheet,2,,,all,Typical material properties,,,,,,,,,,,,Typical material properties,Typical material properties,text,not-required,,,reader-r1-55-c,high,,heading of the typical-value table (no specimen stated)
batch-55.csv#596,context,context,S-PVB-prusament-petg-v0-technical-data-sheet,2,,,all,Mechanical properties of 3D printed testing specimens(2),,,,,,,printed,,,,,Mechanical properties of 3D printed testing specimens(2),Mechanical properties of 3D printed testing specimens(2),text,not-required,,V008407(specimen) V013681(specimen) V013682(specimen) V013683(specimen) V013684(specimen) V013685(specimen) V013687(specimen),reader-r1-55-c,high,,applies to the Horizontal / Vertical xz table
batch-55.csv#613,context,context,S-PVB-prusament-petg-v0-technical-data-sheet,3,,,all,Footnote (2) specimens,,,,,,,printed,,,,,Footnote (2),(2) Original Prusa i3 MK3S+ 3D printer was used to make testing specimens.,text,not-required,,,reader-r1-55-c,high,no-held-rows-on-page-in-scope,printed specimens
batch-55.csv#618,context,context,S-PVB-prusament-petg-v0-technical-data-sheet,3,,,impact,Footnote (3) Charpy unnotched,,,,,,,,,,ISO 179-1,notch=unnotched; edgewise,Footnote (3),(3) Charpy Unnotched – Edgewise direction of blow according to ISO 179-1,text,not-required,,,reader-r1-55-c,high,no-held-rows-on-page-in-scope,
batch-55.csv#619,context,context,S-PVB-prusament-petg-v0-technical-data-sheet,3,,,impact,Footnote (4) Charpy notched,,,,,,,,,,ISO 179-1,notch=notched; edgewise,Footnote (4),(4) Charpy Notched – Edgewise direction of blow according to ISO 179-1,text,not-required,,,reader-r1-55-c,high,no-held-rows-on-page-in-scope,
batch-55.csv#630,context,context,S-PVB-prusament-pla-technical-data-sheet,2,,,all,Typical material properties,,,,,,,,,,,,Typical material properties,Typical material properties,text,not-required,,,reader-r1-55-c,high,,heading of the typical-value table (no specimen stated)
batch-55.csv#641,context,context,S-PVB-prusament-pla-technical-data-sheet,2,,,all,Mechanical properties of 3D printed testing specimens(3),,,,,,,printed,,,,,Mechanical properties of 3D printed testing specimens(3),Mechanical properties of 3D printed testing specimens(3),text,not-required,,V013694(specimen) V013695(specimen) V013696(specimen) V013697(specimen) V013699(specimen) V013700(specimen),reader-r1-55-c,high,,applies to the Horizontal / Vertical xz table
batch-55.csv#658,context,context,S-PVB-prusament-pla-technical-data-sheet,3,,,all,Footnote (3) specimens,,,,,,,printed,,,,,Footnote (3),(3) Original Prusa i3 MK3 3D printer was used to print testing specimens.,text,not-required,,,reader-r1-55-c,high,no-held-rows-on-page-in-scope,printed specimens
batch-55.csv#663,context,context,S-PVB-prusament-pla-technical-data-sheet,3,,,impact,Footnote (4) Charpy unnotched,,,,,,,,,,ISO 179-1,notch=unnotched; edgewise,Footnote (4),(4) Charpy Unnotched – Edgewise direction of blow according to ISO 179-1,text,not-required,,,reader-r1-55-c,high,no-held-rows-on-page-in-scope,
batch-56.csv#22,context,context,S-PVB-prusament-rpla-natural-pigments-technical-data-sheet,2,G001-77,Prusament rPLA Natural Pigments,tensile,Mechanical properties of 3D printed testing specimens(3),,,,,,,printed,,,,,Mechanical properties of 3D printed testing specimens(3),Mechanical properties of 3D printed testing specimens(3),text,not-required,,,reader-r1-56-b,high,,heading above the print-direction table; footnote 3 on page 3 gives the print settings
batch-56.csv#23,context,context,S-PVB-prusament-rpla-natural-pigments-technical-data-sheet,2,G001-77,Prusament rPLA Natural Pigments,flexural,Mechanical properties of 3D printed testing specimens(3),,,,,,,printed,,,,,Mechanical properties of 3D printed testing specimens(3),Mechanical properties of 3D printed testing specimens(3),text,not-required,,,reader-r1-56-b,high,,
batch-56.csv#24,context,context,S-PVB-prusament-rpla-natural-pigments-technical-data-sheet,2,G001-77,Prusament rPLA Natural Pigments,impact,Mechanical properties of 3D printed testing specimens(3),,,,,,,printed,,,,,Mechanical properties of 3D printed testing specimens(3),Mechanical properties of 3D printed testing specimens(3),text,not-required,,,reader-r1-56-b,high,,
batch-56.csv#41,context,context,S-PVB-prusament-rpla-natural-pigments-technical-data-sheet,3,G001-77,Prusament rPLA Natural Pigments,all,Footnote (3),,,,,,,printed,,,,nozzle=215 °C; bed=60 °C; print speed=200 mm/s; infill=100% rectilinear; layers=0.20 mm; perimeters=2,Mechanical properties of 3D printed testing specimens(3),(3) Original Prusa i3 MK3S+ 3D printer was used to make testing specimens. Prusa Slicer 2.6.0 was used to create G-codes with the following settings: | • Print Settings 0.20 mm FAST (layers 0.20 mm); | • Nozzle Temperature 215 °C all layers; | • Bed Temperature 60 °C all layers;,text,not-required,,,reader-r1-56-b,high,no-held-rows-on-page-in-scope,print settings of the test specimens; page also has specimen orientation drawings (Vertical X Z-axis / Horizontal) and a disclaimer
batch-56.csv#62,context,context,S-PVB-PVB-Prusament-TDS-2021-10-EN,2,G093-01,Prusament PVB,tensile,Mechanical properties of 3D printed testing specimens(4),,,,,,,printed,,,,,Mechanical properties of 3D printed testing specimens(4),Mechanical properties of 3D printed testing specimens(4),text,not-required,,,reader-r1-56-b,high,,footnote 4 on page 3 gives the print settings
batch-56.csv#63,context,context,S-PVB-PVB-Prusament-TDS-2021-10-EN,2,G093-01,Prusament PVB,flexural,Mechanical properties of 3D printed testing specimens(4),,,,,,,printed,,,,,Mechanical properties of 3D printed testing specimens(4),Mechanical properties of 3D printed testing specimens(4),text,not-required,,,reader-r1-56-b,high,,
batch-56.csv#64,context,context,S-PVB-PVB-Prusament-TDS-2021-10-EN,2,G093-01,Prusament PVB,impact,Mechanical properties of 3D printed testing specimens(4),,,,,,,printed,,,,,Mechanical properties of 3D printed testing specimens(4),Mechanical properties of 3D printed testing specimens(4),text,not-required,,,reader-r1-56-b,high,,
batch-56.csv#81,context,context,S-PVB-PVB-Prusament-TDS-2021-10-EN,3,G093-01,Prusament PVB,all,Footnote (4),,,,,,,printed,dried before printing at 60 °C (8 hours),,,nozzle=215 °C; bed=75 °C; print speed=200 mm/s; infill=100% rectilinear; layers=0.20 mm; perimeters=2; extrusion multiplier=1.05; cooling=off,Mechanical properties of 3D printed testing specimens(4),(4) Original Prusa i3 MK3S 3D printer was used to make testing specimens. PrusaSlicer-2.2.0 was used to create G-code following settings: | Print Settings 0.20 mm FAST (layers 0.20 mm); | Bed Temperature 75 °C all layers; | The filament was dried before printing at 60 °C (8 hours).,text,not-required,,,reader-r1-56-b,high,no-held-rows-on-page-in-scope,print settings of the test specimens
batch-56.csv#104,context,context,S-PVB-TDS-Prusament-PCCF-2023-EN,2,G037-10,Prusament PC Blend Carbon Fiber,tensile,Mechanical properties of 3D printed testing specimens(3),,,,,,,printed,,,,,Mechanical properties of 3D printed testing specimens(3),Mechanical properties of 3D printed testing specimens(3),text,not-required,,,reader-r1-56-b,high,,footnote 3 on page 3 gives the print settings
batch-56.csv#105,context,context,S-PVB-TDS-Prusament-PCCF-2023-EN,2,G037-10,Prusament PC Blend Carbon Fiber,flexural,Mechanical properties of 3D printed testing specimens(3),,,,,,,printed,,,,,Mechanical properties of 3D printed testing specimens(3),Mechanical properties of 3D printed testing specimens(3),text,not-required,,,reader-r1-56-b,high,,
batch-56.csv#106,context,context,S-PVB-TDS-Prusament-PCCF-2023-EN,2,G037-10,Prusament PC Blend Carbon Fiber,impact,Mechanical properties of 3D printed testing specimens(3),,,,,,,printed,,,,,Mechanical properties of 3D printed testing specimens(3),Mechanical properties of 3D printed testing specimens(3),text,not-required,,,reader-r1-56-b,high,,
batch-56.csv#123,context,context,S-PVB-TDS-Prusament-PCCF-2023-EN,3,G037-10,Prusament PC Blend Carbon Fiber,all,Footnote (3),,,,,,,printed,,,,nozzle=285 °C; bed=115 °C; print speed=200 mm/s; infill=100 % rectilinear; layers=0.20 mm; perimeters=2; extrusion multiplier=1.07; cooling=off,Mechanical properties of 3D printed testing specimens(3),(3) Original Prusa i3 MK3S 3D printer was used to make testing specimens. PrusaSlicer-2.6.0 was used to create G-code following settings: | Print Settings 0.20 mm FAST (layers 0.20 mm); | Nozzle Temperature 285 °C all layers; | Bed Temperature 115 °C all layers;,text,not-required,,,reader-r1-56-b,high,no-held-rows-on-page-in-scope,print settings of the test specimens; page also has specimen orientation drawings and a disclaimer
batch-56.csv#125,context,context,S-PVB-technisches-datenblatt,1,G001-108,PLA,all,Footnote under table,,,,,,,,,,,temp=23°C,2. TECHNICAL PARAMETERS,Tests have been done at 23°C if it’s not marked differently.,text,not-required,,,reader-r1-56-b,high,,
batch-56.csv#143,context,context,S-PVB-technisches-datenblatt-1,1,G030-08,ABS-ESD VE,all,Footnote under table,,,,,,,,,,,temp=23°C,2. TECHNICAL PARAMETERS,Tests have been done at 23°C if it’s not marked differently.,text,not-required,,,reader-r1-56-b,high,,
batch-56.csv#160,context,context,S-PVB-technisches-datenblatt-2,2,G027-33,ABS,all,Footnote under table,,,,,,,,,,,temp=23°C,2. TECHNICAL PARAMETERS,Tests have been done at 23°C if it’s not marked differently.,text,not-required,,,reader-r1-56-b,high,,
batch-56.csv#186,context,context,S-PVB-technisches-datenblatt-3,2,G020-46,PET-G,all,Footnote under table,,,,,,,,,,,temp=23°C,2. TECHNICAL PARAMETERS,Tests have been done at 23°C if it’s not marked differently.,text,not-required,,,reader-r1-56-b,high,,
batch-56.csv#227,context,context,R-QIDI-ASA-AERO,3,G032-04,QIDI ASA-Aero,all,Specimens printed under the following conditions,,,,,,,printed,,,,flow rate=50%; nozzle size=0.4mm; nozzle temp=250°C; bed temp=100°C; print speed=45mm/s; infill=100%; infill angle=±45°,Material Properties,"Specimens printed under the following conditions: Flow rate 50%，Nozzle size 0.4mm，Nozzle temp 250°C, Bed temp 100°C, Print speed 45mm/s, Infill 100%, Infill angle ±45°",text,not-required,,,reader-r1-56-b,high,,
batch-56.csv#243,context,context,R-QIDI-FILAMENT-GUIDE,1,,,all,Filament Properties,,,,,,,,,,,,Filament Properties,Filament Properties,text,not-required,,,reader-r1-56-c,high,,"comparison table of 36 QIDI filaments; no specimen or test condition stated; column order = the ""Selected: All filaments"" list (ABS-GF25 ... UltraPA); order checked against held V008027 (PETG-CF HDT 77) and V009349 (PA12-CF water 2.46 %)"
batch-56.csv#316,context,context,R-QIDI-FILAMENT-GUIDE,1,,,tensile,Layer Adhesion,,,,,,Z,,,,,,Layer Adhesion,Layer Adhesion ? Strength of the bond between printed layers in the Z direction. A higher value indicates stronger layer bonding.,text,not-required,,,reader-r1-56-c,high,,group description for the Tensile Strength - Z row (layer adhesion measure)
batch-56.csv#353,context,context,R-QIDI-FILAMENT-GUIDE,1,,,thermal,Heat Resistance,,,,,,,,,,,load=0.45 MPa,Heat Resistance,Heat Resistance ? Heat deflection temperature under a 0.45 MPa load. A higher value indicates better shape retention under heat and load.,text,not-required,,,reader-r1-56-c,high,,group description for the HDT row
batch-56.csv#390,context,context,R-QIDI-FILAMENT-GUIDE,1,,,physical,Water Absorption,,,,,,,,saturation,,,,Water Absorption,Water Absorption ? Moisture absorbed at saturation. A lower value is generally better for dimensional stability and consistent printing.,text,not-required,,,reader-r1-56-c,high,,group description for the Saturated Water Absorption Rate row
batch-56.csv#735,context-held,context,R-QIDI-PA12-CF,2,,,all,Material Properties,,,,,,,printed,,,,,Material Properties,物性表（v1.2） | Material Properties,text,not-required,PC00351,V009348(specimen) V009349(specimen) V009350(specimen) V009351(specimen),reader-r1-56-c,medium,,table heading; the footnote on page 3 says specimens were printed (see page 3 context)
batch-56.csv#740,context-held,context,R-QIDI-PA12-CF,2,,,thermal,Unannealed / Annealed columns,,,,,,,,,Unannealed and Annealed columns,,,Material Properties,未退火 退火后 | Unannealed Annealed,text,not-required,PC00351 PC00352,V009350(treatment=as-printed),reader-r1-56-c,high,,heading of the two value columns for HDT and the XY mechanical rows (Post-processing: 100℃ Annealing 8hours per footnote on page 3)
batch-56.csv#760,context-held,context,R-QIDI-PA12-CF,3,,,all,Specimen printing conditions,,,,,,,printed,,annealed 100℃ 8 hours (Post-processing),,nozzle=0.4 mm; nozzle_temp=300℃; bed_temp=60℃; speed=45 mm/s; infill=100%; infill_angle=±45°,Material Properties,"Specimens printed under the following conditions: Nozzle size 0.4mm， Nozzle temp 300℃, Bed temp 60℃, Print speed 45mm/s, Infill 100%, Infill angle ±45° | Post-processing : 100℃ Annealing 8hours",text,not-required,PC00012,,reader-r1-56-c,high,contradicts:V009358:treatment contradicts:V009359:treatment contradicts:V009360:treatment,footnote under the property table; the post-processing statement applies to the Annealed column
batch-56.csv#766,context-held,context,R-QIDI-PA12-CF,3,,,all,Recommended printing conditions,,,,,,,,,,,,Recommended printing conditions,建议打印参数 | Recommended printing conditions,text,not-required,PC00012,,reader-r1-56-c,high,,heading of the settings table
batch-56.csv#783,context,context,R-QIDI-PA12-CF,4,,,all,Extrusion Force vs Print Speed Test,,,,,,,,,,,nozzle=0.4mm; layer_height=0.2mm; nozzle_temp=300℃,Extrusion Force vs Print Speed Test,"Test parameters: 12mm length brass heat block, BMG extruder, Phaetus Hardened Steel Nozzle, Nozzle size 0.4mm, Layer Height 0.2mm.",text,not-required,,,reader-r1-56-c,high,no-held-rows-on-page-in-scope,chart conditions; legend 300℃
batch-56.csv#789,context-held,context,R-QIDI-PEBA-95A,2,,,all,MATERIAL PROPERTIES,,,,,,,printed,,,,,MATERIAL PROPERTIES,"MATERIAL PROPERTIES | Specimens printed under the following conditions: Nozzle size 0.4mm, Nozzle temp 240°C, Bed temp 100°C, Print speed 60mm/s, Infill 100%, Infill angle ± 45°",text,not-required,PC00353,V008140(specimen) V008141(specimen) V008142(specimen) V008149(specimen),reader-r1-56-c,high,,footnote under the table: specimens printed; nozzle=0.4mm; nozzle temp 240°C; bed 100°C; speed 60mm/s; infill 100%; infill angle ±45°
batch-56.csv#809,context,context,R-QIDI-PEBA-95A,3,,,all,RECOMMENDED PRINTING CONDITIONS,,,,,,,,,,,,RECOMMENDED PRINTING CONDITIONS,RECOMMENDED PRINTING CONDITIONS,text,not-required,,,reader-r1-56-c,high,no-held-rows-on-page-in-scope,heading of the settings table
batch-56.csv#821,context,context,R-QIDI-PEBA-95A,4,,,all,Extrusion Force vs Print Volumetric Speed Test,,,,,,,,,,,,Extrusion Force vs Print Volumetric Speed Test,Extrusion Force vs Print Volumetric Speed Test,text,not-required,,,reader-r1-56-c,high,no-held-rows-on-page-in-scope,chart of extrusion force (N) against printing temperature 230-260°C at 8 and 12 mm³/s
batch-56.csv#836,context,context,R-QIDI-PET-GF,2,,,all,Material Properties,,,,,,,,,,,,Material Properties,物性表（v1.2） | Material Properties,text,not-required,,,reader-r1-56-c,medium,,table heading; specimen statement is in the footnote on page 3 (printed specimens annealed 100°C 8 hours)
batch-56.csv#843,context-held,context,R-QIDI-PET-GF,3,,,all,Specimens printed / post-processing,,,,,,,printed,,annealed 100°C 8 hours,,nozzle_temp=320℃; bed_temp=80℃; speed=45mm/s; infill=100%; infill_angle=±45°,Material Properties,"Specimens printed under the following conditions: Nozzle temp 320℃, Bed temp 80℃, Print speed 45mm/s, Infill 100%, Infill angle ±45° | Post-processing: 100°C Annealing 8 hours",text,not-required,PC00085,V008154(treatment=annealed) V008155(treatment=annealed) V008156(treatment=annealed) V008157(treatment=annealed) V008158(treatment=annealed) V008159(treatment=annealed) V008160(treatment=annealed) V008161(treatment=annealed) V008162(treatment=annealed),reader-r1-56-c,high,,footnote under the table covering all mechanical rows on this page (held page_context PC00085 states the same)
batch-56.csv#857,context-held,context,R-QIDI-PET-GF,3,,,all,Recommended printing conditions,,,,,,,,,,,,Recommended printing conditions,建议打印参数 | Recommended printing conditions,text,not-required,PC00085,,reader-r1-56-c,high,,heading of the settings table (continues on page 4)
batch-56.csv#873,context,context,R-QIDI-PET-GF,5,,,all,Extrusion Force vs Print Volumetric Speed Test,,,,,,,,,,,nozzle=0.4 mm; layer_height=0.2mm; nozzle_temp=320℃,Extrusion Force vs Print Volumetric Speed Test,"Test parameters: 12mm length brass heat block, BMG extruder, Phaetus Hardened Steel Nozzle, Nozzle size 0.4 | 320℃",text,not-required,,,reader-r1-56-c,medium,no-held-rows-on-page-in-scope,"English footnote line is cut off after ""Nozzle size 0.4""; Chinese line gives 0.4mm layer height 0.2mm"
batch-56.csv#880,context,context,R-QIDI-PETG-CF,2,,,tensile,MECHANICAL PROPERTIES (TENSILE TEST),,,,,,,printed,,,ISO 527,infill=100%,MECHANICAL PROPERTIES (TENSILE TEST),MECHANICAL PROPERTIES (TENSILE TEST) | Testing Method 3D Printed X-Y Axis 3D Printed X-Z Axis 3D Printed Z-X Axis | Infill ISO 527 100% 100% 100%,visual-only,agreed,,,reader-r1-56-c,high,no-held-rows-on-page-in-scope quote-not-on-page,columns are 3D printed specimens in three orientations
batch-56.csv#890,context,context,R-QIDI-PETG-CF,2,,,impact,MECHANICAL PROPERTIES (IMPACT TEST),,,,,,,,,,ISO 179,infill=100%,MECHANICAL PROPERTIES (IMPACT TEST),Test Item (impact direction) | Infill ISO 179 100% 100% 100%,visual-only,agreed,,,reader-r1-56-c,medium,quote-not-on-page,"the three value columns are headed by pictures of a bar in three orientations (no text); column order assumed to follow the tensile table (X-Y, X-Z, Z-X)"
batch-56.csv#897,context,context,R-QIDI-PETG-CF,3,,,flexural,MECHANICAL PROPERTIES (FLEXURAL TEST),,,,,,,,,,ISO 178,infill=100%,MECHANICAL PROPERTIES (FLEXURAL TEST),Test Item (bending direction) | Infill ISO 178 100% 100% 100%,visual-only,agreed,,,reader-r1-56-c,medium,quote-not-on-page,the three value columns are headed by pictures of a bar in three orientations (no text)
batch-56.csv#914,context,context,R-QIDI-PETG-CF,4,,,tensile,TEST SAMPLE STANDARD DIMENSIONS,,,,,,,,,,ISO 527; GB/T1040,,TEST SAMPLE STANDARD DIMENSIONS,Stretch sample standard size | ISO 527 GB/T1040,visual-only,agreed,,,reader-r1-56-c,high,no-held-rows-on-page-in-scope quote-not-on-page,"drawing of the tensile bar (170mm, 115mm, 80mm, 20mm, 10mm, 4mm, 4xR15) and the Z axis and X-Y axis build orientations; no property values"
batch-56.csv#915,context,context,R-QIDI-PETG-CF,5,,,all,GUIDELINE FOR PRINT SETTINGS,,,,,,,,,,,nozzle_diameter=0.4 mm,GUIDELINE FOR PRINT SETTINGS,*Based on the 0.4 mm nozzle. Different nozzle diameters also make printing conditions different.,text,not-required,,,reader-r1-56-c,high,no-held-rows-on-page-in-scope,
batch-57.csv#6,context,context,R-QIDI-PETG-GF,2,,,tensile,MECHANICAL PROPERTIES (TENSILE TEST),3D Printed X-Y Axis / X-Z Axis / Z-X Axis; Infill 100%,100,,%,,,printed,,,ISO 527,infill=100%,MECHANICAL PROPERTIES (TENSILE TEST),MECHANICAL PROPERTIES (TENSILE TEST) | Testing Method 3D Printed X-Y Axis 3D Printed X-Z Axis 3D Printed Z-X Axis | Infill ISO 527 100% 100% 100%,visual-only,disagrees,,,reader-r1-57,high,no-held-rows-on-page-in-scope quote-not-on-page,column headings state 3D Printed and the three axes
batch-57.csv#16,context,context,R-QIDI-PETG-GF,2,,,impact,MECHANICAL PROPERTIES (IMPACT TEST),Test Item (impact direction); Infill 100%,100,,%,,,,,,ISO 179,infill=100%,MECHANICAL PROPERTIES (IMPACT TEST),MECHANICAL PROPERTIES (IMPACT TEST) | Test Item (impact direction) | Infill ISO 179 100% 100% 100%,visual-only,disagrees,,,reader-r1-57,medium,no-held-rows-on-page-in-scope quote-not-on-page,column headings are specimen pictures only (no axis text); order presumed X-Y / X-Z / Z-X not printed here; does not state printed
batch-57.csv#23,context,context,R-QIDI-PETG-GF,3,,,flexural,MECHANICAL PROPERTIES (FLEXURAL TEST),Test Item (bending direction); Infill 100%,100,,%,,,,,,ISO 178,infill=100%,MECHANICAL PROPERTIES (FLEXURAL TEST),MECHANICAL PROPERTIES (FLEXURAL TEST) | Test Item (bending direction) | Infill ISO 178 100% 100% 100%,visual-only,disagrees,,,reader-r1-57,medium,no-held-rows-on-page-in-scope quote-not-on-page,column headings are specimen pictures only; does not state printed
batch-57.csv#40,context,context,R-QIDI-PETG-GF,4,,,tensile,TEST SAMPLE STANDARD DIMENSIONS,Stretch sample standard size ISO 527 GB/T1040,,,,,,,,,"ISO 527, GB/T 1040",,TEST SAMPLE STANDARD DIMENSIONS,Stretch sample standard size | IS0 527 GB/T1040,text,not-required,,,reader-r1-57,high,no-held-rows-on-page-in-scope,specimen drawing with dimensions 170mm 115mm 80mm 20mm 10mm 4mm and Z axis / X-Y axis orientations
batch-57.csv#54,context,context,R-QIDI-PETG-RAPIDO,2,,,tensile,MECHANICAL PROPERTIES (TENSILE TEST),3D Printed X-Y Axis / X-Z Axis / Z-X Axis; Infill 100%,100,,%,,,printed,,,ISO 527,infill=100%,MECHANICAL PROPERTIES (TENSILE TEST),MECHANICAL PROPERTIES (TENSILE TEST) | Testing Method 3D Printed X-Y Axis 3D Printed X-Z Axis 3D Printed Z-X Axis | Infill ISO 527 100% 100% 100%,visual-only,disagrees,,,reader-r1-57,high,no-held-rows-on-page-in-scope quote-not-on-page,column headings state 3D Printed and the three axes
batch-57.csv#64,context,context,R-QIDI-PETG-RAPIDO,2,,,impact,MECHANICAL PROPERTIES (IMPACT TEST),Test Item (impact direction); Infill 100%,100,,%,,,,,,ISO 179,infill=100%,MECHANICAL PROPERTIES (IMPACT TEST),MECHANICAL PROPERTIES (IMPACT TEST) | Test Item (impact direction) | Infill ISO 179 100% 100% 100%,visual-only,disagrees,,,reader-r1-57,medium,no-held-rows-on-page-in-scope quote-not-on-page,column headings are specimen pictures only; does not state printed
batch-57.csv#71,context,context,R-QIDI-PETG-RAPIDO,3,,,flexural,MECHANICAL PROPERTIES (FLEXURAL TEST),Test Item (bending direction); Infill 100%,100,,%,,,,,,ISO 178,infill=100%,MECHANICAL PROPERTIES (FLEXURAL TEST),MECHANICAL PROPERTIES (FLEXURAL TEST) | Test Item (bending direction) | Infill ISO 178 100% 100% 100%,visual-only,disagrees,,,reader-r1-57,medium,no-held-rows-on-page-in-scope quote-not-on-page,column headings are specimen pictures only; does not state printed
batch-57.csv#88,context,context,R-QIDI-PETG-RAPIDO,4,,,tensile,TEST SAMPLE STANDARD DIMENSIONS,Stretch sample standard size ISO 527 GB/T1040,,,,,,,,,"ISO 527, GB/T 1040",,TEST SAMPLE STANDARD DIMENSIONS,Stretch sample standard size | IS0 527 GB/T1040,text,not-required,,,reader-r1-57,high,no-held-rows-on-page-in-scope,specimen drawing with dimensions 170mm 115mm 80mm 20mm 10mm 4mm and Z axis / X-Y axis orientations
batch-57.csv#120,context,context,R-QIDI-PETG-TOUGH,3,,,all,Material Properties footnote,Specimens printed under the following conditions: Nozzle size 0.4mm; Nozzle temp 240°C; Bed temp 80°C; Print speed 45mm/s; Infill 100%; Infill angle ±45°,,,,,,printed,,,,nozzle diameter=0.4mm; nozzle=240°C; bed=80°C; speed=45mm/s; infill=100%; infill angle=±45°,Material Properties,"Specimens printed under the following conditions: Nozzle size 0.4mm，Nozzle temp 240°C, Bed temp 80°C, Print speed 45mm/s, | Infill 100%, Infill angle ±45°",text,not-required,,,reader-r1-57,high,,footnote under the properties table; Chinese line says 试样打印参数 ... 底板加热 80°C
batch-57.csv#142,context,context,R-QIDI-PRINT-20260928-1988d9088956,1,,PEBA 95A,flexural,Strength,Resistance to bending before failure. A higher value means the material withstands a greater bending load.,,,,,,,,,,,Filament Properties,Strength ? Resistance to bending before failure. A higher value means the material withstands a greater bending load.,text,not-required,,,reader-r1-57,high,no-held-rows-on-page-in-scope,
batch-57.csv#143,context,context,R-QIDI-PRINT-20260928-1988d9088956,1,,PEBA 95A,thermal,Heat Resistance,Heat deflection temperature under a 0.45 MPa load.,0.45,,MPa,,,,,,,load=0.45 MPa,Filament Properties,Heat Resistance ? Heat deflection temperature under a 0.45 MPa load. A higher value indicates better shape retention under heat and load.,text,not-required,,,reader-r1-57,high,no-held-rows-on-page-in-scope,
batch-57.csv#144,context,context,R-QIDI-PRINT-20260928-1988d9088956,1,,PEBA 95A,physical,Water Absorption,Moisture absorbed at saturation.,,,,,,,saturation,,,,Filament Properties,Water Absorption ? Moisture absorbed at saturation. A lower value is generally better for dimensional stability and consistent printing.,text,not-required,,,reader-r1-57,high,no-held-rows-on-page-in-scope,
batch-57.csv#162,context,context,R-QIDI-PRINT-20260928-2c4a151ce07e,1,,PA12-CF,flexural,Strength,Resistance to bending before failure. A higher value means the material withstands a greater bending load.,,,,,,,,,,,Filament Properties,Strength ? Resistance to bending before failure. A higher value means the material withstands a greater bending load.,text,not-required,,,reader-r1-57,high,,
batch-57.csv#163,context,context,R-QIDI-PRINT-20260928-2c4a151ce07e,1,,PA12-CF,thermal,Heat Resistance,Heat deflection temperature under a 0.45 MPa load.,0.45,,MPa,,,,,,,load=0.45 MPa,Filament Properties,Heat Resistance ? Heat deflection temperature under a 0.45 MPa load. A higher value indicates better shape retention under heat and load.,text,not-required,,,reader-r1-57,high,,
batch-57.csv#164,context,context,R-QIDI-PRINT-20260928-2c4a151ce07e,1,,PA12-CF,physical,Water Absorption,Moisture absorbed at saturation.,,,,,,,saturation,,,,Filament Properties,Water Absorption ? Moisture absorbed at saturation. A lower value is generally better for dimensional stability and consistent printing.,text,not-required,,,reader-r1-57,high,,
batch-57.csv#190,context-held,context,R-QIDI-TPU95A-HF,2,,,all,Material Properties footnote,Specimens printed under the following conditions: Nozzle size 0.4mm; Nozzle temp 210°C; Bed temp 50°C; Print speed 60mm/s; Infill 100%; Infill angle ±45°,,,,,,printed,,,,nozzle diameter=0.4mm; nozzle=210°C; bed=50°C; speed=60mm/s; infill=100%; infill angle=±45°,Material Properties,"Specimens printed under the following conditions: Nozzle size 0.4mm，Nozzle temp 210°C, Bed temp 50°C, Print speed 60mm/s, Infill 100%, Infill | angle ±45°",text,not-required,PC00354,V008108(specimen) V008109(specimen),reader-r1-57,high,,footnote below the table
batch-57.csv#243,context,context,D-RAISE3D-Industrial-PPA-CF-TDS-V2-0,2,,,all,Mechanical Properties (Conditioned),All specimens were annealed at 100°C for 8h and immerged in ambient temperature for 3 days prior to testing,100,,°C,,,,conditioned: immerged in ambient temperature for 3 days,annealed 100°C 8 h,,anneal=100°C; anneal time=8 h; immersion=3 days ambient,Mechanical Properties (Conditioned),"Mechanical Properties (Conditioned) | All specimens were annealed at 100°C for 8h, and immerged in ambient temperature for 3 days prior to | testing.",text,not-required,,,reader-r1-57,high,,covers the seven mechanical rows below; medium not stated
batch-57.csv#256,context,context,D-RAISE3D-Industrial-PPA-CF-TDS-V2-0,3,,,impact,Fig 3. Impact testing specimen,Impact testing specimen with 45.00° notch; 80.00 x 10.00 x 4.00; Impact direction arrow,45,,°,,,,,,,notch angle=45.00°,Fig 3. Impact testing specimen,Fig 3. Impact testing specimen | 45.00°,text,not-required,,,reader-r1-57,medium,no-held-rows-on-page-in-scope,drawing; notched specimen
batch-57.csv#267,context,context,D-RAISE3D-Raise3D-Hyper-Core-ABS-CF15-TDS-V1-0,1,G029-09,Raise3D Hyper Core ABS CF15,tensile,Footnote 1,,,,,,,printed,,,,nozzle=250 ºC; bed=100 ºC; print speed=50 mm/s; infill=100 %; infill angle=±45 °,Mechanical Properties¹,All testing specimens were printed under the following conditions: | Nozzle temp.= 250 ºC; Bed temp.= 100 ºC; Print speed= 50 mm/s; Infill= 100 %; Infill angle= ±45 °.,text,not-required,,,reader-r1-57-c,high,,
batch-57.csv#268,context,context,D-RAISE3D-Raise3D-Hyper-Core-ABS-CF15-TDS-V1-0,1,G029-09,Raise3D Hyper Core ABS CF15,flexural,Footnote 1,,,,,,,printed,,,,nozzle=250 ºC; bed=100 ºC; print speed=50 mm/s; infill=100 %; infill angle=±45 °,Mechanical Properties¹,All testing specimens were printed under the following conditions: | Nozzle temp.= 250 ºC; Bed temp.= 100 ºC; Print speed= 50 mm/s; Infill= 100 %; Infill angle= ±45 °.,text,not-required,,,reader-r1-57-c,high,,
batch-57.csv#269,context,context,D-RAISE3D-Raise3D-Hyper-Core-ABS-CF15-TDS-V1-0,1,G029-09,Raise3D Hyper Core ABS CF15,impact,Footnote 1,,,,,,,printed,,,,nozzle=250 ºC; bed=100 ºC; print speed=50 mm/s; infill=100 %; infill angle=±45 °,Mechanical Properties¹,All testing specimens were printed under the following conditions: | Nozzle temp.= 250 ºC; Bed temp.= 100 ºC; Print speed= 50 mm/s; Infill= 100 %; Infill angle= ±45 °.,text,not-required,,,reader-r1-57-c,high,,
batch-57.csv#290,context,context,D-RAISE3D-Raise3D-Hyper-Core-ABS-CF15-TDS-V1-0,3,G029-09,Raise3D Hyper Core ABS CF15,all,Fig 4 Print Orientation,"XY, Flat; ZX, Upright",,,,,"XY, Flat; ZX, Upright",printed,,,,,Fig 4. Print Orientation,Note: All samples are printed with 100% infill; the lines in the Fig 4. indicate typical directionality of infill and walls in a printed part.,text,not-required,,,reader-r1-57-c,high,no-held-rows-on-page-in-scope,Fig 3 impact specimen and Fig 4 orientation drawings; the remaining text is the disclaimer
batch-57.csv#300,context,context,D-RAISE3D-Raise3D-Hyper-Core-PPA-CF25-TDS-V2-0,1,G070-08,Raise3D Hyper Core PPA CF25,tensile,"Mechanical Properties (Conditioned, after annealed)",,,,,,"XY, Flat",printed,Conditioned,annealed 100 ºC for 8h,,nozzle=320 ºC; bed=80 ºC; print speed=45 mm/s; infill=100%; infill angle=±45 °,"Mechanical Properties (Conditioned, after annealed) ¹","Mechanical Properties (Conditioned, after annealed) | All testing specimens were printed under the following conditions: | Nozzle temp. = 320 ºC; Bed temp.= 80 ºC; Print speed= 45 mm/s; Infill= 100%; Infill angle= ±45 °. | All specimens were annealed at 100 ºC for 8h.",text,not-required,,,reader-r1-57-c,high,,
batch-57.csv#301,context,context,D-RAISE3D-Raise3D-Hyper-Core-PPA-CF25-TDS-V2-0,1,G070-08,Raise3D Hyper Core PPA CF25,flexural,"Mechanical Properties (Conditioned, after annealed)",,,,,,"XY, Flat",printed,Conditioned,annealed 100 ºC for 8h,,nozzle=320 ºC; bed=80 ºC; print speed=45 mm/s; infill=100%; infill angle=±45 °,"Mechanical Properties (Conditioned, after annealed) ¹","Mechanical Properties (Conditioned, after annealed) | All testing specimens were printed under the following conditions: | Nozzle temp. = 320 ºC; Bed temp.= 80 ºC; Print speed= 45 mm/s; Infill= 100%; Infill angle= ±45 °. | All specimens were annealed at 100 ºC for 8h.",text,not-required,,,reader-r1-57-c,high,,
batch-57.csv#302,context,context,D-RAISE3D-Raise3D-Hyper-Core-PPA-CF25-TDS-V2-0,1,G070-08,Raise3D Hyper Core PPA CF25,impact,"Mechanical Properties (Conditioned, after annealed)",,,,,,"XY, Flat",printed,Conditioned,annealed 100 ºC for 8h,,nozzle=320 ºC; bed=80 ºC; print speed=45 mm/s; infill=100%; infill angle=±45 °,"Mechanical Properties (Conditioned, after annealed) ¹","Mechanical Properties (Conditioned, after annealed) | All testing specimens were printed under the following conditions: | Nozzle temp. = 320 ºC; Bed temp.= 80 ºC; Print speed= 45 mm/s; Infill= 100%; Infill angle= ±45 °. | All specimens were annealed at 100 ºC for 8h.",text,not-required,,,reader-r1-57-c,high,,
batch-57.csv#309,context,context,D-RAISE3D-Raise3D-Hyper-Core-PPA-CF25-TDS-V2-0,2,G070-08,Raise3D Hyper Core PPA CF25,tensile,"Mechanical Properties (Conditioned, before annealed)",,,,,,,printed,Conditioned,before annealed,,nozzle=320 ºC; bed=80 ºC; print speed=45 mm/s; infill=100 %; infill angle=±45 °,"Mechanical Properties (Conditioned, before annealed)²","Mechanical Properties (Conditioned, before annealed) | All testing specimens were printed under the following conditions: | Nozzle temp.= 320 ºC; Bed temp.= 80 ºC; Print speed= 45 mm/s; Infill= 100 %; Infill angle= ±45 °.",text,not-required,,,reader-r1-57-c,high,,
batch-57.csv#310,context,context,D-RAISE3D-Raise3D-Hyper-Core-PPA-CF25-TDS-V2-0,2,G070-08,Raise3D Hyper Core PPA CF25,flexural,"Mechanical Properties (Conditioned, before annealed)",,,,,,,printed,Conditioned,before annealed,,nozzle=320 ºC; bed=80 ºC; print speed=45 mm/s; infill=100 %; infill angle=±45 °,"Mechanical Properties (Conditioned, before annealed)²","Mechanical Properties (Conditioned, before annealed) | All testing specimens were printed under the following conditions: | Nozzle temp.= 320 ºC; Bed temp.= 80 ºC; Print speed= 45 mm/s; Infill= 100 %; Infill angle= ±45 °.",text,not-required,,,reader-r1-57-c,high,no-held-rows-on-page-in-scope,
batch-57.csv#311,context,context,D-RAISE3D-Raise3D-Hyper-Core-PPA-CF25-TDS-V2-0,2,G070-08,Raise3D Hyper Core PPA CF25,impact,"Mechanical Properties (Conditioned, before annealed)",,,,,,,printed,Conditioned,before annealed,,nozzle=320 ºC; bed=80 ºC; print speed=45 mm/s; infill=100 %; infill angle=±45 °,"Mechanical Properties (Conditioned, before annealed)²","Mechanical Properties (Conditioned, before annealed) | All testing specimens were printed under the following conditions: | Nozzle temp.= 320 ºC; Bed temp.= 80 ºC; Print speed= 45 mm/s; Infill= 100 %; Infill angle= ±45 °.",text,not-required,,,reader-r1-57-c,high,,
batch-57.csv#324,context,context,D-RAISE3D-Raise3D-Hyper-Core-PPA-CF25-TDS-V2-0,2,G070-08,Raise3D Hyper Core PPA CF25,thermal,Footnote 3,,,,,,,,,annealed 100 ºC for 8h,ISO 75,,Thermal Properties,³The specimens of HDT test were annealed at 100 ºC for 8h.,text,not-required,,,reader-r1-57-c,high,,
batch-57.csv#334,context,context,D-RAISE3D-Raise3D-Hyper-Core-PPA-CF25-TDS-V2-0,4,G070-08,Raise3D Hyper Core PPA CF25,all,Fig 4 Print Orientation,"XY, Flat; ZX, Upright",,,,,"XY, Flat; ZX, Upright",printed,,,,,Fig 4. Print Orientation,Note: All samples are printed with 100% infill; the lines in the Fig 4. indicate typical directionality of infill and walls in a printed part.,text,not-required,,,reader-r1-57-c,high,no-held-rows-on-page-in-scope,Fig 4 orientation drawing; rest of page is the disclaimer
batch-58.csv#8,context,context,D-RAISE3D-Raise3D-Hyper-Core-PPA-GF25-TDS-V1-1,1,,,tensile,"Mechanical Properties (Conditioned, after annealed)",,,,,,"XY, Flat",printed,Conditioned,annealed at 100 ºC for 8h,,,"Mechanical Properties (Conditioned, after annealed)","Mechanical Properties (Conditioned, after annealed) | All testing specimens were printed under the following conditions: | All specimens were annealed at 100 ºC for 8h.",text,not-required,,,reader-r1-58,high,,heading and footnote 1 of the mechanical table
batch-58.csv#9,context,context,D-RAISE3D-Raise3D-Hyper-Core-PPA-GF25-TDS-V1-1,1,,,flexural,"Mechanical Properties (Conditioned, after annealed)",,,,,,"XY, Flat",printed,Conditioned,annealed at 100 ºC for 8h,,,"Mechanical Properties (Conditioned, after annealed)","Mechanical Properties (Conditioned, after annealed) | All testing specimens were printed under the following conditions: | All specimens were annealed at 100 ºC for 8h.",text,not-required,,,reader-r1-58,high,,heading and footnote 1 of the mechanical table
batch-58.csv#10,context,context,D-RAISE3D-Raise3D-Hyper-Core-PPA-GF25-TDS-V1-1,1,,,impact,"Mechanical Properties (Conditioned, after annealed)",,,,,,"XY, Flat",printed,Conditioned,annealed at 100 ºC for 8h,,,"Mechanical Properties (Conditioned, after annealed)","Mechanical Properties (Conditioned, after annealed) | All testing specimens were printed under the following conditions: | All specimens were annealed at 100 ºC for 8h.",text,not-required,,,reader-r1-58,high,,heading and footnote 1 of the mechanical table
batch-58.csv#22,context,context,D-RAISE3D-Raise3D-Hyper-Core-PPA-GF25-TDS-V1-1,2,,,tensile,"Mechanical Properties (Conditioned, before annealed)",,,,,,"XY, Flat; ZX, Upright",printed,Conditioned,before annealed,,,"Mechanical Properties (Conditioned, before annealed)","Mechanical Properties (Conditioned, before annealed) | All testing specimens were printed under the following conditions:",text,not-required,,,reader-r1-58,high,,heading and footnote 2 of the mechanical table; no annealing stated in the footnote
batch-58.csv#23,context,context,D-RAISE3D-Raise3D-Hyper-Core-PPA-GF25-TDS-V1-1,2,,,flexural,"Mechanical Properties (Conditioned, before annealed)",,,,,,"XY, Flat",printed,Conditioned,before annealed,,,"Mechanical Properties (Conditioned, before annealed)","Mechanical Properties (Conditioned, before annealed) | All testing specimens were printed under the following conditions:",text,not-required,,,reader-r1-58,high,,heading and footnote 2 of the mechanical table
batch-58.csv#24,context,context,D-RAISE3D-Raise3D-Hyper-Core-PPA-GF25-TDS-V1-1,2,,,impact,"Mechanical Properties (Conditioned, before annealed)",,,,,,"XY, Flat",printed,Conditioned,before annealed,,,"Mechanical Properties (Conditioned, before annealed)","Mechanical Properties (Conditioned, before annealed) | All testing specimens were printed under the following conditions:",text,not-required,,,reader-r1-58,high,,heading and footnote 2 of the mechanical table
batch-58.csv#40,context,context,D-RAISE3D-Raise3D-Hyper-Core-PPA-GF25-TDS-V1-1,2,,,thermal,Thermal Properties,,,,,,,,,annealed at 100 ºC for 8h,,,Thermal Properties,The specimens of HDT test were annealed at 100 ºC for 8h.,text,not-required,,,reader-r1-58,high,,footnote 3 speaks for the HDT rows only
batch-58.csv#55,context-held,context,D-RAISE3D-Raise3D-Hyper-Speed-ABS-Filament-TDS-V2-0,1,G027-24,Hyper Speed ABS,physical,Note,Tested with 3D printed specimen of 100% infill.,,,,,,printed,,,,,Physical Properties,Note: Tested with 3D printed specimen of 100% infill.,text,not-required,PC00394,V013861(specimen) V013863(specimen) V013864(specimen),reader-r1-58,high,,
batch-58.csv#56,context,context,D-RAISE3D-Raise3D-Hyper-Speed-ABS-Filament-TDS-V2-0,1,G027-24,Hyper Speed ABS,all,Mechanical Properties,,,,,,,printed,conditioned at room temperature for 24h prior to testing,,,,Mechanical Properties,Mechanical Properties | All testing specimens were printed under the following conditions: | All specimens were conditioned at room temperature for 24h prior to testing.,visual-only,disagrees,,"V006817(moisture=conditioned) V006818(moisture=conditioned) V006819(moisture=conditioned) V006820(moisture=conditioned) V006821(moisture=conditioned) V013861(moisture=conditioned,specimen) V013862(moisture=conditioned) V013863(moisture=conditioned,specimen) V013864(moisture=conditioned,specimen)",reader-r1-58,high,quote-not-on-page,note printed on page 2 under the mechanical table; applies to the page 1 rows too
batch-58.csv#66,context-held,context,D-RAISE3D-Raise3D-Hyper-Speed-ABS-Filament-TDS-V2-0,2,G027-24,Hyper Speed ABS,all,Note,,,,,,,printed,conditioned at room temperature for 24h,,,,Mechanical Properties,All testing specimens were printed under the following conditions: | All specimens were conditioned at room temperature for 24h prior to testing.,text,not-required,PC00013,"V006822(moisture=conditioned,specimen) V006823(moisture=conditioned,specimen) V006824(moisture=conditioned,specimen) V006825(moisture=conditioned,specimen)",reader-r1-58,high,,the held page_context PC00013 holds the print conditions of this note
batch-58.csv#85,context,context,D-RAISE3D-Raise3D-Hyper-Speed-PET-CF-TDS-V1-0,1,G067-07,Hyper Speed PET CF,tensile,"Mechanical Properties (Conditioned, after annealed)",,,,,,"XY, Flat; ZX, Flat",printed,Conditioned,after annealed; annealed at 120 ºC for 10h,,,"Mechanical Properties (Conditioned, after annealed)","Mechanical Properties (Conditioned, after annealed) | All testing specimens were printed under the following conditions: | All specimens were annealed at 120 ºC for 10h.",text,not-required,,,reader-r1-58,high,,heading and footnote 1
batch-58.csv#86,context,context,D-RAISE3D-Raise3D-Hyper-Speed-PET-CF-TDS-V1-0,1,G067-07,Hyper Speed PET CF,flexural,"Mechanical Properties (Conditioned, after annealed)",,,,,,"XY, Flat; ZX, Flat",printed,Conditioned,after annealed; annealed at 120 ºC for 10h,,,"Mechanical Properties (Conditioned, after annealed)","Mechanical Properties (Conditioned, after annealed) | All testing specimens were printed under the following conditions: | All specimens were annealed at 120 ºC for 10h.",text,not-required,,,reader-r1-58,high,,heading and footnote 1
batch-58.csv#87,context,context,D-RAISE3D-Raise3D-Hyper-Speed-PET-CF-TDS-V1-0,1,G067-07,Hyper Speed PET CF,impact,"Mechanical Properties (Conditioned, after annealed)",,,,,,"XY, Flat; ZX, Flat",printed,Conditioned,after annealed; annealed at 120 ºC for 10h,,,"Mechanical Properties (Conditioned, after annealed)","Mechanical Properties (Conditioned, after annealed) | All testing specimens were printed under the following conditions: | All specimens were annealed at 120 ºC for 10h.",text,not-required,,,reader-r1-58,high,,heading and footnote 1
batch-58.csv#104,context,context,D-RAISE3D-Raise3D-Hyper-Speed-PET-CF-TDS-V1-0,2,G067-07,Hyper Speed PET CF,tensile,"Mechanical Properties (Conditioned, before annealed)",,,,,,"XY, Flat; ZX, Upright",printed,Conditioned,before annealed,,,"Mechanical Properties (Conditioned, before annealed)","Mechanical Properties (Conditioned, before annealed) | All testing specimens were printed under the following conditions:",text,not-required,,,reader-r1-58,high,,heading and footnote 2; footnote prints no annealing
batch-58.csv#105,context,context,D-RAISE3D-Raise3D-Hyper-Speed-PET-CF-TDS-V1-0,2,G067-07,Hyper Speed PET CF,flexural,"Mechanical Properties (Conditioned, before annealed)",,,,,,"XY, Flat; ZX, Upright",printed,Conditioned,before annealed,,,"Mechanical Properties (Conditioned, before annealed)","Mechanical Properties (Conditioned, before annealed) | All testing specimens were printed under the following conditions:",text,not-required,,,reader-r1-58,high,,heading and footnote 2; footnote prints no annealing
batch-58.csv#106,context,context,D-RAISE3D-Raise3D-Hyper-Speed-PET-CF-TDS-V1-0,2,G067-07,Hyper Speed PET CF,impact,"Mechanical Properties (Conditioned, before annealed)",,,,,,"XY, Flat; ZX, Upright",printed,Conditioned,before annealed,,,"Mechanical Properties (Conditioned, before annealed)","Mechanical Properties (Conditioned, before annealed) | All testing specimens were printed under the following conditions:",text,not-required,,,reader-r1-58,high,,heading and footnote 2; footnote prints no annealing
batch-58.csv#124,context,context,D-RAISE3D-Raise3D-Hyper-Speed-PET-CF-TDS-V1-0,2,G067-07,Hyper Speed PET CF,thermal,The specimens of HDT test were annealed at 120 ºC for 10h.,,,,,,,,,annealed at 120 ºC for 10h,,,Thermal Properties,The specimens of HDT test were annealed at 120 ºC for 10h.,text,not-required,,,reader-r1-58,high,,footnote 3 speaks for the HDT rows
batch-58.csv#141,context,context,D-RAISE3D-Raise3D-Hyper-Speed-PETG-CF-TDS-V1-0,1,G024-20,Hyper Speed PETG CF,tensile,Mechanical Properties,,,,,,"XY, Flat; ZX, Flat",printed,,,,,Mechanical Properties,Mechanical Properties | All testing specimens were printed under the following conditions:,visual-only,agreed,,,reader-r1-58,high,quote-not-on-page,heading on page 1; footnote 1 with the specimen print conditions is at the top of page 2; no moisture or annealing stated
batch-58.csv#142,context,context,D-RAISE3D-Raise3D-Hyper-Speed-PETG-CF-TDS-V1-0,1,G024-20,Hyper Speed PETG CF,flexural,Mechanical Properties,,,,,,"XY, Flat; ZX, Flat",printed,,,,,Mechanical Properties,Mechanical Properties | All testing specimens were printed under the following conditions:,visual-only,agreed,,,reader-r1-58,high,quote-not-on-page,heading on page 1; footnote 1 with the specimen print conditions is at the top of page 2; no moisture or annealing stated
batch-58.csv#143,context,context,D-RAISE3D-Raise3D-Hyper-Speed-PETG-CF-TDS-V1-0,1,G024-20,Hyper Speed PETG CF,impact,Mechanical Properties,,,,,,"XY, Flat; ZX, Flat",printed,,,,,Mechanical Properties,Mechanical Properties | All testing specimens were printed under the following conditions:,visual-only,agreed,,,reader-r1-58,high,quote-not-on-page,heading on page 1; footnote 1 with the specimen print conditions is at the top of page 2; no moisture or annealing stated
batch-58.csv#177,context-held,context,D-RAISE3D-Raise3D-Hyper-Speed-PLA-Filament-TDS-V4-0-EN,1,G001-155,Hyper Speed PLA,tensile,Note,,,,,,"XY, Flat; ZX, Upright",printed,conditioned at room temperature for 24 h,,,,Mechanical Properties,Note: All testing specimens were printed under the following conditions: | All specimens were conditioned at room temperature for 24 h prior to testing.,text,not-required,PC00355,V013908(moisture=conditioned) V013909(moisture=conditioned) V013910(moisture=conditioned) V013911(moisture=conditioned) V013912(moisture=conditioned) V013913(moisture=conditioned),reader-r1-58,high,,note under the mechanical table
batch-58.csv#178,context-held,context,D-RAISE3D-Raise3D-Hyper-Speed-PLA-Filament-TDS-V4-0-EN,1,G001-155,Hyper Speed PLA,flexural,Note,,,,,,"XY, Flat; ZX, Upright",printed,conditioned at room temperature for 24 h,,,,Mechanical Properties,Note: All testing specimens were printed under the following conditions: | All specimens were conditioned at room temperature for 24 h prior to testing.,text,not-required,PC00425,V013914(moisture=conditioned) V013915(moisture=conditioned),reader-r1-58,high,,note under the mechanical table
batch-58.csv#179,context-held,context,D-RAISE3D-Raise3D-Hyper-Speed-PLA-Filament-TDS-V4-0-EN,1,G001-155,Hyper Speed PLA,impact,Note,,,,,,"XY, Flat; ZX, Upright",printed,conditioned at room temperature for 24 h,,,,Mechanical Properties,Note: All testing specimens were printed under the following conditions: | All specimens were conditioned at room temperature for 24 h prior to testing.,text,not-required,PC00426,V013916(moisture=conditioned),reader-r1-58,high,,note under the mechanical table
batch-58.csv#180,context,context,D-RAISE3D-Raise3D-Hyper-Speed-PLA-Filament-TDS-V4-0-EN,1,G001-155,Hyper Speed PLA,all,Note,,,,,,,printed,conditioned at room temperature for 24 h,,,,Mechanical Properties,Note: All testing specimens were printed under the following conditions: | All specimens were conditioned at room temperature for 24 h prior to testing.,text,not-required,,"V009335(moisture=conditioned,specimen) V013907(moisture=conditioned,specimen) V013908(moisture=conditioned) V013909(moisture=conditioned) V013910(moisture=conditioned) V013911(moisture=conditioned) V013912(moisture=conditioned) V013913(moisture=conditioned) V013914(moisture=conditioned) V013915(moisture=conditioned) V013916(moisture=conditioned) V013917(moisture=conditioned) V013918(moisture=conditioned)",reader-r1-58,high,,"note under the mechanical table, which also holds the Shore D hardness row"
batch-58.csv#224,context,context,D-RAISE3D-Raise3D-Hyper-Speed-PLA-Pro-TDS-V1-0-1,1,G001-152,Hyper Speed PLA Pro,tensile,"Mechanical Properties (Conditioned, before annealed)",,,,,,"XY, Flat; ZX, Upright",printed,Conditioned,before annealed,,,"Mechanical Properties (Conditioned, before annealed)","Mechanical Properties (Conditioned, before annealed) | All testing specimens were printed under the following conditions:",text,not-required,,,reader-r1-58,high,,heading and footnote 1; footnote prints no annealing
batch-58.csv#225,context,context,D-RAISE3D-Raise3D-Hyper-Speed-PLA-Pro-TDS-V1-0-1,1,G001-152,Hyper Speed PLA Pro,flexural,"Mechanical Properties (Conditioned, before annealed)",,,,,,"XY, Flat; ZX, Upright",printed,Conditioned,before annealed,,,"Mechanical Properties (Conditioned, before annealed)","Mechanical Properties (Conditioned, before annealed) | All testing specimens were printed under the following conditions:",text,not-required,,,reader-r1-58,high,,heading and footnote 1; footnote prints no annealing
batch-58.csv#226,context,context,D-RAISE3D-Raise3D-Hyper-Speed-PLA-Pro-TDS-V1-0-1,1,G001-152,Hyper Speed PLA Pro,impact,"Mechanical Properties (Conditioned, before annealed)",,,,,,"XY, Flat; ZX, Upright",printed,Conditioned,before annealed,,,"Mechanical Properties (Conditioned, before annealed)","Mechanical Properties (Conditioned, before annealed) | All testing specimens were printed under the following conditions:",text,not-required,,,reader-r1-58,high,,heading and footnote 1; footnote prints no annealing
batch-58.csv#245,context,context,D-RAISE3D-Raise3D-Hyper-Speed-PLA-Pro-TDS-V1-0-1,2,G001-152,Hyper Speed PLA Pro,thermal,Footnote 2,,,,,,,printed,,,,,Thermal Properties,All testing specimens were printed under the following conditions:,text,not-required,,,reader-r1-58,high,,footnote 2 under the thermal table
batch-58.csv#273,context,context,D-RAISE3D-Raise3D-Industrial-PA12-CF-TDS-V3-0-0b3967,1,G053-09,Industrial PA12 CF,tensile,Mechanical Properties (Dry state),,,,,,,,Dry state; dried for 48h prior to testing,annealed at 80˚C for 24h,,,Mechanical Properties (Dry state),Mechanical Properties (Dry state) | All specimens were annealed at 80˚C for 24h and dried for 48h prior to testing.,text,not-required,,,reader-r1-58,high,,heading and footnote under the dry-state table
batch-58.csv#274,context,context,D-RAISE3D-Raise3D-Industrial-PA12-CF-TDS-V3-0-0b3967,1,G053-09,Industrial PA12 CF,flexural,Mechanical Properties (Dry state),,,,,,,,Dry state; dried for 48h prior to testing,annealed at 80˚C for 24h,,,Mechanical Properties (Dry state),Mechanical Properties (Dry state) | All specimens were annealed at 80˚C for 24h and dried for 48h prior to testing.,text,not-required,,,reader-r1-58,high,no-held-rows-on-page-in-scope,heading and footnote under the dry-state table
batch-58.csv#275,context,context,D-RAISE3D-Raise3D-Industrial-PA12-CF-TDS-V3-0-0b3967,1,G053-09,Industrial PA12 CF,impact,Mechanical Properties (Dry state),,,,,,,,Dry state; dried for 48h prior to testing,annealed at 80˚C for 24h,,,Mechanical Properties (Dry state),Mechanical Properties (Dry state) | All specimens were annealed at 80˚C for 24h and dried for 48h prior to testing.,text,not-required,,,reader-r1-58,high,no-held-rows-on-page-in-scope,heading and footnote under the dry-state table
batch-58.csv#282,context-held,context,D-RAISE3D-Raise3D-Industrial-PA12-CF-TDS-V3-0-0b3967,2,G053-09,Industrial PA12 CF,tensile,Mechanical Properties (Conditioned),,,,,,,,Conditioned; immerged in ambient temperature for 3 days prior to testing,annealed at 80 °C for 24h,,,Mechanical Properties (Conditioned),"Mechanical Properties (Conditioned) | All specimens were annealed at 80 °C for 24h, and immerged in ambient temperature for 3 days prior to testing.",text,not-required,PC00057,,reader-r1-58,high,,held page_context row; footnote wraps onto a second line (prior to / testing.); medium of immersion not stated
batch-58.csv#283,context-held,context,D-RAISE3D-Raise3D-Industrial-PA12-CF-TDS-V3-0-0b3967,2,G053-09,Industrial PA12 CF,flexural,Mechanical Properties (Conditioned),,,,,,,,Conditioned; immerged in ambient temperature for 3 days prior to testing,annealed at 80 °C for 24h,,,Mechanical Properties (Conditioned),"Mechanical Properties (Conditioned) | All specimens were annealed at 80 °C for 24h, and immerged in ambient temperature for 3 days prior to testing.",text,not-required,PC00058,,reader-r1-58,high,,held page_context row; footnote wraps onto a second line (prior to / testing.); medium of immersion not stated
batch-58.csv#284,context-held,context,D-RAISE3D-Raise3D-Industrial-PA12-CF-TDS-V3-0-0b3967,2,G053-09,Industrial PA12 CF,impact,Mechanical Properties (Conditioned),,,,,,,,Conditioned; immerged in ambient temperature for 3 days prior to testing,annealed at 80 °C for 24h,,,Mechanical Properties (Conditioned),"Mechanical Properties (Conditioned) | All specimens were annealed at 80 °C for 24h, and immerged in ambient temperature for 3 days prior to testing.",text,not-required,PC00059,"V006625(moisture=conditioned,treatment=annealed)",reader-r1-58,high,,held page_context row; footnote wraps onto a second line (prior to / testing.); medium of immersion not stated
batch-58.csv#309,context,context,D-RAISE3D-Raise3D-Industrial-PA12-CF-TDS-V3-0-76400e,1,G059-03,Industrial PA12 CF+,tensile,"Mechanical Properties (As printed, conditioned)",,,,,,,,conditioned,As printed,,,"Mechanical Properties (As printed, conditioned)","Mechanical Properties (As printed, conditioned)",text,not-required,,,reader-r1-58,high,,heading; the footnote (3 days immersion) is at the foot of the table on page 2
batch-58.csv#310,context,context,D-RAISE3D-Raise3D-Industrial-PA12-CF-TDS-V3-0-76400e,2,G059-03,Industrial PA12 CF+,tensile,"Mechanical Properties (As printed, conditioned)",,,,,,,,Conditioned; immerged in ambient temperature for 3 days prior to testing,As printed,,,"Mechanical Properties (As printed, conditioned)",All specimens were immerged in ambient temperature for 3 days prior totesting.,text,not-required,,,reader-r1-58,high,contradicts:V007000:moisture contradicts:V007000:treatment contradicts:V007001:moisture contradicts:V007001:treatment contradicts:V007002:moisture contradicts:V007002:treatment contradicts:V007003:moisture contradicts:V007003:treatment contradicts:V007004:moisture contradicts:V007004:treatment contradicts:V007005:moisture contradicts:V007005:treatment contradicts:V007007:treatment contradicts:V013947:treatment contradicts:V013948:treatment contradicts:V013949:treatment,"footnote of the as-printed, conditioned table (continues from page 1); no annealing stated"
batch-58.csv#311,context,context,D-RAISE3D-Raise3D-Industrial-PA12-CF-TDS-V3-0-76400e,1,G059-03,Industrial PA12 CF+,flexural,"Mechanical Properties (As printed, conditioned)",,,,,,,,conditioned,As printed,,,"Mechanical Properties (As printed, conditioned)","Mechanical Properties (As printed, conditioned)",text,not-required,,,reader-r1-58,high,,heading; the footnote (3 days immersion) is at the foot of the table on page 2
batch-58.csv#312,context,context,D-RAISE3D-Raise3D-Industrial-PA12-CF-TDS-V3-0-76400e,2,G059-03,Industrial PA12 CF+,flexural,"Mechanical Properties (As printed, conditioned)",,,,,,,,Conditioned; immerged in ambient temperature for 3 days prior to testing,As printed,,,"Mechanical Properties (As printed, conditioned)",All specimens were immerged in ambient temperature for 3 days prior totesting.,text,not-required,,,reader-r1-58,high,contradicts:V007006:moisture contradicts:V007006:treatment contradicts:V014419:moisture contradicts:V014419:treatment,"footnote of the as-printed, conditioned table (continues from page 1); no annealing stated"
batch-58.csv#313,context,context,D-RAISE3D-Raise3D-Industrial-PA12-CF-TDS-V3-0-76400e,1,G059-03,Industrial PA12 CF+,impact,"Mechanical Properties (As printed, conditioned)",,,,,,,,conditioned,As printed,,,"Mechanical Properties (As printed, conditioned)","Mechanical Properties (As printed, conditioned)",text,not-required,,,reader-r1-58,high,no-held-rows-on-page-in-scope,heading; the footnote (3 days immersion) is at the foot of the table on page 2
batch-58.csv#314,context,context,D-RAISE3D-Raise3D-Industrial-PA12-CF-TDS-V3-0-76400e,2,G059-03,Industrial PA12 CF+,impact,"Mechanical Properties (As printed, conditioned)",,,,,,,,Conditioned; immerged in ambient temperature for 3 days prior to testing,As printed,,,"Mechanical Properties (As printed, conditioned)",All specimens were immerged in ambient temperature for 3 days prior totesting.,text,not-required,,,reader-r1-58,high,contradicts:V014420:moisture contradicts:V014420:treatment,"footnote of the as-printed, conditioned table (continues from page 1); no annealing stated"
batch-58.csv#324,context,context,D-RAISE3D-Raise3D-Industrial-PA12-CF-TDS-V3-0-76400e,2,G059-03,Industrial PA12 CF+,tensile,"Mechanical Properties (After annealing, dry state)",,,,,,,,Dry state; dried for 48h prior to testing,After annealing; annealed at 80˚C for 12h,,,"Mechanical Properties (After annealing, dry state)","Mechanical Properties (After annealing, dry state) | All specimens were annealed at 80˚C for 12h and dried for 48h prior to testing.",text,not-required,,,reader-r1-58,high,contradicts:V007007:moisture contradicts:V013947:moisture contradicts:V013948:moisture contradicts:V013949:moisture,heading and footnote under the table
batch-58.csv#325,context,context,D-RAISE3D-Raise3D-Industrial-PA12-CF-TDS-V3-0-76400e,2,G059-03,Industrial PA12 CF+,flexural,"Mechanical Properties (After annealing, dry state)",,,,,,,,Dry state; dried for 48h prior to testing,After annealing; annealed at 80˚C for 12h,,,"Mechanical Properties (After annealing, dry state)","Mechanical Properties (After annealing, dry state) | All specimens were annealed at 80˚C for 12h and dried for 48h prior to testing.",text,not-required,,,reader-r1-58,high,contradicts:V006998:moisture contradicts:V006998:treatment,heading and footnote under the table
batch-58.csv#326,context,context,D-RAISE3D-Raise3D-Industrial-PA12-CF-TDS-V3-0-76400e,2,G059-03,Industrial PA12 CF+,impact,"Mechanical Properties (After annealing, dry state)",,,,,,,,Dry state; dried for 48h prior to testing,After annealing; annealed at 80˚C for 12h,,,"Mechanical Properties (After annealing, dry state)","Mechanical Properties (After annealing, dry state) | All specimens were annealed at 80˚C for 12h and dried for 48h prior to testing.",text,not-required,,,reader-r1-58,high,contradicts:V006999:moisture contradicts:V006999:treatment,heading and footnote under the table
batch-58.csv#336,context,context,D-RAISE3D-Raise3D-Industrial-PA12-CF-TDS-V3-0-76400e,2,G059-03,Industrial PA12 CF+,tensile,"Mechanical Properties (After annealing, conditioned)",,,,,,,,conditioned,After annealing,,,"Mechanical Properties (After annealing, conditioned)","Mechanical Properties (After annealing, conditioned)",text,not-required,,,reader-r1-58,high,contradicts:V007000:moisture contradicts:V007001:moisture contradicts:V007002:moisture contradicts:V007003:moisture contradicts:V007004:moisture contradicts:V007005:moisture,heading; footnote is on page 3
batch-58.csv#337,context,context,D-RAISE3D-Raise3D-Industrial-PA12-CF-TDS-V3-0-76400e,3,G059-03,Industrial PA12 CF+,tensile,"Mechanical Properties (After annealing, conditioned)",,,,,,,,Conditioned; immerged in ambient temperature for 3 days prior to testing,After annealing; annealed at 80 °C for 12h,,,"Mechanical Properties (After annealing, conditioned)","All specimens were annealed at 80 °C for 12h, and immerged in ambient temperature for 3 days prior to testing.",text,not-required,,,reader-r1-58,high,,footnote wraps (prior to / testing.)
batch-58.csv#338,context,context,D-RAISE3D-Raise3D-Industrial-PA12-CF-TDS-V3-0-76400e,2,G059-03,Industrial PA12 CF+,flexural,"Mechanical Properties (After annealing, conditioned)",,,,,,,,conditioned,After annealing,,,"Mechanical Properties (After annealing, conditioned)","Mechanical Properties (After annealing, conditioned)",text,not-required,,,reader-r1-58,high,contradicts:V006998:treatment contradicts:V007006:moisture contradicts:V014419:moisture,heading; footnote is on page 3
batch-58.csv#339,context,context,D-RAISE3D-Raise3D-Industrial-PA12-CF-TDS-V3-0-76400e,3,G059-03,Industrial PA12 CF+,flexural,"Mechanical Properties (After annealing, conditioned)",,,,,,,,Conditioned; immerged in ambient temperature for 3 days prior to testing,After annealing; annealed at 80 °C for 12h,,,"Mechanical Properties (After annealing, conditioned)","All specimens were annealed at 80 °C for 12h, and immerged in ambient temperature for 3 days prior to testing.",text,not-required,,,reader-r1-58,high,,footnote wraps (prior to / testing.)
batch-58.csv#340,context,context,D-RAISE3D-Raise3D-Industrial-PA12-CF-TDS-V3-0-76400e,2,G059-03,Industrial PA12 CF+,impact,"Mechanical Properties (After annealing, conditioned)",,,,,,,,conditioned,After annealing,,,"Mechanical Properties (After annealing, conditioned)","Mechanical Properties (After annealing, conditioned)",text,not-required,,,reader-r1-58,high,contradicts:V006999:treatment contradicts:V014420:moisture,heading; footnote is on page 3
batch-58.csv#341,context,context,D-RAISE3D-Raise3D-Industrial-PA12-CF-TDS-V3-0-76400e,3,G059-03,Industrial PA12 CF+,impact,"Mechanical Properties (After annealing, conditioned)",,,,,,,,Conditioned; immerged in ambient temperature for 3 days prior to testing,After annealing; annealed at 80 °C for 12h,,,"Mechanical Properties (After annealing, conditioned)","All specimens were annealed at 80 °C for 12h, and immerged in ambient temperature for 3 days prior to testing.",text,not-required,,,reader-r1-58,high,,footnote wraps (prior to / testing.)
batch-58.csv#367,context,context,D-RAISE3D-Raise3D-Industrial-PET-CF-TDS-V2-8c9901cf-e1d5-4e11-b9e2-cd245c298c4f,1,G067-05,Industrial PET CF,all,Mechanical Properties,,,,,,,,,,,,Mechanical Properties,Mechanical Properties,text,not-required,,,reader-r1-58,high,,heading only; specimen print conditions and annealing are in the Note at the foot of the table on page 2
batch-58.csv#368,context,context,D-RAISE3D-Raise3D-Industrial-PET-CF-TDS-V2-8c9901cf-e1d5-4e11-b9e2-cd245c298c4f,2,G067-05,Industrial PET CF,tensile,Note,,,,,,,printed,,annealed at 80˚C for 8h,,,Mechanical Properties,Note: | All testing specimens were printed under the following conditions: | All specimens were annealed at 80˚C for 8h.,text,not-required,,,reader-r1-58,high,no-held-rows-on-page-in-scope,note under the mechanical table (which starts on page 1); no moisture state stated
batch-58.csv#369,context,context,D-RAISE3D-Raise3D-Industrial-PET-CF-TDS-V2-8c9901cf-e1d5-4e11-b9e2-cd245c298c4f,2,G067-05,Industrial PET CF,flexural,Note,,,,,,,printed,,annealed at 80˚C for 8h,,,Mechanical Properties,Note: | All testing specimens were printed under the following conditions: | All specimens were annealed at 80˚C for 8h.,text,not-required,,,reader-r1-58,high,,note under the mechanical table (which starts on page 1); no moisture state stated
batch-58.csv#370,context,context,D-RAISE3D-Raise3D-Industrial-PET-CF-TDS-V2-8c9901cf-e1d5-4e11-b9e2-cd245c298c4f,2,G067-05,Industrial PET CF,impact,Note,,,,,,,printed,,annealed at 80˚C for 8h,,,Mechanical Properties,Note: | All testing specimens were printed under the following conditions: | All specimens were annealed at 80˚C for 8h.,text,not-required,,,reader-r1-58,high,,note under the mechanical table (which starts on page 1); no moisture state stated
batch-58.csv#406,context,context,D-RAISE3D-Raise3D-Industrial-PET-CF-TDS-V4-0,1,G067-05,Raise3D Industrial PET CF,tensile,"Mechanical Properties (Conditioned, before annealed)",,,,,,,printed,Conditioned; immerged in ambient temperature for 3 days prior to testing,before annealed,,nozzle=320 ºC; bed=80 ºC; print speed=45 mm/s; infill=100 %; infill angle=±45 °,"Mechanical Properties (Conditioned, before annealed)¹","Mechanical Properties (Conditioned, before annealed) | All testing specimens were printed under the following conditions: | All specimens were immerged in ambient temperature for 3 days prior to testing. | Nozzle temp.= 320 ºC; Bed temp.= 80 ºC; Print speed= 45 mm/s; Infill= 100 %; Infill angle= ±45 °.",text,not-required,,"V007190(moisture=conditioned,specimen)",reader-r1-58-c,high,contradicts:V007190:treatment,
batch-58.csv#407,context,context,D-RAISE3D-Raise3D-Industrial-PET-CF-TDS-V4-0,1,G067-05,Raise3D Industrial PET CF,flexural,"Mechanical Properties (Conditioned, before annealed)",,,,,,,printed,Conditioned; immerged in ambient temperature for 3 days prior to testing,before annealed,,nozzle=320 ºC; bed=80 ºC; print speed=45 mm/s; infill=100 %; infill angle=±45 °,"Mechanical Properties (Conditioned, before annealed)¹","Mechanical Properties (Conditioned, before annealed) | All testing specimens were printed under the following conditions: | All specimens were immerged in ambient temperature for 3 days prior to testing. | Nozzle temp.= 320 ºC; Bed temp.= 80 ºC; Print speed= 45 mm/s; Infill= 100 %; Infill angle= ±45 °.",text,not-required,,,reader-r1-58-c,high,,
batch-58.csv#408,context,context,D-RAISE3D-Raise3D-Industrial-PET-CF-TDS-V4-0,1,G067-05,Raise3D Industrial PET CF,impact,"Mechanical Properties (Conditioned, before annealed)",,,,,,,printed,Conditioned; immerged in ambient temperature for 3 days prior to testing,before annealed,,nozzle=320 ºC; bed=80 ºC; print speed=45 mm/s; infill=100 %; infill angle=±45 °,"Mechanical Properties (Conditioned, before annealed)¹","Mechanical Properties (Conditioned, before annealed) | All testing specimens were printed under the following conditions: | All specimens were immerged in ambient temperature for 3 days prior to testing. | Nozzle temp.= 320 ºC; Bed temp.= 80 ºC; Print speed= 45 mm/s; Infill= 100 %; Infill angle= ±45 °.",text,not-required,,,reader-r1-58-c,high,,
batch-58.csv#418,context,context,D-RAISE3D-Raise3D-Industrial-PET-CF-TDS-V4-0,2,G067-05,Raise3D Industrial PET CF,tensile,"Mechanical Properties (Conditioned, after annealing)",,,,,,,printed,Conditioned,annealed 100 ºC for 8h,,nozzle=320 ºC; bed=80 ºC; print speed=45 mm/s; infill=100%; infill angle=±45 °,"Mechanical Properties (Conditioned, after annealing)²","Mechanical Properties (Conditioned, after annealing) | All testing specimens were printed under the following conditions: | Nozzle temp. = 320 ºC; Bed temp.= 80 ºC; Print speed= 45 mm/s; Infill= 100%; Infill angle= ±45 °. | All specimens were annealed at 100 ºC for 8h.",text,not-required,,,reader-r1-58-c,high,,
batch-58.csv#419,context,context,D-RAISE3D-Raise3D-Industrial-PET-CF-TDS-V4-0,2,G067-05,Raise3D Industrial PET CF,flexural,"Mechanical Properties (Conditioned, after annealing)",,,,,,,printed,Conditioned,annealed 100 ºC for 8h,,nozzle=320 ºC; bed=80 ºC; print speed=45 mm/s; infill=100%; infill angle=±45 °,"Mechanical Properties (Conditioned, after annealing)²","Mechanical Properties (Conditioned, after annealing) | All testing specimens were printed under the following conditions: | Nozzle temp. = 320 ºC; Bed temp.= 80 ºC; Print speed= 45 mm/s; Infill= 100%; Infill angle= ±45 °. | All specimens were annealed at 100 ºC for 8h.",text,not-required,,,reader-r1-58-c,high,,
batch-58.csv#420,context,context,D-RAISE3D-Raise3D-Industrial-PET-CF-TDS-V4-0,2,G067-05,Raise3D Industrial PET CF,impact,"Mechanical Properties (Conditioned, after annealing)",,,,,,,printed,Conditioned,annealed 100 ºC for 8h,,nozzle=320 ºC; bed=80 ºC; print speed=45 mm/s; infill=100%; infill angle=±45 °,"Mechanical Properties (Conditioned, after annealing)²","Mechanical Properties (Conditioned, after annealing) | All testing specimens were printed under the following conditions: | Nozzle temp. = 320 ºC; Bed temp.= 80 ºC; Print speed= 45 mm/s; Infill= 100%; Infill angle= ±45 °. | All specimens were annealed at 100 ºC for 8h.",text,not-required,,,reader-r1-58-c,high,,
batch-58.csv#432,context,context,D-RAISE3D-Raise3D-Industrial-PET-CF-TDS-V4-0,2,G067-05,Raise3D Industrial PET CF,thermal,Footnote 3,,,,,,,,,annealed at 100 ºC for 8h and as printed without annealing,ISO 75,,Thermal Properties,³The specimens of HDT test were both annealed at 100 ºC for 8h and as printed without annealing.,text,not-required,,,reader-r1-58-c,high,contradicts:V011564:treatment contradicts:V011566:treatment,
batch-58.csv#450,context,context,D-RAISE3D-Raise3D-Industrial-PET-CF-TDS-V4-0,5,G067-05,Raise3D Industrial PET CF,all,Fig 4 Print Orientation,"XY, Flat; ZX, Upright",,,,,"XY, Flat; ZX, Upright",printed,,,,,Fig 4. Print Orientation,Note: All samples are printed with 100% infill; the lines in the Fig 4. indicate typical directionality of infill and walls in a printed part.,text,not-required,,,reader-r1-58-c,high,no-held-rows-on-page-in-scope,Fig 4 orientation drawing; rest of page is the disclaimer
batch-58.csv#472,context,context,D-RAISE3D-Raise3D-Industrial-PET-GF-TDS-V1,2,G068-04,Raise3D Industrial PET GF,tensile,Note (specimen conditions),,,,,,,printed,,annealed at 100˚C for 8h,,nozzle=320℃; bed=80℃; print speed=45mm/s; infill=100%; infill angle=±45°,Note,"All testing specimens were printed under the following conditions: | Nozzle temp 320℃ , Bed temp 80℃ , Print speed 45mm/s, Infill 100%, Infill angle ±45° | All specimens were annealed at 100˚C for 8h.",text,not-required,,,reader-r1-58-c,high,no-held-rows-on-page-in-scope,
batch-58.csv#473,context,context,D-RAISE3D-Raise3D-Industrial-PET-GF-TDS-V1,2,G068-04,Raise3D Industrial PET GF,flexural,Note (specimen conditions),,,,,,,printed,,annealed at 100˚C for 8h,,nozzle=320℃; bed=80℃; print speed=45mm/s; infill=100%; infill angle=±45°,Note,"All testing specimens were printed under the following conditions: | Nozzle temp 320℃ , Bed temp 80℃ , Print speed 45mm/s, Infill 100%, Infill angle ±45° | All specimens were annealed at 100˚C for 8h.",text,not-required,,,reader-r1-58-c,high,,
batch-58.csv#474,context,context,D-RAISE3D-Raise3D-Industrial-PET-GF-TDS-V1,2,G068-04,Raise3D Industrial PET GF,impact,Note (specimen conditions),,,,,,,printed,,annealed at 100˚C for 8h,,nozzle=320℃; bed=80℃; print speed=45mm/s; infill=100%; infill angle=±45°,Note,"All testing specimens were printed under the following conditions: | Nozzle temp 320℃ , Bed temp 80℃ , Print speed 45mm/s, Infill 100%, Infill angle ±45° | All specimens were annealed at 100˚C for 8h.",text,not-required,,,reader-r1-58-c,high,,
batch-58.csv#498,context-held,context,D-RAISE3D-Raise3D-Industrial-PETG-ESD-TDS-V3,1,G026-06,Raise3D Industrial PETG ESD,all,Filament Properties note,,,,,,,printed,,,,infill=100%,Filament Properties,Note: | Tested with 3D printed specimen of 100% infill.,text,not-required,PC00356,V006933(specimen) V006934(specimen) V006936(specimen),reader-r1-58-c,high,,
batch-58.csv#508,context,context,D-RAISE3D-Raise3D-Industrial-PETG-ESD-TDS-V3,2,G026-06,Raise3D Industrial PETG ESD,tensile,Note (specimen conditions),,,,,,,printed,,,,nozzle=245 °C; printing speed=45 mm/s; build plate=80 °C; infill=100%,Mechanical Properties,"All testing specimens were printed under the following conditions: | nozzle temperature = 245 °C, printing speed = 45 mm/s, build plate temperature = 80 °C, infill = 100%.",text,not-required,,,reader-r1-58-c,high,,
batch-58.csv#509,context,context,D-RAISE3D-Raise3D-Industrial-PETG-ESD-TDS-V3,2,G026-06,Raise3D Industrial PETG ESD,flexural,Note (specimen conditions),,,,,,,printed,,,,nozzle=245 °C; printing speed=45 mm/s; build plate=80 °C; infill=100%,Mechanical Properties,"All testing specimens were printed under the following conditions: | nozzle temperature = 245 °C, printing speed = 45 mm/s, build plate temperature = 80 °C, infill = 100%.",text,not-required,,,reader-r1-58-c,high,,
batch-58.csv#510,context,context,D-RAISE3D-Raise3D-Industrial-PETG-ESD-TDS-V3,2,G026-06,Raise3D Industrial PETG ESD,impact,Note (specimen conditions),,,,,,,printed,,,,nozzle=245 °C; printing speed=45 mm/s; build plate=80 °C; infill=100%,Mechanical Properties,"All testing specimens were printed under the following conditions: | nozzle temperature = 245 °C, printing speed = 45 mm/s, build plate temperature = 80 °C, infill = 100%.",text,not-required,,,reader-r1-58-c,high,,
batch-59.csv#11,context,context,D-RAISE3D-Raise3D-Industrial-PPA-GF-TDS-v2-1,1,,,tensile,Mechanical Properties (Conditioned),,,,,,,,immerged in ambient temperature for 3 days prior to testing,annealed at 100°C for 8h,,,Mechanical Properties (Conditioned),"All specimens were annealed at 100°C for 8h, and immerged in ambient temperature for 3 days prior to testing. | Mechanical Properties (Conditioned)",text,not-required,,,reader-r1-59,high,,footnote below the mechanical table
batch-59.csv#12,context,context,D-RAISE3D-Raise3D-Industrial-PPA-GF-TDS-v2-1,1,,,flexural,Mechanical Properties (Conditioned),,,,,,,,immerged in ambient temperature for 3 days prior to testing,annealed at 100°C for 8h,,,Mechanical Properties (Conditioned),"All specimens were annealed at 100°C for 8h, and immerged in ambient temperature for 3 days prior to testing. | Mechanical Properties (Conditioned)",text,not-required,,,reader-r1-59,high,,footnote below the mechanical table
batch-59.csv#13,context,context,D-RAISE3D-Raise3D-Industrial-PPA-GF-TDS-v2-1,1,,,impact,Mechanical Properties (Conditioned),,,,,,,,immerged in ambient temperature for 3 days prior to testing,annealed at 100°C for 8h,,,Mechanical Properties (Conditioned),"All specimens were annealed at 100°C for 8h, and immerged in ambient temperature for 3 days prior to testing. | Mechanical Properties (Conditioned)",text,not-required,,,reader-r1-59,high,,footnote below the mechanical table
batch-59.csv#40,context,context,D-RAISE3D-Raise3D-Industrial-PPS-CF-TDS-V1-1,1,G073-07,Industrial PPS CF,tensile,"Mechanical Properties (Conditioned, after annealed)",,,,,,,printed,Conditioned,annealed at 125 ºC for 16h,,nozzle temp=340 ºC; bed temp=90 ºC; infill=100%,"Mechanical Properties (Conditioned, after annealed)","Mechanical Properties (Conditioned, after annealed)¹ | 1All testing specimens were printed under the following conditions: Nozzle temp. = 340 ºC; Bed temp.= 90 ºC; Infill= 100%. All specimens were annealed at 125 ºC for 16h.",visual-only,agreed,,,reader-r1-59,high,quote-not-on-page,footnote 1 is printed on page 2
batch-59.csv#53,context,context,D-RAISE3D-Raise3D-Industrial-PPS-CF-TDS-V1-1,2,G073-07,Industrial PPS CF,tensile,"Mechanical Properties (Conditioned, after annealed)",,,,,,,printed,Conditioned,annealed at 125 ºC for 16h,,nozzle temp=340 ºC; bed temp=90 ºC; infill=100%,"Mechanical Properties (Conditioned, after annealed)","1All testing specimens were printed under the following conditions: Nozzle temp. = 340 ºC; Bed temp.= 90 ºC; Infill= 100%. All specimens were annealed at 125 ºC for 16h. | Mechanical Properties (Conditioned, after annealed)",visual-only,agreed,,,reader-r1-59,high,contradicts:V013969:treatment contradicts:V013970:treatment contradicts:V013971:treatment contradicts:V013972:treatment contradicts:V013973:treatment contradicts:V013974:treatment quote-not-on-page,
batch-59.csv#54,context,context,D-RAISE3D-Raise3D-Industrial-PPS-CF-TDS-V1-1,2,G073-07,Industrial PPS CF,flexural,"Mechanical Properties (Conditioned, after annealed)",,,,,,,printed,Conditioned,annealed at 125 ºC for 16h,,nozzle temp=340 ºC; bed temp=90 ºC; infill=100%,"Mechanical Properties (Conditioned, after annealed)","1All testing specimens were printed under the following conditions: Nozzle temp. = 340 ºC; Bed temp.= 90 ºC; Infill= 100%. All specimens were annealed at 125 ºC for 16h. | Mechanical Properties (Conditioned, after annealed)",visual-only,agreed,,,reader-r1-59,high,no-held-rows-on-page-in-scope quote-not-on-page,
batch-59.csv#55,context,context,D-RAISE3D-Raise3D-Industrial-PPS-CF-TDS-V1-1,2,G073-07,Industrial PPS CF,impact,"Mechanical Properties (Conditioned, after annealed)",,,,,,,printed,Conditioned,annealed at 125 ºC for 16h,,nozzle temp=340 ºC; bed temp=90 ºC; infill=100%,"Mechanical Properties (Conditioned, after annealed)","1All testing specimens were printed under the following conditions: Nozzle temp. = 340 ºC; Bed temp.= 90 ºC; Infill= 100%. All specimens were annealed at 125 ºC for 16h. | Mechanical Properties (Conditioned, after annealed)",visual-only,agreed,,,reader-r1-59,high,contradicts:V013975:treatment contradicts:V013976:treatment quote-not-on-page,
batch-59.csv#60,context,context,D-RAISE3D-Raise3D-Industrial-PPS-CF-TDS-V1-1,2,G073-07,Industrial PPS CF,tensile,"Mechanical Properties (Conditioned, before annealed)",,,,,,,printed,Conditioned,before annealed,,nozzle temp=340 ºC; bed temp=90 ºC; infill=100%,"Mechanical Properties (Conditioned, before annealed)","1All testing specimens were printed under the following conditions: Nozzle temp. = 340 ºC; Bed temp.= 90 ºC; Infill= 100%. | Mechanical Properties (Conditioned, before annealed)",text,not-required,,,reader-r1-59,high,,
batch-59.csv#61,context,context,D-RAISE3D-Raise3D-Industrial-PPS-CF-TDS-V1-1,2,G073-07,Industrial PPS CF,flexural,"Mechanical Properties (Conditioned, before annealed)",,,,,,,printed,Conditioned,before annealed,,nozzle temp=340 ºC; bed temp=90 ºC; infill=100%,"Mechanical Properties (Conditioned, before annealed)","1All testing specimens were printed under the following conditions: Nozzle temp. = 340 ºC; Bed temp.= 90 ºC; Infill= 100%. | Mechanical Properties (Conditioned, before annealed)",text,not-required,,,reader-r1-59,high,no-held-rows-on-page-in-scope,
batch-59.csv#62,context,context,D-RAISE3D-Raise3D-Industrial-PPS-CF-TDS-V1-1,2,G073-07,Industrial PPS CF,impact,"Mechanical Properties (Conditioned, before annealed)",,,,,,,printed,Conditioned,before annealed,,nozzle temp=340 ºC; bed temp=90 ºC; infill=100%,"Mechanical Properties (Conditioned, before annealed)","1All testing specimens were printed under the following conditions: Nozzle temp. = 340 ºC; Bed temp.= 90 ºC; Infill= 100%. | Mechanical Properties (Conditioned, before annealed)",text,not-required,,,reader-r1-59,high,contradicts:V013967:treatment contradicts:V013968:treatment,
batch-59.csv#80,context,context,D-RAISE3D-Raise3D-Industrial-PPS-CF-TDS-V1-1,2,G073-07,Industrial PPS CF,thermal,Thermal Properties,,,,,,,,,annealed at 125 ºC for 16h,,,Thermal Properties,3The specimens of HDT test were annealed at 125 ºC for 16h.,text,not-required,,,reader-r1-59,high,,footnote 3 to the HDT rows
batch-59.csv#84,context,context,D-RAISE3D-Raise3D-Industrial-PPS-CF-TDS-V1-1,4,G073-07,Industrial PPS CF,all,Fig 4 note,,,,,,,printed,,,,,Fig 4. Print Orientation,Note: All samples are printed with 100% infill; the lines in the Fig 4. indicate typical directionality of infill and walls in a printed part.,text,not-required,,,reader-r1-59,high,no-held-rows-on-page-in-scope,"XY, Flat and ZX, Upright are the print orientations shown in Fig 4"
batch-59.csv#85,context,context,D-RAISE3D-Raise3D-Industrial-PPS-CF-TDS-V1-1,4,G073-07,Industrial PPS CF,all,Fig 4 orientations,,,,,,,,,,,,Fig 4. Print Orientation,"XY, Flat | ZX, Upright",text,not-required,,,reader-r1-59,high,no-held-rows-on-page-in-scope,
batch-59.csv#89,context-held,context,D-RAISE3D-Raise3D-Premium-ABS-TDS-V7-2,1,G027-40,Premium ABS,thermal,Physical and Thermal Properties,,,,,,,printed,,,,infill=100%,Physical and Thermal Properties,Note: 1. Tested with 3D printed specimen of 100% infill.,text,not-required,PC00086,V009315(specimen) V009316(specimen) V009317(specimen) V009318(specimen) V013981(specimen),reader-r1-59,high,,Note 1 under the Physical and Thermal table
batch-59.csv#90,context-held,context,D-RAISE3D-Raise3D-Premium-ABS-TDS-V7-2,1,G027-40,Premium ABS,physical,Physical and Thermal Properties,,,,,,,printed,,,,infill=100%,Physical and Thermal Properties,Note: 1. Tested with 3D printed specimen of 100% infill.,text,not-required,PC00395,V013980(specimen),reader-r1-59,high,,Note 1 under the Physical and Thermal table
batch-59.csv#100,context,context,D-RAISE3D-Raise3D-Premium-ABS-TDS-V7-2,1,G027-40,Premium ABS,tensile,Mechanical Properties,,,,,,,printed,,,,nozzle=255°C; speed=60 mm/s; bed=100°C; infill=100%,Mechanical Properties,"All testing specimens were printed under the following conditions: Nozzle temperature = 255°C, printing speed = 60 mm/s, build plate temperature = 100°C, infill =100% . | Mechanical Properties",text,not-required,,,reader-r1-59,high,,Note below the Mechanical Properties table
batch-59.csv#101,context,context,D-RAISE3D-Raise3D-Premium-ABS-TDS-V7-2,1,G027-40,Premium ABS,flexural,Mechanical Properties,,,,,,,printed,,,,nozzle=255°C; speed=60 mm/s; bed=100°C; infill=100%,Mechanical Properties,"All testing specimens were printed under the following conditions: Nozzle temperature = 255°C, printing speed = 60 mm/s, build plate temperature = 100°C, infill =100% . | Mechanical Properties",text,not-required,,,reader-r1-59,high,,Note below the Mechanical Properties table
batch-59.csv#102,context,context,D-RAISE3D-Raise3D-Premium-ABS-TDS-V7-2,1,G027-40,Premium ABS,impact,Mechanical Properties,,,,,,,printed,,,,nozzle=255°C; speed=60 mm/s; bed=100°C; infill=100%,Mechanical Properties,"All testing specimens were printed under the following conditions: Nozzle temperature = 255°C, printing speed = 60 mm/s, build plate temperature = 100°C, infill =100% . | Mechanical Properties",text,not-required,,,reader-r1-59,high,,Note below the Mechanical Properties table
batch-59.csv#124,context,context,D-RAISE3D-Raise3D-Premium-ABS-TDS-V7-2,2,G027-40,Premium ABS,all,Recommended printing conditions,,,,,,,,,,,,Recommended printing conditions,1. Based on 0.4 mm nozzle and ideaMaker. Printing conditions may vary with different nozzle diameters.,text,not-required,,,reader-r1-59,high,no-held-rows-on-page-in-scope,Note 1 under the printing-conditions table
batch-59.csv#130,context-held,context,D-RAISE3D-Raise3D-Premium-ASA-TDS-v6-0,1,G031-16,Premium ASA,thermal,Physical Properties,,,,,,,printed,,,,infill=100%,Physical Properties,Note: Tested with 3D printed specimen of 100% infill.,text,not-required,PC00357,V006584(specimen) V006585(specimen),reader-r1-59,high,,Note under the Physical Properties table
batch-59.csv#131,context-held,context,D-RAISE3D-Raise3D-Premium-ASA-TDS-v6-0,1,G031-16,Premium ASA,physical,Physical Properties,,,,,,,printed,,,,infill=100%,Physical Properties,Note: Tested with 3D printed specimen of 100% infill.,text,not-required,PC00358,V006583(specimen) V006586(specimen),reader-r1-59,high,,Note under the Physical Properties table
batch-59.csv#138,context-held,context,D-RAISE3D-Raise3D-Premium-ASA-TDS-v6-0,1,G031-16,Premium ASA,tensile,Mechanical Properties (Dry State),,,,,,,printed,Dry State,,,nozzle=260 °C; speed=50 mm/s; bed=80 °C; infill=100%,Mechanical Properties (Dry State),"All testing specimens were printed under the following conditions: nozzle temperature = 260 °C, printing speed = 50 mm/s, build plate temperature = 80 °C, infill = 100% | Mechanical Properties (Dry State)",text,not-required,PC00054,V006587(moisture=dry) V006588(moisture=dry) V006589(moisture=dry) V006590(moisture=dry),reader-r1-59,high,,
batch-59.csv#139,context-held,context,D-RAISE3D-Raise3D-Premium-ASA-TDS-v6-0,1,G031-16,Premium ASA,flexural,Mechanical Properties (Dry State),,,,,,,printed,Dry State,,,nozzle=260 °C; speed=50 mm/s; bed=80 °C; infill=100%,Mechanical Properties (Dry State),"All testing specimens were printed under the following conditions: nozzle temperature = 260 °C, printing speed = 50 mm/s, build plate temperature = 80 °C, infill = 100% | Mechanical Properties (Dry State)",text,not-required,PC00055,V006591(moisture=dry),reader-r1-59,high,,
batch-59.csv#140,context-held,context,D-RAISE3D-Raise3D-Premium-ASA-TDS-v6-0,1,G031-16,Premium ASA,impact,Mechanical Properties (Dry State),,,,,,,printed,Dry State,,,nozzle=260 °C; speed=50 mm/s; bed=80 °C; infill=100%,Mechanical Properties (Dry State),"All testing specimens were printed under the following conditions: nozzle temperature = 260 °C, printing speed = 50 mm/s, build plate temperature = 80 °C, infill = 100% | Mechanical Properties (Dry State)",text,not-required,PC00056,V006592(moisture=dry) V006593(moisture=dry),reader-r1-59,high,,
batch-59.csv#166,context,context,D-RAISE3D-Raise3D-Premium-ASA-TDS-v6-0,2,G031-16,Premium ASA,all,Recommended printing conditions,,,,,,,,,,,,Recommended printing conditions,Note: Based on 0.4 mm nozzle and ideaMaker. Printing conditions may vary with different nozzle diameters.,text,not-required,,,reader-r1-59,high,no-held-rows-on-page-in-scope,
batch-59.csv#171,context-held,context,D-RAISE3D-Raise3d-Premium-PC-Black-White-TDS-V6,1,,,thermal,Note under Physical Properties table,Tested with 3D printed specimen of 100% infill.,,,,,,printed,,,,,Physical Properties,Note: | Tested with 3D printed specimen of 100% infill.,text,not-required,PC00077,V007177(specimen) V007178(specimen) V007180(specimen) V007181(specimen) V007182(specimen),reader-r1-59-c,high,,
batch-59.csv#179,context,context,D-RAISE3D-Raise3d-Premium-PC-Black-White-TDS-V6,1,,,all,All testing specimens were printed under the following conditions,"nozzle temperature = 255 °C, printing speed = 60 mm/s, build plate temperature = 100 °C, infill = 100%",,,,,,printed,conditioned at room temperature for 24h prior to testing,,,,Mechanical Properties,"All testing specimens were printed under the following conditions: nozzle temperature = 255 °C, printing speed = 60 mm/s, build plate temperature = 100 °C, infill = 100% All specimens were conditioned at room temperature for 24h prior to testing .",text,not-required,,"V007176(moisture=conditioned,specimen) V007177(moisture=conditioned,specimen) V007178(moisture=conditioned,specimen) V007179(moisture=conditioned,specimen) V007180(moisture=conditioned,specimen) V007181(moisture=conditioned,specimen) V007182(moisture=conditioned,specimen) V007183(moisture=conditioned) V007184(moisture=conditioned) V007185(moisture=conditioned) V007186(moisture=conditioned) V007187(moisture=conditioned) V007188(moisture=conditioned) V007189(moisture=conditioned)",reader-r1-59-c,high,,
batch-59.csv#206,context,context,D-RAISE3D-Raise3d-Premium-PC-Transparent-TDS-V4,1,,,thermal,Note under Physical Properties table,Tested with 3D printed specimen of 100% infill,,,,,,printed,,,,,Physical Properties,Tested with 3D printed specimen of 100% infill,text,not-required,,,reader-r1-59-c,high,no-held-rows-on-page-in-scope,
batch-59.csv#212,context,context,D-RAISE3D-Raise3d-Premium-PC-Transparent-TDS-V4,1,,,all,All testing specimens were printed under the following conditions,"nozzle temperature = 255 °C, printing speed = 60 mm/s, build plate temperature = 100 °C, infill = 100%",,,,,,printed,conditioned at room temperature for 24h prior to testing,,,,Mechanical Properties,"All testing specimens were printed under the following conditions: nozzle temperature = 255 °C, printing speed = 60 mm/s, build plate temperature = 100 °C, infill = 100% All specimens were conditioned at room temperature for 24h prior to testing",text,not-required,,V013988(moisture=conditioned) V013989(moisture=conditioned) V013990(moisture=conditioned) V013991(moisture=conditioned) V013992(moisture=conditioned),reader-r1-59-c,high,,
batch-59.csv#234,context-held,context,D-RAISE3D-Raise3d-Premium-PC-Transparent-TDS-V6,1,,,thermal,Note under Physical Properties table,Tested with 3D printed specimen of 100% infill.,,,,,,printed,,,,,Physical Properties,Tested with 3D printed specimen of 100% infill.,text,not-required,PC00023,V006846(specimen) V006847(specimen) V006849(specimen) V006850(specimen) V006851(specimen),reader-r1-59-c,high,,
batch-59.csv#242,context,context,D-RAISE3D-Raise3d-Premium-PC-Transparent-TDS-V6,1,,,all,All testing specimens were printed under the following conditions,"nozzle temperature = 255 °C, printing speed = 60 mm/s, build plate temperature = 100 °C, infill = 100%",,,,,,printed,conditioned at room temperature for 24h prior to testing,,,,Mechanical Properties,"All testing specimens were printed under the following conditions: nozzle temperature = 255 °C, printing speed = 60 mm/s, build plate temperature = 100 °C, infill = 100%. All specimens were conditioned at room temperature for 24h prior to testing",text,not-required,,"V006845(moisture=conditioned,specimen) V006846(moisture=conditioned,specimen) V006847(moisture=conditioned,specimen) V006848(moisture=conditioned,specimen) V006849(moisture=conditioned,specimen) V006850(moisture=conditioned,specimen) V006851(moisture=conditioned,specimen) V006852(moisture=conditioned) V006853(moisture=conditioned) V006854(moisture=conditioned) V006855(moisture=conditioned) V006856(moisture=conditioned) V006857(moisture=conditioned)",reader-r1-59-c,high,,
batch-59.csv#266,context-held,context,D-RAISE3D-Raise3d-Premium-PETG-TDS-V3,1,,,thermal,Note 1 under Physical Properties table,1. Tested with 3D printed specimen of 100% infill.,,,,,,printed,,,,,Physical Properties,Note: | 1. Tested with 3D printed specimen of 100% infill.,text,not-required,PC00396,,reader-r1-59-c,high,,
batch-59.csv#272,context-held,context,D-RAISE3D-Raise3d-Premium-PETG-TDS-V3,1,,,all,Note 1 under Mechanical Properties table,"1. All testing specimens were printed under the following conditions: nozzle temperature = 240 °C, printing speed = 45 mm/s, build plate temperature = 80 °C, infill = 100% All specimens were conditioned at room temperature for 24h prior to testing.",,,,,,printed,conditioned at room temperature for 24h prior to testing,,,,Mechanical Properties,"1. All testing specimens were printed under the following conditions: nozzle temperature = 240 °C, printing speed = 45 mm/s, build plate temperature = 80 °C, infill = 100% All specimens were conditioned at room temperature for 24h prior to testing.",text,not-required,PC00396,V013993(moisture=conditioned) V013994(moisture=conditioned) V013995(moisture=conditioned) V013996(moisture=conditioned) V013997(moisture=conditioned) V013998(moisture=conditioned) V013999(moisture=conditioned) V014000(moisture=conditioned) V014001(moisture=conditioned),reader-r1-59-c,high,,
batch-59.csv#294,context,context,D-RAISE3D-Raise3D-Premium-PLA-TDS-V6-0-EN,1,,,thermal,Note under Physical Properties table,Tested with 3D printed specimen of 100% infill.,,,,,,printed,,,,,Physical Properties,Note: | Tested with 3D printed specimen of 100% infill.,text,not-required,,,reader-r1-59-c,high,,
batch-59.csv#300,context,context,D-RAISE3D-Raise3D-Premium-PLA-TDS-V6-0-EN,1,,,all,Note under Mechanical Properties table (continues on page 2),All testing specimens were printed under the following conditions:,,,,,,printed,,,,,Mechanical Properties,Note: | All testing specimens were printed under the following conditions:,text,not-required,,,reader-r1-59-c,high,,statement continues at the top of page 2
batch-59.csv#311,context,context,D-RAISE3D-Raise3D-Premium-PLA-TDS-V6-0-EN,2,,,all,Note under Mechanical Properties table (continued from page 1),"nozzle temperature = 210 °C, printing speed = 45 mm/s, build plate temperature = 25 °C, infill = 100% All specimens were conditioned at room temperature for 24h prior to testing.",,,,,,printed,conditioned at room temperature for 24h prior to testing,,,,Mechanical Properties,"nozzle temperature = 210 °C, printing speed = 45 mm/s, build plate temperature = 25 °C, infill = 100% | All specimens were conditioned at room temperature for 24h prior to testing.",text,not-required,,,reader-r1-59-c,high,no-held-rows-on-page-in-scope,
batch-59.csv#351,context-held,context,D-RAISE3D-Raise3D-Premium-TPU95A-TDS-V2-2,1,,,physical,Note under Physical Properties table,Data from a newly opened filament spool;,,,,,,,newly opened filament spool,,,,Physical Properties,Data from a newly opened filament spool;,text,not-required,PC00361,,reader-r1-59-c,high,,
batch-59.csv#353,context-held,context,D-RAISE3D-Raise3D-Premium-TPU95A-TDS-V2-2,1,,,all,All testing specimens were printed under the following conditions,"Printing temperature = 210 °C, printing speed = 30 mm/s, number of shells = 2, and 100% infill. All specimens were conditioned at room temperature for 24h prior to testing.",,,,,,printed,conditioned at room temperature for 24h prior to testing,,,,Mechanical Properties,"All testing specimens were printed under the following conditions: | Printing temperature = 210 °C, printing speed = 30 mm/s, number of shells = 2, and 100% infill. | All specimens were conditioned at room temperature for 24h prior to testing.",text,not-required,PC00361,"V007028(moisture=conditioned,specimen) V007029(moisture=conditioned,specimen) V007030(moisture=conditioned,specimen) V007031(moisture=conditioned,specimen) V007032(moisture=conditioned,specimen) V007033(moisture=conditioned,specimen)",reader-r1-59-c,high,,
batch-60.csv#325,context,context,R-ERYONE-PETG-GF-TDS,1,,,all,Part I: Suggests Printing Parameters,,,,,,,,,,,,Part I: Suggests Printing Parameters,Part I: Suggests Printing Parameters | Parameter Set up,text,not-required,,,reader-r1-60-c,high,,
batch-60.csv#333,context,context,R-ERYONE-PETG-GF-TDS,1,,,physical,Part II: Physical Properties of Materials,,,,,,,,,,,,Part II: Physical Properties of Materials,Part II: Physical Properties of Materials | Property Testing Method Unit Typical Value,text,not-required,,,reader-r1-60-c,high,,no specimen or form stated for this table
batch-60.csv#338,context-held,context,R-ERYONE-PETG-GF-TDS,2,,,tensile,Part III: Mechanical Properties of Printed Samples,,,,,,,printed,,,,printing temperature=250 ° C; printing speed=80mm/s; base plate=60 ° C; filling=100%; nozzle diameter=0.4mm,Part III: Mechanical Properties of Printed Samples,"Part III: Mechanical Properties of Printed Samples | Note: All splines are printed under the following conditions: printing temperature=250 ° C, printing speed=80mm/s, base plate 60 ° C, filling=100%, nozzle diameter=0.4mm",text,not-required,PC00179,,reader-r1-60-c,high,no-held-rows-on-page-in-scope,note speaks for every row of the table (held page_context PC00179-81 state the same)
batch-60.csv#353,context,context,R-ERYONE-PETG-GF-TDS,3,,,tensile,TENSILE TESTING SPECIMEN,,,,,,,,,,ISO 527; GB/T 1040,,TENSILE TESTING SPECIMEN,"TENSILE TESTING SPECIMEN | ISO 527,GB/T 1040",visual-only,agreed,,,reader-r1-60-c,high,no-held-rows-on-page-in-scope quote-not-on-page,drawing of the tensile bar (110/60/35/20/10/4 mm) and x-y axis / z axis orientations
batch-60.csv#354,context,context,R-ERYONE-PETG-GF-TDS,3,,,flexural,FLEXURAL TESTING SPECIMEN,,,,,,,,,,ISO 178; GB/T 9341,,FLEXURAL TESTING SPECIMEN,"FLEXURAL TESTING SPECIMEN | ISO 178,GB/T 9341",visual-only,agreed,,,reader-r1-60-c,high,no-held-rows-on-page-in-scope quote-not-on-page,drawing of the flexural bar (80/60/10/4 mm); Z axis
batch-60.csv#355,context,context,R-ERYONE-PETG-GF-TDS,3,,,impact,IMPACT TESTING SPECIMEN,,,,,,,,,,ISO 179; GB/T 1043,notch=45.00° V-notch drawn,IMPACT TESTING SPECIMEN,"IMPACT TESTING SPECIMEN | ISO 179,GB/T 1043",visual-only,agreed,,,reader-r1-60-c,high,no-held-rows-on-page-in-scope quote-not-on-page,drawing of the impact bar (80/10/4 mm) with a 45.00° notch; Z axis and impact direction
batch-60.csv#360,context,context,S-PCGF-ABS-Carbon-Fiber-TDS-Siddament,1,,,physical,Material Parameters,,,,,,,,,,,,Material Parameters,Material Parameters | Property Test Method Unit Typical Value,text,not-required,,,reader-r1-60-c,high,,no specimen or form stated
batch-60.csv#363,context,context,S-PCGF-ABS-Carbon-Fiber-TDS-Siddament,1,,,all,Mechanical Properties,,,,,,,,,,,,Mechanical Properties,Mechanical Properties | Property Test Method Unit Typical Value,text,not-required,,,reader-r1-60-c,high,,no specimen or direction stated
batch-60.csv#370,context,context,S-PCGF-ABS-Carbon-Fiber-TDS-Siddament,2,,,all,Recommended Print Parameters,,,,,,,,,,,,Recommended Print Parameters,Recommended Print Parameters,text,not-required,,,reader-r1-60-c,high,no-held-rows-on-page-in-scope,
batch-60.csv#385,context,context,S-PCGF-ABS-TDS-Siddament,1,,,physical,Material Parameters,,,,,,,,,,,,Material Parameters,Material Parameters | Property Test Method Unit Typical Value,text,not-required,,,reader-r1-60-c,high,,no specimen or form stated
batch-60.csv#388,context,context,S-PCGF-ABS-TDS-Siddament,1,,,all,Mechanical Properties,,,,,,,,,,,,Mechanical Properties,Mechanical Properties | Property Test Method Unit Typical Value,text,not-required,,,reader-r1-60-c,high,,no specimen or direction stated
batch-60.csv#395,context,context,S-PCGF-ABS-TDS-Siddament,2,,,all,Recommended Print Parameters,,,,,,,,,,,,Recommended Print Parameters,Recommended Print Parameters,text,not-required,,,reader-r1-60-c,high,no-held-rows-on-page-in-scope,
batch-60.csv#410,context,context,S-PCGF-ASA-Carbon-Fiber-TDS-Siddament,1,,,physical,Material Parameters,,,,,,,,,,,,Material Parameters,Material Parameters | Property Test Method Unit Typical Value,text,not-required,,,reader-r1-60-c,high,,no specimen or form stated
batch-60.csv#413,context,context,S-PCGF-ASA-Carbon-Fiber-TDS-Siddament,1,,,all,Mechanical Properties,,,,,,,,,,,,Mechanical Properties,Mechanical Properties | Property Test Method Unit Typical Value,text,not-required,,,reader-r1-60-c,high,,no specimen or direction stated
batch-60.csv#420,context,context,S-PCGF-ASA-Carbon-Fiber-TDS-Siddament,2,,,all,Recommended Print Parameters,,,,,,,,,,,,Recommended Print Parameters,Recommended Print Parameters,text,not-required,,,reader-r1-60-c,high,no-held-rows-on-page-in-scope,
batch-60.csv#436,context,context,S-PCGF-ASA-TDS,1,,,physical,Physical Properties,,,,,,,,,,,,Physical Properties,Physical Properties | Test Means,visual-only,agreed,,,reader-r1-60-c,high,quote-not-on-page,no specimen stated in this table (page 2 gives test-sample printing conditions)
batch-60.csv#440,context,context,S-PCGF-ASA-TDS,1,,,all,Mechanical Properties,,,,,,,,,,,,Mechanical Properties,Mechanical Properties,text,not-required,,,reader-r1-60-c,high,,no specimen or direction stated in the table
batch-60.csv#446,context,context,S-PCGF-ASA-TDS,1,,,thermal,Thermodynamic Properties,,,,,,,,,,,,Thermodynamic Properties,Thermodynamic Properties,visual-only,agreed,,,reader-r1-60-c,high,quote-not-on-page,
batch-60.csv#449,context,context,S-PCGF-ASA-TDS,2,,,all,Test Sample Printing Conditions,,,,,,,printed,,,,printer=Guider IIS (Flashforge); nozzle_diameter=0.4mm; nozzle_temp=270 °C; speed=50mm/s; layer=1.2mm; infill=100%,Test Sample Printing Conditions,Test Sample Printing Conditions: | 3D Printer Guider IIS （Flashforge） | Standard Printed Sample See blew attachment,visual-only,agreed,,,reader-r1-60-c,high,no-held-rows-on-page-in-scope quote-not-on-page,conditions of the printed test samples (the table is on page 2; the property table is on page 1)
batch-60.csv#455,context,context,S-PCGF-ASA-TDS,2,,,tensile,Tensile testing specimen,,,,,,,,,,ASTM D638 (ISO 527; GB/T 1040),,Test Sample Printing Conditions,"Tensile testing specimen; ASTM D638 (ISO 527, GB/T 1040)",text,not-required,,,reader-r1-60-c,high,no-held-rows-on-page-in-scope,drawing (150/114/80/20/10/4 mm; Z axis)
batch-60.csv#456,context,context,S-PCGF-ASA-TDS,2,,,flexural,Flexural testing specimen,,,,,,,,,,ASTM D790 (ISO 178; GB/T 9341),,Test Sample Printing Conditions,"Flexural testing specimen; ASTMD790 (ISO 178, GB/T 9341)",text,not-required,,,reader-r1-60-c,high,no-held-rows-on-page-in-scope,drawing (80/60/10/4 mm; Z axis)
batch-60.csv#457,context,context,S-PCGF-ASA-TDS,2,,,impact,Impact testing specimen,,,,,,,,,,ASTM D256 (ISO 179; GB/T 1043),notch=45.00° V-notch drawn,Test Sample Printing Conditions,"Impact testing specimen; ASTM D256 (ISO 179, GB/T 1043)",text,not-required,,,reader-r1-60-c,high,no-held-rows-on-page-in-scope,drawing (80/10/4 mm; 45.00° notch; Z axis; impact direction)
batch-60.csv#461,context,context,S-PCGF-ASA-TDS-Siddament,1,,,physical,Material Parameters,,,,,,,,,,,,Material Parameters,Material Parameters | Property Test Method Unit Typical Value,text,not-required,,,reader-r1-60-c,high,,no specimen or form stated
batch-60.csv#464,context,context,S-PCGF-ASA-TDS-Siddament,1,,,all,Mechanical Properties,,,,,,,,,,,,Mechanical Properties,Mechanical Properties | Property Test Method Unit Typical Value,text,not-required,,,reader-r1-60-c,high,,no specimen or direction stated
batch-60.csv#471,context,context,S-PCGF-ASA-TDS-Siddament,2,,,all,Recommended Print Parameters,,,,,,,,,,,,Recommended Print Parameters,Recommended Print Parameters,text,not-required,,,reader-r1-60-c,high,no-held-rows-on-page-in-scope,
batch-60.csv#487,context,context,S-PCGF-PA12-CF-TDS-EN-1,1,,,physical,Main Specifications - Physical Properties,,,,,,,,,,,,Main Specifications,Main Specifications: | Physical Properties Test Means,text,not-required,,,reader-r1-60-c,high,,no specimen or direction stated in the tables (page 2 gives test sample printing conditions)
batch-60.csv#491,context,context,S-PCGF-PA12-CF-TDS-EN-1,1,,,all,Mechanical Properties,,,,,,,,,,,,Main Specifications,Mechanical Properties,text,not-required,,,reader-r1-60-c,high,,
batch-60.csv#497,context,context,S-PCGF-PA12-CF-TDS-EN-1,1,,,thermal,Thermodynamic Properties,,,,,,,,,,,,Main Specifications,Thermodynamic Properties,text,not-required,,,reader-r1-60-c,high,,
batch-60.csv#502,context,context,S-PCGF-PA12-CF-TDS-EN-1,1,,,all,Electrical Characteristics,,,,,,,,,,,,Main Specifications,Electrical Characteristics,text,not-required,,,reader-r1-60-c,high,,
batch-60.csv#505,context-held,context,S-PCGF-PA12-CF-TDS-EN-1,2,,,all,Test Sample Printing Conditions,,,,,,,printed,,,,printer=Guider IIS (Flashforge); nozzle_diameter=0.6mm; nozzle_temp=275 °C; speed=50mm/s; layer=1.8mm; infill=100%,Test Sample Printing Conditions,Test Sample Printing Conditions： | 3D Printer Guider IIS （Flashforge） | Standard Printed Sample See blew attachment,text,not-required,PC00362,V006966(specimen),reader-r1-60-c,high,,
batch-60.csv#511,context-held,context,S-PCGF-PA12-CF-TDS-EN-1,2,,,all,Recommended Printing Parameters,,,,,,,,,,,,Recommended Printing Parameters,Recommended Printing Parameters： | Parameters,text,not-required,PC00362,,reader-r1-60-c,high,,
batch-60.csv#528,context,context,S-PCGF-PA12-CF-TDS-EN-1,3,,,tensile,Attachment: Test sample dimensions and printing direction,,,,,,,,,,ASTM D638 (ISO 527; GB/T 1040),,Attachment,"Tensile testing specimen; ASTM D638 (ISO 527, GB/T 1040)",visual-only,agreed,,,reader-r1-60-c,high,no-held-rows-on-page-in-scope quote-not-on-page,drawing (150/114/80/20/10/4 mm; Z axis)
batch-60.csv#529,context,context,S-PCGF-PA12-CF-TDS-EN-1,3,,,flexural,Attachment: Test sample dimensions and printing direction,,,,,,,,,,ASTM D790 (ISO 178; GB/T 9341),,Attachment,"Flexural testing specimen; ASTMD790 (ISO 178, GB/T 9341)",visual-only,agreed,,,reader-r1-60-c,high,no-held-rows-on-page-in-scope quote-not-on-page,drawing (80/60/10/4 mm; Z axis)
batch-60.csv#530,context,context,S-PCGF-PA12-CF-TDS-EN-1,4,,,impact,Attachment: Test sample dimensions and printing direction,,,,,,,,,,ASTM D256 (ISO 179; GB/T 1043),notch=45.00° V-notch drawn,Attachment,"Impact testing specimen; ASTM D256 (ISO 179, GB/T 1043)",ocr,not-required,,,reader-r1-60-c,high,no-held-rows-on-page-in-scope,drawing (80/10/4 mm; 45.00° notch; Z axis; impact direction)
batch-60.csv#540,context,context,S-PCGF-PA6CF,1,,,physical,Physical Properties,,,,,,,,,,,,Main features,Physical Properties | Test Means,visual-only,agreed,,,reader-r1-60-c,high,quote-not-on-page,no specimen stated in the table (page 2 gives test sample printing conditions)
batch-60.csv#544,context,context,S-PCGF-PA6CF,1,,,all,Mechanical Properties,,,,,,,,,,,,Main features,Mechanical Properties,visual-only,agreed,,,reader-r1-60-c,high,quote-not-on-page,no specimen or direction stated in the table
batch-60.csv#550,context,context,S-PCGF-PA6CF,1,,,thermal,Thermodynamic Properties,,,,,,,,,,,,Main features,Thermodynamic Properties,visual-only,agreed,,,reader-r1-60-c,high,quote-not-on-page,
batch-60.csv#554,context,context,S-PCGF-PA6CF,1,,,all,Electrical Characteristics,,,,,,,,,,,,Main features,Electrical Characteristics,visual-only,agreed,,,reader-r1-60-c,high,quote-not-on-page,
batch-60.csv#556,context,context,S-PCGF-PA6CF,2,,,all,Test Sample Printing Conditions,,,,,,,printed,,,,printer=Guider IIS (Flashforge); nozzle_diameter=0.6mm; nozzle_temp=280 °C; speed=50mm/s; layer=1.8mm; infill=100%,Test Sample Printing Conditions,Test Sample Printing Conditions: | 3D Printer Guider IIS （Flashforge） | Standard Printed Sample See blew attachment,visual-only,agreed,,,reader-r1-60-c,high,no-held-rows-on-page-in-scope quote-not-on-page,
batch-60.csv#562,context,context,S-PCGF-PA6CF,2,,,tensile,Tensile testing specimen,,,,,,,,,,ASTM D638 (ISO 527; GB/T 1040),,Test Sample Printing Conditions,"Tensile testing specimen; ASTM D638 (ISO 527, GB/T 1040)",visual-only,agreed,,,reader-r1-60-c,high,no-held-rows-on-page-in-scope quote-not-on-page,drawing (150/114/80/20/10/4 mm; Z axis); the text layer reads D636 but the image reads D638
batch-60.csv#563,context,context,S-PCGF-PA6CF,2,,,flexural,Flexural testing specimen,,,,,,,,,,ASTM D790 (ISO 178; GB/T 9341),,Test Sample Printing Conditions,"Flexural testing specimen; ASTMD790 (ISO 178, GB/T 9341)",text,not-required,,,reader-r1-60-c,high,no-held-rows-on-page-in-scope,drawing (80/60/10/4 mm; Z axis)
batch-60.csv#564,context,context,S-PCGF-PA6CF,2,,,impact,Impact testing specimen,,,,,,,,,,ASTM D256 (ISO 179; GB/T 1043),notch=45.00° V-notch drawn,Test Sample Printing Conditions,"Impact testing specimen; ASTM D256 (ISO 179, GB/T 1043)",text,not-required,,,reader-r1-60-c,high,no-held-rows-on-page-in-scope,drawing (80/10/4 mm; 45.00° notch; Z axis; impact direction)
batch-60.csv#568,context,context,S-PCGF-PC-ABS-TDS,1,,,physical,Physical Properties,,,,,,,,,,,,Main features,Physical Properties | Test Means,text,not-required,,,reader-r1-60-c,high,,no specimen stated in the table (page 2 gives test sample printing conditions)
batch-60.csv#572,context,context,S-PCGF-PC-ABS-TDS,1,,,all,Mechanical Properties,,,,,,,,,,,,Main features,Mechanical Properties,text,not-required,,,reader-r1-60-c,high,,no specimen or direction stated in the table
batch-60.csv#578,context,context,S-PCGF-PC-ABS-TDS,1,,,thermal,Thermodynamic Properties,,,,,,,,,,,,Main features,Thermodynamic Properties,text,not-required,,,reader-r1-60-c,high,,
batch-60.csv#581,context,context,S-PCGF-PC-ABS-TDS,2,,,all,Test Sample Printing Conditions,,,,,,,printed,,,,printer=Guider IIS (Flashforge); nozzle_diameter=0.4mm; nozzle_temp=265 °C; speed=50mm/s; layer=1.2mm; infill=100%,Test Sample Printing Conditions,Test Sample Printing Conditions: | 3D Printer Guider IIS （Flashforge） | Standard Printed Sample See blew attachment,visual-only,agreed,,,reader-r1-60-c,high,no-held-rows-on-page-in-scope quote-not-on-page,
batch-60.csv#587,context,context,S-PCGF-PC-ABS-TDS,2,,,tensile,Tensile testing specimen,,,,,,,,,,ASTM D638 (ISO 527; GB/T 1040),,Test Sample Printing Conditions,"Tensile testing specimen; ASTM D638 (ISO 527, GB/T 1040)",text,not-required,,,reader-r1-60-c,high,no-held-rows-on-page-in-scope,drawing (150/114/80/20/10/4 mm; Z axis)
batch-60.csv#588,context,context,S-PCGF-PC-ABS-TDS,2,,,flexural,Flexural testing specimen,,,,,,,,,,ASTM D790 (ISO 178; GB/T 9341),,Test Sample Printing Conditions,"Flexural testing specimen; ASTMD790 (ISO 178, GB/T 9341)",text,not-required,,,reader-r1-60-c,high,no-held-rows-on-page-in-scope,drawing (80/60/10/4 mm; Z axis)
batch-60.csv#589,context,context,S-PCGF-PC-ABS-TDS,2,,,impact,Impact testing specimen,,,,,,,,,,ASTM D256 (ISO 179; GB/T 1043),notch=45.00° V-notch drawn,Test Sample Printing Conditions,"Impact testing specimen; ASTM D256 (ISO 179, GB/T 1043)",text,not-required,,,reader-r1-60-c,high,no-held-rows-on-page-in-scope,drawing (80/10/4 mm; 45.00° notch; Z axis; impact direction)
batch-60.csv#593,context,context,S-PCGF-PC-Carbon-Fiber-TDS-Siddament,1,,,physical,Material Parameters,,,,,,,,,,,,Material Parameters,Material Parameters | Property Test Method Unit Typical Value,text,not-required,,,reader-r1-60-c,high,,no specimen or form stated
batch-60.csv#596,context,context,S-PCGF-PC-Carbon-Fiber-TDS-Siddament,1,,,all,Mechanical Properties,,,,,,,,,,,,Mechanical Properties,Mechanical Properties | Property Test Method Unit Typical Value,text,not-required,,,reader-r1-60-c,high,,no specimen or direction stated
batch-60.csv#603,context,context,S-PCGF-PC-Carbon-Fiber-TDS-Siddament,2,,,all,Recommended Print Parameters,,,,,,,,,,,,Recommended Print Parameters,Recommended Print Parameters,text,not-required,,,reader-r1-60-c,high,no-held-rows-on-page-in-scope,
batch-60.csv#618,context,context,S-PCGF-PC-TDS-Siddament,1,,,physical,Material Parameters,,,,,,,,,,,,Material Parameters,Material Parameters | Property Test Method Unit Typical Value,text,not-required,,,reader-r1-60-c,high,,no specimen or form stated
batch-60.csv#621,context,context,S-PCGF-PC-TDS-Siddament,1,,,all,Mechanical Properties,,,,,,,,,,,,Mechanical Properties,Mechanical Properties | Property Test Method Unit Typical Value,text,not-required,,,reader-r1-60-c,high,,no specimen or direction stated
batch-60.csv#628,context,context,S-PCGF-PC-TDS-Siddament,2,,,all,Recommended Print Parameters,,,,,,,,,,,,Recommended Print Parameters,Recommended Print Parameters,text,not-required,,,reader-r1-60-c,high,no-held-rows-on-page-in-scope,
batch-61.csv#20,context,context,S-PCGF-PET-CF-TDS,2,,,all,Test Sample Printing Conditions:,,,,,,,printed,,,"ASTM D638 (ISO 527, GB/T 1040); ASTM D790 (ISO 178, GB/T 9341); ASTM D256 (ISO 179, GB/T 1043)",printer=Bambu X1C; nozzle diameter=0.6mm; nozzle temp=280 °C; speed=100mm/s; layer=1.8mm; infill=100%,Test Sample Printing Conditions:,Test Sample Printing Conditions:,text,not-required,,,reader-r1-61-b,medium,no-held-rows-on-page-in-scope,image-only page; specimens printed to the sheet's test conditions; specimen drawings show Z axis
batch-61.csv#371,context,context,D-SIRAYA-rebound-peba-85a-filament-tds,1,,Rebound PEBA 85A,all,Mechanical Properties / Other Properties,Unannealed,,,,,,,,Unannealed,,,Mechanical Properties; Other Properties,Mechanical Properties Unannealed Method | Other Properties Unannealed Method,text,not-required,,V010371(treatment=as-printed) V010372(treatment=as-printed) V010373(treatment=as-printed) V010374(treatment=as-printed) V010375(treatment=as-printed) V010376(treatment=as-printed) V010377(treatment=as-printed) V014068(treatment=as-printed),reader-r1-61-c,high,,column heading over the value column of both tables
batch-61.csv#399,context,context,D-SIRAYA-siraya-tech-fibreheart-abs-cf-core-tds,1,,Siraya Tech Fibreheart ABS-CF Core,tensile,Processed,Tested on X/Y axis,,,,,X/Y,,,,,,3. Property Data,Mechanical Properties Measure Method Processed | Tested on X/Y axis,text,not-required,,,reader-r1-61-c,high,no-held-rows-on-page-in-scope,"column headed Processed on the mechanical rows (tensile, Charpy, bending)"
batch-61.csv#438,context,context,D-SIRAYA-siraya-tech-fibreheart-flex-tpu-85a-tds,1,,Flex TPU 85A,all,Processed,Tested on X/Y axis,,,,,X/Y,,,,,,3. Property Data,Mechanical Properties Measure Method Processed | Tested on X/Y axis,text,not-required,,,reader-r1-61-c,high,,applies only to the rows printing it (tensile stress at break and elongation); other rows print -
batch-61.csv#475,context,context,D-SIRAYA-siraya-tech-fibreheart-flex-tpu-95a-tds,1,,Flex TPU 95A,all,Processed,Tested on X/Y axis,,,,,X/Y,,,,,,3. Property Data,Mechanical Properties Measure Method Processed | Tested on X/Y axis,text,not-required,,,reader-r1-61-c,high,,applies to the rows printing it
batch-61.csv#494,context,context,D-SIRAYA-siraya-tech-fibreheart-paht-cf-ppa-based-tds,1,,Fibreheart PPA-CF,all,Measure (Unannealed) / Measure (Annealed),Unannealed and Annealed columns,,,,,,,,,,,3. Property Data,Mechanical Properties Measure (Unannealed) Measure (Annealed) Method,text,not-required,,,reader-r1-61-c,high,,two value columns per table; the annealing schedule is not stated on the page
batch-61.csv#576,context-held,context,D-SIRAYA-siraya-tech-rebound-peba-air-70a-95a-tds,1,,Rebound PEBA Air (70A-90A),all,Mechanical Properties Print @ 240C / 250C / 260C / 270C,"Four tables, one per print temperature (240C, 250C, 260C, 270C)",,,,,,printed,,,,print_temp=240/250/260/270C,3. Property Data,Mechanical Properties Print @ 240C Method,text,not-required,PC00364,V010254(specimen) V010255(specimen) V010256(specimen) V010257(specimen) V010259(specimen) V010260(specimen) V010261(specimen) V010262(specimen) V010264(specimen) V010265(specimen) V010266(specimen) V010267(specimen) V010269(specimen) V010270(specimen) V010271(specimen) V010272(specimen),reader-r1-61-c,high,,values depend on the nozzle temperature the specimen was printed at; headings read Print @ 240C / 250C / 260C / 270C
batch-61.csv#611,context-held,context,D-SIRAYA-siraya-tech-rebound-peba-air-70a-95a-tds,1,,Rebound PEBA Air (70A-90A),all,Temperature vs. Hardness & Flow (Approximate Guide),230°C ~95A No Foaming 95A stiffness 95%; 240°C ~81A; 250°C ~76A; 260°C ~74A; 270°C ~70A,,,,,,,,,,,Temperature vs. Hardness & Flow (Approximate Guide),Print Temp (°C) Approx. Shore Hardness Resulting Properties Starting Flow Rate (%),text,not-required,PC00364,,reader-r1-61-c,high,,approximate guide table of hardness and starting flow rate by print temperature (230C: ~95A 95%; 240C: ~81A ~80%-84%; 250C: ~76A ~68%-72%; 260C: ~74A ~58%-62%; 270C: ~70A ~53%-57%); approximate values not property data
batch-61.csv#669,context,context,D-SIRAYA-TECH-PRINT-20260928-9c9cd82ced8e,1,,Rebound PEBA 85A,all,Mechanical Properties / Other Properties,Unannealed,,,,,,,,Unannealed,,,Mechanical Properties; Other Properties,Mechanical Properties Unannealed Method | Other Properties Unannealed Method,text,not-required,,,reader-r1-61-c,high,,column heading over the value column of both tables
batch-62.csv#104,context,context,D-SPECTRUM-PLA-NATURE-PAGE,1,G001-141,PLA Nature,thermal,Product description,"The printed model can also undergo a post-print heat treatment process, thereby increasing its heat resistance.",,,,,,,,,,,,"The printed model can also undergo a post-print heat treatment process, thereby increasing its heat resistance.",text,not-required,,,reader-r1-62,high,no-held-rows-on-page-in-scope,"statement only, no schedule given"
batch-62.csv#126,context,context,D-SPECTRUM-PLA-STONE-PAGE,1,G012-07,PLA Stone Age™,all,Material characteristics,shrinkage-free printing; not abrasive,,,,,,,,,,,,shrinkage-free printing | not abrasive,text,not-required,,,reader-r1-62,high,no-held-rows-on-page-in-scope,qualitative claims only
batch-62.csv#152,context,context,S-SPECTRUM-en-tds-petg-frv0,1,G020-05,PET-G FR V0,impact,Footnote *,*injection moulding,,,,,,injection moulded,,,,,,*injection moulding,text,not-required,,,reader-r1-62,high,,"footnote * applies to Charpy impact strength, notched*, and to Oxygen index* and glow wire rows"
batch-62.csv#153,context,context,S-SPECTRUM-en-tds-petg-frv0,1,G020-05,PET-G FR V0,tensile,Footnote **,"**(speed 5mm/min), injection moulding",,,,,,injection moulded,,,,rate=5 mm/min,,"**(speed 5mm/min), injection moulding",text,not-required,,,reader-r1-62,high,,footnote ** applies to Tensile Elongation at Yield/Break and Tensile Strength at Yield/Break
batch-62.csv#154,context,context,S-SPECTRUM-en-tds-petg-frv0,1,G020-05,PET-G FR V0,tensile,Footnote ***,"***(speed 1 mm/min), injection moulding",,,,,,injection moulded,,,,rate=1 mm/min,,"***(speed 1 mm/min), injection moulding",text,not-required,,,reader-r1-62,high,,footnote *** applies to Elastic modulus
batch-62.csv#155,context-held,context,S-SPECTRUM-en-tds-petg-frv0,1,G020-05,PET-G FR V0,thermal,Footnote ****,"****50 N (heating rate 50°C/h), injection moulding",,,,,,injection moulded,,,,load=50 N; heating rate=50 °C/h,,"****50 N (heating rate 50°C/h), injection moulding",text,not-required,PC00365,V002684(specimen) V002685(specimen),reader-r1-62,high,,footnote **** applies to VICAT Softening point
batch-62.csv#156,context,context,S-SPECTRUM-en-tds-petg-frv0,1,G020-05,PET-G FR V0,all,Footnote * (print settings),"* settings are based on a 0,4 mm nozzle.",,,,,,,,,,,,"* settings are based on a 0,4 mm nozzle.",text,not-required,,,reader-r1-62,high,,"print settings footnote; ** depending on the geometrical complexity (layer height, shell thickness, print speed)"
batch-62.csv#185,context,context,S-SPECTRUM-en-tds-petg-matt,1,G020-09,PET-G MATT,tensile,Footnote *,"* (speed 5mm/min), injection moulding",,,,,,injection moulded,,,,rate=5 mm/min,,"* (speed 5mm/min), injection moulding",text,not-required,,,reader-r1-62,high,,applies to Tensile Elongation/Strength at Yield/Break
batch-62.csv#186,context,context,S-SPECTRUM-en-tds-petg-matt,1,G020-09,PET-G MATT,tensile,Footnote **,"**(speed 1 mm/min), injection moulding",,,,,,injection moulded,,,,rate=1 mm/min,,"**(speed 1 mm/min), injection moulding",text,not-required,,,reader-r1-62,high,,applies to Elastic modulus
batch-62.csv#187,context,context,S-SPECTRUM-en-tds-petg-matt,1,G020-09,PET-G MATT,thermal,Footnote ***,"***50 N (heating rate 50°C/h), annealed",,,,,,,,annealed,,load=50 N; heating rate=50 °C/h,,"***50 N (heating rate 50°C/h), annealed",text,not-required,,,reader-r1-62,high,,applies to VICAT Softening point
batch-62.csv#188,context,context,S-SPECTRUM-en-tds-petg-matt,1,G020-09,PET-G MATT,all,Footnote * (print settings),"* settings are based on a 0,4 mm nozzle.",,,,,,,,,,,,"* settings are based on a 0,4 mm nozzle.",text,not-required,,,reader-r1-62,high,,print settings footnote; ** depending on the geometrical complexity
batch-62.csv#212,context,context,S-SPECTRUM-en-tds-spectrum-abs-gp450,1,G027-03,ABS GP450,all,* (print settings footnote),"* settings are based on a 0,4 mm nozzle.",,,,,,,,,,,GUIDELINE FOR PRINT SETTINGS*,"* settings are based on a 0,4 mm nozzle.",text,not-required,,,reader-r1-62-c,high,,applies to the print settings table
batch-62.csv#213,context,context,S-SPECTRUM-en-tds-spectrum-abs-gp450,1,G027-03,ABS GP450,all,** (print settings footnote),** depending on the geometrical complexity,,,,,,,,,,,GUIDELINE FOR PRINT SETTINGS*,** depending on the geometrical complexity,text,not-required,,,reader-r1-62-c,high,,applies to layer height; shell thickness; print speed
batch-62.csv#238,context,context,S-SPECTRUM-en-tds-spectrum-asa-275,1,G031-03,ASA 275,tensile,* (property footnote),"* 50mm/min, 3.2mm",,,,,,,,,,rate=50 mm/min; thickness=3.2 mm,Mechanical Properties,"* 50mm/min, 3.2mm",text,not-required,,,reader-r1-62-c,high,,applies to the three rows marked * (tensile yield strength; elongation at break; modulus)
batch-62.csv#239,context,context,S-SPECTRUM-en-tds-spectrum-asa-275,1,G031-03,ASA 275,flexural,** (property footnote),"** 15mm/min, 3.2 mm",,,,,,,,,,rate=15 mm/min; thickness=3.2 mm,Mechanical Properties,"** 15mm/min, 3.2 mm",text,not-required,,,reader-r1-62-c,high,,applies to the two rows marked ** (flexural strength; modulus)
batch-62.csv#240,context,context,S-SPECTRUM-en-tds-spectrum-asa-275,1,G031-03,ASA 275,all,* (print settings footnote),"* settings are based on a 0,4 mm nozzle.",,,,,,,,,,,GUIDELINE FOR PRINT SETTINGS*,"* settings are based on a 0,4 mm nozzle.",text,not-required,,,reader-r1-62-c,high,,applies to the print settings table
batch-62.csv#241,context,context,S-SPECTRUM-en-tds-spectrum-asa-275,1,G031-03,ASA 275,all,** (print settings footnote),** depending on the geometrical complexity,,,,,,,,,,,GUIDELINE FOR PRINT SETTINGS*,** depending on the geometrical complexity,text,not-required,,,reader-r1-62-c,high,,applies to layer height; shell thickness; print speed
batch-62.csv#270,context,context,S-SPECTRUM-en-tds-spectrum-asax-cf10,1,G033-04,ASA-X CF10,all,*injection moulding,*injection moulding,,,,,,injection moulded,,,,,Mechanical properties,*injection moulding,text,not-required,,V002823(specimen),reader-r1-62-c,high,,footnote to the rows marked * (Charpy; tensile; Vicat; HDT)
batch-62.csv#271,context,context,S-SPECTRUM-en-tds-spectrum-asax-cf10,1,G033-04,ASA-X CF10,all,* (print settings footnote),"* settings are based on a 0,4 mm nozzle.",,,,,,,,,,,GUIDELINE FOR PRINT SETTINGS*,"* settings are based on a 0,4 mm nozzle.",text,not-required,,,reader-r1-62-c,high,,applies to the print settings table
batch-62.csv#272,context,context,S-SPECTRUM-en-tds-spectrum-asax-cf10,1,G033-04,ASA-X CF10,all,** (print settings footnote),** depending on the geometrical complexity,,,,,,,,,,,GUIDELINE FOR PRINT SETTINGS*,** depending on the geometrical complexity,text,not-required,,,reader-r1-62-c,high,,applies to layer height; shell thickness; print speed
batch-62.csv#297,context,context,S-SPECTRUM-en-tds-spectrum-asax-x-gf10,1,G034-01,ASA-X GF10,all,*injection moulding,*injection moulding,,,,,,injection moulded,,,,,Mechanical properties,*injection moulding,text,not-required,,V000671(specimen) V000672(specimen),reader-r1-62-c,high,,footnote to the rows marked * (Charpy; tensile; HDT); density and VICAT carry no asterisk
batch-62.csv#298,context,context,S-SPECTRUM-en-tds-spectrum-asax-x-gf10,1,G034-01,ASA-X GF10,all,* (print settings footnote),* settings are based on a 0.5mm nozzle,,,,,,,,,,,GUIDELINE FOR PRINT SETTINGS*,* settings are based on a 0.5mm nozzle,text,not-required,,,reader-r1-62-c,high,,applies to the print settings table
batch-62.csv#299,context,context,S-SPECTRUM-en-tds-spectrum-asax-x-gf10,1,G034-01,ASA-X GF10,all,** (print settings footnote),** depending on the geometrical complexity,,,,,,,,,,,GUIDELINE FOR PRINT SETTINGS*,** depending on the geometrical complexity,text,not-required,,,reader-r1-62-c,high,,applies to layer height; shell thickness; print speed
batch-62.csv#322,context,context,S-SPECTRUM-en-tds-spectrum-flameguard-asa-275,1,G031-15,FlameGuard ASA 275,all,* (print settings footnote),"* settings are based on a 0,4 mm nozzle.",,,,,,,,,,,GUIDELINE FOR PRINT SETTINGS*,"* settings are based on a 0,4 mm nozzle.",text,not-required,,,reader-r1-62-c,high,,applies to the print settings table
batch-62.csv#323,context,context,S-SPECTRUM-en-tds-spectrum-flameguard-asa-275,1,G031-15,FlameGuard ASA 275,all,** (print settings footnote),** depending on the geometrical complexity,,,,,,,,,,,GUIDELINE FOR PRINT SETTINGS*,** depending on the geometrical complexity,text,not-required,,,reader-r1-62-c,high,,applies to layer height; shell thickness; print speed
batch-62.csv#355,context,context,S-SPECTRUM-en-tds-spectrum-flameguard-pla,1,G001-14,FlameGuard PLA,all,* (print settings footnote),"* settings are based on a 0,4 mm nozzle.",,,,,,,,,,,GUIDELINE FOR PRINT SETTINGS*,"* settings are based on a 0,4 mm nozzle.",text,not-required,,,reader-r1-62-c,high,,applies to the print settings table
batch-62.csv#356,context,context,S-SPECTRUM-en-tds-spectrum-flameguard-pla,1,G001-14,FlameGuard PLA,all,** (print settings footnote),** depending on the geometrical complexity,,,,,,,,,,,GUIDELINE FOR PRINT SETTINGS*,** depending on the geometrical complexity,text,not-required,,,reader-r1-62-c,high,,applies to layer height; shell thickness
batch-62.csv#379,context,context,S-SPECTRUM-en-tds-spectrum-high-speed,1,G001-05,PLA High Speed,all,* (print settings footnote),"* settings are based on a 0,4 mm nozzle.",,,,,,,,,,,GUIDELINE FOR PRINT SETTINGS*,"* settings are based on a 0,4 mm nozzle.",text,not-required,,,reader-r1-62-c,high,,applies to the print settings table
batch-62.csv#380,context,context,S-SPECTRUM-en-tds-spectrum-high-speed,1,G001-05,PLA High Speed,all,** (print settings footnote),** depending on the geometrical complexity,,,,,,,,,,,GUIDELINE FOR PRINT SETTINGS*,** depending on the geometrical complexity,text,not-required,,,reader-r1-62-c,high,,applies to layer height; shell thickness; print speed
batch-62.csv#402,context,context,S-SPECTRUM-en-tds-spectrum-hipsx,1,G081-02,HIPS-X,all,* (print settings footnote),"* settings are based on a 0,4 mm nozzle.",,,,,,,,,,,GUIDELINE FOR PRINT SETTINGS*,"* settings are based on a 0,4 mm nozzle.",text,not-required,,,reader-r1-62-c,high,,applies to the print settings table
batch-62.csv#403,context,context,S-SPECTRUM-en-tds-spectrum-hipsx,1,G081-02,HIPS-X,all,** (print settings footnote),** depending on the geometrical complexity,,,,,,,,,,,GUIDELINE FOR PRINT SETTINGS*,** depending on the geometrical complexity,text,not-required,,,reader-r1-62-c,high,,applies to layer height; shell thickness; print speed
batch-62.csv#431,context,context,S-SPECTRUM-en-tds-spectrum-lw-asa-ultrafoam,1,G032-02,LW-ASA UltraFoam,all,* (print settings footnote),* settings are based on a 0.4mm nozzle,,,,,,,,,,,GUIDELINE FOR PRINT SETTINGS*,* settings are based on a 0.4mm nozzle,text,not-required,,,reader-r1-62-c,high,,applies to the print settings table
batch-62.csv#432,context,context,S-SPECTRUM-en-tds-spectrum-lw-asa-ultrafoam,1,G032-02,LW-ASA UltraFoam,all,** (print settings footnote),** depending on the geometrical complexity,,,,,,,,,,,GUIDELINE FOR PRINT SETTINGS*,** depending on the geometrical complexity,text,not-required,,,reader-r1-62-c,high,,applies to shell thickness; layer height
batch-62.csv#433,context,context,S-SPECTRUM-en-tds-spectrum-lw-asa-ultrafoam,1,G032-02,LW-ASA UltraFoam,all,*** (drying footnote),*** at least 6h at 75°C using a hot dry air oven,,,,,,,,,,hours=6; temp=75 °C,GUIDELINE FOR PRINT SETTINGS*,*** at least 6h at 75°C using a hot dry air oven,text,not-required,,,reader-r1-62-c,high,,applies to the Drying (if wet) row
batch-62.csv#460,context,context,S-SPECTRUM-en-tds-spectrum-medical,1,G027-04,ABS Medical,all,* (print settings footnote),"* settings are based on a 0,4 mm nozzle.",,,,,,,,,,,GUIDELINE FOR PRINT SETTINGS*,"* settings are based on a 0,4 mm nozzle.",text,not-required,,,reader-r1-62-c,high,,applies to the print settings table
batch-62.csv#461,context,context,S-SPECTRUM-en-tds-spectrum-medical,1,G027-04,ABS Medical,all,** (print settings footnote),** depending on the geometrical complexity,,,,,,,,,,,GUIDELINE FOR PRINT SETTINGS*,** depending on the geometrical complexity,text,not-required,,,reader-r1-62-c,high,,applies to layer height; shell thickness; print speed
batch-62.csv#486,context,context,S-SPECTRUM-en-tds-spectrum-pa6-cf15,1,G050-04,PA6 CF15,all,Mechanical Properties at 23°C / 50% rh,Mechanical Properties at 23°C / 50% rh,,,,,,,23°C / 50% rh,,,temp=23 °C; humidity=50% rh,Mechanical Properties at 23°C / 50% rh,Mechanical Properties at 23°C / 50% rh,text,not-required,,V002935(moisture=conditioned) V002936(moisture=conditioned) V002941(moisture=conditioned) V002942(moisture=conditioned) V014128(moisture=conditioned),reader-r1-62-c,high,contradicts:V002937:moisture contradicts:V002938:moisture contradicts:V002939:moisture contradicts:V002940:moisture,"heading over the mechanical rows; the rows themselves say ""dry"""
batch-62.csv#487,context,context,S-SPECTRUM-en-tds-spectrum-pa6-cf15,1,G050-04,PA6 CF15,all,* (print settings footnote),"* settings are based on a 0,5 mm nozzle.",,,,,,,,,,,GUIDELINE FOR PRINT SETTINGS*,"* settings are based on a 0,5 mm nozzle.",text,not-required,,,reader-r1-62-c,high,,applies to the print settings table
batch-62.csv#488,context,context,S-SPECTRUM-en-tds-spectrum-pa6-cf15,1,G050-04,PA6 CF15,all,** (print settings footnote),** depending on the geometrical complexity,,,,,,,,,,,GUIDELINE FOR PRINT SETTINGS*,** depending on the geometrical complexity,text,not-required,,,reader-r1-62-c,high,,applies to layer height; shell thickness; print speed
batch-62.csv#489,context,context,S-SPECTRUM-en-tds-spectrum-pa6-cf15,1,G050-04,PA6 CF15,all,*** (drying footnote),*** at least 12h at 80 using a hot dry air oven,,,,,,,,,,hours=12; temp=80,GUIDELINE FOR PRINT SETTINGS*,*** at least 12h at 80 using a hot dry air oven,text,not-required,,,reader-r1-62-c,high,,applies to the Drying (if wet) row; no unit printed after 80
batch-62.csv#518,context,context,S-SPECTRUM-en-tds-spectrum-pc-275,1,G035-03,PC 275,tensile,*50mm/min,*50mm/min,,,,,,,,,,rate=50 mm/min,Mechanical Properties,*50mm/min,text,not-required,,,reader-r1-62-c,high,,footnote to the rows marked * (tensile yield strength; elongation at break)
batch-62.csv#519,context,context,S-SPECTRUM-en-tds-spectrum-pc-275,1,G035-03,PC 275,flexural,**15mm/min,**15mm/min,,,,,,,,,,rate=15 mm/min,Mechanical Properties,**15mm/min,text,not-required,,,reader-r1-62-c,high,,footnote to the rows marked ** (flexural strength; modulus)
batch-62.csv#520,context,context,S-SPECTRUM-en-tds-spectrum-pc-275,1,G035-03,PC 275,all,* (print settings footnote),* settings are based on a 0.5mm nozzle,,,,,,,,,,,GUIDELINE FOR PRINT SETTINGS*,* settings are based on a 0.5mm nozzle,text,not-required,,,reader-r1-62-c,high,,applies to the print settings table
batch-62.csv#521,context,context,S-SPECTRUM-en-tds-spectrum-pc-275,1,G035-03,PC 275,all,** (print settings footnote),** depending on the geometrical complexity,,,,,,,,,,,GUIDELINE FOR PRINT SETTINGS*,** depending on the geometrical complexity,text,not-required,,,reader-r1-62-c,high,,applies to layer height; shell thickness; print speed
batch-62.csv#522,context,context,S-SPECTRUM-en-tds-spectrum-pc-275,1,G035-03,PC 275,all,*** (drying footnote),*** at least 5h at 120°C using a hot dry air oven,,,,,,,,,,hours=5; temp=120 °C,GUIDELINE FOR PRINT SETTINGS*,*** at least 5h at 120°C using a hot dry air oven,text,not-required,,,reader-r1-62-c,high,,applies to the Drying (if wet) row
batch-62.csv#567,context,context,S-SPECTRUM-en-tds-spectrum-pc-abs-fr-v0,2,G094-03,PC/ABS FR V0,all,* (print settings footnote),* settings are based on a 0.5mm nozzle,,,,,,,,,,,GUIDELINE FOR PRINT SETTINGS*,* settings are based on a 0.5mm nozzle,text,not-required,,,reader-r1-62-c,high,no-held-rows-on-page-in-scope,applies to the print settings table
batch-62.csv#568,context,context,S-SPECTRUM-en-tds-spectrum-pc-abs-fr-v0,2,G094-03,PC/ABS FR V0,all,** (print settings footnote),** depending on the geometrical complexity,,,,,,,,,,,GUIDELINE FOR PRINT SETTINGS*,** depending on the geometrical complexity,text,not-required,,,reader-r1-62-c,high,no-held-rows-on-page-in-scope,applies to layer height; shell thickness; print speed
batch-62.csv#583,context,context,S-SPECTRUM-en-tds-spectrum-pc-cf,1,G037-02,PC CF,tensile,*50mm/min,*50mm/min,,,,,,,,,,rate=50 mm/min,Mechanical Properties,*50mm/min,text,not-required,,,reader-r1-62-c,high,,footnote to the rows marked * (tensile yield strength; elongation at break)
batch-62.csv#584,context,context,S-SPECTRUM-en-tds-spectrum-pc-cf,1,G037-02,PC CF,flexural,**15mm/min,**15mm/min,,,,,,,,,,rate=15 mm/min,Mechanical Properties,**15mm/min,text,not-required,,,reader-r1-62-c,high,,footnote to the rows marked ** (flexural strength; modulus)
batch-62.csv#585,context,context,S-SPECTRUM-en-tds-spectrum-pc-cf,1,G037-02,PC CF,all,* (print settings footnote),* settings are based on a 0.4mm nozzle,,,,,,,,,,,GUIDELINE FOR PRINT SETTINGS*,* settings are based on a 0.4mm nozzle,text,not-required,,,reader-r1-62-c,high,,applies to the print settings table
batch-62.csv#586,context,context,S-SPECTRUM-en-tds-spectrum-pc-cf,1,G037-02,PC CF,all,** (print settings footnote),** depending on the geometrical complexity,,,,,,,,,,,GUIDELINE FOR PRINT SETTINGS*,** depending on the geometrical complexity,text,not-required,,,reader-r1-62-c,high,,applies to layer height; shell thickness
batch-62.csv#587,context,context,S-SPECTRUM-en-tds-spectrum-pc-cf,1,G037-02,PC CF,all,*** (drying footnote),*** at least 6h at 75°C using a hot dry air oven,,,,,,,,,,hours=6; temp=75 °C,GUIDELINE FOR PRINT SETTINGS*,*** at least 6h at 75°C using a hot dry air oven,text,not-required,,,reader-r1-62-c,high,,applies to the Drying (if wet) row
batch-63.csv#4,context,context,S-SPECTRUM-EN-TDS-Spectrum-PC-CF-3,1,,,tensile,*50mm/min,*50mm/min,,,,,,,,,,rate=50 mm/min,Mechanical Properties,*50mm/min,text,not-required,,,reader-r1-63-b,high,,footnote * on Tensile rows
batch-63.csv#5,context,context,S-SPECTRUM-EN-TDS-Spectrum-PC-CF-3,1,,,flexural,**15mm/min,**15mm/min,,,,,,,,,,rate=15 mm/min,Mechanical Properties,**15mm/min,text,not-required,,,reader-r1-63-b,high,,footnote ** on Flexural rows
batch-63.csv#15,context,context,S-SPECTRUM-EN-TDS-Spectrum-PC-CF-3,1,,,all,GUIDELINE FOR PRINT SETTINGS*,* settings are based on a 0.4mm nozzle,,,,,,,,,,nozzle_diameter=0.4 mm,GUIDELINE FOR PRINT SETTINGS*,* settings are based on a 0.4mm nozzle,text,not-required,,,reader-r1-63-b,high,,applies to print settings
batch-63.csv#38,context,context,S-SPECTRUM-en-tds-spectrum-pctg-cf10,1,,,all,GUIDELINE FOR PRINT SETTINGS*,"* settings are based on a 0,4 mm nozzle.",,,,,,,,,,nozzle_diameter=0.4 mm,GUIDELINE FOR PRINT SETTINGS*,"* settings are based on a 0,4 mm nozzle.",text,not-required,,,reader-r1-63-b,high,,applies to print settings
batch-63.csv#50,context,context,S-SPECTRUM-en-tds-spectrum-pet-cf15,1,,,all,Mechanical Properties at 23°C / 50% rh,Mechanical Properties at 23°C / 50% rh,,,,,,,,,,temp=23°C; humidity=50% rh,Mechanical Properties at 23°C / 50% rh,Mechanical Properties at 23°C / 50% rh,text,not-required,,,reader-r1-63-b,high,,heading above the mechanical rows
batch-63.csv#61,context,context,S-SPECTRUM-en-tds-spectrum-pet-cf15,1,,,all,GUIDELINE FOR PRINT SETTINGS*,"* settings are based on a 0,5 mm nozzle.",,,,,,,,,,nozzle_diameter=0.5 mm,GUIDELINE FOR PRINT SETTINGS*,"* settings are based on a 0,5 mm nozzle.",text,not-required,,,reader-r1-63-b,high,,applies to print settings
batch-63.csv#74,context,context,S-SPECTRUM-en-tds-spectrum-petg-carbon,1,,,tensile,*speed 5mm/min,*speed 5mm/min,,,,,,,,,,rate=5 mm/min,Mechanical Properties,*speed 5mm/min,text,not-required,,,reader-r1-63-b,high,,footnote * on the tensile rows marked *; the modulus row is not marked
batch-63.csv#75,context,context,S-SPECTRUM-en-tds-spectrum-petg-carbon,1,,,impact,Charpy impact strength (sample 80x10x4 mm),Charpy impact strength (sample 80x10x4 mm),,,,,,printed,,,,specimen size=80x10x4 mm,Mechanical Properties,Charpy impact strength (sample 80x10x4 mm),text,not-required,,,reader-r1-63-b,high,no-held-rows-on-page-in-scope,rows say 3D printing
batch-63.csv#81,context,context,S-SPECTRUM-en-tds-spectrum-petg-carbon,1,,,all,GUIDELINE FOR PRINT SETTINGS*,"* settings are based on a 0,4 mm nozzle.",,,,,,,,,,nozzle_diameter=0.4 mm,GUIDELINE FOR PRINT SETTINGS*,"* settings are based on a 0,4 mm nozzle.",text,not-required,,,reader-r1-63-b,high,,applies to print settings
batch-63.csv#105,context,context,S-SPECTRUM-en-tds-spectrum-petg-fx120,1,,,all,GUIDELINE FOR PRINT SETTINGS*,"* settings are based on a 0,4 mm nozzle.",,,,,,,,,,nozzle_diameter=0.4 mm,GUIDELINE FOR PRINT SETTINGS*,"* settings are based on a 0,4 mm nozzle.",text,not-required,,,reader-r1-63-b,high,,applies to print settings
batch-63.csv#128,context,context,S-SPECTRUM-en-tds-spectrum-petg-ht100,1,,,all,GUIDELINE FOR PRINT SETTINGS*,"* settings are based on a 0,4 mm nozzle.",,,,,,,,,,nozzle_diameter=0.4 mm,GUIDELINE FOR PRINT SETTINGS*,"* settings are based on a 0,4 mm nozzle.",text,not-required,,,reader-r1-63-b,high,,applies to print settings
batch-63.csv#152,context,context,S-SPECTRUM-en-tds-spectrum-petg-premium,1,,,all,GUIDELINE FOR PRINT SETTINGS*,"* settings are based on a 0,4 mm nozzle.",,,,,,,,,,nozzle_diameter=0.4 mm,GUIDELINE FOR PRINT SETTINGS*,"* settings are based on a 0,4 mm nozzle.",text,not-required,,,reader-r1-63-b,high,,applies to print settings
batch-63.csv#171,context,context,S-SPECTRUM-en-tds-spectrum-pla-crystal,1,,,all,GUIDELINE FOR PRINT SETTINGS*,"* settings are based on a 0,4 mm nozzle.",,,,,,,,,,nozzle_diameter=0.4 mm,GUIDELINE FOR PRINT SETTINGS*,"* settings are based on a 0,4 mm nozzle.",text,not-required,,,reader-r1-63-b,high,,applies to print settings
batch-63.csv#206,context,context,S-SPECTRUM-en-tds-spectrum-pla-glitter,1,,PLA Glitter,all,GUIDELINE FOR PRINT SETTINGS*,settings are based on a 0 4 mm nozzle,0.4,,mm,,,,,,,,GUIDELINE FOR PRINT SETTINGS*,"* settings are based on a 0,4 mm nozzle.",text,not-required,,,reader-r1-63-c,high,,decimal comma printed
batch-63.csv#231,context,context,S-SPECTRUM-EN-TDS-Spectrum-PLA-Glow-in-the-Dark-0,1,,PLA Glow in the Dark,all,GUIDELINE FOR PRINT SETTINGS*,settings are based on a 0 4 mm nozzle,0.4,,mm,,,,,,,,GUIDELINE FOR PRINT SETTINGS*,"* settings are based on a 0,4 mm nozzle.",text,not-required,,,reader-r1-63-c,high,,decimal comma printed; no Recommended nozzle row on this sheet
batch-63.csv#235,context,context,S-SPECTRUM-en-tds-spectrum-pla-huracan,1,,Huracan PLA,all,* annealed,annealed,,,,,,,,annealed,,,Mechanical Properties*; Thermal properties,Mechanical Properties* | Heat Distortion Temperature* | * annealed,text,not-required,,V002782(treatment=annealed) V002783(treatment=annealed) V002790(treatment=annealed),reader-r1-63-c,medium,,"footnote ""* annealed"" follows the asterisks on the Mechanical Properties heading and on Heat Distortion Temperature; description also says ""mechanical and thermal (post-annealed) properties""; annealing schedule not stated"
batch-63.csv#254,context,context,S-SPECTRUM-en-tds-spectrum-pla-huracan,1,,Huracan PLA,all,GUIDELINE FOR PRINT SETTINGS*,settings are based on a 0 4 mm nozzle,0.4,,mm,,,,,,,,GUIDELINE FOR PRINT SETTINGS*,"* settings are based on a 0,4 mm nozzle.",text,not-required,,,reader-r1-63-c,high,,decimal comma printed
batch-63.csv#276,context,context,S-SPECTRUM-en-tds-spectrum-pla-matt,1,,PLA Matt,all,GUIDELINE FOR PRINT SETTINGS*,settings are based on a 0 4 mm nozzle,0.4,,mm,,,,,,,,GUIDELINE FOR PRINT SETTINGS*,"* settings are based on a 0,4 mm nozzle.",text,not-required,,,reader-r1-63-c,high,,decimal comma printed
batch-63.csv#296,context,context,S-SPECTRUM-en-tds-spectrum-pla-pastello,1,,Pastello PLA,all,GUIDELINE FOR PRINT SETTINGS*,settings are based on a 0 4 mm nozzle,0.4,,mm,,,,,,,,GUIDELINE FOR PRINT SETTINGS*,"* settings are based on a 0,4 mm nozzle.",text,not-required,,,reader-r1-63-c,high,,decimal comma printed
batch-64.csv#14,context,context,S-SPECTRUM-en-tds-spectrum-pla-premium,1,G001-69,PLA Premium,all,GUIDELINE FOR PRINT SETTINGS*,,,,,,,,,,,,GUIDELINE FOR PRINT SETTINGS*,"* settings are based on a 0,4 mm nozzle.",text,not-required,,,reader-r1-64,high,,footnote prints 0 comma 4
batch-64.csv#27,context,context,S-SPECTRUM-en-tds-spectrum-pla-pro,1,G001-16,PLA Pro,tensile,Mechanical Properties*,,,,,,XY,printed,,annealed 110°C/20 min,,,Mechanical Properties*,* 3D printed  at 100% infill and annealed at 110°C/20 min; XY axis,text,not-required,,,reader-r1-64,high,,footnote star applies to Mechanical Properties and Thermal Properties headings; infill 100%
batch-64.csv#28,context,context,S-SPECTRUM-en-tds-spectrum-pla-pro,1,G001-16,PLA Pro,thermal,Thermal Properties*,,,,,,XY,printed,,annealed 110°C/20 min,,,Thermal Properties*,* 3D printed  at 100% infill and annealed at 110°C/20 min; XY axis,text,not-required,,"V003115(treatment=annealed,specimen)",reader-r1-64,high,,footnote star applies to Mechanical Properties and Thermal Properties headings
batch-64.csv#40,context,context,S-SPECTRUM-en-tds-spectrum-pla-pro,1,G001-16,PLA Pro,all,GUIDELINE FOR PRINT SETTINGS*,,,,,,,,,,,,GUIDELINE FOR PRINT SETTINGS*,"* settings are based on a 0,4 mm nozzle.",text,not-required,,,reader-r1-64,high,,
batch-64.csv#53,context,context,S-SPECTRUM-EN-TDS-Spectrum-PLA-Pro-2,1,G001-16,PLA Pro,tensile,Mechanical Properties*,,,,,,XY,printed,,annealed 110°C/20 min,,,Mechanical Properties*,* 3D printed  at 100% infill and annealed at 110°C/20 min; XY axis,text,not-required,,,reader-r1-64,high,,footnote star applies to Mechanical Properties and Thermal Properties headings; infill 100%
batch-64.csv#54,context,context,S-SPECTRUM-EN-TDS-Spectrum-PLA-Pro-2,1,G001-16,PLA Pro,thermal,Thermal Properties*,,,,,,XY,printed,,annealed 110°C/20 min,,,Thermal Properties*,* 3D printed  at 100% infill and annealed at 110°C/20 min; XY axis,text,not-required,,"V008346(treatment=annealed,specimen)",reader-r1-64,high,,footnote star applies to Mechanical Properties and Thermal Properties headings
batch-64.csv#66,context,context,S-SPECTRUM-EN-TDS-Spectrum-PLA-Pro-2,1,G001-16,PLA Pro,all,GUIDELINE FOR PRINT SETTINGS*,,,,,,,,,,,,GUIDELINE FOR PRINT SETTINGS*,"* settings are based on a 0,4 mm nozzle.",text,not-required,,,reader-r1-64,high,,
batch-64.csv#91,context,context,S-SPECTRUM-en-tds-spectrum-pla-thermoactive,1,G001-147,PLA Thermoactive,all,GUIDELINE FOR PRINT SETTINGS*,,,,,,,,,,,,GUIDELINE FOR PRINT SETTINGS*,"* settings are based on a 0,4 mm nozzle.",text,not-required,,,reader-r1-64,high,no-held-rows-on-page-in-scope,
batch-64.csv#106,context-held,context,S-SPECTRUM-en-tds-spectrum-pla-tough,1,G001-04,PLA Tough,tensile,*3D printed horizontal (XY axis) at 100% infill,,,,,,XY,printed,,,,,Mechanical Properties,"*3D printed horizontal (XY axis), at 100% infill",text,not-required,PC00369,V002688(specimen) V002689(specimen) V014146(specimen),reader-r1-64-c,medium,,footnote has an asterisk but no marker is printed on any row; positioned under the thermal table so scope may be mechanical and thermal
batch-64.csv#119,context,context,S-SPECTRUM-en-tds-spectrum-pla-tough,1,G001-04,PLA Tough,all,GUIDELINE FOR PRINT SETTINGS*,,,,,,,,,,,,GUIDELINE FOR PRINT SETTINGS*,"* settings are based on a 0,4 mm nozzle.",text,not-required,,,reader-r1-64-c,high,,
batch-64.csv#132,context,context,S-SPECTRUM-en-tds-spectrum-pps-am230,1,G072-02,pps am230,all,*injection moulding,,,,,,,injection moulded,,,,,MATERIAL PROPERTIES,*injection moulding,text,not-required,,V001347(specimen),reader-r1-64-c,high,,footnote marker * on the mechanical and thermal rows (not on Density); the same sheet also uses * for the nozzle-size footnote under print settings
batch-64.csv#142,context,context,S-SPECTRUM-en-tds-spectrum-pps-am230,1,G072-02,pps am230,all,GUIDELINE FOR PRINT SETTINGS*,,,,,,,,,,,,GUIDELINE FOR PRINT SETTINGS*,"* settings are based on a 0,4 mm nozzle.",text,not-required,,,reader-r1-64-c,high,,
batch-64.csv#168,context,context,S-SPECTRUM-en-tds-spectrum-rpetg,1,G020-11,rPETG,all,GUIDELINE FOR PRINT SETTINGS*,,,,,,,,,,,,GUIDELINE FOR PRINT SETTINGS*,"* settings are based on a 0,4 mm nozzle.",text,not-required,,,reader-r1-64-c,high,,
batch-64.csv#191,context,context,S-SPECTRUM-en-tds-spectrum-rpla,1,G001-10,rPLA,all,GUIDELINE FOR PRINT SETTINGS*,,,,,,,,,,,,GUIDELINE FOR PRINT SETTINGS*,"* settings are based on a 0,4 mm nozzle.",text,not-required,,,reader-r1-64-c,high,,
batch-64.csv#215,context,context,S-SPECTRUM-en-tds-spectrum-safeguard-pla,1,G001-150,SafeGuard PLA,all,GUIDELINE FOR PRINT SETTINGS*,,,,,,,,,,,,GUIDELINE FOR PRINT SETTINGS*,* settings are based on a 0.4mm nozzle,text,not-required,,,reader-r1-64-c,high,,
batch-64.csv#240,context,context,S-SPECTRUM-en-tds-spectrum-sflex-85a,1,G039-07,S-Flex 85A,all,GUIDELINE FOR PRINT SETTINGS*,,,,,,,,,,,,GUIDELINE FOR PRINT SETTINGS*,"* settings are based on a 0,4 mm nozzle.",text,not-required,,,reader-r1-64-c,high,,
batch-64.csv#260,context,context,S-SPECTRUM-en-tds-spectrum-sflex-90a,1,G039-04,S-Flex 90A,all,GUIDELINE FOR PRINT SETTINGS*,,,,,,,,,,,,GUIDELINE FOR PRINT SETTINGS*,"* settings are based on a 0,4 mm nozzle.",text,not-required,,,reader-r1-64-c,high,,
batch-64.csv#280,context,context,S-SPECTRUM-EN-TDS-Spectrum-SFLEX-90A-4,1,G039-04,S-Flex 90A,all,GUIDELINE FOR PRINT SETTINGS*,,,,,,,,,,,,GUIDELINE FOR PRINT SETTINGS*,"* settings are based on a 0,4 mm nozzle.",text,not-required,,,reader-r1-64-c,high,,
batch-64.csv#307,context,context,S-SPECTRUM-en-tds-spectrum-smart-abs,1,G027-05,Smart ABS,all,GUIDELINE FOR PRINT SETTINGS*,,,,,,,,,,,,GUIDELINE FOR PRINT SETTINGS*,"* settings are based on a 0,4 mm nozzle.",text,not-required,,,reader-r1-64-c,high,,
batch-64.csv#331,context,context,S-SPECTRUM-en-tds-spectrum-wood,1,G014-02,WOOD,all,GUIDELINE FOR PRINT SETTINGS*,,,,,,,,,,,,GUIDELINE FOR PRINT SETTINGS*,"* settings are based on a 0,4 mm nozzle.",text,not-required,,,reader-r1-64-c,high,,
batch-64.csv#353,context,context,S-SPECTRUM-en-tds-the-filament-asa,1,G031-04,THE FILAMENT ASA,all,GUIDELINE FOR PRINT SETTINGS*,,,,,,,,,,,,GUIDELINE FOR PRINT SETTINGS*,"* settings are based on a 0,4 mm nozzle.",text,not-required,,,reader-r1-64-c,high,,
batch-64.csv#375,context,context,S-SPECTRUM-en-tds-the-filament-asa-cf,1,G033-03,THE FILAMENT ASA CF,all,GUIDELINE FOR PRINT SETTINGS*,,,,,,,,,,,,GUIDELINE FOR PRINT SETTINGS*,"* settings are based on a 0,4 mm nozzle.",text,not-required,,,reader-r1-64-c,high,,
batch-64.csv#397,context,context,S-SPECTRUM-en-tds-the-filament-ht-pla,1,G001-09,THE FILAMENT HT-PLA,all,GUIDELINE FOR PRINT SETTINGS*,,,,,,,,,,,,GUIDELINE FOR PRINT SETTINGS*,"* settings are based on a 0,4 mm nozzle.",text,not-required,,,reader-r1-64-c,high,,
batch-64.csv#418,context,context,S-SPECTRUM-EN-TDS-The-Filament-PETG,1,G020-10,THE FILAMENT PETG,all,GUIDELINE FOR PRINT SETTINGS*,,,,,,,,,,,,GUIDELINE FOR PRINT SETTINGS*,"* settings are based on a 0,4 mm nozzle.",text,not-required,,,reader-r1-64-c,high,,
batch-64.csv#436,context,context,S-SPECTRUM-en-tds-the-filament-petg-lite,1,G020-06,THE FILAMENT PETG Lite,all,GUIDELINE FOR PRINT SETTINGS*,,,,,,,,,,,,GUIDELINE FOR PRINT SETTINGS*,"* settings are based on a 0,4 mm nozzle.",text,not-required,,,reader-r1-64-c,high,,
batch-64.csv#457,context,context,S-SPECTRUM-EN-TDS-The-Filament-PLA,1,G001-13,THE FILAMENT PLA,all,GUIDELINE FOR PRINT SETTINGS*,,,,,,,,,,,,GUIDELINE FOR PRINT SETTINGS*,"* settings are based on a 0,4 mm nozzle.",text,not-required,,,reader-r1-64-c,high,,
batch-64.csv#477,context,context,S-SPECTRUM-EN-TDS-The-Filament-PLA-HS,1,G001-11,THE FILAMENT PLA HS,all,GUIDELINE FOR PRINT SETTINGS*,,,,,,,,,,,,GUIDELINE FOR PRINT SETTINGS*,"* settings are based on a 0,4 mm nozzle.",text,not-required,,,reader-r1-64-c,high,,
batch-64.csv#496,context,context,S-SPECTRUM-en-tds-the-filament-pla-lite,1,G001-12,THE FILAMENT PLA Lite,all,GUIDELINE FOR PRINT SETTINGS*,,,,,,,,,,,,GUIDELINE FOR PRINT SETTINGS*,"* settings are based on a 0,4 mm nozzle.",text,not-required,,,reader-r1-64-c,high,,
batch-64.csv#515,context,context,S-SPECTRUM-en-tds-the-filament-pla-matte,1,G001-08,THE FILAMENT PLA Matte,all,GUIDELINE FOR PRINT SETTINGS*,,,,,,,,,,,,GUIDELINE FOR PRINT SETTINGS*,"* settings are based on a 0,4 mm nozzle.",text,not-required,,,reader-r1-64-c,high,,
batch-64.csv#534,context,context,S-SPECTRUM-en-tds-the-filament-tpu-82a,1,G039-09,THE FILAMENT TPU 82A,all,GUIDELINE FOR PRINT SETTINGS*,,,,,,,,,,,,GUIDELINE FOR PRINT SETTINGS*,"* settings are based on a 0,4 mm nozzle.",text,not-required,,,reader-r1-64-c,high,,
batch-64.csv#553,context,context,S-SPECTRUM-en-tds-the-filament-tpu-87a,1,G039-06,THE FILAMENT TPU 87A,all,GUIDELINE FOR PRINT SETTINGS*,,,,,,,,,,,,GUIDELINE FOR PRINT SETTINGS*,"* settings are based on a 0,4 mm nozzle.",text,not-required,,,reader-r1-64-c,high,,
batch-65.csv#20,context,context,S-SPECTRUM-en-tds-the-filament-tpu-95a,1,,,all,"* settings are based on a 0,4 mm nozzle.",,,,,,,,,,,,GUIDELINE FOR PRINT SETTINGS*,"* settings are based on a 0,4 mm nozzle. | ** depending on the geometrical complexity",text,not-required,,,reader-r1-65-c,high,,footnotes of the print settings table
batch-65.csv#41,context,context,S-SPECTRUM-eng-tds-the-filament-petg,1,,,all,"* settings are based on a 0,4 mm nozzle.",,,,,,,,,,,,GUIDELINE FOR PRINT SETTINGS*,"* settings are based on a 0,4 mm nozzle. | ** depending on the geometrical complexity",text,not-required,,,reader-r1-65-c,high,,footnotes of the print settings table
batch-65.csv#62,context,context,S-SPECTRUM-eng-tds-the-filament-pla,1,,,all,"* settings are based on a 0,4 mm nozzle.",,,,,,,,,,,,GUIDELINE FOR PRINT SETTINGS*,"* settings are based on a 0,4 mm nozzle. | ** depending on the geometrical complexity",text,not-required,,,reader-r1-65-c,high,,footnotes of the print settings table
batch-65.csv#84,context,context,S-SPECTRUM-eng-tds-the-filament-pla-hs,1,,,all,"* settings are based on a 0,4 mm nozzle.",,,,,,,,,,,,GUIDELINE FOR PRINT SETTINGS*,"* settings are based on a 0,4 mm nozzle. | ** depending on the geometrical complexity",text,not-required,,,reader-r1-65-c,high,,footnotes of the print settings table
batch-65.csv#105,context,context,S-SPECTRUM-pl-tds-spectrum-high-speed,1,,,all,"* ustawienia oparto na dyszy o średnicy 0,4 mm",,,,,,,,,,,,WYTYCZNE DOTYCZĄCE USTAWIEŃ DRUKOWANIA*,"* ustawienia oparto na dyszy o średnicy 0,4 mm | ** w zależności od złożoności geometrycznej",text,not-required,,,reader-r1-65-c,high,,footnotes of the print settings table
batch-65.csv#115,context,context,S-SPECTRUM-pl-tds-spectrum-petg-carbon,1,,,tensile,*prędkość 5mm/min,,,,,,,,,,,rate=5mm/min,Właściwości mechaniczne,*prędkość 5mm/min,text,not-required,,,reader-r1-65-c,high,no-held-rows-on-page-in-scope,footnote for the starred tensile rows (speed 5 mm/min)
batch-65.csv#127,context,context,S-SPECTRUM-pl-tds-spectrum-petg-carbon,1,,,all,"* ustawienia oparto na dyszy o średnicy 0,4 mm",,,,,,,,,,,,WYTYCZNE DOTYCZĄCE USTAWIEŃ DRUKOWANIA*,"* ustawienia oparto na dyszy o średnicy 0,4 mm | ** w zależności od złożoności geometrycznej",text,not-required,,,reader-r1-65-c,high,,footnotes of the print settings table
batch-65.csv#146,context,context,S-SPECTRUM-pl-tds-spectrum-petg-frv0,1,,,all,Footnotes of the properties table,,,,,,,injection moulded,,,,,Właściwości materiału,"*formowanie wtryskowe | ** (prędkość 5mm/min), formowanie wtryskowe | *** (prędkość 1 mm/min), formowanie wtryskowe | **** 50 N (szybkość nagrzewania 50°C/h), formowanie wtryskowe",text,not-required,,V006277(specimen) V006278(specimen),reader-r1-65-c,high,,footnotes apply to the starred rows only
batch-65.csv#158,context,context,S-SPECTRUM-pl-tds-spectrum-petg-frv0,1,,,all,"* ustawienia oparto na dyszy o średnicy 0,4 mm",,,,,,,,,,,,WYTYCZNE DOTYCZĄCE USTAWIEŃ DRUKOWANIA*,"* ustawienia oparto na dyszy o średnicy 0,4 mm | ** w zależności od złożoności geometrycznej",text,not-required,,,reader-r1-65-c,high,,footnotes of the print settings table
batch-65.csv#184,context,context,S-SPECTRUM-pl-tds-spectrum-pla-nature,1,,,all,"* ustawienia oparto na dyszy o średnicy 0,4 mm",,,,,,,,,,,,WYTYCZNE DOTYCZĄCE USTAWIEŃ DRUKOWANIA*,"* ustawienia oparto na dyszy o średnicy 0,4 mm | ** w zależności od złożoności geometrycznej",text,not-required,,,reader-r1-65-c,high,no-held-rows-on-page-in-scope,footnotes of the print settings table
batch-65.csv#208,context,context,S-SPECTRUM-pl-tds-spectrum-rpla,1,,,all,"* ustawienia oparto na dyszy o średnicy 0,4 mm",,,,,,,,,,,,WYTYCZNE DOTYCZĄCE USTAWIEŃ DRUKOWANIA*,"* ustawienia oparto na dyszy o średnicy 0,4 mm | ** w zależności od złożoności geometrycznej",text,not-required,,,reader-r1-65-c,high,,footnotes of the print settings table
batch-65.csv#235,context,context,R-STRATASYS-mds-fdm-abs-m30-0826a,7,,,all,Physical Properties,,,,,,,printed,,,,,Table 3: ABS-M30 Physical Properties,Values are measured as molded and printed with ABS-M30 Black. XY and XZ orientations were tested.,text,not-required,,,reader-r1-65-c,high,,applies to the Printed section; the Non Printed section is molded plaques
batch-65.csv#253,context,context,R-STRATASYS-mds-fdm-abs-m30-0826a,8,,,all,Mechanical Properties,,,,,,,printed,,,,layer height=0.25 mm; printers=F770 and F900,Mechanical Properties,ABS-M30 samples were printed with a 0.25 mm (0.010 in.) layer height on the F770 and F900.,text,not-required,,,reader-r1-65-c,high,no-held-rows-on-page-in-scope,
batch-65.csv#255,context,context,R-STRATASYS-mds-fdm-abs-m30-0826a,8,,,tensile,Print Orientation,Flat (XY) | On Edge (XZ) | Upright (ZX),,,,,,,,,,,Print Orientation,Flat (XY) On Edge (XZ) Upright (ZX),text,not-required,,,reader-r1-65-c,high,no-held-rows-on-page-in-scope,"orientation key: Flat = XY, On Edge = XZ, Upright = ZX; tensile curves A, B, C are drawings without values"
batch-65.csv#277,context-held,context,R-STRATASYS-mds-fdm-abs-m30-0826a,9,,,all,Table 4: ABS-M30 Black Mechanical Properties - F770 - T14 Standard Head,,,,,,,printed,,,,layer height=0.25 mm; printer=F770; tip=T14 Standard Head,Table 4: ABS-M30 Black Mechanical Properties - F770 - T14 Standard Head,0.25 mm (0.010 in.) Layer Height XZ Orientation ZX Orientation | Values in parentheses are standard deviations.,text,not-required,PC00372,V009363(specimen) V009364(specimen) V009365(specimen),reader-r1-65-c,high,,
batch-65.csv#303,context-held,context,R-STRATASYS-mds-fdm-abs-m30-0826a,10,,,all,Table 5: ABS-M30 Black Mechanical Properties - F900 - T16 Tip,,,,,,,printed,,,,layer height=0.25 mm; printer=F900; tip=T16,Table 5: ABS-M30 Black Mechanical Properties - F900 - T16 Tip,0.25 mm (0.010 in.) Layer Height XZ Orientation ZX Orientation | Values in parentheses are standard deviations.,text,not-required,PC00373,V009366(specimen) V009367(specimen) V009368(specimen),reader-r1-65-c,high,,
batch-65.csv#312,context,context,R-STRATASYS-mds-fdm-absesd7-0222a,4,,,all,Physical Properties,,,,,,,printed,,,,,Table 3. ABS-ESD7 Physical Properties,Values are measured as printed. XY and XZ/ZX orientations were tested.,text,not-required,,,reader-r1-65-c,high,no-held-rows-on-page-in-scope,
batch-65.csv#328,context,context,R-STRATASYS-mds-fdm-absesd7-0222a,5,,,all,Mechanical Properties,,,,,,,printed,,,,layer height=0.254 mm; printers=F370 and F900,Mechanical Properties,Samples were printed with 0.010 in. (0.254 mm) layer height on a F370 and on a F900.,text,not-required,,,reader-r1-65-c,high,no-held-rows-on-page-in-scope,
batch-65.csv#330,context,context,R-STRATASYS-mds-fdm-absesd7-0222a,5,,,tensile,Print Orientation,Flat (XY) | On Edge (XZ) | Upright (ZX),,,,,,,,,,,Print Orientation,Flat (XY) On Edge (XZ) Upright (ZX),text,not-required,,,reader-r1-65-c,medium,no-held-rows-on-page-in-scope,orientation key and tensile curve drawings; page read from text layer
batch-65.csv#331,context,context,R-STRATASYS-mds-fdm-absesd7-0222a,8,,,all,ESD Properties,,,,,,,printed,,,,,ESD Properties,"ABS-ESD7 was tested per ANSI ESD S20.20, S11.11, STM11.12 to determine the effect that build parameters and part geometries have on ESD properties.",visual-only,agreed,,,reader-r1-65-c,high,no-held-rows-on-page-in-scope quote-not-on-page,
batch-65.csv#333,context,context,R-STRATASYS-mds-fdm-absesd7-0222a,6,,,all,Table 4. ABS-ESD7 Mechanical Properties (F900 – T16 Tip),,,,,,,printed,,,,printer=F900; tip=T16,Table 4. ABS-ESD7 Mechanical Properties (F900 – T16 Tip),XZ Orientation ZX Orientation | (1) Values in parentheses are standard deviations.,text,not-required,,,reader-r1-65-c,high,,layer height 0.254 mm per the page 5 statement
batch-65.csv#359,context,context,R-STRATASYS-mds-fdm-absesd7-0222a,7,,,all,Table 5. ABS-ESD7 Mechanical Properties (F370),,,,,,,printed,,,,printer=F370,Table 5. ABS-ESD7 Mechanical Properties (F370),XZ Orientation ZX Orientation | (1) Values in parentheses are standard deviations.,text,not-required,,,reader-r1-65-c,high,,layer height 0.254 mm per the page 5 statement
batch-65.csv#390,context,context,R-STRATASYS-mds-fdm-absm30i-0621a,1,,,all,"Tested parts were built on Fortus 400mc™ @ 0.010"" (0.254 mm) slice.",,,,,,side long edge,printed,,,,layer height=0.010 in (0.254 mm); printer=Fortus 400mc,Mechanical Properties,"1Build orientation is on side long edge. | Tested parts were built on Fortus 400mc™ @ 0.010"" (0.254 mm) slice.",visual-only,agreed,,V009381(specimen) V009382(specimen) V009383(specimen) V009384(specimen),reader-r1-65-c,high,quote-not-on-page,footnote 1 applies to the Mechanical Properties table; the build statement is on page 2
batch-65.csv#405,context,context,R-STRATASYS-mds-fdm-absm30i-0621a,1,,,thermal,Thermal Properties,,,,,,,,,,,,Thermal Properties,2Literature value unless otherwise noted.,visual-only,agreed,,,reader-r1-65-c,high,quote-not-on-page,footnote 2 applies to Thermal Properties and Other
batch-65.csv#406,context,context,R-STRATASYS-mds-fdm-absm30i-0621a,1,,,all,Electrical Properties,,,,,,flat and vertical,printed,,,,,Electrical Properties,4All Electrical Property values were generated from the average of test plaques built with default part density (solid). Test plaques were 4.0 x 4.0 x 0.1 inches (102 x 102 x 2.5 mm) and were built both in the flat and vertical orientation.,visual-only,agreed,,V009381(specimen) V009382(specimen) V009383(specimen) V009384(specimen),reader-r1-65-c,high,quote-not-on-page,range of values is flat vs vertical plaques
batch-66.csv#2,context,context,R-STRATASYS-mds-fdm-asa-0826a,8,,,all,Values are measured as molded and printed with ASA Black. ASA Natural is used where specified in the table.,XY and XZ orientations were tested.,,,,,,,,,,,Physical Properties,Values are measured as molded and printed with ASA Black. ASA Natural is used where specified in the table. XY and XZ orientations were tested.,text,not-required,,,reader-r1-66-c,high,,imperial equivalents printed in the second unit line of each row are not repeated as rows
batch-66.csv#28,context,context,R-STRATASYS-mds-fdm-asa-0826a,9,,,all,Mechanical Properties,ASA samples were printed with 0.25 mm (0.010 in.) and 0.33 (0.013 in.) layer heights on the F900/F3300/F770,,,,,,printed,,,,layer_height=0.25 mm and 0.33 mm,Mechanical Properties,"ASA samples were printed with 0.25 mm (0.010 in.) and 0.33 (0.013 in.) layer heights on the F900, F3300, and F770.",text,not-required,,,reader-r1-66-c,high,no-held-rows-on-page-in-scope,text prints F900 F3300 and F770 separated by commas
batch-66.csv#29,context,context,R-STRATASYS-mds-fdm-asa-0826a,9,,,tensile,Print Orientation,Flat (XY); On Edge (XZ); Upright (ZX),,,,,,,,,,,Print Orientation,Flat (XY) | On Edge (XZ) | Upright (ZX),text,not-required,,,reader-r1-66-c,high,no-held-rows-on-page-in-scope,orientation key figure
batch-66.csv#30,context,context,R-STRATASYS-mds-fdm-asa-0826a,9,,,tensile,Tensile Curves,"A = Tensile at break, elongation at break (no yield point). B = Tensile at yield, elongation at yield. C = Tensile at break, elongation at break.",,,,,,,,,,,Tensile Curves,"A = Tensile at break, elongation at break (no yield point) | B = Tensile at yield, elongation at yield | C = Tensile at break, elongation at break",text,not-required,,,reader-r1-66-c,high,no-held-rows-on-page-in-scope,guide to curve types; no values
batch-66.csv#31,context-held,context,R-STRATASYS-mds-fdm-asa-0826a,10,,,all,Table 4: ASA Black Mechanical Properties - F900 - T16 Tip,0.25 mm (0.010 in.) Layer Height; XZ and ZX orientations; values in parentheses are standard deviations,,,,,,printed,,,,layer_height=0.25 mm; printer=F900; tip=T16,Table 4: ASA Black Mechanical Properties - F900 - T16 Tip,Table 4: ASA Black Mechanical Properties - F900 - T16 Tip | 0.25 mm (0.010 in.) Layer Height XZ Orientation ZX Orientation | Values in parentheses are standard deviations.,text,not-required,PC00375,V009407(specimen) V009408(specimen),reader-r1-66-c,high,,imperial rows (psi ksi ft*lb/in) are not repeated; brackets after each number are the sheet's standard deviation and stay in raw
batch-66.csv#58,context-held,context,R-STRATASYS-mds-fdm-asa-0826a,11,,,all,Table 5: ASA Natural Mechanical Properties - F3300 - N500 Hot End,0.25 mm (0.010 in.) Layer Height; XZ and ZX orientations; values in parentheses are standard deviations,,,,,,printed,,,,layer_height=0.25 mm; printer=F3300; hot end=N500,Table 5: ASA Natural Mechanical Properties - F3300 - N500 Hot End,Table 5: ASA Natural Mechanical Properties - F3300 - N500 Hot End | 0.25 mm (0.010 in.) Layer Height XZ Orientation ZX Orientation | Values in parentheses are standard deviations.,text,not-required,PC00376,V009409(specimen) V009410(specimen),reader-r1-66-c,high,,imperial rows are not repeated
batch-66.csv#83,context-held,context,R-STRATASYS-mds-fdm-asa-0826a,12,,,all,Table 6: ASA Natural Mechanical Properties - F770 - T14 Standard Head,0.25 mm (0.010 in.) Layer Height; XZ and ZX orientations; values in parentheses are standard deviations,,,,,,printed,,,,layer_height=0.25 mm; printer=F770; head=T14 Standard,Table 6: ASA Natural Mechanical Properties - F770 - T14 Standard Head,Table 6: ASA Natural Mechanical Properties - F770 - T14 Standard Head | 0.25 mm (0.010 in.) Layer Height XZ Orientation ZX Orientation | Values in parentheses are standard deviations.,text,not-required,PC00377,V009411(specimen) V009412(specimen),reader-r1-66-c,high,,"imperial rows are not repeated; the table title names a T14 Standard Head, which the tip lists on pages 3 and 7 do not show"
batch-66.csv#106,context-held,context,R-STRATASYS-mds-fdm-asa-0826a,13,,,tensile,T25 Tensile Part Processing,"XZ tensile coupon printed dimensions were 165 x 22 x 5 mm; ZX tensile coupons were water jetted from larger printed plaques to produce final coupon dimensions of 165 x 22 x 5 mm; coupons tested using the standard D638 procedure, including coupon conditioning and pulling",,,,,,printed,coupon conditioning per D638,,,,Table 7 processing note,"T25 Tensile Part Processing: XZ tensile coupon printed dimensions were 165 x 22 x 5 mm (6.500 x 0.875 x 0.200 in.). ZX tensile coupons were water jetted from larger printed plaques to produce final coupon dimensions of 165 x 22 x 5 mm (6.500 x 0.875 x 0.200 in.). XZ and ZX tensile coupons were then tested using the standard D638 procedure, including coupon conditioning and pulling.",text,not-required,PC00378,V009413(specimen) V009414(specimen),reader-r1-66-c,high,,
batch-66.csv#107,context-held,context,R-STRATASYS-mds-fdm-asa-0826a,13,,,flexural,T25 Flexural Part Processing,"XZ flexural coupon printed dimensions were 165 x 12.7 x 5 mm; ZX flexural coupons were water jetted from larger printed plaques to produce final coupon dimensions of 165 x 12.7 x 5 mm; tested using the standard D790 procedure, including coupon conditioning",,,,,,printed,coupon conditioning per D790,,,,Table 7 processing note,"T25 Flexural Part Processing: XZ flexural coupon printed dimensions were 165 x 12.7 x 5 mm (6.500 x 0.500 x 0.200 in.). ZX flexural coupons were water jetted from larger printed plaques to produce final coupon dimensions of 165 x 12.7 x 5 mm (6.500 x 0.500 x 0.20 in.). XZ and ZX flexural coupons were then tested using the standard D790 procedure, including coupon conditioning.",text,not-required,PC00378,,reader-r1-66-c,high,,
batch-66.csv#108,context-held,context,R-STRATASYS-mds-fdm-asa-0826a,13,,,all,Table 7: ASA Natural Mechanical Properties - F770 - T25 Head,0.33 mm (0.013 in.) Layer Height; XZ and ZX orientations; values in parentheses are standard deviations,,,,,,printed,,,,layer_height=0.33 mm; printer=F770; head=T25,Table 7: ASA Natural Mechanical Properties - F770 - T25 Head,Table 7: ASA Natural Mechanical Properties - F770 - T25 Head | 0.33 mm (0.013 in.) Layer Height XZ Orientation ZX Orientation | Values in parentheses are standard deviations.,text,not-required,PC00378,V009413(specimen) V009414(specimen),reader-r1-66-c,high,,imperial rows are not repeated
batch-66.csv#157,context,context,R-STRATASYS-mds-fdm-asa-0826a,14,,,all,UV Aging,"Natural color ASA coupons were built on the F900 using the T16 tip with 0.254 mm (0.010 in.) layer height; ten ASTM D638 upright (ZX) coupons tested after UV exposure and 10 ZX control coupons; ASTM G154 QUV chamber for 1000 hours, alternating 8 hours at 60 °C (140 °F) and 4 hours at 50 °C (122 °F) with humidity and condensation",,,,,ZX,printed,"UV exposure per ASTM G154, 1000 hours",,ASTM D638,layer height=0.254 mm; printer=F900; tip=T16,UV Aging,"Natural color ASA coupons were built on the F900 using the T16 tip with 0.254 mm (0.010 in.) layer height. The coupons were then tested before and after UV exposure. Ten ASTM D638 upright (ZX) coupons were tested in tensile after UV exposure and an additional 10 ASTM D638 ZX coupons were the control (no UV Exposure). The UV exposed samples were cycled in the QUV chamber per ASTM G154 (Standard Practice for Operating Fluorescent Ultraviolet (UV) Lamp Apparatus for Exposure of Non-Metallic Materials) for 1000 hours, alternating for 8 hours at 60 °C (140 °F) and 4 hours at 50 °C (122 °F) with humidity and condensation.",text,not-required,,,reader-r1-66-c,high,no-held-rows-on-page-in-scope,
batch-66.csv#183,context-held,context,R-STRATASYS-mds-fdm-hips-0823a,4,,,all,Mechanical Properties,Samples were printed with 0.010 in. (0.254 mm) layer height on the Fortus 450mc and F900,,,,,,printed,,,,layer_height=0.254 mm,Mechanical Properties,Samples were printed with 0.010 in. (0.254 mm) layer height on the Fortus 450mc and F900®.,text,not-required,PC00379,V009401(specimen),reader-r1-66-c,high,,
batch-66.csv#184,context-held,context,R-STRATASYS-mds-fdm-hips-0823a,4,,,tensile,Print Orientation / Tensile Curves,Flat (XY); On Edge (XZ); Upright (ZX); curves A B C,,,,,,,,,,,Mechanical Properties,"Flat (XY) On Edge (XZ) Upright (ZX) | A = Tensile at break, elongation at break (no yield point)",text,not-required,PC00379,,reader-r1-66-c,high,,orientation key and curve guide; no values
batch-66.csv#185,context-held,context,R-STRATASYS-mds-fdm-hips-0823a,4,,,all,Table 3. HIPS Mechanical Properties (Fortus 450mc - T16 Tip),XZ and ZX orientations; values in parenthesis are standard deviations,,,,,,printed,,,,layer_height=0.254 mm; printer=Fortus 450mc; tip=T16,Table 3. HIPS Mechanical Properties (Fortus 450mc - T16 Tip),Table 3. HIPS Mechanical Properties (Fortus 450mc - T16 Tip) | XZ Orientation ZX Orientation | 1 Values in parenthesis are standard deviations.,text,not-required,PC00379,V009401(specimen),reader-r1-66-c,high,,imperial rows are not repeated
batch-66.csv#206,context-held,context,R-STRATASYS-mds-fdm-hips-0823a,5,,,all,Table 4. HIPS Mechanical Properties (F900 - T16),XZ and ZX orientations; values in parenthesis are standard deviations,,,,,,printed,,,,printer=F900; tip=T16,Table 4. HIPS Mechanical Properties (F900 - T16),Table 4. HIPS Mechanical Properties (F900 - T16) | XZ Orientation ZX Orientation | 1 Values in parenthesis are standard deviations.,text,not-required,PC00380,V009403(specimen),reader-r1-66-c,high,,imperial rows are not repeated; layer height is stated once on page 4 (0.254 mm for both printers)
batch-66.csv#238,context,context,R-STRATASYS-mds-fdm-pa6-66-gf30-fr-0726a,4,,,all,Physical Properties,Values are measured as molded and printed on the Fortus 450mc with a 0.25 mm (0.010 in.) layer height. XY and XZ orientations were tested.,,,,,,printed,,,,layer height=0.25 mm; printer=Fortus 450mc,Physical Properties,Values are measured as molded and printed on the Fortus 450mc with a 0.25 mm (0.010 in.) layer height. XY and XZ orientations were tested.,text,not-required,,,reader-r1-66-c,high,,
batch-66.csv#256,context,context,R-STRATASYS-mds-fdm-pa6-66-gf30-fr-0726a,5,,,all,Mechanical Properties,FDM PA6/66-GF30-FR samples were printed with a 0.25 mm (0.010 in.) layer height on the F900 and the Fortus 450mc using a T20G tip. The breakaway support was manually removed before the samples were conditioned per the respective ASTM standard.,,,,,,printed,conditioned per the respective ASTM standard,,,layer height=0.25 mm; tip=T20G,Mechanical Properties,FDM PA6/66-GF30-FR samples were printed with a 0.25 mm (0.010 in.) layer height on the F900 and the Fortus 450mc using a T20G tip. The breakaway support was manually removed before the samples were conditioned per the respective ASTM standard.,text,not-required,,,reader-r1-66-c,high,no-held-rows-on-page-in-scope,
batch-66.csv#257,context,context,R-STRATASYS-mds-fdm-pa6-66-gf30-fr-0726a,5,,,tensile,Print Orientation / Tensile Curves,Flat (XY); On Edge (XZ); Upright (ZX); curves A B C,,,,,,,,,,,Mechanical Properties,"Flat (XY) On Edge (XZ) Upright (ZX) | A = Tensile at break, elongation at break (no yield point)",text,not-required,,,reader-r1-66-c,high,no-held-rows-on-page-in-scope,orientation key and curve guide; no values
batch-66.csv#258,context-held,context,R-STRATASYS-mds-fdm-pa6-66-gf30-fr-0726a,6,,,all,Table 4: FDM PA6/66-GF30-FR Mechanical Properties - Fortus 450mc - T20G tip,0.25 mm (0.010 in.) Layer Height; XZ and ZX orientations; values in parenthesis are standard deviations,,,,,,printed,,,,layer height=0.25 mm; printer=Fortus 450mc; tip=T20G,Table 4: FDM PA6/66-GF30-FR Mechanical Properties - Fortus 450mc - T20G tip,Table 4: FDM PA6/66-GF30-FR Mechanical Properties - Fortus 450mc - T20G tip | 0.25 mm (0.010 in.) Layer Height XZ Orientation ZX Orientation | Values in parenthesis are standard deviations.,text,not-required,PC00381,V009371(specimen) V009372(specimen) V009373(specimen),reader-r1-66-c,high,,imperial rows are not repeated
batch-66.csv#285,context-held,context,R-STRATASYS-mds-fdm-pa6-66-gf30-fr-0726a,7,,,all,Table 5: FDM PA6/66-GF30-FR Mechanical Properties - F900 - T20G tip,0.25 mm (0.010 in.) Layer Height; XZ and ZX orientations; values in parentheses are standard deviations,,,,,,printed,,,,layer height=0.25 mm; printer=F900; tip=T20G,Table 5: FDM PA6/66-GF30-FR Mechanical Properties - F900 - T20G tip,Table 5: FDM PA6/66-GF30-FR Mechanical Properties - F900 - T20G tip | 0.25 mm (0.010 in.) Layer Height XZ Orientation ZX Orientation | Values in parentheses are standard deviations.,text,not-required,PC00382,V009374(specimen) V009375(specimen) V009376(specimen),reader-r1-66-c,high,,imperial rows are not repeated
batch-66.csv#312,context,context,R-STRATASYS-mds-fdm-pa6-66-gf30-fr-0726a,8,,,all,EN 45545-2 test conditions,FDM PA6/66-GF30-FR was printed in the XY orientation with a T20G tip on the Stratasys Fortus 450mc and F900 systems using default settings and tested per EN 45545-2 testing standards.,,,,,XY,printed,,,EN 45545-2,tip=T20G,Fire Protection of Railway Vehicles,FDM PA6/66-GF30-FR was printed in the XY orientation with a T20G tip on the Stratasys Fortus 450mc and F900 systems using default settings and tested per EN 45545-2 testing standards.,text,not-required,,,reader-r1-66-c,high,,
batch-66.csv#326,context,context,R-STRATASYS-mds-fdm-pa6-66-gf30-fr-0726a,9,,,all,FMVSS 302 test conditions,FDM PA6/66-GF30-FR was printed in the XY orientation with a T20G tip on the Stratasys F900 system using default settings and tested per FMVSS 302 testing standards. Results show that FDM PA6/66-GF30-FR does not support combustion and meets the flammability requirements of FMVSS 302.,,,,,XY,printed,,,FMVSS 302,tip=T20G; printer=F900,Fire Protection of Automotive Interiors,FDM PA6/66-GF30-FR was printed in the XY orientation with a T20G tip on the Stratasys F900 system using default settings and tested per FMVSS 302 testing standards.,text,not-required,,,reader-r1-66-c,high,no-held-rows-on-page-in-scope,
batch-67.csv#3,context,context,R-STRATASYS-mds-fdm-pc-0426a,1,G035-23,PC,all,Cover disclaimer,The information presented are typical values intended for reference and comparison purposes only. They should not be used for design specifications or quality control purposes.,,,,,,,,,,,,The information presented are typical values intended for reference | and comparison purposes only. They should not be used for design | specifications or quality control purposes.,text,not-required,,,reader-r1-67-c,high,no-held-rows-on-page-in-scope,
batch-67.csv#19,context,context,R-STRATASYS-mds-fdm-pc-0426a,6,G035-23,PC,all,Physical Properties intro,Values are measured as molded and printed on the F900 with a T16 tip at 0.25 mm (0.010 in.) layer height. XY and XZ orientations were tested.,,,,,,printed,,,,tip=T16; layer height=0.25 mm; printer=F900,Table 3: PC Physical Properties,Values are measured as molded and printed on the F900 with a T16 tip at 0.25 mm (0.010 in.) layer height. | XY and XZ orientations were tested.,text,not-required,,V009430(specimen) V009431(specimen),reader-r1-67-c,high,,
batch-67.csv#20,context,context,R-STRATASYS-mds-fdm-pc-0426a,6,G035-23,PC,all,Physical Properties - Printed,Physical Properties - Printed,,,,,,printed,,,,,Table 3: PC Physical Properties,Physical Properties - Printed,text,not-required,,V009430(specimen) V009431(specimen),reader-r1-67-c,high,,section heading for HDT; Mean CTE; Dielectric Constant; Dissipation Factor
batch-67.csv#21,context,context,R-STRATASYS-mds-fdm-pc-0426a,6,G035-23,PC,all,Physical Properties - Non-Printed,Physical Properties - Non-Printed,,,,,,molded plaques,,,,,Table 3: PC Physical Properties,Physical Properties - Non-Printed | Molded Plaques,text,not-required,,V009430(specimen) V009431(specimen),reader-r1-67-c,high,,column heading is Molded Plaques; section heading for Tg; Volume Resistivity; Thermal Conductivity
batch-67.csv#49,context,context,R-STRATASYS-mds-fdm-pc-0426a,7,G035-23,PC,all,Mechanical Properties intro,PC White samples were printed with a 0.25 mm (0.010 in.) layer height on the F900.,,,,,,printed,,,,layer height=0.25 mm; printer=F900,Mechanical Properties,PC White samples were printed with a 0.25 mm (0.010 in.) layer height on the F900.,text,not-required,,,reader-r1-67-c,high,no-held-rows-on-page-in-scope,
batch-67.csv#50,context,context,R-STRATASYS-mds-fdm-pc-0426a,7,G035-23,PC,all,Print Orientation,Flat (XY) / On Edge (XZ) / Upright (ZX),,,,,,,,,,,Mechanical Properties,Flat (XY) On Edge (XZ) Upright (ZX),text,not-required,,,reader-r1-67-c,high,no-held-rows-on-page-in-scope,orientation key drawing: XY = flat; XZ = on edge; ZX = upright; also a tensile-curve key (A; B; C)
batch-67.csv#51,context-held,context,R-STRATASYS-mds-fdm-pc-0426a,8,G035-23,PC,all,Table 4 footnote,Values in parentheses are standard deviations.,,,,,,printed,,,,,Table 4: PC White Mechanical Properties - F900 - T16 Tip,Values in parentheses are standard deviations.,text,not-required,PC00383,V009432(specimen) V009433(specimen),reader-r1-67-c,high,,table is 0.25 mm layer height; XZ and ZX orientations; each SI row has an imperial row beneath it that is not transcribed here
batch-67.csv#77,context,context,R-STRATASYS-mds-fdm-pc-0426a,9,G035-23,PC,tensile,UV Aging conditions,PC coupons were built on the Stratasys F900 with a 0.25 mm (0.010 in.) layer height using PC White. PC was tested before and after UV exposure. Ten ASTM D638 upright (ZX) dogbones were tested in tensile after UV exposure and an additional ten ASTM D638 ZX dogbones were the control (no UV exposure).,,,,,ZX,printed,,,ASTM D638,layer height=0.25 mm; printer=F900,UV Aging,PC coupons were built on the Stratasys F900 with a 0.25 mm (0.010 in.) layer height using PC White. | Ten ASTM D638 upright (ZX) dogbones were tested in tensile after UV exposure and | an additional ten ASTM D638 ZX dogbones were the control (no UV exposure).,text,not-required,,,reader-r1-67-c,high,no-held-rows-on-page-in-scope,
batch-67.csv#78,context,context,R-STRATASYS-mds-fdm-pc-0426a,9,G035-23,PC,tensile,UV Aging exposure cycle,"The UV exposed samples were cycled in the QUV chamber per ASTM G154 for 1,000 hours, alternating for eight hours at 60 ˚C (140 ˚F) and 4 hours at 50 ˚C (122 ˚F) with humidity and condensation.",,,,,ZX,printed,,UV exposed,ASTM G154,duration=1000 h; cycle=8 h at 60 °C then 4 h at 50 °C with humidity and condensation,UV Aging,"The UV exposed samples were cycled | in the QUV chamber per ASTM G154 (Standard Practice for Operating Fluorescent UV Light Apparatus for Exposure | of Nonmetallic Materials) for 1,000 hours, alternating for eight hours at 60 ˚C (140 ˚F) and 4 hours at 50 ˚C (122 ˚F) | with humidity and condensation.",text,not-required,,,reader-r1-67-c,high,no-held-rows-on-page-in-scope,conditions apply to the UV Exposure row only
batch-67.csv#88,context,context,R-STRATASYS-mds-fdm-pc-0426a,10,G035-23,PC,all,UL Blue Card intro,"PC was printed on the Fortus 450mc and the Fortus 900mc printers with a T10, T12, T16, and T20, model tip using SR-100 support (soluble) and PC-BASS (breakaway). For more information reference file number E345258 on the iq.ulprospector.com website (login required).",,,,,,printed,,,,,Fire Protection for Devices and Appliances - UL Blue Card,"PC was printed on the Fortus 450mc and the Fortus 900mc printers with a T10, T12, T16, and T20, model tip using | SR-100 support (soluble) and PC-BASS (breakaway).",text,not-required,,,reader-r1-67-c,high,no-held-rows-on-page-in-scope,
batch-67.csv#104,context-held,context,R-STRATASYS-mds-fdm-pc-0426a,11,G035-23,PC Black,tensile,Table 8 conditions,0.25 mm (0.010 in.) Layer Height; Values in parentheses are standard deviations.,,,,,,printed,,,ASTM D638,layer height=0.25 mm; printer=Fortus 450mc; tip=T16,Table 8: Mechanical Properties of PC Black; Fortus 450mc; T16,"Table 8: Mechanical Properties of PC Black, Fortus 450mc, T16 | 0.25 mm (0.010 in.) Layer Height | Values in parentheses are standard deviations.",text,not-required,PC00384,V009434(specimen) V009435(specimen),reader-r1-67-c,high,,
batch-67.csv#115,context-held,context,R-STRATASYS-mds-fdm-pc-0426a,11,G035-23,PC Red,tensile,Table 9 conditions,0.25 mm (0.010 in.) Layer Height; Values in parentheses are standard deviations.,,,,,,printed,,,ASTM D638,layer height=0.25 mm; printer=Fortus 450mc; tip=T16,"Table 9: Mechanical Properties of PC Red, Fortus 450mc, T16","Table 9: Mechanical Properties of PC Red, Fortus 450mc, T16 | 0.25 mm (0.010 in.) Layer Height | Values in parentheses are standard deviations.",text,not-required,PC00384,V009434(specimen) V009435(specimen),reader-r1-67-c,high,,
batch-67.csv#126,context-held,context,R-STRATASYS-mds-fdm-pc-0426a,12,G035-23,PC Red,tensile,Table 10 conditions,0.25 mm (0.010 in.) Layer Height; Values in parentheses are standard deviations.,,,,,,printed,,,ASTM D638,layer height=0.25 mm; printer=F900; tip=T16,"Table 10: Mechanical Properties of PC Red, F900, T16","Table 10: Mechanical Properties of PC Red, F900, T16 | 0.25 mm (0.010 in.) Layer Height | Values in parentheses are standard deviations.",text,not-required,PC00385,V009436(specimen) V009437(specimen),reader-r1-67-c,high,,
batch-67.csv#144,context,context,R-STRATASYS-mds-fdm-pc-abs-0823a,1,G094-09,PC-ABS,all,Cover disclaimer,The information presented are typical values intended for reference and comparison purposes only. They should not be used for design specifications or quality control purposes.,,,,,,,,,,,,The information presented are typical values intended for reference and comparison purposes only. | They should not be used for design specifications or quality control purposes.,text,not-required,,,reader-r1-67-c,high,no-held-rows-on-page-in-scope,
batch-67.csv#155,context,context,R-STRATASYS-mds-fdm-pc-abs-0823a,5,G094-09,PC-ABS,all,Physical Properties intro,Values are measured as printed. XY; XZ; and ZX orientations were tested.,,,,,,printed,,,,,Table 3. PC-ABS Physical Properties,"Values are measured as printed. XY, XZ, and ZX orientations were tested.",text,not-required,,V014330(specimen),reader-r1-67-c,high,,
batch-67.csv#177,context,context,R-STRATASYS-mds-fdm-pc-abs-0823a,6,G094-09,PC-ABS,all,Mechanical Properties intro,PC-ABS samples were printed with 0.010 in. (0.254 mm) layer heights on the F900.,,,,,,printed,,,,layer height=0.010 in. (0.254 mm); printer=F900,Mechanical Properties,PC-ABS samples were printed with 0.010 in. (0.254 mm) layer heights on the F900.,text,not-required,,,reader-r1-67-c,high,no-held-rows-on-page-in-scope,
batch-67.csv#178,context,context,R-STRATASYS-mds-fdm-pc-abs-0823a,6,G094-09,PC-ABS,all,Print Orientation,Flat (XY) / On Edge (XZ) / Upright (ZX),,,,,,,,,,,Mechanical Properties,Flat (XY) On Edge (XZ) Upright (ZX),text,not-required,,,reader-r1-67-c,high,no-held-rows-on-page-in-scope,orientation key drawing: XY = flat; XZ = on edge; ZX = upright; also a tensile-curve key (A; B; C)
batch-67.csv#179,context-held,context,R-STRATASYS-mds-fdm-pc-abs-0823a,7,G094-09,PC-ABS,all,Table 4 footnote,Values in parentheses are standard deviations.,,,,,,printed,,,,,Table 4. PC-ABS Mechanical Properties (F900 - T16 Tip),Values in parentheses are standard deviations.,text,not-required,PC00386,V009344(specimen),reader-r1-67-c,high,,each SI row has an imperial row beneath it that is not transcribed here
batch-67.csv#206,context-held,context,R-STRATASYS-mds-fdm-pc-abs-0823a,7,G094-09,PC-ABS,tensile,UV Aging conditions,"PC-ABS was tested before and after UV exposure. Ten ASTM D638 upright (ZX) dogbones were tested in tensile after UV exposure and an additional ten ASTM D638 ZX dogbones were the control (no UV exposure). The UV exposed samples were cycled in the QUV chamber per ASTM G154 for 1,000 hours, alternating for eight hours at 60 ˚C (140 ˚F) and 4 hours at 50 ˚C (122 ˚F) with humidity and condensation.",,,,,ZX,printed,,UV exposed,"ASTM D638, ASTM G154",duration=1000 h; cycle=8 h at 60 °C then 4 h at 50 °C with humidity and condensation,UV Aging,"PC-ABS was tested before and after UV exposure. Ten ASTM D638 upright (ZX) dogbones were tested in tensile after UV exposure | and an additional ten ASTM D638 ZX dogbones were the control (no UV exposure). | 1,000 hours, alternating for eight hours at 60 ˚C (140 ˚F) and 4 hours at 50 ˚C (122 ˚F) with humidity and condensation.",text,not-required,PC00386,V009344(specimen),reader-r1-67-c,high,,conditions apply to the UV Exposure row; footnote under Table 5: PC-ABS coupons were built on the F370 using the F123 head
batch-67.csv#217,context-held,context,R-STRATASYS-mds-fdm-pc-abs-0823a,8,G094-09,PC-ABS Red,tensile,Table 6 and Table 7 footnotes,Values in parentheses are standard deviations.,,,,,,printed,,,ASTM D638,,Tables 6 and 7,Values in parentheses are standard deviations.,text,not-required,PC00387,V009346(specimen) V009347(specimen),reader-r1-67-c,high,,each SI row has an imperial row beneath it that is not transcribed here; Table 6 is Fortus 450mc T16 and Table 7 is F900 T16
batch-67.csv#248,context,context,R-STRATASYS-mds-fdm-pciso-0820a,1,G035-24,PC-ISO,all,Mechanical Properties footnote 1,Build orientation is on side long edge.,,,,,side long edge,,,,,,Mechanical Properties,Mechanical Properties1 | 1Build orientation is on side long edge.,visual-only,pending,,,reader-r1-67-c,high,quote-not-on-page,footnote 1 is on page 2; the heading Mechanical Properties carries superscript 1
batch-67.csv#249,context,context,R-STRATASYS-mds-fdm-pciso-0820a,1,G035-24,PC-ISO,all,Thermal Properties and Other footnote 2,Literature value unless otherwise noted.,,,,,,,,,,,Thermal Properties,Thermal Properties2 | 2Literature value unless otherwise noted.,visual-only,pending,,,reader-r1-67-c,high,quote-not-on-page,footnote 2 is on page 2; applies to the Thermal Properties and Other tables
batch-67.csv#250,context,context,R-STRATASYS-mds-fdm-pciso-0820a,1,G035-24,PC-ISO,all,Electrical Properties footnote 4,All Electrical Property values were generated from the average of test plaques built with default part density (solid). Test plaques were 4.0 x 4.0 x 0.1 inches (102 x 102 x 2.5 mm) and were built both in the flat and vertical orientation. The range of values is mostly the result of the difference in properties of test plaques built in the flat vs. vertical orientation.,,,,,flat and vertical,printed,,,,,Electrical Properties,4All Electrical Property values were generated from the average of test plaques built with default part density (solid). Test plaques were 4.0 x 4.0 x 0.1 inches (102 x 102 x 2.5 mm) and were built both in the flat and vertical orientation.,visual-only,pending,,V009438(specimen) V009439(specimen) V009440(specimen) V009441(specimen) V009442(specimen) V014336(specimen) V014337(specimen) V014338(specimen),reader-r1-67-c,high,quote-not-on-page,footnote 4 is on page 2
batch-67.csv#268,context,context,R-STRATASYS-mds-fdm-pciso-0820a,2,G035-24,PC-ISO,all,Test build conditions,Tested parts were built on Fortus 400mc™ @ 0.010” (0.254 mm) slice.,,,,,,printed,,,,printer=Fortus 400mc; slice=0.010” (0.254 mm),Disclaimer,Tested parts were built on Fortus 400mc™ @ 0.010” (0.254 mm) | slice.,text,not-required,,,reader-r1-67-c,high,no-held-rows-on-page-in-scope,
batch-67.csv#298,context,context,D-SUNLU-TPU-TDS-2024-06,1,G039-19,TPU,all,Properties header,性能[1] Properties / 典型值 S.I.[2] Typical Values,,,,,,,,,,,Properties,性 能[1] Properties | 典型值 S.I.[2] Typical Values,visual-only,agreed,,,reader-r1-67-c,high,quote-not-on-page,footnotes [1] and [2] are on page 3
batch-67.csv#328,context,context,D-SUNLU-TPU-TDS-2024-06,2,G039-19,TPU,all,等级分类,等级分类：优异、好、一般、差,,,,,,,,,,,耐化学性能,等级分类：优异、好、一般、差,text,not-required,,,reader-r1-67-c,high,no-held-rows-on-page-in-scope,grade scale excellent / good / average / poor
batch-67.csv#344,context,context,D-SUNLU-TPU-TDS-2024-06,3,G039-19,TPU,all,注意事项 [1],测试样条打印速度 45 mm/s，打印温度 200 ℃。填充 100%，走线方式为 90 度。,,,,,,printed,,,,print speed=45 mm/s; nozzle temp=200 ℃; infill=100%; raster angle=90°,Properties,[1] 测试样条打印速度 45 mm/s，打印温度 200 ℃。填充 100%，走线方式为 90 度。,text,not-required,,,reader-r1-67-c,high,no-held-rows-on-page-in-scope,footnote [1]: test specimens printed at 45 mm/s and 200 ℃; 100% infill; 90 degree raster; applies to the property table on page 1 (marker [1] is on the Properties heading)
batch-67.csv#345,context,context,D-SUNLU-TPU-TDS-2024-06,3,G039-19,TPU,all,注意事项 [2],典型值是指实验室平均数据，仅用于使用时的参考，不作为产品的标准，不同打印机打印有区别。,,,,,,,,,,,Properties,[2] 典型值是指实验室平均数据，仅用于使用时的参考，不作为产品的标准，不同打印机打印有区别。,text,not-required,,,reader-r1-67-c,high,no-held-rows-on-page-in-scope,footnote [2]: typical values are laboratory averages for reference only; not a product standard; different printers differ
batch-67.csv#379,context,context,R-SUNLU-02f59eef-2adc-4bae-8b08-bfd1a8a278fe,2,G012-02,High Speed Marble PLA,all,Grade,Grade：Excellent、Good、Normal、Bad,,,,,,,,,,,Chemical,Grade：Excellent、Good、Normal、Bad,text,not-required,,,reader-r1-67-c,high,no-held-rows-on-page-in-scope,
batch-67.csv#394,context,context,R-SUNLU-02f59eef-2adc-4bae-8b08-bfd1a8a278fe,2,G012-02,High Speed Marble PLA,all,Printing parameters note,The above values are provided for printer reference only. The parameters may be appropriately adjusted according to different printer models; printed objects; and specific application requirements.,,,,,,,,,,,Recommended Printing Parameters,"The above values are provided for printer reference only. The parameters may be appropriately adjusted | according to different printer models, printed objects, and specific application requirements.",text,not-required,,,reader-r1-67-c,high,no-held-rows-on-page-in-scope,
batch-67.csv#395,context,context,R-SUNLU-02f59eef-2adc-4bae-8b08-bfd1a8a278fe,3,G012-02,High Speed Marble PLA,all,Note [1],"Test specimens were printed at a printing speed of 160-220 mm/s and a printing temperature of 220 °C. Infill: 100%, with a 90° raster orientation.",,,,,,printed,,,,print speed=160-220 mm/s; nozzle temp=220 °C; infill=100%; raster angle=90°,Note,"[1] Test specimens were printed at a printing speed of 160-220 mm/s and a printing temperature of 220 °C. | Infill: 100%, with a 90° raster orientation.",text,not-required,,,reader-r1-67-c,high,no-held-rows-on-page-in-scope,footnote [1]; no [1] marker is visible on the page 1 table rows
batch-67.csv#396,context,context,R-SUNLU-02f59eef-2adc-4bae-8b08-bfd1a8a278fe,3,G012-02,High Speed Marble PLA,all,Note [2],The typical values represent average laboratory data and are provided for reference only. They do not constitute product specifications. Results may vary depending on different printers.,,,,,,,,,,,Note,[2] The typical values represent average laboratory data and are provided for reference only. They do not | constitute product specifications. Results may vary depending on different printers.,text,not-required,,,reader-r1-67-c,high,no-held-rows-on-page-in-scope,
batch-67.csv#430,context,context,R-SUNLU-042608c3-25e5-4515-a83e-f2220185296c,2,G093-03,PVB,all,Grade,Grade：Excellent、Good、Normal、Bad,,,,,,,,,,,Chemical,Grade：Excellent、Good、Normal、Bad,text,not-required,,,reader-r1-67-c,high,no-held-rows-on-page-in-scope,
batch-67.csv#445,context,context,R-SUNLU-042608c3-25e5-4515-a83e-f2220185296c,2,G093-03,PVB,all,Printing parameters note,The above values are provided for printer reference only. The parameters may be appropriately adjusted according to different printer models; printed objects; and specific application requirements.,,,,,,,,,,,Recommended Printing Parameters,"The above values are provided for printer reference only. The parameters may be appropriately adjusted | according to different printer models, printed objects, and specific application requirements.",text,not-required,,,reader-r1-67-c,high,no-held-rows-on-page-in-scope,
batch-67.csv#446,context,context,R-SUNLU-042608c3-25e5-4515-a83e-f2220185296c,3,G093-03,PVB,all,Note [1],"Test specimens were printed at a printing speed of 45mm/s and a printing temperature of 240 °C. Infill: 100%, with a 90° raster orientation.",,,,,,,,,,print speed=45 mm/s; nozzle temp=240 °C; infill=100%; raster angle=90°,Note,"[1] Test specimens were printed at a printing speed of 45mm/s and a printing temperature of 240 °C. Infill: | 100%, with a 90° raster orientation.",text,not-required,,,reader-r1-67-c,high,no-held-rows-on-page-in-scope,no [1] marker visible on the page 1 table rows
batch-67.csv#447,context,context,R-SUNLU-042608c3-25e5-4515-a83e-f2220185296c,3,G093-03,PVB,all,Note [2],The typical values represent average laboratory data and are provided for reference only. They do not constitute product specifications. Results may vary depending on different printers.,,,,,,,,,,,Note,[2] The typical values represent average laboratory data and are provided for reference only. They do not | constitute product specifications. Results may vary depending on different printers.,text,not-required,,,reader-r1-67-c,high,no-held-rows-on-page-in-scope,
batch-67.csv#480,context,context,R-SUNLU-19364171789540194308,2,G001-39,PLA-METALLIC PLA 金属,all,等级分类,等级分类：优异、好、一般、差,,,,,,,,,,,耐化学性能 Chemical,等级分类：优异、好、一般、差,text,not-required,,,reader-r1-67-c,high,no-held-rows-on-page-in-scope,
batch-67.csv#494,context,context,R-SUNLU-19364171789540194308,3,G001-39,PLA-METALLIC PLA 金属,all,注意事项 [1],测试样条打印速度 100-200 mm/s，打印温度 270 ℃。填充 100%，走线方式为 90 度。,,,,,,,,,,print speed=100-200 mm/s; nozzle temp=270 ℃; infill=100%; raster angle=90°,注意事项,[1] 测试样条打印速度 100-200 mm/s，打印温度 270 ℃。填充 100%，走线方式为 90 度。,text,not-required,,,reader-r1-67-c,high,no-held-rows-on-page-in-scope,footnote [1] marker is on the Properties heading of page 1
batch-67.csv#495,context,context,R-SUNLU-19364171789540194308,3,G001-39,PLA-METALLIC PLA 金属,all,注意事项 [2],典型值是指实验室平均数据，仅用于使用时的参考，不作为产品的标准，不同打印机打印有区别。,,,,,,,,,,,注意事项,[2] 典型值是指实验室平均数据，仅用于使用时的参考，不作为产品的标准，不同打印机打印有区别。,text,not-required,,,reader-r1-67-c,high,no-held-rows-on-page-in-scope,
batch-68.csv#48,context,context,R-SUNLU-225ab1bc-a40a-435b-8d20-a2745303674b,2,,,all,Grade: Excellent、Good、Normal、Bad,,,,,,,,,,,,Chemical,Grade：Excellent、Good、Normal、Bad,text,not-required,,,reader-r1-68-c,high,no-held-rows-on-page-in-scope,scale of the Chemical class column
batch-68.csv#49,context,context,R-SUNLU-225ab1bc-a40a-435b-8d20-a2745303674b,3,,,all,Note [1],,,,,,,printed,,,,,Note,"[1] Test specimens were printed at a printing speed of 100-220 mm/s and a printing temperature of 220 °C. Infill: 100%, with a 90° raster orientation.",text,not-required,,,reader-r1-68-c,high,no-held-rows-on-page-in-scope,test specimens were printed under these conditions (infill 100%; raster 90 degrees)
batch-68.csv#50,context,context,R-SUNLU-225ab1bc-a40a-435b-8d20-a2745303674b,3,,,all,Note [2],,,,,,,,,,,,Note,[2] The typical values represent average laboratory data and are provided for reference only. They do not constitute product specifications. Results may vary depending on different printers.,text,not-required,,,reader-r1-68-c,high,no-held-rows-on-page-in-scope,
batch-68.csv#95,context,context,R-SUNLU-433432a8-dfcb-485e-bd8e-a7be94dda4ce,2,,,all,Grade: Excellent、Good、Normal、Bad,,,,,,,,,,,,Chemical,Grade：Excellent、Good、Normal、Bad,text,not-required,,,reader-r1-68-c,high,no-held-rows-on-page-in-scope,scale of the Chemical class column
batch-68.csv#96,context,context,R-SUNLU-433432a8-dfcb-485e-bd8e-a7be94dda4ce,3,,,all,Note [1],,,,,,,printed,,,,,Note,"[1] Test specimens were printed at a printing speed of 45 mm/s and a printing temperature of 255 °C. Infill: 100%, with a 90° raster orientation.",text,not-required,,,reader-r1-68-c,high,no-held-rows-on-page-in-scope,test specimens were printed under these conditions (infill 100%; raster 90 degrees)
batch-68.csv#97,context,context,R-SUNLU-433432a8-dfcb-485e-bd8e-a7be94dda4ce,3,,,all,Note [2],,,,,,,,,,,,Note,[2] The typical values represent average laboratory data and are provided for reference only. They do not constitute product specifications. Results may vary depending on different printers.,text,not-required,,,reader-r1-68-c,high,no-held-rows-on-page-in-scope,
batch-68.csv#142,context,context,R-SUNLU-46dca9d5-d877-4a9d-b416-3ad38450204a,2,,,all,Grade: Excellent、Good、Normal、Bad,,,,,,,,,,,,Chemical,Grade：Excellent、Good、Normal、Bad,text,not-required,,,reader-r1-68-c,high,no-held-rows-on-page-in-scope,scale of the Chemical class column
batch-68.csv#143,context,context,R-SUNLU-46dca9d5-d877-4a9d-b416-3ad38450204a,3,,,all,Note [1],,,,,,,printed,,,,,Note,"[1] Test specimens were printed at a printing speed of 150mm/s and a printing temperature of 260 °C. Infill: 100%, with a 90° raster orientation.",text,not-required,,,reader-r1-68-c,high,no-held-rows-on-page-in-scope,test specimens were printed under these conditions (infill 100%; raster 90 degrees)
batch-68.csv#144,context,context,R-SUNLU-46dca9d5-d877-4a9d-b416-3ad38450204a,3,,,all,Note [2],,,,,,,,,,,,Note,[2] The typical values represent average laboratory data and are provided for reference only. They do not constitute product specifications. Results may vary depending on different printers.,text,not-required,,,reader-r1-68-c,high,no-held-rows-on-page-in-scope,
batch-68.csv#191,context,context,R-SUNLU-48f9a499-b97a-4844-be4b-35ca349b5b64,2,,,all,等级分类,,,,,,,,,,,,Chemical,等级分类：优异、好、一般、差,text,not-required,,,reader-r1-68-c,high,no-held-rows-on-page-in-scope,"scale: 优异 (Excellent), 好 (Good), 一般 (Normal), 差 (Bad)"
batch-68.csv#192,context,context,R-SUNLU-48f9a499-b97a-4844-be4b-35ca349b5b64,3,,,all,注意事项 [1],,,,,,,printed,,,,,注意事项,[1] 测试样条打印速度 45 mm/s，打印温度 270 ℃。填充 100%，走线方式为 90 度。,text,not-required,,,reader-r1-68-c,high,no-held-rows-on-page-in-scope,test specimens were printed under these conditions (infill 100%; raster 90 degrees)
batch-68.csv#193,context,context,R-SUNLU-48f9a499-b97a-4844-be4b-35ca349b5b64,3,,,all,注意事项 [2],,,,,,,,,,,,注意事项,[2] 典型值是指实验室平均数据，仅用于使用时的参考，不作为产品的标准，不同打印机打印有区别。,text,not-required,,,reader-r1-68-c,high,no-held-rows-on-page-in-scope,typical values are laboratory averages and not product specifications
batch-68.csv#240,context,context,R-SUNLU-581a2c53-a377-4a1a-8fa4-f864aa683bd2,2,,,all,Grade: Excellent、Good、Normal、Bad,,,,,,,,,,,,Chemical,Grade：Excellent、Good、Normal、Bad,text,not-required,,,reader-r1-68-c,high,no-held-rows-on-page-in-scope,scale of the Chemical class column
batch-68.csv#241,context,context,R-SUNLU-581a2c53-a377-4a1a-8fa4-f864aa683bd2,3,,,all,Note [1],,,,,,,printed,,,,,Note,"[1] Test specimens were printed at a printing speed of 100-260 mm/s and a printing temperature of 220 °C. Infill: 100%, with a 90° raster orientation.",text,not-required,,,reader-r1-68-c,high,no-held-rows-on-page-in-scope,test specimens were printed under these conditions (infill 100%; raster 90 degrees)
batch-68.csv#242,context,context,R-SUNLU-581a2c53-a377-4a1a-8fa4-f864aa683bd2,3,,,all,Note [2],,,,,,,,,,,,Note,[2] The typical values represent average laboratory data and are provided for reference only. They do not constitute product specifications. Results may vary depending on different printers.,text,not-required,,,reader-r1-68-c,high,no-held-rows-on-page-in-scope,
batch-68.csv#287,context,context,R-SUNLU-689d1925-acad-4de8-9079-c8eee9c3081e,2,,,all,Grade: Excellent、Good、Normal、Bad,,,,,,,,,,,,Chemical,Grade：Excellent、Good、Normal、Bad,text,not-required,,,reader-r1-68-c,high,no-held-rows-on-page-in-scope,scale of the Chemical class column
batch-68.csv#288,context,context,R-SUNLU-689d1925-acad-4de8-9079-c8eee9c3081e,3,,,all,Note [1],,,,,,,printed,,,,,Note,"[1] Test specimens were printed at a printing speed of 160-220 mm/s and a printing temperature of 220 °C. Infill: 100%, with a 90° raster orientation.",text,not-required,,,reader-r1-68-c,high,no-held-rows-on-page-in-scope,test specimens were printed under these conditions (infill 100%; raster 90 degrees)
batch-68.csv#289,context,context,R-SUNLU-689d1925-acad-4de8-9079-c8eee9c3081e,3,,,all,Note [2],,,,,,,,,,,,Note,[2] The typical values represent average laboratory data and are provided for reference only. They do not constitute product specifications. Results may vary depending on different printers.,text,not-required,,,reader-r1-68-c,high,no-held-rows-on-page-in-scope,
batch-68.csv#334,context,context,R-SUNLU-68c0ccf4-9059-4b50-ad40-95ba3634f0ae,2,,,all,Grade: Excellent、Good、Normal、Bad,,,,,,,,,,,,Chemical,Grade：Excellent、Good、Normal、Bad,text,not-required,,,reader-r1-68-c,high,no-held-rows-on-page-in-scope,scale of the Chemical class column
batch-68.csv#335,context,context,R-SUNLU-68c0ccf4-9059-4b50-ad40-95ba3634f0ae,3,,,all,Note [1],,,,,,,printed,,,,,Note,"[1] Test specimens were printed at a printing speed of 50 mm/s and a printing temperature of 280 °C. Infill: 100%, with a 90° raster orientation.",text,not-required,,,reader-r1-68-c,high,no-held-rows-on-page-in-scope,test specimens were printed under these conditions (infill 100%; raster 90 degrees)
batch-68.csv#336,context,context,R-SUNLU-68c0ccf4-9059-4b50-ad40-95ba3634f0ae,3,,,all,Note [2],,,,,,,,,,,,Note,[2] The typical values represent average laboratory data and are provided for reference only. They do not constitute product specifications. Results may vary depending on different printers.,text,not-required,,,reader-r1-68-c,high,no-held-rows-on-page-in-scope,
batch-68.csv#382,context,context,R-SUNLU-6f3c0e89-fa56-46b2-ab3d-601ee6b70cf9,2,,,all,Grade: Excellent、Good、Normal、Bad,,,,,,,,,,,,Chemical,Grade：Excellent、Good、Normal、Bad,text,not-required,,,reader-r1-68-c,high,no-held-rows-on-page-in-scope,scale of the Chemical class column
batch-68.csv#383,context,context,R-SUNLU-6f3c0e89-fa56-46b2-ab3d-601ee6b70cf9,3,,,all,Note [1],,,,,,,printed,,,,,Note,"[1] Test specimens were printed at a printing speed of 45 mm/s and a printing temperature of 240 °C. Infill: 100%, with a 90° raster orientation.",text,not-required,,,reader-r1-68-c,high,no-held-rows-on-page-in-scope,test specimens were printed under these conditions (infill 100%; raster 90 degrees)
batch-68.csv#384,context,context,R-SUNLU-6f3c0e89-fa56-46b2-ab3d-601ee6b70cf9,3,,,all,Note [2],,,,,,,,,,,,Note,[2] The typical values represent average laboratory data and are provided for reference only. They do not constitute product specifications. Results may vary depending on different printers.,text,not-required,,,reader-r1-68-c,high,no-held-rows-on-page-in-scope,
batch-68.csv#432,context,context,R-SUNLU-7d61617c-7540-4ae2-88d3-a0d206e5d801,2,,,all,Grade: Excellent、Good、Normal、Bad,,,,,,,,,,,,Chemical,Grade：Excellent、Good、Normal、Bad,text,not-required,,,reader-r1-68-c,high,no-held-rows-on-page-in-scope,scale of the Chemical class column
batch-68.csv#433,context,context,R-SUNLU-7d61617c-7540-4ae2-88d3-a0d206e5d801,3,,,all,Note [1],,,,,,,printed,,,,,Note,"[1] Test specimens were printed at a printing speed of 45 mm/s and a printing temperature of 270 °C. Infill: 100%, with a 90° raster orientation.",text,not-required,,,reader-r1-68-c,high,no-held-rows-on-page-in-scope,test specimens were printed under these conditions (infill 100%; raster 90 degrees)
batch-68.csv#434,context,context,R-SUNLU-7d61617c-7540-4ae2-88d3-a0d206e5d801,3,,,all,Note [2],,,,,,,,,,,,Note,[2] The typical values represent average laboratory data and are provided for reference only. They do not constitute product specifications. Results may vary depending on different printers.,text,not-required,,,reader-r1-68-c,high,no-held-rows-on-page-in-scope,
batch-68.csv#481,context,context,R-SUNLU-81b1d361-0bd9-4783-ba0f-283a311c6870,2,,,all,Grade: Excellent、Good、Normal、Bad,,,,,,,,,,,,Chemical,Grade：Excellent、Good、Normal、Bad,text,not-required,,,reader-r1-68-c,high,no-held-rows-on-page-in-scope,scale of the Chemical class column
batch-68.csv#482,context,context,R-SUNLU-81b1d361-0bd9-4783-ba0f-283a311c6870,3,,,all,Note [1],,,,,,,printed,,,,,Note,"[1] Test specimens were printed at a printing speed of 100-260 mm/s and a printing temperature of 220°C. Infill: 100%, with a 90° raster orientation.",text,not-required,,,reader-r1-68-c,high,no-held-rows-on-page-in-scope,test specimens were printed under these conditions (infill 100%; raster 90 degrees)
batch-68.csv#483,context,context,R-SUNLU-81b1d361-0bd9-4783-ba0f-283a311c6870,3,,,all,Note [2],,,,,,,,,,,,Note,[2] The typical values represent average laboratory data and are provided for reference only. They do not constitute product specifications. Results may vary depending on different printers.,text,not-required,,,reader-r1-68-c,high,no-held-rows-on-page-in-scope,
batch-68.csv#529,context,context,R-SUNLU-93d827f4-50e9-45b4-8b24-bf5ddaf8273f,2,,,all,Grade: Excellent、Good、Normal、Bad,,,,,,,,,,,,Chemical,Grade：Excellent、Good、Normal、Bad,text,not-required,,,reader-r1-68-c,high,no-held-rows-on-page-in-scope,scale of the Chemical class column
batch-68.csv#530,context,context,R-SUNLU-93d827f4-50e9-45b4-8b24-bf5ddaf8273f,3,,,all,Note [1],,,,,,,printed,,,,,Note,"[1] Test specimens were printed at a printing speed of 45 mm/s and a printing temperature of 290 °C. Infill: 100%, with a 90° raster orientation.",text,not-required,,,reader-r1-68-c,high,no-held-rows-on-page-in-scope,test specimens were printed under these conditions (infill 100%; raster 90 degrees)
batch-68.csv#531,context,context,R-SUNLU-93d827f4-50e9-45b4-8b24-bf5ddaf8273f,3,,,all,Note [2],,,,,,,,,,,,Note,[2] The typical values represent average laboratory data and are provided for reference only. They do not constitute product specifications. Results may vary depending on different printers.,text,not-required,,,reader-r1-68-c,high,no-held-rows-on-page-in-scope,
batch-69.csv#46,context,context,R-SUNLU-9ecc53a5-f50a-4687-97fc-fab43b1db35b,3,G014-03,WOOD,all,Note [1],,,,,,,printed,,,,speed=160-220mm/s; temp=220 °C; infill=100%; raster=90°,Note,"[1] Test specimens were printed at a printing speed of 160-220mm/s and a printing temperature of 220 °C. Infill: 100%, with a 90° raster orientation.",text,not-required,,,reader-r1-69-c,high,no-held-rows-on-page-in-scope,
batch-69.csv#47,context,context,R-SUNLU-9ecc53a5-f50a-4687-97fc-fab43b1db35b,3,G014-03,WOOD,all,Note [2],,,,,,,,,,,,Note,[2] The typical values represent average laboratory data and are provided for reference only. They do not constitute product specifications. Results may vary depending on different printers.,text,not-required,,,reader-r1-69-c,high,no-held-rows-on-page-in-scope,
batch-69.csv#95,context,context,R-SUNLU-a47cd225-7892-4788-9c73-bd27bfd791f5,3,G001-40,PLA Matte Dual-Color,all,Note [1],,,,,,,printed,,,,speed=160-270 mm/s; temp=220°C; infill=100%; raster=90°,Note,"[1] Test specimens were printed at a printing speed of 160-270 mm/s and a printing temperature of 220°C. Infill: 100%, with a 90° raster orientation.",text,not-required,,,reader-r1-69-c,high,no-held-rows-on-page-in-scope,
batch-69.csv#96,context,context,R-SUNLU-a47cd225-7892-4788-9c73-bd27bfd791f5,3,G001-40,PLA Matte Dual-Color,all,Note [2],,,,,,,,,,,,Note,[2] The typical values represent average laboratory data and are provided for reference only. They do not constitute product specifications. Results may vary depending on different printers.,text,not-required,,,reader-r1-69-c,high,no-held-rows-on-page-in-scope,
batch-69.csv#144,context,context,R-SUNLU-ABS-FR-TDS-0,3,G027-14,ABS FR,all,Note [1],,,,,,,printed,,,,speed=45 mm/s; temp=240 ℃; infill=100%; raster=90 degrees,Note,"[1] Test the spline printing speed 45 mm/s,print temperature 240 ℃,Fill 100%,the cabling mode is 90 degrees",text,not-required,,,reader-r1-69-c,high,no-held-rows-on-page-in-scope,
batch-69.csv#145,context,context,R-SUNLU-ABS-FR-TDS-0,3,G027-14,ABS FR,all,Note [2],,,,,,,,,,,,Note,"[2] Typical value refers to the laboratory average data, only for use as a reference, not as the standard of the product, different printers have different printing.",text,not-required,,,reader-r1-69-c,high,no-held-rows-on-page-in-scope,
batch-69.csv#194,context,context,R-SUNLU-bbd3e778-b424-49b7-b203-058327f2f6fc,3,G001-41,PLA Rainbow,all,Note [1],,,,,,,printed,,,,speed=100-260 mm/s; temp=220 °C; infill=100%; raster=90°,Note,"[1] Test specimens were printed at a printing speed of 100-260 mm/s and a printing temperature of 220 °C. Infill: 100%, with a 90° raster orientation.",text,not-required,,,reader-r1-69-c,high,no-held-rows-on-page-in-scope,
batch-69.csv#195,context,context,R-SUNLU-bbd3e778-b424-49b7-b203-058327f2f6fc,3,G001-41,PLA Rainbow,all,Note [2],,,,,,,,,,,,Note,[2] The typical values represent average laboratory data and are provided for reference only. They do not constitute product specifications. Results may vary depending on different printers.,text,not-required,,,reader-r1-69-c,high,no-held-rows-on-page-in-scope,
batch-69.csv#241,context,context,R-SUNLU-bbf6d99b-179f-4eee-a7d6-505d125658cd,3,G001-36,PLA Lite,all,Note [1],,,,,,,printed,,,,speed=160-220 mm/s; temp=220 °C; infill=100%; raster=90°,Note,"[1] Test specimens were printed at a printing speed of 160-220 mm/s and a printing temperature of 220 °C. Infill: 100%, with a 90° raster orientation.",text,not-required,,,reader-r1-69-c,high,no-held-rows-on-page-in-scope,
batch-69.csv#242,context,context,R-SUNLU-bbf6d99b-179f-4eee-a7d6-505d125658cd,3,G001-36,PLA Lite,all,Note [2],,,,,,,,,,,,Note,[2] The typical values represent average laboratory data and are provided for reference only. They do not constitute product specifications. Results may vary depending on different printers.,text,not-required,,,reader-r1-69-c,high,no-held-rows-on-page-in-scope,
batch-69.csv#289,context,context,R-SUNLU-c7dd1bd8-a2c5-4908-bc1c-479ca23cbd3b,3,G039-18,TPU 90A,all,Note [1],,,,,,,printed,,,,speed=1=40 mm/s; temp=230 °C; infill=100%; raster=90°,Note,"[1] Test specimens were printed at a printing speed of 1=40 mm/s and a printing temperature of 230 °C. Infill: 100%, with a 90° raster orientation.",text,not-required,,,reader-r1-69-c,medium,no-held-rows-on-page-in-scope,speed printed as 1=40 mm/s (apparent typo for ≤40); copied as printed
batch-69.csv#290,context,context,R-SUNLU-c7dd1bd8-a2c5-4908-bc1c-479ca23cbd3b,3,G039-18,TPU 90A,all,Note [2],,,,,,,,,,,,Note,[2] The typical values represent average laboratory data and are provided for reference only. They do not constitute product specifications. Results may vary depending on different printers.,text,not-required,,,reader-r1-69-c,high,no-held-rows-on-page-in-scope,
batch-69.csv#336,context,context,R-SUNLU-cc96ba09-b739-4afb-851f-bcdd5f02dc2b,3,G015-02,PLA Galaxy,all,Note [1],,,,,,,printed,,,,speed=160-260 mm/s; temp=220 °C; infill=100%; raster=90°,Note,"[1] Test specimens were printed at a printing speed of 160-260 mm/s and a printing temperature of 220 °C. Infill: 100%, with a 90° raster orientation.",text,not-required,,,reader-r1-69-c,high,no-held-rows-on-page-in-scope,
batch-69.csv#337,context,context,R-SUNLU-cc96ba09-b739-4afb-851f-bcdd5f02dc2b,3,G015-02,PLA Galaxy,all,Note [2],,,,,,,,,,,,Note,[2] The typical values represent average laboratory data and are provided for reference only. They do not constitute product specifications. Results may vary depending on different printers.,text,not-required,,,reader-r1-69-c,high,no-held-rows-on-page-in-scope,
batch-69.csv#383,context,context,R-SUNLU-ccf53a55-5b58-49fa-b1d9-08f94c0a4b28,3,G020-20,High Speed Matte PETG,all,Note [1],,,,,,,printed,,,,speed=160 mm/s; temp=255 °C; infill=100%; raster=90°,Note,"[1] Test specimens were printed at a printing speed of 160 mm/s and a printing temperature of 255 °C. Infill: 100%, with a 90° raster orientation.",text,not-required,,,reader-r1-69-c,high,no-held-rows-on-page-in-scope,
batch-69.csv#384,context,context,R-SUNLU-ccf53a55-5b58-49fa-b1d9-08f94c0a4b28,3,G020-20,High Speed Matte PETG,all,Note [2],,,,,,,,,,,,Note,[2] The typical values represent average laboratory data and are provided for reference only. They do not constitute product specifications. Results may vary depending on different printers.,text,not-required,,,reader-r1-69-c,high,no-held-rows-on-page-in-scope,
batch-69.csv#451,context,context,R-SUNLU-d7bcafe0-f102-4dcb-a87a-59f458f0358d,3,G094-04,PC/ABS,all,Note [1],,,,,,,printed,,,,speed=200-250 mm/s; temp=260 °C; infill=100%; raster=90°,Note,"[1] Test specimens were printed at a printing speed of 200-250 mm/s and a printing temperature of 260 °C. Infill: 100%, with a 90° raster orientation.",text,not-required,,,reader-r1-69-c,high,no-held-rows-on-page-in-scope,
batch-69.csv#452,context,context,R-SUNLU-d7bcafe0-f102-4dcb-a87a-59f458f0358d,3,G094-04,PC/ABS,all,Note [2],,,,,,,,,,,,Note,[2] The typical values represent average laboratory data and are provided for reference only. They do not constitute product specifications. Results may vary depending on different printers.,text,not-required,,,reader-r1-69-c,high,no-held-rows-on-page-in-scope,
batch-69.csv#499,context,context,R-SUNLU-e5f16b43-cef6-4f3e-ad93-3cc86f93f7e4,3,G051-06,PA6-GF,all,Note [1],,,,,,,printed,,,,speed=60mm/s; temp=265 °C; infill=100%; raster=90°,Note,"[1] Test specimens were printed at a printing speed of 60mm/s and a printing temperature of 265 °C. Infill: 100%, with a 90° raster orientation.",text,not-required,,,reader-r1-69-c,high,no-held-rows-on-page-in-scope,
batch-69.csv#500,context,context,R-SUNLU-e5f16b43-cef6-4f3e-ad93-3cc86f93f7e4,3,G051-06,PA6-GF,all,Note [2],,,,,,,,,,,,Note,[2] The typical values represent average laboratory data and are provided for reference only. They do not constitute product specifications. Results may vary depending on different printers.,text,not-required,,,reader-r1-69-c,high,no-held-rows-on-page-in-scope,
batch-69.csv#548,context,context,R-SUNLU-e8b9c06a-4b93-46cb-9532-d9deb185a7c8,3,G039-19,TPU 95A,all,Note [1],,,,,,,printed,,,,speed=45mm/s; temp=230 °C; infill=100%; raster=90°,Note,"[1] Test specimens were printed at a printing speed of 45mm/s and a printing temperature of 230 °C. Infill: 100%, with a 90° raster orientation.",text,not-required,,,reader-r1-69-c,high,no-held-rows-on-page-in-scope,
batch-69.csv#549,context,context,R-SUNLU-e8b9c06a-4b93-46cb-9532-d9deb185a7c8,3,G039-19,TPU 95A,all,Note [2],,,,,,,,,,,,Note,[2] The typical values represent average laboratory data and are provided for reference only. They do not constitute product specifications. Results may vary depending on different printers.,text,not-required,,,reader-r1-69-c,high,no-held-rows-on-page-in-scope,
batch-70.csv#48,context,context,R-SUNLU-ef443c43-b15b-4242-8884-dcce385e8f02,3,G027-12,High Speed ABS,all,Note [1],,,,,,,printed,,,,speed=100-200mm/s; temp=270 °C; infill=100%; raster=90°,Note,"[1] Test specimens were printed at a printing speed of 100-200mm/s and a printing temperature of 270 °C. Infill: 100%, with a 90° raster orientation.",text,not-required,,,reader-r1-70-c,high,no-held-rows-on-page-in-scope,
batch-70.csv#49,context,context,R-SUNLU-ef443c43-b15b-4242-8884-dcce385e8f02,3,G027-12,High Speed ABS,all,Note [2],,,,,,,,,,,,Note,[2] The typical values represent average laboratory data and are provided for reference only. They do not constitute product specifications. Results may vary depending on different printers.,text,not-required,,,reader-r1-70-c,high,no-held-rows-on-page-in-scope,
batch-70.csv#99,context,context,R-SUNLU-High-Speed-ABS-TDS,3,G027-12,High Speed ABS,all,Note [1],,,,,,,printed,,,,speed=45 mm/s; temp=260 ℃; infill=100%; raster=90 degrees,Note,"[1] Test the spline printing speed 45 mm/s,print temperature 260 ℃,Fill 100%,the cabling mode is 90 degrees",text,not-required,,,reader-r1-70-c,high,no-held-rows-on-page-in-scope,
batch-70.csv#100,context,context,R-SUNLU-High-Speed-ABS-TDS,3,G027-12,High Speed ABS,all,Note [2],,,,,,,,,,,,Note,"[2] Typical value refers to the laboratory average data, only for use as a reference, not as the standard of the product, different printers have different printing.",text,not-required,,,reader-r1-70-c,high,no-held-rows-on-page-in-scope,
batch-70.csv#151,context,context,R-SUNLU-High-Speed-Matte-PETG-TDS,3,G020-20,High Speed Matte PETG,all,Note [1],,,,,,,printed,,,,speed=45 mm/s; temp=240 ℃; infill=100%; raster=90 degrees,Note,"[1] Test the spline printing speed 45 mm/s,print temperature 240 ℃,Fill 100%,the cabling mode is 90 degrees",text,not-required,,,reader-r1-70-c,high,no-held-rows-on-page-in-scope,
batch-70.csv#152,context,context,R-SUNLU-High-Speed-Matte-PETG-TDS,3,G020-20,High Speed Matte PETG,all,Note [2],,,,,,,,,,,,Note,"[2] Typical value refers to the laboratory average data, only for use as a reference, not as the standard of the product, different printers have different printing.",text,not-required,,,reader-r1-70-c,high,no-held-rows-on-page-in-scope,
batch-70.csv#200,context,context,R-SUNLU-PA12-CF-TDS,3,G053-05,PA12-CF,all,Note [1],,,,,,,printed,,,,speed=45 mm/s; temp=270 ℃; infill=100%; raster=90 degrees,Note,"[1] Test the spline printing speed 45 mm/s,print temperature 270 ℃,Fill 100%,the cabling mode is 90 degrees",text,not-required,,,reader-r1-70-c,high,no-held-rows-on-page-in-scope,
batch-70.csv#201,context,context,R-SUNLU-PA12-CF-TDS,3,G053-05,PA12-CF,all,Note [2],,,,,,,,,,,,Note,"[2] Typical value refers to the laboratory average data, only for use as a reference, not as the standard of the product, different printers have different printing.",text,not-required,,,reader-r1-70-c,high,no-held-rows-on-page-in-scope,
batch-70.csv#249,context,context,R-SUNLU-PA6-CF-TDS,3,G050-06,PA6-CF,all,Note [1],,,,,,,printed,,,,speed=45 mm/s; temp=270 ℃; infill=100%; raster=90 degrees,Note,"[1] Test the spline printing speed 45 mm/s,print temperature 270 ℃,Fill 100%,the cabling mode is 90 degrees",text,not-required,,,reader-r1-70-c,high,no-held-rows-on-page-in-scope,
batch-70.csv#250,context,context,R-SUNLU-PA6-CF-TDS,3,G050-06,PA6-CF,all,Note [2],,,,,,,,,,,,Note,"[2] Typical value refers to the laboratory average data, only for use as a reference, not as the standard of the product, different printers have different printing.",text,not-required,,,reader-r1-70-c,high,no-held-rows-on-page-in-scope,
batch-70.csv#297,context,context,R-SUNLU-PA6-GF-TDS,3,G051-06,PA6-GF,all,Note [1],,,,,,,printed,,,,speed=60 mm/s; temp=280 ℃; infill=100%; raster=90 degrees,Note,"[1] Test the spline printing speed 60 mm/s,print temperature 280 ℃,Fill 100%,the cabling mode is 90 degrees",text,not-required,,,reader-r1-70-c,high,no-held-rows-on-page-in-scope,
batch-70.csv#298,context,context,R-SUNLU-PA6-GF-TDS,3,G051-06,PA6-GF,all,Note [2],,,,,,,,,,,,Note,"[2] Typical value refers to the laboratory average data, only for use as a reference, not as the standard of the product, different printers have different printing.",text,not-required,,,reader-r1-70-c,high,no-held-rows-on-page-in-scope,
batch-70.csv#346,context,context,R-SUNLU-PC-ABS-TDS,3,G094-04,PC-ABS,all,Note [1],,,,,,,printed,,,,speed=45 mm/s; temp=260 ℃; infill=100%; raster=90 degrees,Note,"[1] Test the spline printing speed 45 mm/s,print temperature 260 ℃,Fill 100%,the cabling mode is 90 degrees",text,not-required,,,reader-r1-70-c,high,no-held-rows-on-page-in-scope,
batch-70.csv#347,context,context,R-SUNLU-PC-ABS-TDS,3,G094-04,PC-ABS,all,Note [2],,,,,,,,,,,,Note,"[2] Typical value refers to the laboratory average data, only for use as a reference, not as the standard of the product, different printers have different printing.",text,not-required,,,reader-r1-70-c,high,no-held-rows-on-page-in-scope,
batch-70.csv#394,context,context,R-SUNLU-PC-TDS,3,G035-12,PC,all,Note [1],,,,,,,printed,,,,speed=45 mm/s; temp=260 ℃; infill=100%; raster=90 degrees,Note,"[1] Test the spline printing speed 45 mm/s,print temperature 260 ℃,Fill 100%,the cabling mode is 90 degrees",text,not-required,,,reader-r1-70-c,high,no-held-rows-on-page-in-scope,
batch-70.csv#395,context,context,R-SUNLU-PC-TDS,3,G035-12,PC,all,Note [2],,,,,,,,,,,,Note,"[2] Typical value refers to the laboratory average data, only for use as a reference, not as the standard of the product, different printers have different printing.",text,not-required,,,reader-r1-70-c,high,no-held-rows-on-page-in-scope,
batch-70.csv#446,context,context,R-SUNLU-PLA-Classic-TDS,3,G001-111,PLA Classic,all,Note [1],,,,,,,printed,,,,speed=45 mm/s; temp=210 ℃; infill=100%; raster=90 degrees,Note,"[1] Test the spline printing speed 45 mm/s,print temperature 210 ℃,Fill 100%,the cabling mode is 90 degrees",text,not-required,,,reader-r1-70-c,high,no-held-rows-on-page-in-scope,
batch-70.csv#447,context,context,R-SUNLU-PLA-Classic-TDS,3,G001-111,PLA Classic,all,Note [2],,,,,,,,,,,,Note,"[2] Typical value refers to the laboratory average data, only for use as a reference, not as the standard of the product, different printers have different printing.",text,not-required,,,reader-r1-70-c,high,no-held-rows-on-page-in-scope,
batch-70.csv#493,context,context,R-SUNLU-PLA-Galaxy-TDS,3,G015-02,PLA Galaxy,all,Note [1],,,,,,,printed,,,,speed=45 mm/s; temp=220 ℃; infill=100%; raster=90 degrees,Note,"[1] Test the spline printing speed 45 mm/s,print temperature 220 ℃,Fill 100%,the cabling mode is 90 degrees",text,not-required,,,reader-r1-70-c,high,no-held-rows-on-page-in-scope,
batch-70.csv#494,context,context,R-SUNLU-PLA-Galaxy-TDS,3,G015-02,PLA Galaxy,all,Note [2],,,,,,,,,,,,Note,"[2] Typical value refers to the laboratory average data, only for use as a reference, not as the standard of the product, different printers have different printing.",text,not-required,,,reader-r1-70-c,high,no-held-rows-on-page-in-scope,
batch-70.csv#525,context,context,R-SUNLU-PLA-Glow-in-the-Dark,1,G016-04,PLA Glow In The Dark,all,Note [1],,,,,,,,,,,,Notes,[1] The properties of the colouring compounds may differ from the above values.,text,not-required,,,reader-r1-70-c,high,,
batch-70.csv#526,context,context,R-SUNLU-PLA-Glow-in-the-Dark,1,G016-04,PLA Glow In The Dark,all,Note [2],,,,,,,,,,,,Notes,[2] Typical values are laboratory average data and are provided for reference only. They are not to be considered as product standards.,text,not-required,,,reader-r1-70-c,high,,
batch-71.csv#49,context,context,R-SUNLU-PVB-TDS,3,G093-03,PVB,all,Note [1],,,,,,,printed,,,,,Note,"[1] Test the spline printing speed 45 mm/s,print temperature 210 ℃,Fill 100%,the cabling mode",text,not-required,,,reader-r1-71-c,high,no-held-rows-on-page-in-scope,"specimen printing conditions: speed 45 mm/s, 210 ℃, fill 100%, 90 degrees cabling"
batch-71.csv#50,context,context,R-SUNLU-PVB-TDS,3,G093-03,PVB,all,Note [2],,,,,,,,,,,,Note,"[2] Typical value refers to the laboratory average data, only for use as a reference, not as the standard",text,not-required,,,reader-r1-71-c,high,no-held-rows-on-page-in-scope,
batch-71.csv#83,context,context,R-SUNLU-SUNLU-TPU-95A-Gray,1,,TPU,all,Footnote [1],,,,,,,,,,,,Chemical Resistant,[1] The properties of the colouring compounds may differ from the above values.,text,not-required,,,reader-r1-71-c,high,,
batch-71.csv#84,context,context,R-SUNLU-SUNLU-TPU-95A-Gray,1,,TPU,all,Footnote [2],,,,,,,,,,,,Chemical Resistant,[2] Typical values are laboratory average data and are provided for reference only. They are not to be,text,not-required,,,reader-r1-71-c,high,,
batch-71.csv#150,context,context,R-SUNLU-TDS-High-speed-PLA-marble,3,G012-02,PLA High Speed PLA Marble,all,注意事项 [1],,,,,,,printed,,,,,注意事项,[1] 测试样条打印速度 45 mm/s，打印温度 210 ℃。填充 100%，走线方式为 90 度。,text,not-required,,,reader-r1-71-c,high,no-held-rows-on-page-in-scope,"test bars printed at 45 mm/s, 210 ℃, 100% fill, 90 degree raster; held page_context PC00283-5 cover tensile, flexural, impact"
batch-71.csv#151,context,context,R-SUNLU-TDS-High-speed-PLA-marble,3,,PLA High Speed PLA Marble,all,注意事项 [2],,,,,,,,,,,,注意事项,[2] 典型值是指实验室平均数据，仅用于使用时的参考，不作为产品的标准，不同打印机打印有区别。,text,not-required,,,reader-r1-71-c,high,no-held-rows-on-page-in-scope,
batch-71.csv#287,context,context,R-ULTIMAKER-MakerBot-Nylon-092020,2,G164-05,MAKERBOT SPECIALTY NYLON,all,Footnote,,,,,,,,,,,,TECH SPECS,Specifications based on data provided by the material supplier. Actual printed part specs may vary based on part geometry and print parameters selected.,text,not-required,,,reader-r1-71-c,high,,"supplier data, not printed-part data"
batch-71.csv#309,context,context,R-ULTIMAKER-MAKERBOT-MakerBot-Precision-ASA-3-092020,2,G031-21,MAKERBOT PRECISION ASA,all,Footnote,,,,,,,,,,,,TECH SPECS,Specifications based on data provided by the material supplier. Actual printed part specs may vary based on part geometry and print parameters selected.,text,not-required,,,reader-r1-71-c,high,,"supplier data, not printed-part data"
batch-71.csv#313,context,context,R-ULTIMAKER-MAKERBOT-Tough-One-Sheet,2,G027-21,MAKERBOT TOUGH FILAMENT,all,Footnote,,,,,,,injection moulded,,,,,TECH SPECS - PROFORMANCE PROPERTIES,*Notched/Unnotched IZOD Hinged data is measured in ft lb/in. All tests were performed following ASTM standard protocol with injection molded specimens from the same resin used to create MakerBot filaments.,text,not-required,,V014396(specimen),reader-r1-71-c,high,,specimens injection molded from the same resin used to make the filament
batch-71.csv#314,context-held,context,R-ULTIMAKER-MAKERBOT-Tough-One-Sheet,2,G027-21,MAKERBOT TOUGH FILAMENT,tensile,Footnote,,,,,,,,,,ASTM D628,,TECH SPECS - PROFORMANCE PROPERTIES,The Tensile Strength test was performed according to standard ASTM D628 protocol;,text,not-required,PC00397,,reader-r1-71-c,high,,ASTM D628 as printed (D638 is the usual tensile standard)
batch-71.csv#315,context-held,context,R-ULTIMAKER-MAKERBOT-Tough-One-Sheet,2,G027-21,MAKERBOT TOUGH FILAMENT,flexural,Footnote,,,,,,,,,,ASTM D790,,TECH SPECS - PROFORMANCE PROPERTIES,The Flexural strength test was performed according to standard ASTM D790 protocol;,text,not-required,PC00444,,reader-r1-71-c,high,,
batch-71.csv#316,context-held,context,R-ULTIMAKER-MAKERBOT-Tough-One-Sheet,2,G027-21,MAKERBOT TOUGH FILAMENT,impact,Footnote,,,,,,,,,,ASTM D256,,TECH SPECS - PROFORMANCE PROPERTIES,The impact IZOD Strength test was performed according to standard ASTM D256 protocol.,text,not-required,PC00445,,reader-r1-71-c,high,,
batch-cx.csv#22,context,context,S-SPECTRUM-EN-TDS-Spectrum-HDPE,1,G085-01,HDPE,all,Footnote,* depending on the geometrical complexity,,,,,,,,,,,GUIDELINE FOR PRINT SETTINGS*,* depending on the geometrical complexity,text,not-required,,,reader-r1-cx,high,,
batch-cx.csv#44,context,context,S-SPECTRUM-en-tds-spectrum-hdpe,1,G085-01,HDPE,all,Footnote,* depending on the geometrical complexity,,,,,,,,,,,GUIDELINE FOR PRINT SETTINGS*,* depending on the geometrical complexity,text,not-required,,,reader-r1-cx,high,,
batch-cx.csv#59,context,context,S-SPECTRUM-EN-TDS-Spectrum-PA12-CF15,1,G053-03,PA12 CF15,all,Footnote,* settings are based on a 0.4mm nozzle,,,,,,,,,,,GUIDELINE FOR PRINT SETTINGS*,* settings are based on a 0.4mm nozzle,text,not-required,,,reader-r1-cx,high,,
batch-cx.csv#72,context,context,S-SPECTRUM-EN-TDS-Spectrum-PA12-CF15,1,G053-03,PA12 CF15,all,Footnote **,** depending on the geometrical complexity,,,,,,,,,,,GUIDELINE FOR PRINT SETTINGS*,** depending on the geometrical complexity,text,not-required,,,reader-r1-cx,high,,
batch-cx.csv#87,context,context,S-SPECTRUM-en-tds-spectrum-pa12-cf15,1,G053-03,PA12 CF15,all,Footnote,* settings are based on a 0.4mm nozzle,,,,,,,,,,,GUIDELINE FOR PRINT SETTINGS*,* settings are based on a 0.4mm nozzle,text,not-required,,,reader-r1-cx,high,,
batch-cx.csv#100,context,context,S-SPECTRUM-en-tds-spectrum-pa12-cf15,1,G053-03,PA12 CF15,all,Footnote **,** depending on the geometrical complexity,,,,,,,,,,,GUIDELINE FOR PRINT SETTINGS*,** depending on the geometrical complexity,text,not-required,,,reader-r1-cx,high,,
batch-cx.csv#123,context,context,S-SPECTRUM-EN-TDS-Spectrum-PEBA,1,G045-02,PEBA,all,Footnote,* depending on the geometrical complexity,,,,,,,,,,,GUIDELINE FOR PRINT SETTINGS*,* depending on the geometrical complexity,text,not-required,,,reader-r1-cx,high,,
batch-cx.csv#124,context,context,S-SPECTRUM-EN-TDS-Spectrum-PEBA,1,G045-02,PEBA,tensile,Mechanical rows,"23°C, injection moulding",,,,,,injection moulded,,,,temp=23 °C,MATERIAL PROPERTIES / Mechanical,"Tensile modulus, 23°C, injection moulding",text,not-required,,,reader-r1-cx,high,,"conditions stated in each mechanical row label, not as a heading"
batch-cx.csv#147,context,context,S-SPECTRUM-en-tds-spectrum-peba,1,G045-02,PEBA,all,Footnote,* depending on the geometrical complexity,,,,,,,,,,,GUIDELINE FOR PRINT SETTINGS*,* depending on the geometrical complexity,text,not-required,,,reader-r1-cx,high,,
batch-cx.csv#148,context,context,S-SPECTRUM-en-tds-spectrum-peba,1,G045-02,PEBA,tensile,Mechanical rows,"23°C, injection moulding",,,,,,injection moulded,,,,temp=23 °C,MATERIAL PROPERTIES / Mechanical,"Tensile modulus, 23°C, injection moulding",text,not-required,,,reader-r1-cx,high,,"conditions stated in each mechanical row label, not as a heading"
batch-cx.csv#174,context,context,S-SPECTRUM-EN-TDS-Spectrum-PETG-ESD,1,G026-03,PETG ESD,all,Footnote,* depending on the geometrical complexity,,,,,,,,,,,GUIDELINE FOR PRINT SETTINGS*,* depending on the geometrical complexity,text,not-required,,,reader-r1-cx,high,,
batch-cx.csv#200,context,context,S-SPECTRUM-en-tds-spectrum-petg-esd,1,G026-03,PETG ESD,all,Footnote,* depending on the geometrical complexity,,,,,,,,,,,GUIDELINE FOR PRINT SETTINGS*,* depending on the geometrical complexity,text,not-required,,,reader-r1-cx,high,,
batch-cx.csv#226,context,context,S-SPECTRUM-EN-TDS-Spectrum-PLA-ESD,1,G107-01,PLA ESD,all,Footnote,* depending on the geometrical complexity,,,,,,,,,,,GUIDELINE FOR PRINT SETTINGS*,* depending on the geometrical complexity,text,not-required,,,reader-r1-cx,high,,
batch-cx.csv#252,context,context,S-SPECTRUM-en-tds-spectrum-pla-esd,1,G107-01,PLA ESD,all,Footnote,* depending on the geometrical complexity,,,,,,,,,,,GUIDELINE FOR PRINT SETTINGS*,* depending on the geometrical complexity,text,not-required,,,reader-r1-cx,high,,
batch-cx.csv#262,context,context,S-SPECTRUM-EN-TDS-Spectrum-PLA-Metal-Brass,1,G011-03,PLA Metal Brass,all,Footnote,"* settings are based on a 0,4 mm nozzle.",,,,,,,,,,,GUIDELINE FOR PRINT SETTINGS*,"* settings are based on a 0,4 mm nozzle.",text,not-required,,,reader-r1-cx,high,,
batch-cx.csv#274,context,context,S-SPECTRUM-EN-TDS-Spectrum-PLA-Metal-Brass,1,G011-03,PLA Metal Brass,all,Tip,"Due to the high metal powder content in the PLA Metal series filaments, it is recommended to use nozzles larger than the standard 0.4mm. The high metal content may cause accelerated wear of standard brass nozzles; therefore, it is advisable to use hardened steel or ruby nozzles.",,,,,,,,,,,GUIDELINE FOR PRINT SETTINGS*,"Tip: Due to the high metal powder content in the PLA Metal series filaments, it is recommended to use nozzles larger than the standard 0.4mm. The high metal content may cause accelerated wear of standard brass nozzles; therefore, it is advisable to use hardened steel or ruby nozzles.",text,not-required,,,reader-r1-cx,high,,
batch-cx.csv#284,context,context,S-SPECTRUM-en-tds-spectrum-pla-metal-brass,1,G011-03,PLA Metal Brass,all,Footnote,"* settings are based on a 0,4 mm nozzle.",,,,,,,,,,,GUIDELINE FOR PRINT SETTINGS*,"* settings are based on a 0,4 mm nozzle.",text,not-required,,,reader-r1-cx,high,,
batch-cx.csv#296,context,context,S-SPECTRUM-en-tds-spectrum-pla-metal-brass,1,G011-03,PLA Metal Brass,all,Tip,"Due to the high metal powder content in the PLA Metal series filaments, it is recommended to use nozzles larger than the standard 0.4mm. The high metal content may cause accelerated wear of standard brass nozzles; therefore, it is advisable to use hardened steel or ruby nozzles.",,,,,,,,,,,GUIDELINE FOR PRINT SETTINGS*,"Tip: Due to the high metal powder content in the PLA Metal series filaments, it is recommended to use nozzles larger than the standard 0.4mm. The high metal content may cause accelerated wear of standard brass nozzles; therefore, it is advisable to use hardened steel or ruby nozzles.",text,not-required,,,reader-r1-cx,high,,
batch-cx.csv#306,context,context,S-SPECTRUM-EN-TDS-Spectrum-PLA-Metal-Bronze,1,G011-04,PLA Metal Bronze,all,Footnote,"* settings are based on a 0,4 mm nozzle.",,,,,,,,,,,GUIDELINE FOR PRINT SETTINGS*,"* settings are based on a 0,4 mm nozzle.",text,not-required,,,reader-r1-cx,high,,
batch-cx.csv#318,context,context,S-SPECTRUM-EN-TDS-Spectrum-PLA-Metal-Bronze,1,G011-04,PLA Metal Bronze,all,Tip,"Due to the high metal powder content in the PLA Metal series filaments, it is recommended to use nozzles larger than the standard 0.4mm. The high metal content may cause accelerated wear of standard brass nozzles; therefore, it is advisable to use hardened steel or ruby nozzles.",,,,,,,,,,,GUIDELINE FOR PRINT SETTINGS*,"Tip: Due to the high metal powder content in the PLA Metal series filaments, it is recommended to use nozzles larger than the standard 0.4mm. The high metal content may cause accelerated wear of standard brass nozzles; therefore, it is advisable to use hardened steel or ruby nozzles.",text,not-required,,,reader-r1-cx,high,,
batch-cx.csv#328,context,context,S-SPECTRUM-en-tds-spectrum-pla-metal-bronze,1,G011-04,PLA Metal Bronze,all,Footnote,"* settings are based on a 0,4 mm nozzle.",,,,,,,,,,,GUIDELINE FOR PRINT SETTINGS*,"* settings are based on a 0,4 mm nozzle.",text,not-required,,,reader-r1-cx,high,,
batch-cx.csv#340,context,context,S-SPECTRUM-en-tds-spectrum-pla-metal-bronze,1,G011-04,PLA Metal Bronze,all,Tip,"Due to the high metal powder content in the PLA Metal series filaments, it is recommended to use nozzles larger than the standard 0.4mm. The high metal content may cause accelerated wear of standard brass nozzles; therefore, it is advisable to use hardened steel or ruby nozzles.",,,,,,,,,,,GUIDELINE FOR PRINT SETTINGS*,"Tip: Due to the high metal powder content in the PLA Metal series filaments, it is recommended to use nozzles larger than the standard 0.4mm. The high metal content may cause accelerated wear of standard brass nozzles; therefore, it is advisable to use hardened steel or ruby nozzles.",text,not-required,,,reader-r1-cx,high,,
batch-cx.csv#350,context,context,S-SPECTRUM-EN-TDS-Spectrum-PLA-Metal-Copper,1,G011-02,PLA Metal Copper,all,Footnote,"* settings are based on a 0,4 mm nozzle.",,,,,,,,,,,GUIDELINE FOR PRINT SETTINGS*,"* settings are based on a 0,4 mm nozzle.",text,not-required,,,reader-r1-cx,high,,
batch-cx.csv#362,context,context,S-SPECTRUM-EN-TDS-Spectrum-PLA-Metal-Copper,1,G011-02,PLA Metal Copper,all,Tip,"Due to the high metal powder content in the PLA Metal series filaments, it is recommended to use nozzles larger than the standard 0.4mm. The high metal content may cause accelerated wear of standard brass nozzles; therefore, it is advisable to use hardened steel or ruby nozzles.",,,,,,,,,,,GUIDELINE FOR PRINT SETTINGS*,"Tip: Due to the high metal powder content in the PLA Metal series filaments, it is recommended to use nozzles larger than the standard 0.4mm. The high metal content may cause accelerated wear of standard brass nozzles; therefore, it is advisable to use hardened steel or ruby nozzles.",text,not-required,,,reader-r1-cx,high,,
batch-cx.csv#372,context,context,S-SPECTRUM-en-tds-spectrum-pla-metal-copper,1,G011-02,PLA Metal Copper,all,Footnote,"* settings are based on a 0,4 mm nozzle.",,,,,,,,,,,GUIDELINE FOR PRINT SETTINGS*,"* settings are based on a 0,4 mm nozzle.",text,not-required,,,reader-r1-cx,high,,
batch-cx.csv#384,context,context,S-SPECTRUM-en-tds-spectrum-pla-metal-copper,1,G011-02,PLA Metal Copper,all,Tip,"Due to the high metal powder content in the PLA Metal series filaments, it is recommended to use nozzles larger than the standard 0.4mm. The high metal content may cause accelerated wear of standard brass nozzles; therefore, it is advisable to use hardened steel or ruby nozzles.",,,,,,,,,,,GUIDELINE FOR PRINT SETTINGS*,"Tip: Due to the high metal powder content in the PLA Metal series filaments, it is recommended to use nozzles larger than the standard 0.4mm. The high metal content may cause accelerated wear of standard brass nozzles; therefore, it is advisable to use hardened steel or ruby nozzles.",text,not-required,,,reader-r1-cx,high,,
batch-cx.csv#401,context,context,S-SPECTRUM-EN-TDS-Spectrum-SFLEX-98A,1,G039-08,S-Flex 98A,all,Footnote *,"settings are based on a 0,4 mm nozzle.",,,,,,,,,,,GUIDELINE FOR PRINT SETTINGS*,"* settings are based on a 0,4 mm nozzle.",text,not-required,,,reader-r1-cx,high,,
batch-cx.csv#412,context,context,S-SPECTRUM-EN-TDS-Spectrum-SFLEX-98A,1,G039-08,S-Flex 98A,all,Footnote **,** depending on the geometrical complexity,,,,,,,,,,,GUIDELINE FOR PRINT SETTINGS*,** depending on the geometrical complexity,text,not-required,,,reader-r1-cx,high,,
batch-cx.csv#429,context,context,S-SPECTRUM-en-tds-spectrum-sflex-98a,1,G039-08,S-Flex 98A,all,Footnote *,"settings are based on a 0,4 mm nozzle.",,,,,,,,,,,GUIDELINE FOR PRINT SETTINGS*,"* settings are based on a 0,4 mm nozzle.",text,not-required,,,reader-r1-cx,high,,
batch-cx.csv#440,context,context,S-SPECTRUM-en-tds-spectrum-sflex-98a,1,G039-08,S-Flex 98A,all,Footnote **,** depending on the geometrical complexity,,,,,,,,,,,GUIDELINE FOR PRINT SETTINGS*,** depending on the geometrical complexity,text,not-required,,,reader-r1-cx,high,,
batch-cx.csv#450,context,context,S-SPECTRUM-ENG-TDS-The-Filament-PETG-CF,1,G024-04,THE FILAMENT PETG CF,all,Footnote *,"settings are based on a 0,4 mm nozzle.",,,,,,,,,,,GUIDELINE FOR PRINT SETTINGS*,"* settings are based on a 0,4 mm nozzle.",text,not-required,,,reader-r1-cx,high,,
batch-cx.csv#461,context,context,S-SPECTRUM-ENG-TDS-The-Filament-PETG-CF,1,G024-04,THE FILAMENT PETG CF,all,Footnote **,** depending on the geometrical complexity,,,,,,,,,,,GUIDELINE FOR PRINT SETTINGS*,** depending on the geometrical complexity,text,not-required,,,reader-r1-cx,high,,no ** marker appears in the tables
batch-cx.csv#471,context,context,S-SPECTRUM-eng-tds-the-filament-petg-cf,1,G024-04,THE FILAMENT PETG CF,all,Footnote *,"settings are based on a 0,4 mm nozzle.",,,,,,,,,,,GUIDELINE FOR PRINT SETTINGS*,"* settings are based on a 0,4 mm nozzle.",text,not-required,,,reader-r1-cx,high,,
batch-cx.csv#482,context,context,S-SPECTRUM-eng-tds-the-filament-petg-cf,1,G024-04,THE FILAMENT PETG CF,all,Footnote **,** depending on the geometrical complexity,,,,,,,,,,,GUIDELINE FOR PRINT SETTINGS*,** depending on the geometrical complexity,text,not-required,,,reader-r1-cx,high,,no ** marker appears in the tables
batch-cx.csv#514,context,context,R-COLORFABB-TDS-E-colorFabb-PA-NEAT,1,G164-06,PA Neat,tensile,Mechanical Properties – 3D Printed,3D Printed,,,,,,printed,,,,,Typical Properties / Mechanical Properties – 3D Printed,Mechanical Properties – 3D Printed,text,not-required,,,reader-r1-cx,high,,heading of the table; page 2 notes give XY plane and print settings
batch-cx.csv#515,context,context,R-COLORFABB-TDS-E-colorFabb-PA-NEAT,1,G164-06,PA Neat,impact,Mechanical Properties – 3D Printed,3D Printed,,,,,,printed,,,,,Typical Properties / Mechanical Properties – 3D Printed,Mechanical Properties – 3D Printed,text,not-required,,,reader-r1-cx,high,,heading of the table; page 2 notes give XY plane
batch-cx.csv#522,context,context,R-COLORFABB-TDS-E-colorFabb-PA-NEAT,1,G164-06,PA Neat,tensile,Mechanical Properties – Injection Molded*,Injection Molded,,,,,,injection moulded,,,,,Typical Properties / Mechanical Properties – Injection Molded*,Mechanical Properties – Injection Molded* | *These results are obtained from the information provided by the supplier of the raw material,text,not-required,,,reader-r1-cx,high,,
batch-cx.csv#523,context,context,R-COLORFABB-TDS-E-colorFabb-PA-NEAT,1,G164-06,PA Neat,impact,Mechanical Properties – Injection Molded*,Injection Molded,,,,,,injection moulded,,,,,Typical Properties / Mechanical Properties – Injection Molded*,Mechanical Properties – Injection Molded* | *These results are obtained from the information provided by the supplier of the raw material,text,not-required,,,reader-r1-cx,high,,
batch-cx.csv#524,context,context,R-COLORFABB-TDS-E-colorFabb-PA-NEAT,1,G164-06,PA Neat,physical,Mechanical Properties – Injection Molded*,Injection Molded,,,,,,injection moulded,,,,,Typical Properties / Mechanical Properties – Injection Molded*,Mechanical Properties – Injection Molded* | *These results are obtained from the information provided by the supplier of the raw material,text,not-required,,,reader-r1-cx,high,,density row sits in this table
batch-cx.csv#525,context,context,R-COLORFABB-TDS-E-colorFabb-PA-NEAT,1,G164-06,PA Neat,thermal,Thermal Properties*,supplier raw material information,,,,,,,,,,,Typical Properties / Thermal Properties*,Thermal Properties* | *These results are obtained from the information provided by the supplier of the raw material,text,not-required,,,reader-r1-cx,high,,
batch-cx.csv#539,context,context,R-COLORFABB-TDS-E-colorFabb-PA-NEAT,1,G164-06,PA Neat,all,Footnote *,These results are obtained from the information provided by the supplier of the raw material,,,,,,,,,,,Typical Properties / Thermal Properties*,*These results are obtained from the information provided by the supplier of the raw material,text,not-required,,,reader-r1-cx,high,,
batch-cx.csv#549,context,context,R-COLORFABB-TDS-E-colorFabb-PA-NEAT,2,G164-06,PA Neat,tensile,Notes,"The reported properties are an average of a batch of 3D specimens. The specimens have been printed in XY plane, using 0.15 mm layer height, 100% infill, 0,4 mm nozzle, 280 ˚C nozzle temperature and 50˚C bed temperature.",,,,,XY,printed,,,,"layer height=0.15 mm; infill=100%; nozzle=0,4 mm; nozzle temp=280 ˚C; bed temp=50 ˚C",Notes,"The reported properties are an average of a batch of 3D specimens. | The specimens have been printed in XY plane, using 0.15 mm layer height, 100% infill, 0,4 mm nozzle, | 280 ˚C nozzle temperature and 50˚C bed temperature.",text,not-required,,,reader-r1-cx,high,no-held-rows-on-page-in-scope,applies to the 3D Printed table on page 1
batch-cx.csv#550,context,context,R-COLORFABB-TDS-E-colorFabb-PA-NEAT,2,G164-06,PA Neat,impact,Notes,"printed in XY plane, 0.15 mm layer height, 100% infill, 0,4 mm nozzle, 280 ˚C nozzle, 50˚C bed",,,,,XY,printed,,,,"layer height=0.15 mm; infill=100%; nozzle=0,4 mm; nozzle temp=280 ˚C; bed temp=50 ˚C",Notes,"The specimens have been printed in XY plane, using 0.15 mm layer height, 100% infill, 0,4 mm nozzle, | 280 ˚C nozzle temperature and 50˚C bed temperature.",text,not-required,,,reader-r1-cx,high,no-held-rows-on-page-in-scope,applies to the 3D Printed table on page 1
