source_id,page,kind,field,grade_id,product,label,raw,number_lo,number_hi,unit,operator,direction,specimen,moisture,post_processing,standard,test_conditions,table_heading,quote,held_id,verdict,held_value,confidence,reader,note
D-FIBERLOGY-FIBERFLEX-40D-SDS-EN,1,identity,grade,G167-06,FIBERFLEX 40D,Product identifier,Fiberlogy FIBERFLEX 40D,,,,,,,,,,,,1.1. PRODUCT IDENTIFIER | Fiberlogy FIBERFLEX 40D,,new,,high,reader-r1-11,
D-FIBERLOGY-FIBERFLEX-40D-SDS-EN,1,identity,other,G167-06,FIBERFLEX 40D,Application,Filament used for 3D printing,,,,,,,,,,,,Application: Filament used for 3D printing,,new,,high,reader-r1-11,
D-FIBERLOGY-FIBERFLEX-40D-SDS-EN,2,identity,polymer,G167-06,FIBERFLEX 40D,Substance name,"1,3-Benzenedicarboxylic acid, dimethyl ester, polymer with 1,4-butanediol, dimethyl 1,4-benzenedicarboxylate and .alpha.-hydro-.omega.-hydroxypoly(oxy-1,4-butanediyl)",,,,,,,,,,,3.2. MIXTURES,"1,3-Benzenedicarboxylic acid, | dimethyl ester, polymer with | 1,4-butanediol, dimethyl 1,4- | benzenedicarboxylate and | .alpha.-hydro-.omega.- | hydroxypoly(oxy-1,4- | butanediyl) | 9086-55-9 | >96",,new,,high,reader-r1-11,"CAS 9086-55-9, >96 wt%; this is the TPC/TPEE polymer; additives <1 and dye <3 wt%"
D-FIBERLOGY-FIBERFLEX-40D-SDS-EN,2,identity,filler,G167-06,FIBERFLEX 40D,Functional additives,<1 wt%,1,,wt%,<,,,,,,,3.2. MIXTURES,Functional additives | <1,,new,,high,reader-r1-11,
D-FIBERLOGY-FIBERFLEX-40D-SDS-EN,2,identity,filler,G167-06,FIBERFLEX 40D,Dye additives,<3 wt%,3,,wt%,<,,,,,,,3.2. MIXTURES,Dye additives | <3,,new,,high,reader-r1-11,
D-FIBERLOGY-FIBERFLEX-40D-SDS-EN,3,none,,,,,,,,,,,,,,,,,,,,,high,reader-r1-11,"SDS first aid, firefighting, accidental release; no print settings or properties"
D-FIBERLOGY-FIBERFLEX-40D-SDS-EN,4,none,,,,,,,,,,,,,,,,,,,,,high,reader-r1-11,"SDS handling, storage, exposure controls (section 9 heading only at foot); no print settings or properties"
D-FIBERLOGY-FIBERFLEX-40D-SDS-EN,5,value,Melting temperature,G167-06,FIBERFLEX 40D,Melting point / freezing point,155°C,155,,°C,,,,,,,,9.1. INFORMATION ON BASIC PHYSICAL AND CHEMICAL PROPERTIES,Melting point / freezing point 155°C,,new,,high,reader-r1-11,Printed as melting point / freezing point
D-FIBERLOGY-FIBERFLEX-40D-SDS-EN,5,value,unmapped:Flash point,G167-06,FIBERFLEX 40D,Flash point,384°C,384,,°C,,,,,,,,9.1. INFORMATION ON BASIC PHYSICAL AND CHEMICAL PROPERTIES,Flash point 384°C,,new,,medium,reader-r1-11,Image prints 384°C; text layer reads 484°C. Image wins.
D-FIBERLOGY-FIBERFLEX-40D-SDS-EN,5,value,Density,G167-06,FIBERFLEX 40D,Density and / or relative density,"1,16 g/cm³",1.16,,g/cm³,,,,,,,,9.1. INFORMATION ON BASIC PHYSICAL AND CHEMICAL PROPERTIES,"Density and / or relative density 1,16 g/cm³",,new,,high,reader-r1-11,
D-FIBERLOGY-FIBERFLEX-40D-SDS-EN,5,identity,diameter,G167-06,FIBERFLEX 40D,Particle characteristics,Product in the form of filament with an average diameter of 1.75mm,1.75,,mm,,,,,,,,9.1. INFORMATION ON BASIC PHYSICAL AND CHEMICAL PROPERTIES,Particle characteristics Product in the form of filament with an average diameter of 1.75mm,,new,,high,reader-r1-11,
D-FIBERLOGY-FIBERFLEX-40D-SDS-EN,5,identity,other,G167-06,FIBERFLEX 40D,Solubility in water,Insoluble,,,,,,,,,,,9.1. INFORMATION ON BASIC PHYSICAL AND CHEMICAL PROPERTIES,Solubility in water Insoluble,,new,,high,reader-r1-11,
D-FIBERLOGY-FIBERFLEX-40D-SDS-EN,6,none,,,,,,,,,,,,,,,,,,,,,high,reader-r1-11,SDS stability and toxicology text; no print settings or properties
D-FIBERLOGY-FIBERFLEX-40D-SDS-EN,7,none,,,,,,,,,,,,,,,,,,,,,high,reader-r1-11,"SDS toxicology, ecology, disposal; no print settings or properties"
D-FIBERLOGY-FIBERFLEX-40D-SDS-EN,8,none,,,,,,,,,,,,,,,,,,,,,high,reader-r1-11,SDS transport and regulatory text; no print settings or properties
D-FIBERLOGY-FIBERFLEX-40D-SDS-EN,9,none,,,,,,,,,,,,,,,,,,,,,high,reader-r1-11,SDS regulatory and other information text; no print settings or properties
D-FIBERLOGY-FIBERFLEX-AERO-FILAMENT-PAGE,1,identity,grade,G134-01,FiberFlex Aero,Title,FiberFlex Aero Filament,,,,,,,,,,,,FiberFlex Aero Filament,,new,,high,reader-r1-11,HTML page; read from text.txt
D-FIBERLOGY-FIBERFLEX-AERO-FILAMENT-PAGE,1,identity,other,G134-01,FiberFlex Aero,Description,"innovative, foamable filament from the elastomer family",,,,,,,,,,,,"FiberFlex Aero is an innovative, foamable filament from the elastomer family",,new,,high,reader-r1-11,
D-FIBERLOGY-FIBERFLEX-AERO-FILAMENT-PAGE,1,identity,diameter,G134-01,FiberFlex Aero,Diameter,"1,75 mm",1.75,,mm,,,,,,,,,"Diameter  1,75 mm",,new,,high,reader-r1-11,
D-FIBERLOGY-FIBERFLEX-AERO-FILAMENT-PAGE,1,identity,colour,G134-01,FiberFlex Aero,Color,Black Gray Natural White,,,,,,,,,,,,Color  Black Gray Natural White,,new,,high,reader-r1-11,
D-FIBERLOGY-FIBERFLEX-AERO-FILAMENT-PAGE,1,setting,nozzle,G134-01,FiberFlex Aero,Printing temperature,210-235°C,210,235,°C,,,,,,,,Printing Parameters,Printing temperature: 210-235°C,,new,,high,reader-r1-11,
D-FIBERLOGY-FIBERFLEX-AERO-FILAMENT-PAGE,1,setting,bed,G134-01,FiberFlex Aero,Bed temperature,30-70°C,30,70,°C,,,,,,,,Printing Parameters,Bed temperature: 30-70°C,,new,,high,reader-r1-11,
D-FIBERLOGY-FIBERFLEX-AERO-FILAMENT-PAGE,1,setting,plate,G134-01,FiberFlex Aero,Bed,"Smooth PEI, Glass",,,,,,,,,,,Printing Parameters,"Bed: Smooth PEI, Glass",,new,,high,reader-r1-11,
D-FIBERLOGY-FIBERFLEX-AERO-FILAMENT-PAGE,1,setting,drying,G134-01,FiberFlex Aero,Drying conditions,60°C / 4 hours,60,,°C,,,,,,,hours=4,Printing Parameters,Drying conditions: 60°C / 4 hours,,new,,high,reader-r1-11,
D-FIBERLOGY-FIBERFLEX-AERO-FILAMENT-PAGE,1,setting,enclosure,G134-01,FiberFlex Aero,Enclosed chamber,not required,,,,,,,,,,,Printing Parameters,Enclosed chamber: not required,,new,,high,reader-r1-11,
D-FIBERLOGY-FIBERFLEX-AERO-FILAMENT-PAGE,1,setting,fan,G134-01,FiberFlex Aero,Fan speed,50–75%,50,75,%,,,,,,,,Printing Parameters,Fan speed: 50–75%,,new,,high,reader-r1-11,
D-FIBERLOGY-FIBERFLEX-AERO-FILAMENT-PAGE,1,value,Density,G134-01,FiberFlex Aero,Density,1.16 g/cm³*,1.16,,g/cm³,,,,,,,,Technical Specifications,Density: 1.16 g/cm³*,,new,,high,reader-r1-11,asterisk printed; no footnote text found in page text
D-FIBERLOGY-FIBERFLEX-AERO-FILAMENT-PAGE,1,value,HDT,G134-01,FiberFlex Aero,Heat deflection temperature @ 0.45 MPa,70°C* (ASTM D648),70,,°C,,,,,,ASTM D648,load=0.45 MPa,Technical Specifications,Heat deflection temperature @ 0.45 MPa: 70°C* (ASTM D648),,new,,high,reader-r1-11,asterisk printed; no footnote text found
D-FIBERLOGY-FIBERFLEX-AERO-FILAMENT-PAGE,1,value,Tensile break strength,G134-01,FiberFlex Aero,Tensile strength at break,28 MPa* (ASTM D638),28,,MPa,,,,,,ASTM D638,,Technical Specifications,Tensile strength at break: 28 MPa* (ASTM D638),,new,,high,reader-r1-11,asterisk printed; no footnote text found
D-FIBERLOGY-FIBERFLEX-AERO-FILAMENT-PAGE,1,value,Flexural modulus,G134-01,FiberFlex Aero,Flexural modulus,67 MPa* (ISO 178),67,,MPa,,,,,,ISO 178,,Technical Specifications,Flexural modulus: 67 MPa* (ISO 178),,new,,high,reader-r1-11,asterisk printed; no footnote text found
D-FIBERLOGY-FIBERFLEX-AERO-FILAMENT-PAGE,1,value,Elongation at break,G134-01,FiberFlex Aero,Elongation at break,700%* (ASTM D638),700,,%,,,,,,ASTM D638,,Technical Specifications,Elongation at break: 700%* (ASTM D638),,new,,high,reader-r1-11,asterisk printed; no footnote text found
D-FIBERLOGY-FIBERFLEXCF-FILAMENT-S2-PAGE,1,identity,grade,G129-07,FiberFlex+CF Filament – S2,Title,FiberFlex+CF Filament – S2,,,,,,,,,,,,FiberFlex+CF Filament – S2,,new,,high,reader-r1-11,HTML page; read from text.txt
D-FIBERLOGY-FIBERFLEXCF-FILAMENT-S2-PAGE,1,identity,filler,G129-07,FiberFlex+CF Filament – S2,Description,FiberFlex CF contains 20% carbon fiber,20,,%,,,,,,,,,"FiberFlex CF contains 20% carbon fiber, which increases the material’s stiffness to 60D on the Shore scale",,new,,high,reader-r1-11,
D-FIBERLOGY-FIBERFLEXCF-FILAMENT-S2-PAGE,1,identity,polymer,G129-07,FiberFlex+CF Filament – S2,Description,combines the flexibility of thermoplastic polyurethane (TPU) with the exceptional strength of carbon fiber,,,,,,,,,,,,Fiberlogy FiberFlex CF is an advanced 3D printing filament that combines the flexibility of thermoplastic polyurethane (TPU) with the exceptional strength of carbon fiber.,,new,,high,reader-r1-11,
D-FIBERLOGY-FIBERFLEXCF-FILAMENT-S2-PAGE,1,identity,diameter,G129-07,FiberFlex+CF Filament – S2,Diameter,"1,75 mm",1.75,,mm,,,,,,,,,"Diameter  1,75 mm",,new,,high,reader-r1-11,
D-FIBERLOGY-FIBERFLEXCF-FILAMENT-S2-PAGE,1,identity,colour,G129-07,FiberFlex+CF Filament – S2,Color,Black,,,,,,,,,,,,Color  Black,,new,,high,reader-r1-11,
D-FIBERLOGY-FIBERFLEXCF-FILAMENT-S2-PAGE,1,value,Hardness,G129-07,FiberFlex+CF Filament – S2,stiffness on the Shore scale,60D,60,,D,,,,,,,,,increases the material’s stiffness to 60D on the Shore scale,,new,,high,reader-r1-11,"in description prose, not in the technical table; Shore D"
D-FIBERLOGY-FIBERFLEXCF-FILAMENT-S2-PAGE,1,value,Continuous service temperature,G129-07,FiberFlex+CF Filament – S2,heat resistance up to 90°C,90°C,90,,°C,=,,,,,,,,its heat resistance up to 90°C allows for use in demanding conditions,,new,,medium,reader-r1-11,"prose statement of heat resistance, not a test"
D-FIBERLOGY-FIBERFLEXCF-FILAMENT-S2-PAGE,1,setting,nozzle,G129-07,FiberFlex+CF Filament – S2,Printing temperature,190–205°C,190,205,°C,,,,,,,,Printing Parameters,Printing temperature: 190–205°C,,new,,high,reader-r1-11,
D-FIBERLOGY-FIBERFLEXCF-FILAMENT-S2-PAGE,1,setting,bed,G129-07,FiberFlex+CF Filament – S2,Bed temperature,80°C,80,,°C,,,,,,,,Printing Parameters,Bed temperature: 80°C,,new,,high,reader-r1-11,
D-FIBERLOGY-FIBERFLEXCF-FILAMENT-S2-PAGE,1,setting,plate,G129-07,FiberFlex+CF Filament – S2,Bed,Smooth PEI + masking tape or adhesive; Textured PEI + adhesive; Glass + masking tape or adhesive,,,,,,,,,,,Printing Parameters,Bed: Smooth PEI + masking tape or adhesive; Textured PEI + adhesive; Glass + masking tape or adhesive,,new,,high,reader-r1-11,
D-FIBERLOGY-FIBERFLEXCF-FILAMENT-S2-PAGE,1,setting,drying,G129-07,FiberFlex+CF Filament – S2,Drying conditions,80°C / 4 hours,80,,°C,,,,,,,hours=4,Printing Parameters,Drying conditions: 80°C / 4 hours,,new,,high,reader-r1-11,
D-FIBERLOGY-FIBERFLEXCF-FILAMENT-S2-PAGE,1,setting,enclosure,G129-07,FiberFlex+CF Filament – S2,Enclosed chamber,not required,,,,,,,,,,,Printing Parameters,Enclosed chamber: not required,,new,,high,reader-r1-11,
D-FIBERLOGY-FIBERFLEXCF-FILAMENT-S2-PAGE,1,setting,other,G129-07,FiberFlex+CF Filament – S2,Humidity,50–75%,50,75,%,,,,,,,,Printing Parameters,Humidity: 50–75%,,new,,high,reader-r1-11,"label printed as Humidity, sits among print parameters (fan speed on other Fiberlogy pages); recorded as printed"
D-FIBERLOGY-FIBERFLEXCF-FILAMENT-S2-PAGE,1,setting,print_speed,G129-07,FiberFlex+CF Filament – S2,Maximum recommended print speed,< 60 mm/s,60,,mm/s,<,,,,,,,Printing Parameters,Maximum recommended print speed: < 60 mm/s,,new,,high,reader-r1-11,
D-FIBERLOGY-FIBERFLEXCF-FILAMENT-S2-PAGE,1,value,Density,G129-07,FiberFlex+CF Filament – S2,Density,1.23 g/cm³,1.23,,g/cm³,,,,,,,,Technical Specifications,Density: 1.23 g/cm³,,new,,high,reader-r1-11,
D-FIBERLOGY-FIBERFLEXCF-FILAMENT-S2-PAGE,1,value,Charpy strength,G129-07,FiberFlex+CF Filament – S2,Charpy impact strength (notched) @ 23°C,40 kJ/m² (ISO 179),40,,kJ/m²,,,,,,ISO 179,temp=23 °C; notched,Technical Specifications,Charpy impact strength (notched) @ 23°C: 40 kJ/m² (ISO 179),,new,,high,reader-r1-11,
D-FIBERLOGY-FIBERFLEXCF-FILAMENT-S2-PAGE,1,value,Vicat softening temperature,G129-07,FiberFlex+CF Filament – S2,Vicat softening temperature,91°C (ISO 306),91,,°C,,,,,,ISO 306,,Technical Specifications,Vicat softening temperature: 91°C (ISO 306),,new,,high,reader-r1-11,
D-FIBERLOGY-FIBERFLEXCF-FILAMENT-S2-PAGE,1,value,HDT,G129-07,FiberFlex+CF Filament – S2,Heat deflection temperature @ 1.8 MPa,70°C (ISO 75),70,,°C,,,,,,ISO 75,load=1.8 MPa,Technical Specifications,Heat deflection temperature @ 1.8 MPa: 70°C (ISO 75),,new,,high,reader-r1-11,
D-FIBERLOGY-FIBERFLEXCF-FILAMENT-S2-PAGE,1,value,HDT,G129-07,FiberFlex+CF Filament – S2,Heat deflection temperature under load @ 0.45 MPa,134°C (ISO 75),134,,°C,,,,,,ISO 75,load=0.45 MPa,Technical Specifications,Heat deflection temperature under load @ 0.45 MPa: 134°C (ISO 75),,new,,high,reader-r1-11,0.45 MPa value (134) is above the 1.8 MPa value (70): consistent
D-FIBERLOGY-FIBERFLEXCF-FILAMENT-S2-PAGE,1,value,Tensile break strength,G129-07,FiberFlex+CF Filament – S2,Tensile strength at break,60 MPa (ISO 527),60,,MPa,,,,,,ISO 527,,Technical Specifications,Tensile strength at break: 60 MPa (ISO 527),,new,,high,reader-r1-11,
D-FIBERLOGY-FIBERFLEXCF-FILAMENT-S2-PAGE,1,value,Tensile modulus,G129-07,FiberFlex+CF Filament – S2,Tensile modulus,2200 MPa (ISO 527),2200,,MPa,,,,,,ISO 527,,Technical Specifications,Tensile modulus: 2200 MPa (ISO 527),,new,,high,reader-r1-11,
D-FIBERLOGY-FIBERFLEXCF-FILAMENT-S2-PAGE,1,value,Elongation at break,G129-07,FiberFlex+CF Filament – S2,Elongation at break,15% (ISO 527),15,,%,,,,,,ISO 527,,Technical Specifications,Elongation at break: 15% (ISO 527),,new,,high,reader-r1-11,
D-FIBERLOGY-FIBERFLEXCF-FILAMENT-S2-PAGE,1,value,Charpy strength,G129-07,FiberFlex+CF Filament – S2,Charpy impact strength (unnotched) @ 23°C,NB (ISO 179),,,,,,,,,ISO 179,temp=23 °C; unnotched,Technical Specifications,Charpy impact strength (unnotched) @ 23°C: NB (ISO 179),,new,,high,reader-r1-11,NB = no break; no number
D-FIBERLOGY-MATTFLEX-40D-PAGE,1,identity,grade,G167-04,MattFlex 40D,Title,MattFlex 40D,,,,,,,,,,,,MattFlex 40D,,new,,high,reader-r1-11,HTML page; read from text.txt
D-FIBERLOGY-MATTFLEX-40D-PAGE,1,identity,other,G167-04,MattFlex 40D,Description,"modern, flexible 3D printing filament that stands out for its matte finish and rubber-like properties",,,,,,,,,,,,"Fiberlogy MattFlex 40D is a modern, flexible 3D printing filament that stands out for its matte finish and rubber-like properties.",,new,,high,reader-r1-11,
D-FIBERLOGY-MATTFLEX-40D-PAGE,1,setting,print_speed,G167-04,MattFlex 40D,Description,up to 60 mm/s,60,,mm/s,<,,,,,,,,MattFlex 40D allows for high print speeds—up to 60 mm/s without compromising quality,,new,,high,reader-r1-11,"prose; ""up to"" recorded as upper bound"
D-FIBERLOGY-MATTFLEX-40D-PAGE,1,setting,nozzle,G167-04,MattFlex 40D,Printing temperature,210–230°C,210,230,°C,,,,,,,,Printing Parameters,Printing temperature: 210–230°C,,new,,high,reader-r1-11,
D-FIBERLOGY-MATTFLEX-40D-PAGE,1,setting,bed,G167-04,MattFlex 40D,Bed temperature,70°C,70,,°C,,,,,,,,Printing Parameters,Bed temperature: 70°C,,new,,high,reader-r1-11,
D-FIBERLOGY-MATTFLEX-40D-PAGE,1,setting,plate,G167-04,MattFlex 40D,Build surface,Smooth PEI + masking tape or adhesive; Textured PEI + adhesive; Glass + masking tape or adhesive,,,,,,,,,,,Printing Parameters,Build surface: Smooth PEI + masking tape or adhesive; Textured PEI + adhesive; Glass + masking tape or adhesive,,new,,high,reader-r1-11,
D-FIBERLOGY-MATTFLEX-40D-PAGE,1,setting,drying,G167-04,MattFlex 40D,Drying conditions,50°C / 4 hours,50,,°C,,,,,,,hours=4,Printing Parameters,Drying conditions: 50°C / 4 hours,,new,,high,reader-r1-11,
D-FIBERLOGY-MATTFLEX-40D-PAGE,1,setting,enclosure,G167-04,MattFlex 40D,Enclosed chamber,not required,,,,,,,,,,,Printing Parameters,Enclosed chamber: not required,,new,,high,reader-r1-11,
D-FIBERLOGY-MATTFLEX-40D-PAGE,1,setting,other,G167-04,MattFlex 40D,Humidity,50–75%,50,75,%,,,,,,,,Printing Parameters,Humidity: 50–75%,,new,,high,reader-r1-11,label printed as Humidity among print parameters; recorded as printed
D-FIBERLOGY-MATTFLEX-40D-PAGE,1,value,Density,G167-04,MattFlex 40D,Density,1.16 g/cm³,1.16,,g/cm³,,,,,,,,Technical Specifications,Density: 1.16 g/cm³,,new,,high,reader-r1-11,
D-FIBERLOGY-MATTFLEX-40D-PAGE,1,value,HDT,G167-04,MattFlex 40D,Heat deflection temperature under load @ 0.45 MPa,70°C (ASTM D648),70,,°C,,,,,,ASTM D648,load=0.45 MPa,Technical Specifications,Heat deflection temperature under load @ 0.45 MPa: 70°C (ASTM D648),,new,,high,reader-r1-11,
D-FIBERLOGY-MATTFLEX-40D-PAGE,1,value,Tensile break strength,G167-04,MattFlex 40D,Tensile strength at break,30 MPa (ASTM D638),30,,MPa,,,,,,ASTM D638,,Technical Specifications,Tensile strength at break: 30 MPa (ASTM D638),,new,,high,reader-r1-11,
D-FIBERLOGY-MATTFLEX-40D-PAGE,1,value,Elongation at break,G167-04,MattFlex 40D,Elongation at break,600% (ASTM D638),600,,%,,,,,,ASTM D638,,Technical Specifications,Elongation at break: 600% (ASTM D638),,new,,high,reader-r1-11,
D-FIBERLOGY-MATTFLEX-40D-PAGE,1,value,Compression strength,G167-04,MattFlex 40D,compression resistance,up to 50%,50,,%,<,,,,,,,,has a compression resistance of up to 50%,,new,,low,reader-r1-11,prose; unclear quantity (not a stress); recorded as printed
D-FIBERLOGY-PA12-NYLON-FILAMENT-PAGE,1,identity,grade,G052-06,PA12 Nylon Filament,Title,PA12 Nylon Filament,,,,,,,,,,,,PA12 Nylon Filament,,new,,high,reader-r1-11,HTML page; read from text.txt
D-FIBERLOGY-PA12-NYLON-FILAMENT-PAGE,1,identity,polymer,G052-06,PA12 Nylon Filament,Description,Fiberlogy Nylon PA12,,,,,,,,,,,,Fiberlogy Nylon PA12 is a high-quality engineering filament,,new,,high,reader-r1-11,
D-FIBERLOGY-PA12-NYLON-FILAMENT-PAGE,1,identity,diameter,G052-06,PA12 Nylon Filament,Diameter,"1,75 mm",1.75,,mm,,,,,,,,,"Diameter  1,75 mm",,new,,high,reader-r1-11,
D-FIBERLOGY-PA12-NYLON-FILAMENT-PAGE,1,identity,colour,G052-06,PA12 Nylon Filament,Color,Black Blue Inox Light Green Natural Orange Red White Yellow,,,,,,,,,,,,Color  Black Blue Inox Light Green Natural Orange Red White Yellow,,new,,high,reader-r1-11,
D-FIBERLOGY-PA12-NYLON-FILAMENT-PAGE,1,value,Elongation at break,G052-06,PA12 Nylon Filament,Description,up to 50% before breaking,50,,%,>,,,,,,,,it stretches by up to 50% before breaking,,new,,medium,reader-r1-11,prose; table below prints Elongation at break >50%
D-FIBERLOGY-PA12-NYLON-FILAMENT-PAGE,1,setting,chamber,G052-06,PA12 Nylon Filament,Description,enclosed and heated chamber recommended,,,,,,,,,,,,it is recommended to use a 3D printer with an enclosed and heated chamber when printing with Nylon PA12,,new,,high,reader-r1-11,prose; no temperature
D-FIBERLOGY-PA12-NYLON-FILAMENT-PAGE,1,setting,nozzle,G052-06,PA12 Nylon Filament,Printing temperature,255–270°C,255,270,°C,,,,,,,,Printing Parameters,Printing temperature: 255–270°C,,new,,high,reader-r1-11,
D-FIBERLOGY-PA12-NYLON-FILAMENT-PAGE,1,setting,bed,G052-06,PA12 Nylon Filament,Bed temperature,110°C,110,,°C,,,,,,,,Printing Parameters,Bed temperature: 110°C,,new,,high,reader-r1-11,
D-FIBERLOGY-PA12-NYLON-FILAMENT-PAGE,1,setting,plate,G052-06,PA12 Nylon Filament,Bed material,Smooth PEI + adhesive; Textured PEI + adhesive; Glass + adhesive,,,,,,,,,,,Printing Parameters,Bed material: Smooth PEI + adhesive; Textured PEI + adhesive; Glass + adhesive,,new,,high,reader-r1-11,
D-FIBERLOGY-PA12-NYLON-FILAMENT-PAGE,1,setting,drying,G052-06,PA12 Nylon Filament,Drying conditions,70°C / 4 hours,70,,°C,,,,,,,hours=4,Printing Parameters,Drying conditions: 70°C / 4 hours,,new,,high,reader-r1-11,
D-FIBERLOGY-PA12-NYLON-FILAMENT-PAGE,1,setting,enclosure,G052-06,PA12 Nylon Filament,Enclosed chamber,required,,,,,,,,,,,Printing Parameters,Enclosed chamber: required,,new,,high,reader-r1-11,
D-FIBERLOGY-PA12-NYLON-FILAMENT-PAGE,1,setting,fan,G052-06,PA12 Nylon Filament,Airflow,0–10%,0,10,%,,,,,,,,Printing Parameters,Airflow: 0–10%,,new,,high,reader-r1-11,
D-FIBERLOGY-PA12-NYLON-FILAMENT-PAGE,1,value,Density,G052-06,PA12 Nylon Filament,Density,1.01 g/cm³,1.01,,g/cm³,,,,,,,,Technical Specifications,Density: 1.01 g/cm³,,new,,high,reader-r1-11,
D-FIBERLOGY-PA12-NYLON-FILAMENT-PAGE,1,value,Charpy strength,G052-06,PA12 Nylon Filament,Charpy impact strength (notched) @ 23°C,12 kJ/m² (ISO 179),12,,kJ/m²,,,,,,ISO 179,temp=23 °C; notched,Technical Specifications,Charpy impact strength (notched) @ 23°C: 12 kJ/m² (ISO 179),,new,,high,reader-r1-11,
D-FIBERLOGY-PA12-NYLON-FILAMENT-PAGE,1,value,Vicat softening temperature,G052-06,PA12 Nylon Filament,Vicat softening temperature,145°C (ISO 306),145,,°C,,,,,,ISO 306,,Technical Specifications,Vicat softening temperature: 145°C (ISO 306),,new,,high,reader-r1-11,
D-FIBERLOGY-PA12-NYLON-FILAMENT-PAGE,1,value,HDT,G052-06,PA12 Nylon Filament,Heat deflection temperature under load @ 1.8 MPa,55°C (ISO 75),55,,°C,,,,,,ISO 75,load=1.8 MPa,Technical Specifications,Heat deflection temperature under load @ 1.8 MPa: 55°C (ISO 75),,new,,high,reader-r1-11,
D-FIBERLOGY-PA12-NYLON-FILAMENT-PAGE,1,value,HDT,G052-06,PA12 Nylon Filament,Heat deflection temperature @ 0.45 MPa,135°C (ISO 75),135,,°C,,,,,,ISO 75,load=0.45 MPa,Technical Specifications,Heat deflection temperature @ 0.45 MPa: 135°C (ISO 75),,new,,high,reader-r1-11,
D-FIBERLOGY-PA12-NYLON-FILAMENT-PAGE,1,value,Tensile yield strength,G052-06,PA12 Nylon Filament,Tensile strength at yield,45 MPa (ISO 527),45,,MPa,,,,,,ISO 527,,Technical Specifications,Tensile strength at yield: 45 MPa (ISO 527),,new,,high,reader-r1-11,
D-FIBERLOGY-PA12-NYLON-FILAMENT-PAGE,1,value,Tensile modulus,G052-06,PA12 Nylon Filament,Tensile modulus,"1,400 MPa (ISO 527)",1400,,MPa,,,,,,ISO 527,,Technical Specifications,"Tensile modulus: 1,400 MPa (ISO 527)",,new,,high,reader-r1-11,
D-FIBERLOGY-PA12-NYLON-FILAMENT-PAGE,1,value,Elongation at yield,G052-06,PA12 Nylon Filament,Elongation at yield,5% (ISO 527),5,,%,,,,,,ISO 527,,Technical Specifications,Elongation at yield: 5% (ISO 527),,new,,high,reader-r1-11,
D-FIBERLOGY-PA12-NYLON-FILAMENT-PAGE,1,value,Elongation at break,G052-06,PA12 Nylon Filament,Elongation at break,>50% (ISO 527),50,,%,>,,,,,ISO 527,,Technical Specifications,Elongation at break: >50% (ISO 527),,new,,high,reader-r1-11,
D-FIBERLOGY-PCTG-FILAMENT-PAGE,1,identity,grade,G088-07,PCTG Filament,Title,PCTG Filament,,,,,,,,,,,,PCTG Filament,,new,,high,reader-r1-11,HTML page; read from text.txt
D-FIBERLOGY-PCTG-FILAMENT-PAGE,1,identity,polymer,G088-07,PCTG Filament,Description,Fiberlogy PCTG is a filament from the polyester family,,,,,,,,,,,,Fiberlogy PCTG is a filament from the polyester family,,new,,high,reader-r1-11,
D-FIBERLOGY-PCTG-FILAMENT-PAGE,1,identity,diameter,G088-07,PCTG Filament,Diameter,"1,75 mm",1.75,,mm,,,,,,,,,"Diameter  1,75 mm",,new,,high,reader-r1-11,
D-FIBERLOGY-PCTG-FILAMENT-PAGE,1,identity,colour,G088-07,PCTG Filament,Color,Black Blue Burgundy Transparent Graphite Gray Inox Light Green Transparent Navy Blue Transparent Onyx Orange Orange Transparent Pure Transparent Red Vertigo White,,,,,,,,,,,,Color  Black Blue Burgundy Transparent Graphite Gray Inox Light Green Transparent Navy Blue Transparent Onyx Orange Orange Transparent Pure Transparent Red Vertigo White,,new,,high,reader-r1-11,
D-FIBERLOGY-PCTG-FILAMENT-PAGE,1,value,Impact strength,G088-07,PCTG Filament,Description (impact tests),approximately 90 kJ/m²,90,,kJ/m²,,,,,,,,,"In impact tests , PCTG achieves a result of approximately 90 kJ/m² (for comparison, PET-G: 5–8 kJ/m² in the notched Izod test)",,new,,medium,reader-r1-11,prose; test not named for the PCTG figure (the PETG comparison is notched Izod); table below prints Izod notched 92 kJ/m²
D-FIBERLOGY-PCTG-FILAMENT-PAGE,1,value,HDT,G088-07,PCTG Filament,Description,retains its properties at temperatures up to 76°C,76,,°C,,,,,,,,,The filament retains its properties at temperatures up to 76°C,,new,,medium,reader-r1-11,prose; same as HDT 0.45 MPa in table
D-FIBERLOGY-PCTG-FILAMENT-PAGE,1,setting,nozzle,G088-07,PCTG Filament,Printing temperature,250–270°C,250,270,°C,,,,,,,,Printing Parameters,Printing temperature: 250–270°C,P1373,confirms,250–270°C,high,reader-r1-11,
D-FIBERLOGY-PCTG-FILAMENT-PAGE,1,setting,bed,G088-07,PCTG Filament,Bed temperature,90°C,90,,°C,,,,,,,,Printing Parameters,Bed temperature: 90°C,P1373,confirms,90°C,high,reader-r1-11,
D-FIBERLOGY-PCTG-FILAMENT-PAGE,1,setting,plate,G088-07,PCTG Filament,Bed material,Smooth PEI + adhesive; Textured PEI; Glass + adhesive,,,,,,,,,,,Printing Parameters,Bed material: Smooth PEI + adhesive; Textured PEI; Glass + adhesive,P1373,confirms,Smooth PEI + adhesive; Textured PEI; Glass + adhesive,high,reader-r1-11,
D-FIBERLOGY-PCTG-FILAMENT-PAGE,1,setting,drying,G088-07,PCTG Filament,Drying conditions,60°C / 4 hours,60,,°C,,,,,,,hours=4,Printing Parameters,Drying conditions: 60°C / 4 hours,P1373,confirms,60°C / 4 hours,high,reader-r1-11,
D-FIBERLOGY-PCTG-FILAMENT-PAGE,1,setting,enclosure,G088-07,PCTG Filament,Enclosed chamber,not required,,,,,,,,,,,Printing Parameters,Enclosed chamber: not required,P1373,confirms,not required,high,reader-r1-11,
D-FIBERLOGY-PCTG-FILAMENT-PAGE,1,setting,fan,G088-07,PCTG Filament,Airflow,0–25%,0,25,%,,,,,,,,Printing Parameters,Airflow: 0–25%,,new,,high,reader-r1-11,
D-FIBERLOGY-PCTG-FILAMENT-PAGE,1,value,Density,G088-07,PCTG Filament,Density,1.23 g/cm³,1.23,,g/cm³,,,,,,,,Technical Specifications,Density: 1.23 g/cm³,,new,,high,reader-r1-11,
D-FIBERLOGY-PCTG-FILAMENT-PAGE,1,value,HDT,G088-07,PCTG Filament,Heat deflection temperature under load @ 1.8 MPa,64°C (ISO 75),64,,°C,,,,,,ISO 75,load=1.8 MPa,Technical Specifications,Heat deflection temperature under load @ 1.8 MPa: 64°C (ISO 75),,new,,high,reader-r1-11,
D-FIBERLOGY-PCTG-FILAMENT-PAGE,1,value,HDT,G088-07,PCTG Filament,Heat deflection temperature @ 0.45 MPa,76°C (ISO 75),76,,°C,,,,,,ISO 75,load=0.45 MPa,Technical Specifications,Heat deflection temperature @ 0.45 MPa: 76°C (ISO 75),,new,,high,reader-r1-11,
D-FIBERLOGY-PCTG-FILAMENT-PAGE,1,value,Tensile yield strength,G088-07,PCTG Filament,Tensile strength at yield,43 MPa (ISO 527),43,,MPa,,,,,,ISO 527,,Technical Specifications,Tensile strength at yield: 43 MPa (ISO 527),,new,,high,reader-r1-11,
D-FIBERLOGY-PCTG-FILAMENT-PAGE,1,value,Tensile break strength,G088-07,PCTG Filament,Tensile strength at break,45 MPa (ISO 527),45,,MPa,,,,,,ISO 527,,Technical Specifications,Tensile strength at break: 45 MPa (ISO 527),,new,,high,reader-r1-11,
D-FIBERLOGY-PCTG-FILAMENT-PAGE,1,value,Izod impact strength,G088-07,PCTG Filament,Izod impact strength (notched) @ 23°C,92 kJ/m² (ISO 180),92,,kJ/m²,,,,,,ISO 180,temp=23 °C; notched,Technical Specifications,Izod impact strength (notched) @ 23°C: 92 kJ/m² (ISO 180),,new,,high,reader-r1-11,
D-FIBERLOGY-PCTG-FILAMENT-PAGE,1,value,Flexural strength,G088-07,PCTG Filament,Flexural strength,60 MPa (ISO 178),60,,MPa,,,,,,ISO 178,,Technical Specifications,Flexural strength: 60 MPa (ISO 178),,new,,high,reader-r1-11,
D-FIBERLOGY-PCTG-FILAMENT-PAGE,1,value,Flexural modulus,G088-07,PCTG Filament,Modulus of elasticity in bending,1600 MPa (ISO 178),1600,,MPa,,,,,,ISO 178,,Technical Specifications,Modulus of elasticity in bending: 1600 MPa (ISO 178),,new,,high,reader-r1-11,
D-FIBERLOGY-PCTG-FILAMENT-PAGE,1,value,Elongation at yield,G088-07,PCTG Filament,Elongation at yield,4% (ISO 527),4,,%,,,,,,ISO 527,,Technical Specifications,Elongation at yield: 4% (ISO 527),,new,,high,reader-r1-11,
D-FIBERLOGY-PCTG-FILAMENT-PAGE,1,value,Elongation at break,G088-07,PCTG Filament,Elongation at break,220% (ISO 527),220,,%,,,,,,ISO 527,,Technical Specifications,Elongation at break: 220% (ISO 527),,new,,high,reader-r1-11,
D-FIBERLOGY-PCTGCF-FILAMENT-PAGE,1,identity,grade,G144-03,PCTG+CF Filament,Title,PCTG+CF,,,,,,,,,,,,Fiberlogy PCTG+CF,,new,,high,reader-r1-11,"HTML page; read from text.txt; page title not reproduced in text layer, name taken from description"
D-FIBERLOGY-PCTGCF-FILAMENT-PAGE,1,identity,filler,G144-03,PCTG+CF Filament,Description,10% carbon fiber (CF),10,,%,,,,,,,,,created by combining versatile PCTG with 10% carbon fiber (CF),,new,,high,reader-r1-11,
D-FIBERLOGY-PCTGCF-FILAMENT-PAGE,1,identity,polymer,G144-03,PCTG+CF Filament,Description,PCTG,,,,,,,,,,,,combining versatile PCTG with 10% carbon fiber (CF),,new,,high,reader-r1-11,
D-FIBERLOGY-PCTGCF-FILAMENT-PAGE,1,setting,nozzle,G144-03,PCTG+CF Filament,Printing temperature,250–270°C,250,270,°C,,,,,,,,Printing Parameters,Printing temperature: 250–270°C,,new,,high,reader-r1-11,
D-FIBERLOGY-PCTGCF-FILAMENT-PAGE,1,setting,bed,G144-03,PCTG+CF Filament,Bed temperature,100°C,100,,°C,,,,,,,,Printing Parameters,Bed temperature: 100°C,,new,,high,reader-r1-11,
D-FIBERLOGY-PCTGCF-FILAMENT-PAGE,1,setting,plate,G144-03,PCTG+CF Filament,Bed material,Smooth PEI + adhesive; Textured PEI; Glass + adhesive,,,,,,,,,,,Printing Parameters,Bed material: Smooth PEI + adhesive; Textured PEI; Glass + adhesive,,new,,high,reader-r1-11,
D-FIBERLOGY-PCTGCF-FILAMENT-PAGE,1,setting,drying,G144-03,PCTG+CF Filament,Drying conditions,60°C / 4 hours,60,,°C,,,,,,,hours=4,Printing Parameters,Drying conditions: 60°C / 4 hours,,new,,high,reader-r1-11,
D-FIBERLOGY-PCTGCF-FILAMENT-PAGE,1,setting,enclosure,G144-03,PCTG+CF Filament,Enclosed chamber,not required,,,,,,,,,,,Printing Parameters,Enclosed chamber: not required,,new,,high,reader-r1-11,
D-FIBERLOGY-PCTGCF-FILAMENT-PAGE,1,setting,fan,G144-03,PCTG+CF Filament,Airflow,0–25%,0,25,%,,,,,,,,Printing Parameters,Airflow: 0–25%,,new,,high,reader-r1-11,
D-FIBERLOGY-PCTGCF-FILAMENT-PAGE,1,value,Density,G144-03,PCTG+CF Filament,Density,1.28 g/cm³,1.28,,g/cm³,,,,,,,,Technical Specifications,Density: 1.28 g/cm³,,new,,high,reader-r1-11,
D-FIBERLOGY-PCTGCF-FILAMENT-PAGE,1,value,HDT,G144-03,PCTG+CF Filament,Heat deflection temperature @ 1.8 MPa,64°C (ISO 75),64,,°C,,,,,,ISO 75,load=1.8 MPa,Technical Specifications,Heat deflection temperature @ 1.8 MPa: 64°C (ISO 75),,new,,high,reader-r1-11,
D-FIBERLOGY-PCTGCF-FILAMENT-PAGE,1,value,HDT,G144-03,PCTG+CF Filament,Heat deflection temperature @ 0.45 MPa,76°C (ISO 75),76,,°C,,,,,,ISO 75,load=0.45 MPa,Technical Specifications,Heat deflection temperature @ 0.45 MPa: 76°C (ISO 75),,new,,high,reader-r1-11,
D-FIBERLOGY-PCTGCF-FILAMENT-PAGE,1,value,Tensile yield strength,G144-03,PCTG+CF Filament,Tensile strength at yield,70 MPa (ISO 527),70,,MPa,,,,,,ISO 527,,Technical Specifications,Tensile strength at yield: 70 MPa (ISO 527),,new,,high,reader-r1-11,
D-FIBERLOGY-PCTGCF-FILAMENT-PAGE,1,value,Tensile break strength,G144-03,PCTG+CF Filament,Tensile strength at break,65 MPa (ISO 527),65,,MPa,,,,,,ISO 527,,Technical Specifications,Tensile strength at break: 65 MPa (ISO 527),,new,,high,reader-r1-11,
D-FIBERLOGY-PCTGCF-FILAMENT-PAGE,1,value,Izod impact strength,G144-03,PCTG+CF Filament,Izod impact strength (uncharved) @ 23°C,45 kJ/m² (ISO 180),45,,kJ/m²,,,,,,ISO 180,temp=23 °C; unnotched,Technical Specifications,Izod impact strength (uncharved) @ 23°C: 45 kJ/m² (ISO 180),,new,,high,reader-r1-11,"label printed ""uncharved"" (sic), read as unnotched"
D-FIBERLOGY-PCTGCF-FILAMENT-PAGE,1,value,Izod impact strength,G144-03,PCTG+CF Filament,Izod impact strength (notched) @ 23°C,4 kJ/m² (ISO 180),4,,kJ/m²,,,,,,ISO 180,temp=23 °C; notched,Technical Specifications,Izod impact strength (notched) @ 23°C: 4 kJ/m² (ISO 180),,new,,high,reader-r1-11,
D-FIBERLOGY-PCTGCF-FILAMENT-PAGE,1,value,Elongation at break,G144-03,PCTG+CF Filament,Elongation at break,5% (ISO 527),5,,%,,,,,,ISO 527,,Technical Specifications,Elongation at break: 5% (ISO 527),,new,,high,reader-r1-11,
D-FIBERLOGY-PCTGGF-FILAMENT-PAGE,1,identity,grade,G110-03,PCTG+GF Filament,Title,PCTG+GF,,,,,,,,,,,,Fiberlogy PCTG+GF,,new,,high,reader-r1-11,HTML page; read from text.txt
D-FIBERLOGY-PCTGGF-FILAMENT-PAGE,1,identity,filler,G110-03,PCTG+GF Filament,Description,glass fiber (10%),10,,%,,,,,,,,,combines the versatility of PCTG copolyester with the exceptional properties of glass fiber (10%),,new,,high,reader-r1-11,
D-FIBERLOGY-PCTGGF-FILAMENT-PAGE,1,identity,polymer,G110-03,PCTG+GF Filament,Description,PCTG copolyester,,,,,,,,,,,,combines the versatility of PCTG copolyester,,new,,high,reader-r1-11,
D-FIBERLOGY-PCTGGF-FILAMENT-PAGE,1,identity,colour,G110-03,PCTG+GF Filament,Colors,Natural,,,,,,,,,,,,Colors | Natural,,new,,high,reader-r1-11,
D-FIBERLOGY-PCTGGF-FILAMENT-PAGE,1,setting,nozzle,G110-03,PCTG+GF Filament,Printing temperature,250–270°C,250,270,°C,,,,,,,,Printing Parameters,Printing temperature: 250–270°C,,new,,high,reader-r1-11,
D-FIBERLOGY-PCTGGF-FILAMENT-PAGE,1,setting,bed,G110-03,PCTG+GF Filament,Bed temperature,100°C,100,,°C,,,,,,,,Printing Parameters,Bed temperature: 100°C,,new,,high,reader-r1-11,
D-FIBERLOGY-PCTGGF-FILAMENT-PAGE,1,setting,plate,G110-03,PCTG+GF Filament,Bed material,Smooth PEI + adhesive; Textured PEI; Glass + adhesive,,,,,,,,,,,Printing Parameters,Bed material: Smooth PEI + adhesive; Textured PEI; Glass + adhesive,,new,,high,reader-r1-11,
D-FIBERLOGY-PCTGGF-FILAMENT-PAGE,1,setting,drying,G110-03,PCTG+GF Filament,Drying conditions,60°C / 4 hours,60,,°C,,,,,,,hours=4,Printing Parameters,Drying conditions: 60°C / 4 hours,,new,,high,reader-r1-11,
D-FIBERLOGY-PCTGGF-FILAMENT-PAGE,1,setting,enclosure,G110-03,PCTG+GF Filament,Enclosed chamber,not required,,,,,,,,,,,Printing Parameters,Enclosed chamber: not required,,new,,high,reader-r1-11,
D-FIBERLOGY-PCTGGF-FILAMENT-PAGE,1,setting,fan,G110-03,PCTG+GF Filament,Airflow,0–25%,0,25,%,,,,,,,,Printing Parameters,Airflow: 0–25%,,new,,high,reader-r1-11,
D-FIBERLOGY-PCTGGF-FILAMENT-PAGE,1,value,Density,G110-03,PCTG+GF Filament,Density,1.31 g/cm³,1.31,,g/cm³,,,,,,,,Technical Specifications,Density: 1.31 g/cm³,,new,,high,reader-r1-11,
D-FIBERLOGY-PCTGGF-FILAMENT-PAGE,1,value,HDT,G110-03,PCTG+GF Filament,Heat deflection temperature under load @ 1.8 MPa,64°C (ISO 75),64,,°C,,,,,,ISO 75,load=1.8 MPa,Technical Specifications,Heat deflection temperature under load @ 1.8 MPa: 64°C (ISO 75),,new,,high,reader-r1-11,
D-FIBERLOGY-PCTGGF-FILAMENT-PAGE,1,value,HDT,G110-03,PCTG+GF Filament,Heat deflection temperature @ 0.45 MPa,76°C (ISO 75),76,,°C,,,,,,ISO 75,load=0.45 MPa,Technical Specifications,Heat deflection temperature @ 0.45 MPa: 76°C (ISO 75),,new,,high,reader-r1-11,
D-FIBERLOGY-PCTGGF-FILAMENT-PAGE,1,value,Tensile yield strength,G110-03,PCTG+GF Filament,Tensile strength at yield,55 MPa (ISO 527),55,,MPa,,,,,,ISO 527,,Technical Specifications,Tensile strength at yield: 55 MPa (ISO 527),,new,,high,reader-r1-11,
D-FIBERLOGY-PCTGGF-FILAMENT-PAGE,1,value,Tensile break strength,G110-03,PCTG+GF Filament,Tensile strength at break,25 MPa (ISO 527),25,,MPa,,,,,,ISO 527,,Technical Specifications,Tensile strength at break: 25 MPa (ISO 527),,new,,high,reader-r1-11,break value 25 is below yield 55 as printed
D-FIBERLOGY-PCTGGF-FILAMENT-PAGE,1,value,Tensile modulus,G110-03,PCTG+GF Filament,Tensile modulus of elasticity,"3,400 MPa (ISO 527)",3400,,MPa,,,,,,ISO 527,,Technical Specifications,"Tensile modulus of elasticity: 3,400 MPa (ISO 527)",,new,,high,reader-r1-11,
D-FIBERLOGY-PCTGGF-FILAMENT-PAGE,1,value,Izod impact strength,G110-03,PCTG+GF Filament,Izod impact strength (uncharved) @ 23°C,60 kJ/m² (ISO 180),60,,kJ/m²,,,,,,ISO 180,temp=23 °C; unnotched,Technical Specifications,Izod impact strength (uncharved) @ 23°C: 60 kJ/m² (ISO 180),,new,,high,reader-r1-11,"label printed ""uncharved"" (sic), read as unnotched"
D-FIBERLOGY-PCTGGF-FILAMENT-PAGE,1,value,Elongation at break,G110-03,PCTG+GF Filament,Elongation at break,8% (ISO 527),8,,%,,,,,,ISO 527,,Technical Specifications,Elongation at break: 8% (ISO 527),,new,,high,reader-r1-11,
D-FIBERLOGY-PETGPTFE-FILAMENT-PAGE,1,identity,grade,G109-02,PETG+PTFE Filament,Title,PETG+PTFE,,,,,,,,,,,,Fiberlogy PETG+PTFE,,new,,high,reader-r1-11,HTML page; read from text.txt
D-FIBERLOGY-PETGPTFE-FILAMENT-PAGE,1,identity,filler,G109-02,PETG+PTFE Filament,Description,10% PTFE (Teflon) content,10,,%,,,,,,,,,tribological properties thanks to its 10% PTFE (Teflon) content,,new,,high,reader-r1-11,
D-FIBERLOGY-PETGPTFE-FILAMENT-PAGE,1,identity,polymer,G109-02,PETG+PTFE Filament,Description,PET-G,,,,,,,,,,,,combines the ease of use and versatility of PET-G with tribological properties,,new,,high,reader-r1-11,
D-FIBERLOGY-PETGPTFE-FILAMENT-PAGE,1,value,Continuous service temperature,G109-02,PETG+PTFE Filament,Description,heat-resistant up to 70°C,70,,°C,,,,,,,,,PETG+PTFE filament is heat-resistant up to 70°C,,new,,medium,reader-r1-11,"prose; also ""Temperature resistance up to 70°C"" bullet"
D-FIBERLOGY-PETGPTFE-FILAMENT-PAGE,1,setting,nozzle,G109-02,PETG+PTFE Filament,Printing temperature,220–240°C,220,240,°C,,,,,,,,Printing Parameters,Printing temperature: 220–240°C,P1369,confirms,220–240°C,high,reader-r1-11,
D-FIBERLOGY-PETGPTFE-FILAMENT-PAGE,1,setting,bed,G109-02,PETG+PTFE Filament,Bed temperature,90°C,90,,°C,,,,,,,,Printing Parameters,Bed temperature: 90°C,P1369,confirms,90°C,high,reader-r1-11,
D-FIBERLOGY-PETGPTFE-FILAMENT-PAGE,1,setting,plate,G109-02,PETG+PTFE Filament,Bed material,Smooth PEI + adhesive; Textured PEI; Glass + adhesive,,,,,,,,,,,Printing Parameters,Bed material: Smooth PEI + adhesive; Textured PEI; Glass + adhesive,P1369,confirms,Smooth PEI + adhesive; Textured PEI; Glass + adhesive,high,reader-r1-11,
D-FIBERLOGY-PETGPTFE-FILAMENT-PAGE,1,setting,drying,G109-02,PETG+PTFE Filament,Drying conditions,60°C / 4 hours,60,,°C,,,,,,,hours=4,Printing Parameters,Drying conditions: 60°C / 4 hours,P1369,confirms,60°C / 4 hours,high,reader-r1-11,
D-FIBERLOGY-PETGPTFE-FILAMENT-PAGE,1,setting,enclosure,G109-02,PETG+PTFE Filament,Enclosed chamber,not required,,,,,,,,,,,Printing Parameters,Enclosed chamber: not required,P1369,confirms,not required,high,reader-r1-11,
D-FIBERLOGY-PETGPTFE-FILAMENT-PAGE,1,setting,fan,G109-02,PETG+PTFE Filament,Airflow,0–25%,0,25,%,,,,,,,,Printing Parameters,Airflow: 0–25%,,new,,high,reader-r1-11,
D-FIBERLOGY-PETGPTFE-FILAMENT-PAGE,1,value,Density,G109-02,PETG+PTFE Filament,Density,1.32 g/cm³,1.32,,g/cm³,,,,,,,,Technical Specifications,Density: 1.32 g/cm³,,new,,high,reader-r1-11,
D-FIBERLOGY-PETGPTFE-FILAMENT-PAGE,1,value,Charpy strength,G109-02,PETG+PTFE Filament,Charpy impact strength (notched) @ 23°C,6 kJ/m² (ISO 179),6,,kJ/m²,,,,,,ISO 179,temp=23 °C; notched,Technical Specifications,Charpy impact strength (notched) @ 23°C: 6 kJ/m² (ISO 179),,new,,high,reader-r1-11,
D-FIBERLOGY-PETGPTFE-FILAMENT-PAGE,1,value,Tensile yield strength,G109-02,PETG+PTFE Filament,Tensile strength at yield,40 MPa (ISO 527),40,,MPa,,,,,,ISO 527,,Technical Specifications,Tensile strength at yield: 40 MPa (ISO 527),,new,,high,reader-r1-11,
D-FIBERLOGY-PETGPTFE-FILAMENT-PAGE,1,value,Tensile break strength,G109-02,PETG+PTFE Filament,Tensile strength at break,25 MPa (ISO 527),25,,MPa,,,,,,ISO 527,,Technical Specifications,Tensile strength at break: 25 MPa (ISO 527),,new,,high,reader-r1-11,
D-FIBERLOGY-PETGPTFE-FILAMENT-PAGE,1,value,Tensile modulus,G109-02,PETG+PTFE Filament,Tensile modulus,"1,850 MPa (ISO 527)",1850,,MPa,,,,,,ISO 527,,Technical Specifications,"Tensile modulus: 1,850 MPa (ISO 527)",,new,,high,reader-r1-11,
D-FIBERLOGY-PETGPTFE-FILAMENT-PAGE,1,value,Elongation at yield,G109-02,PETG+PTFE Filament,Elongation at yield,3.7% (ISO 527),3.7,,%,,,,,,ISO 527,,Technical Specifications,Elongation at yield: 3.7% (ISO 527),,new,,high,reader-r1-11,
D-FIBERLOGY-PETGPTFE-FILAMENT-PAGE,1,value,Elongation at break,G109-02,PETG+PTFE Filament,Elongation at break,>100% (ISO 527),100,,%,>,,,,,ISO 527,,Technical Specifications,Elongation at break: >100% (ISO 527),,new,,high,reader-r1-11,
D-FIBERLOGY-PETGPTFE-FILAMENT-PAGE,1,value,Charpy strength,G109-02,PETG+PTFE Filament,Charpy impact strength (unnotched) @ 23°C,NB (ISO 179),,,,,,,,,ISO 179,temp=23 °C; unnotched,Technical Specifications,Charpy impact strength (unnotched) @ 23°C: NB (ISO 179),,new,,high,reader-r1-11,NB = no break; no number
D-FIBERLOGY-PLA-MINERAL-FILAMENT-PAGE,1,identity,grade,G158-01,PLA MINERAL,Title,PLA MINERAL,,,,,,,,,,,,Fiberlogy PLA MINERAL,,new,,high,reader-r1-11,HTML page; read from text.txt
D-FIBERLOGY-PLA-MINERAL-FILAMENT-PAGE,1,identity,polymer,G158-01,PLA MINERAL,Description,specialized PLA filament,,,,,,,,,,,,Fiberlogy PLA MINERAL is a specialized PLA filament,,new,,high,reader-r1-11,
D-FIBERLOGY-PLA-MINERAL-FILAMENT-PAGE,1,identity,filler,G158-01,PLA MINERAL,Description,satin finish achieved by adding chalk,,,,,,,,,,,,"The satin finish, achieved by adding chalk, gives the designs an elegant look.",,new,,high,reader-r1-11,
D-FIBERLOGY-PLA-MINERAL-FILAMENT-PAGE,1,identity,colour,G158-01,PLA MINERAL,Colors,White,,,,,,,,,,,,Colors | White,,new,,high,reader-r1-11,
D-FIBERLOGY-PLA-MINERAL-FILAMENT-PAGE,1,setting,nozzle,G158-01,PLA MINERAL,Printing temperature,190–210°C,190,210,°C,,,,,,,,Printing Parameters,Printing temperature: 190–210°C,,new,,high,reader-r1-11,
D-FIBERLOGY-PLA-MINERAL-FILAMENT-PAGE,1,setting,bed,G158-01,PLA MINERAL,Bed temperature,60°C,60,,°C,,,,,,,,Printing Parameters,Bed temperature: 60°C,,new,,high,reader-r1-11,
D-FIBERLOGY-PLA-MINERAL-FILAMENT-PAGE,1,setting,plate,G158-01,PLA MINERAL,Bed material,"Smooth PEI, Textured PEI, Glass",,,,,,,,,,,Printing Parameters,"Bed material: Smooth PEI, Textured PEI, Glass",,new,,high,reader-r1-11,
D-FIBERLOGY-PLA-MINERAL-FILAMENT-PAGE,1,setting,drying,G158-01,PLA MINERAL,Drying conditions,50°C / 6 hours,50,,°C,,,,,,,hours=6,Printing Parameters,Drying conditions: 50°C / 6 hours,,new,,high,reader-r1-11,
D-FIBERLOGY-PLA-MINERAL-FILAMENT-PAGE,1,setting,enclosure,G158-01,PLA MINERAL,Enclosed chamber,not required,,,,,,,,,,,Printing Parameters,Enclosed chamber: not required,,new,,high,reader-r1-11,
D-FIBERLOGY-PLA-MINERAL-FILAMENT-PAGE,1,setting,fan,G158-01,PLA MINERAL,Airflow,75–100%,75,100,%,,,,,,,,Printing Parameters,Airflow: 75–100%,,new,,high,reader-r1-11,
D-FIBERLOGY-PLA-MINERAL-FILAMENT-PAGE,1,value,Density,G158-01,PLA MINERAL,Density,1.38 g/cm³,1.38,,g/cm³,,,,,,,,Technical Specifications,Density: 1.38 g/cm³,,new,,high,reader-r1-11,
D-FIBERLOGY-PLA-MINERAL-FILAMENT-PAGE,1,value,HDT,G158-01,PLA MINERAL,Deflection temperature under load @ 0.45 MPa,48°C (ISO 75),48,,°C,,,,,,ISO 75,load=0.45 MPa,Technical Specifications,Deflection temperature under load @ 0.45 MPa: 48°C (ISO 75),,new,,high,reader-r1-11,
D-FIBERLOGY-PLA-MINERAL-FILAMENT-PAGE,1,value,Tensile yield strength,G158-01,PLA MINERAL,Tensile strength at yield,45 MPa (ISO 527),45,,MPa,,,,,,ISO 527,,Technical Specifications,Tensile strength at yield: 45 MPa (ISO 527),,new,,high,reader-r1-11,
D-FIBERLOGY-PLA-MINERAL-FILAMENT-PAGE,1,value,Tensile break strength,G158-01,PLA MINERAL,Tensile strength at break,30 MPa (ISO 527),30,,MPa,,,,,,ISO 527,,Technical Specifications,Tensile strength at break: 30 MPa (ISO 527),,new,,high,reader-r1-11,
D-FIBERLOGY-PLA-MINERAL-FILAMENT-PAGE,1,value,Tensile modulus,G158-01,PLA MINERAL,Tensile modulus,"3,500 MPa (ISO 527)",3500,,MPa,,,,,,ISO 527,,Technical Specifications,"Tensile modulus: 3,500 MPa (ISO 527)",,new,,high,reader-r1-11,
D-FIBERLOGY-PLA-MINERAL-FILAMENT-PAGE,1,value,Elongation at yield,G158-01,PLA MINERAL,Elongation at yield,3% (ISO 527),3,,%,,,,,,ISO 527,,Technical Specifications,Elongation at yield: 3% (ISO 527),,new,,high,reader-r1-11,
D-FIBERLOGY-PLA-MINERAL-FILAMENT-PAGE,1,value,Elongation at break,G158-01,PLA MINERAL,Elongation at break,23% (ISO 527),23,,%,,,,,,ISO 527,,Technical Specifications,Elongation at break: 23% (ISO 527),,new,,high,reader-r1-11,
D-FIBERLOGY-PLA-MINERAL-FILAMENT-PAGE,1,value,Charpy strength,G158-01,PLA MINERAL,Charpy impact strength (unnotched) @ 23°C,59 kJ/m² (ISO 179),59,,kJ/m²,,,,,,ISO 179,temp=23 °C; unnotched,Technical Specifications,Charpy impact strength (unnotched) @ 23°C: 59 kJ/m² (ISO 179),,new,,high,reader-r1-11,
D-FIBERLOGY-PP-FILAMENT-PAGE,1,identity,grade,G082-10,PP,Title,PP,,,,,,,,,,,,Fiberlogy PP filament,,new,,high,reader-r1-11,HTML page; read from text.txt
D-FIBERLOGY-PP-FILAMENT-PAGE,1,identity,polymer,G082-10,PP,Description,Polypropylene (PP),,,,,,,,,,,,Polypropylene (PP) is one of the most widely used industrial polymers,,new,,high,reader-r1-11,
D-FIBERLOGY-PP-FILAMENT-PAGE,1,identity,colour,G082-10,PP,Colors,"Orange, Light Green, Skin Tone 2, SkinTone 3, Pastel Yellow, Pastel Pink, Steel Blue, Sage Green, Brown, Irish Green, Navy Blue, Blue, Black, Gray, Yellow, White, Pastel Mint, Pastel Lilac, Pastel Blue, Graphite, Natural",,,,,,,,,,,,Colors | Orange | Light Green | Skin Tone 2 | SkinTone 3,,new,,high,reader-r1-11,
D-FIBERLOGY-PP-FILAMENT-PAGE,1,setting,nozzle,G082-10,PP,Printing temperature,220–250°C,220,250,°C,,,,,,,,Printing Parameters,Printing temperature: 220–250°C,P1367,confirms,220–250°C,high,reader-r1-11,
D-FIBERLOGY-PP-FILAMENT-PAGE,1,setting,bed,G082-10,PP,Bed temperature,Not required when using packing tape,,,,,,,,,,,Printing Parameters,Bed temperature: Not required when using packing tape,P1367,confirms,Not required when using packing tape,high,reader-r1-11,
D-FIBERLOGY-PP-FILAMENT-PAGE,1,setting,plate,G082-10,PP,Build surface,Smooth PEI + packing tape (PP); Glass + packing tape (PP); Powder-coated plate – PP,,,,,,,,,,,Printing Parameters,Build surface: Smooth PEI + packing tape (PP); Glass + packing tape (PP); Powder-coated plate – PP,P1367,confirms,Smooth PEI + packing tape (PP); Glass + packing tape (PP); Powder-coated plate – PP,high,reader-r1-11,
D-FIBERLOGY-PP-FILAMENT-PAGE,1,setting,drying,G082-10,PP,Drying conditions,50°C / 4 hours,50,,°C,,,,,,,hours=4,Printing Parameters,Drying conditions: 50°C / 4 hours,P1367,confirms,50°C / 4 hours,high,reader-r1-11,
D-FIBERLOGY-PP-FILAMENT-PAGE,1,setting,enclosure,G082-10,PP,Enclosed chamber,not required,,,,,,,,,,,Printing Parameters,Enclosed chamber: not required,P1367,confirms,not required,high,reader-r1-11,
D-FIBERLOGY-PP-FILAMENT-PAGE,1,setting,fan,G082-10,PP,Airflow,0–50%,0,50,%,,,,,,,,Printing Parameters,Airflow: 0–50%,,new,,high,reader-r1-11,
D-FIBERLOGY-PP-FILAMENT-PAGE,1,value,Density,G082-10,PP,Density,1.05 g/cm³,1.05,,g/cm³,,,,,,,,Technical Specifications,Density: 1.05 g/cm³,,new,,high,reader-r1-11,
D-FIBERLOGY-PP-FILAMENT-PAGE,1,value,Charpy strength,G082-10,PP,Charpy impact strength (notched) @ 23°C,30 kJ/m² (ISO 179),30,,kJ/m²,,,,,,ISO 179,temp=23 °C; notched,Technical Specifications,Charpy impact strength (notched) @ 23°C: 30 kJ/m² (ISO 179),,new,,high,reader-r1-11,
D-FIBERLOGY-PP-FILAMENT-PAGE,1,value,Vicat softening temperature,G082-10,PP,Vicat softening temperature,110°C (ISO 306),110,,°C,,,,,,ISO 306,,Technical Specifications,Vicat softening temperature: 110°C (ISO 306),,new,,high,reader-r1-11,
D-FIBERLOGY-PP-FILAMENT-PAGE,1,value,HDT,G082-10,PP,Deflection temperature under load @ 0.45 MPa,51°C (ISO 75),51,,°C,,,,,,ISO 75,load=0.45 MPa,Technical Specifications,Deflection temperature under load @ 0.45 MPa: 51°C (ISO 75),,new,,high,reader-r1-11,
D-FIBERLOGY-PP-FILAMENT-PAGE,1,value,Glass transition temperature,G082-10,PP,Glass transition temperature,-31°C (DSC),-31,,°C,,,,,,DSC,,Technical Specifications,Glass transition temperature: -31°C (DSC),,new,,high,reader-r1-11,
D-FIBERLOGY-PP-FILAMENT-PAGE,1,value,Tensile strength (endpoint unspecified),G082-10,PP,Tensile strength,14 MPa (ISO 527),14,,MPa,,,,,,ISO 527,,Technical Specifications,Tensile strength: 14 MPa (ISO 527),,new,,high,reader-r1-11,
D-FIBERLOGY-PP-FILAMENT-PAGE,1,value,Tensile modulus,G082-10,PP,Tensile modulus,700 MPa (ISO 527),700,,MPa,,,,,,ISO 527,,Technical Specifications,Tensile modulus: 700 MPa (ISO 527),,new,,high,reader-r1-11,
D-FIBERLOGY-PP-FILAMENT-PAGE,1,value,Elongation at break,G082-10,PP,Elongation at break,>100% (ISO 527),100,,%,>,,,,,ISO 527,,Technical Specifications,Elongation at break: >100% (ISO 527),,new,,high,reader-r1-11,
D-FIBERLOGY-RNYLON-FILAMENT-PAGE,1,identity,grade,G052-07,rNylon,Title,rNylon,,,,,,,,,,,,Fiberlogy rNylon,,new,,high,reader-r1-11,HTML page; read from text.txt
D-FIBERLOGY-RNYLON-FILAMENT-PAGE,1,identity,polymer,G052-07,rNylon,Description,100% recycled nylon (PA12),,,,,,,,,,,,Fiberlogy rNylon is an innovative 3D printing filament made from 100% recycled nylon (PA12).,,new,,high,reader-r1-11,
D-FIBERLOGY-RNYLON-FILAMENT-PAGE,1,identity,colour,G052-07,rNylon,Colors,Anthracite,,,,,,,,,,,,Colors | Anthracite,,new,,high,reader-r1-11,
D-FIBERLOGY-RNYLON-FILAMENT-PAGE,1,setting,nozzle,G052-07,rNylon,Printing temperature,255–270°C,255,270,°C,,,,,,,,Printing Parameters,Printing temperature: 255–270°C,,new,,high,reader-r1-11,
D-FIBERLOGY-RNYLON-FILAMENT-PAGE,1,setting,bed,G052-07,rNylon,Bed temperature,110°C,110,,°C,,,,,,,,Printing Parameters,Bed temperature: 110°C,,new,,high,reader-r1-11,
D-FIBERLOGY-RNYLON-FILAMENT-PAGE,1,setting,plate,G052-07,rNylon,Bed material,Smooth PEI + adhesive; Textured PEI + adhesive; Glass + adhesive,,,,,,,,,,,Printing Parameters,Bed material: Smooth PEI + adhesive; Textured PEI + adhesive; Glass + adhesive,,new,,high,reader-r1-11,
D-FIBERLOGY-RNYLON-FILAMENT-PAGE,1,setting,drying,G052-07,rNylon,Drying conditions,70°C / 4 hours,70,,°C,,,,,,,hours=4,Printing Parameters,Drying conditions: 70°C / 4 hours,,new,,high,reader-r1-11,
D-FIBERLOGY-RNYLON-FILAMENT-PAGE,1,setting,enclosure,G052-07,rNylon,Enclosed chamber,required,,,,,,,,,,,Printing Parameters,Enclosed chamber: required,,new,,high,reader-r1-11,
D-FIBERLOGY-RNYLON-FILAMENT-PAGE,1,setting,fan,G052-07,rNylon,Airflow,0–10%,0,10,%,,,,,,,,Printing Parameters,Airflow: 0–10%,,new,,high,reader-r1-11,
D-FIBERLOGY-RNYLON-FILAMENT-PAGE,1,value,Density,G052-07,rNylon,Density,1.01 g/cm³,1.01,,g/cm³,,,,,,,,Technical Specifications,Density: 1.01 g/cm³,,new,,high,reader-r1-11,
D-FIBERLOGY-RNYLON-FILAMENT-PAGE,1,value,Vicat softening temperature,G052-07,rNylon,Vicat softening temperature,145°C (ISO 306),145,,°C,,,,,,ISO 306,,Technical Specifications,Vicat softening temperature: 145°C (ISO 306),,new,,high,reader-r1-11,
D-FIBERLOGY-RNYLON-FILAMENT-PAGE,1,value,HDT,G052-07,rNylon,Heat deflection temperature under load @ 1.8 MPa,55°C (ISO 75),55,,°C,,,,,,ISO 75,load=1.8 MPa,Technical Specifications,Heat deflection temperature under load @ 1.8 MPa: 55°C (ISO 75),,new,,high,reader-r1-11,
D-FIBERLOGY-RNYLON-FILAMENT-PAGE,1,value,HDT,G052-07,rNylon,Heat deflection temperature @ 0.45 MPa,135°C (ISO 75),135,,°C,,,,,,ISO 75,load=0.45 MPa,Technical Specifications,Heat deflection temperature @ 0.45 MPa: 135°C (ISO 75),,new,,high,reader-r1-11,
D-FIBERLOGY-RNYLON-FILAMENT-PAGE,1,value,Tensile yield strength,G052-07,rNylon,Tensile strength at yield,45 MPa (ISO 527),45,,MPa,,,,,,ISO 527,,Technical Specifications,Tensile strength at yield: 45 MPa (ISO 527),,new,,high,reader-r1-11,
D-FIBERLOGY-RNYLON-FILAMENT-PAGE,1,value,Tensile modulus,G052-07,rNylon,Tensile modulus,"1,400 MPa (ISO 527)",1400,,MPa,,,,,,ISO 527,,Technical Specifications,"Tensile modulus: 1,400 MPa (ISO 527)",,new,,high,reader-r1-11,
D-FIBERLOGY-RNYLON-FILAMENT-PAGE,1,value,Izod impact strength,G052-07,rNylon,Izod impact strength (uncharved) @ 23°C,12 kJ/m² (ISO 180),12,,kJ/m²,,,,,,ISO 180,temp=23 °C; unnotched,Technical Specifications,Izod impact strength (uncharved) @ 23°C: 12 kJ/m² (ISO 180),,new,,high,reader-r1-11,"label printed ""uncharved"" (sic), read as unnotched; same number as the Charpy notched value on the Nylon PA12 page"
D-FIBERLOGY-RNYLON-FILAMENT-PAGE,1,value,Elongation at yield,G052-07,rNylon,Elongation at yield,5% (ISO 527),5,,%,,,,,,ISO 527,,Technical Specifications,Elongation at yield: 5% (ISO 527),,new,,high,reader-r1-11,
D-FIBERLOGY-RNYLON-FILAMENT-PAGE,1,value,Elongation at break,G052-07,rNylon,Elongation at break,>50% (ISO 527),50,,%,>,,,,,ISO 527,,Technical Specifications,Elongation at break: >50% (ISO 527),,new,,high,reader-r1-11,
D-FIBERLOGY-RPP-FILAMENT-PAGE,1,identity,grade,G082-13,R PP,Title,R PP,,,,,,,,,,,,Fiberlogy R PP,,new,,high,reader-r1-11,HTML page; read from text.txt
D-FIBERLOGY-RPP-FILAMENT-PAGE,1,identity,polymer,G082-13,R PP,Description,100% recycled polypropylene (PP),,,,,,,,,,,,Fiberlogy R PP is an eco-friendly 3D printing filament made from 100% recycled polypropylene (PP),,new,,high,reader-r1-11,
D-FIBERLOGY-RPP-FILAMENT-PAGE,1,setting,nozzle,G082-13,R PP,Printing temperature,220–250°C,220,250,°C,,,,,,,,Printing Parameters,Printing temperature: 220–250°C,,new,,high,reader-r1-11,
D-FIBERLOGY-RPP-FILAMENT-PAGE,1,setting,bed,G082-13,R PP,Bed temperature,Not required when using packing tape,,,,,,,,,,,Printing Parameters,Bed temperature: Not required when using packing tape,,new,,high,reader-r1-11,
D-FIBERLOGY-RPP-FILAMENT-PAGE,1,setting,plate,G082-13,R PP,Build surface,Smooth PEI + packing tape (PP); Glass + packing tape (PP); Powder-coated plate – PP,,,,,,,,,,,Printing Parameters,Build surface: Smooth PEI + packing tape (PP); Glass + packing tape (PP); Powder-coated plate – PP,,new,,high,reader-r1-11,
D-FIBERLOGY-RPP-FILAMENT-PAGE,1,setting,drying,G082-13,R PP,Drying conditions,50°C / 4 hours,50,,°C,,,,,,,hours=4,Printing Parameters,Drying conditions: 50°C / 4 hours,,new,,high,reader-r1-11,
D-FIBERLOGY-RPP-FILAMENT-PAGE,1,setting,enclosure,G082-13,R PP,Enclosed chamber,not required,,,,,,,,,,,Printing Parameters,Enclosed chamber: not required,,new,,high,reader-r1-11,
D-FIBERLOGY-RPP-FILAMENT-PAGE,1,setting,fan,G082-13,R PP,Airflow,0–50%,0,50,%,,,,,,,,Printing Parameters,Airflow: 0–50%,,new,,high,reader-r1-11,
D-FIBERLOGY-RPP-FILAMENT-PAGE,1,value,Density,G082-13,R PP,Density,1.05 g/cm³,1.05,,g/cm³,,,,,,,,Technical Specifications,Density: 1.05 g/cm³,,new,,high,reader-r1-11,
D-FIBERLOGY-RPP-FILAMENT-PAGE,1,value,Charpy strength,G082-13,R PP,Charpy impact strength (notched) @ 23°C,30 kJ/m² (ISO 179),30,,kJ/m²,,,,,,ISO 179,temp=23 °C; notched,Technical Specifications,Charpy impact strength (notched) @ 23°C: 30 kJ/m² (ISO 179),,new,,high,reader-r1-11,
D-FIBERLOGY-RPP-FILAMENT-PAGE,1,value,HDT,G082-13,R PP,Deflection temperature under load @ 0.45 MPa,40°C (ISO 75),40,,°C,,,,,,ISO 75,load=0.45 MPa,Technical Specifications,Deflection temperature under load @ 0.45 MPa: 40°C (ISO 75),,new,,high,reader-r1-11,virgin PP page prints 51°C for the same test
D-FIBERLOGY-RPP-FILAMENT-PAGE,1,value,Tensile strength (endpoint unspecified),G082-13,R PP,Tensile strength,14 MPa (ISO 527),14,,MPa,,,,,,ISO 527,,Technical Specifications,Tensile strength: 14 MPa (ISO 527),,new,,high,reader-r1-11,
D-FIBERLOGY-RPP-FILAMENT-PAGE,1,value,Tensile modulus,G082-13,R PP,Tensile modulus,700 MPa (ISO 527),700,,MPa,,,,,,ISO 527,,Technical Specifications,Tensile modulus: 700 MPa (ISO 527),,new,,high,reader-r1-11,
D-FIBERLOGY-RPP-FILAMENT-PAGE,1,value,Elongation at break,G082-13,R PP,Elongation at break,>100% (ISO 527),100,,%,>,,,,,ISO 527,,Technical Specifications,Elongation at break: >100% (ISO 527),,new,,high,reader-r1-11,
R-3DJAKE-FIBERLOGY-PCTGCF-TDS,1,identity,grade,G144-03,PCTG+CF10,Trade name,Fiberlogy PCTG+CF10,,,,,,,,,,,,TRADE NAME: Fiberlogy PCTG+CF10,,new,,high,reader-r1-11,
R-3DJAKE-FIBERLOGY-PCTGCF-TDS,1,identity,polymer,G144-03,PCTG+CF10,Description,PCTG+CF10 filament designed for printing in FFF/FDM technology,,,,,,,,,,,,DESCRIPTION: PCTG+CF10 filament designed for printing in FFF/FDM technology,,new,,high,reader-r1-11,
R-3DJAKE-FIBERLOGY-PCTGCF-TDS,1,identity,diameter,G144-03,PCTG+CF10,Diameter,1.75 mm,1.75,,mm,,,,,,,,TECHNICAL INFORMATION,Diameter: 1.75 mm,,new,,high,reader-r1-11,
R-3DJAKE-FIBERLOGY-PCTGCF-TDS,1,setting,nozzle,G144-03,PCTG+CF10,Print Temperature,250°C - 270°C,250,270,°C,,,,,,,,TECHNICAL INFORMATION,Print Temperature: 250°C - 270°C,P1060,confirms,250°C - 270°C,high,reader-r1-11,
R-3DJAKE-FIBERLOGY-PCTGCF-TDS,1,setting,bed,G144-03,PCTG+CF10,Bed Temperature,90°C - 110°C,90,110,°C,,,,,,,,TECHNICAL INFORMATION,Bed Temperature: 90°C - 110°C,P1060,confirms,90°C - 110°C,high,reader-r1-11,
R-3DJAKE-FIBERLOGY-PCTGCF-TDS,1,value,Density,G144-03,PCTG+CF10,Specific Gravity,1.28 g/cm³,1.28,,g/cm³,,,,,,ISO 1183,,Physical Properties,Specific Gravity | ISO 1183 | g/cm³ | 1.28,,new,,high,reader-r1-11,
R-3DJAKE-FIBERLOGY-PCTGCF-TDS,1,value,Tensile yield strength,G144-03,PCTG+CF10,Tensile Strength @ Yield,70 MPa,70,,MPa,,,,,,ISO 527,,Mechanical Properties,Tensile Strength @ Yield | ISO 527 | MPa | 70,,new,,high,reader-r1-11,text layer lacks 70; image prints 70
R-3DJAKE-FIBERLOGY-PCTGCF-TDS,1,value,Tensile break strength,G144-03,PCTG+CF10,Tensile Strength @ Break,65 MPa,65,,MPa,,,,,,ISO 527,,Mechanical Properties,Tensile Strength @ Break | ISO 527 | MPa | 65,V010702,confirms,65 MPa,high,reader-r1-11,
R-3DJAKE-FIBERLOGY-PCTGCF-TDS,1,value,Elongation at break,G144-03,PCTG+CF10,Elongation @ Break,5.0 %,5.0,,%,,,,,,ISO 527,,Mechanical Properties,Elongation @ Break | ISO 527 | % | 5.0,V010703,confirms,5.0 %,high,reader-r1-11,
R-3DJAKE-FIBERLOGY-PCTGCF-TDS,1,value,Izod impact strength,G144-03,PCTG+CF10,Izod Impact Strength (Unnotched) @ 23°C,45 kJ/m²,45,,kJ/m²,,,,,,ISO 180,temp=23 °C; unnotched,Mechanical Properties,Izod Impact Strength (Unnotched) @ 23°C | ISO 180 | kJ/m² | 45,V010704,confirms,45 kJ/m2,high,reader-r1-11,
R-3DJAKE-FIBERLOGY-PCTGCF-TDS,1,value,Izod impact strength,G144-03,PCTG+CF10,Izod Impact Strength (Notched) @ 23°C,4 kJ/m²,4,,kJ/m²,,,,,,ISO 180,temp=23 °C; notched,Mechanical Properties,Izod Impact Strength (Notched) @ 23°C | ISO 180 | kJ/m² | 4,V010705,confirms,4 kJ/m2,high,reader-r1-11,
R-3DJAKE-FIBERLOGY-PCTGCF-TDS,1,value,HDT,G144-03,PCTG+CF10,Heat Distortion Temperature @ 0.45 MPa,76 °C,76,,°C,,,,,,ISO 75,load=0.45 MPa,Thermal Properties,Heat Distortion Temperature @ 0.45 MPa | ISO 75 | °C | 76,V010706,confirms,76 °C,high,reader-r1-11,
R-3DJAKE-FIBERLOGY-PCTGCF-TDS,1,value,HDT,G144-03,PCTG+CF10,Heat Distortion Temperature @ 1.8 MPa,64 °C,64,,°C,,,,,,ISO 75,load=1.8 MPa,Thermal Properties,Heat Distortion Temperature @ 1.8 MPa | ISO 75 | °C | 64,V010707,confirms,64 °C,high,reader-r1-11,
R-3DJAKE-FIBERLOGY-PCTGCF-TDS,1,value,Glass transition temperature,G144-03,PCTG+CF10,Glass Transition Temperature Tg,88 °C,88,,°C,,,,,,DCS,,Thermal Properties,Glass Transition Temperature Tg | DCS | °C | 88,V010708,confirms,88 °C,high,reader-r1-11,"method column prints ""DCS"" (sic)"
R-FIBERLOGY-FIBERLOGY-ASA-AF-TDS,1,identity,grade,G113-03,FIBERLOGY ASA+AF,Trade name,Fiberlogy ASA+AF,,,,,,,,,,,,TRADE NAME: Fiberlogy ASA+AF,,new,,high,reader-r1-11,
R-FIBERLOGY-FIBERLOGY-ASA-AF-TDS,1,identity,polymer,G113-03,FIBERLOGY ASA+AF,Description,"ASA+AF filament designed for printing in FFF/FDM technology, available in a natural color",,,,,,,,,,,,"DESCRIPTION: ASA+AF filament designed for printing in FFF/FDM technology, | available in a natural color",,new,,high,reader-r1-11,
R-FIBERLOGY-FIBERLOGY-ASA-AF-TDS,1,identity,colour,G113-03,FIBERLOGY ASA+AF,Description,natural color,,,,,,,,,,,,available in a natural color,,new,,high,reader-r1-11,
R-FIBERLOGY-FIBERLOGY-ASA-AF-TDS,1,identity,diameter,G113-03,FIBERLOGY ASA+AF,Diameter,1.75 mm,1.75,,mm,,,,,,,,TECHNICAL INFORMATION,Diameter: 1.75 mm,,new,,high,reader-r1-11,
R-FIBERLOGY-FIBERLOGY-ASA-AF-TDS,1,setting,nozzle,G113-03,FIBERLOGY ASA+AF,Print Temperature,255°C - 280°C,255,280,°C,,,,,,,,TECHNICAL INFORMATION,Print Temperature: 255°C - 280°C,P1274,confirms,255°C - 280°C,high,reader-r1-11,
R-FIBERLOGY-FIBERLOGY-ASA-AF-TDS,1,setting,bed,G113-03,FIBERLOGY ASA+AF,Bed Temperature,90°C - 110°C,90,110,°C,,,,,,,,TECHNICAL INFORMATION,Bed Temperature: 90°C - 110°C,P1274,confirms,90°C - 110°C,high,reader-r1-11,
R-FIBERLOGY-FIBERLOGY-ASA-AF-TDS,1,value,Density,G113-03,FIBERLOGY ASA+AF,Density,1.07 g/cm³,1.07,,g/cm³,,,,,,ISO 1183,,Physical Properties,Density | ISO 1183 | g/cm³ | 1.07,,new,,high,reader-r1-11,
R-FIBERLOGY-FIBERLOGY-ASA-AF-TDS,1,value,Tensile yield strength,G113-03,FIBERLOGY ASA+AF,Tensile Strength @ Yield,40 MPa,40,,MPa,,,,,,ISO 527,,Mechanical Properties,Tensile Strength @ Yield | ISO 527 | MPa | 40,,new,,high,reader-r1-11,
R-FIBERLOGY-FIBERLOGY-ASA-AF-TDS,1,value,Tensile break strength,G113-03,FIBERLOGY ASA+AF,Tensile Strength @ Break,35 MPa,35,,MPa,,,,,,ISO 527,,Mechanical Properties,Tensile Strength @ Break | ISO 527 | MPa | 35,,new,,high,reader-r1-11,
R-FIBERLOGY-FIBERLOGY-ASA-AF-TDS,1,value,Tensile modulus,G113-03,FIBERLOGY ASA+AF,Tensile Modulus,2200 MPa,2200,,MPa,,,,,,ISO 527,,Mechanical Properties,Tensile Modulus | ISO 527 | MPa | 2200,,new,,high,reader-r1-11,
R-FIBERLOGY-FIBERLOGY-ASA-AF-TDS,1,value,Elongation at yield,G113-03,FIBERLOGY ASA+AF,Elongation @ Yield,2.8 %,2.8,,%,,,,,,ISO 527,,Mechanical Properties,Elongation @ Yield | ISO 527 | % | 2.8,,new,,high,reader-r1-11,
R-FIBERLOGY-FIBERLOGY-ASA-AF-TDS,1,value,Elongation at break,G113-03,FIBERLOGY ASA+AF,Elongation @ Break,6 %,6,,%,,,,,,ISO 527,,Mechanical Properties,Elongation @ Break | ISO 527 | % | 6,,new,,high,reader-r1-11,
R-FIBERLOGY-FIBERLOGY-ASA-AF-TDS,1,value,Charpy strength,G113-03,FIBERLOGY ASA+AF,Charpy Impact Strength (Unnotched),25 kJ/m²,25,,kJ/m²,,,,,,ISO 179,unnotched,Mechanical Properties,Charpy Impact Strength (Unnotched) | ISO 179 | kJ/m² | 25,,new,,high,reader-r1-11,
R-FIBERLOGY-FIBERLOGY-ASA-AF-TDS,1,value,Charpy strength,G113-03,FIBERLOGY ASA+AF,Charpy Impact Strength (Notched),7.5 kJ/m²,7.5,,kJ/m²,,,,,,ISO 179,notched,Mechanical Properties,Charpy Impact Strength (Notched) | ISO 179 | kJ/m² | 7.5,,new,,high,reader-r1-11,
R-FIBERLOGY-FIBERLOGY-ASA-AF-TDS,1,value,HDT,G113-03,FIBERLOGY ASA+AF,Heat Distortion Temperature @ 0.455 MPa,89 °C,89,,°C,,,,,,ISO 75,load=0.455 MPa,Thermal Properties,Heat Distortion Temperature @ 0.455 MPa | ISO 75 | °C | 89,,new,,high,reader-r1-11,
R-FIBERLOGY-FIBERLOGY-ASA-AF-TDS,1,value,HDT,G113-03,FIBERLOGY ASA+AF,Heat Distortion Temperature @ 1.82 MPa,79 °C,79,,°C,,,,,,ISO 75,load=1.82 MPa,Thermal Properties,Heat Distortion Temperature @ 1.82 MPa | ISO 75 | °C | 79,,new,,high,reader-r1-11,
R-FIBERLOGY-FIBERLOGY-ASA-AF-TDS,1,value,Vicat softening temperature,G113-03,FIBERLOGY ASA+AF,Vicat 50 N (heating rate 50 °C/h),94 °C,94,,°C,,,,,,ISO 306,force=50 N; rate=50 °C/h,Thermal Properties,Vicat 50 N (heating rate 50 °C/h) | ISO 306 | °C | 94,,new,,high,reader-r1-11,
R-FIBERLOGY-FIBERLOGY-BVOH-TDS,1,identity,grade,G076-04,BVOH,Trade name,Fiberlogy BVOH,,,,,,,,,,,,TRADE NAME: Fiberlogy BVOH,,new,,high,reader-r1-11,
R-FIBERLOGY-FIBERLOGY-BVOH-TDS,1,identity,polymer,G076-04,BVOH,Description,BVOH filament designed for printing in FFF/FDM technology,,,,,,,,,,,,DESCRIPTION: BVOH filament designed for printing in FFF/FDM technology,,new,,high,reader-r1-11,
R-FIBERLOGY-FIBERLOGY-BVOH-TDS,1,identity,diameter,G076-04,BVOH,Diameter,1.75 mm,1.75,,mm,,,,,,,,TECHNICAL INFORMATION,Diameter: 1.75 mm,,new,,high,reader-r1-11,
R-FIBERLOGY-FIBERLOGY-BVOH-TDS,1,setting,nozzle,G076-04,BVOH,Print Temperature,190°C - 220°C,190,220,°C,,,,,,,,TECHNICAL INFORMATION,Print Temperature: 190°C - 220°C,P1041,confirms,190°C - 220°C,high,reader-r1-11,
R-FIBERLOGY-FIBERLOGY-BVOH-TDS,1,setting,bed,G076-04,BVOH,Bed Temperature,50°C - 70°C,50,70,°C,,,,,,,,TECHNICAL INFORMATION,Bed Temperature: 50°C - 70°C,P1041,confirms,50°C - 70°C,high,reader-r1-11,
R-FIBERLOGY-FIBERLOGY-BVOH-TDS,1,value,Density,G076-04,BVOH,Specific Gravity,1.14 g/cm³,1.14,,g/cm³,,,,,,ISO 1183,,Physical Properties,Specific Gravity | ISO 1183 | g/cm³ | 1.14,,new,,high,reader-r1-11,
R-FIBERLOGY-FIBERLOGY-BVOH-TDS,1,value,Tensile break strength,G076-04,BVOH,Tensile Strength @ Break,45 MPa,45,,MPa,,,,,,ISO 527,,Mechanical Properties,Tensile Strength @ Break | ISO 527 | MPa | 45,V010460,confirms,45 MPa,high,reader-r1-11,
R-FIBERLOGY-FIBERLOGY-BVOH-TDS,1,value,Elongation at break,G076-04,BVOH,Elongation @ Break,9 %,9,,%,,,,,,ISO 527,,Mechanical Properties,Elongation @ Break | ISO 527 | % | 9,V010461,confirms,9 %,high,reader-r1-11,
R-FIBERLOGY-FIBERLOGY-BVOH-TDS,1,value,Flexural strength,G076-04,BVOH,Flexural Strength,71 MPa,71,,MPa,,,,,,ISO 178,,Mechanical Properties,Flexural Strength | ISO 178 | MPa | 71,V010462,confirms,71 MPa,high,reader-r1-11,
R-FIBERLOGY-FIBERLOGY-BVOH-TDS,1,value,Flexural modulus,G076-04,BVOH,Flexural Modulus,2900 MPa,2900,,MPa,,,,,,ISO 178,,Mechanical Properties,Flexural Modulus | ISO 178 | MPa | 2900,V010463,confirms,2900 MPa,high,reader-r1-11,
R-FIBERLOGY-FIBERLOGY-BVOH-TDS,1,value,HDT,G076-04,BVOH,Heat Distortion Temperature @ 0.45 MPa,-,,,°C,,,,,,ISO 75,load=0.45 MPa,Thermal Properties,Heat Distortion Temperature @ 0.45 MPa | ISO 75 | °C | -,,new,,high,reader-r1-11,"cell prints ""-""; no value"
R-FIBERLOGY-FIBERLOGY-BVOH-TDS,1,value,HDT,G076-04,BVOH,Heat Distortion Temperature @ 1.8 MPa,-,,,°C,,,,,,ISO 75,load=1.8 MPa,Thermal Properties,Heat Distortion Temperature @ 1.8 MPa | ISO 75 | °C | -,,new,,high,reader-r1-11,"cell prints ""-""; no value"
R-FIBERLOGY-FIBERLOGY-BVOH-TDS,1,value,Vicat softening temperature,G076-04,BVOH,Vicat Softening Temperature,92 °C,92,,°C,,,,,,ISO 306,,Thermal Properties,Vicat Softening Temperature | ISO 306 | °C | 92,V010464,confirms,92 °C,high,reader-r1-11,
R-FIBERLOGY-FIBERLOGY-BVOH-TDS,1,value,Glass transition temperature,G076-04,BVOH,Glass Transition Temperature Tg,68 °C,68,,°C,,,,,,DSC,,Thermal Properties,Glass Transition Temperature Tg | DSC | °C | 68,V010465,confirms,68 °C,high,reader-r1-11,DSC is printed in the Test Method column
R-FIBERLOGY-FIBERLOGY-BVOH-TDS,1,value,Melting temperature,G076-04,BVOH,Melting Temperature Tm,175 °C,175,,°C,,,,,,DSC,,Thermal Properties,Melting Temperature Tm | DSC | °C | 175,V010466,confirms,175 °C,high,reader-r1-11,DSC is printed in the Test Method column
R-FIBERLOGY-FIBERLOGY-BVOH-TDS,1,value,Continuous service temperature,G076-04,BVOH,Continuous Use Temperature (UL Yellow Card),-,,,°C,,,,,,UL 746,,Thermal Properties,Continuous Use Temperature (UL Yellow Card) | UL 746 | °C | -,,new,,high,reader-r1-11,"cell prints ""-""; no value (text layer reads 2, image prints ""-"")"
R-FIBERLOGY-FIBERLOGY-FIBERFLEX-30D-TDS,1,identity,grade,G167-03,FiberFlex 30D,Trade name,Fiberlogy FiberFlex 30D,,,,,,,,,,,,TRADE NAME: Fiberlogy FiberFlex 30D,,new,,high,reader-r1-11,
R-FIBERLOGY-FIBERLOGY-FIBERFLEX-30D-TDS,1,identity,polymer,G167-03,FiberFlex 30D,Description,FiberFlex 30D filament designed for printing in FFF/FDM technology,,,,,,,,,,,,DESCRIPTION: FiberFlex 30D filament designed for printing in FFF/FDM technology,,new,,high,reader-r1-11,
R-FIBERLOGY-FIBERLOGY-FIBERFLEX-30D-TDS,1,identity,diameter,G167-03,FiberFlex 30D,Diameter,1.75 mm,1.75,,mm,,,,,,,,TECHNICAL INFORMATION,Diameter: 1.75 mm,,new,,high,reader-r1-11,
R-FIBERLOGY-FIBERLOGY-FIBERFLEX-30D-TDS,1,setting,nozzle,G167-03,FiberFlex 30D,Print Temperature,200°C - 220°C,200,220,°C,,,,,,,,TECHNICAL INFORMATION,Print Temperature: 200°C - 220°C,P1181,confirms,200°C - 220°C,high,reader-r1-11,
R-FIBERLOGY-FIBERLOGY-FIBERFLEX-30D-TDS,1,setting,bed,G167-03,FiberFlex 30D,Bed Temperature,50°C - 60°C,50,60,°C,,,,,,,,TECHNICAL INFORMATION,Bed Temperature: 50°C - 60°C,P1181,confirms,50°C - 60°C,high,reader-r1-11,
R-FIBERLOGY-FIBERLOGY-FIBERFLEX-30D-TDS,1,value,Density,G167-03,FiberFlex 30D,Specific Gravity,1.07 g/cm³,1.07,,g/cm³,,,,,,ISO 1183,,Physical Properties,Specific Gravity | ISO 1183 | g/cm³ | 1.07,V011265,confirms,1.07 g/cm3,high,reader-r1-11,
R-FIBERLOGY-FIBERLOGY-FIBERFLEX-30D-TDS,1,value,Hardness,G167-03,FiberFlex 30D,"Shore A, 1 sec, 23°C",81,81,,,,,,,,ISO 7619,time=1 s; temp=23 °C; scale=Shore A,Hardness,"Shore A, 1 sec, 23°C | ISO 7619 | - | 81",V011266,confirms,81 Shore A,high,reader-r1-11,"Unit column prints ""-""; scale in label"
R-FIBERLOGY-FIBERLOGY-FIBERFLEX-30D-TDS,1,value,Hardness,G167-03,FiberFlex 30D,"Shore D, 1 sec, 23°C",30,30,,,,,,,,ISO 7619,time=1 s; temp=23 °C; scale=Shore D,Hardness,"Shore D, 1 sec, 23°C | ISO 7619 | - | 30",V011267,confirms,30 Shore D,high,reader-r1-11,"Unit column prints ""-""; scale in label"
R-FIBERLOGY-FIBERLOGY-FIBERFLEX-30D-TDS,1,value,Tensile break strength,G167-03,FiberFlex 30D,Tensile Stress: Break,22 MPa,22,,MPa,,,,,,ISO 527,,Mechanical Properties,Tensile Stress: | Break | ISO 527 | MPa | 22,,new,,high,reader-r1-11,
R-FIBERLOGY-FIBERLOGY-FIBERFLEX-30D-TDS,1,value,Tensile stress at 5 % elongation,G167-03,FiberFlex 30D,Tensile Stress: 5% Strain,1 MPa,1,,MPa,,,,,,ISO 527,,Mechanical Properties,Tensile Stress: | 5% Strain | ISO 527 | MPa | 1,,new,,high,reader-r1-11,
R-FIBERLOGY-FIBERLOGY-FIBERFLEX-30D-TDS,1,value,Tensile stress at 10 % elongation,G167-03,FiberFlex 30D,Tensile Stress: 10% Strain,2 MPa,2,,MPa,,,,,,ISO 527,,Mechanical Properties,Tensile Stress: | 10% Strain | ISO 527 | MPa | 2,,new,,high,reader-r1-11,
R-FIBERLOGY-FIBERLOGY-FIBERFLEX-30D-TDS,1,value,unmapped:Tensile stress at 50 % strain,G167-03,FiberFlex 30D,Tensile Stress: 50% Strain,6 MPa,6,,MPa,,,,,,ISO 527,,Mechanical Properties,Tensile Stress: | 50% Strain | ISO 527 | MPa | 6,,new,,high,reader-r1-11,
R-FIBERLOGY-FIBERLOGY-FIBERFLEX-30D-TDS,1,value,Elongation at break,G167-03,FiberFlex 30D,Elongation at break,870 %,870,,%,,,,,,ISO 527,,Mechanical Properties,Elongation at break | ISO 527 | % | 870,V011268,confirms,870 %,high,reader-r1-11,
R-FIBERLOGY-FIBERLOGY-FIBERFLEX-30D-TDS,1,value,HDT,G167-03,FiberFlex 30D,Heat Distortion Temperature @ 0.45 MPa,70 °C,70,,°C,,,,,,ISO 75,load=0.45 MPa,Thermal Properties,Heat Distortion Temperature @ 0.45 MPa | ISO 75 | °C | 70,V011269,confirms,70 °C,high,reader-r1-11,
R-FIBERLOGY-FIBERLOGY-FIBERFLEX-30D-TDS,1,value,Melting temperature,G167-03,FiberFlex 30D,Melting Temperature Tm,170 °C,170,,°C,,,,,,DSC,,Thermal Properties,Melting Temperature Tm | DSC | °C | 170,V011270,confirms,170 °C,high,reader-r1-11,
R-FIBERLOGY-FIBERLOGY-FIBERFLEX-30D-TDS,1,value,Tear strength,G167-03,FiberFlex 30D,Tear Strength,95 kN/m,95,,kN/m,,,,,,ISO 34-1,,Elastomer Properties,Tear Strength | ISO 34-1 | kN/m | 95,V011271,confirms,95 kN/m,high,reader-r1-11,
R-FIBERLOGY-FIBERLOGY-FIBERFLEX-30D-TDS,2,context,all,G167-03,FiberFlex 30D,CHEMICAL RESISTANCE:,,,,,,,,,,,,CHEMICAL RESISTANCE:,CHEMICAL RESISTANCE:,,new,,high,reader-r1-11,"ratings table: Excellent / Good / Fair / Poor / Soluble; no temperature, time or concentration stated except where in the chemical name"
R-FIBERLOGY-FIBERLOGY-FIBERFLEX-30D-TDS,2,value,unmapped:Chemical resistance - Acetaldehyde,G167-03,FiberFlex 30D,Acetaldehyde,Excellent,,,,,,,,,,,CHEMICAL RESISTANCE:,Acetaldehyde | Excellent,,new,,high,reader-r1-11,
R-FIBERLOGY-FIBERLOGY-FIBERFLEX-30D-TDS,2,value,unmapped:Chemical resistance - Acetic acid,G167-03,FiberFlex 30D,Acetic acid,Excellent,,,,,,,,,,,CHEMICAL RESISTANCE:,Acetic acid | Excellent,,new,,high,reader-r1-11,
R-FIBERLOGY-FIBERLOGY-FIBERFLEX-30D-TDS,2,value,unmapped:Chemical resistance - Acetone,G167-03,FiberFlex 30D,Acetone,Fair,,,,,,,,,,,CHEMICAL RESISTANCE:,Acetone | Fair,,new,,high,reader-r1-11,
R-FIBERLOGY-FIBERLOGY-FIBERFLEX-30D-TDS,2,value,unmapped:Chemical resistance - Acetylene,G167-03,FiberFlex 30D,Acetylene,Excellent,,,,,,,,,,,CHEMICAL RESISTANCE:,Acetylene | Excellent,,new,,high,reader-r1-11,
R-FIBERLOGY-FIBERLOGY-FIBERFLEX-30D-TDS,2,value,unmapped:Chemical resistance - Amine,G167-03,FiberFlex 30D,Amine,Soluble,,,,,,,,,,,CHEMICAL RESISTANCE:,Amine | Soluble,,new,,high,reader-r1-11,
R-FIBERLOGY-FIBERLOGY-FIBERFLEX-30D-TDS,2,value,unmapped:Chemical resistance - Aniline,G167-03,FiberFlex 30D,Aniline,Poor,,,,,,,,,,,CHEMICAL RESISTANCE:,Aniline | Poor,,new,,high,reader-r1-11,
R-FIBERLOGY-FIBERLOGY-FIBERFLEX-30D-TDS,2,value,unmapped:Chemical resistance - ASTM oil No. 1,G167-03,FiberFlex 30D,ASTM oil No. 1,Excellent,,,,,,,,,,,CHEMICAL RESISTANCE:,ASTM oil No. 1 | Excellent,,new,,high,reader-r1-11,
R-FIBERLOGY-FIBERLOGY-FIBERFLEX-30D-TDS,2,value,unmapped:Chemical resistance - ASTM oil No. 3,G167-03,FiberFlex 30D,ASTM oil No. 3,Excellent,,,,,,,,,,,CHEMICAL RESISTANCE:,ASTM oil No. 3 | Excellent,,new,,high,reader-r1-11,
R-FIBERLOGY-FIBERLOGY-FIBERFLEX-30D-TDS,2,value,unmapped:Chemical resistance - ASTM ref. fuel A,G167-03,FiberFlex 30D,ASTM ref. fuel A,Excellent,,,,,,,,,,,CHEMICAL RESISTANCE:,ASTM ref. fuel A | Excellent,,new,,high,reader-r1-11,
R-FIBERLOGY-FIBERLOGY-FIBERFLEX-30D-TDS,2,value,unmapped:Chemical resistance - ASTM ref. fuel B,G167-03,FiberFlex 30D,ASTM ref. fuel B,Excellent,,,,,,,,,,,CHEMICAL RESISTANCE:,ASTM ref. fuel B | Excellent,,new,,high,reader-r1-11,
R-FIBERLOGY-FIBERLOGY-FIBERFLEX-30D-TDS,2,value,unmapped:Chemical resistance - ASTM ref. fuel C,G167-03,FiberFlex 30D,ASTM ref. fuel C,Poor,,,,,,,,,,,CHEMICAL RESISTANCE:,ASTM ref. fuel C | Poor,,new,,high,reader-r1-11,
R-FIBERLOGY-FIBERLOGY-FIBERFLEX-30D-TDS,2,value,unmapped:Chemical resistance - Benzene,G167-03,FiberFlex 30D,Benzene,Fair,,,,,,,,,,,CHEMICAL RESISTANCE:,Benzene | Fair,,new,,high,reader-r1-11,
R-FIBERLOGY-FIBERLOGY-FIBERFLEX-30D-TDS,2,value,unmapped:Chemical resistance - Butane,G167-03,FiberFlex 30D,Butane,Excellent,,,,,,,,,,,CHEMICAL RESISTANCE:,Butane | Excellent,,new,,high,reader-r1-11,
R-FIBERLOGY-FIBERLOGY-FIBERFLEX-30D-TDS,2,value,unmapped:Chemical resistance - Butyl acetate,G167-03,FiberFlex 30D,Butyl acetate,Fair,,,,,,,,,,,CHEMICAL RESISTANCE:,Butyl acetate | Fair,,new,,high,reader-r1-11,
R-FIBERLOGY-FIBERLOGY-FIBERFLEX-30D-TDS,2,value,unmapped:Chemical resistance - Carbon monoxide,G167-03,FiberFlex 30D,Carbon monoxide,Excellent,,,,,,,,,,,CHEMICAL RESISTANCE:,Carbon monoxide | Excellent,,new,,high,reader-r1-11,
R-FIBERLOGY-FIBERLOGY-FIBERFLEX-30D-TDS,2,value,unmapped:Chemical resistance - Carbon tetrachloride,G167-03,FiberFlex 30D,Carbon tetrachloride,Poor,,,,,,,,,,,CHEMICAL RESISTANCE:,Carbon tetrachloride | Poor,,new,,high,reader-r1-11,
R-FIBERLOGY-FIBERLOGY-FIBERFLEX-30D-TDS,2,value,unmapped:Chemical resistance - Chlorobenzene,G167-03,FiberFlex 30D,Chlorobenzene,Soluble,,,,,,,,,,,CHEMICAL RESISTANCE:,Chlorobenzene | Soluble,,new,,high,reader-r1-11,
R-FIBERLOGY-FIBERLOGY-FIBERFLEX-30D-TDS,2,value,unmapped:Chemical resistance - Chloroform,G167-03,FiberFlex 30D,Chloroform,Soluble,,,,,,,,,,,CHEMICAL RESISTANCE:,Chloroform | Soluble,,new,,high,reader-r1-11,
R-FIBERLOGY-FIBERLOGY-FIBERFLEX-30D-TDS,2,value,unmapped:Chemical resistance - Chlorosulfonic acid,G167-03,FiberFlex 30D,Chlorosulfonic acid,Poor,,,,,,,,,,,CHEMICAL RESISTANCE:,Chlorosulfonic acid | Poor,,new,,high,reader-r1-11,
R-FIBERLOGY-FIBERLOGY-FIBERFLEX-30D-TDS,2,value,unmapped:Chemical resistance - Chloric acid,G167-03,FiberFlex 30D,Chloric acid,Good,,,,,,,,,,,CHEMICAL RESISTANCE:,Chloric acid | Good,,new,,high,reader-r1-11,
R-FIBERLOGY-FIBERLOGY-FIBERFLEX-30D-TDS,2,value,unmapped:Chemical resistance - Cresol,G167-03,FiberFlex 30D,Cresol,Poor,,,,,,,,,,,CHEMICAL RESISTANCE:,Cresol | Poor,,new,,high,reader-r1-11,
R-FIBERLOGY-FIBERLOGY-FIBERFLEX-30D-TDS,2,value,unmapped:Chemical resistance - Cyclohexane,G167-03,FiberFlex 30D,Cyclohexane,Good,,,,,,,,,,,CHEMICAL RESISTANCE:,Cyclohexane | Good,,new,,high,reader-r1-11,
R-FIBERLOGY-FIBERLOGY-FIBERFLEX-30D-TDS,2,value,unmapped:Chemical resistance - Dimethyl formamide,G167-03,FiberFlex 30D,Dimethyl formamide,Fair,,,,,,,,,,,CHEMICAL RESISTANCE:,Dimethyl formamide | Fair,,new,,high,reader-r1-11,
R-FIBERLOGY-FIBERLOGY-FIBERFLEX-30D-TDS,2,value,unmapped:Chemical resistance - D.O.P.,G167-03,FiberFlex 30D,D.O.P.,Excellent,,,,,,,,,,,CHEMICAL RESISTANCE:,D.O.P. | Excellent,,new,,high,reader-r1-11,
R-FIBERLOGY-FIBERLOGY-FIBERFLEX-30D-TDS,2,value,unmapped:Chemical resistance - Ethyl acetate,G167-03,FiberFlex 30D,Ethyl acetate,Fair,,,,,,,,,,,CHEMICAL RESISTANCE:,Ethyl acetate | Fair,,new,,high,reader-r1-11,
R-FIBERLOGY-FIBERLOGY-FIBERFLEX-30D-TDS,2,value,unmapped:Chemical resistance - Ethyl alcohol,G167-03,FiberFlex 30D,Ethyl alcohol,Excellent,,,,,,,,,,,CHEMICAL RESISTANCE:,Ethyl alcohol | Excellent,,new,,high,reader-r1-11,
R-FIBERLOGY-FIBERLOGY-FIBERFLEX-30D-TDS,2,value,unmapped:Chemical resistance - Ethylene chloride,G167-03,FiberFlex 30D,Ethylene chloride,Soluble,,,,,,,,,,,CHEMICAL RESISTANCE:,Ethylene chloride | Soluble,,new,,high,reader-r1-11,
R-FIBERLOGY-FIBERLOGY-FIBERFLEX-30D-TDS,2,value,unmapped:Chemical resistance - Ethylene dichloride,G167-03,FiberFlex 30D,Ethylene dichloride,Soluble,,,,,,,,,,,CHEMICAL RESISTANCE:,Ethylene dichloride | Soluble,,new,,high,reader-r1-11,
R-FIBERLOGY-FIBERLOGY-FIBERFLEX-30D-TDS,2,value,unmapped:Chemical resistance - Ethylene glycol,G167-03,FiberFlex 30D,Ethylene glycol,Excellent,,,,,,,,,,,CHEMICAL RESISTANCE:,Ethylene glycol | Excellent,,new,,high,reader-r1-11,
R-FIBERLOGY-FIBERLOGY-FIBERFLEX-30D-TDS,2,value,unmapped:Chemical resistance - Ethylene oxide,G167-03,FiberFlex 30D,Ethylene oxide,Excellent,,,,,,,,,,,CHEMICAL RESISTANCE:,Ethylene oxide | Excellent,,new,,high,reader-r1-11,
R-FIBERLOGY-FIBERLOGY-FIBERFLEX-30D-TDS,2,value,unmapped:Chemical resistance - Formaldehyde,G167-03,FiberFlex 30D,Formaldehyde,Fair,,,,,,,,,,,CHEMICAL RESISTANCE:,Formaldehyde | Fair,,new,,high,reader-r1-11,
R-FIBERLOGY-FIBERLOGY-FIBERFLEX-30D-TDS,2,value,unmapped:Chemical resistance - Formic acid,G167-03,FiberFlex 30D,Formic acid,Fair,,,,,,,,,,,CHEMICAL RESISTANCE:,Formic acid | Fair,,new,,high,reader-r1-11,
R-FIBERLOGY-FIBERLOGY-FIBERFLEX-30D-TDS,2,value,unmapped:Chemical resistance - Freon,G167-03,FiberFlex 30D,Freon,Excellent,,,,,,,,,,,CHEMICAL RESISTANCE:,Freon | Excellent,,new,,high,reader-r1-11,
R-FIBERLOGY-FIBERLOGY-FIBERFLEX-30D-TDS,2,value,unmapped:Chemical resistance - Gasoline,G167-03,FiberFlex 30D,Gasoline,Excellent,,,,,,,,,,,CHEMICAL RESISTANCE:,Gasoline | Excellent,,new,,high,reader-r1-11,
R-FIBERLOGY-FIBERLOGY-FIBERFLEX-30D-TDS,2,value,unmapped:Chemical resistance - Glycerin,G167-03,FiberFlex 30D,Glycerin,Excellent,,,,,,,,,,,CHEMICAL RESISTANCE:,Glycerin | Excellent,,new,,high,reader-r1-11,
R-FIBERLOGY-FIBERLOGY-FIBERFLEX-30D-TDS,2,value,unmapped:Chemical resistance - n-Hexane,G167-03,FiberFlex 30D,n-Hexane,Excellent,,,,,,,,,,,CHEMICAL RESISTANCE:,n-Hexane | Excellent,,new,,high,reader-r1-11,
R-FIBERLOGY-FIBERLOGY-FIBERFLEX-30D-TDS,2,value,unmapped:Chemical resistance - Hydrazine,G167-03,FiberFlex 30D,Hydrazine,Soluble,,,,,,,,,,,CHEMICAL RESISTANCE:,Hydrazine | Soluble,,new,,high,reader-r1-11,
R-FIBERLOGY-FIBERLOGY-FIBERFLEX-30D-TDS,2,value,unmapped:Chemical resistance - Hydrochloric acid,G167-03,FiberFlex 30D,Hydrochloric acid,Poor,,,,,,,,,,,CHEMICAL RESISTANCE:,Hydrochloric acid | Poor,,new,,high,reader-r1-11,
R-FIBERLOGY-FIBERLOGY-FIBERFLEX-30D-TDS,2,value,unmapped:Chemical resistance - Isopropyl alcohol,G167-03,FiberFlex 30D,Isopropyl alcohol,Excellent,,,,,,,,,,,CHEMICAL RESISTANCE:,Isopropyl alcohol | Excellent,,new,,high,reader-r1-11,
R-FIBERLOGY-FIBERLOGY-FIBERFLEX-30D-TDS,2,value,unmapped:Chemical resistance - Iso-octane,G167-03,FiberFlex 30D,Iso-octane,Excellent,,,,,,,,,,,CHEMICAL RESISTANCE:,Iso-octane | Excellent,,new,,high,reader-r1-11,
R-FIBERLOGY-FIBERLOGY-FIBERFLEX-30D-TDS,2,value,unmapped:Chemical resistance - m-Cresol,G167-03,FiberFlex 30D,m-Cresol,Soluble,,,,,,,,,,,CHEMICAL RESISTANCE:,m-Cresol | Soluble,,new,,high,reader-r1-11,
R-FIBERLOGY-FIBERLOGY-FIBERFLEX-30D-TDS,2,value,unmapped:Chemical resistance - Methyl alcohol,G167-03,FiberFlex 30D,Methyl alcohol,Excellent,,,,,,,,,,,CHEMICAL RESISTANCE:,Methyl alcohol | Excellent,,new,,high,reader-r1-11,
R-FIBERLOGY-FIBERLOGY-FIBERFLEX-30D-TDS,2,value,unmapped:Chemical resistance - Methyl ethyl ketone,G167-03,FiberFlex 30D,Methyl ethyl ketone,Excellent,,,,,,,,,,,CHEMICAL RESISTANCE:,Methyl ethyl ketone | Excellent,,new,,high,reader-r1-11,
R-FIBERLOGY-FIBERLOGY-FIBERFLEX-30D-TDS,2,value,unmapped:Chemical resistance - Methylene chloride,G167-03,FiberFlex 30D,Methylene chloride,Soluble,,,,,,,,,,,CHEMICAL RESISTANCE:,Methylene chloride | Soluble,,new,,high,reader-r1-11,
R-FIBERLOGY-FIBERLOGY-FIBERFLEX-30D-TDS,2,value,unmapped:Chemical resistance - Naphthalene,G167-03,FiberFlex 30D,Naphthalene,Fair,,,,,,,,,,,CHEMICAL RESISTANCE:,Naphthalene | Fair,,new,,high,reader-r1-11,
R-FIBERLOGY-FIBERLOGY-FIBERFLEX-30D-TDS,2,value,unmapped:Chemical resistance - Nitric acid,G167-03,FiberFlex 30D,Nitric acid,Soluble,,,,,,,,,,,CHEMICAL RESISTANCE:,Nitric acid | Soluble,,new,,high,reader-r1-11,
R-FIBERLOGY-FIBERLOGY-FIBERFLEX-30D-TDS,2,value,unmapped:Chemical resistance - o-Chlorophenol,G167-03,FiberFlex 30D,o-Chlorophenol,Soluble,,,,,,,,,,,CHEMICAL RESISTANCE:,o-Chlorophenol | Soluble,,new,,high,reader-r1-11,
R-FIBERLOGY-FIBERLOGY-FIBERFLEX-30D-TDS,2,value,unmapped:Chemical resistance - Perchlorethylene,G167-03,FiberFlex 30D,Perchlorethylene,Soluble,,,,,,,,,,,CHEMICAL RESISTANCE:,Perchlorethylene | Soluble,,new,,high,reader-r1-11,
R-FIBERLOGY-FIBERLOGY-FIBERFLEX-30D-TDS,2,value,unmapped:Chemical resistance - Petroleum ether,G167-03,FiberFlex 30D,Petroleum ether,Excellent,,,,,,,,,,,CHEMICAL RESISTANCE:,Petroleum ether | Excellent,,new,,high,reader-r1-11,
R-FIBERLOGY-FIBERLOGY-FIBERFLEX-30D-TDS,2,value,unmapped:Chemical resistance - Phenol,G167-03,FiberFlex 30D,Phenol,Soluble,,,,,,,,,,,CHEMICAL RESISTANCE:,Phenol | Soluble,,new,,high,reader-r1-11,
R-FIBERLOGY-FIBERLOGY-FIBERFLEX-30D-TDS,2,value,unmapped:Chemical resistance - Potassium hydroxide,G167-03,FiberFlex 30D,Potassium hydroxide,Good,,,,,,,,,,,CHEMICAL RESISTANCE:,Potassium hydroxide | Good,,new,,high,reader-r1-11,
R-FIBERLOGY-FIBERLOGY-FIBERFLEX-30D-TDS,2,value,unmapped:Chemical resistance - Sea water,G167-03,FiberFlex 30D,Sea water,Excellent,,,,,,,,,,,CHEMICAL RESISTANCE:,Sea water | Excellent,,new,,high,reader-r1-11,
R-FIBERLOGY-FIBERLOGY-FIBERFLEX-30D-TDS,2,value,unmapped:Chemical resistance - Silicone grease,G167-03,FiberFlex 30D,Silicone grease,Excellent,,,,,,,,,,,CHEMICAL RESISTANCE:,Silicone grease | Excellent,,new,,high,reader-r1-11,
R-FIBERLOGY-FIBERLOGY-FIBERFLEX-30D-TDS,2,value,unmapped:Chemical resistance - NaCl satd. water,G167-03,FiberFlex 30D,NaCl satd. water,Excellent,,,,,,,,,,,CHEMICAL RESISTANCE:,NaCl satd. water | Excellent,,new,,high,reader-r1-11,
R-FIBERLOGY-FIBERLOGY-FIBERFLEX-30D-TDS,2,value,unmapped:Chemical resistance - Sodium hydroxide,G167-03,FiberFlex 30D,Sodium hydroxide,Good,,,,,,,,,,,CHEMICAL RESISTANCE:,Sodium hydroxide | Good,,new,,high,reader-r1-11,
R-FIBERLOGY-FIBERLOGY-FIBERFLEX-30D-TDS,2,value,unmapped:Chemical resistance - Steam (100°C),G167-03,FiberFlex 30D,Steam (100°C),Fair,,,,,,,,,,,CHEMICAL RESISTANCE:,Steam (100°C) | Fair,,new,,high,reader-r1-11,
R-FIBERLOGY-FIBERLOGY-FIBERFLEX-30D-TDS,2,value,unmapped:Chemical resistance - Sulfuric acid 5%,G167-03,FiberFlex 30D,Sulfuric acid 5%,Good,,,,,,,,,,,CHEMICAL RESISTANCE:,Sulfuric acid 5% | Good,,new,,high,reader-r1-11,
R-FIBERLOGY-FIBERLOGY-FIBERFLEX-30D-TDS,2,value,unmapped:Chemical resistance - Sulfuric acid 10%,G167-03,FiberFlex 30D,Sulfuric acid 10%,Fair,,,,,,,,,,,CHEMICAL RESISTANCE:,Sulfuric acid 10% | Fair,,new,,high,reader-r1-11,
R-FIBERLOGY-FIBERLOGY-FIBERFLEX-30D-TDS,2,value,unmapped:Chemical resistance - Sulfuric acid 50%,G167-03,FiberFlex 30D,Sulfuric acid 50%,Soluble,,,,,,,,,,,CHEMICAL RESISTANCE:,Sulfuric acid 50% | Soluble,,new,,high,reader-r1-11,
R-FIBERLOGY-FIBERLOGY-FIBERFLEX-30D-TDS,2,value,unmapped:Chemical resistance - THF,G167-03,FiberFlex 30D,THF,Fair,,,,,,,,,,,CHEMICAL RESISTANCE:,THF | Fair,,new,,high,reader-r1-11,
R-FIBERLOGY-FIBERLOGY-FIBERFLEX-30D-TDS,2,value,unmapped:Chemical resistance - Toluene,G167-03,FiberFlex 30D,Toluene,Fair,,,,,,,,,,,CHEMICAL RESISTANCE:,Toluene | Fair,,new,,high,reader-r1-11,
R-FIBERLOGY-FIBERLOGY-FIBERFLEX-30D-TDS,2,value,unmapped:Chemical resistance - Trichloroethane,G167-03,FiberFlex 30D,Trichloroethane,Soluble,,,,,,,,,,,CHEMICAL RESISTANCE:,Trichloroethane | Soluble,,new,,high,reader-r1-11,
R-FIBERLOGY-FIBERLOGY-FIBERFLEX-30D-TDS,2,value,unmapped:Chemical resistance - Triethanolamine,G167-03,FiberFlex 30D,Triethanolamine,Soluble,,,,,,,,,,,CHEMICAL RESISTANCE:,Triethanolamine | Soluble,,new,,high,reader-r1-11,
R-FIBERLOGY-FIBERLOGY-FIBERFLEX-30D-TDS,2,value,unmapped:Chemical resistance - Water,G167-03,FiberFlex 30D,Water,Excellent,,,,,,,,,,,CHEMICAL RESISTANCE:,Water | Excellent,,new,,high,reader-r1-11,
R-FIBERLOGY-FIBERLOGY-FIBERFLEX-30D-TDS,2,value,unmapped:Chemical resistance - Water (100°C),G167-03,FiberFlex 30D,Water (100°C),Fair,,,,,,,,,,,CHEMICAL RESISTANCE:,Water (100°C) | Fair,,new,,high,reader-r1-11,
R-FIBERLOGY-FIBERLOGY-FIBERFLEX-30D-TDS,2,value,unmapped:Chemical resistance - Xylene,G167-03,FiberFlex 30D,Xylene,Good,,,,,,,,,,,CHEMICAL RESISTANCE:,Xylene | Good,,new,,high,reader-r1-11,
R-FIBERLOGY-FIBERLOGY-FIBERFLEX-40D-TDS,1,identity,grade,G167-06,FiberFlex 40D,Trade name,Fiberlogy FiberFlex 40D,,,,,,,,,,,,TRADE NAME: Fiberlogy FiberFlex 40D,,new,,high,reader-r1-11,
R-FIBERLOGY-FIBERLOGY-FIBERFLEX-40D-TDS,1,identity,polymer,G167-06,FiberFlex 40D,Description,FiberFlex 40D filament designed for printing in FFF/FDM technology,,,,,,,,,,,,DESCRIPTION: FiberFlex 40D filament designed for printing in FFF/FDM technology,,new,,high,reader-r1-11,
R-FIBERLOGY-FIBERLOGY-FIBERFLEX-40D-TDS,1,identity,diameter,G167-06,FiberFlex 40D,Diameter,1.75 mm,1.75,,mm,,,,,,,,TECHNICAL INFORMATION,Diameter: 1.75 mm,,new,,high,reader-r1-11,
R-FIBERLOGY-FIBERLOGY-FIBERFLEX-40D-TDS,1,setting,nozzle,G167-06,FiberFlex 40D,Print Temperature,200°C - 220°C,200,220,°C,,,,,,,,TECHNICAL INFORMATION,Print Temperature: 200°C - 220°C,P1185,confirms,200°C - 220°C,high,reader-r1-11,
R-FIBERLOGY-FIBERLOGY-FIBERFLEX-40D-TDS,1,setting,bed,G167-06,FiberFlex 40D,Bed Temperature,50°C - 60°C,50,60,°C,,,,,,,,TECHNICAL INFORMATION,Bed Temperature: 50°C - 60°C,P1185,confirms,50°C - 60°C,high,reader-r1-11,
R-FIBERLOGY-FIBERLOGY-FIBERFLEX-40D-TDS,1,value,Density,G167-06,FiberFlex 40D,Specific Gravity,1.16 g/cm³,1.16,,g/cm³,,,,,,ISO 1183,,Physical Properties,Specific Gravity | ISO 1183 | g/cm³ | 1.16,V011288,confirms,1.16 g/cm3,high,reader-r1-11,
R-FIBERLOGY-FIBERLOGY-FIBERFLEX-40D-TDS,1,value,Hardness,G167-06,FiberFlex 40D,"Shore A, 1 sec, 23°C",91,91,,,,,,,,ISO 7619,time=1 s; temp=23 °C; scale=Shore A,Hardness,"Shore A, 1 sec, 23°C | ISO 7619 | - | 91",V011289,confirms,91 Shore A,high,reader-r1-11,"Unit column prints ""-""; scale in label"
R-FIBERLOGY-FIBERLOGY-FIBERFLEX-40D-TDS,1,value,Hardness,G167-06,FiberFlex 40D,"Shore D, 1 sec, 23°C",40,40,,,,,,,,ISO 7619,time=1 s; temp=23 °C; scale=Shore D,Hardness,"Shore D, 1 sec, 23°C | ISO 7619 | - | 40",V011290,confirms,40 Shore D,high,reader-r1-11,"Unit column prints ""-""; scale in label"
R-FIBERLOGY-FIBERLOGY-FIBERFLEX-40D-TDS,1,value,Tensile break strength,G167-06,FiberFlex 40D,Tensile Stress: Break,28 MPa,28,,MPa,,,,,,ISO 527,,Mechanical Properties,Tensile Stress: | Break | ISO 527 | MPa | 28,,new,,high,reader-r1-11,
R-FIBERLOGY-FIBERLOGY-FIBERFLEX-40D-TDS,1,value,Tensile stress at 5 % elongation,G167-06,FiberFlex 40D,Tensile Stress: 5% Strain,2 MPa,2,,MPa,,,,,,ISO 527,,Mechanical Properties,Tensile Stress: | 5% Strain | ISO 527 | MPa | 2,,new,,high,reader-r1-11,
R-FIBERLOGY-FIBERLOGY-FIBERFLEX-40D-TDS,1,value,Tensile stress at 10 % elongation,G167-06,FiberFlex 40D,Tensile Stress: 10% Strain,4 MPa,4,,MPa,,,,,,ISO 527,,Mechanical Properties,Tensile Stress: | 10% Strain | ISO 527 | MPa | 4,,new,,high,reader-r1-11,
R-FIBERLOGY-FIBERLOGY-FIBERFLEX-40D-TDS,1,value,unmapped:Tensile stress at 50 % strain,G167-06,FiberFlex 40D,Tensile Stress: 50% Strain,9 MPa,9,,MPa,,,,,,ISO 527,,Mechanical Properties,Tensile Stress: | 50% Strain | ISO 527 | MPa | 9,,new,,high,reader-r1-11,
R-FIBERLOGY-FIBERLOGY-FIBERFLEX-40D-TDS,1,value,Elongation at break,G167-06,FiberFlex 40D,Elongation at break,700 %,700,,%,,,,,,ISO 527,,Mechanical Properties,Elongation at break | ISO 527 | % | 700,V011291,confirms,700 %,high,reader-r1-11,
R-FIBERLOGY-FIBERLOGY-FIBERFLEX-40D-TDS,1,value,HDT,G167-06,FiberFlex 40D,Heat Distortion Temperature @ 0.45 MPa,70 °C,70,,°C,,,,,,ISO 75,load=0.45 MPa,Thermal Properties,Heat Distortion Temperature @ 0.45 MPa | ISO 75 | °C | 70,,new,,high,reader-r1-11,
R-FIBERLOGY-FIBERLOGY-FIBERFLEX-40D-TDS,1,value,Melting temperature,G167-06,FiberFlex 40D,Melting Temperature Tm,160 °C,160,,°C,,,,,,DSC,,Thermal Properties,Melting Temperature Tm | DSC | °C | 160,V011292,confirms,160 °C,high,reader-r1-11,
R-FIBERLOGY-FIBERLOGY-FIBERFLEX-40D-TDS,1,value,Tear strength,G167-06,FiberFlex 40D,Tear Strength,115 kN/m,115,,kN/m,,,,,,ISO 34-1,,Elastomer Properties,Tear Strength | ISO 34-1 | kN/m | 115,V011293,confirms,115 kN/m,high,reader-r1-11,
R-FIBERLOGY-FIBERLOGY-FIBERFLEX-40D-TDS,2,context,all,G167-06,FiberFlex 40D,CHEMICAL RESISTANCE:,,,,,,,,,,,,CHEMICAL RESISTANCE:,CHEMICAL RESISTANCE:,,new,,high,reader-r1-11,"ratings table: Excellent / Good / Fair / Poor / Soluble; no temperature, time or concentration stated except where in the chemical name"
R-FIBERLOGY-FIBERLOGY-FIBERFLEX-40D-TDS,2,value,unmapped:Chemical resistance - Acetaldehyde,G167-06,FiberFlex 40D,Acetaldehyde,Excellent,,,,,,,,,,,CHEMICAL RESISTANCE:,Acetaldehyde | Excellent,,new,,high,reader-r1-11,
R-FIBERLOGY-FIBERLOGY-FIBERFLEX-40D-TDS,2,value,unmapped:Chemical resistance - Acetic acid,G167-06,FiberFlex 40D,Acetic acid,Excellent,,,,,,,,,,,CHEMICAL RESISTANCE:,Acetic acid | Excellent,,new,,high,reader-r1-11,
R-FIBERLOGY-FIBERLOGY-FIBERFLEX-40D-TDS,2,value,unmapped:Chemical resistance - Acetone,G167-06,FiberFlex 40D,Acetone,Fair,,,,,,,,,,,CHEMICAL RESISTANCE:,Acetone | Fair,,new,,high,reader-r1-11,
R-FIBERLOGY-FIBERLOGY-FIBERFLEX-40D-TDS,2,value,unmapped:Chemical resistance - Acetylene,G167-06,FiberFlex 40D,Acetylene,Excellent,,,,,,,,,,,CHEMICAL RESISTANCE:,Acetylene | Excellent,,new,,high,reader-r1-11,
R-FIBERLOGY-FIBERLOGY-FIBERFLEX-40D-TDS,2,value,unmapped:Chemical resistance - Amine,G167-06,FiberFlex 40D,Amine,Soluble,,,,,,,,,,,CHEMICAL RESISTANCE:,Amine | Soluble,,new,,high,reader-r1-11,
R-FIBERLOGY-FIBERLOGY-FIBERFLEX-40D-TDS,2,value,unmapped:Chemical resistance - Aniline,G167-06,FiberFlex 40D,Aniline,Poor,,,,,,,,,,,CHEMICAL RESISTANCE:,Aniline | Poor,,new,,high,reader-r1-11,
R-FIBERLOGY-FIBERLOGY-FIBERFLEX-40D-TDS,2,value,unmapped:Chemical resistance - ASTM oil No. 1,G167-06,FiberFlex 40D,ASTM oil No. 1,Excellent,,,,,,,,,,,CHEMICAL RESISTANCE:,ASTM oil No. 1 | Excellent,,new,,high,reader-r1-11,
R-FIBERLOGY-FIBERLOGY-FIBERFLEX-40D-TDS,2,value,unmapped:Chemical resistance - ASTM oil No. 3,G167-06,FiberFlex 40D,ASTM oil No. 3,Excellent,,,,,,,,,,,CHEMICAL RESISTANCE:,ASTM oil No. 3 | Excellent,,new,,high,reader-r1-11,
R-FIBERLOGY-FIBERLOGY-FIBERFLEX-40D-TDS,2,value,unmapped:Chemical resistance - ASTM ref. fuel A,G167-06,FiberFlex 40D,ASTM ref. fuel A,Excellent,,,,,,,,,,,CHEMICAL RESISTANCE:,ASTM ref. fuel A | Excellent,,new,,high,reader-r1-11,
R-FIBERLOGY-FIBERLOGY-FIBERFLEX-40D-TDS,2,value,unmapped:Chemical resistance - ASTM ref. fuel B,G167-06,FiberFlex 40D,ASTM ref. fuel B,Excellent,,,,,,,,,,,CHEMICAL RESISTANCE:,ASTM ref. fuel B | Excellent,,new,,high,reader-r1-11,
R-FIBERLOGY-FIBERLOGY-FIBERFLEX-40D-TDS,2,value,unmapped:Chemical resistance - ASTM ref. fuel C,G167-06,FiberFlex 40D,ASTM ref. fuel C,Poor,,,,,,,,,,,CHEMICAL RESISTANCE:,ASTM ref. fuel C | Poor,,new,,high,reader-r1-11,
R-FIBERLOGY-FIBERLOGY-FIBERFLEX-40D-TDS,2,value,unmapped:Chemical resistance - Benzene,G167-06,FiberFlex 40D,Benzene,Fair,,,,,,,,,,,CHEMICAL RESISTANCE:,Benzene | Fair,,new,,high,reader-r1-11,
R-FIBERLOGY-FIBERLOGY-FIBERFLEX-40D-TDS,2,value,unmapped:Chemical resistance - Butane,G167-06,FiberFlex 40D,Butane,Excellent,,,,,,,,,,,CHEMICAL RESISTANCE:,Butane | Excellent,,new,,high,reader-r1-11,
R-FIBERLOGY-FIBERLOGY-FIBERFLEX-40D-TDS,2,value,unmapped:Chemical resistance - Butyl acetate,G167-06,FiberFlex 40D,Butyl acetate,Fair,,,,,,,,,,,CHEMICAL RESISTANCE:,Butyl acetate | Fair,,new,,high,reader-r1-11,
R-FIBERLOGY-FIBERLOGY-FIBERFLEX-40D-TDS,2,value,unmapped:Chemical resistance - Carbon monoxide,G167-06,FiberFlex 40D,Carbon monoxide,Excellent,,,,,,,,,,,CHEMICAL RESISTANCE:,Carbon monoxide | Excellent,,new,,high,reader-r1-11,
R-FIBERLOGY-FIBERLOGY-FIBERFLEX-40D-TDS,2,value,unmapped:Chemical resistance - Carbon tetrachloride,G167-06,FiberFlex 40D,Carbon tetrachloride,Poor,,,,,,,,,,,CHEMICAL RESISTANCE:,Carbon tetrachloride | Poor,,new,,high,reader-r1-11,
R-FIBERLOGY-FIBERLOGY-FIBERFLEX-40D-TDS,2,value,unmapped:Chemical resistance - Chlorobenzene,G167-06,FiberFlex 40D,Chlorobenzene,Soluble,,,,,,,,,,,CHEMICAL RESISTANCE:,Chlorobenzene | Soluble,,new,,high,reader-r1-11,
R-FIBERLOGY-FIBERLOGY-FIBERFLEX-40D-TDS,2,value,unmapped:Chemical resistance - Chloroform,G167-06,FiberFlex 40D,Chloroform,Soluble,,,,,,,,,,,CHEMICAL RESISTANCE:,Chloroform | Soluble,,new,,high,reader-r1-11,
R-FIBERLOGY-FIBERLOGY-FIBERFLEX-40D-TDS,2,value,unmapped:Chemical resistance - Chlorosulfonic acid,G167-06,FiberFlex 40D,Chlorosulfonic acid,Poor,,,,,,,,,,,CHEMICAL RESISTANCE:,Chlorosulfonic acid | Poor,,new,,high,reader-r1-11,
R-FIBERLOGY-FIBERLOGY-FIBERFLEX-40D-TDS,2,value,unmapped:Chemical resistance - Chloric acid,G167-06,FiberFlex 40D,Chloric acid,Good,,,,,,,,,,,CHEMICAL RESISTANCE:,Chloric acid | Good,,new,,high,reader-r1-11,
R-FIBERLOGY-FIBERLOGY-FIBERFLEX-40D-TDS,2,value,unmapped:Chemical resistance - Cresol,G167-06,FiberFlex 40D,Cresol,Poor,,,,,,,,,,,CHEMICAL RESISTANCE:,Cresol | Poor,,new,,high,reader-r1-11,
R-FIBERLOGY-FIBERLOGY-FIBERFLEX-40D-TDS,2,value,unmapped:Chemical resistance - Cyclohexane,G167-06,FiberFlex 40D,Cyclohexane,Good,,,,,,,,,,,CHEMICAL RESISTANCE:,Cyclohexane | Good,,new,,high,reader-r1-11,
R-FIBERLOGY-FIBERLOGY-FIBERFLEX-40D-TDS,2,value,unmapped:Chemical resistance - Dimethyl formamide,G167-06,FiberFlex 40D,Dimethyl formamide,Fair,,,,,,,,,,,CHEMICAL RESISTANCE:,Dimethyl formamide | Fair,,new,,high,reader-r1-11,
R-FIBERLOGY-FIBERLOGY-FIBERFLEX-40D-TDS,2,value,unmapped:Chemical resistance - D.O.P.,G167-06,FiberFlex 40D,D.O.P.,Excellent,,,,,,,,,,,CHEMICAL RESISTANCE:,D.O.P. | Excellent,,new,,high,reader-r1-11,
R-FIBERLOGY-FIBERLOGY-FIBERFLEX-40D-TDS,2,value,unmapped:Chemical resistance - Ethyl acetate,G167-06,FiberFlex 40D,Ethyl acetate,Fair,,,,,,,,,,,CHEMICAL RESISTANCE:,Ethyl acetate | Fair,,new,,high,reader-r1-11,
R-FIBERLOGY-FIBERLOGY-FIBERFLEX-40D-TDS,2,value,unmapped:Chemical resistance - Ethyl alcohol,G167-06,FiberFlex 40D,Ethyl alcohol,Excellent,,,,,,,,,,,CHEMICAL RESISTANCE:,Ethyl alcohol | Excellent,,new,,high,reader-r1-11,
R-FIBERLOGY-FIBERLOGY-FIBERFLEX-40D-TDS,2,value,unmapped:Chemical resistance - Ethylene chloride,G167-06,FiberFlex 40D,Ethylene chloride,Soluble,,,,,,,,,,,CHEMICAL RESISTANCE:,Ethylene chloride | Soluble,,new,,high,reader-r1-11,
R-FIBERLOGY-FIBERLOGY-FIBERFLEX-40D-TDS,2,value,unmapped:Chemical resistance - Ethylene dichloride,G167-06,FiberFlex 40D,Ethylene dichloride,Soluble,,,,,,,,,,,CHEMICAL RESISTANCE:,Ethylene dichloride | Soluble,,new,,high,reader-r1-11,
R-FIBERLOGY-FIBERLOGY-FIBERFLEX-40D-TDS,2,value,unmapped:Chemical resistance - Ethylene glycol,G167-06,FiberFlex 40D,Ethylene glycol,Excellent,,,,,,,,,,,CHEMICAL RESISTANCE:,Ethylene glycol | Excellent,,new,,high,reader-r1-11,
R-FIBERLOGY-FIBERLOGY-FIBERFLEX-40D-TDS,2,value,unmapped:Chemical resistance - Ethylene oxide,G167-06,FiberFlex 40D,Ethylene oxide,Excellent,,,,,,,,,,,CHEMICAL RESISTANCE:,Ethylene oxide | Excellent,,new,,high,reader-r1-11,
R-FIBERLOGY-FIBERLOGY-FIBERFLEX-40D-TDS,2,value,unmapped:Chemical resistance - Formaldehyde,G167-06,FiberFlex 40D,Formaldehyde,Fair,,,,,,,,,,,CHEMICAL RESISTANCE:,Formaldehyde | Fair,,new,,high,reader-r1-11,
R-FIBERLOGY-FIBERLOGY-FIBERFLEX-40D-TDS,2,value,unmapped:Chemical resistance - Formic acid,G167-06,FiberFlex 40D,Formic acid,Fair,,,,,,,,,,,CHEMICAL RESISTANCE:,Formic acid | Fair,,new,,high,reader-r1-11,
R-FIBERLOGY-FIBERLOGY-FIBERFLEX-40D-TDS,2,value,unmapped:Chemical resistance - Freon,G167-06,FiberFlex 40D,Freon,Excellent,,,,,,,,,,,CHEMICAL RESISTANCE:,Freon | Excellent,,new,,high,reader-r1-11,
R-FIBERLOGY-FIBERLOGY-FIBERFLEX-40D-TDS,2,value,unmapped:Chemical resistance - Gasoline,G167-06,FiberFlex 40D,Gasoline,Excellent,,,,,,,,,,,CHEMICAL RESISTANCE:,Gasoline | Excellent,,new,,high,reader-r1-11,
R-FIBERLOGY-FIBERLOGY-FIBERFLEX-40D-TDS,2,value,unmapped:Chemical resistance - Glycerin,G167-06,FiberFlex 40D,Glycerin,Excellent,,,,,,,,,,,CHEMICAL RESISTANCE:,Glycerin | Excellent,,new,,high,reader-r1-11,
R-FIBERLOGY-FIBERLOGY-FIBERFLEX-40D-TDS,2,value,unmapped:Chemical resistance - n-Hexane,G167-06,FiberFlex 40D,n-Hexane,Excellent,,,,,,,,,,,CHEMICAL RESISTANCE:,n-Hexane | Excellent,,new,,high,reader-r1-11,
R-FIBERLOGY-FIBERLOGY-FIBERFLEX-40D-TDS,2,value,unmapped:Chemical resistance - Hydrazine,G167-06,FiberFlex 40D,Hydrazine,Soluble,,,,,,,,,,,CHEMICAL RESISTANCE:,Hydrazine | Soluble,,new,,high,reader-r1-11,
R-FIBERLOGY-FIBERLOGY-FIBERFLEX-40D-TDS,2,value,unmapped:Chemical resistance - Hydrochloric acid,G167-06,FiberFlex 40D,Hydrochloric acid,Poor,,,,,,,,,,,CHEMICAL RESISTANCE:,Hydrochloric acid | Poor,,new,,high,reader-r1-11,
R-FIBERLOGY-FIBERLOGY-FIBERFLEX-40D-TDS,2,value,unmapped:Chemical resistance - Isopropyl alcohol,G167-06,FiberFlex 40D,Isopropyl alcohol,Excellent,,,,,,,,,,,CHEMICAL RESISTANCE:,Isopropyl alcohol | Excellent,,new,,high,reader-r1-11,
R-FIBERLOGY-FIBERLOGY-FIBERFLEX-40D-TDS,2,value,unmapped:Chemical resistance - Iso-octane,G167-06,FiberFlex 40D,Iso-octane,Excellent,,,,,,,,,,,CHEMICAL RESISTANCE:,Iso-octane | Excellent,,new,,high,reader-r1-11,
R-FIBERLOGY-FIBERLOGY-FIBERFLEX-40D-TDS,2,value,unmapped:Chemical resistance - m-Cresol,G167-06,FiberFlex 40D,m-Cresol,Soluble,,,,,,,,,,,CHEMICAL RESISTANCE:,m-Cresol | Soluble,,new,,high,reader-r1-11,
R-FIBERLOGY-FIBERLOGY-FIBERFLEX-40D-TDS,2,value,unmapped:Chemical resistance - Methyl alcohol,G167-06,FiberFlex 40D,Methyl alcohol,Excellent,,,,,,,,,,,CHEMICAL RESISTANCE:,Methyl alcohol | Excellent,,new,,high,reader-r1-11,
R-FIBERLOGY-FIBERLOGY-FIBERFLEX-40D-TDS,2,value,unmapped:Chemical resistance - Methyl ethyl ketone,G167-06,FiberFlex 40D,Methyl ethyl ketone,Excellent,,,,,,,,,,,CHEMICAL RESISTANCE:,Methyl ethyl ketone | Excellent,,new,,high,reader-r1-11,
R-FIBERLOGY-FIBERLOGY-FIBERFLEX-40D-TDS,2,value,unmapped:Chemical resistance - Methylene chloride,G167-06,FiberFlex 40D,Methylene chloride,Soluble,,,,,,,,,,,CHEMICAL RESISTANCE:,Methylene chloride | Soluble,,new,,high,reader-r1-11,
R-FIBERLOGY-FIBERLOGY-FIBERFLEX-40D-TDS,2,value,unmapped:Chemical resistance - Naphthalene,G167-06,FiberFlex 40D,Naphthalene,Fair,,,,,,,,,,,CHEMICAL RESISTANCE:,Naphthalene | Fair,,new,,high,reader-r1-11,
R-FIBERLOGY-FIBERLOGY-FIBERFLEX-40D-TDS,2,value,unmapped:Chemical resistance - Nitric acid,G167-06,FiberFlex 40D,Nitric acid,Soluble,,,,,,,,,,,CHEMICAL RESISTANCE:,Nitric acid | Soluble,,new,,high,reader-r1-11,
R-FIBERLOGY-FIBERLOGY-FIBERFLEX-40D-TDS,2,value,unmapped:Chemical resistance - o-Chlorophenol,G167-06,FiberFlex 40D,o-Chlorophenol,Soluble,,,,,,,,,,,CHEMICAL RESISTANCE:,o-Chlorophenol | Soluble,,new,,high,reader-r1-11,
R-FIBERLOGY-FIBERLOGY-FIBERFLEX-40D-TDS,2,value,unmapped:Chemical resistance - Perchlorethylene,G167-06,FiberFlex 40D,Perchlorethylene,Soluble,,,,,,,,,,,CHEMICAL RESISTANCE:,Perchlorethylene | Soluble,,new,,high,reader-r1-11,
R-FIBERLOGY-FIBERLOGY-FIBERFLEX-40D-TDS,2,value,unmapped:Chemical resistance - Petroleum ether,G167-06,FiberFlex 40D,Petroleum ether,Excellent,,,,,,,,,,,CHEMICAL RESISTANCE:,Petroleum ether | Excellent,,new,,high,reader-r1-11,
R-FIBERLOGY-FIBERLOGY-FIBERFLEX-40D-TDS,2,value,unmapped:Chemical resistance - Phenol,G167-06,FiberFlex 40D,Phenol,Soluble,,,,,,,,,,,CHEMICAL RESISTANCE:,Phenol | Soluble,,new,,high,reader-r1-11,
R-FIBERLOGY-FIBERLOGY-FIBERFLEX-40D-TDS,2,value,unmapped:Chemical resistance - Potassium hydroxide,G167-06,FiberFlex 40D,Potassium hydroxide,Good,,,,,,,,,,,CHEMICAL RESISTANCE:,Potassium hydroxide | Good,,new,,high,reader-r1-11,
R-FIBERLOGY-FIBERLOGY-FIBERFLEX-40D-TDS,2,value,unmapped:Chemical resistance - Sea water,G167-06,FiberFlex 40D,Sea water,Excellent,,,,,,,,,,,CHEMICAL RESISTANCE:,Sea water | Excellent,,new,,high,reader-r1-11,
R-FIBERLOGY-FIBERLOGY-FIBERFLEX-40D-TDS,2,value,unmapped:Chemical resistance - Silicone grease,G167-06,FiberFlex 40D,Silicone grease,Excellent,,,,,,,,,,,CHEMICAL RESISTANCE:,Silicone grease | Excellent,,new,,high,reader-r1-11,
R-FIBERLOGY-FIBERLOGY-FIBERFLEX-40D-TDS,2,value,unmapped:Chemical resistance - NaCl satd. water,G167-06,FiberFlex 40D,NaCl satd. water,Excellent,,,,,,,,,,,CHEMICAL RESISTANCE:,NaCl satd. water | Excellent,,new,,high,reader-r1-11,
R-FIBERLOGY-FIBERLOGY-FIBERFLEX-40D-TDS,2,value,unmapped:Chemical resistance - Sodium hydroxide,G167-06,FiberFlex 40D,Sodium hydroxide,Good,,,,,,,,,,,CHEMICAL RESISTANCE:,Sodium hydroxide | Good,,new,,high,reader-r1-11,
R-FIBERLOGY-FIBERLOGY-FIBERFLEX-40D-TDS,2,value,unmapped:Chemical resistance - Steam (100°C),G167-06,FiberFlex 40D,Steam (100°C),Fair,,,,,,,,,,,CHEMICAL RESISTANCE:,Steam (100°C) | Fair,,new,,high,reader-r1-11,
R-FIBERLOGY-FIBERLOGY-FIBERFLEX-40D-TDS,2,value,unmapped:Chemical resistance - Sulfuric acid 5%,G167-06,FiberFlex 40D,Sulfuric acid 5%,Good,,,,,,,,,,,CHEMICAL RESISTANCE:,Sulfuric acid 5% | Good,,new,,high,reader-r1-11,
R-FIBERLOGY-FIBERLOGY-FIBERFLEX-40D-TDS,2,value,unmapped:Chemical resistance - Sulfuric acid 10%,G167-06,FiberFlex 40D,Sulfuric acid 10%,Fair,,,,,,,,,,,CHEMICAL RESISTANCE:,Sulfuric acid 10% | Fair,,new,,high,reader-r1-11,
R-FIBERLOGY-FIBERLOGY-FIBERFLEX-40D-TDS,2,value,unmapped:Chemical resistance - Sulfuric acid 50%,G167-06,FiberFlex 40D,Sulfuric acid 50%,Soluble,,,,,,,,,,,CHEMICAL RESISTANCE:,Sulfuric acid 50% | Soluble,,new,,high,reader-r1-11,
R-FIBERLOGY-FIBERLOGY-FIBERFLEX-40D-TDS,2,value,unmapped:Chemical resistance - THF,G167-06,FiberFlex 40D,THF,Fair,,,,,,,,,,,CHEMICAL RESISTANCE:,THF | Fair,,new,,high,reader-r1-11,
R-FIBERLOGY-FIBERLOGY-FIBERFLEX-40D-TDS,2,value,unmapped:Chemical resistance - Toluene,G167-06,FiberFlex 40D,Toluene,Fair,,,,,,,,,,,CHEMICAL RESISTANCE:,Toluene | Fair,,new,,high,reader-r1-11,
R-FIBERLOGY-FIBERLOGY-FIBERFLEX-40D-TDS,2,value,unmapped:Chemical resistance - Trichloroethane,G167-06,FiberFlex 40D,Trichloroethane,Soluble,,,,,,,,,,,CHEMICAL RESISTANCE:,Trichloroethane | Soluble,,new,,high,reader-r1-11,
R-FIBERLOGY-FIBERLOGY-FIBERFLEX-40D-TDS,2,value,unmapped:Chemical resistance - Triethanolamine,G167-06,FiberFlex 40D,Triethanolamine,Soluble,,,,,,,,,,,CHEMICAL RESISTANCE:,Triethanolamine | Soluble,,new,,high,reader-r1-11,
R-FIBERLOGY-FIBERLOGY-FIBERFLEX-40D-TDS,2,value,unmapped:Chemical resistance - Water,G167-06,FiberFlex 40D,Water,Excellent,,,,,,,,,,,CHEMICAL RESISTANCE:,Water | Excellent,,new,,high,reader-r1-11,
R-FIBERLOGY-FIBERLOGY-FIBERFLEX-40D-TDS,2,value,unmapped:Chemical resistance - Water (100°C),G167-06,FiberFlex 40D,Water (100°C),Fair,,,,,,,,,,,CHEMICAL RESISTANCE:,Water (100°C) | Fair,,new,,high,reader-r1-11,
R-FIBERLOGY-FIBERLOGY-FIBERFLEX-40D-TDS,2,value,unmapped:Chemical resistance - Xylene,G167-06,FiberFlex 40D,Xylene,Good,,,,,,,,,,,CHEMICAL RESISTANCE:,Xylene | Good,,new,,high,reader-r1-11,
R-FIBERLOGY-FIBERLOGY-FIBERFLEX-AERO-TDS-1,1,identity,grade,G134-01,FIBERLOGY FIBERFLEX AERO,Trade name,Fiberlogy FiberFlex Aero,,,,,,,,,,,,TRADE NAME: Fiberlogy FiberFlex Aero,,new,,high,reader-r1-11,
R-FIBERLOGY-FIBERLOGY-FIBERFLEX-AERO-TDS-1,1,identity,polymer,G134-01,FIBERLOGY FIBERFLEX AERO,Description,CPE ANTIBAC filament designed for printing in FFF/FDM technology,,,,,,,,,,,,DESCRIPTION: CPE ANTIBAC filament designed for printing in FFF/FDM technology,,new,,medium,reader-r1-11,description names CPE ANTIBAC on a FiberFlex Aero sheet (template carry-over as printed); trade name and title say FiberFlex Aero
R-FIBERLOGY-FIBERLOGY-FIBERFLEX-AERO-TDS-1,1,identity,diameter,G134-01,FIBERLOGY FIBERFLEX AERO,Diameter,1.75 mm,1.75,,mm,,,,,,,,TECHNICAL INFORMATION,Diameter: 1.75 mm,,new,,high,reader-r1-11,
R-FIBERLOGY-FIBERLOGY-FIBERFLEX-AERO-TDS-1,1,setting,nozzle,G134-01,FIBERLOGY FIBERFLEX AERO,Print Temperature,210°C - 235°C,210,235,°C,,,,,,,,TECHNICAL INFORMATION,Print Temperature: 210°C - 235°C,P0494,confirms,210°C - 235°C,high,reader-r1-11,
R-FIBERLOGY-FIBERLOGY-FIBERFLEX-AERO-TDS-1,1,setting,bed,G134-01,FIBERLOGY FIBERFLEX AERO,Bed Temperature,30°C - 70°C,30,70,°C,,,,,,,,TECHNICAL INFORMATION,Bed Temperature: 30°C - 70°C,P0494,confirms,30°C - 70°C,high,reader-r1-11,
R-FIBERLOGY-FIBERLOGY-FIBERFLEX-AERO-TDS-1,1,context,all,G134-01,FIBERLOGY FIBERFLEX AERO,Note,The parameters listed above apply to the unfoamed material.,,,,,,unfoamed material,,,,,Typical material properties,Note: The parameters listed above apply to the unfoamed material.,,new,,high,reader-r1-11,states every table value is for the unfoamed material
R-FIBERLOGY-FIBERLOGY-FIBERFLEX-AERO-TDS-1,1,value,Density,G134-01,FIBERLOGY FIBERFLEX AERO,Specific Density,1.16 g/cm³,1.16,,g/cm³,,,,,,ASTM D792,,Physical Properties,Specific Density | ASTM D792 | g/cm³ | 1.16,V005542,confirms,1.16 g/cm3,high,reader-r1-11,
R-FIBERLOGY-FIBERLOGY-FIBERFLEX-AERO-TDS-1,1,value,Hardness,G134-01,FIBERLOGY FIBERFLEX AERO,Shore A,91,91,,,,,,,,ASTM D2240,scale=Shore A,Hardness,Shore A | ASTM D2240 | - | 91,V005543,confirms,91,high,reader-r1-11,"Unit column prints ""-"""
R-FIBERLOGY-FIBERLOGY-FIBERFLEX-AERO-TDS-1,1,value,Hardness,G134-01,FIBERLOGY FIBERFLEX AERO,Shore D,40,40,,,,,,,,ASTM D2240,scale=Shore D,Hardness,Shore D | ASTM D2240 | - | 40,V005544,confirms,40,high,reader-r1-11,"Unit column prints ""-"""
R-FIBERLOGY-FIBERLOGY-FIBERFLEX-AERO-TDS-1,1,value,Tensile break strength,G134-01,FIBERLOGY FIBERFLEX AERO,Tensile Strength @ Break,28 MPa,28,,MPa,,,,,,ASTM D638,,Mechanical Properties,Tensile Strength @ Break | ASTM D638 | MPa | 28,V005545,confirms,28 MPa,high,reader-r1-11,
R-FIBERLOGY-FIBERLOGY-FIBERFLEX-AERO-TDS-1,1,value,Tensile stress at 5 % elongation,G134-01,FIBERLOGY FIBERFLEX AERO,Tensile Strength @ 5% Strain,2 MPa,2,,MPa,,,,,,ASTM D638,,Mechanical Properties,Tensile Strength @ 5% Strain | ASTM D638 | MPa | 2,V005546,confirms,2 MPa,high,reader-r1-11,
R-FIBERLOGY-FIBERLOGY-FIBERFLEX-AERO-TDS-1,1,value,Tensile stress at 10 % elongation,G134-01,FIBERLOGY FIBERFLEX AERO,Tensile Strength @ 10% Strain,4 MPa,4,,MPa,,,,,,ASTM D638,,Mechanical Properties,Tensile Strength @ 10% Strain | ASTM D638 | MPa | 4,V005547,confirms,4 MPa,high,reader-r1-11,
R-FIBERLOGY-FIBERLOGY-FIBERFLEX-AERO-TDS-1,1,value,Elongation at break,G134-01,FIBERLOGY FIBERFLEX AERO,Elongation @ Break,700 %,700,,%,,,,,,ASTM D638,,Mechanical Properties,Elongation @ Break | ASTM D638 | % | 700,V005548,confirms,700 %,high,reader-r1-11,
R-FIBERLOGY-FIBERLOGY-FIBERFLEX-AERO-TDS-1,1,value,Flexural modulus,G134-01,FIBERLOGY FIBERFLEX AERO,Flexular Modulus,67 MPa,67,,MPa,,,,,,ASTM D790,,Mechanical Properties,Flexular Modulus | ASTM D790 | MPa | 67,V005549,confirms,67 MPa,high,reader-r1-11,"label printed ""Flexular"" (sic)"
R-FIBERLOGY-FIBERLOGY-FIBERFLEX-AERO-TDS-1,1,value,Tear strength,G134-01,FIBERLOGY FIBERFLEX AERO,Tear Strength,115 kN/m,115,,kN/m,,,,,,ASTM D1004,,Mechanical Properties,Tear Strength | ASTM D1004 | kN/m | 115,V005550,confirms,115 kN/m,high,reader-r1-11,
R-FIBERLOGY-FIBERLOGY-FIBERFLEX-AERO-TDS-1,1,value,HDT,G134-01,FIBERLOGY FIBERFLEX AERO,Heat Distortion Temperature @ 0.45 MPa,70 °C,70,,°C,,,,,,ASTM D648,load=0.45 MPa,Thermal Properties,Heat Distortion Temperature @ 0.45 MPa | ASTM D648 | °C | 70,V005551,confirms,70 °C,high,reader-r1-11,
R-FIBERLOGY-FIBERLOGY-FIBERFLEX-AERO-TDS-1,1,value,Melting temperature,G134-01,FIBERLOGY FIBERFLEX AERO,Melting Temperature,157 °C,157,,°C,,,,,,ASTM D3418,,Thermal Properties,Melting Temperature | ASTM D3418 | °C | 157,V005552,confirms,157 °C,high,reader-r1-11,
R-FIBERLOGY-FIBERLOGY-FIBERFLEX-CF-TDS,1,identity,grade,G129-07,FIBERLOGY FIBERFLEX CF,Trade name,Fiberlogy FiberFlex CF,,,,,,,,,,,,TRADE NAME: Fiberlogy FiberFlex CF,,new,,high,reader-r1-11,
R-FIBERLOGY-FIBERLOGY-FIBERFLEX-CF-TDS,1,identity,polymer,G129-07,FIBERLOGY FIBERFLEX CF,Description,FiberFlex CF filament designed for printing in FFF/FDM technology,,,,,,,,,,,,DESCRIPTION: FiberFlex CF filament designed for printing in FFF/FDM technology,,new,,high,reader-r1-11,
R-FIBERLOGY-FIBERLOGY-FIBERFLEX-CF-TDS,1,identity,diameter,G129-07,FIBERLOGY FIBERFLEX CF,Diameter,1.75 mm,1.75,,mm,,,,,,,,TECHNICAL INFORMATION,Diameter: 1.75 mm,,new,,high,reader-r1-11,
R-FIBERLOGY-FIBERLOGY-FIBERFLEX-CF-TDS,1,setting,nozzle,G129-07,FIBERLOGY FIBERFLEX CF,Print Temperature,190°C - 205°C,190,205,°C,,,,,,,,TECHNICAL INFORMATION,Print Temperature: 190°C - 205°C,P1096,confirms,190°C - 205°C,high,reader-r1-11,
R-FIBERLOGY-FIBERLOGY-FIBERFLEX-CF-TDS,1,setting,bed,G129-07,FIBERLOGY FIBERFLEX CF,Bed Temperature,80°C,80,,°C,,,,,,,,TECHNICAL INFORMATION,Bed Temperature: 80°C,P1096,confirms,80°C,high,reader-r1-11,
R-FIBERLOGY-FIBERLOGY-FIBERFLEX-CF-TDS,1,value,Density,G129-07,FIBERLOGY FIBERFLEX CF,Specific Density,1.23 g/cm³,1.23,,g/cm³,,,,,,ISO 1183,,Physical Properties,Specific Density | ISO 1183 | g/cm³ | 1.23,V011076,confirms,1.23 g/cm3,high,reader-r1-11,
R-FIBERLOGY-FIBERLOGY-FIBERFLEX-CF-TDS,1,value,Hardness,G129-07,FIBERLOGY FIBERFLEX CF,Shore A,90,90,,,,,,,,ISO 7619-1,scale=Shore A,Hardness,Shore A | ISO 7619-1 | - | 90,V011077,confirms,90,high,reader-r1-11,"Unit column prints ""-"""
R-FIBERLOGY-FIBERLOGY-FIBERFLEX-CF-TDS,1,value,Hardness,G129-07,FIBERLOGY FIBERFLEX CF,Shore D,60,60,,,,,,,,ISO 7619-1,scale=Shore D,Hardness,Shore D | ISO 7619-1 | - | 60,V011078,confirms,60,high,reader-r1-11,"Unit column prints ""-"""
R-FIBERLOGY-FIBERLOGY-FIBERFLEX-CF-TDS,1,value,Tensile break strength,G129-07,FIBERLOGY FIBERFLEX CF,Tensile Strength @ Break,60 MPa,60,,MPa,,,,,,ISO 527,,Mechanical Properties,Tensile Strength @ Break | ISO 527 | MPa | 60,V011079,confirms,60 MPa,high,reader-r1-11,
R-FIBERLOGY-FIBERLOGY-FIBERFLEX-CF-TDS,1,value,Tensile modulus,G129-07,FIBERLOGY FIBERFLEX CF,Tensile Modulus,200 MPa,200,,MPa,,,,,,ISO 527,,Mechanical Properties,Tensile Modulus | ISO 527 | MPa | 200,V011080,confirms,200 MPa,high,reader-r1-11,held and page print 200 MPa; the FIBERFLEXCF-TDS sheet prints 2200 for the same test
R-FIBERLOGY-FIBERLOGY-FIBERFLEX-CF-TDS,1,value,Elongation at break,G129-07,FIBERLOGY FIBERFLEX CF,Elongation @ Break,15 %,15,,%,,,,,,ISO 527,,Mechanical Properties,Elongation @ Break | ISO 527 | % | 15,V011081,confirms,15 %,high,reader-r1-11,
R-FIBERLOGY-FIBERLOGY-FIBERFLEX-CF-TDS,1,value,Charpy strength,G129-07,FIBERLOGY FIBERFLEX CF,Charpy Impact Strength (Unnotched) @ 23°C,NB,,,kJ/m²,,,,,,ISO 179,temp=23 °C; unnotched,Mechanical Properties,Charpy Impact Strength (Unnotched) @ 23°C | ISO 179 | kJ/m² | NB,,new,,high,reader-r1-11,NB = no break; no number
R-FIBERLOGY-FIBERLOGY-FIBERFLEX-CF-TDS,1,value,Charpy strength,G129-07,FIBERLOGY FIBERFLEX CF,Charpy Impact Strength (Notched) @ 23°C,40 kJ/m²,40,,kJ/m²,,,,,,ISO 179,temp=23 °C; notched,Mechanical Properties,Charpy Impact Strength (Notched) @ 23°C | ISO 179 | kJ/m² | 40,V011082,confirms,40 kJ/m2,high,reader-r1-11,
R-FIBERLOGY-FIBERLOGY-FIBERFLEX-CF-TDS,1,value,HDT,G129-07,FIBERLOGY FIBERFLEX CF,Heat Distortion Temperature @ 0.45 MPa,134 °C,134,,°C,,,,,,ISO 75,load=0.45 MPa,Thermal Properties,Heat Distortion Temperature @ 0.45 MPa | ISO 75 | °C | 134,V011083,confirms,134 °C,high,reader-r1-11,
R-FIBERLOGY-FIBERLOGY-FIBERFLEX-CF-TDS,1,value,HDT,G129-07,FIBERLOGY FIBERFLEX CF,Heat Distortion Temperature @ 1.8 MPa,70 °C,70,,°C,,,,,,ISO 75,load=1.8 MPa,Thermal Properties,Heat Distortion Temperature @ 1.8 MPa | ISO 75 | °C | 70,V011084,confirms,70 °C,high,reader-r1-11,
R-FIBERLOGY-FIBERLOGY-FIBERFLEX-CF-TDS,1,value,Vicat softening temperature,G129-07,FIBERLOGY FIBERFLEX CF,Vicat Softening Temperature,91 °C,91,,°C,,,,,,ISO 306,,Thermal Properties,Vicat Softening Temperature | ISO 306 | °C | 91,V011085,confirms,91 °C,high,reader-r1-11,
R-FIBERLOGY-FIBERLOGY-FIBERFLEX-CF-TDS,1,value,Surface resistivity,G129-07,FIBERLOGY FIBERFLEX CF,"Electrical resistivity, Surface",4E5,4E5,,ohm,,,,,,ASTM D 257,,Electrical Properties,"Electrical resistivity, Surface | ASTM D 257 | ohm | 4E5",,new,,high,reader-r1-11,"printed as 4E5 ohm (standard printed ""ASTM D 257"")"
R-FIBERLOGY-FIBERLOGY-FIBERFLEXCF-TDS,1,identity,grade,G129-07,FIBERLOGY FIBERFLEX CF,Trade name,Fiberlogy FiberFlex CF,,,,,,,,,,,,TRADE NAME: Fiberlogy FiberFlex CF,,new,,high,reader-r1-11,
R-FIBERLOGY-FIBERLOGY-FIBERFLEXCF-TDS,1,identity,polymer,G129-07,FIBERLOGY FIBERFLEX CF,Description,FiberFlex CF filament designed for printing in FFF/FDM technology,,,,,,,,,,,,DESCRIPTION: FiberFlex CF filament designed for printing in FFF/FDM technology,,new,,high,reader-r1-11,
R-FIBERLOGY-FIBERLOGY-FIBERFLEXCF-TDS,1,identity,diameter,G129-07,FIBERLOGY FIBERFLEX CF,Diameter,1.75 mm,1.75,,mm,,,,,,,,TECHNICAL INFORMATION,Diameter: 1.75 mm,,new,,high,reader-r1-11,
R-FIBERLOGY-FIBERLOGY-FIBERFLEXCF-TDS,1,setting,nozzle,G129-07,FIBERLOGY FIBERFLEX CF,Print Temperature,190°C - 205°C,190,205,°C,,,,,,,,TECHNICAL INFORMATION,Print Temperature: 190°C - 205°C,P1093,confirms,190°C - 205°C,high,reader-r1-11,
R-FIBERLOGY-FIBERLOGY-FIBERFLEXCF-TDS,1,setting,bed,G129-07,FIBERLOGY FIBERFLEX CF,Bed Temperature,80°C,80,,°C,,,,,,,,TECHNICAL INFORMATION,Bed Temperature: 80°C,P1093,confirms,80°C,high,reader-r1-11,
R-FIBERLOGY-FIBERLOGY-FIBERFLEXCF-TDS,1,value,Density,G129-07,FIBERLOGY FIBERFLEX CF,Specific Density,1.23 g/cm³,1.23,,g/cm³,,,,,,ISO 1183,,Physical Properties,Specific Density | ISO 1183 | g/cm³ | 1.23,V011047,confirms,1.23 g/cm3,high,reader-r1-11,
R-FIBERLOGY-FIBERLOGY-FIBERFLEXCF-TDS,1,value,Hardness,G129-07,FIBERLOGY FIBERFLEX CF,Shore A,90,90,,,,,,,,ISO 7619,scale=Shore A,Hardness,Shore A | ISO 7619 | - | 90,V011048,confirms,90,high,reader-r1-11,"Unit column prints ""-"""
R-FIBERLOGY-FIBERLOGY-FIBERFLEXCF-TDS,1,value,Hardness,G129-07,FIBERLOGY FIBERFLEX CF,Shore D,60,60,,,,,,,,ISO 7619,scale=Shore D,Hardness,Shore D | ISO 7619 | - | 60,V011049,confirms,60,high,reader-r1-11,"Unit column prints ""-"""
R-FIBERLOGY-FIBERLOGY-FIBERFLEXCF-TDS,1,value,Tensile break strength,G129-07,FIBERLOGY FIBERFLEX CF,Tensile Strength @ Break,60 MPa,60,,MPa,,,,,,ISO 527,,Mechanical Properties,Tensile Strength @ Break | ISO 527 | MPa | 60,V011050,confirms,60 MPa,high,reader-r1-11,
R-FIBERLOGY-FIBERLOGY-FIBERFLEXCF-TDS,1,value,Tensile modulus,G129-07,FIBERLOGY FIBERFLEX CF,Tensile Modulus,2200 MPa,2200,,MPa,,,,,,ISO 527,,Mechanical Properties,Tensile Modulus | ISO 527 | MPa | 2200,V011051,confirms,2200 MPa,high,reader-r1-11,
R-FIBERLOGY-FIBERLOGY-FIBERFLEXCF-TDS,1,value,Elongation at break,G129-07,FIBERLOGY FIBERFLEX CF,Elongation @ Break,15 %,15,,%,,,,,,ISO 527,,Mechanical Properties,Elongation @ Break | ISO 527 | % | 15,V011052,confirms,15 %,high,reader-r1-11,
R-FIBERLOGY-FIBERLOGY-FIBERFLEXCF-TDS,1,value,Charpy strength,G129-07,FIBERLOGY FIBERFLEX CF,Charpy Impact Strength (Unnotched) @ 23°C,NB,,,kJ/m²,,,,,,ISO 179,temp=23 °C; unnotched,Mechanical Properties,Charpy Impact Strength (Unnotched) @ 23°C | ISO 179 | kJ/m² | NB,,new,,high,reader-r1-11,NB = no break; no number
R-FIBERLOGY-FIBERLOGY-FIBERFLEXCF-TDS,1,value,Charpy strength,G129-07,FIBERLOGY FIBERFLEX CF,Charpy Impact Strength (Notched) @ 23°C,40 kJ/m²,40,,kJ/m²,,,,,,ISO 179,temp=23 °C; notched,Mechanical Properties,Charpy Impact Strength (Notched) @ 23°C | ISO 179 | kJ/m² | 40,V011053,confirms,40 kJ/m2,high,reader-r1-11,
R-FIBERLOGY-FIBERLOGY-FIBERFLEXCF-TDS,1,value,HDT,G129-07,FIBERLOGY FIBERFLEX CF,Heat Distortion Temperature @ 0.45 MPa,134 °C,134,,°C,,,,,,ISO 75,load=0.45 MPa,Thermal Properties,Heat Distortion Temperature @ 0.45 MPa | ISO 75 | °C | 134,V011054,confirms,134 °C,high,reader-r1-11,
R-FIBERLOGY-FIBERLOGY-FIBERFLEXCF-TDS,1,value,HDT,G129-07,FIBERLOGY FIBERFLEX CF,Heat Distortion Temperature @ 1.8 MPa,70 °C,70,,°C,,,,,,ISO 75,load=1.8 MPa,Thermal Properties,Heat Distortion Temperature @ 1.8 MPa | ISO 75 | °C | 70,V011055,confirms,70 °C,high,reader-r1-11,
R-FIBERLOGY-FIBERLOGY-FIBERFLEXCF-TDS,1,value,Vicat softening temperature,G129-07,FIBERLOGY FIBERFLEX CF,Vicat Softening Temperature,91 °C,91,,°C,,,,,,ISO 306,,Thermal Properties,Vicat Softening Temperature | ISO 306 | °C | 91,V011056,confirms,91 °C,high,reader-r1-11,
R-FIBERLOGY-FIBERLOGY-FIBERFLEXCF-TDS,1,value,Surface resistivity,G129-07,FIBERLOGY FIBERFLEX CF,"Electrical resistivity, Surface",4⁵,,,ohm,,,,,,ASTM D257,,Electrical Properties,"Electrical resistivity, Surface | ASTM D257 | ohm | 4⁵",,new,,low,reader-r1-11,value printed as 4 with superscript 5 (4⁵); text layer reads 45; not converted
R-FIBERLOGY-FIBERLOGY-FIBERFLEX30D-TDS,1,identity,grade,G167-03,FIBERLOGY FIBERFLEX 30D,Trade name,Fiberlogy FiberFlex 30D,,,,,,,,,,,,TRADE NAME: Fiberlogy FiberFlex 30D,,new,,high,reader-r1-11,
R-FIBERLOGY-FIBERLOGY-FIBERFLEX30D-TDS,1,identity,polymer,G167-03,FIBERLOGY FIBERFLEX 30D,Description,FiberFlex 30D filament designed for printing in FFF/FDM technology,,,,,,,,,,,,DESCRIPTION: FiberFlex 30D filament designed for printing in FFF/FDM technology,,new,,high,reader-r1-11,
R-FIBERLOGY-FIBERLOGY-FIBERFLEX30D-TDS,1,identity,diameter,G167-03,FIBERLOGY FIBERFLEX 30D,Diameter,1.75 mm,1.75,,mm,,,,,,,,TECHNICAL INFORMATION,Diameter: 1.75 mm,,new,,high,reader-r1-11,
R-FIBERLOGY-FIBERLOGY-FIBERFLEX30D-TDS,1,setting,nozzle,G167-03,FIBERLOGY FIBERFLEX 30D,Print Temperature,200°C - 220°C,200,220,°C,,,,,,,,TECHNICAL INFORMATION,Print Temperature: 200°C - 220°C,P1164,confirms,200°C - 220°C,high,reader-r1-11,
R-FIBERLOGY-FIBERLOGY-FIBERFLEX30D-TDS,1,setting,bed,G167-03,FIBERLOGY FIBERFLEX 30D,Bed Temperature,50°C - 70°C,50,70,°C,,,,,,,,TECHNICAL INFORMATION,Bed Temperature: 50°C - 70°C,P1164,confirms,50°C - 70°C,high,reader-r1-11,
R-FIBERLOGY-FIBERLOGY-FIBERFLEX30D-TDS,1,value,Density,G167-03,FIBERLOGY FIBERFLEX 30D,Specific Density,1.07 g/cm³,1.07,,g/cm³,,,,,,ASTM D792,,Physical Properties,Specific Density | ASTM D792 | g/cm³ | 1.07,V011138,confirms,1.07 g/cm3,high,reader-r1-11,
R-FIBERLOGY-FIBERLOGY-FIBERFLEX30D-TDS,1,value,Hardness,G167-03,FIBERLOGY FIBERFLEX 30D,Shore A,81,81,,,,,,,,ASTM D2240,scale=Shore A,Hardness,Shore A | ASTM D2240 | - | 81,V011139,confirms,81,high,reader-r1-11,"Unit column prints ""-"""
R-FIBERLOGY-FIBERLOGY-FIBERFLEX30D-TDS,1,value,Hardness,G167-03,FIBERLOGY FIBERFLEX 30D,Shore D,30,30,,,,,,,,ASTM D2240,scale=Shore D,Hardness,Shore D | ASTM D2240 | - | 30,V011140,confirms,30,high,reader-r1-11,"Unit column prints ""-"""
R-FIBERLOGY-FIBERLOGY-FIBERFLEX30D-TDS,1,value,Hardness,G167-03,FIBERLOGY FIBERFLEX 30D,Shore D 15s,27,27,,,,,,,,ASTM D2240,scale=Shore D; time=15 s,Hardness,Shore D 15s | ASTM D2240 | - | 27,,new,,high,reader-r1-11,"Unit column prints ""-"""
R-FIBERLOGY-FIBERLOGY-FIBERFLEX30D-TDS,1,value,Tensile break strength,G167-03,FIBERLOGY FIBERFLEX 30D,Tensile Strength: @ Break,22 MPa,22,,MPa,,,,,,ASTM D638,,Mechanical Properties,Tensile Strength: | @ Break | ASTM D638 | MPa | 22,,new,,high,reader-r1-11,
R-FIBERLOGY-FIBERLOGY-FIBERFLEX30D-TDS,1,value,Tensile stress at 5 % elongation,G167-03,FIBERLOGY FIBERFLEX 30D,Tensile Strength: @ 5% Strain,1 MPa,1,,MPa,,,,,,ASTM D638,,Mechanical Properties,Tensile Strength: | @ 5% Strain | ASTM D638 | MPa | 1,,new,,high,reader-r1-11,
R-FIBERLOGY-FIBERLOGY-FIBERFLEX30D-TDS,1,value,Tensile stress at 10 % elongation,G167-03,FIBERLOGY FIBERFLEX 30D,Tensile Strength: @ 10% Strain,2 MPa,2,,MPa,,,,,,ASTM D638,,Mechanical Properties,Tensile Strength: | @ 10% Strain | ASTM D638 | MPa | 2,,new,,high,reader-r1-11,
R-FIBERLOGY-FIBERLOGY-FIBERFLEX30D-TDS,1,value,Elongation at break,G167-03,FIBERLOGY FIBERFLEX 30D,Elongation at break,870 %,870,,%,,,,,,ASTM D638,,Mechanical Properties,Elongation at break | ASTM D638 | % | 870,V011141,confirms,870 %,high,reader-r1-11,
R-FIBERLOGY-FIBERLOGY-FIBERFLEX30D-TDS,1,value,Melting temperature,G167-03,FIBERLOGY FIBERFLEX 30D,Melting Temperature Tm,174 °C,174,,°C,,,,,,ASTM D3418,,Thermal Properties,Melting Temperature Tm | ASTM D3418 | °C | 174,V011142,confirms,174 °C,high,reader-r1-11,
R-FIBERLOGY-FIBERLOGY-FIBERFLEX40D-TDS,1,identity,grade,G167-06,FIBERLOGY FIBERFLEX 40D,Trade name,Fiberlogy FiberFlex 40D,,,,,,,,,,,,TRADE NAME: Fiberlogy FiberFlex 40D,,new,,high,reader-r1-11,
R-FIBERLOGY-FIBERLOGY-FIBERFLEX40D-TDS,1,identity,polymer,G167-06,FIBERLOGY FIBERFLEX 40D,Description,FiberFlex 40D filament designed for printing in FFF/FDM technology,,,,,,,,,,,,DESCRIPTION: FiberFlex 40D filament designed for printing in FFF/FDM technology,,new,,high,reader-r1-11,
R-FIBERLOGY-FIBERLOGY-FIBERFLEX40D-TDS,1,identity,diameter,G167-06,FIBERLOGY FIBERFLEX 40D,Diameter,1.75 mm or 2.85 mm,1.75,,mm,,,,,,,,TECHNICAL INFORMATION,Diameter: 1.75 mm or 2.85 mm,,new,,high,reader-r1-11,two diameters printed; number_lo is the first
R-FIBERLOGY-FIBERLOGY-FIBERFLEX40D-TDS,1,setting,nozzle,G167-06,FIBERLOGY FIBERFLEX 40D,Print Temperature,200°C - 220°C,200,220,°C,,,,,,,,TECHNICAL INFORMATION,Print Temperature: 200°C - 220°C,P1180,confirms,200°C - 220°C,high,reader-r1-11,
R-FIBERLOGY-FIBERLOGY-FIBERFLEX40D-TDS,1,setting,bed,G167-06,FIBERLOGY FIBERFLEX 40D,Bed Temperature,50°C - 70°C,50,70,°C,,,,,,,,TECHNICAL INFORMATION,Bed Temperature: 50°C - 70°C,P1180,confirms,50°C - 70°C,high,reader-r1-11,
R-FIBERLOGY-FIBERLOGY-FIBERFLEX40D-TDS,1,value,Density,G167-06,FIBERLOGY FIBERFLEX 40D,Specific Density,1.16 g/cm³,1.16,,g/cm³,,,,,,ASMT D792,,Physical Properties,Specific Density | ASMT D792 | g/cm³ | 1.16,V011257,confirms,1.16 g/cm3,high,reader-r1-11,"method printed ""ASMT D792"" (sic)"
R-FIBERLOGY-FIBERLOGY-FIBERFLEX40D-TDS,1,value,Hardness,G167-06,FIBERLOGY FIBERFLEX 40D,Shore A,91,91,,,,,,,,ASTM D2240,scale=Shore A,Hardness,Shore A | ASTM D2240 | - | 91,V011258,confirms,91,high,reader-r1-11,"Unit column prints ""-"""
R-FIBERLOGY-FIBERLOGY-FIBERFLEX40D-TDS,1,value,Hardness,G167-06,FIBERLOGY FIBERFLEX 40D,Shore D,40,40,,,,,,,,ASTM D2240,scale=Shore D,Hardness,Shore D | ASTM D2240 | - | 40,V011259,confirms,40,high,reader-r1-11,"Unit column prints ""-"""
R-FIBERLOGY-FIBERLOGY-FIBERFLEX40D-TDS,1,value,Hardness,G167-06,FIBERLOGY FIBERFLEX 40D,Shore D 15s,37,37,,,,,,,,ASTM D2240,scale=Shore D; time=15 s,Hardness,Shore D 15s | ASTM D2240 | - | 37,,new,,high,reader-r1-11,"Unit column prints ""-""; text layer shows ""="" for the dash"
R-FIBERLOGY-FIBERLOGY-FIBERFLEX40D-TDS,1,value,Tensile break strength,G167-06,FIBERLOGY FIBERFLEX 40D,Tensile Strength: @ Break,28 MPa,28,,MPa,,,,,,ASTM D638,,Mechanical Properties,Tensile Strength: | @ Break | ASTM D638 | MPa | 28,,new,,high,reader-r1-11,
R-FIBERLOGY-FIBERLOGY-FIBERFLEX40D-TDS,1,value,Tensile stress at 5 % elongation,G167-06,FIBERLOGY FIBERFLEX 40D,Tensile Strength: @ 5% Strain,2 MPa,2,,MPa,,,,,,ASTM D638,,Mechanical Properties,Tensile Strength: | @ 5% Strain | ASTM D638 | MPa | 2,,new,,high,reader-r1-11,
R-FIBERLOGY-FIBERLOGY-FIBERFLEX40D-TDS,1,value,Tensile stress at 10 % elongation,G167-06,FIBERLOGY FIBERFLEX 40D,Tensile Strength: @ 10% Strain,4 MPa,4,,MPa,,,,,,ASTM D638,,Mechanical Properties,Tensile Strength: | @ 10% Strain | ASTM D638 | MPa | 4,,new,,high,reader-r1-11,
R-FIBERLOGY-FIBERLOGY-FIBERFLEX40D-TDS,1,value,Elongation at break,G167-06,FIBERLOGY FIBERFLEX 40D,Elongation at break,700 %,700,,%,,,,,,ASTM D638,,Mechanical Properties,Elongation at break | ASTM D638 | % | 700,V011260,confirms,700 %,high,reader-r1-11,
R-FIBERLOGY-FIBERLOGY-FIBERFLEX40D-TDS,1,value,Flexural modulus,G167-06,FIBERLOGY FIBERFLEX 40D,Flexular Modulus,67 MPa,67,,MPa,,,,,,ASTM D790,,Mechanical Properties,Flexular Modulus | ASTM D790 | MPa | 67,V011261,confirms,67 MPa,high,reader-r1-11,"label printed ""Flexular"" (sic)"
R-FIBERLOGY-FIBERLOGY-FIBERFLEX40D-TDS,1,value,HDT,G167-06,FIBERLOGY FIBERFLEX 40D,Heat Distortion Temperature @ 0.45 MPa,70 °C,70,,°C,,,,,,ASTM D648,load=0.45 MPa,Thermal Properties,Heat Distortion Temperature @ 0.45 MPa | ASTM D648 | °C | 70,V011262,confirms,70 °C,high,reader-r1-11,
R-FIBERLOGY-FIBERLOGY-FIBERFLEX40D-TDS,1,value,Melting temperature,G167-06,FIBERLOGY FIBERFLEX 40D,Melting Temperature Tm,157 °C,157,,°C,,,,,,ASTM D3418,,Thermal Properties,Melting Temperature Tm | ASTM D3418 | °C | 157,V011263,confirms,157 °C,high,reader-r1-11,
R-FIBERLOGY-FIBERLOGY-FIBERFLEX40D-TDS,1,value,Tear strength,G167-06,FIBERLOGY FIBERFLEX 40D,Tear Strength,115 kN/m,115,,kN/m,,,,,,ASTM D1004,,Elastomer Properties,Tear Strength | ASTM D1004 | kN/m | 115,V011264,confirms,115 kN/m,high,reader-r1-11,
R-FIBERLOGY-FIBERLOGY-FIBERFLEX40D-TDS,2,context,all,G167-06,FIBERLOGY FIBERFLEX 40D,CHEMICAL RESISTANCE:,,,,,,,,,,,,CHEMICAL RESISTANCE:,CHEMICAL RESISTANCE:,,new,,high,reader-r1-11,"ratings table: Excellent / Good / Fair / Poor / Soluble; no temperature, time or concentration stated except where in the chemical name"
R-FIBERLOGY-FIBERLOGY-FIBERFLEX40D-TDS,2,value,unmapped:Chemical resistance - Acetaldehyde,G167-06,FIBERLOGY FIBERFLEX 40D,Acetaldehyde,Excellent,,,,,,,,,,,CHEMICAL RESISTANCE:,Acetaldehyde | Excellent,,new,,high,reader-r1-11,
R-FIBERLOGY-FIBERLOGY-FIBERFLEX40D-TDS,2,value,unmapped:Chemical resistance - Acetic acid,G167-06,FIBERLOGY FIBERFLEX 40D,Acetic acid,Excellent,,,,,,,,,,,CHEMICAL RESISTANCE:,Acetic acid | Excellent,,new,,high,reader-r1-11,
R-FIBERLOGY-FIBERLOGY-FIBERFLEX40D-TDS,2,value,unmapped:Chemical resistance - Acetone,G167-06,FIBERLOGY FIBERFLEX 40D,Acetone,Fair,,,,,,,,,,,CHEMICAL RESISTANCE:,Acetone | Fair,,new,,high,reader-r1-11,
R-FIBERLOGY-FIBERLOGY-FIBERFLEX40D-TDS,2,value,unmapped:Chemical resistance - Acetylene,G167-06,FIBERLOGY FIBERFLEX 40D,Acetylene,Excellent,,,,,,,,,,,CHEMICAL RESISTANCE:,Acetylene | Excellent,,new,,high,reader-r1-11,
R-FIBERLOGY-FIBERLOGY-FIBERFLEX40D-TDS,2,value,unmapped:Chemical resistance - Amine,G167-06,FIBERLOGY FIBERFLEX 40D,Amine,Soluble,,,,,,,,,,,CHEMICAL RESISTANCE:,Amine | Soluble,,new,,high,reader-r1-11,
R-FIBERLOGY-FIBERLOGY-FIBERFLEX40D-TDS,2,value,unmapped:Chemical resistance - Aniline,G167-06,FIBERLOGY FIBERFLEX 40D,Aniline,Poor,,,,,,,,,,,CHEMICAL RESISTANCE:,Aniline | Poor,,new,,high,reader-r1-11,
R-FIBERLOGY-FIBERLOGY-FIBERFLEX40D-TDS,2,value,unmapped:Chemical resistance - ASTM oil No. 1,G167-06,FIBERLOGY FIBERFLEX 40D,ASTM oil No. 1,Excellent,,,,,,,,,,,CHEMICAL RESISTANCE:,ASTM oil No. 1 | Excellent,,new,,high,reader-r1-11,
R-FIBERLOGY-FIBERLOGY-FIBERFLEX40D-TDS,2,value,unmapped:Chemical resistance - ASTM oil No. 3,G167-06,FIBERLOGY FIBERFLEX 40D,ASTM oil No. 3,Excellent,,,,,,,,,,,CHEMICAL RESISTANCE:,ASTM oil No. 3 | Excellent,,new,,high,reader-r1-11,
R-FIBERLOGY-FIBERLOGY-FIBERFLEX40D-TDS,2,value,unmapped:Chemical resistance - ASTM ref. fuel A,G167-06,FIBERLOGY FIBERFLEX 40D,ASTM ref. fuel A,Excellent,,,,,,,,,,,CHEMICAL RESISTANCE:,ASTM ref. fuel A | Excellent,,new,,high,reader-r1-11,
R-FIBERLOGY-FIBERLOGY-FIBERFLEX40D-TDS,2,value,unmapped:Chemical resistance - ASTM ref. fuel B,G167-06,FIBERLOGY FIBERFLEX 40D,ASTM ref. fuel B,Excellent,,,,,,,,,,,CHEMICAL RESISTANCE:,ASTM ref. fuel B | Excellent,,new,,high,reader-r1-11,
R-FIBERLOGY-FIBERLOGY-FIBERFLEX40D-TDS,2,value,unmapped:Chemical resistance - ASTM ref. fuel C,G167-06,FIBERLOGY FIBERFLEX 40D,ASTM ref. fuel C,Poor,,,,,,,,,,,CHEMICAL RESISTANCE:,ASTM ref. fuel C | Poor,,new,,high,reader-r1-11,
R-FIBERLOGY-FIBERLOGY-FIBERFLEX40D-TDS,2,value,unmapped:Chemical resistance - Benzene,G167-06,FIBERLOGY FIBERFLEX 40D,Benzene,Fair,,,,,,,,,,,CHEMICAL RESISTANCE:,Benzene | Fair,,new,,high,reader-r1-11,
R-FIBERLOGY-FIBERLOGY-FIBERFLEX40D-TDS,2,value,unmapped:Chemical resistance - Butane,G167-06,FIBERLOGY FIBERFLEX 40D,Butane,Excellent,,,,,,,,,,,CHEMICAL RESISTANCE:,Butane | Excellent,,new,,high,reader-r1-11,
R-FIBERLOGY-FIBERLOGY-FIBERFLEX40D-TDS,2,value,unmapped:Chemical resistance - Butyl acetate,G167-06,FIBERLOGY FIBERFLEX 40D,Butyl acetate,Fair,,,,,,,,,,,CHEMICAL RESISTANCE:,Butyl acetate | Fair,,new,,high,reader-r1-11,
R-FIBERLOGY-FIBERLOGY-FIBERFLEX40D-TDS,2,value,unmapped:Chemical resistance - Carbon monoxide,G167-06,FIBERLOGY FIBERFLEX 40D,Carbon monoxide,Excellent,,,,,,,,,,,CHEMICAL RESISTANCE:,Carbon monoxide | Excellent,,new,,high,reader-r1-11,
R-FIBERLOGY-FIBERLOGY-FIBERFLEX40D-TDS,2,value,unmapped:Chemical resistance - Carbon tetrachloride,G167-06,FIBERLOGY FIBERFLEX 40D,Carbon tetrachloride,Poor,,,,,,,,,,,CHEMICAL RESISTANCE:,Carbon tetrachloride | Poor,,new,,high,reader-r1-11,
R-FIBERLOGY-FIBERLOGY-FIBERFLEX40D-TDS,2,value,unmapped:Chemical resistance - Chlorobenzene,G167-06,FIBERLOGY FIBERFLEX 40D,Chlorobenzene,Soluble,,,,,,,,,,,CHEMICAL RESISTANCE:,Chlorobenzene | Soluble,,new,,high,reader-r1-11,
R-FIBERLOGY-FIBERLOGY-FIBERFLEX40D-TDS,2,value,unmapped:Chemical resistance - Chloroform,G167-06,FIBERLOGY FIBERFLEX 40D,Chloroform,Soluble,,,,,,,,,,,CHEMICAL RESISTANCE:,Chloroform | Soluble,,new,,high,reader-r1-11,
R-FIBERLOGY-FIBERLOGY-FIBERFLEX40D-TDS,2,value,unmapped:Chemical resistance - Chlorosulfonic acid,G167-06,FIBERLOGY FIBERFLEX 40D,Chlorosulfonic acid,Poor,,,,,,,,,,,CHEMICAL RESISTANCE:,Chlorosulfonic acid | Poor,,new,,high,reader-r1-11,
R-FIBERLOGY-FIBERLOGY-FIBERFLEX40D-TDS,2,value,unmapped:Chemical resistance - Chloric acid,G167-06,FIBERLOGY FIBERFLEX 40D,Chloric acid,Good,,,,,,,,,,,CHEMICAL RESISTANCE:,Chloric acid | Good,,new,,high,reader-r1-11,
R-FIBERLOGY-FIBERLOGY-FIBERFLEX40D-TDS,2,value,unmapped:Chemical resistance - Cresol,G167-06,FIBERLOGY FIBERFLEX 40D,Cresol,Poor,,,,,,,,,,,CHEMICAL RESISTANCE:,Cresol | Poor,,new,,high,reader-r1-11,
R-FIBERLOGY-FIBERLOGY-FIBERFLEX40D-TDS,2,value,unmapped:Chemical resistance - Cyclohexane,G167-06,FIBERLOGY FIBERFLEX 40D,Cyclohexane,Good,,,,,,,,,,,CHEMICAL RESISTANCE:,Cyclohexane | Good,,new,,high,reader-r1-11,
R-FIBERLOGY-FIBERLOGY-FIBERFLEX40D-TDS,2,value,unmapped:Chemical resistance - Dimethyl formamide,G167-06,FIBERLOGY FIBERFLEX 40D,Dimethyl formamide,Fair,,,,,,,,,,,CHEMICAL RESISTANCE:,Dimethyl formamide | Fair,,new,,high,reader-r1-11,
R-FIBERLOGY-FIBERLOGY-FIBERFLEX40D-TDS,2,value,unmapped:Chemical resistance - D.O.P.,G167-06,FIBERLOGY FIBERFLEX 40D,D.O.P.,Excellent,,,,,,,,,,,CHEMICAL RESISTANCE:,D.O.P. | Excellent,,new,,high,reader-r1-11,
R-FIBERLOGY-FIBERLOGY-FIBERFLEX40D-TDS,2,value,unmapped:Chemical resistance - Ethyl acetate,G167-06,FIBERLOGY FIBERFLEX 40D,Ethyl acetate,Fair,,,,,,,,,,,CHEMICAL RESISTANCE:,Ethyl acetate | Fair,,new,,high,reader-r1-11,
R-FIBERLOGY-FIBERLOGY-FIBERFLEX40D-TDS,2,value,unmapped:Chemical resistance - Ethyl alcohol,G167-06,FIBERLOGY FIBERFLEX 40D,Ethyl alcohol,Excellent,,,,,,,,,,,CHEMICAL RESISTANCE:,Ethyl alcohol | Excellent,,new,,high,reader-r1-11,
R-FIBERLOGY-FIBERLOGY-FIBERFLEX40D-TDS,2,value,unmapped:Chemical resistance - Ethylene chloride,G167-06,FIBERLOGY FIBERFLEX 40D,Ethylene chloride,Soluble,,,,,,,,,,,CHEMICAL RESISTANCE:,Ethylene chloride | Soluble,,new,,high,reader-r1-11,
R-FIBERLOGY-FIBERLOGY-FIBERFLEX40D-TDS,2,value,unmapped:Chemical resistance - Ethylene dichloride,G167-06,FIBERLOGY FIBERFLEX 40D,Ethylene dichloride,Soluble,,,,,,,,,,,CHEMICAL RESISTANCE:,Ethylene dichloride | Soluble,,new,,high,reader-r1-11,
R-FIBERLOGY-FIBERLOGY-FIBERFLEX40D-TDS,2,value,unmapped:Chemical resistance - Ethylene glycol,G167-06,FIBERLOGY FIBERFLEX 40D,Ethylene glycol,Excellent,,,,,,,,,,,CHEMICAL RESISTANCE:,Ethylene glycol | Excellent,,new,,high,reader-r1-11,
R-FIBERLOGY-FIBERLOGY-FIBERFLEX40D-TDS,2,value,unmapped:Chemical resistance - Ethylene oxide,G167-06,FIBERLOGY FIBERFLEX 40D,Ethylene oxide,Excellent,,,,,,,,,,,CHEMICAL RESISTANCE:,Ethylene oxide | Excellent,,new,,high,reader-r1-11,
R-FIBERLOGY-FIBERLOGY-FIBERFLEX40D-TDS,2,value,unmapped:Chemical resistance - Formaldehyde,G167-06,FIBERLOGY FIBERFLEX 40D,Formaldehyde,Fair,,,,,,,,,,,CHEMICAL RESISTANCE:,Formaldehyde | Fair,,new,,high,reader-r1-11,
R-FIBERLOGY-FIBERLOGY-FIBERFLEX40D-TDS,2,value,unmapped:Chemical resistance - Formic acid,G167-06,FIBERLOGY FIBERFLEX 40D,Formic acid,Fair,,,,,,,,,,,CHEMICAL RESISTANCE:,Formic acid | Fair,,new,,high,reader-r1-11,
R-FIBERLOGY-FIBERLOGY-FIBERFLEX40D-TDS,2,value,unmapped:Chemical resistance - Freon,G167-06,FIBERLOGY FIBERFLEX 40D,Freon,Excellent,,,,,,,,,,,CHEMICAL RESISTANCE:,Freon | Excellent,,new,,high,reader-r1-11,
R-FIBERLOGY-FIBERLOGY-FIBERFLEX40D-TDS,2,value,unmapped:Chemical resistance - Gasoline,G167-06,FIBERLOGY FIBERFLEX 40D,Gasoline,Excellent,,,,,,,,,,,CHEMICAL RESISTANCE:,Gasoline | Excellent,,new,,high,reader-r1-11,
R-FIBERLOGY-FIBERLOGY-FIBERFLEX40D-TDS,2,value,unmapped:Chemical resistance - Glycerin,G167-06,FIBERLOGY FIBERFLEX 40D,Glycerin,Excellent,,,,,,,,,,,CHEMICAL RESISTANCE:,Glycerin | Excellent,,new,,high,reader-r1-11,
R-FIBERLOGY-FIBERLOGY-FIBERFLEX40D-TDS,2,value,unmapped:Chemical resistance - n-Hexane,G167-06,FIBERLOGY FIBERFLEX 40D,n-Hexane,Excellent,,,,,,,,,,,CHEMICAL RESISTANCE:,n-Hexane | Excellent,,new,,high,reader-r1-11,
R-FIBERLOGY-FIBERLOGY-FIBERFLEX40D-TDS,2,value,unmapped:Chemical resistance - Hydrazine,G167-06,FIBERLOGY FIBERFLEX 40D,Hydrazine,Soluble,,,,,,,,,,,CHEMICAL RESISTANCE:,Hydrazine | Soluble,,new,,high,reader-r1-11,
R-FIBERLOGY-FIBERLOGY-FIBERFLEX40D-TDS,2,value,unmapped:Chemical resistance - Hydrochloric acid,G167-06,FIBERLOGY FIBERFLEX 40D,Hydrochloric acid,Poor,,,,,,,,,,,CHEMICAL RESISTANCE:,Hydrochloric acid | Poor,,new,,high,reader-r1-11,
R-FIBERLOGY-FIBERLOGY-FIBERFLEX40D-TDS,2,value,unmapped:Chemical resistance - Isopropyl alcohol,G167-06,FIBERLOGY FIBERFLEX 40D,Isopropyl alcohol,Excellent,,,,,,,,,,,CHEMICAL RESISTANCE:,Isopropyl alcohol | Excellent,,new,,high,reader-r1-11,
R-FIBERLOGY-FIBERLOGY-FIBERFLEX40D-TDS,2,value,unmapped:Chemical resistance - Iso-octane,G167-06,FIBERLOGY FIBERFLEX 40D,Iso-octane,Excellent,,,,,,,,,,,CHEMICAL RESISTANCE:,Iso-octane | Excellent,,new,,high,reader-r1-11,
R-FIBERLOGY-FIBERLOGY-FIBERFLEX40D-TDS,2,value,unmapped:Chemical resistance - m-Cresol,G167-06,FIBERLOGY FIBERFLEX 40D,m-Cresol,Soluble,,,,,,,,,,,CHEMICAL RESISTANCE:,m-Cresol | Soluble,,new,,high,reader-r1-11,
R-FIBERLOGY-FIBERLOGY-FIBERFLEX40D-TDS,2,value,unmapped:Chemical resistance - Methyl alcohol,G167-06,FIBERLOGY FIBERFLEX 40D,Methyl alcohol,Excellent,,,,,,,,,,,CHEMICAL RESISTANCE:,Methyl alcohol | Excellent,,new,,high,reader-r1-11,
R-FIBERLOGY-FIBERLOGY-FIBERFLEX40D-TDS,2,value,unmapped:Chemical resistance - Methyl ethyl ketone,G167-06,FIBERLOGY FIBERFLEX 40D,Methyl ethyl ketone,Excellent,,,,,,,,,,,CHEMICAL RESISTANCE:,Methyl ethyl ketone | Excellent,,new,,high,reader-r1-11,
R-FIBERLOGY-FIBERLOGY-FIBERFLEX40D-TDS,2,value,unmapped:Chemical resistance - Methylene chloride,G167-06,FIBERLOGY FIBERFLEX 40D,Methylene chloride,Soluble,,,,,,,,,,,CHEMICAL RESISTANCE:,Methylene chloride | Soluble,,new,,high,reader-r1-11,
R-FIBERLOGY-FIBERLOGY-FIBERFLEX40D-TDS,2,value,unmapped:Chemical resistance - Naphthalene,G167-06,FIBERLOGY FIBERFLEX 40D,Naphthalene,Fair,,,,,,,,,,,CHEMICAL RESISTANCE:,Naphthalene | Fair,,new,,high,reader-r1-11,
R-FIBERLOGY-FIBERLOGY-FIBERFLEX40D-TDS,2,value,unmapped:Chemical resistance - Nitric acid,G167-06,FIBERLOGY FIBERFLEX 40D,Nitric acid,Soluble,,,,,,,,,,,CHEMICAL RESISTANCE:,Nitric acid | Soluble,,new,,high,reader-r1-11,
R-FIBERLOGY-FIBERLOGY-FIBERFLEX40D-TDS,2,value,unmapped:Chemical resistance - o-Chlorophenol,G167-06,FIBERLOGY FIBERFLEX 40D,o-Chlorophenol,Soluble,,,,,,,,,,,CHEMICAL RESISTANCE:,o-Chlorophenol | Soluble,,new,,high,reader-r1-11,
R-FIBERLOGY-FIBERLOGY-FIBERFLEX40D-TDS,2,value,unmapped:Chemical resistance - Perchlorethylene,G167-06,FIBERLOGY FIBERFLEX 40D,Perchlorethylene,Soluble,,,,,,,,,,,CHEMICAL RESISTANCE:,Perchlorethylene | Soluble,,new,,high,reader-r1-11,
R-FIBERLOGY-FIBERLOGY-FIBERFLEX40D-TDS,2,value,unmapped:Chemical resistance - Petroleum ether,G167-06,FIBERLOGY FIBERFLEX 40D,Petroleum ether,Excellent,,,,,,,,,,,CHEMICAL RESISTANCE:,Petroleum ether | Excellent,,new,,high,reader-r1-11,
R-FIBERLOGY-FIBERLOGY-FIBERFLEX40D-TDS,2,value,unmapped:Chemical resistance - Phenol,G167-06,FIBERLOGY FIBERFLEX 40D,Phenol,Soluble,,,,,,,,,,,CHEMICAL RESISTANCE:,Phenol | Soluble,,new,,high,reader-r1-11,
R-FIBERLOGY-FIBERLOGY-FIBERFLEX40D-TDS,2,value,unmapped:Chemical resistance - Potassium hydroxide,G167-06,FIBERLOGY FIBERFLEX 40D,Potassium hydroxide,Good,,,,,,,,,,,CHEMICAL RESISTANCE:,Potassium hydroxide | Good,,new,,high,reader-r1-11,
R-FIBERLOGY-FIBERLOGY-FIBERFLEX40D-TDS,2,value,unmapped:Chemical resistance - Sea water,G167-06,FIBERLOGY FIBERFLEX 40D,Sea water,Excellent,,,,,,,,,,,CHEMICAL RESISTANCE:,Sea water | Excellent,,new,,high,reader-r1-11,
R-FIBERLOGY-FIBERLOGY-FIBERFLEX40D-TDS,2,value,unmapped:Chemical resistance - Silicone grease,G167-06,FIBERLOGY FIBERFLEX 40D,Silicone grease,Excellent,,,,,,,,,,,CHEMICAL RESISTANCE:,Silicone grease | Excellent,,new,,high,reader-r1-11,
R-FIBERLOGY-FIBERLOGY-FIBERFLEX40D-TDS,2,value,unmapped:Chemical resistance - NaCl satd. water,G167-06,FIBERLOGY FIBERFLEX 40D,NaCl satd. water,Excellent,,,,,,,,,,,CHEMICAL RESISTANCE:,NaCl satd. water | Excellent,,new,,high,reader-r1-11,
R-FIBERLOGY-FIBERLOGY-FIBERFLEX40D-TDS,2,value,unmapped:Chemical resistance - Sodium hydroxide,G167-06,FIBERLOGY FIBERFLEX 40D,Sodium hydroxide,Good,,,,,,,,,,,CHEMICAL RESISTANCE:,Sodium hydroxide | Good,,new,,high,reader-r1-11,
R-FIBERLOGY-FIBERLOGY-FIBERFLEX40D-TDS,2,value,unmapped:Chemical resistance - Steam (100°C),G167-06,FIBERLOGY FIBERFLEX 40D,Steam (100°C),Fair,,,,,,,,,,,CHEMICAL RESISTANCE:,Steam (100°C) | Fair,,new,,high,reader-r1-11,
R-FIBERLOGY-FIBERLOGY-FIBERFLEX40D-TDS,2,value,unmapped:Chemical resistance - Sulfuric acid 5%,G167-06,FIBERLOGY FIBERFLEX 40D,Sulfuric acid 5%,Good,,,,,,,,,,,CHEMICAL RESISTANCE:,Sulfuric acid 5% | Good,,new,,high,reader-r1-11,
R-FIBERLOGY-FIBERLOGY-FIBERFLEX40D-TDS,2,value,unmapped:Chemical resistance - Sulfuric acid 10%,G167-06,FIBERLOGY FIBERFLEX 40D,Sulfuric acid 10%,Fair,,,,,,,,,,,CHEMICAL RESISTANCE:,Sulfuric acid 10% | Fair,,new,,high,reader-r1-11,
R-FIBERLOGY-FIBERLOGY-FIBERFLEX40D-TDS,2,value,unmapped:Chemical resistance - Sulfuric acid 50%,G167-06,FIBERLOGY FIBERFLEX 40D,Sulfuric acid 50%,Soluble,,,,,,,,,,,CHEMICAL RESISTANCE:,Sulfuric acid 50% | Soluble,,new,,high,reader-r1-11,
R-FIBERLOGY-FIBERLOGY-FIBERFLEX40D-TDS,2,value,unmapped:Chemical resistance - THF,G167-06,FIBERLOGY FIBERFLEX 40D,THF,Fair,,,,,,,,,,,CHEMICAL RESISTANCE:,THF | Fair,,new,,high,reader-r1-11,
R-FIBERLOGY-FIBERLOGY-FIBERFLEX40D-TDS,2,value,unmapped:Chemical resistance - Toluene,G167-06,FIBERLOGY FIBERFLEX 40D,Toluene,Fair,,,,,,,,,,,CHEMICAL RESISTANCE:,Toluene | Fair,,new,,high,reader-r1-11,
R-FIBERLOGY-FIBERLOGY-FIBERFLEX40D-TDS,2,value,unmapped:Chemical resistance - Trichloroethane,G167-06,FIBERLOGY FIBERFLEX 40D,Trichloroethane,Soluble,,,,,,,,,,,CHEMICAL RESISTANCE:,Trichloroethane | Soluble,,new,,high,reader-r1-11,
R-FIBERLOGY-FIBERLOGY-FIBERFLEX40D-TDS,2,value,unmapped:Chemical resistance - Triethanolamine,G167-06,FIBERLOGY FIBERFLEX 40D,Triethanolamine,Soluble,,,,,,,,,,,CHEMICAL RESISTANCE:,Triethanolamine | Soluble,,new,,high,reader-r1-11,
R-FIBERLOGY-FIBERLOGY-FIBERFLEX40D-TDS,2,value,unmapped:Chemical resistance - Water,G167-06,FIBERLOGY FIBERFLEX 40D,Water,Excellent,,,,,,,,,,,CHEMICAL RESISTANCE:,Water | Excellent,,new,,high,reader-r1-11,
R-FIBERLOGY-FIBERLOGY-FIBERFLEX40D-TDS,2,value,unmapped:Chemical resistance - Water (100°C),G167-06,FIBERLOGY FIBERFLEX 40D,Water (100°C),Fair,,,,,,,,,,,CHEMICAL RESISTANCE:,Water (100°C) | Fair,,new,,high,reader-r1-11,
R-FIBERLOGY-FIBERLOGY-FIBERFLEX40D-TDS,2,value,unmapped:Chemical resistance - Xylene,G167-06,FIBERLOGY FIBERFLEX 40D,Xylene,Good,,,,,,,,,,,CHEMICAL RESISTANCE:,Xylene | Good,,new,,high,reader-r1-11,
R-FIBERLOGY-FIBERLOGY-MATTFLEX-40D-TDS,1,identity,grade,G167-04,MATTFLEX 40D,Trade name,Fiberlogy MattFlex 40D,,,,,,,,,,,,TRADE NAME: Fiberlogy MattFlex 40D,,new,,high,reader-r1-11,
R-FIBERLOGY-FIBERLOGY-MATTFLEX-40D-TDS,1,identity,polymer,G167-04,MATTFLEX 40D,Description,MattFlex 40D filament designed for printing in FFF/FDM technology,,,,,,,,,,,,DESCRIPTION: MattFlex 40D filament designed for printing in FFF/FDM technology,,new,,high,reader-r1-11,
R-FIBERLOGY-FIBERLOGY-MATTFLEX-40D-TDS,1,identity,diameter,G167-04,MATTFLEX 40D,Diameter,1.75 mm,1.75,,mm,,,,,,,,TECHNICAL INFORMATION,Diameter: 1.75 mm,,new,,high,reader-r1-11,
R-FIBERLOGY-FIBERLOGY-MATTFLEX-40D-TDS,1,setting,nozzle,G167-04,MATTFLEX 40D,Print Temperature,210°C - 230°C,210,230,°C,,,,,,,,TECHNICAL INFORMATION,Print Temperature: 210°C - 230°C,P1167,confirms,210°C - 230°C,high,reader-r1-11,
R-FIBERLOGY-FIBERLOGY-MATTFLEX-40D-TDS,1,setting,bed,G167-04,MATTFLEX 40D,Bed Temperature,50°C - 60°C,50,60,°C,,,,,,,,TECHNICAL INFORMATION,Bed Temperature: 50°C - 60°C,P1167,confirms,50°C - 60°C,high,reader-r1-11,
R-FIBERLOGY-FIBERLOGY-MATTFLEX-40D-TDS,1,identity,colour,G167-04,MATTFLEX 40D,Description,available in a black color,,,,,,,,,,,,available in a black color,,new,,high,reader-r1-11,
R-FIBERLOGY-FIBERLOGY-MATTFLEX-40D-TDS,1,value,Density,G167-04,MATTFLEX 40D,Specific Gravity,1.16 g/cm³,1.16,,g/cm³,,,,,,ISO 1183,,Physical Properties,Specific Gravity | ISO 1183 | g/cm³ | 1.16,V011156,confirms,1.16 g/cm3,high,reader-r1-11,
R-FIBERLOGY-FIBERLOGY-MATTFLEX-40D-TDS,1,value,Hardness,G167-04,MATTFLEX 40D,"Shore A, 1 sec, 23°C",92,92,,,,,,,,ISO 7619,scale=Shore A; time=1 s; temp=23 °C,Hardness,"Shore A, 1 sec, 23°C | ISO 7619 | - | 92",V011157,confirms,92,high,reader-r1-11,"Unit column prints ""-"""
R-FIBERLOGY-FIBERLOGY-MATTFLEX-40D-TDS,1,value,Hardness,G167-04,MATTFLEX 40D,"Shore D, 1 sec, 23°C",40,40,,,,,,,,ISO 7619,scale=Shore D; time=1 s; temp=23 °C,Hardness,"Shore D, 1 sec, 23°C | ISO 7619 | - | 40",V011158,confirms,40,high,reader-r1-11,"Unit column prints ""-"""
R-FIBERLOGY-FIBERLOGY-MATTFLEX-40D-TDS,1,value,Tensile break strength,G167-04,MATTFLEX 40D,Tensile Stress: Break,30 MPa,30,,MPa,,,,,,ISO 527,,Mechanical Properties,Tensile Stress: | Break | ISO 527 | MPa | 30,,new,,high,reader-r1-11,
R-FIBERLOGY-FIBERLOGY-MATTFLEX-40D-TDS,1,value,Tensile stress at 5 % elongation,G167-04,MATTFLEX 40D,Tensile Stress: 5% Strain,3 MPa,3,,MPa,,,,,,ISO 527,,Mechanical Properties,Tensile Stress: | 5% Strain | ISO 527 | MPa | 3,,new,,high,reader-r1-11,
R-FIBERLOGY-FIBERLOGY-MATTFLEX-40D-TDS,1,value,Tensile stress at 10 % elongation,G167-04,MATTFLEX 40D,Tensile Stress: 10% Strain,5 MPa,5,,MPa,,,,,,ISO 527,,Mechanical Properties,Tensile Stress: | 10% Strain | ISO 527 | MPa | 5,,new,,high,reader-r1-11,text layer lacks the 5; image prints 5
R-FIBERLOGY-FIBERLOGY-MATTFLEX-40D-TDS,1,value,unmapped:Tensile stress at 50 % strain,G167-04,MATTFLEX 40D,Tensile Stress: 50% Strain,10 MPa,10,,MPa,,,,,,ISO 527,,Mechanical Properties,Tensile Stress: | 50% Strain | ISO 527 | MPa | 10,,new,,high,reader-r1-11,
R-FIBERLOGY-FIBERLOGY-MATTFLEX-40D-TDS,1,value,Elongation at break,G167-04,MATTFLEX 40D,Elongation at break,600 %,600,,%,,,,,,ISO 527,,Mechanical Properties,Elongation at break | ISO 527 | % | 600,V011159,confirms,600 %,high,reader-r1-11,
R-FIBERLOGY-FIBERLOGY-MATTFLEX-40D-TDS,1,value,HDT,G167-04,MATTFLEX 40D,Heat Distortion Temperature @ 0.45 MPa,70 °C,70,,°C,,,,,,ISO 75,load=0.45 MPa,Thermal Properties,Heat Distortion Temperature @ 0.45 MPa | ISO 75 | °C | 70,V011160,confirms,70 °C,high,reader-r1-11,
R-FIBERLOGY-FIBERLOGY-MATTFLEX-40D-TDS,1,value,Melting temperature,G167-04,MATTFLEX 40D,Melting Temperature Tm,160 °C,160,,°C,,,,,,DSC,,Thermal Properties,Melting Temperature Tm | DSC | °C | 160,V011161,confirms,160 °C,high,reader-r1-11,
R-FIBERLOGY-FIBERLOGY-MATTFLEX-40D-TDS,1,value,Tear strength,G167-04,MATTFLEX 40D,Tear Strength,115 kN/m,115,,kN/m,,,,,,ISO 34-1,,Elastomer Properties,Tear Strength | ISO 34-1 | kN/m | 115,V011162,confirms,115 kN/m,high,reader-r1-11,
R-FIBERLOGY-FIBERLOGY-MATTFLEX-40D-TDS,2,context,all,G167-04,MATTFLEX 40D,CHEMICAL RESISTANCE:,,,,,,,,,,,,CHEMICAL RESISTANCE:,CHEMICAL RESISTANCE:,,new,,high,reader-r1-11,"ratings table: Excellent / Good / Fair / Poor / Soluble; no temperature, time or concentration stated except where in the chemical name"
R-FIBERLOGY-FIBERLOGY-MATTFLEX-40D-TDS,2,value,unmapped:Chemical resistance - Acetaldehyde,G167-04,MATTFLEX 40D,Acetaldehyde,Excellent,,,,,,,,,,,CHEMICAL RESISTANCE:,Acetaldehyde | Excellent,,new,,high,reader-r1-11,
R-FIBERLOGY-FIBERLOGY-MATTFLEX-40D-TDS,2,value,unmapped:Chemical resistance - Acetic acid,G167-04,MATTFLEX 40D,Acetic acid,Excellent,,,,,,,,,,,CHEMICAL RESISTANCE:,Acetic acid | Excellent,,new,,high,reader-r1-11,
R-FIBERLOGY-FIBERLOGY-MATTFLEX-40D-TDS,2,value,unmapped:Chemical resistance - Acetone,G167-04,MATTFLEX 40D,Acetone,Fair,,,,,,,,,,,CHEMICAL RESISTANCE:,Acetone | Fair,,new,,high,reader-r1-11,
R-FIBERLOGY-FIBERLOGY-MATTFLEX-40D-TDS,2,value,unmapped:Chemical resistance - Acetylene,G167-04,MATTFLEX 40D,Acetylene,Excellent,,,,,,,,,,,CHEMICAL RESISTANCE:,Acetylene | Excellent,,new,,high,reader-r1-11,
R-FIBERLOGY-FIBERLOGY-MATTFLEX-40D-TDS,2,value,unmapped:Chemical resistance - Amine,G167-04,MATTFLEX 40D,Amine,Soluble,,,,,,,,,,,CHEMICAL RESISTANCE:,Amine | Soluble,,new,,high,reader-r1-11,
R-FIBERLOGY-FIBERLOGY-MATTFLEX-40D-TDS,2,value,unmapped:Chemical resistance - Aniline,G167-04,MATTFLEX 40D,Aniline,Poor,,,,,,,,,,,CHEMICAL RESISTANCE:,Aniline | Poor,,new,,high,reader-r1-11,
R-FIBERLOGY-FIBERLOGY-MATTFLEX-40D-TDS,2,value,unmapped:Chemical resistance - ASTM oil No. 1,G167-04,MATTFLEX 40D,ASTM oil No. 1,Excellent,,,,,,,,,,,CHEMICAL RESISTANCE:,ASTM oil No. 1 | Excellent,,new,,high,reader-r1-11,
R-FIBERLOGY-FIBERLOGY-MATTFLEX-40D-TDS,2,value,unmapped:Chemical resistance - ASTM oil No. 3,G167-04,MATTFLEX 40D,ASTM oil No. 3,Excellent,,,,,,,,,,,CHEMICAL RESISTANCE:,ASTM oil No. 3 | Excellent,,new,,high,reader-r1-11,
R-FIBERLOGY-FIBERLOGY-MATTFLEX-40D-TDS,2,value,unmapped:Chemical resistance - ASTM ref. fuel A,G167-04,MATTFLEX 40D,ASTM ref. fuel A,Excellent,,,,,,,,,,,CHEMICAL RESISTANCE:,ASTM ref. fuel A | Excellent,,new,,high,reader-r1-11,
R-FIBERLOGY-FIBERLOGY-MATTFLEX-40D-TDS,2,value,unmapped:Chemical resistance - ASTM ref. fuel B,G167-04,MATTFLEX 40D,ASTM ref. fuel B,Excellent,,,,,,,,,,,CHEMICAL RESISTANCE:,ASTM ref. fuel B | Excellent,,new,,high,reader-r1-11,
R-FIBERLOGY-FIBERLOGY-MATTFLEX-40D-TDS,2,value,unmapped:Chemical resistance - ASTM ref. fuel C,G167-04,MATTFLEX 40D,ASTM ref. fuel C,Poor,,,,,,,,,,,CHEMICAL RESISTANCE:,ASTM ref. fuel C | Poor,,new,,high,reader-r1-11,
R-FIBERLOGY-FIBERLOGY-MATTFLEX-40D-TDS,2,value,unmapped:Chemical resistance - Benzene,G167-04,MATTFLEX 40D,Benzene,Fair,,,,,,,,,,,CHEMICAL RESISTANCE:,Benzene | Fair,,new,,high,reader-r1-11,
R-FIBERLOGY-FIBERLOGY-MATTFLEX-40D-TDS,2,value,unmapped:Chemical resistance - Butane,G167-04,MATTFLEX 40D,Butane,Excellent,,,,,,,,,,,CHEMICAL RESISTANCE:,Butane | Excellent,,new,,high,reader-r1-11,
R-FIBERLOGY-FIBERLOGY-MATTFLEX-40D-TDS,2,value,unmapped:Chemical resistance - Butyl acetate,G167-04,MATTFLEX 40D,Butyl acetate,Fair,,,,,,,,,,,CHEMICAL RESISTANCE:,Butyl acetate | Fair,,new,,high,reader-r1-11,
R-FIBERLOGY-FIBERLOGY-MATTFLEX-40D-TDS,2,value,unmapped:Chemical resistance - Carbon monoxide,G167-04,MATTFLEX 40D,Carbon monoxide,Excellent,,,,,,,,,,,CHEMICAL RESISTANCE:,Carbon monoxide | Excellent,,new,,high,reader-r1-11,
R-FIBERLOGY-FIBERLOGY-MATTFLEX-40D-TDS,2,value,unmapped:Chemical resistance - Carbon tetrachloride,G167-04,MATTFLEX 40D,Carbon tetrachloride,Poor,,,,,,,,,,,CHEMICAL RESISTANCE:,Carbon tetrachloride | Poor,,new,,high,reader-r1-11,
R-FIBERLOGY-FIBERLOGY-MATTFLEX-40D-TDS,2,value,unmapped:Chemical resistance - Chlorobenzene,G167-04,MATTFLEX 40D,Chlorobenzene,Soluble,,,,,,,,,,,CHEMICAL RESISTANCE:,Chlorobenzene | Soluble,,new,,high,reader-r1-11,
R-FIBERLOGY-FIBERLOGY-MATTFLEX-40D-TDS,2,value,unmapped:Chemical resistance - Chloroform,G167-04,MATTFLEX 40D,Chloroform,Soluble,,,,,,,,,,,CHEMICAL RESISTANCE:,Chloroform | Soluble,,new,,high,reader-r1-11,
R-FIBERLOGY-FIBERLOGY-MATTFLEX-40D-TDS,2,value,unmapped:Chemical resistance - Chlorosulfonic acid,G167-04,MATTFLEX 40D,Chlorosulfonic acid,Poor,,,,,,,,,,,CHEMICAL RESISTANCE:,Chlorosulfonic acid | Poor,,new,,high,reader-r1-11,
R-FIBERLOGY-FIBERLOGY-MATTFLEX-40D-TDS,2,value,unmapped:Chemical resistance - Chloric acid,G167-04,MATTFLEX 40D,Chloric acid,Good,,,,,,,,,,,CHEMICAL RESISTANCE:,Chloric acid | Good,,new,,high,reader-r1-11,
R-FIBERLOGY-FIBERLOGY-MATTFLEX-40D-TDS,2,value,unmapped:Chemical resistance - Cresol,G167-04,MATTFLEX 40D,Cresol,Poor,,,,,,,,,,,CHEMICAL RESISTANCE:,Cresol | Poor,,new,,high,reader-r1-11,
R-FIBERLOGY-FIBERLOGY-MATTFLEX-40D-TDS,2,value,unmapped:Chemical resistance - Cyclohexane,G167-04,MATTFLEX 40D,Cyclohexane,Good,,,,,,,,,,,CHEMICAL RESISTANCE:,Cyclohexane | Good,,new,,high,reader-r1-11,
R-FIBERLOGY-FIBERLOGY-MATTFLEX-40D-TDS,2,value,unmapped:Chemical resistance - Dimethyl formamide,G167-04,MATTFLEX 40D,Dimethyl formamide,Fair,,,,,,,,,,,CHEMICAL RESISTANCE:,Dimethyl formamide | Fair,,new,,high,reader-r1-11,
R-FIBERLOGY-FIBERLOGY-MATTFLEX-40D-TDS,2,value,unmapped:Chemical resistance - D.O.P.,G167-04,MATTFLEX 40D,D.O.P.,Excellent,,,,,,,,,,,CHEMICAL RESISTANCE:,D.O.P. | Excellent,,new,,high,reader-r1-11,
R-FIBERLOGY-FIBERLOGY-MATTFLEX-40D-TDS,2,value,unmapped:Chemical resistance - Ethyl acetate,G167-04,MATTFLEX 40D,Ethyl acetate,Fair,,,,,,,,,,,CHEMICAL RESISTANCE:,Ethyl acetate | Fair,,new,,high,reader-r1-11,
R-FIBERLOGY-FIBERLOGY-MATTFLEX-40D-TDS,2,value,unmapped:Chemical resistance - Ethyl alcohol,G167-04,MATTFLEX 40D,Ethyl alcohol,Excellent,,,,,,,,,,,CHEMICAL RESISTANCE:,Ethyl alcohol | Excellent,,new,,high,reader-r1-11,
R-FIBERLOGY-FIBERLOGY-MATTFLEX-40D-TDS,2,value,unmapped:Chemical resistance - Ethylene chloride,G167-04,MATTFLEX 40D,Ethylene chloride,Soluble,,,,,,,,,,,CHEMICAL RESISTANCE:,Ethylene chloride | Soluble,,new,,high,reader-r1-11,
R-FIBERLOGY-FIBERLOGY-MATTFLEX-40D-TDS,2,value,unmapped:Chemical resistance - Ethylene dichloride,G167-04,MATTFLEX 40D,Ethylene dichloride,Soluble,,,,,,,,,,,CHEMICAL RESISTANCE:,Ethylene dichloride | Soluble,,new,,high,reader-r1-11,
R-FIBERLOGY-FIBERLOGY-MATTFLEX-40D-TDS,2,value,unmapped:Chemical resistance - Ethylene glycol,G167-04,MATTFLEX 40D,Ethylene glycol,Excellent,,,,,,,,,,,CHEMICAL RESISTANCE:,Ethylene glycol | Excellent,,new,,high,reader-r1-11,
R-FIBERLOGY-FIBERLOGY-MATTFLEX-40D-TDS,2,value,unmapped:Chemical resistance - Ethylene oxide,G167-04,MATTFLEX 40D,Ethylene oxide,Excellent,,,,,,,,,,,CHEMICAL RESISTANCE:,Ethylene oxide | Excellent,,new,,high,reader-r1-11,
R-FIBERLOGY-FIBERLOGY-MATTFLEX-40D-TDS,2,value,unmapped:Chemical resistance - Formaldehyde,G167-04,MATTFLEX 40D,Formaldehyde,Fair,,,,,,,,,,,CHEMICAL RESISTANCE:,Formaldehyde | Fair,,new,,high,reader-r1-11,
R-FIBERLOGY-FIBERLOGY-MATTFLEX-40D-TDS,2,value,unmapped:Chemical resistance - Formic acid,G167-04,MATTFLEX 40D,Formic acid,Fair,,,,,,,,,,,CHEMICAL RESISTANCE:,Formic acid | Fair,,new,,high,reader-r1-11,
R-FIBERLOGY-FIBERLOGY-MATTFLEX-40D-TDS,2,value,unmapped:Chemical resistance - Freon,G167-04,MATTFLEX 40D,Freon,Excellent,,,,,,,,,,,CHEMICAL RESISTANCE:,Freon | Excellent,,new,,high,reader-r1-11,
R-FIBERLOGY-FIBERLOGY-MATTFLEX-40D-TDS,2,value,unmapped:Chemical resistance - Gasoline,G167-04,MATTFLEX 40D,Gasoline,Excellent,,,,,,,,,,,CHEMICAL RESISTANCE:,Gasoline | Excellent,,new,,high,reader-r1-11,
R-FIBERLOGY-FIBERLOGY-MATTFLEX-40D-TDS,2,value,unmapped:Chemical resistance - Glycerin,G167-04,MATTFLEX 40D,Glycerin,Excellent,,,,,,,,,,,CHEMICAL RESISTANCE:,Glycerin | Excellent,,new,,high,reader-r1-11,
R-FIBERLOGY-FIBERLOGY-MATTFLEX-40D-TDS,2,value,unmapped:Chemical resistance - n-Hexane,G167-04,MATTFLEX 40D,n-Hexane,Excellent,,,,,,,,,,,CHEMICAL RESISTANCE:,n-Hexane | Excellent,,new,,high,reader-r1-11,
R-FIBERLOGY-FIBERLOGY-MATTFLEX-40D-TDS,2,value,unmapped:Chemical resistance - Hydrazine,G167-04,MATTFLEX 40D,Hydrazine,Soluble,,,,,,,,,,,CHEMICAL RESISTANCE:,Hydrazine | Soluble,,new,,high,reader-r1-11,
R-FIBERLOGY-FIBERLOGY-MATTFLEX-40D-TDS,2,value,unmapped:Chemical resistance - Hydrochloric acid,G167-04,MATTFLEX 40D,Hydrochloric acid,Poor,,,,,,,,,,,CHEMICAL RESISTANCE:,Hydrochloric acid | Poor,,new,,high,reader-r1-11,
R-FIBERLOGY-FIBERLOGY-MATTFLEX-40D-TDS,2,value,unmapped:Chemical resistance - Isopropyl alcohol,G167-04,MATTFLEX 40D,Isopropyl alcohol,Excellent,,,,,,,,,,,CHEMICAL RESISTANCE:,Isopropyl alcohol | Excellent,,new,,high,reader-r1-11,
R-FIBERLOGY-FIBERLOGY-MATTFLEX-40D-TDS,2,value,unmapped:Chemical resistance - Iso-octane,G167-04,MATTFLEX 40D,Iso-octane,Excellent,,,,,,,,,,,CHEMICAL RESISTANCE:,Iso-octane | Excellent,,new,,high,reader-r1-11,
R-FIBERLOGY-FIBERLOGY-MATTFLEX-40D-TDS,2,value,unmapped:Chemical resistance - m-Cresol,G167-04,MATTFLEX 40D,m-Cresol,Soluble,,,,,,,,,,,CHEMICAL RESISTANCE:,m-Cresol | Soluble,,new,,high,reader-r1-11,
R-FIBERLOGY-FIBERLOGY-MATTFLEX-40D-TDS,2,value,unmapped:Chemical resistance - Methyl alcohol,G167-04,MATTFLEX 40D,Methyl alcohol,Excellent,,,,,,,,,,,CHEMICAL RESISTANCE:,Methyl alcohol | Excellent,,new,,high,reader-r1-11,
R-FIBERLOGY-FIBERLOGY-MATTFLEX-40D-TDS,2,value,unmapped:Chemical resistance - Methyl ethyl ketone,G167-04,MATTFLEX 40D,Methyl ethyl ketone,Excellent,,,,,,,,,,,CHEMICAL RESISTANCE:,Methyl ethyl ketone | Excellent,,new,,high,reader-r1-11,
R-FIBERLOGY-FIBERLOGY-MATTFLEX-40D-TDS,2,value,unmapped:Chemical resistance - Methylene chloride,G167-04,MATTFLEX 40D,Methylene chloride,Soluble,,,,,,,,,,,CHEMICAL RESISTANCE:,Methylene chloride | Soluble,,new,,high,reader-r1-11,
R-FIBERLOGY-FIBERLOGY-MATTFLEX-40D-TDS,2,value,unmapped:Chemical resistance - Naphthalene,G167-04,MATTFLEX 40D,Naphthalene,Fair,,,,,,,,,,,CHEMICAL RESISTANCE:,Naphthalene | Fair,,new,,high,reader-r1-11,
R-FIBERLOGY-FIBERLOGY-MATTFLEX-40D-TDS,2,value,unmapped:Chemical resistance - Nitric acid,G167-04,MATTFLEX 40D,Nitric acid,Soluble,,,,,,,,,,,CHEMICAL RESISTANCE:,Nitric acid | Soluble,,new,,high,reader-r1-11,
R-FIBERLOGY-FIBERLOGY-MATTFLEX-40D-TDS,2,value,unmapped:Chemical resistance - o-Chlorophenol,G167-04,MATTFLEX 40D,o-Chlorophenol,Soluble,,,,,,,,,,,CHEMICAL RESISTANCE:,o-Chlorophenol | Soluble,,new,,high,reader-r1-11,
R-FIBERLOGY-FIBERLOGY-MATTFLEX-40D-TDS,2,value,unmapped:Chemical resistance - Perchlorethylene,G167-04,MATTFLEX 40D,Perchlorethylene,Soluble,,,,,,,,,,,CHEMICAL RESISTANCE:,Perchlorethylene | Soluble,,new,,high,reader-r1-11,
R-FIBERLOGY-FIBERLOGY-MATTFLEX-40D-TDS,2,value,unmapped:Chemical resistance - Petroleum ether,G167-04,MATTFLEX 40D,Petroleum ether,Excellent,,,,,,,,,,,CHEMICAL RESISTANCE:,Petroleum ether | Excellent,,new,,high,reader-r1-11,
R-FIBERLOGY-FIBERLOGY-MATTFLEX-40D-TDS,2,value,unmapped:Chemical resistance - Phenol,G167-04,MATTFLEX 40D,Phenol,Soluble,,,,,,,,,,,CHEMICAL RESISTANCE:,Phenol | Soluble,,new,,high,reader-r1-11,
R-FIBERLOGY-FIBERLOGY-MATTFLEX-40D-TDS,2,value,unmapped:Chemical resistance - Potassium hydroxide,G167-04,MATTFLEX 40D,Potassium hydroxide,Good,,,,,,,,,,,CHEMICAL RESISTANCE:,Potassium hydroxide | Good,,new,,high,reader-r1-11,
R-FIBERLOGY-FIBERLOGY-MATTFLEX-40D-TDS,2,value,unmapped:Chemical resistance - Sea water,G167-04,MATTFLEX 40D,Sea water,Excellent,,,,,,,,,,,CHEMICAL RESISTANCE:,Sea water | Excellent,,new,,high,reader-r1-11,
R-FIBERLOGY-FIBERLOGY-MATTFLEX-40D-TDS,2,value,unmapped:Chemical resistance - Silicone grease,G167-04,MATTFLEX 40D,Silicone grease,Excellent,,,,,,,,,,,CHEMICAL RESISTANCE:,Silicone grease | Excellent,,new,,high,reader-r1-11,
R-FIBERLOGY-FIBERLOGY-MATTFLEX-40D-TDS,2,value,unmapped:Chemical resistance - NaCl satd. water,G167-04,MATTFLEX 40D,NaCl satd. water,Excellent,,,,,,,,,,,CHEMICAL RESISTANCE:,NaCl satd. water | Excellent,,new,,high,reader-r1-11,
R-FIBERLOGY-FIBERLOGY-MATTFLEX-40D-TDS,2,value,unmapped:Chemical resistance - Sodium hydroxide,G167-04,MATTFLEX 40D,Sodium hydroxide,Good,,,,,,,,,,,CHEMICAL RESISTANCE:,Sodium hydroxide | Good,,new,,high,reader-r1-11,
R-FIBERLOGY-FIBERLOGY-MATTFLEX-40D-TDS,2,value,unmapped:Chemical resistance - Steam (100°C),G167-04,MATTFLEX 40D,Steam (100°C),Fair,,,,,,,,,,,CHEMICAL RESISTANCE:,Steam (100°C) | Fair,,new,,high,reader-r1-11,
R-FIBERLOGY-FIBERLOGY-MATTFLEX-40D-TDS,2,value,unmapped:Chemical resistance - Sulfuric acid 5%,G167-04,MATTFLEX 40D,Sulfuric acid 5%,Good,,,,,,,,,,,CHEMICAL RESISTANCE:,Sulfuric acid 5% | Good,,new,,high,reader-r1-11,
R-FIBERLOGY-FIBERLOGY-MATTFLEX-40D-TDS,2,value,unmapped:Chemical resistance - Sulfuric acid 10%,G167-04,MATTFLEX 40D,Sulfuric acid 10%,Fair,,,,,,,,,,,CHEMICAL RESISTANCE:,Sulfuric acid 10% | Fair,,new,,high,reader-r1-11,
R-FIBERLOGY-FIBERLOGY-MATTFLEX-40D-TDS,2,value,unmapped:Chemical resistance - Sulfuric acid 50%,G167-04,MATTFLEX 40D,Sulfuric acid 50%,Soluble,,,,,,,,,,,CHEMICAL RESISTANCE:,Sulfuric acid 50% | Soluble,,new,,high,reader-r1-11,
R-FIBERLOGY-FIBERLOGY-MATTFLEX-40D-TDS,2,value,unmapped:Chemical resistance - THF,G167-04,MATTFLEX 40D,THF,Fair,,,,,,,,,,,CHEMICAL RESISTANCE:,THF | Fair,,new,,high,reader-r1-11,
R-FIBERLOGY-FIBERLOGY-MATTFLEX-40D-TDS,2,value,unmapped:Chemical resistance - Toluene,G167-04,MATTFLEX 40D,Toluene,Fair,,,,,,,,,,,CHEMICAL RESISTANCE:,Toluene | Fair,,new,,high,reader-r1-11,
R-FIBERLOGY-FIBERLOGY-MATTFLEX-40D-TDS,2,value,unmapped:Chemical resistance - Trichloroethane,G167-04,MATTFLEX 40D,Trichloroethane,Soluble,,,,,,,,,,,CHEMICAL RESISTANCE:,Trichloroethane | Soluble,,new,,high,reader-r1-11,
R-FIBERLOGY-FIBERLOGY-MATTFLEX-40D-TDS,2,value,unmapped:Chemical resistance - Triethanolamine,G167-04,MATTFLEX 40D,Triethanolamine,Soluble,,,,,,,,,,,CHEMICAL RESISTANCE:,Triethanolamine | Soluble,,new,,high,reader-r1-11,
R-FIBERLOGY-FIBERLOGY-MATTFLEX-40D-TDS,2,value,unmapped:Chemical resistance - Water,G167-04,MATTFLEX 40D,Water,Excellent,,,,,,,,,,,CHEMICAL RESISTANCE:,Water | Excellent,,new,,high,reader-r1-11,
R-FIBERLOGY-FIBERLOGY-MATTFLEX-40D-TDS,2,value,unmapped:Chemical resistance - Water (100°C),G167-04,MATTFLEX 40D,Water (100°C),Fair,,,,,,,,,,,CHEMICAL RESISTANCE:,Water (100°C) | Fair,,new,,high,reader-r1-11,
R-FIBERLOGY-FIBERLOGY-MATTFLEX-40D-TDS,2,value,unmapped:Chemical resistance - Xylene,G167-04,MATTFLEX 40D,Xylene,Good,,,,,,,,,,,CHEMICAL RESISTANCE:,Xylene | Good,,new,,high,reader-r1-11,
D-FIBERLOGY-MATTFLEX-40D-SDS-EN,1,identity,grade,G167-04,MATTFLEX 40D,Product identifier,Fiberlogy MATTFLEX 40D,,,,,,,,,,,,1.1. PRODUCT IDENTIFIER | Fiberlogy MATTFLEX 40D,,new,,high,reader-r1-11,
D-FIBERLOGY-MATTFLEX-40D-SDS-EN,1,identity,other,G167-04,MATTFLEX 40D,Application,Filament used for 3D printing,,,,,,,,,,,,Application: Filament used for 3D printing,,new,,high,reader-r1-11,
D-FIBERLOGY-MATTFLEX-40D-SDS-EN,2,identity,polymer,G167-04,MATTFLEX 40D,Substance name,"1,3-Benzenedicarboxylic acid, dimethyl ester, polymer with 1,4-butanediol, dimethyl 1,4-benzenedicarboxylate and .alpha.-hydro-.omega.-hydroxypoly(oxy-1,4-butanediyl)",,,,,,,,,,,3.2. MIXTURES,"1,3-Benzenedicarboxylic acid, | dimethyl ester, polymer with | 1,4-butanediol, dimethyl 1,4- | benzenedicarboxylate and | .alpha.-hydro-.omega.- | hydroxypoly(oxy-1,4- | butanediyl) | 9086-55-9 | >81",,new,,high,reader-r1-11,"CAS 9086-55-9, >81 wt%; additives <16, dye <3 wt%"
D-FIBERLOGY-MATTFLEX-40D-SDS-EN,2,identity,filler,G167-04,MATTFLEX 40D,Functional additives,<16 wt%,16,,wt%,<,,,,,,,3.2. MIXTURES,Functional additives | <16,,new,,high,reader-r1-11,
D-FIBERLOGY-MATTFLEX-40D-SDS-EN,2,identity,filler,G167-04,MATTFLEX 40D,Dye additives,<3 wt%,3,,wt%,<,,,,,,,3.2. MIXTURES,Dye additives | <3,,new,,high,reader-r1-11,
D-FIBERLOGY-MATTFLEX-40D-SDS-EN,3,none,,,,,,,,,,,,,,,,,,,,,high,reader-r1-11,"SDS first aid, firefighting, accidental release; no print settings or properties"
D-FIBERLOGY-MATTFLEX-40D-SDS-EN,4,none,,,,,,,,,,,,,,,,,,,,,high,reader-r1-11,"SDS handling, storage, exposure controls (section 9 heading only at foot); no print settings or properties"
D-FIBERLOGY-MATTFLEX-40D-SDS-EN,5,value,Melting temperature,G167-04,MATTFLEX 40D,Melting point / freezing point,155°C,155,,°C,,,,,,,,9.1. INFORMATION ON BASIC PHYSICAL AND CHEMICAL PROPERTIES,Melting point / freezing point 155°C,,new,,high,reader-r1-11,
D-FIBERLOGY-MATTFLEX-40D-SDS-EN,5,value,unmapped:Flash point,G167-04,MATTFLEX 40D,Flash point,384°C,384,,°C,,,,,,,,9.1. INFORMATION ON BASIC PHYSICAL AND CHEMICAL PROPERTIES,Flash point 384°C,,new,,medium,reader-r1-11,Image prints 384°C; text layer reads 584°C. Image wins.
D-FIBERLOGY-MATTFLEX-40D-SDS-EN,5,value,Density,G167-04,MATTFLEX 40D,Density and / or relative density,"1,16 g/cm³",1.16,,g/cm³,,,,,,,,9.1. INFORMATION ON BASIC PHYSICAL AND CHEMICAL PROPERTIES,"Density and / or relative density 1,16 g/cm³",,new,,high,reader-r1-11,
D-FIBERLOGY-MATTFLEX-40D-SDS-EN,5,identity,diameter,G167-04,MATTFLEX 40D,Particle characteristics,Product in the form of filament with an average diameter of 1.75mm,1.75,,mm,,,,,,,,9.1. INFORMATION ON BASIC PHYSICAL AND CHEMICAL PROPERTIES,Particle characteristics Product in the form of filament with an average diameter of 1.75mm,,new,,high,reader-r1-11,
D-FIBERLOGY-MATTFLEX-40D-SDS-EN,5,identity,other,G167-04,MATTFLEX 40D,Solubility in water,Insoluble,,,,,,,,,,,9.1. INFORMATION ON BASIC PHYSICAL AND CHEMICAL PROPERTIES,Solubility in water Insoluble,,new,,high,reader-r1-11,
D-FIBERLOGY-MATTFLEX-40D-SDS-EN,6,none,,,,,,,,,,,,,,,,,,,,,high,reader-r1-11,SDS stability and toxicology text; no print settings or properties
D-FIBERLOGY-MATTFLEX-40D-SDS-EN,7,none,,,,,,,,,,,,,,,,,,,,,high,reader-r1-11,"SDS toxicology, ecology, disposal heading; no print settings or properties"
D-FIBERLOGY-MATTFLEX-40D-SDS-EN,8,none,,,,,,,,,,,,,,,,,,,,,high,reader-r1-11,SDS transport and regulatory text; no print settings or properties
D-FIBERLOGY-MATTFLEX-40D-SDS-EN,9,none,,,,,,,,,,,,,,,,,,,,,high,reader-r1-11,SDS regulatory and other information text; no print settings or properties
