source_id,page,kind,field,grade_id,product,label,raw,number_lo,number_hi,unit,operator,direction,specimen,moisture,post_processing,standard,test_conditions,table_heading,quote,held_id,verdict,held_value,confidence,reader,note
S-PEBA-PLA-HF-TDS-2026-2-2,1,identity,grade,G001-80,PLA-HF,PLA-HF,PLA-HF,,,,,,,,,,,,PLA-HF,,new,,high,reader-r1-37,
S-PEBA-PLA-HF-TDS-2026-2-2,1,identity,other,G001-80,PLA-HF,Forming Method,Filament,,,,,,,,,,,Basic Information,Forming Method • Filament,,new,,high,reader-r1-37,
S-PEBA-PLA-HF-TDS-2026-2-2,1,value,Density,G001-80,PLA-HF,Density,1.24g/cm³,1.24,,g/cm³,=,,,,,GB/T 1033,,Physical Properties,Density GB/T 1033 1.24g/cm,V006726,confirms,1.24 g/cm3,high,reader-r1-37,
S-PEBA-PLA-HF-TDS-2026-2-2,1,value,Melt mass-flow rate,G001-80,PLA-HF,Melt Flow Index,5.37(190℃/2.16kg),5.37,,,=,,,,,GB/T 3682,temp=190℃; load=2.16kg,Physical Properties,Melt Flow Index GB/T 3682 5.37(190℃/2.16kg),,new,,high,reader-r1-37,unit not printed
S-PEBA-PLA-HF-TDS-2026-2-2,1,value,HDT,G001-80,PLA-HF,Heat Distortion Temperature,52.45℃(0.45Mpa),52.45,,℃,=,,,,,GB/T 1634,load=0.45Mpa,Thermal Properties,Heat Distortion Temperature GB/T 1634 52.45℃(0.45Mpa),V006727,confirms,52.45 ℃,high,reader-r1-37,
S-PEBA-PLA-HF-TDS-2026-2-2,2,value,Tensile strength (endpoint unspecified),G001-80,PLA-HF,Tensile Strength (X-Y),64.28Mpa,64.28,,Mpa,=,XY,printed,,,GB/T 1040,,Mechanical Properties,Tensile Strength (X-Y) GB/T 1040 64.28Mpa,V006728,confirms,64.28 Mpa,high,reader-r1-37,
S-PEBA-PLA-HF-TDS-2026-2-2,2,value,Tensile strength (endpoint unspecified),G001-80,PLA-HF,Tensile Strength (Z),33.9MPa,33.9,,MPa,=,Z,printed,,,GB/T 1040,,Mechanical Properties,Tensile Strength (Z) GB/T 1040 33.9MPa,V006729,confirms,33.9 MPa,high,reader-r1-37,
S-PEBA-PLA-HF-TDS-2026-2-2,2,value,Elongation at break,G001-80,PLA-HF,Elongation at Break (X-Y),5.19%,5.19,,%,=,XY,printed,,,GB/T 1040,,Mechanical Properties,Elongation at Break (X-Y) GB/T 1040 5.19%,V006730,confirms,5.19 %,high,reader-r1-37,
S-PEBA-PLA-HF-TDS-2026-2-2,2,value,Elongation at break,G001-80,PLA-HF,Elongation at Break (Z),2.8%,2.8,,%,=,Z,printed,,,GB/T 1040,,Mechanical Properties,Elongation at Break (Z) GB/T 1040 2.8%,V006731,confirms,2.8 %,high,reader-r1-37,
S-PEBA-PLA-HF-TDS-2026-2-2,2,value,Flexural strength,G001-80,PLA-HF,Flexural Strength (X-Y),100MPa,100,,MPa,=,XY,printed,,,GB/T 9341,,Mechanical Properties,Flexural Strength (X-Y) GB/T 9341 100MPa,V006732,confirms,100 MPa,high,reader-r1-37,
S-PEBA-PLA-HF-TDS-2026-2-2,2,value,Flexural strength,G001-80,PLA-HF,Flexural Strength (Z),65.3Mpa,65.3,,Mpa,=,Z,printed,,,GB/T 9341,,Mechanical Properties,Flexural Strength (Z) GB/T 9341 65.3Mpa,V006733,confirms,65.3 Mpa,high,reader-r1-37,
S-PEBA-PLA-HF-TDS-2026-2-2,2,value,Flexural modulus,G001-80,PLA-HF,Flexural Modulus (X-Y),3403.33MPa,3403.33,,MPa,=,XY,printed,,,GB/T 9341,,Mechanical Properties,Flexural Modulus (X-Y) GB/T 9341 3403.33MPa,V006734,confirms,3403.33 MPa,high,reader-r1-37,
S-PEBA-PLA-HF-TDS-2026-2-2,2,value,Flexural modulus,G001-80,PLA-HF,Flexural Modulus (Z),3152.18Mpa,3152.18,,Mpa,=,Z,printed,,,GB/T 9341,,Mechanical Properties,Flexural Modulus (Z) GB/T 9341 3152.18Mpa,V006735,confirms,3152.18 Mpa,high,reader-r1-37,
S-PEBA-PLA-HF-TDS-2026-2-2,2,value,Izod impact strength,G001-80,PLA-HF,IZOD Impact Strength (X-Y),5.33KJ/m²,5.33,,KJ/m²,=,XY,printed,,,GB/T 1843,,Mechanical Properties,IZOD Impact Strength (X-Y) GB/T 1843 5.33KJ/m²,V006736,confirms,5.33 KJ/m²,high,reader-r1-37,
S-PEBA-PLA-HF-TDS-2026-2-2,2,value,Izod impact strength,G001-80,PLA-HF,IZOD Impact Strength (Z),2.02KJ/m²,2.02,,KJ/m²,=,Z,printed,,,GB/T 1843,,Mechanical Properties,IZOD Impact Strength (Z) GB/T 1843 2.02KJ/m²,V006737,confirms,2.02 KJ/m²,high,reader-r1-37,
S-PEBA-PLA-HF-TDS-2026-2-2,2,value,unmapped:Acid and Alkali Resistance,G001-80,PLA-HF,Acid and Alkali Resistance,NO,,,,,,,,,,,Chemical Properties,Acid and Alkali Resistance NO,,new,,high,reader-r1-37,qualitative
S-PEBA-PLA-HF-TDS-2026-2-2,2,value,unmapped:UV Resistance,G001-80,PLA-HF,UV Resistance,NO,,,,,,,,,,,Chemical Properties,UV Resistance NO,,new,,high,reader-r1-37,qualitative
S-PEBA-PLA-HF-TDS-2026-2-2,2,setting,drying,G001-80,PLA-HF,Drying Preparation,50℃，8~12h,50,,℃,,,,,,,hours=8~12,Recommended Printing Parameters,Drying Preparation 50℃，8~12h,P0601,confirms,"50℃,8~12h",high,reader-r1-37,
S-PEBA-PLA-HF-TDS-2026-2-2,2,setting,nozzle_diameter,G001-80,PLA-HF,Nozzle Size,"0.2,0.4,0.6,0.8mm",0.2,0.8,mm,,,,,,,,Recommended Printing Parameters,"Nozzle Size 0.2,0.4,0.6,0.8mm",P0601,confirms,0.2,high,reader-r1-37,four sizes listed (0.2 0.4 0.6 0.8); held holds the first only
S-PEBA-PLA-HF-TDS-2026-2-2,2,setting,nozzle,G001-80,PLA-HF,Nozzle Temperature,210-230℃,210,230,℃,,,,,,,,Recommended Printing Parameters,Nozzle Temperature 210-230℃,P0601,confirms,210-230℃,high,reader-r1-37,
S-PEBA-PLA-HF-TDS-2026-2-2,2,setting,plate,G001-80,PLA-HF,Build Platform Type,纹理PEI打印板,,,,,,,,,,,Recommended Printing Parameters,Build Platform Type 纹理PEI打印板,,new,,high,reader-r1-37,Chinese: textured PEI print plate
S-PEBA-PLA-HF-TDS-2026-2-2,2,setting,bed,G001-80,PLA-HF,Build Platform Temperature,45~65℃,45,65,℃,,,,,,,,Recommended Printing Parameters,Build Platform Temperature 45~65℃,P0601,confirms,45~65℃,high,reader-r1-37,
S-PEBA-PLA-HF-TDS-2026-2-2,2,setting,fan,G001-80,PLA-HF,Fan Speed,100%,100,,%,,,,,,,,Recommended Printing Parameters,Fan Speed 100%,,new,,high,reader-r1-37,
S-PEBA-PLA-HF-TDS-2026-2-2,2,setting,print_speed,G001-80,PLA-HF,Printing Speed,"＜ 900mm/s,The performance varies depending on the differences between machines",900,,mm/s,<,,,,,,,Recommended Printing Parameters,"Printing Speed | ＜ 900mm/s,The performance varies depending on the differences between machines",,new,,high,reader-r1-37,
S-PEBA-PLA-HF-TDS-2026-2-2,3,context,all,,,Test Conditions of Mechanical Properties,,,,,,,printed,,,,,Test Conditions of Mechanical Properties,The performance of the filament is evaluated based on standard samples printed by eSUN,,new,,high,reader-r1-37,
S-PEBA-PLA-HF-TDS-2026-2-2,3,context,tensile,,,Tensile testing specimen,,,,,,,,,,GB/T 1040,,Test Conditions of Mechanical Properties,Tensile testing specimen GB/T 1040,,new,,high,reader-r1-37,
S-PEBA-PLA-HF-TDS-2026-2-2,3,context,flexural,,,Flexural testing specimen,,,,,,,,,,GB/T 9341,,Test Conditions of Mechanical Properties,Flexural testing specimen GB/T 9341,,new,,high,reader-r1-37,
S-PEBA-PLA-HF-TDS-2026-2-2,3,context,impact,,,Impact testing specimen,,,,,,,,,,GB/T 1843,,Test Conditions of Mechanical Properties,Impact testing specimen GB/T 1843,,new,,high,reader-r1-37,
S-PEBA-PLA-HF-TDS-2026-2-2,3,context,all,,,Printing Test Conditions,,,,,,,,,,,nozzle=220℃; bed=65℃; outer layers=2; top/bottom layers=3; infill=100%; fan=100%,Printing Test Conditions,Extruder Temperature 220℃ | Build Platform Temperature 65℃ | Outer Layer Number 2 | Top/Bottom Layer Number 3 | Infill Density 100% | Fan Speed 100%,,new,,high,reader-r1-37,*Based on Bambu P1S 0.4mm nozzle and Orcaslicer 2.1.0 Beta.
S-PEBA-PLA-HF-TDS-2026-2-2,3,setting,other,G001-80,PLA-HF,Printing Tips,"When slicing, it is best to turn on the Z seam alignment and starting point alignment functions",,,,,,,,,,,Printing Tips,"When slicing, it is best to turn on the Z seam alignment and starting point alignment functions",,new,,high,reader-r1-37,advice text only
S-PEBA-PLA-HS-TDS,1,identity,grade,G001-88,PLA+HS,PLA+HS,PLA+HS,,,,,,,,,,,,PLA+HS,,new,,high,reader-r1-37,
S-PEBA-PLA-HS-TDS,1,identity,other,G001-88,PLA+HS,Forming Method,Filament,,,,,,,,,,,Basic Information,Forming Method • Filament,,new,,high,reader-r1-37,
S-PEBA-PLA-HS-TDS,1,value,Density,G001-88,PLA+HS,Density,1.24 g/cm3,1.24,,g/cm3,=,,,,,GB/T 1033,,Physical Properties,Density GB/T 1033 1.24 g/cm3,V006972,confirms,1.24 g/cm3,high,reader-r1-37,
S-PEBA-PLA-HS-TDS,1,value,Melt mass-flow rate,G001-88,PLA+HS,Melt Flow Index,5.2 （190℃/2.16kg）,5.2,,,=,,,,,GB/T 3682,temp=190℃; load=2.16kg,Physical Properties,Melt Flow Index GB/T 3682 5.2 （190℃/2.16kg）,,new,,high,reader-r1-37,unit not printed
S-PEBA-PLA-HS-TDS,1,value,HDT,G001-88,PLA+HS,Heat Distortion Temperature,54 ℃ (0.45Mpa),54,,℃,=,,,,,GB/T 1634,load=0.45Mpa,Thermal Properties,Heat Distortion Temperature GB/T 1634 54 ℃ (0.45Mpa),V006973,confirms,54 ℃,high,reader-r1-37,
S-PEBA-PLA-HS-TDS,2,value,Tensile strength (endpoint unspecified),G001-88,PLA+HS,Tensile Strength (X-Y),53.12 Mpa,53.12,,Mpa,=,XY,printed,,,GB/T 1040,,Mechanical Properties,Tensile Strength (X-Y) GB/T 1040 53.12 Mpa,V006974,confirms,53.12 Mpa,high,reader-r1-37,
S-PEBA-PLA-HS-TDS,2,value,Tensile strength (endpoint unspecified),G001-88,PLA+HS,Tensile Strength (Z),32 MPa,32,,MPa,=,Z,printed,,,GB/T 1040,,Mechanical Properties,Tensile Strength (Z) GB/T 1040 32 MPa,V006975,confirms,32 MPa,high,reader-r1-37,
S-PEBA-PLA-HS-TDS,2,value,Elongation at break,G001-88,PLA+HS,Elongation at Break (X-Y),4.01 %,4.01,,%,=,XY,printed,,,GB/T 1040,,Mechanical Properties,Elongation at Break (X-Y) GB/T 1040 4.01 %,V006976,confirms,4.01 %,high,reader-r1-37,
S-PEBA-PLA-HS-TDS,2,value,Elongation at break,G001-88,PLA+HS,Elongation at Break (Z),2.8 %,2.8,,%,=,Z,printed,,,GB/T 1040,,Mechanical Properties,Elongation at Break (Z) GB/T 1040 2.8 %,V006977,confirms,2.8 %,high,reader-r1-37,
S-PEBA-PLA-HS-TDS,2,value,Flexural strength,G001-88,PLA+HS,Flexural Strength (X-Y),83 MPa,83,,MPa,=,XY,printed,,,GB/T 9341,,Mechanical Properties,Flexural Strength (X-Y) GB/T 9341 83 MPa,V006978,confirms,83 MPa,high,reader-r1-37,
S-PEBA-PLA-HS-TDS,2,value,Flexural strength,G001-88,PLA+HS,Flexural Strength (Z),58.6 Mpa,58.6,,Mpa,=,Z,printed,,,GB/T 9341,,Mechanical Properties,Flexural Strength (Z) GB/T 9341 58.6 Mpa,V006979,confirms,58.6 Mpa,high,reader-r1-37,
S-PEBA-PLA-HS-TDS,2,value,Flexural modulus,G001-88,PLA+HS,Flexural Modulus (X-Y),2900 MPa,2900,,MPa,=,XY,printed,,,GB/T 9341,,Mechanical Properties,Flexural Modulus (X-Y) GB/T 9341 2900 MPa,V006980,confirms,2900 MPa,high,reader-r1-37,
S-PEBA-PLA-HS-TDS,2,value,Flexural modulus,G001-88,PLA+HS,Flexural Modulus (Z),2680.2 Mpa,2680.2,,Mpa,=,Z,printed,,,GB/T 9341,,Mechanical Properties,Flexural Modulus (Z) GB/T 9341 2680.2 Mpa,V006981,confirms,2680.2 Mpa,high,reader-r1-37,
S-PEBA-PLA-HS-TDS,2,value,Izod impact strength,G001-88,PLA+HS,IZOD Impact Strength (X-Y),5.6 KJ/m²,5.6,,KJ/m²,=,XY,printed,,,GB/T 1843,,Mechanical Properties,IZOD Impact Strength (X-Y) GB/T 1843 5.6 KJ/m²,V006982,confirms,5.6 KJ/m²,high,reader-r1-37,
S-PEBA-PLA-HS-TDS,2,value,Izod impact strength,G001-88,PLA+HS,IZOD Impact Strength (Z),2.41KJ/m²,2.41,,KJ/m²,=,Z,printed,,,GB/T 1843,,Mechanical Properties,IZOD Impact Strength (Z) GB/T 1843 2.41KJ/m²,V006983,confirms,2.41 KJ/m²,high,reader-r1-37,
S-PEBA-PLA-HS-TDS,2,value,unmapped:Acid and Alkali Resistance,G001-88,PLA+HS,Acid and Alkali Resistance,NO,,,,,,,,,,,Chemical Properties,Acid and Alkali Resistance NO,,new,,high,reader-r1-37,qualitative
S-PEBA-PLA-HS-TDS,2,value,unmapped:UV Resistance,G001-88,PLA+HS,UV Resistance,NO,,,,,,,,,,,Chemical Properties,UV Resistance NO,,new,,high,reader-r1-37,qualitative
S-PEBA-PLA-HS-TDS,2,setting,drying,G001-88,PLA+HS,Drying Preparation,50℃ ＞8H,50,,℃,,,,,,,hours=>8,Recommended Printing Parameters,Drying Preparation 50℃ ＞8H,P0639,confirms,50℃ >8H,high,reader-r1-37,
S-PEBA-PLA-HS-TDS,2,setting,nozzle_diameter,G001-88,PLA+HS,Nozzle Size,"0.2,0.4,0.6,0.8mm",0.2,0.8,mm,,,,,,,,Recommended Printing Parameters,"Nozzle Size 0.2,0.4,0.6,0.8mm",P0639,confirms,0.2,high,reader-r1-37,four sizes listed (0.2 0.4 0.6 0.8); held holds the first only
S-PEBA-PLA-HS-TDS,2,setting,nozzle,G001-88,PLA+HS,Nozzle Temperature,210-230℃,210,230,℃,,,,,,,,Recommended Printing Parameters,Nozzle Temperature 210-230℃,P0639,confirms,210-230℃,high,reader-r1-37,
S-PEBA-PLA-HS-TDS,2,setting,plate,G001-88,PLA+HS,Build Platform Type,PEI,,,,,,,,,,,Recommended Printing Parameters,Build Platform Type PEI,,new,,high,reader-r1-37,
S-PEBA-PLA-HS-TDS,2,setting,bed,G001-88,PLA+HS,Build Platform Temperature,45-60℃,45,60,℃,,,,,,,,Recommended Printing Parameters,Build Platform Temperature 45-60℃,P0639,confirms,45-60℃,high,reader-r1-37,
S-PEBA-PLA-HS-TDS,2,setting,fan,G001-88,PLA+HS,Fan Speed,100%,100,,%,,,,,,,,Recommended Printing Parameters,Fan Speed 100%,,new,,high,reader-r1-37,
S-PEBA-PLA-HS-TDS,2,setting,print_speed,G001-88,PLA+HS,Printing Speed,＜350mm/s,350,,mm/s,<,,,,,,,Recommended Printing Parameters,Printing Speed ＜350mm/s,,new,,high,reader-r1-37,
S-PEBA-PLA-HS-TDS,3,context,all,,,Test Conditions of Mechanical Properties,,,,,,,printed,,,,,Test Conditions of Mechanical Properties,The performance of the filament is evaluated based on standard samples printed by eSUN,,new,,high,reader-r1-37,
S-PEBA-PLA-HS-TDS,3,context,tensile,,,Tensile testing specimen,,,,,,,,,,GB/T 1040,,Test Conditions of Mechanical Properties,Tensile testing specimen GB/T 1040,,new,,high,reader-r1-37,
S-PEBA-PLA-HS-TDS,3,context,flexural,,,Flexural testing specimen,,,,,,,,,,GB/T 9341,,Test Conditions of Mechanical Properties,Flexural testing specimen GB/T 9341,,new,,high,reader-r1-37,
S-PEBA-PLA-HS-TDS,3,context,impact,,,Impact testing specimen,,,,,,,,,,GB/T 1843,,Test Conditions of Mechanical Properties,Impact testing specimen GB/T 1843,,new,,high,reader-r1-37,
S-PEBA-PLA-HS-TDS,3,context,all,,,Printing Test Conditions,,,,,,,,,,,nozzle=220℃; bed=60℃; outer layers=2; top/bottom layers=3; infill=100%; fan=100%,Printing Test Conditions,Extruder Temperature 220℃ | Build Platform Temperature 60℃ | Outer Layer Number 2 | Top/Bottom Layer Number 3 | Infill Density 100% | Fan Speed 100%,,new,,high,reader-r1-37,*Based on Bambu P1S 0.4 mm nozzle and Orcaslicer 2.1.0 Beta.
S-PEBA-PLA-HS-TDS,3,setting,other,G001-88,PLA+HS,Printing Tips,"When slicing, it is best to turn on the Z seam alignment and starting point alignment functions",,,,,,,,,,,Printing Tips,"When slicing, it is best to turn on the Z seam alignment and starting point alignment functions",,new,,high,reader-r1-37,advice text only
S-PEBA-PLA-Matte-Dual-Filament-TDS-V4-0,1,identity,grade,G001-75,ePLA-Matte Dual,ePLA-Matte Dual,ePLA-Matte Dual,,,,,,,,,,,,ePLA-Matte Dual,,new,,high,reader-r1-37,
S-PEBA-PLA-Matte-Dual-Filament-TDS-V4-0,1,identity,other,G001-75,ePLA-Matte Dual,Form,Filament,,,,,,,,,,,,Form • Filament,,new,,high,reader-r1-37,
S-PEBA-PLA-Matte-Dual-Filament-TDS-V4-0,1,setting,enclosure,G001-75,ePLA-Matte Dual,Description,does not require sealed printing,,,,,,,,,,,,easy to use and does not require sealed printing,P0587,confirms,does not require sealed printing,medium,reader-r1-37,"description sentence; quote joins lines 'easy to use, and does not require / sealed printing'"
S-PEBA-PLA-Matte-Dual-Filament-TDS-V4-0,1,context,all,,,Injection molding spline test,,,,,,,injection moulded,,,,,Mechanical Properties,"The physical properties, mechanical properties, thermal properties, and electrical properties of the filament are obtained based on the injection molding spline test.",,new,,high,reader-r1-37,statement is printed on page 2 under Mechanical Properties; applies to page 1 tables
S-PEBA-PLA-Matte-Dual-Filament-TDS-V4-0,1,value,Density,G001-75,ePLA-Matte Dual,Density,1.174 g/cm³,1.174,,g/cm³,=,,,,,GB/T 1033,,Physical Properties,Density | GB/T 1033 | 1.174 g/cm,V006633,confirms,1.174 g/cm3,high,reader-r1-37,
S-PEBA-PLA-Matte-Dual-Filament-TDS-V4-0,1,value,Melt mass-flow rate,G001-75,ePLA-Matte Dual,Melt Flow Index,2.1 (190℃/2.16kg),2.1,,,=,,,,,GB/T 3682,temp=190℃; load=2.16kg,Physical Properties,Melt Flow Index GB/T 3682 2.1 (190℃/2.16kg）,,new,,high,reader-r1-37,unit not printed
S-PEBA-PLA-Matte-Dual-Filament-TDS-V4-0,1,value,Tensile strength (endpoint unspecified),G001-75,ePLA-Matte Dual,Tensile Strength,13.58 MPa,13.58,,MPa,=,,,,,GB/T 1040,,Mechanical Properties,Tensile Strength | GB/T 1040 13.58 MPa,V006634,confirms,13.58 MPa,high,reader-r1-37,
S-PEBA-PLA-Matte-Dual-Filament-TDS-V4-0,1,value,Elongation at break,G001-75,ePLA-Matte Dual,Elongation at Break,39 %,39,,%,=,,,,,GB/T 1040,,Mechanical Properties,Elongation at Break GB/T 1040 | 39 | %,V006635,confirms,39 %,high,reader-r1-37,
S-PEBA-PLA-Matte-Dual-Filament-TDS-V4-0,1,value,Flexural strength,G001-75,ePLA-Matte Dual,Flexural Strength,56.72 MPa,56.72,,MPa,=,,,,,GB/T 9341,,Mechanical Properties,Flexural Strength GB/T 9341 56.72 MPa,V006636,confirms,56.72 MPa,high,reader-r1-37,
S-PEBA-PLA-Matte-Dual-Filament-TDS-V4-0,1,value,Flexural modulus,G001-75,ePLA-Matte Dual,Flexural Modulus,2786.4 MPa,2786.4,,MPa,=,,,,,GB/T 9341,,Mechanical Properties,Flexural Modulus GB/T 9341 | 2786.4 | MPa,V006637,confirms,2786.4 MPa,high,reader-r1-37,
S-PEBA-PLA-Matte-Dual-Filament-TDS-V4-0,1,value,Izod impact strength,G001-75,ePLA-Matte Dual,IZOD Impact Strength,3.41 (kJ/㎡),3.41,,kJ/㎡,=,,,,,GB/T 1843,,Mechanical Properties,IZOD Impact Strength 3.41 (kJ/㎡) | GB/T 1843,V006638,confirms,3.41 kJ/㎡,high,reader-r1-37,
S-PEBA-PLA-Matte-Dual-Filament-TDS-V4-0,1,value,HDT,G001-75,ePLA-Matte Dual,Heat distortion Temperature,"54 (℃,0.45MPa)",54,,℃,=,,,,,GB/T 1634,load=0.45MPa,Thermal Properties,"Heat distortion Temperature 54 (℃,0.45MPa) | GB/T 1634",V006639,confirms,54 ℃,high,reader-r1-37,
S-PEBA-PLA-Matte-Dual-Filament-TDS-V4-0,2,setting,nozzle,G001-75,ePLA-Matte Dual,Extruder Temperature,215-230℃,215,230,℃,,,,,,,,Recommended printing parameters,Extruder Temperature | 215-230℃,P0587,confirms,215-230℃,high,reader-r1-37,
S-PEBA-PLA-Matte-Dual-Filament-TDS-V4-0,2,setting,bed,G001-75,ePLA-Matte Dual,Build Platform Temperature,45-60°C,45,60,°C,,,,,,,,Recommended printing parameters,Build Platform Temperature | 45-60°C,P0587,confirms,45-60°C,high,reader-r1-37,
S-PEBA-PLA-Matte-Dual-Filament-TDS-V4-0,2,setting,fan,G001-75,ePLA-Matte Dual,Fan Speed,100%,100,,%,,,,,,,,Recommended printing parameters,Fan Speed | 100%,,new,,high,reader-r1-37,
S-PEBA-PLA-Matte-Dual-Filament-TDS-V4-0,2,setting,print_speed,G001-75,ePLA-Matte Dual,Printing Speed,40 - 300mm/s,40,300,mm/s,,,,,,,,Recommended printing parameters,Printing Speed | 40 - 300mm/s,,new,,high,reader-r1-37,
S-PEBA-PLA-Matte-Dual-Filament-TDS-V4-0,2,setting,nozzle_diameter,G001-75,ePLA-Matte Dual,Based on,0.4 mm nozzle,0.4,,mm,,,,,,,,Recommended printing parameters,Based on 0.4 mm nozzle and Simplify 3D v.4.1.2. Printing conditions may vary with different nozzle diameters,,new,,high,reader-r1-37,
S-PEBA-PLA-Matte-Dual-Filament-TDS-V4-0,2,setting,drying,G001-75,ePLA-Matte Dual,Drying Recommendations,N/A,,,,,,,,,,,Drying Recommendations,Drying Recommendations | N/A,P0587,confirms,unknown,high,reader-r1-37,sheet prints N/A (no drying advice)
S-PEBA-PLA-Matte-Dual-Filament-TDS-V4-0,2,setting,other,G001-75,ePLA-Matte Dual,Notes,"The ePLA-Matte filament is softer than others, and the extruder's tension adjustment shall not be too tight, so as not to affect the printing.",,,,,,,,,,,Notes,"The ePLA-Matte filament is softer than others, and the extruder's tension adjustment shall not be too tight, so as not to affect the printing.",,new,,high,reader-r1-37,advice text only
S-PEBA-PLA-Matte-Dual-Filament-TDS-V4-0,2,context,tensile,,,Tensile testing specimen,,,,,,,,,,GB/T 1040,,Mechanical Properties,Tensile testing specimen GB/T 1040,,new,,high,reader-r1-37,
S-PEBA-PLA-Matte-Dual-Filament-TDS-V4-0,2,context,flexural,,,Flexural testing specimen,,,,,,,,,,GB/T 9341,,Mechanical Properties,Flexural testing specimen GB/T 9341,,new,,high,reader-r1-37,
S-PEBA-PLA-Matte-Dual-Filament-TDS-V4-0,2,context,impact,,,Impact testing specimen,,,,,,,,,,GB/T 1043,,Mechanical Properties,Impact testing specimen GB/T 1043,,new,,high,reader-r1-37,page prints GB/T 1043 for the impact specimen (the table row says GB/T 1843)
S-PEBA-PLA-Matte-Dual-Filament-TDS-V4-0,2,context,all,,,Print test condition,,,,,,,,,,,nozzle=215-230℃; bed=45℃; shells=4; top/bottom layers=4; infill=20%; fan=100%; speed=40mm/s; nozzle diameter=0.4 mm,Print test condition,Extruder Temperature 215-230℃ | Build Platform Temperature 45℃ | Outline/Perimeter Shells 4 | Top/Bottom Layers 4 | Infill Percentage 20% | Fan speed 100% | Printing speed 40mm/s | Based on 0.4 mm nozzle and Simplify 3D v.4.1.2.,,new,,high,reader-r1-37,
S-PEBA-PLA-Matte-TDS-2025-06-19-1,1,identity,grade,G001-71,PLA-Matte,PLA-Matte,PLA-Matte,,,,,,,,,,,,PLA-Matte,,new,,high,reader-r1-37,
S-PEBA-PLA-Matte-TDS-2025-06-19-1,1,identity,other,G001-71,PLA-Matte,Forming Method,Filament,,,,,,,,,,,Basic Information,Forming Method • Filament,,new,,high,reader-r1-37,
S-PEBA-PLA-Matte-TDS-2025-06-19-1,1,value,Density,G001-71,PLA-Matte,Density,1.329 g/cm3,1.329,,g/cm3,=,,,,,GB/T 1033,,Physical Properties,Density GB/T 1033 1.329 g/cm3,V006557,confirms,1.329 g/cm3,high,reader-r1-37,
S-PEBA-PLA-Matte-TDS-2025-06-19-1,1,value,Melt mass-flow rate,G001-71,PLA-Matte,Melt Flow Index,5.8 （190℃/2.16kg）,5.8,,,=,,,,,GB/T 3682,temp=190℃; load=2.16kg,Physical Properties,Melt Flow Index GB/T 3682 5.8 （190℃/2.16kg）,,new,,high,reader-r1-37,unit not printed
S-PEBA-PLA-Matte-TDS-2025-06-19-1,1,value,HDT,G001-71,PLA-Matte,Heat Distortion Temperature,51 ℃ (0.45Mpa),51,,℃,=,,,,,GB/T 1634,load=0.45Mpa,Thermal Properties,Heat Distortion Temperature GB/T 1634 51 ℃ (0.45Mpa),V006558,confirms,51 ℃,high,reader-r1-37,
S-PEBA-PLA-Matte-TDS-2025-06-19-1,2,value,Tensile strength (endpoint unspecified),G001-71,PLA-Matte,Tensile Strength (X-Y),25.976 Mpa,25.976,,Mpa,=,XY,printed,,,GB/T 1040,,Mechanical Properties,Tensile Strength (X-Y) GB/T 1040 25.976 Mpa,V006559,confirms,25.976 Mpa,high,reader-r1-37,
S-PEBA-PLA-Matte-TDS-2025-06-19-1,2,value,Tensile strength (endpoint unspecified),G001-71,PLA-Matte,Tensile Strength (Z),14.31 MPa,14.31,,MPa,=,Z,printed,,,GB/T 1040,,Mechanical Properties,Tensile Strength (Z) GB/T 1040 14.31 MPa,V006560,confirms,14.31 MPa,high,reader-r1-37,
S-PEBA-PLA-Matte-TDS-2025-06-19-1,2,value,Elongation at break,G001-71,PLA-Matte,Elongation at Break (X-Y),7.23 %,7.23,,%,=,XY,printed,,,GB/T 1040,,Mechanical Properties,Elongation at Break (X-Y) GB/T 1040 7.23 %,V006561,confirms,7.23 %,high,reader-r1-37,
S-PEBA-PLA-Matte-TDS-2025-06-19-1,2,value,Elongation at break,G001-71,PLA-Matte,Elongation at Break (Z),2.26 %,2.26,,%,=,Z,printed,,,GB/T 1040,,Mechanical Properties,Elongation at Break (Z) GB/T 1040 2.26 %,V006562,confirms,2.26 %,high,reader-r1-37,
S-PEBA-PLA-Matte-TDS-2025-06-19-1,2,value,Flexural strength,G001-71,PLA-Matte,Flexural Strength (X-Y),42.6 MPa,42.6,,MPa,=,XY,printed,,,GB/T 9341,,Mechanical Properties,Flexural Strength (X-Y) GB/T 9341 42.6 MPa,V006563,confirms,42.6 MPa,high,reader-r1-37,
S-PEBA-PLA-Matte-TDS-2025-06-19-1,2,value,Flexural strength,G001-71,PLA-Matte,Flexural Strength (Z),21.1 Mpa,21.1,,Mpa,=,Z,printed,,,GB/T 9341,,Mechanical Properties,Flexural Strength (Z) GB/T 9341 21.1 Mpa,V006564,confirms,21.1 Mpa,high,reader-r1-37,
S-PEBA-PLA-Matte-TDS-2025-06-19-1,2,value,Flexural modulus,G001-71,PLA-Matte,Flexural Modulus (X-Y),2249.05 MPa,2249.05,,MPa,=,XY,printed,,,GB/T 9341,,Mechanical Properties,Flexural Modulus (X-Y) GB/T 9341 2249.05 MPa,V006565,confirms,2249.05 MPa,high,reader-r1-37,
S-PEBA-PLA-Matte-TDS-2025-06-19-1,2,value,Flexural modulus,G001-71,PLA-Matte,Flexural Modulus (Z),1782.62 Mpa,1782.62,,Mpa,=,Z,printed,,,GB/T 9341,,Mechanical Properties,Flexural Modulus (Z) GB/T 9341 1782.62 Mpa,V006566,confirms,1782.62 Mpa,high,reader-r1-37,
S-PEBA-PLA-Matte-TDS-2025-06-19-1,2,value,Izod impact strength,G001-71,PLA-Matte,IZOD Impact Strength (X-Y),4.7 KJ/m²,4.7,,KJ/m²,=,XY,printed,,,GB/T 1843,,Mechanical Properties,IZOD Impact Strength (X-Y) GB/T 1843 4.7 KJ/m²,V006567,confirms,4.7 KJ/m²,high,reader-r1-37,
S-PEBA-PLA-Matte-TDS-2025-06-19-1,2,value,Izod impact strength,G001-71,PLA-Matte,IZOD Impact Strength (Z),2.15KJ/m²,2.15,,KJ/m²,=,Z,printed,,,GB/T 1843,,Mechanical Properties,IZOD Impact Strength (Z) GB/T 1843 2.15KJ/m²,V006568,confirms,2.15 KJ/m²,high,reader-r1-37,
S-PEBA-PLA-Matte-TDS-2025-06-19-1,2,value,unmapped:Acid and Alkali Resistance,G001-71,PLA-Matte,Acid and Alkali Resistance,NO,,,,,,,,,,,Chemical Properties,Acid and Alkali Resistance NO,,new,,high,reader-r1-37,qualitative
S-PEBA-PLA-Matte-TDS-2025-06-19-1,2,value,unmapped:UV Resistance,G001-71,PLA-Matte,UV Resistance,NO,,,,,,,,,,,Chemical Properties,UV Resistance NO,,new,,high,reader-r1-37,qualitative
S-PEBA-PLA-Matte-TDS-2025-06-19-1,2,setting,drying,G001-71,PLA-Matte,Drying Preparation,50℃ ＞8H,50,,℃,,,,,,,hours=>8,Recommended Printing Parameters,Drying Preparation 50℃ ＞8H,P0577,confirms,50℃ >8H,high,reader-r1-37,
S-PEBA-PLA-Matte-TDS-2025-06-19-1,2,setting,nozzle_diameter,G001-71,PLA-Matte,Nozzle Size,"0.2,0.4,0.6,0.8mm",0.2,0.8,mm,,,,,,,,Recommended Printing Parameters,"Nozzle Size 0.2,0.4,0.6,0.8mm",P0577,confirms,0.2,high,reader-r1-37,four sizes listed (0.2 0.4 0.6 0.8); held holds the first only
S-PEBA-PLA-Matte-TDS-2025-06-19-1,2,setting,nozzle,G001-71,PLA-Matte,Nozzle Temperature,190-230℃,190,230,℃,,,,,,,,Recommended Printing Parameters,Nozzle Temperature 190-230℃,P0577,confirms,190-230℃,high,reader-r1-37,
S-PEBA-PLA-Matte-TDS-2025-06-19-1,2,setting,plate,G001-71,PLA-Matte,Build Platform Type,PEI,,,,,,,,,,,Recommended Printing Parameters,Build Platform Type PEI,,new,,high,reader-r1-37,
S-PEBA-PLA-Matte-TDS-2025-06-19-1,2,setting,bed,G001-71,PLA-Matte,Build Platform Temperature,45-60℃,45,60,℃,,,,,,,,Recommended Printing Parameters,Build Platform Temperature 45-60℃,P0577,confirms,45-60℃,high,reader-r1-37,
S-PEBA-PLA-Matte-TDS-2025-06-19-1,2,setting,fan,G001-71,PLA-Matte,Fan Speed,100%,100,,%,,,,,,,,Recommended Printing Parameters,Fan Speed 100%,,new,,high,reader-r1-37,
S-PEBA-PLA-Matte-TDS-2025-06-19-1,2,setting,print_speed,G001-71,PLA-Matte,Printing Speed,＜200mm/s,200,,mm/s,<,,,,,,,Recommended Printing Parameters,Printing Speed ＜200mm/s,,new,,high,reader-r1-37,
S-PEBA-PLA-Matte-TDS-2025-06-19-1,3,context,all,,,Test Conditions of Mechanical Properties,,,,,,,printed,,,,,Test Conditions of Mechanical Properties,The performance of the filament is evaluated based on standard samples printed by eSUN,,new,,high,reader-r1-37,
S-PEBA-PLA-Matte-TDS-2025-06-19-1,3,context,tensile,,,Tensile testing specimen,,,,,,,,,,GB/T 1040,,Test Conditions of Mechanical Properties,Tensile testing specimen GB/T 1040,,new,,high,reader-r1-37,
S-PEBA-PLA-Matte-TDS-2025-06-19-1,3,context,flexural,,,Flexural testing specimen,,,,,,,,,,GB/T 9341,,Test Conditions of Mechanical Properties,Flexural testing specimen GB/T 9341,,new,,high,reader-r1-37,
S-PEBA-PLA-Matte-TDS-2025-06-19-1,3,context,impact,,,Impact testing specimen,,,,,,,,,,GB/T 1843,,Test Conditions of Mechanical Properties,Impact testing specimen GB/T 1843,,new,,high,reader-r1-37,
S-PEBA-PLA-Matte-TDS-2025-06-19-1,3,context,all,,,Printing Test Conditions,,,,,,,,,,,nozzle=220℃; bed=60℃; outer layers=2; top/bottom layers=3; infill=100%; fan=100%,Printing Test Conditions,Extruder Temperature 220℃ | Build Platform Temperature 60℃ | Outer Layer Number 2 | Top/Bottom Layer Number 3 | Infill Density 100% | Fan Speed 100%,,new,,high,reader-r1-37,*Based on Bambu P1S 0.4 mm nozzle and Orcaslicer 2.1.0 Beta.
S-PEBA-PLA-Matte-TDS-2025-06-19-1,3,setting,other,G001-71,PLA-Matte,Printing Tips,"When slicing, it is best to turn on the Z seam alignment and starting point alignment functions",,,,,,,,,,,Printing Tips,"When slicing, it is best to turn on the Z seam alignment and starting point alignment functions",,new,,high,reader-r1-37,advice text only
S-PEBA-PLA-TDS-en,1,identity,grade,G001-78,PLA+,PLA+,PLA+,,,,,,,,,,,,PLA+,,new,,high,reader-r1-37,
S-PEBA-PLA-TDS-en,1,identity,other,G001-78,PLA+,Description,FDA-certified material,,,,,,,,,,,,FDA-certified material,,new,,high,reader-r1-37,description sentence on page 1
S-PEBA-PLA-TDS-en,1,identity,other,G001-78,PLA+,Forming Method,Filament,,,,,,,,,,,Basic Information,Forming Method • Filament,,new,,high,reader-r1-37,
S-PEBA-PLA-TDS-en,1,value,Density,G001-78,PLA+,Density,1.24g/cm³,1.24,,g/cm³,=,,,,,GB/T 1033,,Physical Properties,Density GB/T 1033 1.24g/cm,V006696,confirms,1.24 g/cm3,high,reader-r1-37,
S-PEBA-PLA-TDS-en,1,value,Melt mass-flow rate,G001-78,PLA+,Melt Flow Index,3.7(190℃/2.16kg),3.7,,,=,,,,,GB/T 3682,temp=190℃; load=2.16kg,Physical Properties,Melt Flow Index GB/T 3682 3.7(190℃/2.16kg),,new,,high,reader-r1-37,unit not printed
S-PEBA-PLA-TDS-en,1,value,HDT,G001-78,PLA+,Heat Distortion Temperature,53.78℃(0.45Mpa),53.78,,℃,=,,,,,GB/T 1634,load=0.45Mpa,Thermal Properties,Heat Distortion Temperature GB/T 1634 53.78℃(0.45Mpa),V006697,confirms,53.78 ℃,high,reader-r1-37,
S-PEBA-PLA-TDS-en,2,value,Tensile strength (endpoint unspecified),G001-78,PLA+,Tensile Strength (X-Y),70.37Mpa,70.37,,Mpa,=,XY,printed,,,GB/T 1040,,Mechanical Properties,Tensile Strength (X-Y) GB/T 1040 70.37Mpa,V006698,confirms,70.37 Mpa,high,reader-r1-37,
S-PEBA-PLA-TDS-en,2,value,Tensile strength (endpoint unspecified),G001-78,PLA+,Tensile Strength (Z),36.36MPa,36.36,,MPa,=,Z,printed,,,GB/T 1040,,Mechanical Properties,Tensile Strength (Z) GB/T 1040 36.36MPa,V006699,confirms,36.36 MPa,high,reader-r1-37,
S-PEBA-PLA-TDS-en,2,value,Elongation at break,G001-78,PLA+,Elongation at Break (X-Y),4.14%,4.14,,%,=,XY,printed,,,GB/T 1040,,Mechanical Properties,Elongation at Break (X-Y) GB/T 1040 4.14%,V006700,confirms,4.14 %,high,reader-r1-37,
S-PEBA-PLA-TDS-en,2,value,Elongation at break,G001-78,PLA+,Elongation at Break (Z),2.92%,2.92,,%,=,Z,printed,,,GB/T 1040,,Mechanical Properties,Elongation at Break (Z) GB/T 1040 2.92%,V006701,confirms,2.92 %,high,reader-r1-37,
S-PEBA-PLA-TDS-en,2,value,Flexural strength,G001-78,PLA+,Flexural Strength (X-Y),100.3MPa,100.3,,MPa,=,XY,printed,,,GB/T 9341,,Mechanical Properties,Flexural Strength (X-Y) GB/T 9341 100.3MPa,V006702,confirms,100.3 MPa,high,reader-r1-37,
S-PEBA-PLA-TDS-en,2,value,Flexural strength,G001-78,PLA+,Flexural Strength (Z),56.4Mpa,56.4,,Mpa,=,Z,printed,,,GB/T 9341,,Mechanical Properties,Flexural Strength (Z) GB/T 9341 56.4Mpa,V006703,confirms,56.4 Mpa,high,reader-r1-37,
S-PEBA-PLA-TDS-en,2,value,Flexural modulus,G001-78,PLA+,Flexural Modulus (X-Y),3259.39MPa,3259.39,,MPa,=,XY,printed,,,GB/T 9341,,Mechanical Properties,Flexural Modulus (X-Y) GB/T 9341 3259.39MPa,V006704,confirms,3259.39 MPa,high,reader-r1-37,
S-PEBA-PLA-TDS-en,2,value,Flexural modulus,G001-78,PLA+,Flexural Modulus (Z),2873.94Mpa,2873.94,,Mpa,=,Z,printed,,,GB/T 9341,,Mechanical Properties,Flexural Modulus (Z) GB/T 9341 2873.94Mpa,V006705,confirms,2873.94 Mpa,high,reader-r1-37,
S-PEBA-PLA-TDS-en,2,value,Izod impact strength,G001-78,PLA+,IZOD Impact Strength (X-Y),7.27KJ/m²,7.27,,KJ/m²,=,XY,printed,,,GB/T 1843,,Mechanical Properties,IZOD Impact Strength (X-Y) GB/T 1843 7.27KJ/m²,V006706,confirms,7.27 KJ/m²,high,reader-r1-37,
S-PEBA-PLA-TDS-en,2,value,Izod impact strength,G001-78,PLA+,IZOD Impact Strength (Z),2.22KJ/m²,2.22,,KJ/m²,=,Z,printed,,,GB/T 1843,,Mechanical Properties,IZOD Impact Strength (Z) GB/T 1843 2.22KJ/m²,V006707,confirms,2.22 KJ/m²,high,reader-r1-37,
S-PEBA-PLA-TDS-en,2,value,unmapped:Acid and Alkali Resistance,G001-78,PLA+,Acid and Alkali Resistance,NO,,,,,,,,,,,Chemical Properties,Acid and Alkali Resistance NO,,new,,high,reader-r1-37,qualitative
S-PEBA-PLA-TDS-en,2,value,unmapped:UV Resistance,G001-78,PLA+,UV Resistance,NO,,,,,,,,,,,Chemical Properties,UV Resistance NO,,new,,high,reader-r1-37,qualitative
S-PEBA-PLA-TDS-en,2,setting,drying,G001-78,PLA+,Drying Preparation,50℃，8~12h,50,,℃,,,,,,,hours=8~12,Recommended Printing Parameters,Drying Preparation 50℃，8~12h,P0595,confirms,"50℃,8~12h",high,reader-r1-37,
S-PEBA-PLA-TDS-en,2,setting,nozzle_diameter,G001-78,PLA+,Nozzle Size,"0.2,0.4,0.6,0.8mm",0.2,0.8,mm,,,,,,,,Recommended Printing Parameters,"Nozzle Size 0.2,0.4,0.6,0.8mm",P0595,confirms,0.2,high,reader-r1-37,four sizes listed (0.2 0.4 0.6 0.8); held holds the first only
S-PEBA-PLA-TDS-en,2,setting,nozzle,G001-78,PLA+,Nozzle Temperature,210-230℃,210,230,℃,,,,,,,,Recommended Printing Parameters,Nozzle Temperature 210-230℃,P0595,confirms,210-230℃,high,reader-r1-37,
S-PEBA-PLA-TDS-en,2,setting,plate,G001-78,PLA+,Build Platform Type,纹理PEI打印板,,,,,,,,,,,Recommended Printing Parameters,Build Platform Type 纹理PEI打印板,,new,,high,reader-r1-37,Chinese: textured PEI print plate
S-PEBA-PLA-TDS-en,2,setting,bed,G001-78,PLA+,Build Platform Temperature,45~60℃,45,60,℃,,,,,,,,Recommended Printing Parameters,Build Platform Temperature 45~60℃,P0595,confirms,45~60℃,high,reader-r1-37,
S-PEBA-PLA-TDS-en,2,setting,fan,G001-78,PLA+,Fan Speed,100%,100,,%,,,,,,,,Recommended Printing Parameters,Fan Speed 100%,,new,,high,reader-r1-37,
S-PEBA-PLA-TDS-en,2,setting,print_speed,G001-78,PLA+,Printing Speed,＜300mm/s,300,,mm/s,<,,,,,,,Recommended Printing Parameters,Printing Speed ＜300mm/s,,new,,high,reader-r1-37,
S-PEBA-PLA-TDS-en,2,setting,other,G001-78,PLA+,Printing Tips,"When slicing, it is best to turn on the Z seam alignment and starting point alignment functions",,,,,,,,,,,Printing Tips,"When slicing, it is best to turn on the Z seam alignment and starting point alignment functions",,new,,high,reader-r1-37,advice text only
S-PEBA-PLA-TDS-en,3,context,all,,,Test Conditions of Mechanical Properties,,,,,,,printed,,,,,Test Conditions of Mechanical Properties,The performance of the filament is evaluated based on standard samples printed by eSUN,,new,,high,reader-r1-37,
S-PEBA-PLA-TDS-en,3,context,tensile,,,Tensile testing specimen,,,,,,,,,,GB/T 1040,,Test Conditions of Mechanical Properties,Tensile testing specimen GB/T 1040,,new,,high,reader-r1-37,
S-PEBA-PLA-TDS-en,3,context,flexural,,,Flexural testing specimen,,,,,,,,,,GB/T 9341,,Test Conditions of Mechanical Properties,Flexural testing specimen GB/T 9341,,new,,high,reader-r1-37,
S-PEBA-PLA-TDS-en,3,context,impact,,,Impact testing specimen,,,,,,,,,,GB/T 1843,,Test Conditions of Mechanical Properties,Impact testing specimen GB/T 1843,,new,,high,reader-r1-37,
S-PEBA-PLA-TDS-en,3,context,all,,,Printing Test Conditions,,,,,,,,,,,nozzle=220℃; bed=65℃; outer layers=2; top/bottom layers=3; infill=100%; fan=100%,Printing Test Conditions,Extruder Temperature 220℃ | Build Platform Temperature 65℃ | Outer Layer Number 2 | Top/Bottom Layer Number 3 | Infill Density 100% | Fan Speed 100%,,new,,high,reader-r1-37,*Based on Bambu P1S 0.4mm nozzle and Orcaslicer 2.1.0 Beta.
S-PEBA-PLA-UV-Color-Change-FilamentTDS,1,identity,grade,G001-92,PLA UV Color Change,PLA UV Color Change,PLA UV Color Change,,,,,,,,,,,,PLA UV Color Change,,new,,high,reader-r1-37,
S-PEBA-PLA-UV-Color-Change-FilamentTDS,1,identity,other,G001-92,PLA UV Color Change,Form,Filament,,,,,,,,,,,,Form • Filament,,new,,high,reader-r1-37,
S-PEBA-PLA-UV-Color-Change-FilamentTDS,1,identity,filler,G001-92,PLA UV Color Change,Characteristics,Photochromic,,,,,,,,,,,,Photochromic,,new,,medium,reader-r1-37,description: derived from traditional PLA with the addition of a unique photochromic property
S-PEBA-PLA-UV-Color-Change-FilamentTDS,1,context,all,,,Injection molding spline test,,,,,,,injection moulded,,,,,Mechanical Properties,"The physical properties, mechanical properties, thermal properties, and electrical properties of the filament are obtained based on the injection molding spline test.",,new,,high,reader-r1-37,statement is printed on page 2 under Mechanical Properties; applies to page 1 tables
S-PEBA-PLA-UV-Color-Change-FilamentTDS,1,value,Density,G001-92,PLA UV Color Change,Density,1.25 g/cm³,1.25,,g/cm³,=,,,,,GB/T 1033,,Physical Properties,Density GB/T 1033 | 1.25 g/cm,V007248,confirms,1.25 g/cm3,high,reader-r1-37,
S-PEBA-PLA-UV-Color-Change-FilamentTDS,1,value,Melt mass-flow rate,G001-92,PLA UV Color Change,Melt Flow Index,8.5 (190℃/2.16kg),8.5,,,=,,,,,GB/T 3682,temp=190℃; load=2.16kg,Physical Properties,Melt Flow Index GB/T 3682 | 8.5 (190℃/2.16kg）,,new,,high,reader-r1-37,unit not printed
S-PEBA-PLA-UV-Color-Change-FilamentTDS,1,value,Tensile strength (endpoint unspecified),G001-92,PLA UV Color Change,Tensile Strength,27.58 MPa,27.58,,MPa,=,,,,,GB/T 1040,,Mechanical Properties,Tensile Strength | GB/T 1040 | MPa 27.58,,new,,high,reader-r1-37,held has no tensile strength row for this sheet
S-PEBA-PLA-UV-Color-Change-FilamentTDS,1,value,Elongation at break,G001-92,PLA UV Color Change,Elongation at Break,2.88 %,2.88,,%,=,,,,,GB/T 1040,,Mechanical Properties,Elongation at Break | GB/T 1040 | % 2.88,V007249,confirms,2.88 %,high,reader-r1-37,
S-PEBA-PLA-UV-Color-Change-FilamentTDS,1,value,Flexural strength,G001-92,PLA UV Color Change,Flexural Strength,72.8 MPa,72.8,,MPa,=,,,,,GB/T 9341,,Mechanical Properties,Flexural Strength | GB/T 9341 | MPa 72.8,V007250,confirms,72.8 MPa,high,reader-r1-37,
S-PEBA-PLA-UV-Color-Change-FilamentTDS,1,value,Flexural modulus,G001-92,PLA UV Color Change,Flexural Modulus,2897.38 MPa,2897.38,,MPa,=,,,,,GB/T 9341,,Mechanical Properties,Flexural Modulus | GB/T 9341 | MPa 2897.38,V007251,confirms,2897.38 MPa,high,reader-r1-37,
S-PEBA-PLA-UV-Color-Change-FilamentTDS,1,value,Izod impact strength,G001-92,PLA UV Color Change,IZOD Impact Strength,4.67 (kJ/㎡),4.67,,kJ/㎡,=,,,,,GB/T 1843,,Mechanical Properties,IZOD Impact Strength | GB/T 1843 | (kJ/㎡) 4.67,V007252,confirms,4.67 kJ/㎡,high,reader-r1-37,
S-PEBA-PLA-UV-Color-Change-FilamentTDS,1,value,HDT,G001-92,PLA UV Color Change,Heat distortion Temperature,"50.75 (℃,0.45MPa)",50.75,,℃,=,,,,,GB/T 1634,load=0.45MPa,Thermal Properties,"Heat distortion Temperature | GB/T 1634 | (℃,0.45MPa) 50.75",V007253,confirms,50.75 ℃,high,reader-r1-37,
S-PEBA-PLA-UV-Color-Change-FilamentTDS,2,setting,nozzle,G001-92,PLA UV Color Change,Extruder Temperature,190-230℃,190,230,℃,,,,,,,,Recommended printing parameters,Extruder Temperature | 190-230℃,P0683,confirms,190-230℃,high,reader-r1-37,
S-PEBA-PLA-UV-Color-Change-FilamentTDS,2,setting,bed,G001-92,PLA UV Color Change,Build Platform Temperature,45-60°C,45,60,°C,,,,,,,,Recommended printing parameters,Build Platform Temperature | 45-60°C,P0683,confirms,45-60°C,high,reader-r1-37,
S-PEBA-PLA-UV-Color-Change-FilamentTDS,2,setting,fan,G001-92,PLA UV Color Change,Fan Speed,100%,100,,%,,,,,,,,Recommended printing parameters,Fan Speed | 100%,,new,,high,reader-r1-37,
S-PEBA-PLA-UV-Color-Change-FilamentTDS,2,setting,print_speed,G001-92,PLA UV Color Change,Printing Speed,40 - 300mm/s,40,300,mm/s,,,,,,,,Recommended printing parameters,Printing Speed | 40 - 300mm/s,,new,,high,reader-r1-37,
S-PEBA-PLA-UV-Color-Change-FilamentTDS,2,setting,nozzle_diameter,G001-92,PLA UV Color Change,Based on,0.4 mm nozzle,0.4,,mm,,,,,,,,Recommended printing parameters,Based on 0.4 mm nozzle and Simplify 3D v.4.1.2. Printing conditions may vary with different nozzle diameters,,new,,high,reader-r1-37,
S-PEBA-PLA-UV-Color-Change-FilamentTDS,2,setting,drying,G001-92,PLA UV Color Change,Drying Recommendations,N/A,,,,,,,,,,,Drying Recommendations,Drying Recommendations | N/A,P0683,confirms,unknown,high,reader-r1-37,sheet prints N/A (no drying advice)
S-PEBA-PLA-UV-Color-Change-FilamentTDS,2,setting,other,G001-92,PLA UV Color Change,Notes,"The ePLA-Matte filament is softer than others, and the extruder's tension adjustment shall not be too tight, so as not to affect the printing.",,,,,,,,,,,Notes,"The ePLA-Matte filament is softer than others, and the extruder's tension adjustment shall not be too tight, so as not to affect the printing.",,new,,high,reader-r1-37,note text names ePLA-Matte (copied from the Matte sheet) though this sheet is PLA UV Color Change
S-PEBA-PLA-UV-Color-Change-FilamentTDS,2,context,tensile,,,Tensile testing specimen,,,,,,,,,,GB/T 1040,,Mechanical Properties,Tensile testing specimen GB/T 1040,,new,,high,reader-r1-37,
S-PEBA-PLA-UV-Color-Change-FilamentTDS,2,context,flexural,,,Flexural testing specimen,,,,,,,,,,GB/T 9341,,Mechanical Properties,Flexural testing specimen GB/T 9341,,new,,high,reader-r1-37,
S-PEBA-PLA-UV-Color-Change-FilamentTDS,2,context,impact,,,Impact testing specimen,,,,,,,,,,GB/T 1043,,Mechanical Properties,Impact testing specimen GB/T 1043,,new,,high,reader-r1-37,page prints GB/T 1043 for the impact specimen (the table row says GB/T 1843)
S-PEBA-PLA-UV-Color-Change-FilamentTDS,2,context,all,,,Print test condition,,,,,,,,,,,nozzle=210℃; bed=55℃; shells=4; top/bottom layers=4; infill=20%; fan=100%; speed=40mm/s; nozzle diameter=0.4 mm,Print test condition,Extruder Temperature 210℃ | Build Platform Temperature 55℃ | Outline/Perimeter Shells 4 | Top/Bottom Layers 4 | Infill Percentage 20% | Fan speed 100% | Printing speed 40mm/s | Based on 0.4 mm nozzle and Simplify 3D v.4.1.2.,,new,,high,reader-r1-37,
R-EXTRUDR-biofusion-TDS-en,1,identity,grade,G001-172,BIOFUSION,BIOFUSION,BIOFUSION,,,,,,,,,,,,TECHNICAL DATA SHEET BIOFUSION,,new,,high,reader-r1-37,
R-EXTRUDR-biofusion-TDS-en,1,identity,other,G001-172,BIOFUSION,Description,new generation of special bio-based materials,,,,,,,,,,,1. DESCRIPTION,BioFusion is a new generation of special bio-based materials,,new,,high,reader-r1-37,
R-EXTRUDR-biofusion-TDS-en,1,value,Tensile modulus,G001-172,BIOFUSION,Tensile modulus (E-Modulus),3200 MPa,3200,,MPa,=,,,,,ASTM D882,,3. PROPERTIES,Tensile modulus (E-Modulus) ASTM D882 MPa 3200,V010033,confirms,3200 MPa,high,reader-r1-37,
R-EXTRUDR-biofusion-TDS-en,1,value,Tensile strength (endpoint unspecified),G001-172,BIOFUSION,Tensile strength,55 MPa,55,,MPa,=,,,,,ASTM D882,,3. PROPERTIES,Tensile strength ASTM D882 MPa 55,V010034,confirms,55 MPa,high,reader-r1-37,
R-EXTRUDR-biofusion-TDS-en,1,value,Tensile break strength,G001-172,BIOFUSION,Breaking stress,5 %,5,,%,=,,,,,ASTM D882,,3. PROPERTIES,Breaking stress ASTM D882 % 5,,new,,medium,reader-r1-37,label says Breaking stress but unit printed is %; the Breaking stress and Elongation at break rows look to have swapped unit cells; copied as printed
R-EXTRUDR-biofusion-TDS-en,1,value,Elongation at break,G001-172,BIOFUSION,Elongation at break,41 MPa,41,,MPa,=,,,,,ISO 527,,3. PROPERTIES,Elongation at break ISO 527 MPa 41,,new,,medium,reader-r1-37,unit printed is MPa for an elongation row (see Breaking stress row); copied as printed
R-EXTRUDR-biofusion-TDS-en,1,value,Flexural modulus,G001-172,BIOFUSION,E-Modulus,2200 MPa,2200,,MPa,=,,,,,ISO 178,,3. PROPERTIES,E-Modulus ISO 178 MPa 2200,V010035,confirms,2200 MPa,high,reader-r1-37,method ISO 178 is a flexural test; label does not say flexural
R-EXTRUDR-biofusion-TDS-en,1,value,Izod impact strength,G001-172,BIOFUSION,Impact resistance,12 J/m,12,,J/m,=,,,,,ASTM D256,,3. PROPERTIES,Impact resistance ASTM D256 kj/m² 12 J/m,V010036,confirms,12 J/m,medium,reader-r1-37,unit column prints kj/m² but the value cell prints 12 J/m
R-EXTRUDR-biofusion-TDS-en,1,value,Melt mass-flow rate,G001-172,BIOFUSION,MFR,7 g/10min,7,,g/10min,=,,,,,ASTM D1238,,3. PROPERTIES,MFR ASTM D1238 g/10min 7,V010037,confirms,7 g/10min,high,reader-r1-37,no temperature or load printed
R-EXTRUDR-biofusion-TDS-en,1,value,Melting temperature,G001-172,BIOFUSION,Melting temperature,200-210 °C,200,210,°C,=,,,,,ISO 3146-C,,3. PROPERTIES,Melting temperature ISO 3146-C °C 200-210,V010038,confirms,200-210 °C,high,reader-r1-37,
R-EXTRUDR-biofusion-TDS-en,1,value,Vicat softening temperature,G001-172,BIOFUSION,VICAT A (VST),75* °C,75,,°C,=,,,,,ASTM D1525,method=A; wall thickness=min 4 mm,3. PROPERTIES,VICAT A (VST) ASTM D1525 °C 75* | *Temperature resistance tested at a minimum wall thickness of 4 mm.,V010039,confirms,75 °C,high,reader-r1-37,
R-EXTRUDR-biofusion-TDS-en,1,value,Mould shrinkage,G001-172,BIOFUSION,Shrinking,0.3 %,0.3,,%,=,,,,,ASTM D955,,3. PROPERTIES,Shrinking ASTM D955 % 0.3,,new,,high,reader-r1-37,
R-EXTRUDR-biofusion-TDS-en,1,value,Density,G001-172,BIOFUSION,Density,1.25 g/cm³,1.25,,g/cm³,=,,,,,ASTM D792,,3. PROPERTIES,Density ASTM D792 g/cm³ 1.25,V010040,confirms,1.25 g/cm³,high,reader-r1-37,
R-EXTRUDR-biofusion-TDS-en,1,setting,nozzle,G001-172,BIOFUSION,Nozzle,200-230°C,200,230,°C,,,,,,,,PRINT SETTINGS,Nozzle 200-230°C,P0985,confirms,200-230°C,high,reader-r1-37,
R-EXTRUDR-biofusion-TDS-en,1,setting,bed,G001-172,BIOFUSION,Heatbed,20-60°C,20,60,°C,,,,,,,,PRINT SETTINGS,Heatbed 20-60°C,P0985,confirms,20-60°C,high,reader-r1-37,
R-EXTRUDR-biofusion-TDS-en,1,setting,other,G001-172,BIOFUSION,Adhesive,not required,,,,,,,,,,,PRINT SETTINGS,Adhesive not required,,new,,high,reader-r1-37,
R-EXTRUDR-biofusion-TDS-en,1,setting,print_speed,G001-172,BIOFUSION,Speed,20-40mm/s,20,40,mm/s,,,,,,,,PRINT SETTINGS,Speed 20-40mm/s,,new,,high,reader-r1-37,
R-EXTRUDR-biofusion-TDS-en,1,setting,fan,G001-172,BIOFUSION,Cooling,10-30%,10,30,%,,,,,,,,PRINT SETTINGS,Cooling 10-30%,,new,,high,reader-r1-37,
R-EXTRUDR-biofusion-TDS-en,1,setting,enclosure,G001-172,BIOFUSION,Enclosed Space,no,,,,,,,,,,,PRINT SETTINGS,Enclosed Space no,P0985,confirms,no,high,reader-r1-37,
R-EXTRUDR-biofusion-TDS-en,1,setting,hardened_nozzle,G001-172,BIOFUSION,Hardened Nozzle,no,,,,,,,,,,,PRINT SETTINGS,Hardened Nozzle no,P0985,confirms,FALSE,high,reader-r1-37,
R-EXTRUDR-biofusion-TDS-en,1,setting,other,G001-172,BIOFUSION,Max. Volumetric Speed,6 mm³/s,6,,mm³/s,,,,,,,,PRINT SETTINGS,Max. Volumetric Speed 6 mm³/s,,new,,high,reader-r1-37,
R-EXTRUDR-biofusion-TDS-en,1,setting,nozzle_diameter,G001-172,BIOFUSION,Recommended settings,0.4mm Nozzle,0.4,,mm,,,,,,,,PRINT SETTINGS,Recommended settings for printers with a 0.4mm Nozzle. Max. 50% layerheight. Optimal print settings may vary between different printers and also depend on environmental factors.,,new,,high,reader-r1-37,also: Max. 50% layerheight
R-EXTRUDR-biofusion-TDS-en,1,setting,other,G001-172,BIOFUSION,Storage,Store in a dry room at room temperature (18-27°C / 65-80°F).,18,27,°C,,,,,,,,5. STORAGE AND SHELF LIFE,Store in a dry room at room temperature (18-27°C / 65-80°F).,,new,,high,reader-r1-37,storage advice; shelf life 2 years
R-EXTRUDR-durapro-abs-cf-TDS-en,1,identity,grade,G029-03,DURAPRO ABS CF,DURAPRO ABS CF,DURAPRO ABS CF,,,,,,,,,,,,TECHNICAL DATA SHEET DURAPRO ABS CF,,new,,high,reader-r1-37,
R-EXTRUDR-durapro-abs-cf-TDS-en,1,identity,filler,G029-03,DURAPRO ABS CF,Description,carbon fiber-reinforced high-performance ABS filament,,,,,,,,,,,1. DESCRIPTION,DuraPro ABS CF is a carbon fiber-reinforced high-performance ABS filament,,new,,high,reader-r1-37,
R-EXTRUDR-durapro-abs-cf-TDS-en,1,value,Flexural modulus,G029-03,DURAPRO ABS CF,Flexural modulus (E-Modulus),3400 MPa,3400,,MPa,=,,,,,ASTM D790,,3. PROPERTIES,Flexural modulus (E-Modulus) ASTM D790 MPa 3400,V004204,confirms,3400 MPa,high,reader-r1-37,
R-EXTRUDR-durapro-abs-cf-TDS-en,1,value,Flexural strength,G029-03,DURAPRO ABS CF,Flexural strength,65 MPa,65,,MPa,=,,,,,ASTM D790,,3. PROPERTIES,Flexural strength ASTM D790 MPa 65,V004205,confirms,65 MPa,high,reader-r1-37,
R-EXTRUDR-durapro-abs-cf-TDS-en,1,value,Tensile modulus,G029-03,DURAPRO ABS CF,Tensile modulus (E-Modulus),2850 MPa,2850,,MPa,=,,,,,ASTM D638,,3. PROPERTIES,Tensile modulus (E-Modulus) ASTM D638 MPa 2850,V004206,confirms,2850 MPa,high,reader-r1-37,
R-EXTRUDR-durapro-abs-cf-TDS-en,1,value,Tensile strength (endpoint unspecified),G029-03,DURAPRO ABS CF,Tensile strength,55 MPa,55,,MPa,=,,,,,ASTM D638,,3. PROPERTIES,Tensile strength ASTM D638 MPa 55,V004207,confirms,55 MPa,high,reader-r1-37,
R-EXTRUDR-durapro-abs-cf-TDS-en,1,value,Elongation at yield,G029-03,DURAPRO ABS CF,Elongation at yield,3 %,3,,%,=,,,,,ASTM D638,,3. PROPERTIES,Elongation at yield ASTM D638 % 3,V004208,confirms,3 %,high,reader-r1-37,
R-EXTRUDR-durapro-abs-cf-TDS-en,1,value,Elongation at break,G029-03,DURAPRO ABS CF,Nominal elongation at break,8 %,8,,%,=,,,,,ASTM D638,,3. PROPERTIES,Nominal elongation at break ASTM D638 % 8,V004209,confirms,8 %,high,reader-r1-37,
R-EXTRUDR-durapro-abs-cf-TDS-en,1,value,Izod impact strength,G029-03,DURAPRO ABS CF,Notched impact strength,250°C,250,,kj/m²,=,,,,,ASTM D256,,3. PROPERTIES,Notched impact strength ASTM D256 kj/m² 250°C,V004210,confirms,250 kj/m²,medium,reader-r1-37,value cell prints 250°C against unit column kj/m²; notched
R-EXTRUDR-durapro-abs-cf-TDS-en,1,value,Izod impact strength,G029-03,DURAPRO ABS CF,Unnotched impact strength,110°C,110,,kj/m²,=,,,,,ASTM D256,,3. PROPERTIES,Unnotched impact strength ASTM D256 kj/m² 110°C,V004211,confirms,110 kj/m²,medium,reader-r1-37,value cell prints 110°C against unit column kj/m²; unnotched
R-EXTRUDR-durapro-abs-cf-TDS-en,1,value,Vicat softening temperature,G029-03,DURAPRO ABS CF,VICAT A (VST),95* °C,95,,°C,=,,,,,ASTM D1525,method=A; wall thickness=min 4 mm,3. PROPERTIES,VICAT A (VST) ASTM D1525 °C 95* | *Temperature resistance tested at a minimum wall thickness of 4 mm.,V004212,confirms,95 °C,high,reader-r1-37,
R-EXTRUDR-durapro-abs-cf-TDS-en,1,value,Melting temperature,G029-03,DURAPRO ABS CF,Melting temperature,180-200 °C,180,200,°C,=,,,,,ISO 3146-C,,3. PROPERTIES,Melting temperature ISO 3146-C °C 180-200,V004213,confirms,180-200 °C,high,reader-r1-37,
R-EXTRUDR-durapro-abs-cf-TDS-en,1,value,Melt mass-flow rate,G029-03,DURAPRO ABS CF,MFR,19 g/cm³,19,,g/cm³,=,,,,,ASTM D1238,,3. PROPERTIES,MFR ASTM D1238 g/cm³ 19,,new,,medium,reader-r1-37,unit printed is g/cm³ (not a flow-rate unit); no temperature or load printed
R-EXTRUDR-durapro-abs-cf-TDS-en,1,value,HDT,G029-03,DURAPRO ABS CF,HDT/B,88 °C,88,,°C,=,,,,,ASTM D648,method=B,3. PROPERTIES,HDT/B ASTM D648 °C 88,V004214,confirms,88 °C,high,reader-r1-37,
R-EXTRUDR-durapro-abs-cf-TDS-en,1,value,Mould shrinkage,G029-03,DURAPRO ABS CF,Shrinking,"0,3 %",0.3,,%,=,,,,,ASTM D955,,3. PROPERTIES,"Shrinking ASTM D955 % 0,3",,new,,high,reader-r1-37,decimal comma
R-EXTRUDR-durapro-abs-cf-TDS-en,1,value,Density,G029-03,DURAPRO ABS CF,Density,1.04 g/cm³,1.04,,g/cm³,=,,,,,ASTM D792,,3. PROPERTIES,Density ASTM D792 g/cm³ 1.04,V004215,confirms,1.04 g/cm³,high,reader-r1-37,
R-EXTRUDR-durapro-abs-cf-TDS-en,1,value,Hardness,G029-03,DURAPRO ABS CF,Hardness Rockwell,120 R-Skala,120,,R-Skala,=,,,,,ASTM D785,,3. PROPERTIES,Hardness Rockwell ASTM D785 R-Skala 120,V004216,confirms,120,high,reader-r1-37,
R-EXTRUDR-durapro-abs-cf-TDS-en,1,setting,nozzle,G029-03,DURAPRO ABS CF,Nozzle,220-250°C,220,250,°C,,,,,,,,PRINT SETTINGS,Nozzle 220-250°C,P0383,confirms,220-250°C,high,reader-r1-37,
R-EXTRUDR-durapro-abs-cf-TDS-en,1,setting,bed,G029-03,DURAPRO ABS CF,Heatbed,100-110°C,100,110,°C,,,,,,,,PRINT SETTINGS,Heatbed 100-110°C,P0383,confirms,100-110°C,high,reader-r1-37,
R-EXTRUDR-durapro-abs-cf-TDS-en,1,setting,other,G029-03,DURAPRO ABS CF,Adhesive,recommended,,,,,,,,,,,PRINT SETTINGS,Adhesive recommended,,new,,high,reader-r1-37,
R-EXTRUDR-durapro-abs-cf-TDS-en,1,setting,print_speed,G029-03,DURAPRO ABS CF,Speed,20-200mm/s,20,200,mm/s,,,,,,,,PRINT SETTINGS,Speed 20-200mm/s,,new,,high,reader-r1-37,
R-EXTRUDR-durapro-abs-cf-TDS-en,1,setting,fan,G029-03,DURAPRO ABS CF,Cooling,0-50%,0,50,%,,,,,,,,PRINT SETTINGS,Cooling 0-50%,,new,,high,reader-r1-37,
R-EXTRUDR-durapro-abs-cf-TDS-en,1,setting,enclosure,G029-03,DURAPRO ABS CF,Enclosed Space,yes,,,,,,,,,,,PRINT SETTINGS,Enclosed Space yes,P0383,confirms,yes,high,reader-r1-37,
R-EXTRUDR-durapro-abs-cf-TDS-en,1,setting,hardened_nozzle,G029-03,DURAPRO ABS CF,Hardened Nozzle,yes,,,,,,,,,,,PRINT SETTINGS,Hardened Nozzle yes,P0383,confirms,TRUE,high,reader-r1-37,
R-EXTRUDR-durapro-abs-cf-TDS-en,1,setting,other,G029-03,DURAPRO ABS CF,Max. Volumetric Speed,16 mm³/s,16,,mm³/s,,,,,,,,PRINT SETTINGS,Max. Volumetric Speed 16 mm³/s,,new,,high,reader-r1-37,
R-EXTRUDR-durapro-abs-cf-TDS-en,1,setting,nozzle_diameter,G029-03,DURAPRO ABS CF,Note,at least 0.6 mm,0.6,,mm,,,,,,,,PRINT SETTINGS,a nozzle diameter of at least 0.6 mm should be used to prevent clogging and ensure smooth extrusion,,new,,high,reader-r1-37,minimum diameter
R-EXTRUDR-durapro-abs-cf-TDS-en,1,setting,hardened_nozzle,G029-03,DURAPRO ABS CF,Note,hardened nozzle (e.g. hardened steel or ruby nozzle) strongly recommended,,,,,,,,,,,PRINT SETTINGS,Due to the abrasive nature of the carbon fibers a hardened nozzle (e.g. hardened steel or ruby nozzle) is strongly recommended,,new,,high,reader-r1-37,
R-EXTRUDR-durapro-abs-cf-TDS-en,1,setting,other,G029-03,DURAPRO ABS CF,Storage,Store in a dry room at room temperature (18-27°C / 65-80°F).,18,27,°C,,,,,,,,5. STORAGE AND SHELF LIFE,Store in a dry room at room temperature (18-27°C / 65-80°F).,,new,,high,reader-r1-37,storage advice; shelf life 2 years
R-EXTRUDR-durapro-abs-TDS-en,1,identity,grade,G027-11,DURAPRO ABS,DURAPRO ABS,DURAPRO ABS,,,,,,,,,,,,TECHNICAL DATA SHEET DURAPRO ABS,,new,,high,reader-r1-37,
R-EXTRUDR-durapro-abs-TDS-en,1,value,Flexural modulus,G027-11,DURAPRO ABS,Flexural modulus (E-Modulus),2550 MPa,2550,,MPa,=,,,,,ASTM D790,,3. PROPERTIES,Flexural modulus (E-Modulus) ASTM D790 MPa 2550,V004264,confirms,2550 MPa,high,reader-r1-37,
R-EXTRUDR-durapro-abs-TDS-en,1,value,Flexural strength,G027-11,DURAPRO ABS,Flexural strength,78 MPa,78,,MPa,=,,,,,ASTM D790,,3. PROPERTIES,Flexural strength ASTM D790 MPa 78,V004265,confirms,78 MPa,high,reader-r1-37,
R-EXTRUDR-durapro-abs-TDS-en,1,value,Tensile modulus,G027-11,DURAPRO ABS,Tensile modulus (E-Modulus),2350 MPa,2350,,MPa,=,,,,,ASTM D638,,3. PROPERTIES,Tensile modulus (E-Modulus) ASTM D638 MPa 2350,V004266,confirms,2350 MPa,high,reader-r1-37,
R-EXTRUDR-durapro-abs-TDS-en,1,value,Tensile strength (endpoint unspecified),G027-11,DURAPRO ABS,Tensile strength,49 MPa,49,,MPa,=,,,,,ASTM D638,,3. PROPERTIES,Tensile strength ASTM D638 MPa 49,V004267,confirms,49 MPa,high,reader-r1-37,
R-EXTRUDR-durapro-abs-TDS-en,1,value,Elongation at yield,G027-11,DURAPRO ABS,Elongation at yield,5 %,5,,%,=,,,,,ASTM D638,,3. PROPERTIES,Elongation at yield ASTM D638 % 5,V004268,confirms,5 %,high,reader-r1-37,
R-EXTRUDR-durapro-abs-TDS-en,1,value,Elongation at break,G027-11,DURAPRO ABS,Nominal elongation at break,10 %,10,,%,=,,,,,ASTM D638,,3. PROPERTIES,Nominal elongation at break ASTM D638 % 10,V004269,confirms,10 %,high,reader-r1-37,
R-EXTRUDR-durapro-abs-TDS-en,1,value,Izod impact strength,G027-11,DURAPRO ABS,Notched impact strength,220 / 23°C,220,,kj/m²,=,,,,,ASTM D256,temp=23°C,3. PROPERTIES,Notched impact strength ASTM D256 kj/m² 220 / 23°C,V004270,confirms,220 kj/m²,high,reader-r1-37,notched
R-EXTRUDR-durapro-abs-TDS-en,1,value,Izod impact strength,G027-11,DURAPRO ABS,Unnotched impact strength,90 / -30°C,90,,kj/m²,=,,,,,ASTM D256,temp=-30°C,3. PROPERTIES,Unnotched impact strength ASTM D256 kj/m² 90 / -30°C,V004271,confirms,90 kj/m²,high,reader-r1-37,unnotched
R-EXTRUDR-durapro-abs-TDS-en,1,value,Vicat softening temperature,G027-11,DURAPRO ABS,VICAT A (VST),92* °C,92,,°C,=,,,,,ASTM D1525,method=A; wall thickness=min 4 mm,3. PROPERTIES,VICAT A (VST) ASTM D1525 °C 92* | *Temperature resistance tested at a minimum wall thickness of 4 mm.,V004272,confirms,92 °C,high,reader-r1-37,
R-EXTRUDR-durapro-abs-TDS-en,1,value,Melting temperature,G027-11,DURAPRO ABS,Melting temperature,180-200 °C,180,200,°C,=,,,,,ISO 3146-C,,3. PROPERTIES,Melting temperature ISO 3146-C °C 180-200,V004273,confirms,180-200 °C,high,reader-r1-37,
R-EXTRUDR-durapro-abs-TDS-en,1,value,Melt mass-flow rate,G027-11,DURAPRO ABS,MFR,21 g/cm³,21,,g/cm³,=,,,,,ASTM D1238,,3. PROPERTIES,MFR ASTM D1238 g/cm³ 21,,new,,medium,reader-r1-37,unit printed is g/cm³ (not a flow-rate unit); no temperature or load printed
R-EXTRUDR-durapro-abs-TDS-en,1,value,HDT,G027-11,DURAPRO ABS,HDT/B,85 °C,85,,°C,=,,,,,ASTM D648,method=B,3. PROPERTIES,HDT/B ASTM D648 °C 85,V004274,confirms,85 °C,high,reader-r1-37,
R-EXTRUDR-durapro-abs-TDS-en,1,value,Mould shrinkage,G027-11,DURAPRO ABS,Shrinking,"0,4 %",0.4,,%,=,,,,,ASTM D955,,3. PROPERTIES,"Shrinking ASTM D955 % 0,4",,new,,high,reader-r1-37,decimal comma
R-EXTRUDR-durapro-abs-TDS-en,1,value,Density,G027-11,DURAPRO ABS,Density,1.06 g/cm³,1.06,,g/cm³,=,,,,,ASTM D792,,3. PROPERTIES,Density ASTM D792 g/cm³ 1.06,V004275,confirms,1.06 g/cm³,high,reader-r1-37,
R-EXTRUDR-durapro-abs-TDS-en,1,value,Hardness,G027-11,DURAPRO ABS,Hardness Rockwell,110 R-Skala,110,,R-Skala,=,,,,,ASTM D785,,3. PROPERTIES,Hardness Rockwell ASTM D785 R-Skala 110,V004276,confirms,110,high,reader-r1-37,
R-EXTRUDR-durapro-abs-TDS-en,1,value,unmapped:Flammability UL94,G027-11,DURAPRO ABS,Flammability,"HB 1,5 mm",,,,,,,,,UL94,thickness=1.5 mm,3. PROPERTIES,"Flammability UL94 HB 1,5 mm",,new,,high,reader-r1-37,rating HB at 1.5 mm; decimal comma
R-EXTRUDR-durapro-abs-TDS-en,1,setting,nozzle,G027-11,DURAPRO ABS,Nozzle,220-250°C,220,250,°C,,,,,,,,PRINT SETTINGS,Nozzle 220-250°C,P0388,confirms,220-250°C,high,reader-r1-37,
R-EXTRUDR-durapro-abs-TDS-en,1,setting,bed,G027-11,DURAPRO ABS,Heatbed,100-110°C,100,110,°C,,,,,,,,PRINT SETTINGS,Heatbed 100-110°C,P0388,confirms,100-110°C,high,reader-r1-37,
R-EXTRUDR-durapro-abs-TDS-en,1,setting,other,G027-11,DURAPRO ABS,Adhesive,recommended,,,,,,,,,,,PRINT SETTINGS,Adhesive recommended,,new,,high,reader-r1-37,
R-EXTRUDR-durapro-abs-TDS-en,1,setting,print_speed,G027-11,DURAPRO ABS,Speed,20-200mm/s,20,200,mm/s,,,,,,,,PRINT SETTINGS,Speed 20-200mm/s,,new,,high,reader-r1-37,
R-EXTRUDR-durapro-abs-TDS-en,1,setting,fan,G027-11,DURAPRO ABS,Cooling,0-50%,0,50,%,,,,,,,,PRINT SETTINGS,Cooling 0-50%,,new,,high,reader-r1-37,
R-EXTRUDR-durapro-abs-TDS-en,1,setting,enclosure,G027-11,DURAPRO ABS,Enclosed Space,yes,,,,,,,,,,,PRINT SETTINGS,Enclosed Space yes,P0388,confirms,yes,high,reader-r1-37,
R-EXTRUDR-durapro-abs-TDS-en,1,setting,hardened_nozzle,G027-11,DURAPRO ABS,Hardened Nozzle,nein,,,,,,,,,,,PRINT SETTINGS,Hardened Nozzle nein,P0388,confirms,FALSE,high,reader-r1-37,German 'nein' = no
R-EXTRUDR-durapro-abs-TDS-en,1,setting,other,G027-11,DURAPRO ABS,Max. Volumetric Speed,16 mm³/s,16,,mm³/s,,,,,,,,PRINT SETTINGS,Max. Volumetric Speed 16 mm³/s,,new,,high,reader-r1-37,
R-EXTRUDR-durapro-abs-TDS-en,1,setting,nozzle_diameter,G027-11,DURAPRO ABS,Recommended settings,0.4mm Nozzle,0.4,,mm,,,,,,,,PRINT SETTINGS,Recommended settings for printers with a 0.4mm Nozzle. Max. 50% layerheight. Optimal print settings may vary between different printers and also depend on environmental factors.,,new,,high,reader-r1-37,also: Max. 50% layerheight
R-EXTRUDR-durapro-abs-TDS-en,1,setting,other,G027-11,DURAPRO ABS,Storage,Store in a dry room at room temperature (18-27°C / 65-80°F).,18,27,°C,,,,,,,,5. STORAGE AND SHELF LIFE,Store in a dry room at room temperature (18-27°C / 65-80°F).,,new,,high,reader-r1-37,storage advice; shelf life 2 years
R-EXTRUDR-durapro-abs-TDS-fr,1,identity,grade,G027-11,DURAPRO ABS,DURAPRO ABS,DURAPRO ABS,,,,,,,,,,,,FICHE DE DONNÉES TECHNIQUES DURAPRO ABS,,new,,high,reader-r1-37,French edition
R-EXTRUDR-durapro-abs-TDS-fr,1,value,Flexural modulus,G027-11,DURAPRO ABS,Module de flexion (Module d’élasticité),2550 MPa,2550,,MPa,=,,,,,ASTM D790,,3. PROPRIÉTÉS,Module de flexion (Module d’élasticité) ASTM D790 MPa 2550,,new,,high,reader-r1-37,
R-EXTRUDR-durapro-abs-TDS-fr,1,value,Flexural strength,G027-11,DURAPRO ABS,Résistance à la flexion,78 MPa,78,,MPa,=,,,,,ASTM D790,,3. PROPRIÉTÉS,Résistance à la flexion ASTM D790 MPa 78,,new,,high,reader-r1-37,
R-EXTRUDR-durapro-abs-TDS-fr,1,value,Tensile modulus,G027-11,DURAPRO ABS,Module de traction (Module d’élasticité),2350 MPa,2350,,MPa,=,,,,,ASTM D638,,3. PROPRIÉTÉS,Module de traction (Module d’élasticité) ASTM D638 MPa 2350,,new,,high,reader-r1-37,
R-EXTRUDR-durapro-abs-TDS-fr,1,value,Tensile strength (endpoint unspecified),G027-11,DURAPRO ABS,Résistance à la traction,49 MPa,49,,MPa,=,,,,,ASTM D638,,3. PROPRIÉTÉS,Résistance à la traction ASTM D638 MPa 49,,new,,high,reader-r1-37,
R-EXTRUDR-durapro-abs-TDS-fr,1,value,Elongation at yield,G027-11,DURAPRO ABS,Allongement au seuil de fluage,5 %,5,,%,=,,,,,ASTM D638,,3. PROPRIÉTÉS,Allongement au seuil de fluage ASTM D638 % 5,,new,,high,reader-r1-37,
R-EXTRUDR-durapro-abs-TDS-fr,1,value,Elongation at break,G027-11,DURAPRO ABS,Allongement nominal à la rupture,10 %,10,,%,=,,,,,ASTM D638,,3. PROPRIÉTÉS,Allongement nominal à la rupture ASTM D638 % 10,,new,,high,reader-r1-37,
R-EXTRUDR-durapro-abs-TDS-fr,1,value,Izod impact strength,G027-11,DURAPRO ABS,Résistance au choc entaillé,220 / 23°C,220,,kj/m²,=,,,,,ASTM D256,temp=23°C,3. PROPRIÉTÉS,Résistance au choc entaillé ASTM D256 kj/m² 220 / 23°C,,new,,high,reader-r1-37,notched
R-EXTRUDR-durapro-abs-TDS-fr,1,value,Izod impact strength,G027-11,DURAPRO ABS,Résistance au choc non entaillé,90 / -30°C,90,,kj/m²,=,,,,,ASTM D256,temp=-30°C,3. PROPRIÉTÉS,Résistance au choc non entaillé ASTM D256 kj/m² 90 / -30°C,,new,,high,reader-r1-37,unnotched
R-EXTRUDR-durapro-abs-TDS-fr,1,value,Vicat softening temperature,G027-11,DURAPRO ABS,VICAT A (VST),92* °C,92,,°C,=,,,,,ASTM D1525,method=A; wall thickness=min 4 mm,3. PROPRIÉTÉS,VICAT A (VST) ASTM D1525 °C 92* | * Résistance à la température testée à une épaisseur de paroi minimale de 4 mm.,V006258,confirms,92 °C,high,reader-r1-37,
R-EXTRUDR-durapro-abs-TDS-fr,1,value,Melting temperature,G027-11,DURAPRO ABS,Température de fusion,180-200 °C,180,200,°C,=,,,,,ISO 3146-C,,3. PROPRIÉTÉS,Température de fusion ISO 3146-C °C 180-200,,new,,high,reader-r1-37,
R-EXTRUDR-durapro-abs-TDS-fr,1,value,Melt mass-flow rate,G027-11,DURAPRO ABS,MFR,21 g/cm³,21,,g/cm³,=,,,,,ASTM D1238,,3. PROPRIÉTÉS,MFR ASTM D1238 g/cm³ 21,,new,,medium,reader-r1-37,unit printed is g/cm³ (not a flow-rate unit); no temperature or load printed
R-EXTRUDR-durapro-abs-TDS-fr,1,value,HDT,G027-11,DURAPRO ABS,HDT / B,85 °C,85,,°C,=,,,,,ASTM D648,method=B,3. PROPRIÉTÉS,HDT / B ASTM D648 °C 85,V006259,confirms,85 °C,high,reader-r1-37,
R-EXTRUDR-durapro-abs-TDS-fr,1,value,Mould shrinkage,G027-11,DURAPRO ABS,Rétrécissement,"0,4 %",0.4,,%,=,,,,,ASTM D955,,3. PROPRIÉTÉS,"Rétrécissement ASTM D955 % 0,4",,new,,high,reader-r1-37,decimal comma
R-EXTRUDR-durapro-abs-TDS-fr,1,value,Density,G027-11,DURAPRO ABS,Densité,1.06 g/cm³,1.06,,g/cm³,=,,,,,ASTM D792,,3. PROPRIÉTÉS,Densité ASTM D792 g/cm³ 1.06,,new,,high,reader-r1-37,
R-EXTRUDR-durapro-abs-TDS-fr,1,value,Hardness,G027-11,DURAPRO ABS,Dureté Rockwell,110 Échelle R,110,,Échelle R,=,,,,,ASTM D785,,3. PROPRIÉTÉS,Dureté Rockwell ASTM D785 Échelle R 110,,new,,high,reader-r1-37,
R-EXTRUDR-durapro-abs-TDS-fr,1,value,unmapped:Inflammabilité UL94,G027-11,DURAPRO ABS,Inflammabilité,"HB 1,5 mm",,,,,,,,,UL94,thickness=1.5 mm,3. PROPRIÉTÉS,"Inflammabilité UL94 HB 1,5 mm",,new,,high,reader-r1-37,rating HB at 1.5 mm; decimal comma
R-EXTRUDR-durapro-abs-TDS-fr,1,setting,nozzle,G027-11,DURAPRO ABS,Buse,220-250°C,220,250,°C,,,,,,,,PARAMÈTRES D’IMPRESSION,Buse 220-250°C,,new,,high,reader-r1-37,
R-EXTRUDR-durapro-abs-TDS-fr,1,setting,bed,G027-11,DURAPRO ABS,Plateau chauffant,100-110°C,100,110,°C,,,,,,,,PARAMÈTRES D’IMPRESSION,Plateau chauffant 100-110°C,,new,,high,reader-r1-37,
R-EXTRUDR-durapro-abs-TDS-fr,1,setting,other,G027-11,DURAPRO ABS,Adhésif,recommended,,,,,,,,,,,PARAMÈTRES D’IMPRESSION,Adhésif recommended,,new,,high,reader-r1-37,
R-EXTRUDR-durapro-abs-TDS-fr,1,setting,print_speed,G027-11,DURAPRO ABS,Vitesse,20-200mm/s,20,200,mm/s,,,,,,,,PARAMÈTRES D’IMPRESSION,Vitesse 20-200mm/s,,new,,high,reader-r1-37,
R-EXTRUDR-durapro-abs-TDS-fr,1,setting,fan,G027-11,DURAPRO ABS,Refroidissement,0-50%,0,50,%,,,,,,,,PARAMÈTRES D’IMPRESSION,Refroidissement 0-50%,,new,,high,reader-r1-37,
R-EXTRUDR-durapro-abs-TDS-fr,1,setting,enclosure,G027-11,DURAPRO ABS,Espace fermé,oui,,,,,,,,,,,PARAMÈTRES D’IMPRESSION,Espace fermé oui,,new,,high,reader-r1-37,
R-EXTRUDR-durapro-abs-TDS-fr,1,setting,hardened_nozzle,G027-11,DURAPRO ABS,Buse en acier trempé,non,,,,,,,,,,,PARAMÈTRES D’IMPRESSION,Buse en acier trempé non,,new,,high,reader-r1-37,
R-EXTRUDR-durapro-abs-TDS-fr,1,setting,other,G027-11,DURAPRO ABS,Vitesse volumétrique maximale,16 mm³/s,16,,mm³/s,,,,,,,,PARAMÈTRES D’IMPRESSION,Vitesse volumétrique 16 mm³/s maximale,,new,,high,reader-r1-37,
R-EXTRUDR-durapro-abs-TDS-fr,1,setting,nozzle_diameter,G027-11,DURAPRO ABS,Paramètres recommandés,"buse de 0,4 mm",0.4,,mm,,,,,,,,PARAMÈTRES D’IMPRESSION,"Paramètres recommandés pour les imprimantes avec une buse de 0,4 mm. Max. 50 % de hauteur de couche.",,new,,high,reader-r1-37,decimal comma; also max 50 % layer height
R-EXTRUDR-durapro-abs-TDS-fr,1,setting,other,G027-11,DURAPRO ABS,Stockage,Conservez dans une pièce sèche à température ambiante (18 à 27 °C / 65 à 80 °F).,18,27,°C,,,,,,,,5. STOCKAGE ET DURÉE DE CONSERVATION,Conservez dans une pièce sèche à température ambiante (18 à 27 °C / 65 à 80 °F).,,new,,high,reader-r1-37,storage advice; shelf life 2 years
R-EXTRUDR-durapro-asa-cf-TDS-en,1,identity,grade,G033-05,DURAPRO ASA CF,DURAPRO ASA CF,DURAPRO ASA CF,,,,,,,,,,,,TECHNICAL DATA SHEET DURAPRO ASA CF,,new,,high,reader-r1-37,
R-EXTRUDR-durapro-asa-cf-TDS-en,1,identity,filler,G033-05,DURAPRO ASA CF,Description,reinforced with carbon fibres,,,,,,,,,,,1. DESCRIPTION,The material is reinforced with carbon fibres,,new,,high,reader-r1-37,
R-EXTRUDR-durapro-asa-cf-TDS-en,1,value,Flexural modulus,G033-05,DURAPRO ASA CF,Flexural modulus (E-Modulus),4500 MPa,4500,,MPa,=,,,,,ASTM D790,,3. PROPERTIES,Flexural modulus (E-Modulus) ASTM D790 MPa 4500,V004090,confirms,4500 MPa,high,reader-r1-37,
R-EXTRUDR-durapro-asa-cf-TDS-en,1,value,Flexural strength,G033-05,DURAPRO ASA CF,Flexural strength,78 MPa,78,,MPa,=,,,,,ASTM D790,,3. PROPERTIES,Flexural strength ASTM D790 MPa 78,V004091,confirms,78 MPa,high,reader-r1-37,
R-EXTRUDR-durapro-asa-cf-TDS-en,1,value,Tensile modulus,G033-05,DURAPRO ASA CF,Tensile modulus (E-Modulus),2500 MPa,2500,,MPa,=,,,,,ASTM D638,,3. PROPERTIES,Tensile modulus (E-Modulus) ASTM D638 MPa 2500,V004092,confirms,2500 MPa,high,reader-r1-37,
R-EXTRUDR-durapro-asa-cf-TDS-en,1,value,Tensile strength (endpoint unspecified),G033-05,DURAPRO ASA CF,Tensile strength,49 MPa,49,,MPa,=,,,,,ASTM D638,,3. PROPERTIES,Tensile strength ASTM D638 MPa 49,V004093,confirms,49 MPa,high,reader-r1-37,
R-EXTRUDR-durapro-asa-cf-TDS-en,1,value,Izod impact strength,G033-05,DURAPRO ASA CF,Notched impact strength,100 @ 23°C,100,,kj/m²,=,,,,,ASTM D256,temp=23°C,3. PROPERTIES,Notched impact strength ASTM D256 kj/m² 100 @ 23°C,V004094,confirms,100 kj/m²,high,reader-r1-37,notched
R-EXTRUDR-durapro-asa-cf-TDS-en,1,value,Izod impact strength,G033-05,DURAPRO ASA CF,Unnotched impact strength,20 @ -30°C,20,,kj/m²,=,,,,,ASTM D256,temp=-30°C,3. PROPERTIES,Unnotched impact strength ASTM D256 kj/m² 20 @ -30°C,V004095,confirms,20 kj/m²,high,reader-r1-37,unnotched
R-EXTRUDR-durapro-asa-cf-TDS-en,1,value,Vicat softening temperature,G033-05,DURAPRO ASA CF,VICAT A (VST),101* °C,101,,°C,=,,,,,ASTM D1525,method=A; wall thickness=min 4 mm,3. PROPERTIES,VICAT A (VST) ASTM D1525 °C 101* | *Temperature resistance tested at a minimum wall thickness of 4 mm.,V004096,confirms,101 °C,high,reader-r1-37,
R-EXTRUDR-durapro-asa-cf-TDS-en,1,value,Melting temperature,G033-05,DURAPRO ASA CF,Melting temperature,210-250 °C,210,250,°C,=,,,,,ISO 3146-C,,3. PROPERTIES,Melting temperature ISO 3146-C °C 210-250,V004097,confirms,210-250 °C,high,reader-r1-37,
R-EXTRUDR-durapro-asa-cf-TDS-en,1,value,Melt mass-flow rate,G033-05,DURAPRO ASA CF,MFR,9 g/cm³,9,,g/cm³,=,,,,,ASTM D1238,,3. PROPERTIES,MFR ASTM D1238 g/cm³ 9,,new,,medium,reader-r1-37,unit printed is g/cm³ (not a flow-rate unit); no temperature or load printed
R-EXTRUDR-durapro-asa-cf-TDS-en,1,value,HDT,G033-05,DURAPRO ASA CF,HDT/B,96 °C,96,,°C,=,,,,,ASTM D648,method=B,3. PROPERTIES,HDT/B ASTM D648 °C 96,V004098,confirms,96 °C,high,reader-r1-37,
R-EXTRUDR-durapro-asa-cf-TDS-en,1,value,Mould shrinkage,G033-05,DURAPRO ASA CF,Shrinking,0.3 %,0.3,,%,=,,,,,ASTM D955,,3. PROPERTIES,Shrinking ASTM D955 % 0.3,,new,,high,reader-r1-37,
R-EXTRUDR-durapro-asa-cf-TDS-en,1,value,Density,G033-05,DURAPRO ASA CF,Density,1.14 g/cm³,1.14,,g/cm³,=,,,,,ASTM D792,,3. PROPERTIES,Density ASTM D792 g/cm³ 1.14,V004099,confirms,1.14 g/cm³,high,reader-r1-37,
R-EXTRUDR-durapro-asa-cf-TDS-en,1,value,Hardness,G033-05,DURAPRO ASA CF,Hardness Rockwell,105 R-Skala,105,,R-Skala,=,,,,,ASTM D785,,3. PROPERTIES,Hardness Rockwell ASTM D785 R-Skala 105,V004100,confirms,105,high,reader-r1-37,
R-EXTRUDR-durapro-asa-cf-TDS-en,1,value,unmapped:Flammability UL94,G033-05,DURAPRO ASA CF,Flammability,"HB 1,5 mm",,,,,,,,,UL94,thickness=1.5 mm,3. PROPERTIES,"Flammability UL94 HB 1,5 mm",,new,,high,reader-r1-37,rating HB at 1.5 mm; decimal comma
R-EXTRUDR-durapro-asa-cf-TDS-en,1,value,unmapped:Carbon fiber content,G033-05,DURAPRO ASA CF,Carbon fiber content,12 %vol,12,,%vol,=,,,,,ASTM D785,,3. PROPERTIES,Carbon fiber content ASTM D785 %vol 12,,new,,high,reader-r1-37,method printed ASTM D785 (a hardness method)
R-EXTRUDR-durapro-asa-cf-TDS-en,1,setting,nozzle,G033-05,DURAPRO ASA CF,Nozzle,240-260°C,240,260,°C,,,,,,,,PRINT SETTINGS,Nozzle 240-260°C,P0371,confirms,240-260°C,high,reader-r1-37,
R-EXTRUDR-durapro-asa-cf-TDS-en,1,setting,bed,G033-05,DURAPRO ASA CF,Heatbed,110°C,110,,°C,,,,,,,,PRINT SETTINGS,Heatbed 110°C,P0371,confirms,110°C,high,reader-r1-37,
R-EXTRUDR-durapro-asa-cf-TDS-en,1,setting,other,G033-05,DURAPRO ASA CF,Adhesive,recommended,,,,,,,,,,,PRINT SETTINGS,Adhesive recommended,,new,,high,reader-r1-37,
R-EXTRUDR-durapro-asa-cf-TDS-en,1,setting,print_speed,G033-05,DURAPRO ASA CF,Speed,20-200mm/s,20,200,mm/s,,,,,,,,PRINT SETTINGS,Speed 20-200mm/s,,new,,high,reader-r1-37,
R-EXTRUDR-durapro-asa-cf-TDS-en,1,setting,fan,G033-05,DURAPRO ASA CF,Cooling,0-30%,0,30,%,,,,,,,,PRINT SETTINGS,Cooling 0-30%,,new,,high,reader-r1-37,
R-EXTRUDR-durapro-asa-cf-TDS-en,1,setting,enclosure,G033-05,DURAPRO ASA CF,Enclosed Space,yes,,,,,,,,,,,PRINT SETTINGS,Enclosed Space yes,P0371,confirms,yes,high,reader-r1-37,
R-EXTRUDR-durapro-asa-cf-TDS-en,1,setting,hardened_nozzle,G033-05,DURAPRO ASA CF,Hardened Nozzle,yes,,,,,,,,,,,PRINT SETTINGS,Hardened Nozzle yes,P0371,confirms,TRUE,high,reader-r1-37,
R-EXTRUDR-durapro-asa-cf-TDS-en,1,setting,other,G033-05,DURAPRO ASA CF,Max. Volumetric Speed,12 mm³/s,12,,mm³/s,,,,,,,,PRINT SETTINGS,Max. Volumetric Speed 12 mm³/s,,new,,high,reader-r1-37,
R-EXTRUDR-durapro-asa-cf-TDS-en,1,setting,nozzle_diameter,G033-05,DURAPRO ASA CF,Note,at least 0.6 mm,0.6,,mm,,,,,,,,PRINT SETTINGS,a nozzle diameter of at least 0.6 mm should be used to prevent clogging and ensure smooth extrusion,,new,,high,reader-r1-37,minimum diameter
R-EXTRUDR-durapro-asa-cf-TDS-en,1,setting,hardened_nozzle,G033-05,DURAPRO ASA CF,Note,hardened nozzle (e.g. hardened steel or ruby nozzle) strongly recommended,,,,,,,,,,,PRINT SETTINGS,Due to the abrasive nature of the carbon fibers a hardened nozzle (e.g. hardened steel or ruby nozzle) is strongly recommended,,new,,high,reader-r1-37,
R-EXTRUDR-durapro-asa-cf-TDS-en,1,setting,other,G033-05,DURAPRO ASA CF,Storage,Store in a dry room at room temperature (18-27°C / 65-80°F).,18,27,°C,,,,,,,,5. STORAGE AND SHELF LIFE,Store in a dry room at room temperature (18-27°C / 65-80°F).,,new,,high,reader-r1-37,storage advice; shelf life 2 years
R-EXTRUDR-durapro-asa-cf-TDS-en-533984,1,identity,grade,G033-05,DURAPRO ASA CF,DURAPRO ASA CF,DURAPRO ASA CF,,,,,,,,,,,,TECHNICAL DATA SHEET DURAPRO ASA CF,,new,,high,reader-r1-37,
R-EXTRUDR-durapro-asa-cf-TDS-en-533984,1,identity,filler,G033-05,DURAPRO ASA CF,Description,reinforced with carbon fibres,,,,,,,,,,,1. DESCRIPTION,The material is reinforced with carbon fibres,,new,,high,reader-r1-37,
R-EXTRUDR-durapro-asa-cf-TDS-en-533984,1,value,Flexural modulus,G033-05,DURAPRO ASA CF,Flexural modulus (E-Modulus),4500 MPa,4500,,MPa,=,,,,,ASTM D790,,3. PROPERTIES,Flexural modulus (E-Modulus) ASTM D790 MPa 4500,V008326,confirms,4500 MPa,high,reader-r1-37,
R-EXTRUDR-durapro-asa-cf-TDS-en-533984,1,value,Flexural strength,G033-05,DURAPRO ASA CF,Flexural strength,78 MPa,78,,MPa,=,,,,,ASTM D790,,3. PROPERTIES,Flexural strength ASTM D790 MPa 78,V008327,confirms,78 MPa,high,reader-r1-37,
R-EXTRUDR-durapro-asa-cf-TDS-en-533984,1,value,Tensile modulus,G033-05,DURAPRO ASA CF,Tensile modulus (E-Modulus),2500 MPa,2500,,MPa,=,,,,,ASTM D638,,3. PROPERTIES,Tensile modulus (E-Modulus) ASTM D638 MPa 2500,V008328,confirms,2500 MPa,high,reader-r1-37,
R-EXTRUDR-durapro-asa-cf-TDS-en-533984,1,value,Tensile strength (endpoint unspecified),G033-05,DURAPRO ASA CF,Tensile strength,49 MPa,49,,MPa,=,,,,,ASTM D638,,3. PROPERTIES,Tensile strength ASTM D638 MPa 49,V008329,confirms,49 MPa,high,reader-r1-37,
R-EXTRUDR-durapro-asa-cf-TDS-en-533984,1,value,Izod impact strength,G033-05,DURAPRO ASA CF,Notched impact strength,100 @ 23°C,100,,kj/m²,=,,,,,ASTM D256,temp=23°C,3. PROPERTIES,Notched impact strength ASTM D256 kj/m² 100 @ 23°C,V008330,confirms,100 kj/m²,high,reader-r1-37,notched; held row lacks the 23°C test temperature
R-EXTRUDR-durapro-asa-cf-TDS-en-533984,1,value,Izod impact strength,G033-05,DURAPRO ASA CF,Unnotched impact strength,20 @ -30°C,20,,kj/m²,=,,,,,ASTM D256,temp=-30°C,3. PROPERTIES,Unnotched impact strength ASTM D256 kj/m² 20 @ -30°C,V008331,confirms,20 kj/m²,high,reader-r1-37,unnotched; held row lacks the -30°C test temperature
R-EXTRUDR-durapro-asa-cf-TDS-en-533984,1,value,Vicat softening temperature,G033-05,DURAPRO ASA CF,VICAT A (VST),101* °C,101,,°C,=,,,,,ASTM D1525,method=A; wall thickness=min 4 mm,3. PROPERTIES,VICAT A (VST) ASTM D1525 °C 101* | *Temperature resistance tested at a minimum wall thickness of 4 mm.,V008332,confirms,101 °C,high,reader-r1-37,
R-EXTRUDR-durapro-asa-cf-TDS-en-533984,1,value,Melting temperature,G033-05,DURAPRO ASA CF,Melting temperature,210-250 °C,210,250,°C,=,,,,,ISO 3146-C,,3. PROPERTIES,Melting temperature ISO 3146-C °C 210-250,V008333,confirms,210-250 °C,high,reader-r1-37,
R-EXTRUDR-durapro-asa-cf-TDS-en-533984,1,value,Melt mass-flow rate,G033-05,DURAPRO ASA CF,MFR,9 g/cm³,9,,g/cm³,=,,,,,ASTM D1238,,3. PROPERTIES,MFR ASTM D1238 g/cm³ 9,,new,,medium,reader-r1-37,unit printed is g/cm³ (not a flow-rate unit); no temperature or load printed
R-EXTRUDR-durapro-asa-cf-TDS-en-533984,1,value,HDT,G033-05,DURAPRO ASA CF,HDT/B,96 °C,96,,°C,=,,,,,ASTM D648,method=B,3. PROPERTIES,HDT/B ASTM D648 °C 96,V008334,confirms,96 °C,high,reader-r1-37,
R-EXTRUDR-durapro-asa-cf-TDS-en-533984,1,value,Mould shrinkage,G033-05,DURAPRO ASA CF,Shrinking,0.3 %,0.3,,%,=,,,,,ASTM D955,,3. PROPERTIES,Shrinking ASTM D955 % 0.3,,new,,high,reader-r1-37,
R-EXTRUDR-durapro-asa-cf-TDS-en-533984,1,value,Density,G033-05,DURAPRO ASA CF,Density,1.14 g/cm³,1.14,,g/cm³,=,,,,,ASTM D792,,3. PROPERTIES,Density ASTM D792 g/cm³ 1.14,V008335,confirms,1.14 g/cm³,high,reader-r1-37,
R-EXTRUDR-durapro-asa-cf-TDS-en-533984,1,value,Hardness,G033-05,DURAPRO ASA CF,Hardness Rockwell,105 R-Skala,105,,R-Skala,=,,,,,ASTM D785,,3. PROPERTIES,Hardness Rockwell ASTM D785 R-Skala 105,V008336,confirms,105,high,reader-r1-37,
R-EXTRUDR-durapro-asa-cf-TDS-en-533984,1,value,unmapped:Flammability UL94,G033-05,DURAPRO ASA CF,Flammability,"HB 1,5 mm",,,,,,,,,UL94,thickness=1.5 mm,3. PROPERTIES,"Flammability UL94 HB 1,5 mm",,new,,high,reader-r1-37,rating HB at 1.5 mm; decimal comma
R-EXTRUDR-durapro-asa-cf-TDS-en-533984,1,value,unmapped:Carbon fiber content,G033-05,DURAPRO ASA CF,Carbon fiber content,12 %vol,12,,%vol,=,,,,,ASTM D785,,3. PROPERTIES,Carbon fiber content ASTM D785 %vol 12,,new,,high,reader-r1-37,method printed ASTM D785 (a hardness method)
R-EXTRUDR-durapro-asa-cf-TDS-en-533984,1,setting,nozzle,G033-05,DURAPRO ASA CF,Nozzle,240-260°C,240,260,°C,,,,,,,,PRINT SETTINGS,Nozzle 240-260°C,P0775,confirms,240-260°C,high,reader-r1-37,
R-EXTRUDR-durapro-asa-cf-TDS-en-533984,1,setting,bed,G033-05,DURAPRO ASA CF,Heatbed,110°C,110,,°C,,,,,,,,PRINT SETTINGS,Heatbed 110°C,P0775,confirms,110°C,high,reader-r1-37,
R-EXTRUDR-durapro-asa-cf-TDS-en-533984,1,setting,other,G033-05,DURAPRO ASA CF,Adhesive,recommended,,,,,,,,,,,PRINT SETTINGS,Adhesive recommended,,new,,high,reader-r1-37,
R-EXTRUDR-durapro-asa-cf-TDS-en-533984,1,setting,print_speed,G033-05,DURAPRO ASA CF,Speed,20-200mm/s,20,200,mm/s,,,,,,,,PRINT SETTINGS,Speed 20-200mm/s,,new,,high,reader-r1-37,
R-EXTRUDR-durapro-asa-cf-TDS-en-533984,1,setting,fan,G033-05,DURAPRO ASA CF,Cooling,0-30%,0,30,%,,,,,,,,PRINT SETTINGS,Cooling 0-30%,,new,,high,reader-r1-37,
R-EXTRUDR-durapro-asa-cf-TDS-en-533984,1,setting,enclosure,G033-05,DURAPRO ASA CF,Enclosed Space,yes,,,,,,,,,,,PRINT SETTINGS,Enclosed Space yes,P0775,confirms,yes,high,reader-r1-37,
R-EXTRUDR-durapro-asa-cf-TDS-en-533984,1,setting,hardened_nozzle,G033-05,DURAPRO ASA CF,Hardened Nozzle,yes,,,,,,,,,,,PRINT SETTINGS,Hardened Nozzle yes,P0775,confirms,TRUE,high,reader-r1-37,
R-EXTRUDR-durapro-asa-cf-TDS-en-533984,1,setting,other,G033-05,DURAPRO ASA CF,Max. Volumetric Speed,12 mm³/s,12,,mm³/s,,,,,,,,PRINT SETTINGS,Max. Volumetric Speed 12 mm³/s,,new,,high,reader-r1-37,
R-EXTRUDR-durapro-asa-cf-TDS-en-533984,1,setting,nozzle_diameter,G033-05,DURAPRO ASA CF,Recommended settings,0.5mm Nozzle,0.5,,mm,,,,,,,,PRINT SETTINGS,Recommended settings for printers with a 0.5mm Nozzle. Max. 50% layerheight. Optimal print settings may vary between different printers and also depend on environmental factors.,,new,,high,reader-r1-37,also: Max. 50% layerheight
R-EXTRUDR-durapro-asa-cf-TDS-en-533984,1,setting,other,G033-05,DURAPRO ASA CF,Storage,Store in a dry room at room temperature (18-27°C / 65-80°F).,18,27,°C,,,,,,,,5. STORAGE AND SHELF LIFE,Store in a dry room at room temperature (18-27°C / 65-80°F).,,new,,high,reader-r1-37,storage advice; shelf life 2 years
R-EXTRUDR-durapro-asa-gf-TDS-en,1,identity,grade,G034-05,DURAPRO ASA GF,DURAPRO ASA GF,DURAPRO ASA GF,,,,,,,,,,,,TECHNICAL DATA SHEET DURAPRO ASA GF,,new,,high,reader-r1-37,
R-EXTRUDR-durapro-asa-gf-TDS-en,1,identity,filler,G034-05,DURAPRO ASA GF,Description,reinforced with glass fibers,,,,,,,,,,,1. DESCRIPTION,The material is reinforced with glass fibers,,new,,high,reader-r1-37,
R-EXTRUDR-durapro-asa-gf-TDS-en,1,value,Density,G034-05,DURAPRO ASA GF,Density,"1,18 g/cm³",1.18,,g/cm³,=,,,,,ISO 1183,,3. PROPERTIES,"Density ISO 1183 g/cm³ 1,18",V004112,confirms,"1,18 g/cm³",high,reader-r1-37,decimal comma
R-EXTRUDR-durapro-asa-gf-TDS-en,1,value,Mould shrinkage,G034-05,DURAPRO ASA GF,Mold Shrinkage (3.2 mm),"0,25–0,4 %",0.25,0.4,%,=,,,,,ISO 294-4,thickness=3.2 mm,3. PROPERTIES,"Mold Shrinkage (3.2 mm) ISO 294-4 % 0,25–0,4",,new,,high,reader-r1-37,decimal comma
R-EXTRUDR-durapro-asa-gf-TDS-en,1,value,Melt mass-flow rate,G034-05,DURAPRO ASA GF,Melt Flow Rate (220 °C/10 kg),13–16 g/10min,13,16,g/10min,=,,,,,ISO 1133,temp=220 °C; load=10 kg,3. PROPERTIES,Melt Flow Rate (220 °C/10 kg) ISO 1133 g/10min 13–16,V004113,confirms,13-16 g/10min,high,reader-r1-37,
R-EXTRUDR-durapro-asa-gf-TDS-en,1,value,Tensile yield strength,G034-05,DURAPRO ASA GF,Tensile Strength at Yield,60–66 MPa,60,66,MPa,=,,,,,ISO 527,,3. PROPERTIES,Tensile Strength at Yield ISO 527 MPa 60–66,V004114,confirms,60-66 MPa,high,reader-r1-37,
R-EXTRUDR-durapro-asa-gf-TDS-en,1,value,Elongation at break,G034-05,DURAPRO ASA GF,Tensile Elongation at Break,"5–8 %, (Min)",5,8,"%, (Min)",=,,,,,ISO 527,,3. PROPERTIES,"Tensile Elongation at Break ISO 527 %, (Min) 5–8",,new,,medium,reader-r1-37,"unit cell prints '%, (Min)'; a range with a (Min) marker; copied as printed"
R-EXTRUDR-durapro-asa-gf-TDS-en,1,value,Flexural strength,G034-05,DURAPRO ASA GF,Flexural Strength,95–105 MPa,95,105,MPa,=,,,,,ISO 178,,3. PROPERTIES,Flexural Strength ISO 178 MPa 95–105,V004115,confirms,95-105 MPa,high,reader-r1-37,
R-EXTRUDR-durapro-asa-gf-TDS-en,1,value,Flexural modulus,G034-05,DURAPRO ASA GF,Flexural Modulus,2900–3300 MPa,2900,3300,MPa,=,,,,,ISO 178,,3. PROPERTIES,Flexural Modulus ISO 178 MPa 2900–3300,V004116,confirms,2900-3300 MPa,high,reader-r1-37,
R-EXTRUDR-durapro-asa-gf-TDS-en,1,value,Izod impact strength,G034-05,DURAPRO ASA GF,Izod Impact Strength (23 °C),9–11 kJ/m²,9,11,kJ/m²,=,,,,,ISO 180/1A,temp=23 °C,3. PROPERTIES,Izod Impact Strength (23 °C) ISO 180/1A kJ/m² 9–11,V004117,confirms,9-11 kJ/m2,high,reader-r1-37,
R-EXTRUDR-durapro-asa-gf-TDS-en,1,value,Charpy strength,G034-05,DURAPRO ASA GF,Charpy Impact Strength (23 °C),8–10 kJ/m²,8,10,kJ/m²,=,,,,,ISO 179/1eA,temp=23 °C,3. PROPERTIES,Charpy Impact Strength (23 °C) ISO 179/1eA kJ/m² 8–10,V004118,confirms,8-10 kJ/m2,high,reader-r1-37,
R-EXTRUDR-durapro-asa-gf-TDS-en,1,value,HDT,G034-05,DURAPRO ASA GF,"HDT (4mm, Unannealed)",92–100 °C,92,100,°C,=,,,,Unannealed,ISO 75,thickness=4 mm,3. PROPERTIES,"HDT (4mm, Unannealed) ISO 75 °C 92–100",V004119,confirms,92-100 °C,high,reader-r1-37,load not printed
R-EXTRUDR-durapro-asa-gf-TDS-en,1,value,Vicat softening temperature,G034-05,DURAPRO ASA GF,Vicat (50 N),100–104 °C,100,104,°C,=,,,,,ISO 306,load=50 N,3. PROPERTIES,Vicat (50 N) ISO 306 °C 100–104,V004120,confirms,100-104 °C,high,reader-r1-37,
R-EXTRUDR-durapro-asa-gf-TDS-en,1,value,unmapped:Flammability UL 94,G034-05,DURAPRO ASA GF,Flammability,"HB 1,5mm",,,,,,,,,UL 94,thickness=1.5 mm,3. PROPERTIES,"Flammability UL 94 HB 1,5mm",,new,,high,reader-r1-37,rating HB at 1.5 mm; decimal comma
R-EXTRUDR-durapro-asa-gf-TDS-en,1,context,thermal,,,Footnote,,,,,,,,,,,thickness=min 4 mm,3. PROPERTIES,Temperature resistance tested at a minimum wall thickness of 4 mm.,,new,,high,reader-r1-37,footnote has no asterisk on this sheet
R-EXTRUDR-durapro-asa-gf-TDS-en,1,setting,nozzle,G034-05,DURAPRO ASA GF,Nozzle,230-270°C,230,270,°C,,,,,,,,PRINT SETTINGS,Nozzle 230-270°C,P0373,confirms,230-270°C,high,reader-r1-37,
R-EXTRUDR-durapro-asa-gf-TDS-en,1,setting,bed,G034-05,DURAPRO ASA GF,Heatbed,110°C,110,,°C,,,,,,,,PRINT SETTINGS,Heatbed 110°C,P0373,confirms,110°C,high,reader-r1-37,
R-EXTRUDR-durapro-asa-gf-TDS-en,1,setting,other,G034-05,DURAPRO ASA GF,Adhesive,recommended,,,,,,,,,,,PRINT SETTINGS,Adhesive recommended,,new,,high,reader-r1-37,
R-EXTRUDR-durapro-asa-gf-TDS-en,1,setting,print_speed,G034-05,DURAPRO ASA GF,Speed,<180mm/s,180,,mm/s,<,,,,,,,PRINT SETTINGS,Speed <180mm/s,,new,,high,reader-r1-37,
R-EXTRUDR-durapro-asa-gf-TDS-en,1,setting,fan,G034-05,DURAPRO ASA GF,Cooling,0-30%,0,30,%,,,,,,,,PRINT SETTINGS,Cooling 0-30%,,new,,high,reader-r1-37,
R-EXTRUDR-durapro-asa-gf-TDS-en,1,setting,enclosure,G034-05,DURAPRO ASA GF,Enclosed space,yes,,,,,,,,,,,PRINT SETTINGS,Enclosed space yes,P0373,confirms,yes,high,reader-r1-37,
R-EXTRUDR-durapro-asa-gf-TDS-en,1,setting,hardened_nozzle,G034-05,DURAPRO ASA GF,Hardened nozzle,yes,,,,,,,,,,,PRINT SETTINGS,Hardened nozzle yes,P0373,confirms,TRUE,high,reader-r1-37,
R-EXTRUDR-durapro-asa-gf-TDS-en,1,setting,other,G034-05,DURAPRO ASA GF,Max. Volumetric Speed,12 mm³/s,12,,mm³/s,,,,,,,,PRINT SETTINGS,Max. Volumetric Speed 12 mm³/s,,new,,high,reader-r1-37,
R-EXTRUDR-durapro-asa-gf-TDS-en,1,setting,nozzle_diameter,G034-05,DURAPRO ASA GF,Recommended settings,0.5 mm nozzle,0.5,,mm,,,,,,,,PRINT SETTINGS,Recommended settings for printers with a 0.5 mm nozzle. Max. 50% layerheight. Optimal print settings may vary between different printers and also depend on environmental factors.,,new,,high,reader-r1-37,also: Max. 50% layerheight
R-EXTRUDR-durapro-asa-gf-TDS-en,1,setting,other,G034-05,DURAPRO ASA GF,Storage,Store in a dry room at room temperature (18-27°C / 65-80°F).,18,27,°C,,,,,,,,5. STORAGE AND SHELF LIFE,Store in a dry room at room temperature (18-27°C / 65-80°F).,,new,,high,reader-r1-37,storage advice; shelf life 2 years
R-EXTRUDR-durapro-asa-gf-TDS-en-458d69,1,identity,grade,G034-05,DURAPRO ASA GF,DURAPRO ASA GF,DURAPRO ASA GF,,,,,,,,,,,,TECHNICAL DATA SHEET DURAPRO ASA GF,,new,,high,reader-r1-37,page text English; property labels in Italian
R-EXTRUDR-durapro-asa-gf-TDS-en-458d69,1,identity,filler,G034-05,DURAPRO ASA GF,Description,reinforced with glass fibers,,,,,,,,,,,1. DESCRIPTION,The material is reinforced with glass fibers,,new,,high,reader-r1-37,
R-EXTRUDR-durapro-asa-gf-TDS-en-458d69,1,value,Flexural modulus,G034-05,DURAPRO ASA GF,Modulo di flessione,3500 ±200 MPa,3500,,MPa,=,,,,,ASTM D790,,3. PROPERTIES,Modulo di flessione ASTM D790 MPa 3500 ±200,,new,,high,reader-r1-37,± tolerance kept in raw only
R-EXTRUDR-durapro-asa-gf-TDS-en-458d69,1,value,Tensile modulus,G034-05,DURAPRO ASA GF,Modulo di trazione,3520 ±200 MPa,3520,,MPa,=,,,,,ASTM D790,,3. PROPERTIES,Modulo di trazione ASTM D790 MPa 3520 ±200,,new,,low,reader-r1-37,label says tensile modulus but method printed is ASTM D790 (a flexural method); labels of the first four rows look crossed; copied as printed
R-EXTRUDR-durapro-asa-gf-TDS-en-458d69,1,value,Tensile strength (endpoint unspecified),G034-05,DURAPRO ASA GF,Resistenza alla trazione,"59,8 ±3 MPa",59.8,,MPa,=,,,,,ASTM D638,,3. PROPERTIES,"Resistenza alla trazione ASTM D638 MPa 59,8 ±3",,new,,medium,reader-r1-37,decimal comma; ± tolerance kept in raw only
R-EXTRUDR-durapro-asa-gf-TDS-en-458d69,1,value,Flexural strength,G034-05,DURAPRO ASA GF,Resistenza alla flessione,"91,2 ±3 MPa",91.2,,MPa,=,,,,,ASTM D638,,3. PROPERTIES,"Resistenza alla flessione ASTM D638 MPa 91,2 ±3",,new,,low,reader-r1-37,label says flexural strength but method printed is ASTM D638 (a tensile method); copied as printed; decimal comma
R-EXTRUDR-durapro-asa-gf-TDS-en-458d69,1,value,Elongation at yield,G034-05,DURAPRO ASA GF,Allungamento a rendimento,3%,3,,%,=,,,,,ASTM D638,,3. PROPERTIES,Allungamento a rendimento ASTM D638 % 3%,,new,,high,reader-r1-37,
R-EXTRUDR-durapro-asa-gf-TDS-en-458d69,1,value,Elongation at break,G034-05,DURAPRO ASA GF,Allungamento nominale alla rottura,"8% -0,02",8,,%,=,,,,,ASTM D638,,3. PROPERTIES,"Allungamento nominale alla rottura ASTM D638 % 8% -0,02",,new,,medium,reader-r1-37,"value cell prints '8% -0,02'; the '-0,02' is not explained"
R-EXTRUDR-durapro-asa-gf-TDS-en-458d69,1,value,Izod impact strength,G034-05,DURAPRO ASA GF,Resistenza all'urto intagliato,88 kj/m²,88,,kj/m²,=,,,,,ASTM D256,,3. PROPERTIES,Resistenza all'urto intagliato ASTM D256 kj/m² 88,,new,,high,reader-r1-37,notched; no test temperature printed
R-EXTRUDR-durapro-asa-gf-TDS-en-458d69,1,value,Izod impact strength,G034-05,DURAPRO ASA GF,Resistenza all'urto non intagliato,16 kj/m²,16,,kj/m²,=,,,,,ASTM D256,,3. PROPERTIES,Resistenza all'urto non intagliato ASTM D256 kj/m² 16,,new,,high,reader-r1-37,unnotched; no test temperature printed
R-EXTRUDR-durapro-asa-gf-TDS-en-458d69,1,value,Vicat softening temperature,G034-05,DURAPRO ASA GF,VICAT A (VST),101 °C,101,,°C,=,,,,,ASTM D1525,method=A,3. PROPERTIES,VICAT A (VST) ASTM D1525 °C 101,V008324,confirms,101 °C,high,reader-r1-37,
R-EXTRUDR-durapro-asa-gf-TDS-en-458d69,1,value,Melting temperature,G034-05,DURAPRO ASA GF,Temperatura di fusione,190-210 °C,190,210,°C,=,,,,,ISO 3146-C,,3. PROPERTIES,Temperatura di fusione ISO 3146-C °C 190-210,,new,,high,reader-r1-37,
R-EXTRUDR-durapro-asa-gf-TDS-en-458d69,1,value,Melt mass-flow rate,G034-05,DURAPRO ASA GF,MFR (Indice di fluidità),12 g/cm³,12,,g/cm³,=,,,,,ASTM D1238,,3. PROPERTIES,MFR (Indice di fluidità) ASTM D1238 g/cm³ 12,,new,,medium,reader-r1-37,unit printed is g/cm³ (not a flow-rate unit); no temperature or load printed
R-EXTRUDR-durapro-asa-gf-TDS-en-458d69,1,value,HDT,G034-05,DURAPRO ASA GF,HDT/B,99 °C,99,,°C,=,,,,,ASTM D648,method=B,3. PROPERTIES,HDT/B ASTM D648 °C 99,V008325,confirms,99 °C,high,reader-r1-37,
R-EXTRUDR-durapro-asa-gf-TDS-en-458d69,1,value,Mould shrinkage,G034-05,DURAPRO ASA GF,Ritiro,"0,30%",0.30,,%,=,,,,,ASTM D955,,3. PROPERTIES,"Ritiro ASTM D955 % 0,30%",,new,,high,reader-r1-37,decimal comma
R-EXTRUDR-durapro-asa-gf-TDS-en-458d69,1,value,Density,G034-05,DURAPRO ASA GF,Densità,"1,1 g/cm³",1.1,,g/cm³,=,,,,,ASTM D792,,3. PROPERTIES,"Densità ASTM D792 g/cm³ 1,1",,new,,high,reader-r1-37,decimal comma
R-EXTRUDR-durapro-asa-gf-TDS-en-458d69,1,value,Hardness,G034-05,DURAPRO ASA GF,Durezza Rockwell,110 R-Scale,110,,R-Scale,=,,,,,ASTM D785,,3. PROPERTIES,Durezza Rockwell ASTM D785 R-Scale 110,,new,,high,reader-r1-37,
R-EXTRUDR-durapro-asa-gf-TDS-en-458d69,1,value,unmapped:Infiammabilità UL94,G034-05,DURAPRO ASA GF,Infiammabilità,"HB 1,5 mm",,,,,,,,,UL94,thickness=1.5 mm,3. PROPERTIES,"Infiammabilità UL94 HB 1,5 mm",,new,,high,reader-r1-37,rating HB at 1.5 mm; decimal comma
R-EXTRUDR-durapro-asa-gf-TDS-en-458d69,1,context,thermal,,,Footnote,,,,,,,,,,,thickness=min 4 mm,3. PROPERTIES,Temperature resistance tested at a minimum wall thickness of 4 mm.,,new,,high,reader-r1-37,footnote has no asterisk on this sheet
R-EXTRUDR-durapro-asa-gf-TDS-en-458d69,1,setting,nozzle,G034-05,DURAPRO ASA GF,Nozzle,230-270°C,230,270,°C,,,,,,,,PRINT SETTINGS,Nozzle 230-270°C,P0774,confirms,230-270°C,high,reader-r1-37,
R-EXTRUDR-durapro-asa-gf-TDS-en-458d69,1,setting,bed,G034-05,DURAPRO ASA GF,Heatbed,110°C,110,,°C,,,,,,,,PRINT SETTINGS,Heatbed 110°C,P0774,confirms,110°C,high,reader-r1-37,
R-EXTRUDR-durapro-asa-gf-TDS-en-458d69,1,setting,other,G034-05,DURAPRO ASA GF,Adhesive,recommended,,,,,,,,,,,PRINT SETTINGS,Adhesive recommended,,new,,high,reader-r1-37,
R-EXTRUDR-durapro-asa-gf-TDS-en-458d69,1,setting,print_speed,G034-05,DURAPRO ASA GF,Speed,<180mm/s,180,,mm/s,<,,,,,,,PRINT SETTINGS,Speed <180mm/s,,new,,high,reader-r1-37,
R-EXTRUDR-durapro-asa-gf-TDS-en-458d69,1,setting,fan,G034-05,DURAPRO ASA GF,Cooling,0-30%,0,30,%,,,,,,,,PRINT SETTINGS,Cooling 0-30%,,new,,high,reader-r1-37,
R-EXTRUDR-durapro-asa-gf-TDS-en-458d69,1,setting,enclosure,G034-05,DURAPRO ASA GF,Enclosed space,yes,,,,,,,,,,,PRINT SETTINGS,Enclosed space yes,P0774,confirms,yes,high,reader-r1-37,
R-EXTRUDR-durapro-asa-gf-TDS-en-458d69,1,setting,hardened_nozzle,G034-05,DURAPRO ASA GF,Hardened nozzle,yes,,,,,,,,,,,PRINT SETTINGS,Hardened nozzle yes,P0774,confirms,TRUE,high,reader-r1-37,
R-EXTRUDR-durapro-asa-gf-TDS-en-458d69,1,setting,other,G034-05,DURAPRO ASA GF,Max. Volumetric Speed,12 mm³/s,12,,mm³/s,,,,,,,,PRINT SETTINGS,Max. Volumetric Speed 12 mm³/s,,new,,high,reader-r1-37,
R-EXTRUDR-durapro-asa-gf-TDS-en-458d69,1,setting,nozzle_diameter,G034-05,DURAPRO ASA GF,Recommended settings,0.5 mm nozzle,0.5,,mm,,,,,,,,PRINT SETTINGS,Recommended settings for printers with a 0.5 mm nozzle. Max. 50% layerheight. Optimal print settings may vary between different printers and also depend on environmental factors.,,new,,high,reader-r1-37,also: Max. 50% layerheight
R-EXTRUDR-durapro-asa-gf-TDS-en-458d69,1,setting,other,G034-05,DURAPRO ASA GF,Storage,Store in a dry room at room temperature (18-27°C / 65-80°F).,18,27,°C,,,,,,,,5. STORAGE AND SHELF LIFE,Store in a dry room at room temperature (18-27°C / 65-80°F).,,new,,high,reader-r1-37,storage advice; shelf life 2 years
R-EXTRUDR-durapro-asa-gf-TDS-fr,1,identity,grade,G034-05,DURAPRO ASA GF,DURAPRO ASA GF,DURAPRO ASA GF,,,,,,,,,,,,FICHE DE DONNÉES TECHNIQUES DURAPRO ASA GF,,new,,high,reader-r1-37,French edition
R-EXTRUDR-durapro-asa-gf-TDS-fr,1,value,Density,G034-05,DURAPRO ASA GF,Densité,"1,18 g/cm³",1.18,,g/cm³,=,,,,,ISO 1183,,3. PROPRIÉTÉS,"Densité ISO 1183 g/cm³ 1,18",,new,,high,reader-r1-37,decimal comma
R-EXTRUDR-durapro-asa-gf-TDS-fr,1,value,Mould shrinkage,G034-05,DURAPRO ASA GF,"Rétrécissement (3,2 mm)","0,25–0,4 %",0.25,0.4,%,=,,,,,ISO 294-4,thickness=3.2 mm,3. PROPRIÉTÉS,"Rétrécissement (3,2 mm) ISO 294-4 % 0,25–0,4",,new,,high,reader-r1-37,decimal comma
R-EXTRUDR-durapro-asa-gf-TDS-fr,1,value,Melt mass-flow rate,G034-05,DURAPRO ASA GF,Indice de fluidité à chaud (220 °C/10 kg),13–16 g/10min,13,16,g/10min,=,,,,,ISO 1133,temp=220 °C; load=10 kg,3. PROPRIÉTÉS,Indice de fluidité à chaud (220 °C/10 kg) ISO 1133 g/10min 13–16,,new,,high,reader-r1-37,
R-EXTRUDR-durapro-asa-gf-TDS-fr,1,value,Tensile yield strength,G034-05,DURAPRO ASA GF,Résistance à la traction,60–66 MPa,60,66,MPa,=,,,,,ISO 527,,3. PROPRIÉTÉS,Résistance à la traction ISO 527 MPa 60–66,,new,,medium,reader-r1-37,English edition labels the same row Tensile Strength at Yield; this label does not say yield
R-EXTRUDR-durapro-asa-gf-TDS-fr,1,value,Elongation at break,G034-05,DURAPRO ASA GF,Allongement nominal à la rupture,"5–8 %, (Min)",5,8,"%, (Min)",=,,,,,ISO 527,,3. PROPRIÉTÉS,"Allongement nominal à la rupture ISO 527 %, (Min) 5–8",,new,,medium,reader-r1-37,"unit cell prints '%, (Min)'; a range with a (Min) marker; copied as printed"
R-EXTRUDR-durapro-asa-gf-TDS-fr,1,value,Flexural strength,G034-05,DURAPRO ASA GF,Résistance à la flexion,95–105 MPa,95,105,MPa,=,,,,,ISO 178,,3. PROPRIÉTÉS,Résistance à la flexion ISO 178 MPa 95–105,,new,,high,reader-r1-37,
R-EXTRUDR-durapro-asa-gf-TDS-fr,1,value,Flexural modulus,G034-05,DURAPRO ASA GF,Module de flexion (Module d’élasticité),2900–3300 MPa,2900,3300,MPa,=,,,,,ISO 178,,3. PROPRIÉTÉS,Module de flexion (Module d’élasticité)ISO 178 MPa 2900–3300,,new,,high,reader-r1-37,
R-EXTRUDR-durapro-asa-gf-TDS-fr,1,value,Izod impact strength,G034-05,DURAPRO ASA GF,Résistance au choc entaillé (Izod) (23 °C),9–11 kJ/m²,9,11,kJ/m²,=,,,,,ISO 180/1A,temp=23 °C,3. PROPRIÉTÉS,Résistance au choc entaillé (Izod) (23 °C) ISO 180/1A kJ/m² 9–11,,new,,high,reader-r1-37,
R-EXTRUDR-durapro-asa-gf-TDS-fr,1,value,Charpy strength,G034-05,DURAPRO ASA GF,Résistance au choc Charpy (23 °C),8–10 kJ/m²,8,10,kJ/m²,=,,,,,ISO 179/1eA,temp=23 °C,3. PROPRIÉTÉS,Résistance au choc Charpy (23 °C) ISO 179/1eA kJ/m² 8–10,,new,,high,reader-r1-37,
R-EXTRUDR-durapro-asa-gf-TDS-fr,1,value,HDT,G034-05,DURAPRO ASA GF,"HDT (4mm, Unannealed)",92–100 °C,92,100,°C,=,,,,Unannealed,ISO 75,thickness=4 mm,3. PROPRIÉTÉS,"HDT (4mm, Unannealed) ISO 75 °C 92–100",V006289,confirms,92-100 °C,high,reader-r1-37,load not printed
R-EXTRUDR-durapro-asa-gf-TDS-fr,1,value,Vicat softening temperature,G034-05,DURAPRO ASA GF,Vicat A (50 N),100–104 °C,100,104,°C,=,,,,,ISO 306,method=A; load=50 N,3. PROPRIÉTÉS,Vicat A (50 N) ISO 306 °C 100–104,V006290,confirms,100-104 °C,high,reader-r1-37,
R-EXTRUDR-durapro-asa-gf-TDS-fr,1,value,unmapped:Inflammabilité UL 94,G034-05,DURAPRO ASA GF,Inflammabilité,"HB 1,5mm",,,,,,,,,UL 94,thickness=1.5 mm,3. PROPRIÉTÉS,"Inflammabilité UL 94 HB 1,5mm",,new,,high,reader-r1-37,rating HB at 1.5 mm; decimal comma
R-EXTRUDR-durapro-asa-gf-TDS-fr,1,context,thermal,,,Note de bas de tableau,,,,,,,,,,,thickness=min 4 mm,3. PROPRIÉTÉS,Résistance à la température testée à une épaisseur de paroi minimale de 4 mm.,,new,,high,reader-r1-37,
R-EXTRUDR-durapro-asa-gf-TDS-fr,1,setting,nozzle,G034-05,DURAPRO ASA GF,Buse,230-270°C,230,270,°C,,,,,,,,PARAMÈTRES D’IMPRESSION,Buse 230-270°C,,new,,high,reader-r1-37,
R-EXTRUDR-durapro-asa-gf-TDS-fr,1,setting,bed,G034-05,DURAPRO ASA GF,Plateau chauffant,110°C,110,,°C,,,,,,,,PARAMÈTRES D’IMPRESSION,Plateau chauffant 110°C,,new,,high,reader-r1-37,
R-EXTRUDR-durapro-asa-gf-TDS-fr,1,setting,other,G034-05,DURAPRO ASA GF,Adhésif,recommandé,,,,,,,,,,,PARAMÈTRES D’IMPRESSION,Adhésif recommandé,,new,,high,reader-r1-37,
R-EXTRUDR-durapro-asa-gf-TDS-fr,1,setting,print_speed,G034-05,DURAPRO ASA GF,Vitesse,<180mm/s,180,,mm/s,<,,,,,,,PARAMÈTRES D’IMPRESSION,Vitesse <180mm/s,,new,,high,reader-r1-37,
R-EXTRUDR-durapro-asa-gf-TDS-fr,1,setting,fan,G034-05,DURAPRO ASA GF,Refroidissement,0-30%,0,30,%,,,,,,,,PARAMÈTRES D’IMPRESSION,Refroidissement 0-30%,,new,,high,reader-r1-37,
R-EXTRUDR-durapro-asa-gf-TDS-fr,1,setting,enclosure,G034-05,DURAPRO ASA GF,Espace fermé,oui,,,,,,,,,,,PARAMÈTRES D’IMPRESSION,Espace fermé oui,,new,,high,reader-r1-37,
R-EXTRUDR-durapro-asa-gf-TDS-fr,1,setting,hardened_nozzle,G034-05,DURAPRO ASA GF,Buse en acier trempé,oui,,,,,,,,,,,PARAMÈTRES D’IMPRESSION,Buse en acier trempé oui,,new,,high,reader-r1-37,
R-EXTRUDR-durapro-asa-gf-TDS-fr,1,setting,other,G034-05,DURAPRO ASA GF,Vitesse volumétrique maximale,12 mm³/s,12,,mm³/s,,,,,,,,PARAMÈTRES D’IMPRESSION,Vitesse volumétrique 12 mm³/s maximale,,new,,high,reader-r1-37,
R-EXTRUDR-durapro-asa-gf-TDS-fr,1,setting,nozzle_diameter,G034-05,DURAPRO ASA GF,Paramètres recommandés,"buse de 0,5 mm",0.5,,mm,,,,,,,,PARAMÈTRES D’IMPRESSION,"Paramètres recommandés pour les imprimantes avec une buse de 0,5 mm. Max. 50 % de hauteur de couche.",,new,,high,reader-r1-37,decimal comma; also max 50 % layer height
R-EXTRUDR-durapro-asa-gf-TDS-fr,1,setting,other,G034-05,DURAPRO ASA GF,Stockage,Conservez dans une pièce sèche à température ambiante (18 à 27 °C / 65 à 80 °F).,18,27,°C,,,,,,,,5. STOCKAGE ET DURÉE DE CONSERVATION,Conservez dans une pièce sèche à température ambiante (18 à 27 °C / 65 à 80 °F).,,new,,high,reader-r1-37,storage advice; shelf life 2 years
R-EXTRUDR-durapro-asa-TDS-en,1,identity,grade,G031-07,DURAPRO ASA,DURAPRO ASA,DURAPRO ASA,,,,,,,,,,,,TECHNICAL DATA SHEET DURAPRO ASA,,new,,high,reader-r1-37,
R-EXTRUDR-durapro-asa-TDS-en,1,value,Flexural modulus,G031-07,DURAPRO ASA,Flexural modulus (E-Modulus),3500 ±200 MPa,3500,,MPa,=,,,,,ASTM D790,,3. PROPERTIES,Flexural modulus (E-Modulus) ASTM D790 MPa 3500 ±200,V004142,confirms,3500 ± 200 MPa,high,reader-r1-37,± tolerance kept in raw only
R-EXTRUDR-durapro-asa-TDS-en,1,value,Flexural strength,G031-07,DURAPRO ASA,Flexural strength,78 MPa,78,,MPa,=,,,,,ASTM D790,,3. PROPERTIES,Flexural strength ASTM D790 MPa 78,V004143,confirms,78 MPa,high,reader-r1-37,
R-EXTRUDR-durapro-asa-TDS-en,1,value,Tensile modulus,G031-07,DURAPRO ASA,Tensile modulus (E-Modulus),2200 MPa,2200,,MPa,=,,,,,ASTM D638,,3. PROPERTIES,Tensile modulus (E-Modulus) ASTM D638 MPa 2200,V004144,confirms,2200 MPa,high,reader-r1-37,
R-EXTRUDR-durapro-asa-TDS-en,1,value,Tensile strength (endpoint unspecified),G031-07,DURAPRO ASA,Tensile strength,"62,2 ±3 MPa",62.2,,MPa,=,,,,,ASTM D638,,3. PROPERTIES,"Tensile strength ASTM D638 MPa 62,2 ±3",V004145,confirms,"62,2 ± 3 MPa",high,reader-r1-37,decimal comma; ± tolerance kept in raw only
R-EXTRUDR-durapro-asa-TDS-en,1,value,Elongation at yield,G031-07,DURAPRO ASA,Elongation at yield,6 %,6,,%,=,,,,,ASTM D638,,3. PROPERTIES,Elongation at yield ASTM D638 % 6,V004146,confirms,6 %,high,reader-r1-37,
R-EXTRUDR-durapro-asa-TDS-en,1,value,Elongation at break,G031-07,DURAPRO ASA,Nominal elongation at break,20 %,20,,%,=,,,,,ASTM D638,,3. PROPERTIES,Nominal elongation at break ASTM D638 % 20,V004147,confirms,20 %,high,reader-r1-37,
R-EXTRUDR-durapro-asa-TDS-en,1,value,Izod impact strength,G031-07,DURAPRO ASA,Notched impact strength,140 @ 23°C,140,,kj/m²,=,,,,,ASTM D256,temp=23°C,3. PROPERTIES,Notched impact strength ASTM D256 kj/m² 140 @ 23°C,V004148,confirms,140 kj/m²,high,reader-r1-37,notched
R-EXTRUDR-durapro-asa-TDS-en,1,value,Izod impact strength,G031-07,DURAPRO ASA,Unnotched impact strength,29 @ -30°C,29,,kj/m²,=,,,,,ASTM D256,temp=-30°C,3. PROPERTIES,Unnotched impact strength ASTM D256 kj/m² 29 @ -30°C,V004149,confirms,29 kj/m²,high,reader-r1-37,unnotched
R-EXTRUDR-durapro-asa-TDS-en,1,value,Vicat softening temperature,G031-07,DURAPRO ASA,VICAT A (VST),96* °C,96,,°C,=,,,,,ASTM D1525,method=A; wall thickness=min 4 mm,3. PROPERTIES,VICAT A (VST) ASTM D1525 °C 96* | *Temperature resistance tested at a minimum wall thickness of 4 mm.,V004150,confirms,96 °C,high,reader-r1-37,
R-EXTRUDR-durapro-asa-TDS-en,1,value,Melting temperature,G031-07,DURAPRO ASA,Melting temperature,180-200 °C,180,200,°C,=,,,,,ISO 3146-C,,3. PROPERTIES,Melting temperature ISO 3146-C °C 180-200,V004151,confirms,180-200 °C,high,reader-r1-37,
R-EXTRUDR-durapro-asa-TDS-en,1,value,Melt mass-flow rate,G031-07,DURAPRO ASA,MFR,20 g/cm³,20,,g/cm³,=,,,,,ASTM D1238,,3. PROPERTIES,MFR ASTM D1238 g/cm³ 20,,new,,medium,reader-r1-37,unit printed is g/cm³ (not a flow-rate unit); no temperature or load printed
R-EXTRUDR-durapro-asa-TDS-en,1,value,HDT,G031-07,DURAPRO ASA,HDT/B,96 °C,96,,°C,=,,,,,ASTM D648,method=B,3. PROPERTIES,HDT/B ASTM D648 °C 96,V004152,confirms,96 °C,high,reader-r1-37,
R-EXTRUDR-durapro-asa-TDS-en,1,value,Mould shrinkage,G031-07,DURAPRO ASA,Shrinking,0.4 %,0.4,,%,=,,,,,ASTM D955,,3. PROPERTIES,Shrinking ASTM D955 % 0.4,,new,,high,reader-r1-37,
R-EXTRUDR-durapro-asa-TDS-en,1,value,Density,G031-07,DURAPRO ASA,Density,1.05 g/cm³,1.05,,g/cm³,=,,,,,ASTM D792,,3. PROPERTIES,Density ASTM D792 g/cm³ 1.05,V004153,confirms,1.05 g/cm³,high,reader-r1-37,
R-EXTRUDR-durapro-asa-TDS-en,1,value,Hardness,G031-07,DURAPRO ASA,Hardness Rockwell,105 R-Skala,105,,R-Skala,=,,,,,ASTM D785,,3. PROPERTIES,Hardness Rockwell ASTM D785 R-Skala 105,V004154,confirms,105,high,reader-r1-37,
R-EXTRUDR-durapro-asa-TDS-en,1,value,unmapped:Flammability UL94,G031-07,DURAPRO ASA,Flammability,"HB 1,5 mm",,,,,,,,,UL94,thickness=1.5 mm,3. PROPERTIES,"Flammability UL94 HB 1,5 mm",,new,,high,reader-r1-37,rating HB at 1.5 mm; decimal comma
R-EXTRUDR-durapro-asa-TDS-en,1,setting,nozzle,G031-07,DURAPRO ASA,Nozzle,220-270°C,220,270,°C,,,,,,,,PRINT SETTINGS,Nozzle 220-270°C,P0378,confirms,220-270°C,high,reader-r1-37,
R-EXTRUDR-durapro-asa-TDS-en,1,setting,bed,G031-07,DURAPRO ASA,Heatbed,100-110°C,100,110,°C,,,,,,,,PRINT SETTINGS,Heatbed 100-110°C,P0378,confirms,100-110°C,high,reader-r1-37,
R-EXTRUDR-durapro-asa-TDS-en,1,setting,other,G031-07,DURAPRO ASA,Adhesive,recommended,,,,,,,,,,,PRINT SETTINGS,Adhesive recommended,,new,,high,reader-r1-37,
R-EXTRUDR-durapro-asa-TDS-en,1,setting,print_speed,G031-07,DURAPRO ASA,Speed,20-200mm/s,20,200,mm/s,,,,,,,,PRINT SETTINGS,Speed 20-200mm/s,,new,,high,reader-r1-37,
R-EXTRUDR-durapro-asa-TDS-en,1,setting,fan,G031-07,DURAPRO ASA,Cooling,0-30%,0,30,%,,,,,,,,PRINT SETTINGS,Cooling 0-30%,,new,,high,reader-r1-37,
R-EXTRUDR-durapro-asa-TDS-en,1,setting,enclosure,G031-07,DURAPRO ASA,Enclosed Space,yes,,,,,,,,,,,PRINT SETTINGS,Enclosed Space yes,P0378,confirms,yes,high,reader-r1-37,
R-EXTRUDR-durapro-asa-TDS-en,1,setting,hardened_nozzle,G031-07,DURAPRO ASA,Hardened Nozzle,no,,,,,,,,,,,PRINT SETTINGS,Hardened Nozzle no,P0378,confirms,FALSE,high,reader-r1-37,
R-EXTRUDR-durapro-asa-TDS-en,1,setting,other,G031-07,DURAPRO ASA,Max. Volumetric Speed,15 mm³/s,15,,mm³/s,,,,,,,,PRINT SETTINGS,Max. Volumetric Speed 15 mm³/s,,new,,high,reader-r1-37,
R-EXTRUDR-durapro-asa-TDS-en,1,setting,nozzle_diameter,G031-07,DURAPRO ASA,Recommended settings,0.4mm Nozzle,0.4,,mm,,,,,,,,PRINT SETTINGS,Recommended settings for printers with a 0.4mm Nozzle. Max. 50% layerheight. Optimal print settings may vary between different printers and also depend on environmental factors.,,new,,high,reader-r1-37,also: Max. 50% layerheight
R-EXTRUDR-durapro-asa-TDS-en,2,value,unmapped:Colour change ΔE (LI911-NP#),G031-07,DURAPRO ASA,ΔE LI911-NP#,0 / 3.365 / 3.112 / 3.003 / 3.388 / 5.486 / 7.732 / 7.124,,,,,,,,,,time=0 100 300 600 1000 1300 1750 2000 (axis Time (hr)),4. LI911 WEATHERABILITY TEST,TIME 0 100 300 600 1000 1300 1750 2000 | LI911-NP# 0 3.365 3.112 3.003 3.388 5.486 7.732 7.124,,new,,high,reader-r1-37,weathering colour-change table (ΔE vs time in hours); one row per series; no single number
R-EXTRUDR-durapro-asa-TDS-en,2,value,unmapped:Colour change ΔE (LI911-UV#),G031-07,DURAPRO ASA,ΔE LI911-UV#,0 / 3.630 / 3.396 / 3.298 / 3.507 / 3.904 / 6.583 / 5.998,,,,,,,,,,time=0 100 300 600 1000 1300 1750 2000 (axis Time (hr)),4. LI911 WEATHERABILITY TEST,TIME 0 100 300 600 1000 1300 1750 2000 | LI911-UV# 0 3.630 3.396 3.298 3.507 3.904 6.583 5.998,,new,,high,reader-r1-37,weathering colour-change table (ΔE vs time in hours); one row per series; no single number
R-EXTRUDR-durapro-asa-TDS-en,2,setting,other,G031-07,DURAPRO ASA,Storage,Store in a dry room at room temperature (18-27°C / 65-80°F).,18,27,°C,,,,,,,,5. STORAGE AND SHELF LIFE,Store in a dry room at room temperature (18-27°C / 65-80°F).,,new,,high,reader-r1-37,storage advice; shelf life 2 years
R-EXTRUDR-durapro-pa12-cf-TDS-en,1,identity,grade,G053-04,DURAPRO PA12 CF,DURAPRO PA12 CF,DURAPRO PA12 CF,,,,,,,,,,,,TECHNICAL DATA SHEET DURAPRO PA12 CF,,new,,high,reader-r1-37,
R-EXTRUDR-durapro-pa12-cf-TDS-en,1,identity,filler,G053-04,DURAPRO PA12 CF,Description,reinforcing them with carbon fibres,,,,,,,,,,,1. DESCRIPTION,takes them to a new level by reinforcing them with carbon fibres,,new,,high,reader-r1-37,builds on DuraPro PA12
R-EXTRUDR-durapro-pa12-cf-TDS-en,1,value,Density,G053-04,DURAPRO PA12 CF,Density,1.03 g/cm³,1.03,,g/cm³,=,,,,,ISO 1183,,3. PROPERTIES,Density ISO 1183 g/cm³ 1.03,V004333,confirms,1.03 g/cm³,high,reader-r1-37,
R-EXTRUDR-durapro-pa12-cf-TDS-en,1,value,Melt volume-flow rate,G053-04,DURAPRO PA12 CF,Melt Volume Rate (MVR) 235°C/5.0 kg,7 cm³/10min,7,,cm³/10min,=,,,,,ISO 1133,temp=235°C; load=5.0 kg,3. PROPERTIES,Melt Volume Rate (MVR) 235°C/5.0 kg ISO 1133 cm³/10min 7,V004334,confirms,7 cm³/10min,high,reader-r1-37,
R-EXTRUDR-durapro-pa12-cf-TDS-en,1,value,Water absorption,G053-04,DURAPRO PA12 CF,Water Absorption (Saturation 23°C),1.6 %,1.6,,%,=,,,saturation 23°C,,ISO 62,temp=23°C,3. PROPERTIES,Water Absorption (Saturation 23°C) ISO 62 % 1.6,V004335,confirms,1.6 %,high,reader-r1-37,
R-EXTRUDR-durapro-pa12-cf-TDS-en,1,value,Tensile modulus,G053-04,DURAPRO PA12 CF,Tensile Modulus,2820 MPa,2820,,MPa,=,,,,,ISO 527-1,,3. PROPERTIES,Tensile Modulus ISO 527-1 MPa 2820,V004336,confirms,2820 MPa,high,reader-r1-37,
R-EXTRUDR-durapro-pa12-cf-TDS-en,1,value,Tensile strength (endpoint unspecified),G053-04,DURAPRO PA12 CF,Tensile Strength (Indentation Depth),"60,4 MPa",60.4,,MPa,=,,,,,ISO 527-2,,3. PROPERTIES,"Tensile Strength (Indentation Depth) ISO 527-2 MPa 60,4",V004337,confirms,"60,4 MPa",medium,reader-r1-37,label '(Indentation Depth)' is printed as such; decimal comma
R-EXTRUDR-durapro-pa12-cf-TDS-en,1,value,Elongation at yield,G053-04,DURAPRO PA12 CF,Tensile Elongation (Indentation Depth),4 %,4,,%,=,,,,,ISO 527-2,,3. PROPERTIES,Tensile Elongation (Indentation Depth) ISO 527-2 % 4,,new,,medium,reader-r1-37,label does not say yield; the Italian edition of this sheet labels the same row Streckdehnung (strain at yield)
R-EXTRUDR-durapro-pa12-cf-TDS-en,1,value,Elongation at break,G053-04,DURAPRO PA12 CF,Nominal Elongation at Break,>35 %,35,,%,>,,,,,ISO 527-2,,3. PROPERTIES,Nominal Elongation at Break ISO 527-2 % >35,V004338,confirms,35 %,high,reader-r1-37,
R-EXTRUDR-durapro-pa12-cf-TDS-en,1,value,Charpy strength,G053-04,DURAPRO PA12 CF,Charpy Notched Impact Strength (+23°C),9 kJ/m²,9,,kJ/m²,=,,,,,ISO 179/1eA,temp=+23°C,3. PROPERTIES,Charpy Notched Impact Strength (+23°C) ISO 179/1eA kJ/m² 9,V004339,confirms,9 kJ/m²,high,reader-r1-37,notched
R-EXTRUDR-durapro-pa12-cf-TDS-en,1,value,Charpy strength,G053-04,DURAPRO PA12 CF,Charpy Notched Impact Strength (-30°C),5 kJ/m²,5,,kJ/m²,=,,,,,ISO 179/1eA,temp=-30°C,3. PROPERTIES,Charpy Notched Impact Strength (-30°C) ISO 179/1eA kJ/m² 5,V004340,confirms,5 kJ/m²,high,reader-r1-37,notched
R-EXTRUDR-durapro-pa12-cf-TDS-en,1,value,unmapped:Charpy unnotched impact strength,G053-04,DURAPRO PA12 CF,Charpy Unnotched Impact Strength (+23°C),No Break (NB),,,,,,,,,ISO 179/1eU,temp=+23°C,3. PROPERTIES,Charpy Unnotched Impact Strength (+23°C) ISO 179/1eU No Break (NB),,new,,high,reader-r1-37,no number; no break
R-EXTRUDR-durapro-pa12-cf-TDS-en,1,value,unmapped:Charpy unnotched impact strength,G053-04,DURAPRO PA12 CF,Charpy Unnotched Impact Strength (-30°C),No Break (NB),,,,,,,,,ISO 179/1eU,temp=-30°C,3. PROPERTIES,Charpy Unnotched Impact Strength (-30°C) ISO 179/1eU No Break (NB),,new,,high,reader-r1-37,no number; no break
R-EXTRUDR-durapro-pa12-cf-TDS-en,1,value,unmapped:Puncture Maximum Force,G053-04,DURAPRO PA12 CF,Puncture Maximum Force (-30°C),62 J,62,,J,=,,,,,ISO 6603-2,temp=-30°C,3. PROPERTIES,Puncture Maximum Force (-30°C) ISO 6603-2 J 62,,new,,high,reader-r1-37,
R-EXTRUDR-durapro-pa12-cf-TDS-en,1,value,unmapped:Multiaxial instrumented impact peak force,G053-04,DURAPRO PA12 CF,"Multiaxial Instrumented Impact Test, Peak Force -30°C",5400 N,5400,,N,=,,,,,ISO 6603-2,temp=-30°C,3. PROPERTIES,"Multiaxial Instrumented Impact Test, Peak Force -30°C ISO 6603-2 N 5400",,new,,high,reader-r1-37,
R-EXTRUDR-durapro-pa12-cf-TDS-en,1,value,HDT,G053-04,DURAPRO PA12 CF,"Heat Deflection Temperature (DTUL) 0.45 MPa, unannealed",139 °C,139,,°C,=,,,,unannealed,ISO 75-2/B,load=0.45 MPa,3. PROPERTIES,"Heat Deflection Temperature (DTUL) 0.45 MPa, unannealed ISO 75-2/B °C 139",V004341,confirms,139 °C,high,reader-r1-37,
R-EXTRUDR-durapro-pa12-cf-TDS-en,1,value,HDT,G053-04,DURAPRO PA12 CF,"Heat Deflection Temperature (DTUL) 1.8 MPa, unannealed",58 °C,58,,°C,=,,,,unannealed,ISO 75-2/A,load=1.8 MPa,3. PROPERTIES,"Heat Deflection Temperature (DTUL) 1.8 MPa, unannealed ISO 75-2/A °C 58",V004342,confirms,58 °C,high,reader-r1-37,
R-EXTRUDR-durapro-pa12-cf-TDS-en,1,value,Vicat softening temperature,G053-04,DURAPRO PA12 CF,Vicat Softening Temperature,145 °C,145,,°C,=,,,,,ISO 306/B50,method=B50,3. PROPERTIES,Vicat Softening Temperature ISO 306/B50 °C 145,V004343,confirms,145 °C,high,reader-r1-37,
R-EXTRUDR-durapro-pa12-cf-TDS-en,1,value,Vicat softening temperature,G053-04,DURAPRO PA12 CF,High thermal resistance (VICAT A 142°C),142°C,142,,°C,=,,,,,,method=A,2. FEATURES,High thermal resistance (VICAT A 142°C),,new,,medium,reader-r1-37,features bullet; no standard printed; differs from the table's Vicat B50 145 °C
R-EXTRUDR-durapro-pa12-cf-TDS-en,1,value,unmapped:Mass Temperature,G053-04,DURAPRO PA12 CF,Mass Temperature,185 °C,185,,°C,=,,,,,ISO 11357-3,,3. PROPERTIES,Mass Temperature ISO 11357-3 °C 185,,new,,medium,reader-r1-37,label as printed; ISO 11357-3 is a melting/crystallization method but the label does not say melting
R-EXTRUDR-durapro-pa12-cf-TDS-en,1,value,Coefficient of thermal expansion,G053-04,DURAPRO PA12 CF,CLTE Flow,1.0E-4 cm/cm/°C,1.0E-4,,cm/cm/°C,=,Flow,,,,ISO 11359-2,,3. PROPERTIES,CLTE Flow ISO 11359-2 cm/cm/°C 1.0E-4,,new,,high,reader-r1-37,prints a power of ten; direction 'Flow' is in the label
R-EXTRUDR-durapro-pa12-cf-TDS-en,1,value,Surface resistivity,G053-04,DURAPRO PA12 CF,Specific Surface Resistance,1.0E+14 ohms,1.0E+14,,ohms,=,,,,,IEC 60093,,3. PROPERTIES,Specific Surface Resistance IEC 60093 ohms 1.0E+14,,new,,high,reader-r1-37,prints a power of ten
R-EXTRUDR-durapro-pa12-cf-TDS-en,1,value,Volume resistivity,G053-04,DURAPRO PA12 CF,Specific Volume Resistivity,1.0E+14 ohms cm,1.0E+14,,ohms cm,=,,,,,IEC 60093,,3. PROPERTIES,Specific Volume Resistivity IEC 60093 ohms cm 1.0E+14,,new,,high,reader-r1-37,prints a power of ten
R-EXTRUDR-durapro-pa12-cf-TDS-en,1,value,Dielectric strength,G053-04,DURAPRO PA12 CF,Dielectric Strength,25 kV/mm,25,,kV/mm,=,,,,,IEC 60243-1,,3. PROPERTIES,Dielectric Strength IEC 60243-1 kV/mm 25,,new,,high,reader-r1-37,
R-EXTRUDR-durapro-pa12-cf-TDS-en,1,value,Comparative tracking index,G053-04,DURAPRO PA12 CF,Comparative Tracking Index (CTI),500 V,500,,V,=,,,,,IEC 60112,,3. PROPERTIES,Comparative Tracking Index (CTI) IEC 60112 V 500,,new,,high,reader-r1-37,
R-EXTRUDR-durapro-pa12-cf-TDS-en,1,setting,hardened_nozzle,G053-04,DURAPRO PA12 CF,Features,Hardened nozzle min. 0.5 mm is recommended,0.5,,mm,,,,,,,,2. FEATURES,Hardened nozzle min. 0.5 mm is recommended,P0395,confirms,TRUE,medium,reader-r1-37,"hardened nozzle recommended, minimum 0.5 mm"
R-EXTRUDR-durapro-pa12-cf-TDS-en,2,setting,nozzle,G053-04,DURAPRO PA12 CF,Nozzle,260-290 °C,260,290,°C,,,,,,,,PRINT SETTINGS,Nozzle 260-290 °C,P0395,confirms,260-290 °C,high,reader-r1-37,
R-EXTRUDR-durapro-pa12-cf-TDS-en,2,setting,bed,G053-04,DURAPRO PA12 CF,Heatbed,110 °C,110,,°C,,,,,,,,PRINT SETTINGS,Heatbed 110 °C,P0395,confirms,110 °C,high,reader-r1-37,
R-EXTRUDR-durapro-pa12-cf-TDS-en,2,setting,other,G053-04,DURAPRO PA12 CF,Adhesive,recommended,,,,,,,,,,,PRINT SETTINGS,Adhesive recommended,,new,,high,reader-r1-37,
R-EXTRUDR-durapro-pa12-cf-TDS-en,2,setting,print_speed,G053-04,DURAPRO PA12 CF,Speed,150 mm/s,150,,mm/s,,,,,,,,PRINT SETTINGS,Speed 150 mm/s,,new,,high,reader-r1-37,
R-EXTRUDR-durapro-pa12-cf-TDS-en,2,setting,fan,G053-04,DURAPRO PA12 CF,Cooling,0-50%,0,50,%,,,,,,,,PRINT SETTINGS,Cooling 0-50%,,new,,high,reader-r1-37,
R-EXTRUDR-durapro-pa12-cf-TDS-en,2,setting,enclosure,G053-04,DURAPRO PA12 CF,Enclosed Space,yes,,,,,,,,,,,PRINT SETTINGS,Enclosed Space yes,P0395,confirms,yes,high,reader-r1-37,
R-EXTRUDR-durapro-pa12-cf-TDS-en,2,setting,hardened_nozzle,G053-04,DURAPRO PA12 CF,Hardened Nozzle,yes,,,,,,,,,,,PRINT SETTINGS,Hardened Nozzle yes,P0395,confirms,TRUE,high,reader-r1-37,
R-EXTRUDR-durapro-pa12-cf-TDS-en,2,setting,other,G053-04,DURAPRO PA12 CF,Max. Volumetric Speed,8 mm³/s,8,,mm³/s,,,,,,,,PRINT SETTINGS,Max. Volumetric Speed 8 mm³/s,,new,,high,reader-r1-37,
R-EXTRUDR-durapro-pa12-cf-TDS-en,2,setting,nozzle_diameter,G053-04,DURAPRO PA12 CF,Note,at least 0.6 mm,0.6,,mm,,,,,,,,PRINT SETTINGS,a nozzle diameter of at least 0.6 mm should be used to prevent clogging and ensure smooth extrusion,,new,,high,reader-r1-37,minimum diameter
R-EXTRUDR-durapro-pa12-cf-TDS-en,2,setting,hardened_nozzle,G053-04,DURAPRO PA12 CF,Note,hardened nozzle (e.g. hardened steel or ruby nozzle) strongly recommended,,,,,,,,,,,PRINT SETTINGS,Due to the abrasive nature of the carbon fibers a hardened nozzle (e.g. hardened steel or ruby nozzle) is strongly recommended,,new,,high,reader-r1-37,
R-EXTRUDR-durapro-pa12-cf-TDS-en,2,setting,other,G053-04,DURAPRO PA12 CF,Storage,Store in a dry room at room temperature (18-27°C / 65-80°F).,18,27,°C,,,,,,,,5. STORAGE AND SHELF LIFE,Store in a dry room at room temperature (18-27°C / 65-80°F).,,new,,high,reader-r1-37,storage advice; shelf life 2 years
R-EXTRUDR-durapro-pa12-cf-TDS-en-11cea4,1,identity,grade,G053-04,DURAPRO PA12 CF,DURAPRO PA12 CF,DURAPRO PA12 CF,,,,,,,,,,,,TECHNICAL DATA SHEET DURAPRO PA12 CF,,new,,high,reader-r1-37,
R-EXTRUDR-durapro-pa12-cf-TDS-en-11cea4,1,identity,filler,G053-04,DURAPRO PA12 CF,Description,reinforcing them with carbon fibres,,,,,,,,,,,1. DESCRIPTION,takes them to a new level by reinforcing them with carbon fibres,,new,,high,reader-r1-37,builds on DuraPro PA12
R-EXTRUDR-durapro-pa12-cf-TDS-en-11cea4,1,value,Density,G053-04,DURAPRO PA12 CF,Density,1.03 g/cm³,1.03,,g/cm³,=,,,,,ISO 1183,,3. PROPERTIES,Density ISO 1183 g/cm³ 1.03,V008203,confirms,1.03 g/cm³,high,reader-r1-37,
R-EXTRUDR-durapro-pa12-cf-TDS-en-11cea4,1,value,Melt volume-flow rate,G053-04,DURAPRO PA12 CF,Melt Volume Rate (MVR) 235°C/5.0 kg,7 cm³/10min,7,,cm³/10min,=,,,,,ISO 1133,temp=235°C; load=5.0 kg,3. PROPERTIES,Melt Volume Rate (MVR) 235°C/5.0 kg ISO 1133 cm³/10min 7,V008204,confirms,7 cm³/10min,high,reader-r1-37,
R-EXTRUDR-durapro-pa12-cf-TDS-en-11cea4,1,value,Water absorption,G053-04,DURAPRO PA12 CF,Water Absorption (Saturation 23°C),1.6 %,1.6,,%,=,,,saturation 23°C,,ISO 62,temp=23°C,3. PROPERTIES,Water Absorption (Saturation 23°C) ISO 62 % 1.6,V008205,confirms,1.6 %,high,reader-r1-37,
R-EXTRUDR-durapro-pa12-cf-TDS-en-11cea4,1,value,Tensile modulus,G053-04,DURAPRO PA12 CF,Tensile Modulus,2820 MPa,2820,,MPa,=,,,,,ISO 527-1,,3. PROPERTIES,Tensile Modulus ISO 527-1 MPa 2820,V008206,confirms,2820 MPa,high,reader-r1-37,
R-EXTRUDR-durapro-pa12-cf-TDS-en-11cea4,1,value,Tensile strength (endpoint unspecified),G053-04,DURAPRO PA12 CF,Tensile Strength (Indentation Depth),"60,4 MPa",60.4,,MPa,=,,,,,ISO 527-2,,3. PROPERTIES,"Tensile Strength (Indentation Depth) ISO 527-2 MPa 60,4",V008207,confirms,"60,4 MPa",medium,reader-r1-37,label '(Indentation Depth)' is printed as such; decimal comma
R-EXTRUDR-durapro-pa12-cf-TDS-en-11cea4,1,value,Elongation at yield,G053-04,DURAPRO PA12 CF,Tensile Elongation (Indentation Depth),4 %,4,,%,=,,,,,ISO 527-2,,3. PROPERTIES,Tensile Elongation (Indentation Depth) ISO 527-2 % 4,,new,,medium,reader-r1-37,label does not say yield; the Italian edition of this sheet labels the same row Streckdehnung (strain at yield)
R-EXTRUDR-durapro-pa12-cf-TDS-en-11cea4,1,value,Elongation at break,G053-04,DURAPRO PA12 CF,Nominal Elongation at Break,>35 %,35,,%,>,,,,,ISO 527-2,,3. PROPERTIES,Nominal Elongation at Break ISO 527-2 % >35,V008208,confirms,35 %,high,reader-r1-37,
R-EXTRUDR-durapro-pa12-cf-TDS-en-11cea4,1,value,Charpy strength,G053-04,DURAPRO PA12 CF,Charpy Notched Impact Strength (+23°C),9 kJ/m²,9,,kJ/m²,=,,,,,ISO 179/1eA,temp=+23°C,3. PROPERTIES,Charpy Notched Impact Strength (+23°C) ISO 179/1eA kJ/m² 9,V008209,confirms,9 kJ/m²,high,reader-r1-37,notched
R-EXTRUDR-durapro-pa12-cf-TDS-en-11cea4,1,value,Charpy strength,G053-04,DURAPRO PA12 CF,Charpy Notched Impact Strength (-30°C),5 kJ/m²,5,,kJ/m²,=,,,,,ISO 179/1eA,temp=-30°C,3. PROPERTIES,Charpy Notched Impact Strength (-30°C) ISO 179/1eA kJ/m² 5,V008210,confirms,5 kJ/m²,high,reader-r1-37,notched
R-EXTRUDR-durapro-pa12-cf-TDS-en-11cea4,1,value,unmapped:Charpy unnotched impact strength,G053-04,DURAPRO PA12 CF,Charpy Unnotched Impact Strength (+23°C),No Break (NB),,,,,,,,,ISO 179/1eU,temp=+23°C,3. PROPERTIES,Charpy Unnotched Impact Strength (+23°C) ISO 179/1eU No Break (NB),,new,,high,reader-r1-37,no number; no break
R-EXTRUDR-durapro-pa12-cf-TDS-en-11cea4,1,value,unmapped:Charpy unnotched impact strength,G053-04,DURAPRO PA12 CF,Charpy Unnotched Impact Strength (-30°C),No Break (NB),,,,,,,,,ISO 179/1eU,temp=-30°C,3. PROPERTIES,Charpy Unnotched Impact Strength (-30°C) ISO 179/1eU No Break (NB),,new,,high,reader-r1-37,no number; no break
R-EXTRUDR-durapro-pa12-cf-TDS-en-11cea4,1,value,unmapped:Puncture Maximum Force,G053-04,DURAPRO PA12 CF,Puncture Maximum Force (-30°C),62 J,62,,J,=,,,,,ISO 6603-2,temp=-30°C,3. PROPERTIES,Puncture Maximum Force (-30°C) ISO 6603-2 J 62,,new,,high,reader-r1-37,
R-EXTRUDR-durapro-pa12-cf-TDS-en-11cea4,1,value,unmapped:Multiaxial instrumented impact peak force,G053-04,DURAPRO PA12 CF,"Multiaxial Instrumented Impact Test, Peak Force -30°C",5400 N,5400,,N,=,,,,,ISO 6603-2,temp=-30°C,3. PROPERTIES,"Multiaxial Instrumented Impact Test, Peak Force -30°C ISO 6603-2 N 5400",,new,,high,reader-r1-37,
R-EXTRUDR-durapro-pa12-cf-TDS-en-11cea4,1,value,HDT,G053-04,DURAPRO PA12 CF,"Heat Deflection Temperature (DTUL) 0.45 MPa, unannealed",139 °C,139,,°C,=,,,,unannealed,ISO 75-2/B,load=0.45 MPa,3. PROPERTIES,"Heat Deflection Temperature (DTUL) 0.45 MPa, unannealed ISO 75-2/B °C 139",V008211,confirms,139 °C,high,reader-r1-37,
R-EXTRUDR-durapro-pa12-cf-TDS-en-11cea4,1,value,HDT,G053-04,DURAPRO PA12 CF,"Heat Deflection Temperature (DTUL) 1.8 MPa, unannealed",58 °C,58,,°C,=,,,,unannealed,ISO 75-2/A,load=1.8 MPa,3. PROPERTIES,"Heat Deflection Temperature (DTUL) 1.8 MPa, unannealed ISO 75-2/A °C 58",V008212,confirms,58 °C,high,reader-r1-37,
R-EXTRUDR-durapro-pa12-cf-TDS-en-11cea4,1,value,Vicat softening temperature,G053-04,DURAPRO PA12 CF,Vicat Softening Temperature,145 °C,145,,°C,=,,,,,ISO 306/B50,method=B50,3. PROPERTIES,Vicat Softening Temperature ISO 306/B50 °C 145,V008213,confirms,145 °C,high,reader-r1-37,
R-EXTRUDR-durapro-pa12-cf-TDS-en-11cea4,1,value,Vicat softening temperature,G053-04,DURAPRO PA12 CF,High thermal resistance (VICAT A 142°C),142°C,142,,°C,=,,,,,,method=A,2. FEATURES,High thermal resistance (VICAT A 142°C),,new,,medium,reader-r1-37,features bullet; no standard printed; differs from the table's Vicat B50 145 °C
R-EXTRUDR-durapro-pa12-cf-TDS-en-11cea4,1,value,unmapped:Mass Temperature,G053-04,DURAPRO PA12 CF,Mass Temperature,185 °C,185,,°C,=,,,,,ISO 11357-3,,3. PROPERTIES,Mass Temperature ISO 11357-3 °C 185,,new,,medium,reader-r1-37,label as printed; ISO 11357-3 is a melting/crystallization method but the label does not say melting
R-EXTRUDR-durapro-pa12-cf-TDS-en-11cea4,1,value,Coefficient of thermal expansion,G053-04,DURAPRO PA12 CF,CLTE Flow,1.0E-4 cm/cm/°C,1.0E-4,,cm/cm/°C,=,Flow,,,,ISO 11359-2,,3. PROPERTIES,CLTE Flow ISO 11359-2 cm/cm/°C 1.0E-4,,new,,high,reader-r1-37,prints a power of ten; direction 'Flow' is in the label
R-EXTRUDR-durapro-pa12-cf-TDS-en-11cea4,1,value,Surface resistivity,G053-04,DURAPRO PA12 CF,Specific Surface Resistance,1.0E+14 ohms,1.0E+14,,ohms,=,,,,,IEC 60093,,3. PROPERTIES,Specific Surface Resistance IEC 60093 ohms 1.0E+14,,new,,high,reader-r1-37,prints a power of ten
R-EXTRUDR-durapro-pa12-cf-TDS-en-11cea4,1,value,Volume resistivity,G053-04,DURAPRO PA12 CF,Specific Volume Resistivity,1.0E+14 ohms cm,1.0E+14,,ohms cm,=,,,,,IEC 60093,,3. PROPERTIES,Specific Volume Resistivity IEC 60093 ohms cm 1.0E+14,,new,,high,reader-r1-37,prints a power of ten
R-EXTRUDR-durapro-pa12-cf-TDS-en-11cea4,1,value,Dielectric strength,G053-04,DURAPRO PA12 CF,Dielectric Strength,25 kV/mm,25,,kV/mm,=,,,,,IEC 60243-1,,3. PROPERTIES,Dielectric Strength IEC 60243-1 kV/mm 25,V008214,confirms,25 kV/mm,high,reader-r1-37,
R-EXTRUDR-durapro-pa12-cf-TDS-en-11cea4,1,value,Comparative tracking index,G053-04,DURAPRO PA12 CF,Comparative Tracking Index (CTI),500 V,500,,V,=,,,,,IEC 60112,,3. PROPERTIES,Comparative Tracking Index (CTI) IEC 60112 V 500,,new,,high,reader-r1-37,
R-EXTRUDR-durapro-pa12-cf-TDS-en-11cea4,1,setting,hardened_nozzle,G053-04,DURAPRO PA12 CF,Features,Hardened nozzle min. 0.5 mm is recommended,0.5,,mm,,,,,,,,2. FEATURES,Hardened nozzle min. 0.5 mm is recommended,P0766,confirms,TRUE,medium,reader-r1-37,"hardened nozzle recommended, minimum 0.5 mm"
R-EXTRUDR-durapro-pa12-cf-TDS-en-11cea4,2,setting,nozzle,G053-04,DURAPRO PA12 CF,Nozzle,260-290 °C,260,290,°C,,,,,,,,PRINT SETTINGS,Nozzle 260-290 °C,P0766,confirms,260-290 °C,high,reader-r1-37,
R-EXTRUDR-durapro-pa12-cf-TDS-en-11cea4,2,setting,bed,G053-04,DURAPRO PA12 CF,Heatbed,110 °C,110,,°C,,,,,,,,PRINT SETTINGS,Heatbed 110 °C,P0766,confirms,110 °C,high,reader-r1-37,
R-EXTRUDR-durapro-pa12-cf-TDS-en-11cea4,2,setting,other,G053-04,DURAPRO PA12 CF,Adhesive,recommended,,,,,,,,,,,PRINT SETTINGS,Adhesive recommended,,new,,high,reader-r1-37,
R-EXTRUDR-durapro-pa12-cf-TDS-en-11cea4,2,setting,print_speed,G053-04,DURAPRO PA12 CF,Speed,150 mm/s,150,,mm/s,,,,,,,,PRINT SETTINGS,Speed 150 mm/s,,new,,high,reader-r1-37,
R-EXTRUDR-durapro-pa12-cf-TDS-en-11cea4,2,setting,fan,G053-04,DURAPRO PA12 CF,Cooling,0-50%,0,50,%,,,,,,,,PRINT SETTINGS,Cooling 0-50%,,new,,high,reader-r1-37,
R-EXTRUDR-durapro-pa12-cf-TDS-en-11cea4,2,setting,enclosure,G053-04,DURAPRO PA12 CF,Enclosed Space,yes,,,,,,,,,,,PRINT SETTINGS,Enclosed Space yes,P0766,confirms,yes,high,reader-r1-37,
R-EXTRUDR-durapro-pa12-cf-TDS-en-11cea4,2,setting,hardened_nozzle,G053-04,DURAPRO PA12 CF,Hardened Nozzle,yes,,,,,,,,,,,PRINT SETTINGS,Hardened Nozzle yes,P0766,confirms,TRUE,high,reader-r1-37,
R-EXTRUDR-durapro-pa12-cf-TDS-en-11cea4,2,setting,other,G053-04,DURAPRO PA12 CF,Max. Volumetric Speed,8 mm³/s,8,,mm³/s,,,,,,,,PRINT SETTINGS,Max. Volumetric Speed 8 mm³/s,,new,,high,reader-r1-37,
R-EXTRUDR-durapro-pa12-cf-TDS-en-11cea4,2,setting,nozzle_diameter,G053-04,DURAPRO PA12 CF,Recommended settings,0.5 mm Nozzle,0.5,,mm,,,,,,,,PRINT SETTINGS,Recommended settings for printers with a 0.5 mm Nozzle. Max. 50% layerheight. Optimal print settings may vary between different printers and also depend on environmental factors.,,new,,high,reader-r1-37,also: Max. 50% layerheight
R-EXTRUDR-durapro-pa12-cf-TDS-en-11cea4,2,setting,other,G053-04,DURAPRO PA12 CF,Storage,Store in a dry room at room temperature (18-27°C / 65-80°F).,18,27,°C,,,,,,,,5. STORAGE AND SHELF LIFE,Store in a dry room at room temperature (18-27°C / 65-80°F).,,new,,high,reader-r1-37,storage advice; shelf life 2 years
R-EXTRUDR-durapro-pa12-cf-TDS-it,1,identity,grade,G053-04,DURAPRO PA12 CF,DURAPRO PA12 CF,DURAPRO PA12 CF,,,,,,,,,,,,SCHEDA TECNICA DURAPRO PA12 CF,,new,,high,reader-r1-37,Italian edition; property labels are in German
R-EXTRUDR-durapro-pa12-cf-TDS-it,1,identity,filler,G053-04,DURAPRO PA12 CF,Descrizione,rinforzo con fibre di carbonio,,,,,,,,,,,1. DESCRIZIONE,tramite il rinforzo con fibre di carbonio,,new,,high,reader-r1-37,
R-EXTRUDR-durapro-pa12-cf-TDS-it,1,value,Density,G053-04,DURAPRO PA12 CF,Dichte,1.03 g/cm³,1.03,,g/cm³,=,,,,,ISO 1183,,3. PROPRIETÀ,Dichte ISO 1183 g/cm³ 1.03,V006201,confirms,1.03 g/cm³,high,reader-r1-37,
R-EXTRUDR-durapro-pa12-cf-TDS-it,1,value,Melt volume-flow rate,G053-04,DURAPRO PA12 CF,"Schmelzevolumenrate (MVR) 235°C/5,0 kg",7 cm³/10min,7,,cm³/10min,=,,,,,ISO 1133,"temp=235°C; load=5,0 kg",3. PROPRIETÀ,"Schmelzevolumenrate (MVR) 235°C/5,0 kg ISO 1133 cm³/10min 7",,new,,high,reader-r1-37,
R-EXTRUDR-durapro-pa12-cf-TDS-it,1,value,Water absorption,G053-04,DURAPRO PA12 CF,Wasseraufnahme (Sättigung 23°C),1.6 %,1.6,,%,=,,,saturation 23°C,,ISO 62,temp=23°C,3. PROPRIETÀ,Wasseraufnahme (Sättigung 23°C) ISO 62 % 1.6,,new,,high,reader-r1-37,
R-EXTRUDR-durapro-pa12-cf-TDS-it,1,value,Tensile modulus,G053-04,DURAPRO PA12 CF,Zug-E-Modul,2820 MPa,2820,,MPa,=,,,,,ISO 527-1,,3. PROPRIETÀ,Zug-E-Modul ISO 527-1 MPa 2820,V006202,confirms,2820 MPa,high,reader-r1-37,
R-EXTRUDR-durapro-pa12-cf-TDS-it,1,value,Tensile strength (endpoint unspecified),G053-04,DURAPRO PA12 CF,Zugfestigkeit (Einsinkweg),"60,4 MPa",60.4,,MPa,=,,,,,ISO 527-2,,3. PROPRIETÀ,"Zugfestigkeit (Einsinkweg) ISO 527-2 MPa 60,4",,new,,medium,reader-r1-37,label '(Einsinkweg)' printed as such; decimal comma
R-EXTRUDR-durapro-pa12-cf-TDS-it,1,value,Elongation at yield,G053-04,DURAPRO PA12 CF,Streckdehnung (Einsinkweg),4 %,4,,%,=,,,,,ISO 527-2,,3. PROPRIETÀ,Streckdehnung  (Einsinkweg) ISO 527-2 % 4,V006203,confirms,4 %,high,reader-r1-37,Streckdehnung = strain at yield
R-EXTRUDR-durapro-pa12-cf-TDS-it,1,value,Elongation at break,G053-04,DURAPRO PA12 CF,nominelle Bruchdehnung,>35 %,35,,%,>,,,,,ISO 527-2,,3. PROPRIETÀ,nominelle Bruchdehnung ISO 527-2 % >35,,new,,high,reader-r1-37,
R-EXTRUDR-durapro-pa12-cf-TDS-it,1,value,Charpy strength,G053-04,DURAPRO PA12 CF,Charpy Kerbschlagzähigkeit (+23°C),9 kJ/m²,9,,kJ/m²,=,,,,,ISO 179/1eA,temp=+23°C,3. PROPRIETÀ,Charpy Kerbschlagzähigkeit (+23°C) ISO 179/1eA kJ/m² 9,V006204,confirms,9 kJ/m²,high,reader-r1-37,notched
R-EXTRUDR-durapro-pa12-cf-TDS-it,1,value,Charpy strength,G053-04,DURAPRO PA12 CF,Charpy Kerbschlagzähigkeit (-30°C),5 kJ/m²,5,,kJ/m²,=,,,,,ISO 179/1eA,temp=-30°C,3. PROPRIETÀ,Charpy Kerbschlagzähigkeit (-30°C) ISO 179/1eA kJ/m² 5,V006205,confirms,5 kJ/m²,high,reader-r1-37,notched
R-EXTRUDR-durapro-pa12-cf-TDS-it,1,value,unmapped:Charpy unnotched impact strength,G053-04,DURAPRO PA12 CF,"Charpy Schlagzähigkeit, ungekerbt (+23°C)",Nessuna Rottura (NR),,,,,,,,,ISO 179/1eU,temp=+23°C,3. PROPRIETÀ,"Charpy Schlagzähigkeit, ungekerbt (+23°C) ISO 179/1eU Nessuna Rottura (NR)",,new,,high,reader-r1-37,no number; no break
R-EXTRUDR-durapro-pa12-cf-TDS-it,1,value,unmapped:Charpy unnotched impact strength,G053-04,DURAPRO PA12 CF,"Charpy Schlagzähigkeit, ungekerbt (-30°C)",Nessuna Rottura (NR),,,,,,,,,ISO 179/1eU,temp=-30°C,3. PROPRIETÀ,"Charpy Schlagzähigkeit, ungekerbt (-30°C) ISO 179/1eU Nessuna Rottura (NR)",,new,,high,reader-r1-37,no number; no break
R-EXTRUDR-durapro-pa12-cf-TDS-it,1,value,unmapped:Durchstoß-Maximalkraft,G053-04,DURAPRO PA12 CF,Durchstoß-Maximalkraft (-30°C),62 J,62,,J,=,,,,,ISO 6603-2,temp=-30°C,3. PROPRIETÀ,Durchstoß-Maximalkraft  (-30°C) ISO 6603-2 J 62,,new,,high,reader-r1-37,puncture maximum force
R-EXTRUDR-durapro-pa12-cf-TDS-it,1,value,unmapped:Mehraxialer Instrumentierter Schlagversuch Spitzenkraft,G053-04,DURAPRO PA12 CF,"Mehraxialer Instrumentierter Schlagversuch, Spitzenkraft -30°C",5400 N,5400,,N,=,,,,,ISO 6603-2,temp=-30°C,3. PROPRIETÀ,"Mehraxialer Instrumentierter Schlagversuch, Spitzenkraft -30°C ISO 6603-2 N 5400",,new,,high,reader-r1-37,
R-EXTRUDR-durapro-pa12-cf-TDS-it,1,value,HDT,G053-04,DURAPRO PA12 CF,"Formbeständigkeitstemperatur (DTUL) 0.45 MPa, ungeglüht",139 °C,139,,°C,=,,,,ungeglüht,ISO 75-2/B,load=0.45 MPa,3. PROPRIETÀ,"Formbeständigkeitstemperatur (DTUL) 0.45 MPa, ungeglüht ISO 75-2/B °C 139",,new,,high,reader-r1-37,ungeglüht = unannealed
R-EXTRUDR-durapro-pa12-cf-TDS-it,1,value,HDT,G053-04,DURAPRO PA12 CF,"Formbeständigkeitstemperatur (DTUL) 1.8 MPa, ungeglüht",58 °C,58,,°C,=,,,,ungeglüht,ISO 75-2/A,load=1.8 MPa,3. PROPRIETÀ,"Formbeständigkeitstemperatur (DTUL) 1.8 MPa, ungeglüht ISO 75-2/A °C 58",,new,,high,reader-r1-37,ungeglüht = unannealed
R-EXTRUDR-durapro-pa12-cf-TDS-it,1,value,Vicat softening temperature,G053-04,DURAPRO PA12 CF,Vicat-Erweiterungstemperatur,145 °C,145,,°C,=,,,,,ISO 306/B50,method=B50,3. PROPRIETÀ,Vicat-Erweiterungstemperatur ISO 306/B50 °C 145,V006206,confirms,145 °C,high,reader-r1-37,
R-EXTRUDR-durapro-pa12-cf-TDS-it,1,value,Vicat softening temperature,G053-04,DURAPRO PA12 CF,Elevata resistenza termica (VICAT A 142°C),142°C,142,,°C,=,,,,,,method=A,2. CARATTERISTICHE,Elevata resistenza termica (VICAT A 142°C),,new,,medium,reader-r1-37,features bullet; no standard printed; differs from the table's Vicat B50 145 °C
R-EXTRUDR-durapro-pa12-cf-TDS-it,1,value,unmapped:Massetemperatur,G053-04,DURAPRO PA12 CF,Massetemperatur,185 °C,185,,°C,=,,,,,ISO 11357-3,,3. PROPRIETÀ,Massetemperatur ISO 11357-3 °C 185,,new,,medium,reader-r1-37,label as printed
R-EXTRUDR-durapro-pa12-cf-TDS-it,1,value,Coefficient of thermal expansion,G053-04,DURAPRO PA12 CF,CLTE Fluss,1.0E-4 cm/cm/°C,1.0E-4,,cm/cm/°C,=,Fluss,,,,ISO 11359-2,,3. PROPRIETÀ,CLTE Fluss ISO 11359-2 cm/cm/°C 1.0E-4,,new,,high,reader-r1-37,prints a power of ten; direction 'Fluss' (flow) is in the label
R-EXTRUDR-durapro-pa12-cf-TDS-it,1,value,Surface resistivity,G053-04,DURAPRO PA12 CF,Spez. Oberflächenwiderstand,1.0E+14 ohms,1.0E+14,,ohms,=,,,,,IEC 60093,,3. PROPRIETÀ,Spez. Oberflächenwiderstand IEC 60093 ohms 1.0E+14,,new,,high,reader-r1-37,prints a power of ten
R-EXTRUDR-durapro-pa12-cf-TDS-it,1,value,Volume resistivity,G053-04,DURAPRO PA12 CF,Spez. Durchgangswiderstand,1.0E+14 ohms cm,1.0E+14,,ohms cm,=,,,,,IEC 60093,,3. PROPRIETÀ,Spez. Durchgangswiderstand IEC 60093 ohms cm 1.0E+14,,new,,high,reader-r1-37,prints a power of ten
R-EXTRUDR-durapro-pa12-cf-TDS-it,1,value,Dielectric strength,G053-04,DURAPRO PA12 CF,Durchschlagfestigkeit,25 kV/mm,25,,kV/mm,=,,,,,IEC 60243-1,,3. PROPRIETÀ,Durchschlagfestigkeit IEC 60243-1 kV/mm 25,,new,,high,reader-r1-37,
R-EXTRUDR-durapro-pa12-cf-TDS-it,1,value,Comparative tracking index,G053-04,DURAPRO PA12 CF,Vergleichszahl der Kriechwegbildung (CTI),500 V,500,,V,=,,,,,IEC 60112,,3. PROPRIETÀ,Vergleichszahl der Kriechwegbildung (CTI) IEC 60112 V 500,,new,,high,reader-r1-37,
R-EXTRUDR-durapro-pa12-cf-TDS-it,1,setting,hardened_nozzle,G053-04,DURAPRO PA12 CF,Caratteristiche,"Ugello temprato min. 0,5 mm","0,5",,mm,,,,,,,,2. CARATTERISTICHE,"Ugello temprato min. 0,5 mm",,new,,medium,reader-r1-37,hardened nozzle minimum 0.5 mm; decimal comma
R-EXTRUDR-durapro-pa12-cf-TDS-it,2,setting,nozzle,G053-04,DURAPRO PA12 CF,Ugello,260-290 °C,260,290,°C,,,,,,,,IMPOSTAZIONI DI STAMPA,Ugello 260-290 °C,,new,,high,reader-r1-37,
R-EXTRUDR-durapro-pa12-cf-TDS-it,2,setting,bed,G053-04,DURAPRO PA12 CF,Piano riscaldato,110 °C,110,,°C,,,,,,,,IMPOSTAZIONI DI STAMPA,Piano riscaldato 110 °C,,new,,high,reader-r1-37,
R-EXTRUDR-durapro-pa12-cf-TDS-it,2,setting,other,G053-04,DURAPRO PA12 CF,Adesivo,Raccomandato,,,,,,,,,,,IMPOSTAZIONI DI STAMPA,Adesivo Raccomandato,,new,,high,reader-r1-37,
R-EXTRUDR-durapro-pa12-cf-TDS-it,2,setting,print_speed,G053-04,DURAPRO PA12 CF,Velocità,150 mm/s,150,,mm/s,,,,,,,,IMPOSTAZIONI DI STAMPA,Velocità 150 mm/s,,new,,high,reader-r1-37,
R-EXTRUDR-durapro-pa12-cf-TDS-it,2,setting,fan,G053-04,DURAPRO PA12 CF,Raffreddamento,0-50%,0,50,%,,,,,,,,IMPOSTAZIONI DI STAMPA,Raffreddamento 0-50%,,new,,high,reader-r1-37,
R-EXTRUDR-durapro-pa12-cf-TDS-it,2,setting,enclosure,G053-04,DURAPRO PA12 CF,Spazio chiuso,sì,,,,,,,,,,,IMPOSTAZIONI DI STAMPA,Spazio chiuso sì,,new,,high,reader-r1-37,
R-EXTRUDR-durapro-pa12-cf-TDS-it,2,setting,hardened_nozzle,G053-04,DURAPRO PA12 CF,Ugello rinforzato,sì,,,,,,,,,,,IMPOSTAZIONI DI STAMPA,Ugello rinforzato sì,,new,,high,reader-r1-37,
R-EXTRUDR-durapro-pa12-cf-TDS-it,2,setting,other,G053-04,DURAPRO PA12 CF,Velocità volumetrica massima,8 mm³/s,8,,mm³/s,,,,,,,,IMPOSTAZIONI DI STAMPA,Velocità volumetrica massima 8 mm³/s,,new,,high,reader-r1-37,
R-EXTRUDR-durapro-pa12-cf-TDS-it,2,setting,nozzle_diameter,G053-04,DURAPRO PA12 CF,Impostazioni consigliate,"ugello da 0,5 mm","0,5",,mm,,,,,,,,IMPOSTAZIONI DI STAMPA,"Impostazioni consigliate per stampanti con ugello da 0,5 mm. Altezza massima livello 50%.",,new,,high,reader-r1-37,decimal comma; also max layer height 50 %
R-EXTRUDR-durapro-pa12-cf-TDS-it,2,setting,other,G053-04,DURAPRO PA12 CF,Stoccaggio,Conservare in un ambiente asciutto a temperatura ambiente (18-27°C / 65-80°F).,18,27,°C,,,,,,,,5. STOCCAGGIO E DURATA A MAGAZZINO,Conservare in un ambiente asciutto a temperatura ambiente (18-27°C / 65-80°F).,,new,,high,reader-r1-37,storage advice; shelf life 2 years
R-EXTRUDR-durapro-pa6-cf-TDS-en,1,identity,grade,G050-05,DURAPRO PA6 CF,DURAPRO PA6 CF,DURAPRO PA6 CF,,,,,,,,,,,,TECHNICAL DATA SHEET DURAPRO PA6 CF,,new,,high,reader-r1-37,
R-EXTRUDR-durapro-pa6-cf-TDS-en,1,identity,filler,G050-05,DURAPRO PA6 CF,Description,carbon fibre reinforced polyamide,,,,,,,,,,,1. DESCRIPTION,DuraPro PA6 CF is a carbon fibre reinforced highly functional polyamide,,new,,high,reader-r1-37,
R-EXTRUDR-durapro-pa6-cf-TDS-en,1,value,Density,G050-05,DURAPRO PA6 CF,Density,1.15 g/cm³,1.15,,g/cm³,=,,,,,ISO 1183,,3. PROPERTIES,Density ISO 1183 g/cm³ 1.15,V004322,confirms,1.15 g/cm³,high,reader-r1-37,
R-EXTRUDR-durapro-pa6-cf-TDS-en,1,value,Melt volume-flow rate,G050-05,DURAPRO PA6 CF,Melt Volume Rate (MVR) 275°C/5.0 kg,140 cm³/10min,140,,cm³/10min,=,,,,,ISO 1133,temp=275°C; load=5.0 kg,3. PROPERTIES,Melt Volume Rate (MVR) 275°C/5.0 kg ISO 1133 cm³/10min 140,V004323,confirms,140 cm³/10min,high,reader-r1-37,
R-EXTRUDR-durapro-pa6-cf-TDS-en,1,value,Water absorption,G050-05,DURAPRO PA6 CF,Water Absorption (Saturation 23°C),9 %,9,,%,=,,,saturation 23°C,,ISO 62,temp=23°C,3. PROPERTIES,Water Absorption (Saturation 23°C) ISO 62 % 9,V004324,confirms,9 %,high,reader-r1-37,
R-EXTRUDR-durapro-pa6-cf-TDS-en,1,value,Tensile modulus,G050-05,DURAPRO PA6 CF,Tensile Modulus,1100 MPa,1100,,MPa,=,,,,,ISO 527-1,,3. PROPERTIES,Tensile Modulus ISO 527-1 MPa 1100,V004325,confirms,1100 MPa,high,reader-r1-37,
R-EXTRUDR-durapro-pa6-cf-TDS-en,1,value,Mould shrinkage,G050-05,DURAPRO PA6 CF,Molding Shrinkage parallel,0.5 %,0.5,,%,=,parallel,,,,ISO 294-4,,3. PROPERTIES,Molding Shrinkage parallel ISO 294-4 % 0.5,,new,,high,reader-r1-37,
R-EXTRUDR-durapro-pa6-cf-TDS-en,1,value,Mould shrinkage,G050-05,DURAPRO PA6 CF,Molding Shrinkage normal,0.8 %,0.8,,%,=,normal,,,,ISO 294-4,,3. PROPERTIES,Molding Shrinkage normal ISO 294-4 % 0.8,,new,,high,reader-r1-37,
R-EXTRUDR-durapro-pa6-cf-TDS-en,1,value,Elongation at break,G050-05,DURAPRO PA6 CF,Nominal Elongation at Break,4.0 %,4.0,,%,=,,,,,ISO 527-2,,3. PROPERTIES,Nominal Elongation at Break ISO 527-2 % 4.0,V004326,confirms,4.0 %,high,reader-r1-37,
R-EXTRUDR-durapro-pa6-cf-TDS-en,1,value,Charpy strength,G050-05,DURAPRO PA6 CF,Charpy Notched Impact Strength (+23°C),16 kJ/m²,16,,kJ/m²,=,,,,,ISO 179/1eA,temp=+23°C,3. PROPERTIES,Charpy Notched Impact Strength (+23°C) ISO 179/1eA kJ/m² 16,V004327,confirms,16 kJ/m²,high,reader-r1-37,notched
R-EXTRUDR-durapro-pa6-cf-TDS-en,1,value,unmapped:Charpy unnotched impact strength,G050-05,DURAPRO PA6 CF,Charpy Unnotched Impact Strength (+23°C),No Break (NB),,,,,,,,,ISO 179/1eU,temp=+23°C,3. PROPERTIES,Charpy Unnotched Impact Strength (+23°C) ISO 179/1eU No Break (NB),,new,,high,reader-r1-37,no number; no break
R-EXTRUDR-durapro-pa6-cf-TDS-en,1,value,Izod impact strength,G050-05,DURAPRO PA6 CF,Izod Notched Impact Strength (+23°C),5 kJ/m²,5,,kJ/m²,=,,,,,ISO 180,temp=+23°C,3. PROPERTIES,Izod Notched Impact Strength (+23°C) ISO 180 kJ/m² 5,V004328,confirms,5 kJ/m²,high,reader-r1-37,notched
R-EXTRUDR-durapro-pa6-cf-TDS-en,1,value,HDT,G050-05,DURAPRO PA6 CF,"Heat Deflection Temperature (DTUL) 0.45 MPa, unannealed",170 °C,170,,°C,=,,,,unannealed,ISO 75-2/B,load=0.45 MPa,3. PROPERTIES,"Heat Deflection Temperature (DTUL) 0.45 MPa, unannealed ISO 75-2/B °C 170",V004329,confirms,170 °C,high,reader-r1-37,
R-EXTRUDR-durapro-pa6-cf-TDS-en,1,value,HDT,G050-05,DURAPRO PA6 CF,"Heat Deflection Temperature (DTUL) 1.8 MPa, unannealed",105 °C,105,,°C,=,,,,unannealed,ISO 75-2/A,load=1.8 MPa,3. PROPERTIES,"Heat Deflection Temperature (DTUL) 1.8 MPa, unannealed ISO 75-2/A °C 105",V004330,confirms,105 °C,high,reader-r1-37,
R-EXTRUDR-durapro-pa6-cf-TDS-en,1,value,Surface resistivity,G050-05,DURAPRO PA6 CF,Specific Surface Resistance,1E10 Ohm,1E10,,Ohm,=,,,,,IEC 60093,,3. PROPERTIES,Specific Surface Resistance IEC 60093 Ohm 1E10,,new,,high,reader-r1-37,prints a power of ten
R-EXTRUDR-durapro-pa6-cf-TDS-en,1,value,Volume resistivity,G050-05,DURAPRO PA6 CF,Specific Volume Resistivity,1E10 Ohm*m,1E10,,Ohm*m,=,,,,,IEC 60093,,3. PROPERTIES,Specific Volume Resistivity IEC 60093 Ohm*m 1E10,,new,,high,reader-r1-37,prints a power of ten; unit Ohm*m
R-EXTRUDR-durapro-pa6-cf-TDS-en,1,value,Tensile yield strength,G050-05,DURAPRO PA6 CF,Yield Stress,60 MPa,60,,MPa,=,,,,,ISO 527,,3. PROPERTIES,Yield Stress ISO 527 MPa 60,V004331,confirms,60 MPa,high,reader-r1-37,
R-EXTRUDR-durapro-pa6-cf-TDS-en,1,value,Elongation at yield,G050-05,DURAPRO PA6 CF,Yield Strain,3.5 %,3.5,,%,=,,,,,ISO 527,,3. PROPERTIES,Yield Strain ISO 527 % 3.5,V004332,confirms,3.5 %,high,reader-r1-37,
R-EXTRUDR-durapro-pa6-cf-TDS-en,1,setting,nozzle,G050-05,DURAPRO PA6 CF,Nozzle,270-300 °C,270,300,°C,,,,,,,,PRINT SETTINGS,Nozzle 270-300 °C,P0394,confirms,270-300 °C,high,reader-r1-37,
R-EXTRUDR-durapro-pa6-cf-TDS-en,1,setting,bed,G050-05,DURAPRO PA6 CF,Heatbed,80-100 °C,80,100,°C,,,,,,,,PRINT SETTINGS,Heatbed 80-100 °C,P0394,confirms,80-100 °C,high,reader-r1-37,
R-EXTRUDR-durapro-pa6-cf-TDS-en,1,setting,other,G050-05,DURAPRO PA6 CF,Adhesive,Yes,,,,,,,,,,,PRINT SETTINGS,Adhesive Yes,,new,,high,reader-r1-37,
R-EXTRUDR-durapro-pa6-cf-TDS-en,1,setting,print_speed,G050-05,DURAPRO PA6 CF,Speed,20-150 mm/s,20,150,mm/s,,,,,,,,PRINT SETTINGS,Speed 20-150 mm/s,,new,,high,reader-r1-37,
R-EXTRUDR-durapro-pa6-cf-TDS-en,1,setting,fan,G050-05,DURAPRO PA6 CF,Cooling,10-40%,10,40,%,,,,,,,,PRINT SETTINGS,Cooling 10-40%,,new,,high,reader-r1-37,
R-EXTRUDR-durapro-pa6-cf-TDS-en,1,setting,enclosure,G050-05,DURAPRO PA6 CF,Enclosed Space,Yes,,,,,,,,,,,PRINT SETTINGS,Enclosed Space Yes,P0394,confirms,Yes,high,reader-r1-37,
R-EXTRUDR-durapro-pa6-cf-TDS-en,1,setting,hardened_nozzle,G050-05,DURAPRO PA6 CF,Hardened Nozzle,Yes,,,,,,,,,,,PRINT SETTINGS,Hardened Nozzle Yes,P0394,confirms,TRUE,high,reader-r1-37,
R-EXTRUDR-durapro-pa6-cf-TDS-en,1,setting,other,G050-05,DURAPRO PA6 CF,Max. Volumetric Speed,10-18 mm³/s,10,18,mm³/s,,,,,,,,PRINT SETTINGS,Max. Volumetric Speed 10-18 mm³/s,,new,,high,reader-r1-37,
R-EXTRUDR-durapro-pa6-cf-TDS-en,1,setting,nozzle_diameter,G050-05,DURAPRO PA6 CF,Note,at least 0.6 mm,0.6,,mm,,,,,,,,PRINT SETTINGS,a nozzle diameter of at least 0.6 mm should be used to prevent clogging and ensure smooth extrusion,,new,,high,reader-r1-37,minimum diameter
R-EXTRUDR-durapro-pa6-cf-TDS-en,1,setting,hardened_nozzle,G050-05,DURAPRO PA6 CF,Note,hardened nozzle (e.g. hardened steel or ruby nozzle) strongly recommended,,,,,,,,,,,PRINT SETTINGS,Due to the abrasive nature of the carbon fibers a hardened nozzle (e.g. hardened steel or ruby nozzle) is strongly recommended,,new,,high,reader-r1-37,
R-EXTRUDR-durapro-pa6-cf-TDS-en,2,setting,other,G050-05,DURAPRO PA6 CF,Storage,Store in a dry room at room temperature (18-27°C / 65-80°F).,18,27,°C,,,,,,,,5. STORAGE AND SHELF LIFE,Store in a dry room at room temperature (18-27°C / 65-80°F).,,new,,high,reader-r1-37,storage advice; shelf life 2 years
R-EXTRUDR-durapro-pa6-gf-TDS-en,1,identity,grade,G051-05,DURAPRO PA6 GF,DURAPRO PA6 GF,DURAPRO PA6 GF,,,,,,,,,,,,TECHNICAL DATA SHEET DURAPRO PA6 GF,,new,,high,reader-r1-37,
R-EXTRUDR-durapro-pa6-gf-TDS-en,1,identity,filler,G051-05,DURAPRO PA6 GF,Description,glass fibre reinforced polyamide,,,,,,,,,,,1. DESCRIPTION,DuraPro PA6 GF is a glass fibre reinforced highly functional polyamide,,new,,high,reader-r1-37,
R-EXTRUDR-durapro-pa6-gf-TDS-en,1,value,Density,G051-05,DURAPRO PA6 GF,Density,1.21 g/cm³,1.21,,g/cm³,=,,,,,ISO 1183,,3. PROPERTIES,Density ISO 1183 g/cm³ 1.21,V004299,confirms,1.21 g/cm³,high,reader-r1-37,
R-EXTRUDR-durapro-pa6-gf-TDS-en,1,value,Melt volume-flow rate,G051-05,DURAPRO PA6 GF,Melt Volume Rate (MVR) 275°C/5.0 kg,140 cm³/10min,140,,cm³/10min,=,,,,,ISO 1133,temp=275°C; load=5.0 kg,3. PROPERTIES,Melt Volume Rate (MVR) 275°C/5.0 kg ISO 1133 cm³/10min 140,V004300,confirms,140 cm³/10min,high,reader-r1-37,
R-EXTRUDR-durapro-pa6-gf-TDS-en,1,value,Water absorption,G051-05,DURAPRO PA6 GF,Water Absorption (Saturation 23°C),9 %,9,,%,=,,,saturation 23°C,,ISO 62,temp=23°C,3. PROPERTIES,Water Absorption (Saturation 23°C) ISO 62 % 9,V004301,confirms,9 %,high,reader-r1-37,
R-EXTRUDR-durapro-pa6-gf-TDS-en,1,value,Tensile modulus,G051-05,DURAPRO PA6 GF,Tensile Modulus,2400 MPa,2400,,MPa,=,,,,,ISO 527-1,,3. PROPERTIES,Tensile Modulus ISO 527-1 MPa 2400,V004302,confirms,2400 MPa,high,reader-r1-37,
R-EXTRUDR-durapro-pa6-gf-TDS-en,1,value,Mould shrinkage,G051-05,DURAPRO PA6 GF,Molding Shrinkage parallel,0.6 %,0.6,,%,=,parallel,,,,ISO 294-4,,3. PROPERTIES,Molding Shrinkage parallel ISO 294-4 % 0.6,,new,,high,reader-r1-37,
R-EXTRUDR-durapro-pa6-gf-TDS-en,1,value,Mould shrinkage,G051-05,DURAPRO PA6 GF,Molding Shrinkage normal,0.9 %,0.9,,%,=,normal,,,,ISO 294-4,,3. PROPERTIES,Molding Shrinkage normal ISO 294-4 % 0.9,,new,,high,reader-r1-37,
R-EXTRUDR-durapro-pa6-gf-TDS-en,1,value,Elongation at break,G051-05,DURAPRO PA6 GF,Nominal Elongation at Break,3.8 %,3.8,,%,=,,,,,ISO 527-2,,3. PROPERTIES,Nominal Elongation at Break ISO 527-2 % 3.8,V004303,confirms,3.8 %,high,reader-r1-37,
R-EXTRUDR-durapro-pa6-gf-TDS-en,1,value,Charpy strength,G051-05,DURAPRO PA6 GF,Charpy Notched Impact Strength (+23°C),18 kJ/m²,18,,kJ/m²,=,,,,,ISO 179/1eA,temp=+23°C,3. PROPERTIES,Charpy Notched Impact Strength (+23°C) ISO 179/1eA kJ/m² 18,V004304,confirms,18 kJ/m²,high,reader-r1-37,notched
R-EXTRUDR-durapro-pa6-gf-TDS-en,1,value,unmapped:Charpy unnotched impact strength,G051-05,DURAPRO PA6 GF,Charpy Unnotched Impact Strength (+23°C),No Break (NB),,,,,,,,,ISO 179/1eU,temp=+23°C,3. PROPERTIES,Charpy Unnotched Impact Strength (+23°C) ISO 179/1eU No Break (NB),,new,,high,reader-r1-37,no number; no break
R-EXTRUDR-durapro-pa6-gf-TDS-en,1,value,Izod impact strength,G051-05,DURAPRO PA6 GF,Izod Notched Impact Strength (+23°C),5.2 kJ/m²,5.2,,kJ/m²,=,,,,,ISO 180,temp=+23°C,3. PROPERTIES,Izod Notched Impact Strength (+23°C) ISO 180 kJ/m² 5.2,V004305,confirms,5.2 kJ/m²,high,reader-r1-37,notched
R-EXTRUDR-durapro-pa6-gf-TDS-en,1,value,HDT,G051-05,DURAPRO PA6 GF,"Heat Deflection Temperature (DTUL) 0.45 MPa, unannealed",210 °C,210,,°C,=,,,,unannealed,ISO 75-2/B,load=0.45 MPa,3. PROPERTIES,"Heat Deflection Temperature (DTUL) 0.45 MPa, unannealed ISO 75-2/B °C 210",V004306,confirms,210 °C,high,reader-r1-37,
R-EXTRUDR-durapro-pa6-gf-TDS-en,1,value,HDT,G051-05,DURAPRO PA6 GF,"Heat Deflection Temperature (DTUL) 1.8 MPa, unannealed",95 °C,95,,°C,=,,,,unannealed,ISO 75-2/A,load=1.8 MPa,3. PROPERTIES,"Heat Deflection Temperature (DTUL) 1.8 MPa, unannealed ISO 75-2/A °C 95",V004307,confirms,95 °C,high,reader-r1-37,
R-EXTRUDR-durapro-pa6-gf-TDS-en,1,value,Surface resistivity,G051-05,DURAPRO PA6 GF,Specific Surface Resistance,1E10 Ohm,1E10,,Ohm,=,,,,,IEC 60093,,3. PROPERTIES,Specific Surface Resistance IEC 60093 Ohm 1E10,,new,,high,reader-r1-37,prints a power of ten
R-EXTRUDR-durapro-pa6-gf-TDS-en,1,value,Volume resistivity,G051-05,DURAPRO PA6 GF,Specific Volume Resistivity,1E10 Ohms m,1E10,,Ohms m,=,,,,,IEC 60093,,3. PROPERTIES,Specific Volume Resistivity IEC 60093 Ohms m 1E10,,new,,high,reader-r1-37,prints a power of ten; unit Ohms m
R-EXTRUDR-durapro-pa6-gf-TDS-en,1,value,Tensile yield strength,G051-05,DURAPRO PA6 GF,Yield Stress,55 MPa,55,,MPa,=,,,,,ISO 527,,3. PROPERTIES,Yield Stress ISO 527 MPa 55,V004308,confirms,55 MPa,high,reader-r1-37,
R-EXTRUDR-durapro-pa6-gf-TDS-en,1,value,Elongation at yield,G051-05,DURAPRO PA6 GF,Yield Strain,3.2 %,3.2,,%,=,,,,,ISO 527,,3. PROPERTIES,Yield Strain ISO 527 % 3.2,V004309,confirms,3.2 %,high,reader-r1-37,
R-EXTRUDR-durapro-pa6-gf-TDS-en,1,setting,nozzle,G051-05,DURAPRO PA6 GF,Nozzle,270-300 °C,270,300,°C,,,,,,,,PRINT SETTINGS,Nozzle 270-300 °C,P0391,confirms,270-300 °C,high,reader-r1-37,
R-EXTRUDR-durapro-pa6-gf-TDS-en,1,setting,bed,G051-05,DURAPRO PA6 GF,Heatbed,80-100 °C,80,100,°C,,,,,,,,PRINT SETTINGS,Heatbed 80-100 °C,P0391,confirms,80-100 °C,high,reader-r1-37,
R-EXTRUDR-durapro-pa6-gf-TDS-en,1,setting,other,G051-05,DURAPRO PA6 GF,Adhesive,Yes,,,,,,,,,,,PRINT SETTINGS,Adhesive Yes,,new,,high,reader-r1-37,
R-EXTRUDR-durapro-pa6-gf-TDS-en,1,setting,print_speed,G051-05,DURAPRO PA6 GF,Speed,20-150 mm/s,20,150,mm/s,,,,,,,,PRINT SETTINGS,Speed 20-150 mm/s,,new,,high,reader-r1-37,
R-EXTRUDR-durapro-pa6-gf-TDS-en,1,setting,fan,G051-05,DURAPRO PA6 GF,Cooling,10-40%,10,40,%,,,,,,,,PRINT SETTINGS,Cooling 10-40%,,new,,high,reader-r1-37,
R-EXTRUDR-durapro-pa6-gf-TDS-en,1,setting,enclosure,G051-05,DURAPRO PA6 GF,Enclosed Space,Yes,,,,,,,,,,,PRINT SETTINGS,Enclosed Space Yes,P0391,confirms,Yes,high,reader-r1-37,
R-EXTRUDR-durapro-pa6-gf-TDS-en,1,setting,hardened_nozzle,G051-05,DURAPRO PA6 GF,Hardened Nozzle,Yes,,,,,,,,,,,PRINT SETTINGS,Hardened Nozzle Yes,P0391,confirms,TRUE,high,reader-r1-37,
R-EXTRUDR-durapro-pa6-gf-TDS-en,1,setting,other,G051-05,DURAPRO PA6 GF,Max. Volumetric Speed,10-18 mm³/s,10,18,mm³/s,,,,,,,,PRINT SETTINGS,Max. Volumetric Speed 10-18 mm³/s,,new,,high,reader-r1-37,
R-EXTRUDR-durapro-pa6-gf-TDS-en,1,setting,nozzle_diameter,G051-05,DURAPRO PA6 GF,Note,at least 0.6 mm,0.6,,mm,,,,,,,,PRINT SETTINGS,a nozzle diameter of at least 0.6 mm should be used to prevent clogging and ensure smooth extrusion,,new,,high,reader-r1-37,minimum diameter
R-EXTRUDR-durapro-pa6-gf-TDS-en,1,setting,hardened_nozzle,G051-05,DURAPRO PA6 GF,Note,hardened nozzle (e.g. hardened steel or ruby nozzle) strongly recommended,,,,,,,,,,,PRINT SETTINGS,Due to the abrasive nature of the glass fibers a hardened nozzle (e.g. hardened steel or ruby nozzle) is strongly recommended,,new,,high,reader-r1-37,
R-EXTRUDR-durapro-pa6-gf-TDS-en,2,setting,other,G051-05,DURAPRO PA6 GF,Storage,Store in a dry room at room temperature (18-27°C / 65-80°F).,18,27,°C,,,,,,,,5. STORAGE AND SHELF LIFE,Store in a dry room at room temperature (18-27°C / 65-80°F).,,new,,high,reader-r1-37,storage advice; shelf life 2 years
R-EXTRUDR-durapro-pc-fr-v0-TDS-en,1,identity,grade,G035-11,DURAPRO PC FR V0,DURAPRO PC FR V0,DURAPRO PC FR V0,,,,,,,,,,,,TECHNICAL DATA SHEET DURAPRO PC FR V0,,new,,high,reader-r1-37,
R-EXTRUDR-durapro-pc-fr-v0-TDS-en,1,identity,polymer,G035-11,DURAPRO PC FR V0,Description,flame-retardant polycarbonate compound,,,,,,,,,,,1. DESCRIPTION,DuraPro PC-FR V0 is a UL 94 classified flame-retardant polycarbonate compound,,new,,high,reader-r1-37,
R-EXTRUDR-durapro-pc-fr-v0-TDS-en,1,value,Melt volume-flow rate,G035-11,DURAPRO PC FR V0,"Melt volume-flow rate (MVR) 260 °C / 5,0 kg",11 cm³/10 min,11,,cm³/10 min,=,,,,,ISO 1133,"temp=260 °C; load=5,0 kg",3. PROPERTIES,"Melt volume-flow rate (MVR) 260 °C / 5,0 kg ISO 1133 cm³/10 min 11",V004277,confirms,11 cm³/10 min,high,reader-r1-37,
R-EXTRUDR-durapro-pc-fr-v0-TDS-en,1,value,Mould shrinkage,G035-11,DURAPRO PC FR V0,"Molding shrinkage, parallel",0.5–0.7 %,0.5,0.7,%,=,parallel,,,,ISO 2577,,3. PROPERTIES,"Molding shrinkage, parallel ISO 2577 % 0.5–0.7",,new,,high,reader-r1-37,
R-EXTRUDR-durapro-pc-fr-v0-TDS-en,1,value,Mould shrinkage,G035-11,DURAPRO PC FR V0,"Molding shrinkage, normal",0.5–0.7 %,0.5,0.7,%,=,normal,,,,ISO 2577,,3. PROPERTIES,"Molding shrinkage, normal ISO 2577 % 0.5–0.7",,new,,high,reader-r1-37,
R-EXTRUDR-durapro-pc-fr-v0-TDS-en,1,value,Tensile modulus,G035-11,DURAPRO PC FR V0,Tensile modulus,2650 MPa,2650,,MPa,=,,,,,"ISO 527-1,-2",,3. PROPERTIES,"Tensile modulus ISO 527-1,-2 MPa 2650",V004278,confirms,2650 MPa,high,reader-r1-37,
R-EXTRUDR-durapro-pc-fr-v0-TDS-en,1,value,Tensile yield strength,G035-11,DURAPRO PC FR V0,Yield stress,69 MPa,69,,MPa,=,,,,,"ISO 527-1,-2",,3. PROPERTIES,"Yield stress ISO 527-1,-2 MPa 69",V004279,confirms,69 MPa,high,reader-r1-37,
R-EXTRUDR-durapro-pc-fr-v0-TDS-en,1,value,Elongation at yield,G035-11,DURAPRO PC FR V0,Yield strain,5 %,5,,%,=,,,,,"ISO 527-1,-2",,3. PROPERTIES,"Yield strain ISO 527-1,-2 % 5",V004280,confirms,5 %,high,reader-r1-37,
R-EXTRUDR-durapro-pc-fr-v0-TDS-en,1,value,Elongation at break,G035-11,DURAPRO PC FR V0,Strain at break,> 50 %,50,,%,>,,,,,"ISO 527-1,-2",,3. PROPERTIES,"Strain at break ISO 527-1,-2 % > 50",V004281,confirms,50 %,high,reader-r1-37,
R-EXTRUDR-durapro-pc-fr-v0-TDS-en,1,value,Tensile break strength,G035-11,DURAPRO PC FR V0,Stress at break,53 MPa,53,,MPa,=,,,,,"ISO 527-1,-2",,3. PROPERTIES,"Stress at break ISO 527-1,-2 MPa 53",V004282,confirms,53 MPa,high,reader-r1-37,
R-EXTRUDR-durapro-pc-fr-v0-TDS-en,1,value,unmapped:Izod impact strength unnotched,G035-11,DURAPRO PC FR V0,Izod impact strength (23 °C),N,,,kJ/m²,=,,,,,ISO 180/U,temp=23 °C,3. PROPERTIES,Izod impact strength (23 °C) ISO 180/U kJ/m² N,,new,,medium,reader-r1-37,value cell prints only 'N' (presumably no break); no number
R-EXTRUDR-durapro-pc-fr-v0-TDS-en,1,value,Izod impact strength,G035-11,DURAPRO PC FR V0,Izod notched impact strength (23 °C),40 kJ/m²,40,,kJ/m²,=,,,,,ISO 180/A,temp=23 °C,3. PROPERTIES,Izod notched impact strength (23 °C) ISO 180/A kJ/m² 40,V004283,confirms,40 kJ/m²,high,reader-r1-37,notched
R-EXTRUDR-durapro-pc-fr-v0-TDS-en,1,value,Izod impact strength,G035-11,DURAPRO PC FR V0,Izod notched impact strength (-30 °C),10 kJ/m²,10,,kJ/m²,=,,,,,ISO 180/A,temp=-30 °C,3. PROPERTIES,Izod notched impact strength (-30 °C) ISO 180/A kJ/m² 10,V004284,confirms,10 kJ/m²,high,reader-r1-37,notched
R-EXTRUDR-durapro-pc-fr-v0-TDS-en,1,value,unmapped:Ball indentation hardness,G035-11,DURAPRO PC FR V0,Ball indentation hardness,108 N/mm²,108,,N/mm²,=,,,,,ISO 2039-1,,3. PROPERTIES,Ball indentation hardness ISO 2039-1 N/mm² 108,,new,,high,reader-r1-37,
R-EXTRUDR-durapro-pc-fr-v0-TDS-en,1,value,HDT,G035-11,DURAPRO PC FR V0,Temperature of deflection under load 1.8 Mpa,98 °C,98,,°C,=,,,,,"ISO 75-1,-2",load=1.8 Mpa,3. PROPERTIES,"Temperature of deflection under load 1.8 Mpa ISO 75-1,-2 °C 98",V004285,confirms,98 °C,high,reader-r1-37,
R-EXTRUDR-durapro-pc-fr-v0-TDS-en,1,value,HDT,G035-11,DURAPRO PC FR V0,Temperature of deflection under loead 0.45 Mpa,106 °C,106,,°C,=,,,,,"ISO 75-1,-2",load=0.45 Mpa,3. PROPERTIES,"Temperature of deflection under loead 0.45 Mpa ISO 75-1,-2 °C 106",,new,,high,reader-r1-37,label misspelt 'loead' on the sheet
R-EXTRUDR-durapro-pc-fr-v0-TDS-en,1,value,Vicat softening temperature,G035-11,DURAPRO PC FR V0,VICAT softening temperature B,115 °C,115,,°C,=,,,,,ISO 306,method=B,3. PROPERTIES,VICAT softening temperature B ISO 306 °C 115,V004286,confirms,115 °C,high,reader-r1-37,
R-EXTRUDR-durapro-pc-fr-v0-TDS-en,1,value,Coefficient of thermal expansion,G035-11,DURAPRO PC FR V0,"Coefficient of linear thermal expansion, parallel",0.68 10-⁴/K,0.68,,10-⁴/K,=,parallel,,,,"ISO 11359-1,-2",,3. PROPERTIES,"Coefficient of linear thermal expansion, parallel ISO 11359-1,-2 10-⁴/K 0.68",,new,,high,reader-r1-37,unit printed '10-⁴/K' (x10^-4 per K)
R-EXTRUDR-durapro-pc-fr-v0-TDS-en,1,value,Coefficient of thermal expansion,G035-11,DURAPRO PC FR V0,"Coefficient of linear thermal expansion, normal",0.72 10-⁴/K,0.72,,10-⁴/K,=,normal,,,,"ISO 11359-1,-2",,3. PROPERTIES,"Coefficient of linear thermal expansion, normal ISO 11359-1,-2 10-⁴/K 0.72",,new,,high,reader-r1-37,unit printed '10-⁴/K' (x10^-4 per K)
R-EXTRUDR-durapro-pc-fr-v0-TDS-en,1,value,unmapped:Burning behavior UL 94,G035-11,DURAPRO PC FR V0,Burning behavior UL 94 (1.5 mm),V-0,,,,,,,,,UL 94,thickness=1.5 mm,3. PROPERTIES,Burning behavior UL 94 (1.5 mm) UL 94 V-0,,new,,high,reader-r1-37,
R-EXTRUDR-durapro-pc-fr-v0-TDS-en,1,value,unmapped:Burning behavior UL 94-5V,G035-11,DURAPRO PC FR V0,Burning behavior UL 94-5V (2.0 mm),5VB,,,,,,,,,UL 94,thickness=2.0 mm,3. PROPERTIES,Burning behavior UL 94-5V (2.0 mm) UL 94 5VB,,new,,high,reader-r1-37,
R-EXTRUDR-durapro-pc-fr-v0-TDS-en,1,value,unmapped:Burning behavior UL 94-5V,G035-11,DURAPRO PC FR V0,Burning behavior UL 94-5V (3.0 mm),5VA,,,,,,,,,UL 94,thickness=3.0 mm,3. PROPERTIES,Burning behavior UL 94-5V (3.0 mm) UL 94 5VA,,new,,high,reader-r1-37,
R-EXTRUDR-durapro-pc-fr-v0-TDS-en,1,value,unmapped:Fire protection for railway vehicles R22,G035-11,DURAPRO PC FR V0,Fire protection for railway vehicles R22,"HL3 (1,5–3)",,,mm,=,,,,,EN 45545-2,,3. PROPERTIES,"Fire protection for railway vehicles R22 EN 45545-2 mm HL3 (1,5–3)",,new,,high,reader-r1-37,hazard level HL3 for thickness range 1.5 to 3 mm
R-EXTRUDR-durapro-pc-fr-v0-TDS-en,1,value,unmapped:Fire protection for railway vehicles R23,G035-11,DURAPRO PC FR V0,Fire protection for railway vehicles R23,"HL3 (1,5–3)",,,mm,=,,,,,EN 45545-2,,3. PROPERTIES,"Fire protection for railway vehicles R23 EN 45545-2 mm HL3 (1,5–3)",,new,,high,reader-r1-37,hazard level HL3 for thickness range 1.5 to 3 mm
R-EXTRUDR-durapro-pc-fr-v0-TDS-en,1,value,unmapped:Fire protection for railway vehicles R24,G035-11,DURAPRO PC FR V0,Fire protection for railway vehicles R24,"HL3 (1,5–3)",,,mm,=,,,,,EN 45545-2,,3. PROPERTIES,"Fire protection for railway vehicles R24 EN 45545-2 mm HL3 (1,5–3)",,new,,high,reader-r1-37,hazard level HL3 for thickness range 1.5 to 3 mm
R-EXTRUDR-durapro-pc-fr-v0-TDS-en,1,value,Thermal conductivity,G035-11,DURAPRO PC FR V0,"Thermal conductivity, normal",0.2 W/(m·K),0.2,,W/(m·K),=,normal,,,,ISO 8302,,3. PROPERTIES,"Thermal conductivity, normal ISO 8302 W/(m·K) 0.2",V004287,confirms,0.2 W/(m·K),high,reader-r1-37,
R-EXTRUDR-durapro-pc-fr-v0-TDS-en,1,value,unmapped:Glow wire flammability index (GWFI),G035-11,DURAPRO PC FR V0,Glow wire flammability index (GWFI),750 °C,750,,°C,=,,,,,IEC 60695-2-12,,3. PROPERTIES,Glow wire flammability index (GWFI) IEC 60695-2-12 °C 750,,new,,high,reader-r1-37,
R-EXTRUDR-durapro-pc-fr-v0-TDS-en,1,value,Relative permittivity,G035-11,DURAPRO PC FR V0,Relative permittivity 100Hz,3.2,3.2,,,=,,,,,IEC 60250,frequency=100Hz,3. PROPERTIES,Relative permittivity 100Hz IEC 60250 - 3.2,,new,,high,reader-r1-37,unit cell prints '-'
R-EXTRUDR-durapro-pc-fr-v0-TDS-en,1,value,Relative permittivity,G035-11,DURAPRO PC FR V0,Relative permittivity 1MHz,3.1,3.1,,,=,,,,,IEC 60250,frequency=1MHz,3. PROPERTIES,Relative permittivity 1MHz IEC 60250 - 3.1,,new,,high,reader-r1-37,unit cell prints '-'
R-EXTRUDR-durapro-pc-fr-v0-TDS-en,1,context,thermal,,,Footnote,,,,,,,,,,,thickness=min 4 mm,3. PROPERTIES,*Temperature resistance tested at a minimum wall thickness of 4 mm.,,new,,high,reader-r1-37,footnote printed on page 2 under the second properties table; no asterisk marks a value
R-EXTRUDR-durapro-pc-fr-v0-TDS-en,2,value,unmapped:Dissipation factor,G035-11,DURAPRO PC FR V0,Dissipation factor 100Hz,37 10-⁴,37,,10-⁴,=,,,,,IEC 60250,frequency=100Hz,3. PROPERTIES,Dissipation factor 100Hz IEC 60250 10-⁴ 37,,new,,high,reader-r1-37,
R-EXTRUDR-durapro-pc-fr-v0-TDS-en,2,value,unmapped:Dissipation factor,G035-11,DURAPRO PC FR V0,Dissipation factor 1MHz,75 10-⁴,75,,10-⁴,=,,,,,IEC 60250,frequency=1MHz,3. PROPERTIES,Dissipation factor 1MHz IEC 60250 10-⁴ 75,,new,,high,reader-r1-37,
R-EXTRUDR-durapro-pc-fr-v0-TDS-en,2,value,Volume resistivity,G035-11,DURAPRO PC FR V0,Volume resistivity,1E15 Ohm·m,1E15,,Ohm·m,=,,,,,IEC 62631-3-1,,3. PROPERTIES,Volume resistivity IEC 62631-3-1 Ohm·m 1E15,,new,,high,reader-r1-37,prints a power of ten; unit Ohm·m
R-EXTRUDR-durapro-pc-fr-v0-TDS-en,2,value,Surface resistivity,G035-11,DURAPRO PC FR V0,Surface resistivity,1E17 Ohm,1E17,,Ohm,=,,,,,IEC 62631-3-2,,3. PROPERTIES,Surface resistivity IEC 62631-3-2 Ohm 1E17,,new,,high,reader-r1-37,prints a power of ten
R-EXTRUDR-durapro-pc-fr-v0-TDS-en,2,value,Dielectric strength,G035-11,DURAPRO PC FR V0,Electrical strength,35 kV/mm,35,,kV/mm,=,,,,,IEC 60243-1,,3. PROPERTIES,Electrical strength IEC 60243-1 kV/mm 35,,new,,high,reader-r1-37,
R-EXTRUDR-durapro-pc-fr-v0-TDS-en,2,value,Comparative tracking index,G035-11,DURAPRO PC FR V0,Comparative tracking index CTI,Stufe 350,350,,Stufe,=,,,,,IEC 60112,,3. PROPERTIES,Comparative tracking index CTI IEC 60112 Stufe 350,,new,,medium,reader-r1-37,unit cell prints German 'Stufe' (grade/level)
R-EXTRUDR-durapro-pc-fr-v0-TDS-en,2,value,Water absorption,G035-11,DURAPRO PC FR V0,Water absorption (saturation value),0.5 %,0.5,,%,=,,,saturation,,ISO 62,,3. PROPERTIES,Water absorption (saturation value) ISO 62 % 0.5,V004288,confirms,0.5 %,high,reader-r1-37,
R-EXTRUDR-durapro-pc-fr-v0-TDS-en,2,value,Water absorption,G035-11,DURAPRO PC FR V0,Water absorption (equilibrium value),0.2 %,0.2,,%,=,,,equilibrium,,ISO 62,,3. PROPERTIES,Water absorption (equilibrium value) ISO 62 % 0.2,V004289,confirms,0.2 %,high,reader-r1-37,
R-EXTRUDR-durapro-pc-fr-v0-TDS-en,2,value,Density,G035-11,DURAPRO PC FR V0,Density,1190 kg/m³,1190,,kg/m³,=,,,,,ISO 1183-1,,3. PROPERTIES,Density ISO 1183-1 kg/m³ 1190,V004290,confirms,1190 kg/m³,high,reader-r1-37,
R-EXTRUDR-durapro-pc-fr-v0-TDS-en,2,setting,nozzle,G035-11,DURAPRO PC FR V0,Nozzle,260-290 °C,260,290,°C,,,,,,,,PRINT SETTINGS,Nozzle 260-290 °C,P0389,confirms,260-290 °C,high,reader-r1-37,
R-EXTRUDR-durapro-pc-fr-v0-TDS-en,2,setting,bed,G035-11,DURAPRO PC FR V0,Heatbed,110 °C,110,,°C,,,,,,,,PRINT SETTINGS,Heatbed 110 °C,P0389,confirms,110 °C,high,reader-r1-37,
R-EXTRUDR-durapro-pc-fr-v0-TDS-en,2,setting,other,G035-11,DURAPRO PC FR V0,Adhesive,recommended,,,,,,,,,,,PRINT SETTINGS,Adhesive recommended,,new,,high,reader-r1-37,
R-EXTRUDR-durapro-pc-fr-v0-TDS-en,2,setting,print_speed,G035-11,DURAPRO PC FR V0,Speed,max. 280 mm/s,280,,mm/s,,,,,,,,PRINT SETTINGS,Speed max. 280 mm/s,,new,,high,reader-r1-37,printed as an upper limit ('max.')
R-EXTRUDR-durapro-pc-fr-v0-TDS-en,2,setting,fan,G035-11,DURAPRO PC FR V0,Cooling,10-40 %,10,40,%,,,,,,,,PRINT SETTINGS,Cooling 10-40 %,,new,,high,reader-r1-37,
R-EXTRUDR-durapro-pc-fr-v0-TDS-en,2,setting,enclosure,G035-11,DURAPRO PC FR V0,Enclosed chamber,Yes,,,,,,,,,,,PRINT SETTINGS,Enclosed chamber Yes,P0389,confirms,Yes,high,reader-r1-37,
R-EXTRUDR-durapro-pc-fr-v0-TDS-en,2,setting,hardened_nozzle,G035-11,DURAPRO PC FR V0,Hardened nozzle,No,,,,,,,,,,,PRINT SETTINGS,Hardened nozzle No,P0389,confirms,FALSE,high,reader-r1-37,
R-EXTRUDR-durapro-pc-fr-v0-TDS-en,2,setting,other,G035-11,DURAPRO PC FR V0,Max. volumetric flow rate,18 mm³/s,18,,mm³/s,,,,,,,,PRINT SETTINGS,Max. volumetric flow rate 18 mm³/s,,new,,high,reader-r1-37,
R-EXTRUDR-durapro-pc-fr-v0-TDS-en,2,setting,nozzle_diameter,G035-11,DURAPRO PC FR V0,Recommended settings,0.4 mm Nozzle,0.4,,mm,,,,,,,,PRINT SETTINGS,Recommended settings for printers with a 0.4 mm Nozzle. Max. 50% layerheight. Optimal print settings may vary between different printers and also depend on environmental factors.,,new,,high,reader-r1-37,also: Max. 50% layerheight
R-EXTRUDR-durapro-pc-fr-v0-TDS-en,2,value,unmapped:EN 45545-2 R22 oxygen index (ISO 4589-2),G035-11,DURAPRO PC FR V0,R22 ISO 4589-2 Ol (%),≥ 32,32,,%,>,,,,,ISO 4589-2,,4. REQUIREMENTS ACCORDING TO EN 45545-2,R22 ISO 4589-2 Ol (%) ≥ 28 ≥ 28 ≥ 32 ≥ 32,,new,,medium,reader-r1-37,VALUE column of the requirement table (HL1 ≥ 28; HL2 ≥ 28; HL3 ≥ 32); printed ≥ so operator > only limits
R-EXTRUDR-durapro-pc-fr-v0-TDS-en,2,value,unmapped:EN 45545-2 R22 smoke density Ds max (ISO 5659-2),G035-11,DURAPRO PC FR V0,R22 ISO 5659-2 Ds max. (-),50,50,,-,=,,,,,ISO 5659-2,,4. REQUIREMENTS ACCORDING TO EN 45545-2,R22 ISO 5659-2 Ds max. (-) ≤ 600 ≤ 300 ≤ 150 50,,new,,medium,reader-r1-37,VALUE column; limits HL1 ≤ 600; HL2 ≤ 300; HL3 ≤ 150
R-EXTRUDR-durapro-pc-fr-v0-TDS-en,2,value,unmapped:EN 45545-2 R22 toxicity CITG (EN 17084),G035-11,DURAPRO PC FR V0,R22 EN 17084 CIT (-),0.01,0.01,,-,=,,,,,EN 17084,,4. REQUIREMENTS ACCORDING TO EN 45545-2,R22 EN 17084 CIT (-) ≤ 1.2 ≤ 0.9 ≤ 0.75 0.01,,new,,medium,reader-r1-37,VALUE column; limits HL1 ≤ 1.2; HL2 ≤ 0.9; HL3 ≤ 0.75
R-EXTRUDR-durapro-pc-fr-v0-TDS-en,2,value,unmapped:EN 45545-2 R23 oxygen index (ISO 4589-2),G035-11,DURAPRO PC FR V0,R23 ISO 4589-2 Ol (%),≥ 32,32,,%,>,,,,,ISO 4589-2,,4. REQUIREMENTS ACCORDING TO EN 45545-2,R23 ISO 4589-2 Ol (%) ≥ 28 ≥ 28 ≥ 32 ≥ 32,,new,,medium,reader-r1-37,VALUE column; printed ≥ so operator > only limits
R-EXTRUDR-durapro-pc-fr-v0-TDS-en,2,value,unmapped:EN 45545-2 R23 smoke density Ds max (ISO 5659-2),G035-11,DURAPRO PC FR V0,R23 ISO 5659-2 Ds max. (-),50,50,,-,=,,,,,ISO 5659-2,,4. REQUIREMENTS ACCORDING TO EN 45545-2,R23 ISO 5659-2 Ds max. (-) - ≤ 600 ≤ 300 50,,new,,medium,reader-r1-37,VALUE column; limits HL1 -; HL2 ≤ 600; HL3 ≤ 300
R-EXTRUDR-durapro-pc-fr-v0-TDS-en,2,value,unmapped:EN 45545-2 R23 toxicity CITG (EN 17084),G035-11,DURAPRO PC FR V0,R23 EN 17084 CIT (-),0.01,0.01,,-,=,,,,,EN 17084,,4. REQUIREMENTS ACCORDING TO EN 45545-2,R23 EN 17084 CIT (-) - ≤ 1.8 ≤ 1.5 0.01,,new,,medium,reader-r1-37,VALUE column; limits HL1 -; HL2 ≤ 1.8; HL3 ≤ 1.5
R-EXTRUDR-durapro-pc-fr-v0-TDS-en,3,value,unmapped:EN 45545-2 test result oxygen index 1.5 mm,G035-11,DURAPRO PC FR V0,EN ISO 4589-2 Oxygen index (1.5 mm),≥ 32 Ol (%),32,,Ol (%),>,,,,,EN ISO 4589-2,thickness=1.5 mm,5. TEST RESULTS ACCORDING TO EN 45545-2,1.5 (mm) ≥ 32 Ol (%),,new,,medium,reader-r1-37,classification T01 III - Sheet material as delivered; printed ≥ so operator > only limits
R-EXTRUDR-durapro-pc-fr-v0-TDS-en,3,value,unmapped:EN 45545-2 test result oxygen index 3.0 mm,G035-11,DURAPRO PC FR V0,EN ISO 4589-2 Oxygen index (3.0 mm),≥ 32 Ds max. (-),32,,Ds max. (-),>,,,,,EN ISO 4589-2,thickness=3.0 mm,5. TEST RESULTS ACCORDING TO EN 45545-2,3.0 (mm) ≥ 32 Ds max. (-),,new,,low,reader-r1-37,result unit cell prints 'Ds max. (-)' beside an oxygen-index row (units look shifted); copied as printed; printed ≥
R-EXTRUDR-durapro-pc-fr-v0-TDS-en,3,value,unmapped:EN 45545-2 test result smoke density 1.5 mm,G035-11,DURAPRO PC FR V0,EN ISO 5659-2 Smoke density (1.5 mm),18 CITG (-),18,,CITG (-),=,,,,,EN ISO 5659-2,thickness=1.5 mm; irradiance=25 kW/m²,5. TEST RESULTS ACCORDING TO EN 45545-2,1.5 (mm) 18 CIT (-),,new,,low,reader-r1-37,result unit cell prints 'CITG (-)' beside a smoke-density row (units look shifted); copied as printed
R-EXTRUDR-durapro-pc-fr-v0-TDS-en,3,value,unmapped:EN 45545-2 test result toxicity 1.5 mm,G035-11,DURAPRO PC FR V0,EN 17084 Method 1 (1.5 mm),< 0.01 Ol (%),0.01,,Ol (%),<,,,,,EN 17084,thickness=1.5 mm; irradiance=25 kW/m²,5. TEST RESULTS ACCORDING TO EN 45545-2,1.5 (mm) < 0.01 Ol (%),,new,,low,reader-r1-37,result unit cell prints 'Ol (%)' beside a toxicity row (units look shifted); copied as printed
R-EXTRUDR-durapro-pc-fr-v0-TDS-en,3,value,unmapped:EN 45545-2 test result smoke density 3.0 mm,G035-11,DURAPRO PC FR V0,EN ISO 5659-2 Smoke density (3.0 mm),50 Ds max. (-),50,,Ds max. (-),=,,,,,EN ISO 5659-2,thickness=3.0 mm; irradiance=25 kW/m²,5. TEST RESULTS ACCORDING TO EN 45545-2,3.0 (mm) 50 Ds max. (-),,new,,medium,reader-r1-37,
R-EXTRUDR-durapro-pc-fr-v0-TDS-en,3,value,unmapped:EN 45545-2 test result toxicity 3.0 mm,G035-11,DURAPRO PC FR V0,EN 17084 Method 1 (3.0 mm),0.01 CITG (-),0.01,,CITG (-),=,,,,,EN 17084,thickness=3.0 mm; irradiance=25 kW/m²,5. TEST RESULTS ACCORDING TO EN 45545-2,3.0 (mm) 0.01 CIT (-),,new,,medium,reader-r1-37,
R-EXTRUDR-durapro-pc-fr-v0-TDS-en,3,value,unmapped:Flame retardant UL 94 (1.5 mm),G035-11,DURAPRO PC FR V0,Certifications,FLAMERETARDANT UL 94 (1.5 mm),,,,,,,,,UL 94,thickness=1.5 mm,6. CERTIFICATIONS & ADDITIONAL INFORMATION,UL 94 (1.5 mm),,new,,high,reader-r1-37,certification icon
R-EXTRUDR-durapro-pc-fr-v0-TDS-en,3,setting,other,G035-11,DURAPRO PC FR V0,Storage,Store in a dry room at room temperature (18-27°C / 65-80°F).,18,27,°C,,,,,,,,7. STORAGE AND SHELF LIFE,Store in a dry room at room temperature (18-27°C / 65-80°F).,,new,,high,reader-r1-37,storage advice; shelf life 2 years
R-EXTRUDR-durapro-pc-fr-v0-TDS-de,1,identity,grade,G035-11,DURAPRO PC FR V0,DURAPRO PC FR V0,DURAPRO PC FR V0,,,,,,,,,,,,TECHNISCHES DATENBLATT DURAPRO PC FR V0,,new,,high,reader-r1-37,German edition
R-EXTRUDR-durapro-pc-fr-v0-TDS-de,1,identity,polymer,G035-11,DURAPRO PC FR V0,Beschreibung,flammhemmendes Polycarbonat-Compound,,,,,,,,,,,1. BESCHREIBUNG,flammhemmendes Polycarbonat-Compound,,new,,high,reader-r1-37,
R-EXTRUDR-durapro-pc-fr-v0-TDS-de,1,value,Melt volume-flow rate,G035-11,DURAPRO PC FR V0,"Schmelze-Volumenfließrate (MVR) 260 °C / 5,0 kg",11 cm³/10 min,11,,cm³/10 min,=,,,,,ISO 1133,"temp=260 °C; load=5,0 kg",3. EIGENSCHAFTEN,"Schmelze-Volumenfließrate (MVR) 260 °C / 5,0 kg ISO 1133 cm³/10 min 11",,new,,high,reader-r1-37,
R-EXTRUDR-durapro-pc-fr-v0-TDS-de,1,value,Mould shrinkage,G035-11,DURAPRO PC FR V0,"Formschwindung, parallel",0.5–0.7 %,0.5,0.7,%,=,parallel,,,,ISO 2577,,3. EIGENSCHAFTEN,"Formschwindung, parallel ISO 2577 % 0.5–0.7",,new,,high,reader-r1-37,
R-EXTRUDR-durapro-pc-fr-v0-TDS-de,1,value,Mould shrinkage,G035-11,DURAPRO PC FR V0,"Formschwindung, senkrecht",0.5–0.7 %,0.5,0.7,%,=,senkrecht,,,,ISO 2577,,3. EIGENSCHAFTEN,"Formschwindung, senkrecht ISO 2577 % 0.5–0.7",,new,,high,reader-r1-37,senkrecht = normal (perpendicular)
R-EXTRUDR-durapro-pc-fr-v0-TDS-de,1,value,Tensile modulus,G035-11,DURAPRO PC FR V0,Zug-Modul,2650 MPa,2650,,MPa,=,,,,,"ISO 527-1,-2",,3. EIGENSCHAFTEN,"Zug-Modul ISO 527-1,-2 MPa 2650",,new,,high,reader-r1-37,
R-EXTRUDR-durapro-pc-fr-v0-TDS-de,1,value,Tensile yield strength,G035-11,DURAPRO PC FR V0,Streckspannung,69 MPa,69,,MPa,=,,,,,"ISO 527-1,-2",,3. EIGENSCHAFTEN,"Streckspannung ISO 527-1,-2 MPa 69",V006426,confirms,69 MPa,high,reader-r1-37,
R-EXTRUDR-durapro-pc-fr-v0-TDS-de,1,value,Elongation at yield,G035-11,DURAPRO PC FR V0,Streckdehnung,5 %,5,,%,=,,,,,"ISO 527-1,-2",,3. EIGENSCHAFTEN,"Streckdehnung ISO 527-1,-2 % 5",V006427,confirms,5 %,high,reader-r1-37,
R-EXTRUDR-durapro-pc-fr-v0-TDS-de,1,value,Elongation at break,G035-11,DURAPRO PC FR V0,Nominelle Bruchdehnung,> 50 %,50,,%,>,,,,,"ISO 527-1,-2",,3. EIGENSCHAFTEN,"Nominelle Bruchdehnung ISO 527-1,-2 % > 50",,new,,high,reader-r1-37,
R-EXTRUDR-durapro-pc-fr-v0-TDS-de,1,value,Tensile break strength,G035-11,DURAPRO PC FR V0,Bruchspannung,53 MPa,53,,MPa,=,,,,,"ISO 527-1,-2",,3. EIGENSCHAFTEN,"Bruchspannung ISO 527-1,-2 MPa 53",,new,,high,reader-r1-37,
R-EXTRUDR-durapro-pc-fr-v0-TDS-de,1,value,unmapped:Izod impact strength unnotched,G035-11,DURAPRO PC FR V0,Izod-Schlagzähigkeit (23 °C),N,,,kJ/m²,=,,,,,ISO 180/U,temp=23 °C,3. EIGENSCHAFTEN,Izod-Schlagzähigkeit (23 °C) ISO 180/U kJ/m² N,,new,,medium,reader-r1-37,value cell prints only 'N' (presumably no break); no number
R-EXTRUDR-durapro-pc-fr-v0-TDS-de,1,value,Izod impact strength,G035-11,DURAPRO PC FR V0,Izod-Kerbschlagzähigkeit (23 °C),40 kJ/m²,40,,kJ/m²,=,,,,,ISO 180/A,temp=23 °C,3. EIGENSCHAFTEN,Izod-Kerbschlagzähigkeit (23 °C) ISO 180/A kJ/m² 40,V006428,confirms,40 kJ/m²,high,reader-r1-37,notched
R-EXTRUDR-durapro-pc-fr-v0-TDS-de,1,value,Izod impact strength,G035-11,DURAPRO PC FR V0,Izod-Kerbschlagzähigkeit (-30 °C),10 kJ/m²,10,,kJ/m²,=,,,,,ISO 180/A,temp=-30 °C,3. EIGENSCHAFTEN,Izod-Kerbschlagzähigkeit (-30 °C) ISO 180/A kJ/m² 10,V006429,confirms,10 kJ/m²,high,reader-r1-37,notched
R-EXTRUDR-durapro-pc-fr-v0-TDS-de,1,value,unmapped:Kugeldruckhärte,G035-11,DURAPRO PC FR V0,Kugeldruckhärte,108 N/mm²,108,,N/mm²,=,,,,,ISO 2039-1,,3. EIGENSCHAFTEN,Kugeldruckhärte ISO 2039-1 N/mm² 108,,new,,high,reader-r1-37,ball indentation hardness
R-EXTRUDR-durapro-pc-fr-v0-TDS-de,1,value,HDT,G035-11,DURAPRO PC FR V0,Formbeständigkeitstemperatur 1.8 Mpa,98 °C,98,,°C,=,,,,,"ISO 75-1,-2",load=1.8 Mpa,3. EIGENSCHAFTEN,"Formbeständigkeitstemperatur 1.8 Mpa ISO 75-1,-2 °C 98",,new,,high,reader-r1-37,
R-EXTRUDR-durapro-pc-fr-v0-TDS-de,1,value,HDT,G035-11,DURAPRO PC FR V0,Formbeständigkeitstemperatur 0.45 Mpa,106 °C,106,,°C,=,,,,,"ISO 75-1,-2",load=0.45 Mpa,3. EIGENSCHAFTEN,"Formbeständigkeitstemperatur 0.45 Mpa ISO 75-1,-2 °C 106",,new,,high,reader-r1-37,
R-EXTRUDR-durapro-pc-fr-v0-TDS-de,1,value,Vicat softening temperature,G035-11,DURAPRO PC FR V0,VICAT B Erweichungstemperatur,115 °C,115,,°C,=,,,,,ISO 306,method=B,3. EIGENSCHAFTEN,VICAT B Erweichungstemperatur ISO 306 °C 115,V006430,confirms,115 °C,high,reader-r1-37,
R-EXTRUDR-durapro-pc-fr-v0-TDS-de,1,value,Coefficient of thermal expansion,G035-11,DURAPRO PC FR V0,"Linearer Wärmeausdehnungskoeffizient, parallel",0.68 10-⁴/K,0.68,,10-⁴/K,=,parallel,,,,"ISO 11359-1,-2",,3. EIGENSCHAFTEN,"Linearer Wärmeausdehnungskoeffizient, parallel ISO 11359-1,-2 10-⁴/K 0.68",,new,,high,reader-r1-37,unit printed '10-⁴/K' (x10^-4 per K)
R-EXTRUDR-durapro-pc-fr-v0-TDS-de,1,value,Coefficient of thermal expansion,G035-11,DURAPRO PC FR V0,"Linearer Wärmeausdehnungskoeffizient, senkrecht",0.72 10-⁴/K,0.72,,10-⁴/K,=,senkrecht,,,,"ISO 11359-1,-2",,3. EIGENSCHAFTEN,"Linearer Wärmeausdehnungskoeffizient, senkrecht ISO 11359-1,-2 10-⁴/K 0.72",,new,,high,reader-r1-37,unit printed '10-⁴/K' (x10^-4 per K); senkrecht = normal
R-EXTRUDR-durapro-pc-fr-v0-TDS-de,1,value,unmapped:Brennverhalten UL 94,G035-11,DURAPRO PC FR V0,Brennverhalten UL 94 (1.5 mm),V-0,,,,,,,,,UL 94,thickness=1.5 mm,3. EIGENSCHAFTEN,Brennverhalten UL 94 (1.5 mm) UL 94 V-0,,new,,high,reader-r1-37,
R-EXTRUDR-durapro-pc-fr-v0-TDS-de,1,value,unmapped:Brennverhalten UL 94-5V,G035-11,DURAPRO PC FR V0,Brennverhalten UL 94-5V (2.0 mm),5VB,,,,,,,,,UL 94,thickness=2.0 mm,3. EIGENSCHAFTEN,Brennverhalten UL 94-5V (2.0 mm) UL 94 5VB,,new,,high,reader-r1-37,
R-EXTRUDR-durapro-pc-fr-v0-TDS-de,1,value,unmapped:Brennverhalten UL 94-5V,G035-11,DURAPRO PC FR V0,Brennverhalten UL 94-5V (3.0 mm),5VA,,,,,,,,,UL 94,thickness=3.0 mm,3. EIGENSCHAFTEN,Brennverhalten UL 94-5V (3.0 mm) UL 94 5VA,,new,,high,reader-r1-37,
R-EXTRUDR-durapro-pc-fr-v0-TDS-de,1,value,unmapped:Schienenfahrzeug-Brandschutz R22,G035-11,DURAPRO PC FR V0,Schienenfahrzeug-Brandschutz R22,"HL3 (1,5–3)",,,mm,=,,,,,EN 45545-2,,3. EIGENSCHAFTEN,"Schienenfahrzeug-Brandschutz R22 EN 45545-2 mm HL3 (1,5–3)",,new,,high,reader-r1-37,hazard level HL3 for thickness range 1.5 to 3 mm
R-EXTRUDR-durapro-pc-fr-v0-TDS-de,1,value,unmapped:Schienenfahrzeug-Brandschutz R23,G035-11,DURAPRO PC FR V0,Schienenfahrzeug-Brandschutz R23,"HL3 (1,5–3)",,,mm,=,,,,,EN 45545-2,,3. EIGENSCHAFTEN,"Schienenfahrzeug-Brandschutz R23 EN 45545-2 mm HL3 (1,5–3)",,new,,high,reader-r1-37,hazard level HL3 for thickness range 1.5 to 3 mm
R-EXTRUDR-durapro-pc-fr-v0-TDS-de,1,value,unmapped:Schienenfahrzeug-Brandschutz R24,G035-11,DURAPRO PC FR V0,Schienenfahrzeug-Brandschutz R24,"HL3 (1,5–3)",,,mm,=,,,,,EN 45545-2,,3. EIGENSCHAFTEN,"Schienenfahrzeug-Brandschutz R24 EN 45545-2 mm HL3 (1,5–3)",,new,,high,reader-r1-37,hazard level HL3 for thickness range 1.5 to 3 mm
R-EXTRUDR-durapro-pc-fr-v0-TDS-de,1,value,Thermal conductivity,G035-11,DURAPRO PC FR V0,"Wärmeleitfähigkeit, senkrecht",0.2 W/(m·K),0.2,,W/(m·K),=,senkrecht,,,,ISO 8302,,3. EIGENSCHAFTEN,"Wärmeleitfähigkeit, senkrecht ISO 8302 W/(m·K) 0.2",V006431,confirms,0.2 W/(m·K),high,reader-r1-37,senkrecht = normal (perpendicular)
R-EXTRUDR-durapro-pc-fr-v0-TDS-de,1,value,unmapped:Glühdrahtprüfung (GWFI),G035-11,DURAPRO PC FR V0,Glühdrahtprüfung (GWFI),750 °C,750,,°C,=,,,,,IEC 60695-2-12,,3. EIGENSCHAFTEN,Glühdrahtprüfung (GWFI) IEC 60695-2-12 °C 750,,new,,high,reader-r1-37,
R-EXTRUDR-durapro-pc-fr-v0-TDS-de,1,value,Relative permittivity,G035-11,DURAPRO PC FR V0,Relative Dielektrizitätszahl 100Hz,3.2,3.2,,,=,,,,,IEC 60250,frequency=100Hz,3. EIGENSCHAFTEN,Relative Dielektrizitätszahl 100Hz IEC 60250 - 3.2,,new,,high,reader-r1-37,unit cell prints '-'
R-EXTRUDR-durapro-pc-fr-v0-TDS-de,1,value,Relative permittivity,G035-11,DURAPRO PC FR V0,Relative Dielektrizitätszahl 1MHz,3.1,3.1,,,=,,,,,IEC 60250,frequency=1MHz,3. EIGENSCHAFTEN,Relative Dielektrizitätszahl 1MHz IEC 60250 - 3.1,,new,,high,reader-r1-37,unit cell prints '-'
R-EXTRUDR-durapro-pc-fr-v0-TDS-de,2,value,unmapped:Dielektrischer Verlustfaktor,G035-11,DURAPRO PC FR V0,Dielektrischer Verlustfaktor 100Hz,37 10-⁴,37,,10-⁴,=,,,,,IEC 60250,frequency=100Hz,3. EIGENSCHAFTEN,Dielektrischer Verlustfaktor 100Hz IEC 60250 10-⁴ 37,,new,,high,reader-r1-37,
R-EXTRUDR-durapro-pc-fr-v0-TDS-de,2,value,unmapped:Dielektrischer Verlustfaktor,G035-11,DURAPRO PC FR V0,Dielektrischer Verlustfaktor 1MHz,75 10-⁴,75,,10-⁴,=,,,,,IEC 60250,frequency=1MHz,3. EIGENSCHAFTEN,Dielektrischer Verlustfaktor 1MHz IEC 60250 10-⁴ 75,,new,,high,reader-r1-37,
R-EXTRUDR-durapro-pc-fr-v0-TDS-de,2,value,Volume resistivity,G035-11,DURAPRO PC FR V0,Spezifischer Durchgangswiderstand,1E15 Ohm·m,1E15,,Ohm·m,=,,,,,IEC 62631-3-1,,3. EIGENSCHAFTEN,Spezifischer Durchgangswiderstand IEC 62631-3-1 Ohm·m 1E15,,new,,high,reader-r1-37,prints a power of ten
R-EXTRUDR-durapro-pc-fr-v0-TDS-de,2,value,Surface resistivity,G035-11,DURAPRO PC FR V0,Spezifischer Durchgangswiderstand,1E17 Ohm,1E17,,Ohm,=,,,,,IEC 62631-3-2,,3. EIGENSCHAFTEN,Spezifischer Durchgangswiderstand IEC 62631-3-2 Ohm 1E17,,new,,medium,reader-r1-37,same label as the row above (Durchgangswiderstand = volume resistivity) but method -3-2 and unit Ohm are the surface test; the English edition labels this row Surface resistivity; prints a power of ten
R-EXTRUDR-durapro-pc-fr-v0-TDS-de,2,value,Dielectric strength,G035-11,DURAPRO PC FR V0,Elektrische Durchschlagfestigkeit,35 kV/mm,35,,kV/mm,=,,,,,IEC 60243-1,,3. EIGENSCHAFTEN,Elektrische Durchschlagfestigkeit IEC 60243-1 kV/mm 35,,new,,high,reader-r1-37,
R-EXTRUDR-durapro-pc-fr-v0-TDS-de,2,value,Comparative tracking index,G035-11,DURAPRO PC FR V0,Vergleichszahl zur Kriechwegbildung CTI,Stufe 350,350,,Stufe,=,,,,,IEC 60112,,3. EIGENSCHAFTEN,Vergleichszahl zur Kriechwegbildung CTI IEC 60112 Stufe 350,,new,,medium,reader-r1-37,unit cell prints 'Stufe' (grade/level)
R-EXTRUDR-durapro-pc-fr-v0-TDS-de,2,value,Water absorption,G035-11,DURAPRO PC FR V0,Wasseraufnahme (Sättigungswert),0.5 %,0.5,,%,=,,,saturation,,ISO 62,,3. EIGENSCHAFTEN,Wasseraufnahme (Sättigungswert) ISO 62 % 0.5,,new,,high,reader-r1-37,
R-EXTRUDR-durapro-pc-fr-v0-TDS-de,2,value,Water absorption,G035-11,DURAPRO PC FR V0,Wasseraufnahme (Gleichgewichtswert),0.2 %,0.2,,%,=,,,equilibrium,,ISO 62,,3. EIGENSCHAFTEN,Wasseraufnahme (Gleichgewichtswert) ISO 62 % 0.2,,new,,high,reader-r1-37,
R-EXTRUDR-durapro-pc-fr-v0-TDS-de,2,value,Density,G035-11,DURAPRO PC FR V0,Dichte,1190 kg/m³,1190,,kg/m³,=,,,,,ISO 1183-1,,3. EIGENSCHAFTEN,Dichte ISO 1183-1 kg/m³ 1190,V006432,confirms,1190 kg/m³,high,reader-r1-37,
R-EXTRUDR-durapro-pc-fr-v0-TDS-de,2,context,thermal,,,Fußnote,,,,,,,,,,,thickness=min 4 mm,3. EIGENSCHAFTEN,*Temperaturresistenz geprüft bei Wanddicke von mindestens 4 mm.,,new,,high,reader-r1-37,
R-EXTRUDR-durapro-pc-fr-v0-TDS-de,2,setting,nozzle,G035-11,DURAPRO PC FR V0,Düse,260-290 °C,260,290,°C,,,,,,,,DRUCKEINSTELLUNGEN,Düse 260-290 °C,,new,,high,reader-r1-37,
R-EXTRUDR-durapro-pc-fr-v0-TDS-de,2,setting,bed,G035-11,DURAPRO PC FR V0,Heizbett,110 °C,110,,°C,,,,,,,,DRUCKEINSTELLUNGEN,Heizbett 110 °C,,new,,high,reader-r1-37,
R-EXTRUDR-durapro-pc-fr-v0-TDS-de,2,setting,other,G035-11,DURAPRO PC FR V0,Haftmittel,empfohlen,,,,,,,,,,,DRUCKEINSTELLUNGEN,Haftmittel empfohlen,,new,,high,reader-r1-37,
R-EXTRUDR-durapro-pc-fr-v0-TDS-de,2,setting,print_speed,G035-11,DURAPRO PC FR V0,Geschwindigkeit,max. 280 mm/s,280,,mm/s,,,,,,,,DRUCKEINSTELLUNGEN,Geschwindigkeit max. 280 mm/s,,new,,high,reader-r1-37,printed as an upper limit ('max.')
R-EXTRUDR-durapro-pc-fr-v0-TDS-de,2,setting,fan,G035-11,DURAPRO PC FR V0,Kühlung,10-40 %,10,40,%,,,,,,,,DRUCKEINSTELLUNGEN,Kühlung 10-40 %,,new,,high,reader-r1-37,
R-EXTRUDR-durapro-pc-fr-v0-TDS-de,2,setting,enclosure,G035-11,DURAPRO PC FR V0,Geschlossener Bauraum,Ja,,,,,,,,,,,DRUCKEINSTELLUNGEN,Geschlossener Bauraum Ja,,new,,high,reader-r1-37,
R-EXTRUDR-durapro-pc-fr-v0-TDS-de,2,setting,hardened_nozzle,G035-11,DURAPRO PC FR V0,Gehärtete Nozzle,Nein,,,,,,,,,,,DRUCKEINSTELLUNGEN,Gehärtete Nozzle Nein,,new,,high,reader-r1-37,
R-EXTRUDR-durapro-pc-fr-v0-TDS-de,2,setting,other,G035-11,DURAPRO PC FR V0,max. volumetrische Geschwindigkeit,18 mm³/s,18,,mm³/s,,,,,,,,DRUCKEINSTELLUNGEN,max. volumetrische Geschwindigkeit 18 mm³/s,,new,,high,reader-r1-37,
R-EXTRUDR-durapro-pc-fr-v0-TDS-de,2,setting,nozzle_diameter,G035-11,DURAPRO PC FR V0,Vorgeschlagene Einstellungen,0.4 mm Düse,0.4,,mm,,,,,,,,DRUCKEINSTELLUNGEN,Vorgeschlagene Einstellungen für Drucker mit 0.4 mm Düse. Max. 50% Layerhöhe.,,new,,high,reader-r1-37,also: Max. 50% Layerhöhe
R-EXTRUDR-durapro-pc-fr-v0-TDS-de,2,value,unmapped:EN 45545-2 R22 oxygen index (ISO 4589-2),G035-11,DURAPRO PC FR V0,R22 ISO 4589-2 Ol (%),≥ 32,32,,%,>,,,,,ISO 4589-2,,4. ANFORDERUNGEN NACH EN 45545-2,R22 ISO 4589-2 Ol (%) ≥ 28 ≥ 28 ≥ 32 ≥ 32,,new,,medium,reader-r1-37,WERT column (HL1 ≥ 28; HL2 ≥ 28; HL3 ≥ 32); printed ≥ so operator > only limits
R-EXTRUDR-durapro-pc-fr-v0-TDS-de,2,value,unmapped:EN 45545-2 R22 smoke density Ds max (ISO 5659-2),G035-11,DURAPRO PC FR V0,R22 ISO 5659-2 Ds max. (-),50,50,,-,=,,,,,ISO 5659-2,,4. ANFORDERUNGEN NACH EN 45545-2,R22 ISO 5659-2 Ds max. (-) ≤ 600 ≤ 300 ≤ 150 50,,new,,medium,reader-r1-37,WERT column; limits HL1 ≤ 600; HL2 ≤ 300; HL3 ≤ 150
R-EXTRUDR-durapro-pc-fr-v0-TDS-de,2,value,unmapped:EN 45545-2 R22 toxicity CITG (EN 17084),G035-11,DURAPRO PC FR V0,R22 EN 17084 CIT (-),0.01,0.01,,-,=,,,,,EN 17084,,4. ANFORDERUNGEN NACH EN 45545-2,R22 EN 17084 CIT (-) ≤ 1.2 ≤ 0.9 ≤ 0.75 0.01,,new,,medium,reader-r1-37,WERT column; limits HL1 ≤ 1.2; HL2 ≤ 0.9; HL3 ≤ 0.75
R-EXTRUDR-durapro-pc-fr-v0-TDS-de,2,value,unmapped:EN 45545-2 R23 oxygen index (ISO 4589-2),G035-11,DURAPRO PC FR V0,R23 ISO 4589-2 Ol (%),≥ 32,32,,%,>,,,,,ISO 4589-2,,4. ANFORDERUNGEN NACH EN 45545-2,R23 ISO 4589-2 Ol (%) ≥ 28 ≥ 28 ≥ 32 ≥ 32,,new,,medium,reader-r1-37,WERT column; printed ≥ so operator > only limits
R-EXTRUDR-durapro-pc-fr-v0-TDS-de,2,value,unmapped:EN 45545-2 R23 smoke density Ds max (ISO 5659-2),G035-11,DURAPRO PC FR V0,R23 ISO 5659-2 Ds max. (-),50,50,,-,=,,,,,ISO 5659-2,,4. ANFORDERUNGEN NACH EN 45545-2,R23 ISO 5659-2 Ds max. (-) - ≤ 600 ≤ 300 50,,new,,medium,reader-r1-37,WERT column; limits HL1 -; HL2 ≤ 600; HL3 ≤ 300
R-EXTRUDR-durapro-pc-fr-v0-TDS-de,2,value,unmapped:EN 45545-2 R23 toxicity CITG (EN 17084),G035-11,DURAPRO PC FR V0,R23 EN 17084 CIT (-),0.01,0.01,,-,=,,,,,EN 17084,,4. ANFORDERUNGEN NACH EN 45545-2,R23 EN 17084 CIT (-) - ≤ 1.8 ≤ 1.5 0.01,,new,,medium,reader-r1-37,WERT column; limits HL1 -; HL2 ≤ 1.8; HL3 ≤ 1.5
R-EXTRUDR-durapro-pc-fr-v0-TDS-de,3,value,unmapped:EN 45545-2 test result oxygen index 1.5 mm,G035-11,DURAPRO PC FR V0,EN ISO 4589-2 Sauerstoffindex (1.5 mm),≥ 32 Ol (%),32,,Ol (%),>,,,,,EN ISO 4589-2,thickness=1.5 mm,5. PRÜFERGEBNISSE NACH EN 45545-2,1.5 (mm) ≥ 32 Ol (%),,new,,medium,reader-r1-37,T01 III - Plattenwerkstoff im Lieferzustand; printed ≥ so operator > only limits
R-EXTRUDR-durapro-pc-fr-v0-TDS-de,3,value,unmapped:EN 45545-2 test result oxygen index 3.0 mm,G035-11,DURAPRO PC FR V0,EN ISO 4589-2 Sauerstoffindex (3.0 mm),≥ 32 Ds max. (-),32,,Ds max. (-),>,,,,,EN ISO 4589-2,thickness=3.0 mm,5. PRÜFERGEBNISSE NACH EN 45545-2,3.0 (mm) ≥ 32 Ds max. (-),,new,,low,reader-r1-37,result unit cell prints 'Ds max. (-)' beside an oxygen-index row (units look shifted); copied as printed; printed ≥
R-EXTRUDR-durapro-pc-fr-v0-TDS-de,3,value,unmapped:EN 45545-2 test result smoke density 1.5 mm,G035-11,DURAPRO PC FR V0,EN ISO 5659-2 Rauchdichte (1.5 mm),18 CITG (-),18,,CITG (-),=,,,,,EN ISO 5659-2,thickness=1.5 mm; irradiance=25 kW/m²,5. PRÜFERGEBNISSE NACH EN 45545-2,1.5 (mm) 18 CIT (-),,new,,low,reader-r1-37,result unit cell prints 'CITG (-)' beside a smoke-density row (units look shifted); copied as printed
R-EXTRUDR-durapro-pc-fr-v0-TDS-de,3,value,unmapped:EN 45545-2 test result toxicity 1.5 mm,G035-11,DURAPRO PC FR V0,EN 17084 Verfahren 1 (1.5 mm),< 0.01 Ol (%),0.01,,Ol (%),<,,,,,EN 17084,thickness=1.5 mm; irradiance=25 kW/m²,5. PRÜFERGEBNISSE NACH EN 45545-2,1.5 (mm) < 0.01 Ol (%),,new,,low,reader-r1-37,result unit cell prints 'Ol (%)' beside a toxicity row (units look shifted); copied as printed
R-EXTRUDR-durapro-pc-fr-v0-TDS-de,3,value,unmapped:EN 45545-2 test result smoke density 3.0 mm,G035-11,DURAPRO PC FR V0,EN ISO 5659-2 Rauchdichte (3.0 mm),50 Ds max. (-),50,,Ds max. (-),=,,,,,EN ISO 5659-2,thickness=3.0 mm; irradiance=25 kW/m²,5. PRÜFERGEBNISSE NACH EN 45545-2,3.0 (mm) 50 Ds max. (-),,new,,medium,reader-r1-37,
R-EXTRUDR-durapro-pc-fr-v0-TDS-de,3,value,unmapped:EN 45545-2 test result toxicity 3.0 mm,G035-11,DURAPRO PC FR V0,EN 17084 Verfahren 1 (3.0 mm),0.01 CITG (-),0.01,,CITG (-),=,,,,,EN 17084,thickness=3.0 mm; irradiance=25 kW/m²,5. PRÜFERGEBNISSE NACH EN 45545-2,3.0 (mm) 0.01 CIT (-),,new,,medium,reader-r1-37,
R-EXTRUDR-durapro-pc-fr-v0-TDS-de,3,value,unmapped:Brandhemmend UL 94 (1.5 mm),G035-11,DURAPRO PC FR V0,Zertifizierungen,BRANDHEMMEND UL 94 (1.5 mm),,,,,,,,,UL 94,thickness=1.5 mm,6. ZERTIFIZIERUNGEN & WEITERE INFORMATIONEN,UL 94 (1.5 mm),,new,,high,reader-r1-37,certification icon
R-EXTRUDR-durapro-pc-fr-v0-TDS-de,3,setting,other,G035-11,DURAPRO PC FR V0,Lagerung,Lagerung bei Raumtemperatur (18-27°C / 65-80°F) im Trockenen.,18,27,°C,,,,,,,,7. LAGERUNG UND HALTBARKEIT,Lagerung bei Raumtemperatur (18-27°C / 65-80°F) im Trockenen.,,new,,high,reader-r1-37,storage advice; shelf life 2 years
R-EXTRUDR-durapro-pc-pbt-TDS-de,1,identity,grade,G095-02,DURAPRO PC-PBT,DURAPRO PC-PBT,DURAPRO PC-PBT,,,,,,,,,,,,TECHNISCHES DATENBLATT DURAPRO PC-PBT,,new,,high,reader-r1-37,German edition
R-EXTRUDR-durapro-pc-pbt-TDS-de,1,identity,polymer,G095-02,DURAPRO PC-PBT,Beschreibung,Mischung aus Polycarbonat (PC) und Polybutylenterephthalat (PBT),,,,,,,,,,,1. BESCHREIBUNG,DuraPro PC/PBT ist eine Mischung aus zwei Materialien: Polycarbonat (PC) und Polybutylenterephthalat (PBT).,,new,,high,reader-r1-37,
R-EXTRUDR-durapro-pc-pbt-TDS-de,1,value,Melt volume-flow rate,G095-02,DURAPRO PC-PBT,Schmelze-Volumenfließrate (MVR),18 cm³/10 min,18,,cm³/10 min,=,,,,,ISO 1133,,3. EIGENSCHAFTEN,Schmelze-Volumenfließrate (MVR) ISO 1133 cm³/10 min 18,,new,,high,reader-r1-37,no temperature or load printed
R-EXTRUDR-durapro-pc-pbt-TDS-de,1,value,Tensile modulus,G095-02,DURAPRO PC-PBT,Zug-Modul,2200 MPa,2200,,MPa,=,,,,,"ISO 527-1,-2",,3. EIGENSCHAFTEN,"Zug-Modul ISO 527-1,-2 MPa 2200",,new,,high,reader-r1-37,
R-EXTRUDR-durapro-pc-pbt-TDS-de,1,value,Tensile yield strength,G095-02,DURAPRO PC-PBT,Streckspannung,60 MPa,60,,MPa,=,,,,,"ISO 527-1,-2",,3. EIGENSCHAFTEN,"Streckspannung ISO 527-1,-2 MPa 60",V006207,confirms,60 MPa,high,reader-r1-37,
R-EXTRUDR-durapro-pc-pbt-TDS-de,1,value,Elongation at yield,G095-02,DURAPRO PC-PBT,Streckdehnung,5 %,5,,%,=,,,,,"ISO 527-1,-2",,3. EIGENSCHAFTEN,"Streckdehnung ISO 527-1,-2 % 5",V006208,confirms,5 %,high,reader-r1-37,
R-EXTRUDR-durapro-pc-pbt-TDS-de,1,value,Elongation at break,G095-02,DURAPRO PC-PBT,Nominelle Bruchdehnung,> 50 %,50,,%,>,,,,,"ISO 527-1,-2",,3. EIGENSCHAFTEN,"Nominelle Bruchdehnung ISO 527-1,-2 % > 50",,new,,high,reader-r1-37,
R-EXTRUDR-durapro-pc-pbt-TDS-de,1,value,Tensile break strength,G095-02,DURAPRO PC-PBT,Bruchspannung,50 MPa,50,,MPa,=,,,,,"ISO 527-1,-2",,3. EIGENSCHAFTEN,"Bruchspannung ISO 527-1,-2 MPa 50",,new,,high,reader-r1-37,
R-EXTRUDR-durapro-pc-pbt-TDS-de,1,value,Flexural modulus,G095-02,DURAPRO PC-PBT,Biege-Modul,2150 MPa,2150,,MPa,=,,,,,ISO 178,,3. EIGENSCHAFTEN,Biege-Modul ISO 178 MPa 2150,,new,,high,reader-r1-37,
R-EXTRUDR-durapro-pc-pbt-TDS-de,1,value,unmapped:Randfaserdehnung bei Höchstkraft,G095-02,DURAPRO PC-PBT,Randfaserdehnung bei Höchstkraft,6 %,6,,%,=,,,,,ISO 178,,3. EIGENSCHAFTEN,Randfaserdehnung bei Höchstkraft ISO 178 % 6,,new,,high,reader-r1-37,outer-fibre strain at maximum force (flexural)
R-EXTRUDR-durapro-pc-pbt-TDS-de,1,value,Flexural stress at conventional deflection,G095-02,DURAPRO PC-PBT,3.5 % - Biegespannung,70 MPa,70,,MPa,=,,,,,ISO 178,strain=3.5 %,3. EIGENSCHAFTEN,3.5 % - Biegespannung ISO 178 MPa 70,,new,,medium,reader-r1-37,flexural stress at 3.5 % strain
R-EXTRUDR-durapro-pc-pbt-TDS-de,1,value,Flexural strength,G095-02,DURAPRO PC-PBT,Biegefestigkeit,80 MPa,80,,MPa,=,,,,,ISO 178,,3. EIGENSCHAFTEN,Biegefestigkeit ISO 178 MPa 80,,new,,high,reader-r1-37,
R-EXTRUDR-durapro-pc-pbt-TDS-de,1,value,unmapped:Charpy impact strength unnotched,G095-02,DURAPRO PC-PBT,Charpy-Schlagzähigkeit,N,,,kJ/m²,=,,,,,ISO 179/1eU,,3. EIGENSCHAFTEN,Charpy-Schlagzähigkeit ISO 179/1eU kJ/m² N,,new,,medium,reader-r1-37,value cell prints only 'N' (presumably no break); no number
R-EXTRUDR-durapro-pc-pbt-TDS-de,1,value,Charpy strength,G095-02,DURAPRO PC-PBT,Charpy-Kerbschlagzähigkeit,60 kJ/m²,60,,kJ/m²,=,,,,,ISO 179/1eA,,3. EIGENSCHAFTEN,Charpy-Kerbschlagzähigkeit ISO 179/1eA kJ/m² 60,V006209,confirms,60 kJ/m²,high,reader-r1-37,notched; no test temperature printed
R-EXTRUDR-durapro-pc-pbt-TDS-de,1,value,unmapped:Durchstoßverhalten Maximalkraft,G095-02,DURAPRO PC-PBT,Durchstoßverhalten - Maximalkraft,3800 N,3800,,N,=,,,,,ISO 6603-2,,3. EIGENSCHAFTEN,Durchstoßverhalten - Maximalkraft ISO 6603-2 N 3800,,new,,high,reader-r1-37,puncture maximum force
R-EXTRUDR-durapro-pc-pbt-TDS-de,1,value,unmapped:Durchstoß-Arbeit,G095-02,DURAPRO PC-PBT,Durchstoß-Arbeit,47 J,47,,J,=,,,,,ISO 6603-2,,3. EIGENSCHAFTEN,Durchstoß-Arbeit ISO 6603-2 J 47,,new,,high,reader-r1-37,puncture energy
R-EXTRUDR-durapro-pc-pbt-TDS-de,1,value,unmapped:Izod impact strength unnotched,G095-02,DURAPRO PC-PBT,Izod-Schlagzähigkeit,N,,,kJ/m²,=,,,,,ISO 180/U,,3. EIGENSCHAFTEN,Izod-Schlagzähigkeit ISO 180/U kJ/m² N,,new,,medium,reader-r1-37,value cell prints only 'N' (presumably no break); no number
R-EXTRUDR-durapro-pc-pbt-TDS-de,1,value,Izod impact strength,G095-02,DURAPRO PC-PBT,Izod-Kerbschlagzähigkeit,50 kJ/m²,50,,kJ/m²,=,,,,,ISO 180/A,,3. EIGENSCHAFTEN,Izod-Kerbschlagzähigkeit ISO 180/A kJ/m² 50,V006210,confirms,50 kJ/m²,high,reader-r1-37,notched; no test temperature printed
R-EXTRUDR-durapro-pc-pbt-TDS-de,1,value,unmapped:Kugeldruckhärte,G095-02,DURAPRO PC-PBT,Kugeldruckhärte,108 N/mm²,108,,N/mm²,=,,,,,ISO 2039-1,,3. EIGENSCHAFTEN,Kugeldruckhärte ISO 2039-1 N/mm² 108,,new,,high,reader-r1-37,ball indentation hardness
R-EXTRUDR-durapro-pc-pbt-TDS-de,1,value,HDT,G095-02,DURAPRO PC-PBT,Formbeständigkeitstemperatur 1.8 Mpa,85 °C,85,,°C,=,,,,,"ISO 75-1,-2",load=1.8 Mpa,3. EIGENSCHAFTEN,"Formbeständigkeitstemperatur 1.8 Mpa ISO 75-1,-2 °C 85",,new,,high,reader-r1-37,
R-EXTRUDR-durapro-pc-pbt-TDS-de,1,value,HDT,G095-02,DURAPRO PC-PBT,Formbeständigkeitstemperatur 0.45 Mpa,110 °C,110,,°C,=,,,,,"ISO 75-1,-2",load=0.45 Mpa,3. EIGENSCHAFTEN,"Formbeständigkeitstemperatur 0.45 Mpa ISO 75-1,-2 °C 110",,new,,high,reader-r1-37,
R-EXTRUDR-durapro-pc-pbt-TDS-de,1,value,Vicat softening temperature,G095-02,DURAPRO PC-PBT,Vicat-Erweichungstemperatur,126 °C,126,,°C,=,,,,,ISO 306,,3. EIGENSCHAFTEN,Vicat-Erweichungstemperatur ISO 306 °C 126,V006211,confirms,126 °C,high,reader-r1-37,the features bullet calls it VICAT A 126°C
R-EXTRUDR-durapro-pc-pbt-TDS-de,1,value,Coefficient of thermal expansion,G095-02,DURAPRO PC-PBT,"Linearer Wärmeausdehnungskoeffizient, parallel",0.9 10-⁴/K,0.9,,10-⁴/K,=,parallel,,,,"ISO 11359-1,-2",,3. EIGENSCHAFTEN,"Linearer Wärmeausdehnungskoeffizient, parallel ISO 11359-1,-2 10-⁴/K 0.9",,new,,high,reader-r1-37,unit printed '10-⁴/K' (x10^-4 per K)
R-EXTRUDR-durapro-pc-pbt-TDS-de,1,value,Coefficient of thermal expansion,G095-02,DURAPRO PC-PBT,"Linearer Wärmeausdehnungskoeffizient, senkrecht",0.9 10-⁴/K,0.9,,10-⁴/K,=,senkrecht,,,,"ISO 11359-1,-2",,3. EIGENSCHAFTEN,"Linearer Wärmeausdehnungskoeffizient, senkrecht ISO 11359-1,-2 10-⁴/K 0.9",,new,,high,reader-r1-37,unit printed '10-⁴/K' (x10^-4 per K); senkrecht = normal
R-EXTRUDR-durapro-pc-pbt-TDS-de,1,value,unmapped:Brennverhalten UL 94,G095-02,DURAPRO PC-PBT,Brennverhalten UL 94 (1.5 mm),Klasse HB,,,Klasse,=,,,,,UL 94,thickness=1.5 mm,3. EIGENSCHAFTEN,Brennverhalten UL 94 (1.5 mm) UL 94 Klasse HB,,new,,high,reader-r1-37,rating HB at 1.5 mm
R-EXTRUDR-durapro-pc-pbt-TDS-de,1,value,Oxygen index,G095-02,DURAPRO PC-PBT,Sauerstoff-Index,21 %,21,,%,=,,,,,ISO 4589-2,,3. EIGENSCHAFTEN,Sauerstoff-Index ISO 4589-2 % 21,,new,,high,reader-r1-37,
R-EXTRUDR-durapro-pc-pbt-TDS-de,1,value,Thermal conductivity,G095-02,DURAPRO PC-PBT,"Wärmeleitfähigkeit, senkrecht",0.2 W/(m·K),0.2,,W/(m·K),=,senkrecht,,,,ISO 8302,,3. EIGENSCHAFTEN,"Wärmeleitfähigkeit, senkrecht ISO 8302 W/(m·K) 0.2",V006212,confirms,0.2 W/(m·K),high,reader-r1-37,senkrecht = normal (perpendicular)
R-EXTRUDR-durapro-pc-pbt-TDS-de,1,value,unmapped:Glühdrahtprüfung (GWFI),G095-02,DURAPRO PC-PBT,Glühdrahtprüfung (GWFI),750 °C,750,,°C,=,,,,,IEC 60695-2-12,,3. EIGENSCHAFTEN,Glühdrahtprüfung (GWFI) IEC 60695-2-12 °C 750,,new,,high,reader-r1-37,
R-EXTRUDR-durapro-pc-pbt-TDS-de,1,value,Relative permittivity,G095-02,DURAPRO PC-PBT,Relative Dielektrizitätszahl 100Hz,3.2,3.2,,,=,,,,,IEC 60250,frequency=100Hz,3. EIGENSCHAFTEN,Relative Dielektrizitätszahl  100Hz IEC 60250 - 3.2,,new,,high,reader-r1-37,unit cell prints '-'
R-EXTRUDR-durapro-pc-pbt-TDS-de,2,value,Relative permittivity,G095-02,DURAPRO PC-PBT,Relative Dielektrizitätszahl 1MHz,3.0,3.0,,,=,,,,,IEC 60250,frequency=1MHz,3. EIGENSCHAFTEN,Relative Dielektrizitätszahl  1MHz IEC 60250 - 3.0,,new,,high,reader-r1-37,unit cell prints '-'
R-EXTRUDR-durapro-pc-pbt-TDS-de,2,value,unmapped:Dielektrischer Verlustfaktor,G095-02,DURAPRO PC-PBT,Dielektrischer Verlustfaktor 100Hz,7 10-⁴,7,,10-⁴,=,,,,,IEC 60250,frequency=100Hz,3. EIGENSCHAFTEN,Dielektrischer Verlustfaktor 100Hz IEC 60250 10-⁴ 7,,new,,high,reader-r1-37,
R-EXTRUDR-durapro-pc-pbt-TDS-de,2,value,unmapped:Dielektrischer Verlustfaktor,G095-02,DURAPRO PC-PBT,Dielektrischer Verlustfaktor 1MHz,45 10-⁴,45,,10-⁴,=,,,,,IEC 60250,frequency=1MHz,3. EIGENSCHAFTEN,Dielektrischer Verlustfaktor 1MHz IEC 60250 10-⁴ 45,,new,,high,reader-r1-37,
R-EXTRUDR-durapro-pc-pbt-TDS-de,2,value,Volume resistivity,G095-02,DURAPRO PC-PBT,Spezifischer Durchgangswiderstand,>1E15 Ohm·m,1E15,,Ohm·m,>,,,,,IEC 62631-3-1,,3. EIGENSCHAFTEN,Spezifischer Durchgangswiderstand IEC 62631-3-1 Ohm·m >1E15,,new,,high,reader-r1-37,prints a power of ten
R-EXTRUDR-durapro-pc-pbt-TDS-de,2,value,Surface resistivity,G095-02,DURAPRO PC-PBT,Spezifischer Durchgangswiderstand,>1E17 Ohm,1E17,,Ohm,>,,,,,IEC 62631-3-2,,3. EIGENSCHAFTEN,Spezifischer Durchgangswiderstand IEC 62631-3-2 Ohm >1E17,,new,,medium,reader-r1-37,same label as the row above (Durchgangswiderstand = volume resistivity) but method -3-2 and unit Ohm are the surface test; prints a power of ten
R-EXTRUDR-durapro-pc-pbt-TDS-de,2,value,Dielectric strength,G095-02,DURAPRO PC-PBT,Elektrische Durchschlagfestigkeit,30 kV/mm,30,,kV/mm,=,,,,,IEC 60243-1,,3. EIGENSCHAFTEN,Elektrische Durchschlagfestigkeit IEC 60243-1 kV/mm 30,,new,,high,reader-r1-37,
R-EXTRUDR-durapro-pc-pbt-TDS-de,2,value,Comparative tracking index,G095-02,DURAPRO PC-PBT,Vergleichszahl zur Kriechwegbildung CTI,Stufe 600,600,,Stufe,=,,,,,IEC 60112,,3. EIGENSCHAFTEN,Vergleichszahl zur Kriechwegbildung CTI IEC 60112 Stufe 600,,new,,medium,reader-r1-37,unit cell prints 'Stufe' (grade/level)
R-EXTRUDR-durapro-pc-pbt-TDS-de,2,value,unmapped:Comparative tracking index CTI M,G095-02,DURAPRO PC-PBT,Vergleichszahl zur Kriechwegbildung CTI M,Stufe 125,125,,Stufe,=,,,,,IEC 60112,,3. EIGENSCHAFTEN,Vergleichszahl zur Kriechwegbildung CTI M IEC 60112 Stufe 125,,new,,medium,reader-r1-37,CTI M variant; unit cell prints 'Stufe'
R-EXTRUDR-durapro-pc-pbt-TDS-de,2,value,Water absorption,G095-02,DURAPRO PC-PBT,Wasseraufnahme (Sättigungswert),0.5 %,0.5,,%,=,,,saturation,,ISO 62,,3. EIGENSCHAFTEN,Wasseraufnahme (Sättigungswert) ISO 62 % 0.5,,new,,high,reader-r1-37,
R-EXTRUDR-durapro-pc-pbt-TDS-de,2,value,Water absorption,G095-02,DURAPRO PC-PBT,Wasseraufnahme (Gleichgewichtswert),0.2 %,0.2,,%,=,,,equilibrium,,ISO 62,,3. EIGENSCHAFTEN,Wasseraufnahme (Gleichgewichtswert) ISO 62 % 0.2,,new,,high,reader-r1-37,
R-EXTRUDR-durapro-pc-pbt-TDS-de,2,value,Density,G095-02,DURAPRO PC-PBT,Dichte,1200 kg/m³,1200,,kg/m³,=,,,,,ISO 1183-1,,3. EIGENSCHAFTEN,Dichte ISO 1183-1 kg/m³ 1200,V006213,confirms,1200 kg/m³,high,reader-r1-37,
R-EXTRUDR-durapro-pc-pbt-TDS-de,2,context,thermal,,,Fußnote,,,,,,,,,,,thickness=min 4 mm,3. EIGENSCHAFTEN,*Temperaturresistenz geprüft bei Wanddicke von mindestens 4 mm.,,new,,high,reader-r1-37,
R-EXTRUDR-durapro-pc-pbt-TDS-de,2,setting,nozzle,G095-02,DURAPRO PC-PBT,Düse,260-290 °C,260,290,°C,,,,,,,,DRUCKEINSTELLUNGEN,Düse 260-290 °C,,new,,high,reader-r1-37,
R-EXTRUDR-durapro-pc-pbt-TDS-de,2,setting,bed,G095-02,DURAPRO PC-PBT,Heizbett,110 °C,110,,°C,,,,,,,,DRUCKEINSTELLUNGEN,Heizbett 110 °C,,new,,high,reader-r1-37,
R-EXTRUDR-durapro-pc-pbt-TDS-de,2,setting,other,G095-02,DURAPRO PC-PBT,Haftmittel,empfohlen,,,,,,,,,,,DRUCKEINSTELLUNGEN,Haftmittel empfohlen,,new,,high,reader-r1-37,
R-EXTRUDR-durapro-pc-pbt-TDS-de,2,setting,print_speed,G095-02,DURAPRO PC-PBT,Geschwindigkeit,max. 280 mm/s,280,,mm/s,,,,,,,,DRUCKEINSTELLUNGEN,Geschwindigkeit max. 280 mm/s,,new,,high,reader-r1-37,printed as an upper limit ('max.')
R-EXTRUDR-durapro-pc-pbt-TDS-de,2,setting,fan,G095-02,DURAPRO PC-PBT,Kühlung,0-30 %,0,30,%,,,,,,,,DRUCKEINSTELLUNGEN,Kühlung 0-30 %,,new,,high,reader-r1-37,
R-EXTRUDR-durapro-pc-pbt-TDS-de,2,setting,enclosure,G095-02,DURAPRO PC-PBT,Geschlossener Bauraum,Ja,,,,,,,,,,,DRUCKEINSTELLUNGEN,Geschlossener Bauraum Ja,,new,,high,reader-r1-37,
R-EXTRUDR-durapro-pc-pbt-TDS-de,2,setting,hardened_nozzle,G095-02,DURAPRO PC-PBT,Gehärtete Nozzle,Nein,,,,,,,,,,,DRUCKEINSTELLUNGEN,Gehärtete Nozzle Nein,,new,,high,reader-r1-37,
R-EXTRUDR-durapro-pc-pbt-TDS-de,2,setting,other,G095-02,DURAPRO PC-PBT,max. volumetrische Geschwindigkeit,18 mm³/s,18,,mm³/s,,,,,,,,DRUCKEINSTELLUNGEN,max. volumetrische Geschwindigkeit 18 mm³/s,,new,,high,reader-r1-37,
R-EXTRUDR-durapro-pc-pbt-TDS-de,2,setting,nozzle_diameter,G095-02,DURAPRO PC-PBT,Vorgeschlagene Einstellungen,0.4 mm Düse,0.4,,mm,,,,,,,,DRUCKEINSTELLUNGEN,Vorgeschlagene Einstellungen für Drucker mit 0.4 mm Düse. Max. 50% Layerhöhe.,,new,,high,reader-r1-37,also: Max. 50% Layerhöhe
R-EXTRUDR-durapro-pc-pbt-TDS-de,2,value,unmapped:Brandhemmend UL 94 HB,G095-02,DURAPRO PC-PBT,Zertifizierungen,BRANDHEMMEND UL 94 HB,,,,,,,,,UL 94,,4. ZERTIFIZIERUNGEN & WEITERE INFORMATIONEN,UL 94 HB,,new,,high,reader-r1-37,certification icon
R-EXTRUDR-durapro-pc-pbt-TDS-de,2,setting,other,G095-02,DURAPRO PC-PBT,Lagerung,Lagerung bei Raumtemperatur (18-27°C / 65-80°F) im Trockenen.,18,27,°C,,,,,,,,5. LAGERUNG UND HALTBARKEIT,Lagerung bei Raumtemperatur (18-27°C / 65-80°F) im Trockenen.,,new,,high,reader-r1-37,storage advice; shelf life 2 years
