source_id,page,kind,field,grade_id,product,label,raw,number_lo,number_hi,unit,operator,direction,specimen,moisture,post_processing,standard,test_conditions,table_heading,quote,held_id,verdict,held_value,confidence,reader,note
R-3DJAKE-3DJake-easyPETG,1,identity,other,G020-66,3DJAKE easyPETG,Product name,3DJAKE easyPETG,,,,,,,,,,,,Product name: 3DJAKE easyPETG,,new,,high,reader-r1-24,
R-3DJAKE-3DJake-easyPETG,1,identity,diameter,G020-66,3DJAKE easyPETG,Size,"1,75 mm",1.75,,mm,,,,,,,,Dimensions,"Size Ø tolerance Roundness | 1,75 mm ± 0,05 mm ≥ 95%",,new,,high,reader-r1-24,tolerance ± 0.05 mm; roundness ≥ 95 %
R-3DJAKE-3DJake-easyPETG,1,value,Density,G020-66,3DJAKE easyPETG,Specific gravity,"1,29",1.29,,,=,,,,,ASTM D792,,Physical properties,"Specific gravity 1,29 ASTM D792",,new,,high,reader-r1-24,unitless specific gravity
R-3DJAKE-3DJake-easyPETG,1,value,Tensile strength (endpoint unspecified),G020-66,3DJAKE easyPETG,Tensile strength,53 MPa,53,,MPa,=,,,,,ISO 527-2,,Physical properties,Tensile strength 53 MPa ISO 527-2,V010366,confirms,53 MPa,high,reader-r1-24,
R-3DJAKE-3DJake-easyPETG,1,value,Elongation at yield,G020-66,3DJAKE easyPETG,Elongation at yield,4 %,4,,%,=,,,,,ISO 527-2,,Physical properties,Elongation at yield 4 % ISO 527-2,V010367,confirms,4 %,high,reader-r1-24,
R-3DJAKE-3DJake-easyPETG,1,value,Elongation at break,G020-66,3DJAKE easyPETG,Elongation at break,31 %,31,,%,=,,,,,ISO 527-2,,Physical properties,Elongation at break 31 % ISO 527-2,V010368,confirms,31 %,high,reader-r1-24,
R-3DJAKE-3DJake-easyPETG,1,value,Flexural strength,G020-66,3DJAKE easyPETG,Flexural Strength,71 MPa,71,,MPa,=,,,,,ISO 178,,Physical properties,Flexural Strength 71 MPa ISO 178,V010369,confirms,71 MPa,high,reader-r1-24,
R-3DJAKE-3DJake-easyPETG,1,value,Flexural modulus,G020-66,3DJAKE easyPETG,Flexural E-Modulus,2190 MPa,2190,,MPa,=,,,,,ISO 178,,Physical properties,Flexural E-Modulus 2190 MPa ISO 178,,new,,high,reader-r1-24,
R-3DJAKE-3DJake-easyPETG,1,value,Vicat softening temperature,G020-66,3DJAKE easyPETG,VICAT A (VST),78 °C*,78,,°C,=,,,,,ISO 306,,Physical properties,VICAT A (VST) 78 °C* ISO 306 | *Temperature resistance tested with a wall thickness of at least 4 mm.,V010370,confirms,78 °C,high,reader-r1-24,footnote: wall thickness at least 4 mm
R-3DJAKE-3DJake-easyPETG,1,setting,nozzle,G020-66,3DJAKE easyPETG,Printing temperature,230 – 250 °C,230,250,°C,,,,,,,,Thermal properties,Printing temperature 230 – 250 °C,P1030,confirms,230 – 250 °C,high,reader-r1-24,
R-3DJAKE-3DJake-easyPETG,1,setting,bed,G020-66,3DJAKE easyPETG,Recommended heat bed temperature,± 60 – 90 ˚C,60,90,˚C,,,,,,,,Additional info:,Recommended heat bed temperature to print 3DJAKE easyPETG: ± 60 – 90 ˚C,P1030,confirms,± 60 – 90 ˚C,high,reader-r1-24,
R-3DJAKE-3DJake-easyPETG,1,setting,other,G020-66,3DJAKE easyPETG,Storage,Cool and dry (15-25˚C) and away from UV light,15,25,˚C,,,,,,,,Storage,Storage: Cool and dry (15-25˚C) and away from UV light. This enhances the shelf life significantly.,,new,,high,reader-r1-24,storage temperature not a print setting
R-3DJAKE-3DJake-easyPETG,1,setting,other,G020-66,3DJAKE easyPETG,Packaging,All spools are sealed and packed with silica gel to avoid humidity.,,,,,,,,,,,Packaging:,All spools are sealed and packed with silica gel to avoid humidity.,,new,,high,reader-r1-24,
R-3DJAKE-3DJake-mattePLA,1,identity,other,G001-174,3DJAKE mattePLA,Product name,3DJAKE mattePLA,,,,,,,,,,,,Product name: 3DJAKE mattePLA,,new,,high,reader-r1-24,
R-3DJAKE-3DJake-mattePLA,1,identity,diameter,G001-174,3DJAKE mattePLA,Size,"1,75 mm",1.75,,mm,,,,,,,,Dimensions,"Size Ø tolerance Roundness | 1,75 mm ± 0,05 mm ≥ 95%",,new,,high,reader-r1-24,tolerance ± 0.05 mm; roundness ≥ 95 %
R-3DJAKE-3DJake-mattePLA,1,value,Density,G001-174,3DJAKE mattePLA,Specific gravity,"1,3",1.3,,,=,,,,,ISO 1183,,Physical properties,"Specific gravity 1,3 ISO 1183",,new,,high,reader-r1-24,unitless specific gravity
R-3DJAKE-3DJake-mattePLA,1,value,Tensile strength (endpoint unspecified),G001-174,3DJAKE mattePLA,Tensile strength,47 MPa,47,,MPa,=,,,,,ISO 527,,Physical properties,Tensile strength 47 MPa ISO 527,V010134,confirms,47 MPa,high,reader-r1-24,
R-3DJAKE-3DJake-mattePLA,1,value,Tensile modulus,G001-174,3DJAKE mattePLA,Tensile E-Modulus,2600 MPa,2600,,MPa,=,,,,,ISO 527,,Physical properties,Tensile E-Modulus 2600 MPa ISO 527,,new,,high,reader-r1-24,
R-3DJAKE-3DJake-mattePLA,1,value,Elongation at yield,G001-174,3DJAKE mattePLA,Elongation at yield,4 %,4,,%,=,,,,,ISO 527,,Physical properties,Elongation at yield 4 % ISO 527,V010135,confirms,4 %,high,reader-r1-24,
R-3DJAKE-3DJake-mattePLA,1,value,Elongation at break,G001-174,3DJAKE mattePLA,Elongation at break,19 %,19,,%,=,,,,,ISO 527-2,,Physical properties,Elongation at break 19 % ISO 527-2,V010136,confirms,19 %,high,reader-r1-24,
R-3DJAKE-3DJake-mattePLA,1,value,Flexural modulus,G001-174,3DJAKE mattePLA,Flexural E-Modulus,2650 MPa,2650,,MPa,=,,,,,ISO 178,,Physical properties,Flexural E-Modulus 2650 MPa ISO 178,,new,,high,reader-r1-24,
R-3DJAKE-3DJake-mattePLA,1,value,Vicat softening temperature,G001-174,3DJAKE mattePLA,VICAT A (VST),60 °C*,60,,°C,=,,,,,ISO 306,,Physical properties,VICAT A (VST) 60 °C* ISO 306 | *Temperature resistance tested with a wall thickness of at least 4 mm.,V010137,confirms,60 °C,high,reader-r1-24,footnote: wall thickness at least 4 mm
R-3DJAKE-3DJake-mattePLA,1,value,Melt mass-flow rate,G001-174,3DJAKE mattePLA,MFR,5 g/10min,5,,g/10min,=,,,,,ISO 1133,,Physical properties,MFR 5 g/10min ISO 1133,V010138,confirms,5 g/10min,high,reader-r1-24,
R-3DJAKE-3DJake-mattePLA,1,setting,nozzle,G001-174,3DJAKE mattePLA,Printing temperature,200 – 230 °C,200,230,°C,,,,,,,,Thermal properties,Printing temperature 200 – 230 °C,P0998,confirms,200 – 230 °C,high,reader-r1-24,
R-3DJAKE-3DJake-mattePLA,1,setting,bed,G001-174,3DJAKE mattePLA,Recommended heat bed temperature,± 0 – 60 ˚C,0,60,˚C,,,,,,,,Additional info:,Recommended heat bed temperature to print 3DJAKE mattePLA: ± 0 – 60 ˚C,P0998,confirms,± 0 – 60 ˚C,high,reader-r1-24,
R-3DJAKE-3DJake-mattePLA,1,setting,other,G001-174,3DJAKE mattePLA,Storage,Cool and dry (15-25˚C) and away from UV light,15,25,˚C,,,,,,,,Storage,Storage: Cool and dry (15-25˚C) and away from UV light. This enhances the shelf life significantly.,,new,,high,reader-r1-24,storage temperature not a print setting
R-3DJAKE-3DJake-mattePLA,1,setting,other,G001-174,3DJAKE mattePLA,Packaging,All spools are sealed and packed with silica gel to avoid humidity.,,,,,,,,,,,Packaging:,All spools are sealed and packed with silica gel to avoid humidity.,,new,,high,reader-r1-24,
R-3DJAKE-PRINT-20260928-e2f72ffa8080,1,identity,other,G029-10,3DJAKE ABS CF Dark Grey,Title,"3DJAKE ABS CF Dark Grey, 1.75 mm / 1000 g",,,,,,,,,,,,"3DJAKE ABS CF Dark Grey, 1.75 mm / 1000 g",,new,,high,reader-r1-24,
R-3DJAKE-PRINT-20260928-e2f72ffa8080,1,identity,polymer,G029-10,3DJAKE ABS CF Dark Grey,Product type,"ABS Filaments , Carbon Filament",,,,,,,,,,,Product information & technical details,"Product type: ABS Filaments , Carbon Filament",,new,,high,reader-r1-24,
R-3DJAKE-PRINT-20260928-e2f72ffa8080,1,identity,diameter,G029-10,3DJAKE ABS CF Dark Grey,Diameter,"1,75 mm",1.75,,mm,,,,,,,,Product information & technical details,"Diameter: 1,75 mm",,new,,high,reader-r1-24,
R-3DJAKE-PRINT-20260928-e2f72ffa8080,1,identity,colour,G029-10,3DJAKE ABS CF Dark Grey,Color,Grey / silver,,,,,,,,,,,Product information & technical details,Color: Grey / silver | RAL colour: RAL 7011,,new,,high,reader-r1-24,
R-3DJAKE-PRINT-20260928-e2f72ffa8080,1,identity,filler,G029-10,3DJAKE ABS CF Dark Grey,Key Features,High stiffness and strength with 12% carbon fibre content,12,,%,,,,,,,,Key Features:,High stiffness and strength with 12% carbon fibre content,,new,,high,reader-r1-24,
R-3DJAKE-PRINT-20260928-e2f72ffa8080,1,setting,nozzle,G029-10,3DJAKE ABS CF Dark Grey,Recommended processing temperature,220 - 250 °C,220,250,°C,,,,,,,,Product information & technical details,Recommended processing temperature: 220 - 250 °C,,new,,high,reader-r1-24,
R-3DJAKE-PRINT-20260928-e2f72ffa8080,1,setting,bed,G029-10,3DJAKE ABS CF Dark Grey,Recommended heating temperature,100-110 ° C,100,110,° C,,,,,,,,Product information & technical details,Recommended heating temperature: 100-110 ° C,,new,,high,reader-r1-24,heating temperature presumed bed; page does not say bed
R-3DJAKE-PRINT-20260928-e2f72ffa8080,1,setting,hardened_nozzle,G029-10,3DJAKE ABS CF Dark Grey,Important Information,a hardened nozzle (e.g. steel or ruby) is strongly recommended,,,,,,,,,,,Product description,"► Important Information: Carbon fibres are highly abrasive, so a hardened nozzle (e.g. steel or ruby) is strongly recommended.",,new,,high,reader-r1-24,
R-3DJAKE-PRINT-20260928-e2f72ffa8080,1,setting,nozzle_diameter,G029-10,3DJAKE ABS CF Dark Grey,Important Information,A minimum nozzle diameter of 0.6 mm,0.6,,mm,>,,,,,,,Product description,A minimum nozzle diameter of 0.6 mm should be used to prevent clogging and ensure clean extrusion.,,new,,high,reader-r1-24,minimum
R-3DJAKE-PRINT-20260928-e2f72ffa8080,1,setting,enclosure,G029-10,3DJAKE ABS CF Dark Grey,Important Information,a closed build chamber is required,,,,,,,,,,,Product description,"For optimal printing results, a closed build chamber is required.",,new,,high,reader-r1-24,
R-3DJAKE-PRINT-20260928-e2f72ffa8080,1,value,unmapped:Heat resistance,G029-10,3DJAKE ABS CF Dark Grey,Features & Advantages,Heat-resistant up to 100°C,100,,°C,<,,,,,,,Features & Advantages,Heat-resistant up to 100°C,,new,,high,reader-r1-24,marketing claim; no test method
R-3DJAKE-PRINT-20260928-e2f72ffa8080,1,none,,,,,,,,,,,,,,,,,,,new,,high,reader-r1-24,rest of page is shop navigation prices reviews cookie text; links a Technical Data Sheet (145 96 KB) not shown
R-3DJAKE-TDS-3DJAKE-ABS-CF,1,identity,other,G029-10,3DJAKE ABS CF,Product name,3DJAKE ABS CF,,,,,,,,,,,,Product name: 3DJAKE ABS CF,,new,,high,reader-r1-24,
R-3DJAKE-TDS-3DJAKE-ABS-CF,1,identity,diameter,G029-10,3DJAKE ABS CF,Size,"1,75 mm",1.75,,mm,,,,,,,,Dimensions,"Size Ø tolerance Roundness | 1,75 mm ± 0,05 mm ≥ 95%",,new,,high,reader-r1-24,tolerance ± 0.05 mm; roundness ≥ 95 %
R-3DJAKE-TDS-3DJAKE-ABS-CF,1,value,Density,G029-10,3DJAKE ABS CF,Density,"1,08 g/cm³",1.08,,g/cm³,=,,,,,ISO 1183-1/A,,Physical properties,"Density 1,08 g/cm³ ISO 1183-1/A",V009385,confirms,"1,08 g/cm³",high,reader-r1-24,
R-3DJAKE-TDS-3DJAKE-ABS-CF,1,value,Mould shrinkage,G029-10,3DJAKE ABS CF,"Shrinkage (3,2 mm)","0,35 %",0.35,,%,=,,,,,ISO 294-4,thickness=3.2 mm,Physical properties,"Shrinkage (3,2 mm) 0,35 % ISO 294-4",V009386,confirms,"0,35 %",high,reader-r1-24,
R-3DJAKE-TDS-3DJAKE-ABS-CF,1,value,Melt volume-flow rate,G029-10,3DJAKE ABS CF,MFR (220 °C / 10 kg),17 cm³/10 min,17,,cm³/10 min,=,,,,,ISO 1133,temp=220 °C; load=10 kg,Physical properties,MFR (220 °C / 10 kg) 17 cm³/10 min ISO 1133,,new,,high,reader-r1-24,label says MFR; unit cm³/10 min so volume flow
R-3DJAKE-TDS-3DJAKE-ABS-CF,1,value,Tensile strength (endpoint unspecified),G029-10,3DJAKE ABS CF,Tension strength,59 MPa,59,,MPa,=,,,,,ISO 527,,Physical properties,Tension strength 59 MPa ISO 527,,new,,high,reader-r1-24,
R-3DJAKE-TDS-3DJAKE-ABS-CF,1,value,Elongation at break,G029-10,3DJAKE ABS CF,Elongation at break,7 %,7,,%,=,,,,,ISO 527,,Physical properties,Elongation at break 7 % ISO 527,V009387,confirms,7 %,high,reader-r1-24,
R-3DJAKE-TDS-3DJAKE-ABS-CF,1,value,Tensile modulus,G029-10,3DJAKE ABS CF,Young’s modulus,3000 MPa,3000,,MPa,=,,,,,ISO 527,,Physical properties,Young’s modulus 3000 MPa ISO 527,V009388,confirms,3000 MPa,high,reader-r1-24,
R-3DJAKE-TDS-3DJAKE-ABS-CF,1,value,Flexural strength,G029-10,3DJAKE ABS CF,Flexural strength,85 MPa,85,,MPa,=,,,,,ISO 178,,Physical properties,Flexural strength 85 MPa ISO 178,V009389,confirms,85 MPa,high,reader-r1-24,
R-3DJAKE-TDS-3DJAKE-ABS-CF,1,value,Flexural modulus,G029-10,3DJAKE ABS CF,Flexural modulus,3080 MPa,3080,,MPa,=,,,,,ISO 178,,Physical properties,Flexural modulus 3080 MPa ISO 178,V009390,confirms,3080 MPa,high,reader-r1-24,
R-3DJAKE-TDS-3DJAKE-ABS-CF,1,value,Izod impact strength,G029-10,3DJAKE ABS CF,"Notched impact strength (Izod, 23 °C)",14 kJ/m²,14,,kJ/m²,=,,,,,ISO 180/1A,temp=23 °C; notched,Physical properties,"Notched impact strength (Izod, 23 °C) 14 kJ/m² ISO 180/1A",V009391,confirms,14 kJ/m²,high,reader-r1-24,
R-3DJAKE-TDS-3DJAKE-ABS-CF,1,value,Izod impact strength,G029-10,3DJAKE ABS CF,"Notched impact strength (Izod, -30 °C)",7 kJ/m²,7,,kJ/m²,=,,,,,ISO 180/1A,temp=-30 °C; notched,Physical properties,"Notched impact strength (Izod, -30 °C) 7 kJ/m² ISO 180/1A",,new,,high,reader-r1-24,
R-3DJAKE-TDS-3DJAKE-ABS-CF,1,value,Charpy strength,G029-10,3DJAKE ABS CF,"Notched impact strength (Charpy, 23 °C)",14 kJ/m²,14,,kJ/m²,=,,,,,ISO 179/1eA,temp=23 °C; notched,Physical properties,"Notched impact strength (Charpy, 23 °C) 14 kJ/m² ISO 179/1eA",,new,,high,reader-r1-24,
R-3DJAKE-TDS-3DJAKE-ABS-CF,1,value,Charpy strength,G029-10,3DJAKE ABS CF,"Notched impact strength (Charpy, -30 °C)",7 kJ/m²,7,,kJ/m²,=,,,,,ISO 179/1eA,temp=-30 °C; notched,Physical properties,"Notched impact strength (Charpy, -30 °C) 7 kJ/m² ISO 179/1eA",,new,,high,reader-r1-24,
R-3DJAKE-TDS-3DJAKE-ABS-CF,1,value,HDT,G029-10,3DJAKE ABS CF,"HDT (1,8 MPa, flatwise)",87 °C,87,,°C,=,flatwise,,,,ISO 75,"load=1,8 MPa",Physical properties,"HDT (1,8 MPa, flatwise) 87 °C ISO 75",V009392,confirms,87 °C,high,reader-r1-24,
R-3DJAKE-TDS-3DJAKE-ABS-CF,1,value,Vicat softening temperature,G029-10,3DJAKE ABS CF,"Vicat (50 N, 50 °C/h)",98 °C,98,,°C,=,,,,,ISO 306,load=50 N; rate=50 °C/h,Physical properties,"Vicat (50 N, 50 °C/h) 98 °C ISO 306",V009393,confirms,98 °C,high,reader-r1-24,
R-3DJAKE-TDS-3DJAKE-ABS-CF,1,setting,nozzle,G029-10,3DJAKE ABS CF,Printing temperature,220 – 250 °C,220,250,°C,,,,,,,,Print Setting,Printing temperature 220 – 250 °C,P0923,confirms,220 – 250 °C,high,reader-r1-24,
R-3DJAKE-TDS-3DJAKE-ABS-CF,1,setting,bed,G029-10,3DJAKE ABS CF,Heated bed,100 – 110 °C,100,110,°C,,,,,,,,Print Setting,Heated bed 100 – 110 °C,P0923,confirms,100 – 110 °C,high,reader-r1-24,
R-3DJAKE-TDS-3DJAKE-ABS-CF,1,setting,other,G029-10,3DJAKE ABS CF,Storage,Cool and dry (15-25˚C) and away from UV light,15,25,˚C,,,,,,,,Additional info,Additional info: Storage: Cool and dry (15-25˚C) and away from UV light. This enhances the shelf life significantly.,,new,,high,reader-r1-24,storage
R-3DJAKE-TDS-3DJAKE-ABS-CF,1,setting,other,G029-10,3DJAKE ABS CF,Packaging,All spools are sealed and packed with silica gel to avoid humidity.,,,,,,,,,,,Packaging:,All spools are sealed and packed with silica gel to avoid humidity.,,new,,high,reader-r1-24,
R-3DJAKE-TDS-3DJAKE-ASA-CF,1,identity,other,G033-16,3DJAKE ASA CF,Product name,3DJAKE ASA CF,,,,,,,,,,,,Product name: 3DJAKE ASA CF,,new,,high,reader-r1-24,
R-3DJAKE-TDS-3DJAKE-ASA-CF,1,identity,diameter,G033-16,3DJAKE ASA CF,Size,"1,75 mm",1.75,,mm,,,,,,,,Dimensions,"Size Ø tolerance Roundness | 1,75 mm ± 0,05 mm ≥ 95%",,new,,high,reader-r1-24,tolerance ± 0.05 mm; roundness ≥ 95 %
R-3DJAKE-TDS-3DJAKE-ASA-CF,1,value,Density,G033-16,3DJAKE ASA CF,Density,"1,12 g/cm³",1.12,,g/cm³,=,,,,,ISO 1183-1/A,,Physical properties,"Density 1,12 g/cm³ ISO 1183-1/A",V009415,confirms,"1,12 g/cm³",high,reader-r1-24,
R-3DJAKE-TDS-3DJAKE-ASA-CF,1,value,Mould shrinkage,G033-16,3DJAKE ASA CF,"Shrinkage (3,2 mm)","0,3 %",0.3,,%,=,,,,,ISO 294-4,thickness=3.2 mm,Physical properties,"Shrinkage (3,2 mm) 0,3 % ISO 294-4",V009416,confirms,"0,3 %",high,reader-r1-24,
R-3DJAKE-TDS-3DJAKE-ASA-CF,1,value,Melt mass-flow rate,G033-16,3DJAKE ASA CF,MFR (220 °C / 10 kg),16 g/10 min,16,,g/10 min,=,,,,,ISO 1133,temp=220 °C; load=10 kg,Physical properties,MFR (220 °C / 10 kg) 16 g/10 min ISO 1133,V009417,confirms,16 g/10 min,high,reader-r1-24,
R-3DJAKE-TDS-3DJAKE-ASA-CF,1,value,Tensile strength (endpoint unspecified),G033-16,3DJAKE ASA CF,Tensile strength,62 MPa,62,,MPa,=,,,,,ISO 527,,Physical properties,Tensile strength 62 MPa ISO 527,V009418,confirms,62 MPa,high,reader-r1-24,
R-3DJAKE-TDS-3DJAKE-ASA-CF,1,value,Elongation at break,G033-16,3DJAKE ASA CF,Elongation at break,8 %,8,,%,=,,,,,ISO 527,,Physical properties,Elongation at break 8 % ISO 527,V009419,confirms,8 %,high,reader-r1-24,
R-3DJAKE-TDS-3DJAKE-ASA-CF,1,value,Flexural strength,G033-16,3DJAKE ASA CF,Flexural strength,93 MPa,93,,MPa,=,,,,,ISO 178,,Physical properties,Flexural strength 93 MPa ISO 178,V009420,confirms,93 MPa,high,reader-r1-24,
R-3DJAKE-TDS-3DJAKE-ASA-CF,1,value,Flexural modulus,G033-16,3DJAKE ASA CF,Flexural modulus,3100 MPa,3100,,MPa,=,,,,,ISO 178,,Physical properties,Flexural modulus 3100 MPa ISO 178,V009421,confirms,3100 MPa,high,reader-r1-24,
R-3DJAKE-TDS-3DJAKE-ASA-CF,1,value,Izod impact strength,G033-16,3DJAKE ASA CF,"Notched impact strength (Izod, 23 °C)","9,5 kJ/m²",9.5,,kJ/m²,=,,,,,ISO 180/1A,temp=23 °C; notched,Physical properties,"Notched impact strength (Izod, 23 °C) 9,5 kJ/m² ISO 180/1A",V009422,confirms,"9,5 kJ/m²",high,reader-r1-24,
R-3DJAKE-TDS-3DJAKE-ASA-CF,1,value,Charpy strength,G033-16,3DJAKE ASA CF,"Notched impact strength (Charpy, 23 °C)",9 kJ/m²,9,,kJ/m²,=,,,,,ISO 179/1eA,temp=23 °C; notched,Physical properties,"Notched impact strength (Charpy, 23 °C) 9 kJ/m² ISO 179/1eA",V009423,confirms,9 kJ/m²,high,reader-r1-24,
R-3DJAKE-TDS-3DJAKE-ASA-CF,1,value,HDT,G033-16,3DJAKE ASA CF,"HDT (1,8 MPa, flatwise)",93 °C,93,,°C,=,flatwise,,,,ISO 75,"load=1,8 MPa",Physical properties,"HDT (1,8 MPa, flatwise) 93 °C ISO 75",V009424,confirms,93 °C,high,reader-r1-24,
R-3DJAKE-TDS-3DJAKE-ASA-CF,1,value,Vicat softening temperature,G033-16,3DJAKE ASA CF,"Vicat (50 N, 50 °C/h)",101 °C,101,,°C,=,,,,,ISO 306,load=50 N; rate=50 °C/h,Physical properties,"Vicat (50 N, 50 °C/h) 101 °C ISO 306",V009425,confirms,101 °C,high,reader-r1-24,
R-3DJAKE-TDS-3DJAKE-ASA-CF,1,setting,nozzle,G033-16,3DJAKE ASA CF,Printing temperature,240 – 260 °C,240,260,°C,,,,,,,,Print Setting,Printing temperature 240 – 260 °C,P0924,confirms,240 – 260 °C,high,reader-r1-24,
R-3DJAKE-TDS-3DJAKE-ASA-CF,1,setting,bed,G033-16,3DJAKE ASA CF,Heated bed,110 °C,110,,°C,,,,,,,,Print Setting,Heated bed 110 °C,P0924,confirms,110 °C,high,reader-r1-24,
R-3DJAKE-TDS-3DJAKE-ASA-CF,1,setting,other,G033-16,3DJAKE ASA CF,Storage,Cool and dry (15-25˚C) and away from UV light,15,25,˚C,,,,,,,,Additional info,Additional info: Storage: Cool and dry (15-25˚C) and away from UV light. This enhances the shelf life significantly.,,new,,high,reader-r1-24,storage
R-3DJAKE-TDS-3DJAKE-ASA-CF,1,setting,other,G033-16,3DJAKE ASA CF,Packaging,All spools are sealed and packed with silica gel to avoid humidity.,,,,,,,,,,,Packaging:,All spools are sealed and packed with silica gel to avoid humidity.,,new,,high,reader-r1-24,
R-3DJAKE-Technical-Data-Sheet-ASA-V2,1,identity,other,G031-37,3DJAKE ASA,Product name,3DJAKE ASA,,,,,,,,,,,,Product name: 3DJAKE ASA,,new,,high,reader-r1-24,Version 2.0 01.03.2024
R-3DJAKE-Technical-Data-Sheet-ASA-V2,1,identity,diameter,G031-37,3DJAKE ASA,Size,"1,75 mm",1.75,,mm,,,,,,,,Dimensions,"Size Ø tolerance Roundness | 1,75 mm ± 0,05 mm ≥ 95%",,new,,high,reader-r1-24,tolerance ± 0.05 mm; roundness ≥ 95 %
R-3DJAKE-Technical-Data-Sheet-ASA-V2,1,identity,diameter,G031-37,3DJAKE ASA,Size,"2,85 mm",2.85,,mm,,,,,,,,Dimensions,"2,85 mm ± 0,10 mm ≥ 95%",,new,,high,reader-r1-24,tolerance ± 0.10 mm; roundness ≥ 95 %
R-3DJAKE-Technical-Data-Sheet-ASA-V2,1,value,Density,G031-37,3DJAKE ASA,Specific gravity,"1,1 g/cc",1.1,,g/cc,=,,,,,ISO 1183,,Physical properties,"Specific gravity 1,1 g/cc ISO 1183",V009801,confirms,"1,1 g/cc",high,reader-r1-24,
R-3DJAKE-Technical-Data-Sheet-ASA-V2,1,value,Melt mass-flow rate,G031-37,3DJAKE ASA,MFR,15 g/10 min,15,,g/10 min,=,,,,,ISO 1133,,Physical properties,MFR 15 g/10 min ISO 1133,V009802,confirms,15 g/10 min,high,reader-r1-24,
R-3DJAKE-Technical-Data-Sheet-ASA-V2,1,value,Tensile strength (endpoint unspecified),G031-37,3DJAKE ASA,Tensile strength,800 kg / cm²,800,,kg / cm²,=,,,,,ASTM D790,,Physical properties,Tensile strength 800 kg / cm² ASTM D790,,new,,high,reader-r1-24,unit kg/cm² as printed; standard printed is a flexural method
R-3DJAKE-Technical-Data-Sheet-ASA-V2,1,value,Tensile modulus,G031-37,3DJAKE ASA,Tensile modulus,22100 kg / cm²,22100,,kg / cm²,=,,,,,ASTM D790,,Physical properties,Tensile modulus 22100 kg / cm² ASTM D790,,new,,high,reader-r1-24,unit kg/cm² as printed; standard printed is a flexural method
R-3DJAKE-Technical-Data-Sheet-ASA-V2,1,value,Mould shrinkage,G031-37,3DJAKE ASA,Shrinking,"0,5 %",0.5,,%,=,,,,,ISO 294-4,,Physical properties,"Shrinking 0,5 % ISO 294-4",,new,,high,reader-r1-24,
R-3DJAKE-Technical-Data-Sheet-ASA-V2,1,value,Melting temperature,G031-37,3DJAKE ASA,Melting temperature,190 °C ± 10 °C,190,,°C,=,,,,,ISO 3146-C,,Thermal properties,Melting temperature 190 °C ± 10 °C ISO 3146-C,V009803,confirms,190 °C,high,reader-r1-24,
R-3DJAKE-Technical-Data-Sheet-ASA-V2,1,value,Vicat softening temperature,G031-37,3DJAKE ASA,VICAT A,95 °C,95,,°C,=,,,,,ISO 306,,Thermal properties,VICAT A 95 °C ISO 306,V009804,confirms,95 °C,high,reader-r1-24,
R-3DJAKE-Technical-Data-Sheet-ASA-V2,1,setting,nozzle,G031-37,3DJAKE ASA,Printing temperature,210 – 250 °C,210,250,°C,,,,,,,,Thermal properties,Printing temperature 210 – 250 °C,P0963,confirms,210 – 250 °C,high,reader-r1-24,
R-3DJAKE-Technical-Data-Sheet-ASA-V2,1,setting,bed,G031-37,3DJAKE ASA,Heated bed recommendation,If you have a heated bed the recommended temperature is ± 60-100˚C.,60,100,˚C,,,,,,,,Additional info:,Due to its low tendency to warp 3DJAKE ASA can also be printed without a heated bed. | If you have a heated bed the recommended temperature is ± 60-100˚C.,P0963,confirms,If you have a heated bed the recommended temperature is ± 60-100˚C,high,reader-r1-24,can also be printed without a heated bed
R-3DJAKE-Technical-Data-Sheet-ASA-V2,1,setting,other,G031-37,3DJAKE ASA,Storage,Cool and dry (15-25˚C) and away from UV light,15,25,˚C,,,,,,,,Additional info:,Storage: Cool and dry (15-25˚C) and away from UV light. This enhances the shelf life significantly.,,new,,high,reader-r1-24,storage
R-3DJAKE-Technical-Data-Sheet-ASA-V2,1,setting,other,G031-37,3DJAKE ASA,Packaging,All spools are sealed and packed with silica gel to avoid humidity.,,,,,,,,,,,Packaging:,All spools are sealed and packed with silica gel to avoid humidity.,,new,,high,reader-r1-24,
R-3DJAKE-Technical-Data-Sheet-TPU-A95-V2,1,identity,other,G039-65,3DJAKE TPU A95,Product name,3DJAKE TPU A95,,,,,,,,,,,,Product name: 3DJAKE TPU A95,,new,,high,reader-r1-24,Version 2.0 01.03.2024
R-3DJAKE-Technical-Data-Sheet-TPU-A95-V2,1,identity,diameter,G039-65,3DJAKE TPU A95,Size,"1,75 mm",1.75,,mm,,,,,,,,Dimensions,"Size Ø tolerance Roundness | 1,75 mm ± 0,05 mm ≥ 95%",,new,,high,reader-r1-24,tolerance ± 0.05 mm; roundness ≥ 95 %
R-3DJAKE-Technical-Data-Sheet-TPU-A95-V2,1,identity,diameter,G039-65,3DJAKE TPU A95,Size,"2,85 mm",2.85,,mm,,,,,,,,Dimensions,"2,85 mm ± 0,10 mm ≥ 95%",,new,,high,reader-r1-24,tolerance ± 0.10 mm; roundness ≥ 95 %
R-3DJAKE-Technical-Data-Sheet-TPU-A95-V2,1,value,Density,G039-65,3DJAKE TPU A95,Specific gravity,"1,20 g/cc",1.20,,g/cc,=,,,,,ISO 1183,,Physical properties,"Specific gravity 1,20 g/cc ISO 1183",V009672,confirms,"1,20 g/cc",high,reader-r1-24,
R-3DJAKE-Technical-Data-Sheet-TPU-A95-V2,1,value,Melt mass-flow rate,G039-65,3DJAKE TPU A95,MFR,15 g/10 min,15,,g/10 min,=,,,,,ISO 1133,,Physical properties,MFR 15 g/10 min ISO 1133,V009673,confirms,15 g/10 min,high,reader-r1-24,
R-3DJAKE-Technical-Data-Sheet-TPU-A95-V2,1,value,Tensile strength (endpoint unspecified),G039-65,3DJAKE TPU A95,Tensile strength,55 MPa,55,,MPa,=,,,,,ASTM D-412,,Physical properties,Tensile strength 55 MPa ASTM D-412,V009674,confirms,55 MPa,high,reader-r1-24,
R-3DJAKE-Technical-Data-Sheet-TPU-A95-V2,1,value,Flexural modulus,G039-65,3DJAKE TPU A95,Flexural modulus,23500 kg / cm²,23500,,kg / cm²,=,,,,,ASTM D790,,Physical properties,Flexural modulus 23500 kg / cm² ASTM D790,,new,,high,reader-r1-24,unit kg/cm² as printed
R-3DJAKE-Technical-Data-Sheet-TPU-A95-V2,1,value,Elongation at break,G039-65,3DJAKE TPU A95,Ultimate Elongation,400 %,400,,%,=,,,,,ASTM D-412,,Physical properties,Ultimate Elongation 400 % ASTM D-412,V009675,confirms,400 %,high,reader-r1-24,
R-3DJAKE-Technical-Data-Sheet-TPU-A95-V2,1,value,Mould shrinkage,G039-65,3DJAKE TPU A95,Shrinking,"0,5 %",0.5,,%,=,,,,,ISO 294-4,,Physical properties,"Shrinking 0,5 % ISO 294-4",,new,,high,reader-r1-24,
R-3DJAKE-Technical-Data-Sheet-TPU-A95-V2,1,value,Hardness,G039-65,3DJAKE TPU A95,Hardness,95A,95,,A,=,,,,,ASTM D2240,,Physical properties,Hardness 95A ASTM D2240,,new,,high,reader-r1-24,Shore A
R-3DJAKE-Technical-Data-Sheet-TPU-A95-V2,1,value,Melting temperature,G039-65,3DJAKE TPU A95,Melting temperature,190 °C ± 10 °C,190,,°C,=,,,,,ISO 3146-C,,Thermal properties,Melting temperature 190 °C ± 10 °C ISO 3146-C,V009676,confirms,190 °C,high,reader-r1-24,
R-3DJAKE-Technical-Data-Sheet-TPU-A95-V2,1,value,Vicat softening temperature,G039-65,3DJAKE TPU A95,VICAT A,95 °C,95,,°C,=,,,,,ISO 306,,Thermal properties,VICAT A 95 °C ISO 306,V009677,confirms,95 °C,high,reader-r1-24,
R-3DJAKE-Technical-Data-Sheet-TPU-A95-V2,1,setting,nozzle,G039-65,3DJAKE TPU A95,Printing temperature,200 – 230 °C,200,230,°C,,,,,,,,Thermal properties,Printing temperature 200 – 230 °C,P0949,confirms,200 – 230 °C,high,reader-r1-24,
R-3DJAKE-Technical-Data-Sheet-TPU-A95-V2,1,setting,bed,G039-65,3DJAKE TPU A95,Heated bed recommendation,If you have a heated bed the recommended temperature is ± 60-90˚C.,60,90,˚C,,,,,,,,Additional info:,Due to its low tendency to warp 3DJAKE TPU A95 can also be printed without a heated bed. | If you have a heated bed the recommended temperature is ± 60-90˚C.,P0949,confirms,If you have a heated bed the recommended temperature is ± 60-90˚C,high,reader-r1-24,can also be printed without a heated bed
R-3DJAKE-Technical-Data-Sheet-TPU-A95-V2,1,setting,other,G039-65,3DJAKE TPU A95,Storage,Cool and dry (15-25˚C) and away from UV light,15,25,˚C,,,,,,,,Additional info:,Storage: Cool and dry (15-25˚C) and away from UV light. This enhances the shelf life significantly.,,new,,high,reader-r1-24,storage
R-3DJAKE-Technical-Data-Sheet-TPU-A95-V2,1,setting,other,G039-65,3DJAKE TPU A95,Packaging,All spools are sealed and packed with silica gel to avoid humidity.,,,,,,,,,,,Packaging:,All spools are sealed and packed with silica gel to avoid humidity.,,new,,high,reader-r1-24,
R-3DJAKE-3DJAKE-13-TDS-hyper-PLA-EN,1,identity,other,G001-122,Hyper-PLA+,Title,Hyper-PLA+ Filament Technical Data Sheet,,,,,,,,,,,,Hyper-PLA+ Filament Technical Data Sheet | Version 1.0,,new,,high,reader-r1-24,Creality logo
R-3DJAKE-3DJAKE-13-TDS-hyper-PLA-EN,1,identity,polymer,G001-122,Hyper-PLA+,1. Product introduction,Hyper PLA filament is a 3D printing filament developed based on PLA.,,,,,,,,,,,1. Product introduction,Hyper PLA filament is a 3D printing filament developed based on PLA.,,new,,high,reader-r1-24,
R-3DJAKE-3DJAKE-13-TDS-hyper-PLA-EN,1,setting,print_speed,G001-122,Hyper-PLA+,1. Product introduction,supports printing speeds up to 600mm/s,600,,mm/s,<,,,,,,,1. Product introduction,supports printing speeds up to 600mm/s,,new,,high,reader-r1-24,maximum
R-3DJAKE-3DJAKE-13-TDS-hyper-PLA-EN,1,value,Density,G001-122,Hyper-PLA+,Density,1.24 ±0.1 (g/cm3 at 21.5˚C),1.24,,g/cm3,=,,,,,"ASTM D792 (ISO 1183, GB/T 1033)",temp=21.5 ˚C,2. Physical Performance Parameters,"Density | ASTM D792 (ISO 1183, GB/T 1033) | 1.24 ±0.1 (g/cm3 at 21.5˚C)",V008916,confirms,1.24 ± 0.1 g/cm3,high,reader-r1-24,
R-3DJAKE-3DJAKE-13-TDS-hyper-PLA-EN,1,value,Glass transition temperature,G001-122,Hyper-PLA+,Glass transition temperature,62 (°C),62,,°C,=,,,,,"DSC, 10 °C/min",rate=10 °C/min,2. Physical Performance Parameters,"Glass transition temperature | DSC, 10 °C/min | 62 (°C)",V008917,confirms,62 °C,high,reader-r1-24,
R-3DJAKE-3DJAKE-13-TDS-hyper-PLA-EN,1,value,Vicat softening temperature,G001-122,Hyper-PLA+,Vicat Softening temperature,62.3 ±0.5(˚C),62.3,,˚C,=,,,,,ASTM D1525 (ISO 306 GB/T 1633),,2. Physical Performance Parameters,Vicat Softening temperature | ASTM D1525 (ISO 306 GB/T 1633) | 62.3 ±0.5(˚C),V008918,confirms,62.3 ± 0.5 °C,high,reader-r1-24,
R-3DJAKE-3DJAKE-13-TDS-hyper-PLA-EN,1,value,Melt mass-flow rate,G001-122,Hyper-PLA+,Melt index,3-5(g/10 min),3,5,g/10 min,,,,,,,temp=190°C; load=2.16 kg,2. Physical Performance Parameters,"Melt index | 190°C, 2.16 kg | 3-5(g/10 min)",V008919,confirms,3-5 g/10 min,high,reader-r1-24,
R-3DJAKE-3DJAKE-13-TDS-hyper-PLA-EN,1,value,Tensile strength (endpoint unspecified),G001-122,Hyper-PLA+,Tensile strength (X-Y),52.99 (MPa),52.99,,MPa,=,X-Y,,,,"ISO 527, GB/T 1040",,3. Mechanical Performance Parameters,"Tensile strength (X-Y) | ISO 527, GB/T 1040 | 52.99 (MPa)",V008920,confirms,52.99 MPa,high,reader-r1-24,
R-3DJAKE-3DJAKE-13-TDS-hyper-PLA-EN,1,value,Tensile modulus,G001-122,Hyper-PLA+,Tensile modulus (X-Y),1146.06（Mpa）,1146.06,,Mpa,=,X-Y,,,,"ISO 527, GB/T 1040",,3. Mechanical Performance Parameters,"Tensile modulus (X-Y) | ISO 527, GB/T 1040 | 1146.06（Mpa）",,new,,high,reader-r1-24,unit printed as Mpa; value 1146 is far below the bending modulus 2490
R-3DJAKE-3DJAKE-13-TDS-hyper-PLA-EN,1,value,Elongation at break,G001-122,Hyper-PLA+,Elongation at break（X-Y）,6.3(%),6.3,,%,=,X-Y,,,,"ISO 527, GB/T 1040",,3. Mechanical Performance Parameters,"Elongation at break（X-Y） | ISO 527, GB/T 1040 | 6.3(%)",V008921,confirms,6.3 %,high,reader-r1-24,
R-3DJAKE-3DJAKE-13-TDS-hyper-PLA-EN,1,value,Flexural strength,G001-122,Hyper-PLA+,Bending strength（X-Y）,92.38(MPa),92.38,,MPa,=,X-Y,,,,"ISO 178, GB/T 9341",,3. Mechanical Performance Parameters,"Bending strength（X-Y） | ISO 178, GB/T 9341 | 92.38(MPa)",V008922,confirms,92.38 MPa,high,reader-r1-24,
R-3DJAKE-3DJAKE-13-TDS-hyper-PLA-EN,1,value,Flexural modulus,G001-122,Hyper-PLA+,Bending modulus（X-Y）,2490.17(MPa),2490.17,,MPa,=,X-Y,,,,"ISO 179, GB/T 1043",,3. Mechanical Performance Parameters,"Bending modulus（X-Y） | ISO 179, GB/T 1043 | 2490.17(MPa)",V008923,confirms,2490.17 MPa,high,reader-r1-24,standard printed ISO 179 as held (sheet likely means ISO 178)
R-3DJAKE-3DJAKE-13-TDS-hyper-PLA-EN,1,value,Charpy strength,G001-122,Hyper-PLA+,Charpy impact strength（Z）,8.83(kJ/m2),8.83,,kJ/m2,=,Z,,,,"ISO 179, GB/T 1043",,3. Mechanical Performance Parameters,"Charpy impact strength（Z） | ISO 179, GB/T 1043 | 8.83(kJ/m 2)",V008924,confirms,8.83 kJ/m2,high,reader-r1-24,specimen drawn notched on page 2 (ASTM D256 ISO 179)
R-3DJAKE-3DJAKE-13-TDS-hyper-PLA-EN,1,context,all,,,Printing parameters and styles of printing conditions:,,,,,,,,,,,,Print Conditions,Printing parameters and styles of printing conditions:,,new,,medium,reader-r1-24,heading above print-conditions table; may state that the test specimens were printed with these settings (not explicit)
R-3DJAKE-3DJAKE-13-TDS-hyper-PLA-EN,1,setting,nozzle,G001-122,Hyper-PLA+,Nozzle Temperature,220℃,220,,℃,,,,,,,,Print Conditions,Nozzle Temperature | 220℃,,new,,high,reader-r1-24,test print condition
R-3DJAKE-3DJAKE-13-TDS-hyper-PLA-EN,1,setting,bed,G001-122,Hyper-PLA+,Hot Bed Temperature,60℃,60,,℃,,,,,,,,Print Conditions,Hot Bed Temperature | 60℃,P0843,confirms,60℃,high,reader-r1-24,test print condition
R-3DJAKE-3DJAKE-13-TDS-hyper-PLA-EN,1,setting,print_speed,G001-122,Hyper-PLA+,Printing Speed,250mm/s,250,,mm/s,,,,,,,,Print Conditions,Printing Speed | 250mm/s,,new,,high,reader-r1-24,test print condition
R-3DJAKE-3DJAKE-13-TDS-hyper-PLA-EN,1,setting,other,G001-122,Hyper-PLA+,Infill,100%,100,,%,,,,,,,,Print Conditions,Infill | 100%,,new,,high,reader-r1-24,test print condition
R-3DJAKE-3DJAKE-13-TDS-hyper-PLA-EN,2,none,,,,,,,,,,,,,,,,,,,new,,high,reader-r1-24,specimen drawings *1* *2* *3* follow in separate rows
R-3DJAKE-3DJAKE-13-TDS-hyper-PLA-EN,2,context,tensile,,,ASTM D638 (ISO 527 GB/T 1040),,,,,,,printed,,,"ASTM D638 (ISO 527, GB/T 1040)",,*1* tensile specimen drawing,"ASTM D638 (ISO 527, GB/T 1040) | *1*",,new,,medium,reader-r1-24,drawing of tensile bar 150 x 20 x 4 mm with layer lines and an arrow (build direction); the word printed is not written
R-3DJAKE-3DJAKE-13-TDS-hyper-PLA-EN,2,context,flexural,,,ASTMD790 (ISO 178 GB/T 9341),,,,,,,printed,,,"ASTMD790 (ISO 178, GB/T 9341)",,*2* flexural specimen drawing,"ASTMD790 (ISO 178, GB/T 9341) | *2*",,new,,medium,reader-r1-24,drawing of bar 80 x 10 x 4 mm with layer lines; span 60 mm
R-3DJAKE-3DJAKE-13-TDS-hyper-PLA-EN,2,context,impact,,,ASTM D256 (ISO 179 GB/T 1043),,,,,,,printed,,,"ASTM D256 (ISO 179, GB/T 1043)",,*3* impact specimen drawing,"ASTM D256 (ISO 179, GB/T 1043) | *3*",,new,,medium,reader-r1-24,drawing of notched bar 80 x 10 x 4 mm 45.00° notch with layer lines
R-3DJAKE-3DJAKE-13-TDS-hyper-PLA-EN,2,setting,nozzle,G001-122,Hyper-PLA+,Print Temperature,190-230℃,190,230,℃,,,,,,,,4. Recommended printing conditions,Print Temperature | 190-230℃,P0843,confirms,190-230℃,high,reader-r1-24,
R-3DJAKE-3DJAKE-13-TDS-hyper-PLA-EN,2,setting,bed,G001-122,Hyper-PLA+,Hotbed Temperature,25-60℃,25,60,℃,,,,,,,,4. Recommended printing conditions,Hotbed Temperature | 25-60℃,P0843,mismatch,60℃,high,reader-r1-24,held profile bed is 60℃ (the page-1 test condition); the recommended range is 25-60℃
R-3DJAKE-3DJAKE-13-TDS-hyper-PLA-EN,2,setting,chamber,G001-122,Hyper-PLA+,Ambient Temperature,0-50℃,0,50,℃,,,,,,,,4. Recommended printing conditions,Ambient Temperature | 0-50℃,P0843,confirms,0-50℃,medium,reader-r1-24,page says Ambient Temperature not chamber
R-3DJAKE-3DJAKE-13-TDS-hyper-PLA-EN,2,setting,print_speed,G001-122,Hyper-PLA+,Print Speed,40-600mm/s,40,600,mm/s,,,,,,,,4. Recommended printing conditions,Print Speed | 40-600mm/s,,new,,high,reader-r1-24,
R-3DJAKE-3DJAKE-13-TDS-hyper-PLA-EN,2,setting,other,G001-122,Hyper-PLA+,Pumping Distance,1-5mm,1,5,mm,,,,,,,,4. Recommended printing conditions,Pumping Distance | 1-5mm,,new,,high,reader-r1-24,retraction distance
R-3DJAKE-3DJAKE-13-TDS-hyper-PLA-EN,2,identity,other,G001-122,Hyper-PLA+,5. Compatible Models,Ender-PLA+ wildly used in FDM 3D printers on the market.,,,,,,,,,,,5. Compatible Models,Ender-PLA+ wildly used in FDM 3D printers on the market.,,new,,high,reader-r1-24,
R-3DJAKE-3DJAKE-13-TDS-hyper-PLA-EN,3,setting,other,G001-122,Hyper-PLA+,6. Storage Condition,"Please place this product in a dry and ventilated environment, not in an environment of high temperature, sunny or humid conditions. If it is not used up within a short time after opening, it is recommended to use it with a dry box when using it again.",,,,,,,,,,,6. Storage Condition,"Please place this product in a dry and ventilated environment, not in an environment of high temperature, sunny or humid conditions. If it is not used up within a short time after opening, it is recommended to use it with a dry box when using it again.",,new,,high,reader-r1-24,storage; no drying temperature or hours
R-3DJAKE-3DJAKE-13-TDS-hyper-PLA-EN,3,context,all,,,7. Disclaimer,,,,,,,,,,,,7. Disclaimer,"The values given in this data sheet are for reference and comparison only. Actual values may vary with printing conditions, and the end-use performance of printed models depends on model design, environmental conditions, printing conditions, etc.",,new,,high,reader-r1-24,disclaimer; no conditions stated
R-3DJAKE-3DJAKE-14-TDS-hyper-PLA-CF-EN,1,identity,other,G001-122,HYPER PLA CF,Title,Hyper-PLA+ Filament Technical Data Sheet,,,,,,,,,,,,Hyper-PLA+ Filament Technical Data Sheet | Version 1.0,,new,,high,reader-r1-24,title says Hyper-PLA+ but the text describes HYPER PLA CF; manifest grade is Hyper-PLA+ (G001-122): possible wrong grade for the held rows
R-3DJAKE-3DJAKE-14-TDS-hyper-PLA-CF-EN,1,identity,filler,G001-122,HYPER PLA CF,1. Product introduction,HYPER PLA CF is filled with 4% carbon fiber material,4,,%,,,,,,,,1. Product introduction,HYPER PLA CF is filled with 4% carbon fiber material,,new,,high,reader-r1-24,
R-3DJAKE-3DJAKE-14-TDS-hyper-PLA-CF-EN,1,identity,polymer,G001-122,HYPER PLA CF,1. Product introduction,HYPER PLA CF,,,,,,,,,,,1. Product introduction,HYPER PLA CF is filled with 4% carbon fiber material,,new,,medium,reader-r1-24,polymer PLA not stated in the text; name only
R-3DJAKE-3DJAKE-14-TDS-hyper-PLA-CF-EN,1,value,Density,G001-122,HYPER PLA CF,Density,1.21 ±0.1 (g/cm3 at 21.5˚C),1.21,,g/cm3,=,,,,,"ASTM D792 (ISO 1183, GB/T 1033)",temp=21.5 ˚C,2. Physical Performance Parameters,"Density | ASTM D792 (ISO 1183, GB/T 1033) | 1.21 ±0.1 (g/cm3 at 21.5˚C)",V009029,confirms,1.21 ± 0.1 g/cm3,high,reader-r1-24,
R-3DJAKE-3DJAKE-14-TDS-hyper-PLA-CF-EN,1,value,Glass transition temperature,G001-122,HYPER PLA CF,Glass transition temperature,N/A,,,,,,,,,"DSC, 10 °C/min",rate=10 °C/min,2. Physical Performance Parameters,"Glass transition temperature | DSC, 10 °C/min | N/A",,new,,high,reader-r1-24,not published
R-3DJAKE-3DJAKE-14-TDS-hyper-PLA-CF-EN,1,value,Vicat softening temperature,G001-122,HYPER PLA CF,Vicat Softening temperature,53 (˚C),53,,˚C,=,,,,,ASTM D1525 (ISO 306 GB/T 1633),,2. Physical Performance Parameters,Vicat Softening temperature | ASTM D1525 (ISO 306 GB/T 1633) | 53 (˚C),V009030,confirms,53 °C,high,reader-r1-24,
R-3DJAKE-3DJAKE-14-TDS-hyper-PLA-CF-EN,1,value,Melt mass-flow rate,G001-122,HYPER PLA CF,Melt index,5.37 (g/10 min),5.37,,g/10 min,=,,,,,,temp=190°C; load=2.16 kg,2. Physical Performance Parameters,"Melt index | 190°C, 2.16 kg | 5.37 (g/10 min)",V009031,confirms,5.37 g/10 min,high,reader-r1-24,
R-3DJAKE-3DJAKE-14-TDS-hyper-PLA-CF-EN,1,value,Tensile strength (endpoint unspecified),G001-122,HYPER PLA CF,Tensile strength (X-Y),39 (MPa),39,,MPa,=,X-Y,,,,"ISO 527, GB/T 1040",,3. Mechanical Performance Parameters,"Tensile strength (X-Y) | ISO 527, GB/T 1040 | 39 (MPa)",V009032,confirms,39 MPa,high,reader-r1-24,
R-3DJAKE-3DJAKE-14-TDS-hyper-PLA-CF-EN,1,value,Tensile modulus,G001-122,HYPER PLA CF,Tensile modulus (X-Y),N/A,,,,,X-Y,,,,"ISO 527, GB/T 1040",,3. Mechanical Performance Parameters,"Tensile modulus (X-Y) | ISO 527, GB/T 1040 | N/A",,new,,high,reader-r1-24,not published
R-3DJAKE-3DJAKE-14-TDS-hyper-PLA-CF-EN,1,value,Elongation at break,G001-122,HYPER PLA CF,Elongation at break（X-Y）,4.27 (%),4.27,,%,=,X-Y,,,,"ISO 527, GB/T 1040",,3. Mechanical Performance Parameters,"Elongation at break（X-Y） | ISO 527, GB/T 1040 | 4.27 (%)",V009033,confirms,4.27 %,high,reader-r1-24,
R-3DJAKE-3DJAKE-14-TDS-hyper-PLA-CF-EN,1,value,Flexural strength,G001-122,HYPER PLA CF,Bending strength（X-Y）,103 (MPa),103,,MPa,=,X-Y,,,,"ISO 178, GB/T 9341",,3. Mechanical Performance Parameters,"Bending strength（X-Y） | ISO 178, GB/T 9341 | 103 (MPa)",V009034,confirms,103 MPa,high,reader-r1-24,
R-3DJAKE-3DJAKE-14-TDS-hyper-PLA-CF-EN,1,value,Flexural modulus,G001-122,HYPER PLA CF,Bending modulus（X-Y）,5003 (MPa),5003,,MPa,=,X-Y,,,,"ISO 179, GB/T 1043",,3. Mechanical Performance Parameters,"Bending modulus（X-Y） | ISO 179, GB/T 1043 | 5003 (MPa)",V009035,confirms,5003 MPa,high,reader-r1-24,standard printed ISO 179 as held
R-3DJAKE-3DJAKE-14-TDS-hyper-PLA-CF-EN,1,value,Charpy strength,G001-122,HYPER PLA CF,Charpy impact strength（Z）,5.08 (kJ/m2),5.08,,kJ/m2,=,Z,,,,"ISO 179, GB/T 1043",,3. Mechanical Performance Parameters,"Charpy impact strength（Z） | ISO 179, GB/T 1043 | 5.08 (kJ/m 2)",V009036,confirms,5.08 kJ/m2,high,reader-r1-24,
R-3DJAKE-3DJAKE-14-TDS-hyper-PLA-CF-EN,1,context,all,,,Printing parameters and styles of printing conditions:,,,,,,,,,,,,Print Conditions,Printing parameters and styles of printing conditions:,,new,,medium,reader-r1-24,heading above print-conditions table; not explicit that specimens were printed with these settings
R-3DJAKE-3DJAKE-14-TDS-hyper-PLA-CF-EN,1,setting,nozzle,G001-122,HYPER PLA CF,Nozzle Temperature,190 - 230℃,190,230,℃,,,,,,,,Print Conditions,Nozzle Temperature | 190 - 230℃,P0860,confirms,190 - 230℃,high,reader-r1-24,
R-3DJAKE-3DJAKE-14-TDS-hyper-PLA-CF-EN,1,setting,bed,G001-122,HYPER PLA CF,Hot Bed Temperature,45-60℃,45,60,℃,,,,,,,,Print Conditions,Hot Bed Temperature | 45-60℃,P0860,confirms,45-60℃,high,reader-r1-24,
R-3DJAKE-3DJAKE-14-TDS-hyper-PLA-CF-EN,1,setting,print_speed,G001-122,HYPER PLA CF,Printing Speed,50-300mm/s,50,300,mm/s,,,,,,,,Print Conditions,Printing Speed | 50-300mm/s,,new,,high,reader-r1-24,
R-3DJAKE-3DJAKE-14-TDS-hyper-PLA-CF-EN,1,setting,other,G001-122,HYPER PLA CF,Infill,100%,100,,%,,,,,,,,Print Conditions,Infill | 100%,,new,,high,reader-r1-24,
R-3DJAKE-3DJAKE-14-TDS-hyper-PLA-CF-EN,2,context,tensile,,,ASTM D638 (ISO 527 GB/T 1040),,,,,,,printed,,,"ASTM D638 (ISO 527, GB/T 1040)",,*1* tensile specimen drawing,"ASTM D638 (ISO 527, GB/T 1040) | *1*",,new,,medium,reader-r1-24,drawing of tensile bar 150 x 20 x 4 mm with layer lines and an arrow; the word printed is not written
R-3DJAKE-3DJAKE-14-TDS-hyper-PLA-CF-EN,2,context,flexural,,,ASTMD790 (ISO 178 GB/T 9341),,,,,,,printed,,,"ASTMD790 (ISO 178, GB/T 9341)",,*2* flexural specimen drawing,"ASTMD790 (ISO 178, GB/T 9341) | *2*",,new,,medium,reader-r1-24,drawing of bar 80 x 10 x 4 mm with layer lines; span 60 mm
R-3DJAKE-3DJAKE-14-TDS-hyper-PLA-CF-EN,2,context,impact,,,ASTM D256 (ISO 179 GB/T 1043),,,,,,,printed,,,"ASTM D256 (ISO 179, GB/T 1043)",,*3* impact specimen drawing,"ASTM D256 (ISO 179, GB/T 1043) | *3*",,new,,medium,reader-r1-24,drawing of notched bar 80 x 10 x 4 mm 45.00° notch with layer lines
R-3DJAKE-3DJAKE-14-TDS-hyper-PLA-CF-EN,2,setting,nozzle,G001-122,HYPER PLA CF,Print Temperature,190-230℃,190,230,℃,,,,,,,,4. Recommended printing conditions,Print Temperature | 190-230℃,P0860,confirms,190 - 230℃,high,reader-r1-24,
R-3DJAKE-3DJAKE-14-TDS-hyper-PLA-CF-EN,2,setting,bed,G001-122,HYPER PLA CF,Hotbed Temperature,45-60℃,45,60,℃,,,,,,,,4. Recommended printing conditions,Hotbed Temperature | 45-60℃,P0860,confirms,45-60℃,high,reader-r1-24,
R-3DJAKE-3DJAKE-14-TDS-hyper-PLA-CF-EN,2,setting,chamber,G001-122,HYPER PLA CF,Ambient Temperature,0-50℃,0,50,℃,,,,,,,,4. Recommended printing conditions,Ambient Temperature | 0-50℃,P0860,confirms,0-50℃,medium,reader-r1-24,page says Ambient Temperature not chamber
R-3DJAKE-3DJAKE-14-TDS-hyper-PLA-CF-EN,2,setting,print_speed,G001-122,HYPER PLA CF,Print Speed,50-300mm/s,50,300,mm/s,,,,,,,,4. Recommended printing conditions,Print Speed | 50-300mm/s,,new,,high,reader-r1-24,
R-3DJAKE-3DJAKE-14-TDS-hyper-PLA-CF-EN,2,setting,other,G001-122,HYPER PLA CF,Pumping Distance,1-5mm,1,5,mm,,,,,,,,4. Recommended printing conditions,Pumping Distance | 1-5mm,,new,,high,reader-r1-24,retraction distance
R-3DJAKE-3DJAKE-14-TDS-hyper-PLA-CF-EN,2,identity,other,G001-122,HYPER PLA CF,5. Compatible Models,Ender-PLA+ wildly used in FDM 3D printers on the market.,,,,,,,,,,,5. Compatible Models,Ender-PLA+ wildly used in FDM 3D printers on the market.,,new,,high,reader-r1-24,
R-3DJAKE-3DJAKE-14-TDS-hyper-PLA-CF-EN,3,setting,other,G001-122,HYPER PLA CF,6. Storage Condition,"Please place this product in a dry and ventilated environment, not in an environment of high temperature, sunny or humid conditions. If it is not used up within a short time after opening, it is recommended to use it with a dry box when using it again.",,,,,,,,,,,6. Storage Condition,"Please place this product in a dry and ventilated environment, not in an environment of high temperature, sunny or humid conditions. If it is not used up within a short time after opening, it is recommended to use it with a dry box when using it again.",,new,,high,reader-r1-24,storage; no drying temperature or hours
R-3DJAKE-3DJAKE-14-TDS-hyper-PLA-CF-EN,3,context,all,,,7. Disclaimer,,,,,,,,,,,,7. Disclaimer,"The values given in this data sheet are for reference and comparison only. Actual values may vary with printing conditions, and the end-use performance of printed models depends on model design, environmental conditions, printing conditions, etc.",,new,,high,reader-r1-24,disclaimer; no conditions stated
R-3DJAKE-3DJAKE-15-TDS-Hyper-RFID-PLA-EN,1,identity,other,G001-117,Hyper PLA RFID,Title,Hyper-PLA RFID Filament Technical Data Sheet,,,,,,,,,,,,Hyper-PLA RFID Filament Technical Data Sheet | Version 1.0,,new,,high,reader-r1-24,
R-3DJAKE-3DJAKE-15-TDS-Hyper-RFID-PLA-EN,1,identity,polymer,G001-117,Hyper PLA RFID,1. Product introduction,It is a 3D printing filament developed based on PLA.,,,,,,,,,,,1. Product introduction,It is a 3D printing filament developed based on PLA.,,new,,high,reader-r1-24,
R-3DJAKE-3DJAKE-15-TDS-Hyper-RFID-PLA-EN,1,setting,print_speed,G001-117,Hyper PLA RFID,1. Product introduction,supporting printing speeds up to 600mm/s,600,,mm/s,<,,,,,,,1. Product introduction,supporting printing speeds up to 600mm/s,,new,,high,reader-r1-24,maximum
R-3DJAKE-3DJAKE-15-TDS-Hyper-RFID-PLA-EN,1,value,Density,G001-117,Hyper PLA RFID,Density,1.24 ±0.1 (g/cm3 at 21.5˚C),1.24,,g/cm3,=,,,,,"ASTM D792 (ISO 1183, GB/T 1033)",temp=21.5 ˚C,2. Physical Performance Parameters,"Density | ASTM D792 (ISO 1183, GB/T 1033) | 1.24 ±0.1 (g/cm3 at 21.5˚C)",V008775,confirms,1.24 ± 0.1 g/cm3,high,reader-r1-24,
R-3DJAKE-3DJAKE-15-TDS-Hyper-RFID-PLA-EN,1,value,Glass transition temperature,G001-117,Hyper PLA RFID,Glass transition temperature,62 (°C),62,,°C,=,,,,,"DSC, 10°C/min",rate=10 °C/min,2. Physical Performance Parameters,"Glass transition temperature | DSC, 10°C/min | 62 (°C)",V008776,confirms,62 °C,high,reader-r1-24,
R-3DJAKE-3DJAKE-15-TDS-Hyper-RFID-PLA-EN,1,value,Vicat softening temperature,G001-117,Hyper PLA RFID,Vicat Softening temperature,62.3 ±0.5 (˚C),62.3,,˚C,=,,,,,ASTM D1525 (ISO 306 GB/T 1633),,2. Physical Performance Parameters,Vicat Softening temperature | ASTM D1525 (ISO 306 GB/T 1633) | 62.3 ±0.5 (˚C),V008777,confirms,62.3 ± 0.5 °C,high,reader-r1-24,
R-3DJAKE-3DJAKE-15-TDS-Hyper-RFID-PLA-EN,1,value,Melt mass-flow rate,G001-117,Hyper PLA RFID,Melt index,3-5 (g/10 min),3,5,g/10 min,,,,,,,temp=190°C; load=2.16kg,2. Physical Performance Parameters,"Melt index | 190°C, 2.16kg | 3-5 (g/10 min)",V008778,confirms,3-5 g/10 min,high,reader-r1-24,
R-3DJAKE-3DJAKE-15-TDS-Hyper-RFID-PLA-EN,1,context,all,,,Printing parameters and styles of printing conditions:,,,,,,,,,,,,3. Mechanical Performance Parameters,Printing parameters and styles of printing conditions:,,new,,medium,reader-r1-24,sits under heading 3 Mechanical Performance Parameters; not explicit that specimens were printed with these settings
R-3DJAKE-3DJAKE-15-TDS-Hyper-RFID-PLA-EN,1,setting,nozzle,G001-117,Hyper PLA RFID,Nozzle Temperature,220°C,220,,°C,,,,,,,,Print Conditions,Nozzle Temperature | 220°C,,new,,high,reader-r1-24,test print condition
R-3DJAKE-3DJAKE-15-TDS-Hyper-RFID-PLA-EN,1,setting,bed,G001-117,Hyper PLA RFID,Hot Bed Temperature,60°C,60,,°C,,,,,,,,Print Conditions,Hot Bed Temperature | 60°C,P0820,confirms,60°C,high,reader-r1-24,test print condition
R-3DJAKE-3DJAKE-15-TDS-Hyper-RFID-PLA-EN,1,setting,print_speed,G001-117,Hyper PLA RFID,Printing Speed,300mm/s,300,,mm/s,,,,,,,,Print Conditions,Printing Speed | 300mm/s,,new,,high,reader-r1-24,test print condition
R-3DJAKE-3DJAKE-15-TDS-Hyper-RFID-PLA-EN,1,setting,other,G001-117,Hyper PLA RFID,Infill,100%,100,,%,,,,,,,,Print Conditions,Infill | 100%,,new,,high,reader-r1-24,test print condition
R-3DJAKE-3DJAKE-15-TDS-Hyper-RFID-PLA-EN,1,context,tensile,,,ASTM D638 (ISO 527 GB/T 1040),,,,,,,printed,,,"ASTM D638 (ISO 527, GB/T 1040)",,*1* tensile specimen drawing,"ASTM D638 (ISO 527, GB/T 1040) | *1*",,new,,medium,reader-r1-24,drawing of tensile bar 150 x 20 x 4 mm with layer lines and an arrow
R-3DJAKE-3DJAKE-15-TDS-Hyper-RFID-PLA-EN,2,context,flexural,,,ASTMD790 (ISO 178 GB/T 9341),,,,,,,printed,,,"ASTMD790 (ISO 178, GB/T 9341)",,*2* flexural specimen drawing,"ASTMD790 (ISO 178, GB/T 9341) | *2*",,new,,medium,reader-r1-24,drawing of bar 80 x 10 x 4 mm with layer lines; span 60 mm
R-3DJAKE-3DJAKE-15-TDS-Hyper-RFID-PLA-EN,2,context,impact,,,ASTM D256 (ISO 179 GB/T 1043),,,,,,,printed,,,"ASTM D256 (ISO 179, GB/T 1043)",,*3* impact specimen drawing,"ASTM D256 (ISO 179, GB/T 1043) | *3*",,new,,medium,reader-r1-24,drawing of notched bar 80 x 10 x 4 mm 45.00° notch with layer lines
R-3DJAKE-3DJAKE-15-TDS-Hyper-RFID-PLA-EN,2,value,Tensile strength (endpoint unspecified),G001-117,Hyper PLA RFID,Tensile strength (X-Y),43.357 (MPa),43.357,,MPa,=,X-Y,,,,"ASTM D638 (ISO 527, GB/T 1040)",,Mechanical Performance Parameters,"Tensile strength (X-Y) | ASTM D638 (ISO 527, GB/T 1040) | 43.357 (MPa)",V008779,confirms,43.357 MPa,high,reader-r1-24,
R-3DJAKE-3DJAKE-15-TDS-Hyper-RFID-PLA-EN,2,value,Tensile modulus,G001-117,Hyper PLA RFID,Elasticity modulus (X-Y),1885.947 (Mpa),1885.947,,Mpa,=,X-Y,,,,"ASTM D638 (ISO 527, GB/T 1040)",,Mechanical Performance Parameters,"Elasticity modulus (X-Y) | ASTM D638 (ISO 527, GB/T 1040) | 1885.947 (Mpa)",,new,,high,reader-r1-24,label Elasticity modulus
R-3DJAKE-3DJAKE-15-TDS-Hyper-RFID-PLA-EN,2,value,Elongation at break,G001-117,Hyper PLA RFID,Elongation at break (X-Y),12.358 (%),12.358,,%,=,X-Y,,,,"ASTM D638 (ISO 527, GB/T 1040)",,Mechanical Performance Parameters,"Elongation at break (X-Y) | ASTM D638 (ISO 527, GB/T 1040) | 12.358 (%)",V008780,confirms,12.358 %,high,reader-r1-24,
R-3DJAKE-3DJAKE-15-TDS-Hyper-RFID-PLA-EN,2,value,Tensile strength (endpoint unspecified),G001-117,Hyper PLA RFID,Tensile strength (Z),27.949 (Mpa),27.949,,Mpa,=,Z,,,,"ASTM D638 (ISO 527, GB/T 1040)",,Mechanical Performance Parameters,"Tensile strength (Z) | ASTM D638 (ISO 527, GB/T 1040) | 27.949 (Mpa)",V008781,confirms,27.949 Mpa,high,reader-r1-24,
R-3DJAKE-3DJAKE-15-TDS-Hyper-RFID-PLA-EN,2,value,Tensile modulus,G001-117,Hyper PLA RFID,Elasticity modulus (Z),1678.200 (Mpa),1678.200,,Mpa,=,Z,,,,"ASTM D638 (ISO 527, GB/T 1040)",,Mechanical Performance Parameters,"Elasticity modulus (Z) | ASTM D638 (ISO 527, GB/T 1040) | 1678.200 (Mpa)",,new,,high,reader-r1-24,label Elasticity modulus
R-3DJAKE-3DJAKE-15-TDS-Hyper-RFID-PLA-EN,2,value,Flexural strength,G001-117,Hyper PLA RFID,Bending strength (X-Y),75.858 (MPa),75.858,,MPa,=,X-Y,,,,"ASTMD790 (ISO 178, GB/T 9341)",,Mechanical Performance Parameters,"Bending strength (X-Y) | ASTMD790 (ISO 178, GB/T 9341) | 75.858 (MPa)",V008782,confirms,75.858 MPa,high,reader-r1-24,
R-3DJAKE-3DJAKE-15-TDS-Hyper-RFID-PLA-EN,2,value,Flexural modulus,G001-117,Hyper PLA RFID,Bending modulus (X-Y),2881.747 (MPa),2881.747,,MPa,=,X-Y,,,,"ASTMD790 (ISO 178, GB/T 9341)",,Mechanical Performance Parameters,"Bending modulus (X-Y) | ASTMD790 (ISO 178, GB/T 9341) | 2881.747 (MPa)",V008783,confirms,2881.747 MPa,high,reader-r1-24,
R-3DJAKE-3DJAKE-15-TDS-Hyper-RFID-PLA-EN,2,value,Charpy strength,G001-117,Hyper PLA RFID,Charpy impact strength (X-Y),17.586 (kJ/m2),17.586,,kJ/m2,=,X-Y,,,,"ASTM D256 (ISO 179, GB/T 1043)",,Mechanical Performance Parameters,"Charpy impact strength (X-Y) | ASTM D256 (ISO 179, GB/T 1043) | 17.586 (kJ/m 2)",V008784,confirms,17.586 kJ/m2,high,reader-r1-24,held row files this under Impact strength; label says Charpy; notched specimen drawn
R-3DJAKE-3DJAKE-15-TDS-Hyper-RFID-PLA-EN,2,setting,nozzle,G001-117,Hyper PLA RFID,Print Temperature,190-230°C,190,230,°C,,,,,,,,4. Recommended printing conditions,Print Temperature | 190-230°C,P0820,confirms,190-230°C,high,reader-r1-24,
R-3DJAKE-3DJAKE-15-TDS-Hyper-RFID-PLA-EN,2,setting,bed,G001-117,Hyper PLA RFID,Hotbed Temperature,25-60°C,25,60,°C,,,,,,,,4. Recommended printing conditions,Hotbed Temperature | 25-60°C,P0820,mismatch,60°C,high,reader-r1-24,held profile bed is 60°C (the page-1 test condition); recommended range is 25-60°C
R-3DJAKE-3DJAKE-15-TDS-Hyper-RFID-PLA-EN,2,setting,chamber,G001-117,Hyper PLA RFID,Ambient Temperature,0-50°C,0,50,°C,,,,,,,,4. Recommended printing conditions,Ambient Temperature | 0-50°C,P0820,confirms,0-50°C,medium,reader-r1-24,page says Ambient Temperature not chamber
R-3DJAKE-3DJAKE-15-TDS-Hyper-RFID-PLA-EN,2,setting,print_speed,G001-117,Hyper PLA RFID,Print Speed,40-600mm/s,40,600,mm/s,,,,,,,,4. Recommended printing conditions,Print Speed | 40-600mm/s,,new,,high,reader-r1-24,
R-3DJAKE-3DJAKE-15-TDS-Hyper-RFID-PLA-EN,2,setting,other,G001-117,Hyper PLA RFID,Pumping Distance,1-5mm,1,5,mm,,,,,,,,4. Recommended printing conditions,Pumping Distance | 1-5mm,,new,,high,reader-r1-24,retraction distance
R-3DJAKE-3DJAKE-15-TDS-Hyper-RFID-PLA-EN,2,identity,other,G001-117,Hyper PLA RFID,5. Compatible Models,Hyper PLA RFID is wildly used in FDM 3D printers on the market.,,,,,,,,,,,5. Compatible Models,Hyper PLA RFID is wildly used in FDM 3D printers on the market.,,new,,high,reader-r1-24,
R-3DJAKE-3DJAKE-15-TDS-Hyper-RFID-PLA-EN,3,setting,other,G001-117,Hyper PLA RFID,6. Storage Condition,"Please place this product in a dry and ventilated environment, avoiding high temperatures, direct sunlight, or humid conditions. If it is not used up shortly after opening, it is recommended to store it with a drying box for future use.",,,,,,,,,,,6. Storage Condition,"Please place this product in a dry and ventilated environment, avoiding high temperatures, direct sunlight, or humid conditions. If it is not used up shortly after opening, it is recommended to store it with a drying box for future use.",,new,,high,reader-r1-24,storage; no drying temperature or hours
R-3DJAKE-3DJAKE-15-TDS-Hyper-RFID-PLA-EN,3,context,all,,,7. Disclaimer,,,,,,,,,,,,7. Disclaimer,"The values given in this data sheet are for reference and comparison only. Actual values may vary with printing conditions, and the end-use performance of printed models depends on model designs, environmental conditions, printing conditions, etc.",,new,,high,reader-r1-24,disclaimer; no conditions stated
R-3DJAKE-3DJAKE-23-TDS-HYPER-PETG-EN,1,identity,other,G020-53,Hyper PETG,Title,Hyper PETG Filament Technical Data Sheet,,,,,,,,,,,,Hyper PETG Filament Technical Data Sheet | Version 1.0,,new,,high,reader-r1-24,
R-3DJAKE-3DJAKE-23-TDS-HYPER-PETG-EN,1,setting,print_speed,G020-53,Hyper PETG,1. Product introduction,enabling print speeds of up to 300mm/s,300,,mm/s,<,,,,,,,1. Product introduction,enabling print speeds of up to 300mm/s,,new,,high,reader-r1-24,maximum
R-3DJAKE-3DJAKE-23-TDS-HYPER-PETG-EN,1,value,Density,G020-53,Hyper PETG,Density,1.27 (g/cm3 at 21.5˚C),1.27,,g/cm3,=,,,,,"ASTM D792 (ISO 1183, GB/T 1033)",temp=21.5 ˚C,2. Physical Performance Parameters,"Density | ASTM D792 (ISO 1183, GB/T 1033) | 1.27 (g/cm3 at 21.5˚C)",V009073,confirms,1.27 g/cm3,high,reader-r1-24,
R-3DJAKE-3DJAKE-23-TDS-HYPER-PETG-EN,1,value,Vicat softening temperature,G020-53,Hyper PETG,Vicat Softening temperature,83 (˚C),83,,˚C,=,,,,,ASTM D1525 (ISO 306 GB/T 1633),,2. Physical Performance Parameters,Vicat Softening temperature | ASTM D1525 (ISO 306 GB/T 1633) | 83 (˚C),V009074,confirms,83 °C,high,reader-r1-24,
R-3DJAKE-3DJAKE-23-TDS-HYPER-PETG-EN,1,value,Melt mass-flow rate,G020-53,Hyper PETG,Melt index,12 (g/10 min),12,,g/10 min,=,,,,,,temp=190°C; load=2.16kg,2. Physical Performance Parameters,"Melt index | 190°C, 2.16kg | 12 (g/10 min)",V009075,confirms,12 g/10 min,high,reader-r1-24,
R-3DJAKE-3DJAKE-23-TDS-HYPER-PETG-EN,1,value,HDT,G020-53,Hyper PETG,Distortion temperature,74.5 (˚C),74.5,,˚C,=,,,,,ASTM D648 (ISO 75-2，GB/T 1634.1),,3. Mechanical Performance Parameters,Distortion temperature | ASTM D648 (ISO 75-2，GB/T 1634.1) | 74.5 (˚C),,new,,high,reader-r1-24,load not printed; listed under the mechanical table
R-3DJAKE-3DJAKE-23-TDS-HYPER-PETG-EN,1,value,Tensile strength (endpoint unspecified),G020-53,Hyper PETG,Tensile strength (X-Y),48 (MPa),48,,MPa,=,X-Y,,,,"ASTM D638 (ISO 527, GB/T 1040)",,3. Mechanical Performance Parameters,"Tensile strength (X-Y) | ASTM D638 (ISO 527, GB/T 1040) | 48 (MPa)",V009076,confirms,48 MPa,high,reader-r1-24,
R-3DJAKE-3DJAKE-23-TDS-HYPER-PETG-EN,1,value,Elongation at break,G020-53,Hyper PETG,Elongation at break (X-Y),10 (%),10,,%,=,X-Y,,,,"ASTM D638 (ISO 527, GB/T 1040)",,3. Mechanical Performance Parameters,"Elongation at break (X-Y) | ASTM D638 (ISO 527, GB/T 1040) | 10 (%)",V009077,confirms,10 %,high,reader-r1-24,
R-3DJAKE-3DJAKE-23-TDS-HYPER-PETG-EN,1,value,Tensile modulus,G020-53,Hyper PETG,Emodulus (X-Y),3500 (MPa),3500,,MPa,=,X-Y,,,,"ASTM D638 (ISO 527, GB/T 1040)",,3. Mechanical Performance Parameters,"Emodulus (X-Y) | ASTM D638 (ISO 527, GB/T 1040) | 3500 (MPa)",V009078,confirms,3500 MPa,high,reader-r1-24,tensile modulus 3500 exceeds flexural modulus 2200 on the same sheet; as printed
R-3DJAKE-3DJAKE-23-TDS-HYPER-PETG-EN,1,value,Flexural modulus,G020-53,Hyper PETG,Flexural modulus,2200 (MPa),2200,,MPa,=,,,,,"ASTMD790 (ISO 178, GB/T 9341)",,3. Mechanical Performance Parameters,"Flexural modulus | ASTMD790 (ISO 178, GB/T 9341) | 2200 (MPa)",V009079,confirms,2200 MPa,high,reader-r1-24,
R-3DJAKE-3DJAKE-23-TDS-HYPER-PETG-EN,1,value,Impact strength,G020-53,Hyper PETG,Impact strength,55 (MPa),55,,MPa,=,,,,,"ASTM D256 (ISO 179, GB/T 1043)",,3. Mechanical Performance Parameters,"Impact strength | ASTM D256 (ISO 179, GB/T 1043) | 55 (MPa)",,new,,high,reader-r1-24,unit printed is MPa (not an impact unit); copied as printed; not notched per label
R-3DJAKE-3DJAKE-23-TDS-HYPER-PETG-EN,1,value,Impact strength,G020-53,Hyper PETG,Notch impact strength,6 (kJ/m2),6,,kJ/m2,=,,,,,"ASTM D256 (ISO 179, GB/T 1043)",notched,3. Mechanical Performance Parameters,"Notch impact strength | ASTM D256 (ISO 179, GB/T 1043) | 6 (kJ/m 2)",,new,,medium,reader-r1-24,Izod or Charpy not stated (ASTM D256 is Izod; ISO 179 is Charpy)
R-3DJAKE-3DJAKE-23-TDS-HYPER-PETG-EN,1,context,all,,,Printing parameters and styles of printing conditions:,,,,,,,,,,,,Print Conditions,Printing parameters and styles of printing conditions:,,new,,medium,reader-r1-24,heading above print-conditions table; not explicit that specimens were printed with these settings
R-3DJAKE-3DJAKE-23-TDS-HYPER-PETG-EN,1,setting,nozzle,G020-53,Hyper PETG,Nozzle Temperature,220-260 ˚C,220,260,˚C,,,,,,,,Print Conditions,Nozzle Temperature | 220-260 ˚C,P0867,confirms,220-260 °C,high,reader-r1-24,
R-3DJAKE-3DJAKE-23-TDS-HYPER-PETG-EN,1,setting,bed,G020-53,Hyper PETG,Hot Bed Temperature,70-80 ˚C,70,80,˚C,,,,,,,,Print Conditions,Hot Bed Temperature | 70-80 ˚C,P0867,confirms,70-80 ˚C,high,reader-r1-24,
R-3DJAKE-3DJAKE-23-TDS-HYPER-PETG-EN,1,setting,print_speed,G020-53,Hyper PETG,Printing Speed,40-300mm/s,40,300,mm/s,,,,,,,,Print Conditions,Printing Speed | 40-300mm/s,,new,,high,reader-r1-24,
R-3DJAKE-3DJAKE-23-TDS-HYPER-PETG-EN,1,setting,other,G020-53,Hyper PETG,Infill,100%,100,,%,,,,,,,,Print Conditions,Infill | 100%,,new,,high,reader-r1-24,
R-3DJAKE-3DJAKE-23-TDS-HYPER-PETG-EN,2,context,tensile,,,ASTM D638 (ISO 527 GB/T 1040),,,,,,,printed,,,"ASTM D638 (ISO 527, GB/T 1040)",,*1* tensile specimen drawing,"ASTM D638 (ISO 527, GB/T 1040) | *1*",,new,,medium,reader-r1-24,drawing of tensile bar 150 x 20 x 4 mm with layer lines and an arrow
R-3DJAKE-3DJAKE-23-TDS-HYPER-PETG-EN,2,context,flexural,,,ASTMD790 (ISO 178 GB/T 9341),,,,,,,printed,,,"ASTMD790 (ISO 178, GB/T 9341)",,*2* flexural specimen drawing,"ASTMD790 (ISO 178, GB/T 9341) | *2*",,new,,medium,reader-r1-24,drawing of bar 80 x 10 x 4 mm with layer lines; span 60 mm
R-3DJAKE-3DJAKE-23-TDS-HYPER-PETG-EN,2,context,impact,,,ASTM D256 (ISO 179 GB/T 1043),,,,,,,printed,,,"ASTM D256 (ISO 179, GB/T 1043)",,*3* impact specimen drawing,"ASTM D256 (ISO 179, GB/T 1043) | *3*",,new,,medium,reader-r1-24,drawing of notched bar 80 x 10 x 4 mm 45.00° notch with layer lines
R-3DJAKE-3DJAKE-23-TDS-HYPER-PETG-EN,2,setting,nozzle,G020-53,Hyper PETG,Print Temperature,220-260˚C,220,260,˚C,,,,,,,,4. Recommended printing conditions,Print Temperature | 220-260˚C,P0867,confirms,220-260 °C,high,reader-r1-24,
R-3DJAKE-3DJAKE-23-TDS-HYPER-PETG-EN,2,setting,bed,G020-53,Hyper PETG,Hot bed Temperature,70-80˚C,70,80,˚C,,,,,,,,4. Recommended printing conditions,Hot bed Temperature | 70-80˚C,P0867,confirms,70-80 ˚C,high,reader-r1-24,
R-3DJAKE-3DJAKE-23-TDS-HYPER-PETG-EN,2,setting,chamber,G020-53,Hyper PETG,Ambient Temperature,0-50˚C,0,50,˚C,,,,,,,,4. Recommended printing conditions,Ambient Temperature | 0-50˚C,P0867,confirms,0-50˚C,medium,reader-r1-24,page says Ambient Temperature not chamber
R-3DJAKE-3DJAKE-23-TDS-HYPER-PETG-EN,2,setting,print_speed,G020-53,Hyper PETG,Print Speed,40-300mm/s,40,300,mm/s,,,,,,,,4. Recommended printing conditions,Print Speed | 40-300mm/s,,new,,high,reader-r1-24,
R-3DJAKE-3DJAKE-23-TDS-HYPER-PETG-EN,2,setting,fan,G020-53,Hyper PETG,Cooling fan,0-50%,0,50,%,,,,,,,,4. Recommended printing conditions,Cooling fan | 0-50%,,new,,high,reader-r1-24,
R-3DJAKE-3DJAKE-23-TDS-HYPER-PETG-EN,2,identity,other,G020-53,Hyper PETG,5. Compatible Models,Hyper PETG is wildly used in FDM 3D printers on the market.,,,,,,,,,,,5. Compatible Models,Hyper PETG is wildly used in FDM 3D printers on the market.,,new,,high,reader-r1-24,
R-3DJAKE-3DJAKE-23-TDS-HYPER-PETG-EN,2,setting,other,G020-53,Hyper PETG,6. Storage Condition,"Please place this product in a dry and ventilated environment, avoiding high temperatures, direct sunlight, or humid conditions. If it is not used up shortly after opening, it is recommended to store it with a drying box for future use.",,,,,,,,,,,6. Storage Condition,"Please place this product in a dry and ventilated environment, avoiding high temperatures, direct sunlight, or humid conditions. If it is not used up shortly after opening, it is recommended to store it with a drying box for future use.",,new,,high,reader-r1-24,storage; no drying temperature or hours
R-3DJAKE-3DJAKE-23-TDS-HYPER-PETG-EN,3,context,all,,,7. Disclaimer,,,,,,,,,,,,7. Disclaimer,"The values given in this data sheet are for reference and comparison only. Actual values may vary with printing conditions, and the end-use performsance of printed models depends on model design, environmental conditions, printing conditions, etc.",,new,,high,reader-r1-24,disclaimer; no conditions stated
R-3DJAKE-3DJAKE-3DJake-ABS,1,identity,other,G027-34,3DJAKE ABS,Product name,3DJAKE ABS,,,,,,,,,,,,Product name: 3DJAKE ABS,,new,,high,reader-r1-24,Version 1.0 01.10.2024
R-3DJAKE-3DJAKE-3DJake-ABS,1,identity,diameter,G027-34,3DJAKE ABS,Size,"1,75 mm",1.75,,mm,,,,,,,,Dimensions,"Size Ø tolerance Roundness | 1,75 mm ± 0,05 mm ≥ 95%",,new,,high,reader-r1-24,tolerance ± 0.05 mm; roundness ≥ 95 %
R-3DJAKE-3DJAKE-3DJake-ABS,1,value,Density,G027-34,3DJAKE ABS,Specific gravity,"1,06",1.06,,,=,,,,,ASTM D792,,Physical properties,"Specific gravity 1,06 ASTM D792",,new,,high,reader-r1-24,unitless specific gravity
R-3DJAKE-3DJAKE-3DJake-ABS,1,value,Tensile strength (endpoint unspecified),G027-34,3DJAKE ABS,Tensile strength,49 MPa,49,,MPa,=,,,,,ASTM D638,,Physical properties,Tensile strength 49 MPa ASTM D638,V008749,confirms,49 MPa,high,reader-r1-24,
R-3DJAKE-3DJAKE-3DJake-ABS,1,value,Tensile modulus,G027-34,3DJAKE ABS,Tensile E-Modulus,2350 MPa,2350,,MPa,=,,,,,ASTM D638,,Physical properties,Tensile E-Modulus 2350 MPa ASTM D638,,new,,high,reader-r1-24,
R-3DJAKE-3DJAKE-3DJake-ABS,1,value,Elongation at yield,G027-34,3DJAKE ABS,Elongation at yield,5 %,5,,%,=,,,,,ASTM D638,,Physical properties,Elongation at yield 5 % ASTM D638,V008750,confirms,5 %,high,reader-r1-24,
R-3DJAKE-3DJAKE-3DJake-ABS,1,value,Elongation at break,G027-34,3DJAKE ABS,Elongation at break,10 %,10,,%,=,,,,,ASTM D638,,Physical properties,Elongation at break 10 % ASTM D638,V008751,confirms,10 %,high,reader-r1-24,
R-3DJAKE-3DJAKE-3DJake-ABS,1,value,Flexural strength,G027-34,3DJAKE ABS,Flexural Strength,78 MPa,78,,MPa,=,,,,,ASTM D790,,Physical properties,Flexural Strength 78 MPa ASTM D790,V008752,confirms,78 MPa,high,reader-r1-24,
R-3DJAKE-3DJAKE-3DJake-ABS,1,value,Flexural modulus,G027-34,3DJAKE ABS,Flexural E-Modulus,2550 MPa,2550,,MPa,=,,,,,ASTM D790,,Physical properties,Flexural E-Modulus 2550 MPa ASTM D790,,new,,high,reader-r1-24,
R-3DJAKE-3DJAKE-3DJake-ABS,1,value,Vicat softening temperature,G027-34,3DJAKE ABS,VICAT A (VST),92 °C*,92,,°C,=,,,,,ASTM D792,,Physical properties,VICAT A (VST) 92 °C* ASTM D792 | *Temperature resistance tested with a wall thickness of at least 4 mm.,V008753,confirms,92 °C,high,reader-r1-24,standard printed is ASTM D792 (a density method) as held; footnote wall thickness at least 4 mm
R-3DJAKE-3DJAKE-3DJake-ABS,1,value,Melt mass-flow rate,G027-34,3DJAKE ABS,MFR,21 g/cm³,21,,g/cm³,=,,,,,ASTM D1238,,Physical properties,MFR 21 g/cm³ ASTM D1238,,new,,high,reader-r1-24,unit printed g/cm³ (not a flow-rate unit); copied as printed; no temperature or load printed
R-3DJAKE-3DJAKE-3DJake-ABS,1,value,HDT,G027-34,3DJAKE ABS,HDT/B,85 °C,85,,°C,=,,,,,ASTM D648,method=B,Physical properties,HDT/B 85 °C ASTM D648,V008754,confirms,85 °C,high,reader-r1-24,
R-3DJAKE-3DJAKE-3DJake-ABS,1,setting,nozzle,G027-34,3DJAKE ABS,Printing temperature,220 – 250 °C,220,250,°C,,,,,,,,Thermal properties,Printing temperature 220 – 250 °C,P0817,confirms,220 – 250 °C,high,reader-r1-24,
R-3DJAKE-3DJAKE-3DJake-ABS,1,setting,bed,G027-34,3DJAKE ABS,Recommended heat bed temperature,± 100 – 110 ˚C,100,110,˚C,,,,,,,,Additional info:,Recommended heat bed temperature to print 3DJAKE ABS: ± 100 – 110 ˚C,P0817,confirms,± 100 – 110 ˚C,high,reader-r1-24,
R-3DJAKE-3DJAKE-3DJake-ABS,1,setting,other,G027-34,3DJAKE ABS,Storage,Cool and dry (15-25˚C) and away from UV light,15,25,˚C,,,,,,,,Storage,Storage: Cool and dry (15-25˚C) and away from UV light. This enhances the shelf life significantly.,,new,,high,reader-r1-24,storage
R-3DJAKE-3DJAKE-3DJake-ABS,1,setting,other,G027-34,3DJAKE ABS,Packaging,All spools are sealed and packed with silica gel to avoid humidity.,,,,,,,,,,,Packaging:,All spools are sealed and packed with silica gel to avoid humidity.,,new,,high,reader-r1-24,
R-3DJAKE-3DJAKE-ANYCUBIC-TDS-ABS-V3-0,1,identity,other,G027-36,Anycubic ABS,Product Name,Anycubic ABS,,,,,,,,,,,,Product Name: | Anycubic ABS | Version: 3.0,,new,,high,reader-r1-24,
R-3DJAKE-3DJAKE-ANYCUBIC-TDS-ABS-V3-0,1,value,unmapped:Continuous temperature claim,G027-36,Anycubic ABS,Introduction,It can withstand temperatures up to 85°C,85,,°C,<,,,,,,,,Anycubic ABS is a widely used consumer-grade filament that offers several advantages. It can withstand temperatures up to 85°C,,new,,medium,reader-r1-24,marketing sentence; no method
R-3DJAKE-3DJAKE-ANYCUBIC-TDS-ABS-V3-0,1,value,Density,G027-36,Anycubic ABS,Density/（g/cm³）,1.05,1.05,,g/cm³,=,,,,,"ISO 1183,at 23°C",temp=23°C,Physical Properties,"Density/（g/cm³） | ISO 1183,at 23°C | g/cm³ | 1.05",V008848,confirms,1.05 g/cm3,high,reader-r1-24,
R-3DJAKE-3DJAKE-ANYCUBIC-TDS-ABS-V3-0,1,value,Melt mass-flow rate,G027-36,Anycubic ABS,Melt Index/ ( g/10min),32.1±0.63,32.1,,g/10min,=,,,,,ISO 1133,,Physical Properties,Melt Index/ ( g/10min) | ISO 1133 | g/10min | 32.1±0.63,V008849,confirms,32.1 ± 0.63 g/10min,high,reader-r1-24,no temperature or load printed
R-3DJAKE-3DJAKE-ANYCUBIC-TDS-ABS-V3-0,1,value,Moisture content,G027-36,Anycubic ABS,Moisture Content,0.25,0.25,,%,=,,,,,ISO 787-2,,Physical Properties,Moisture Content | ISO 787-2 | % | 0.25,V008850,confirms,0.25 %,high,reader-r1-24,
R-3DJAKE-3DJAKE-ANYCUBIC-TDS-ABS-V3-0,1,context,all,,,*All data are based on printed test samples. '(X-Y)' and '(Z)' indicate different testing orientations (refer to the direction schematic).,,,,,,,printed,,,,,Mechanical Properties,*All data are based on printed test samples. '(X-Y)' and '(Z)' indicate different testing orientations (refer to the direction schematic).,,new,,high,reader-r1-24,footnote under the mechanical table; 'All data' so may reach the physical table as well
R-3DJAKE-3DJAKE-ANYCUBIC-TDS-ABS-V3-0,1,value,Tensile strength (endpoint unspecified),G027-36,Anycubic ABS,Tensile Strength / MPa (X-Y),34,34,,MPa,=,X-Y,printed,,,ISO 527,,Mechanical Properties,Tensile Strength / MPa (X-Y) | ISO 527 | MPa | 34,,new,,high,reader-r1-24,
R-3DJAKE-3DJAKE-ANYCUBIC-TDS-ABS-V3-0,1,value,Tensile strength (endpoint unspecified),G027-36,Anycubic ABS,Tensile Strength / MPa (Z),22,22,,MPa,=,Z,printed,,,ISO 527,,Mechanical Properties,Tensile Strength / MPa (Z) | 22,,new,,high,reader-r1-24,
R-3DJAKE-3DJAKE-ANYCUBIC-TDS-ABS-V3-0,1,value,Tensile modulus,G027-36,Anycubic ABS,Young's Modulus / MPa (X-Y),2200,2200,,MPa,=,X-Y,printed,,,ISO 527,,Mechanical Properties,Young's Modulus / MPa (X-Y) | ISO 527 | MPa | 2200,,new,,high,reader-r1-24,
R-3DJAKE-3DJAKE-ANYCUBIC-TDS-ABS-V3-0,1,value,Tensile modulus,G027-36,Anycubic ABS,Young's Modulus / MPa (Z),/,,,MPa,,Z,printed,,,ISO 527,,Mechanical Properties,Young's Modulus / MPa (Z) | /,,new,,high,reader-r1-24,not published
R-3DJAKE-3DJAKE-ANYCUBIC-TDS-ABS-V3-0,1,value,Elongation at break,G027-36,Anycubic ABS,Elongation at Break / % (X-Y),11,11,,%,=,X-Y,printed,,,ISO 527,,Mechanical Properties,Elongation at Break / % (X-Y) | ISO 527 | % | 11,,new,,high,reader-r1-24,
R-3DJAKE-3DJAKE-ANYCUBIC-TDS-ABS-V3-0,1,value,Elongation at break,G027-36,Anycubic ABS,Elongation at Break / % (Z),/,,,%,,Z,printed,,,ISO 527,,Mechanical Properties,Elongation at Break / % (Z) | /,,new,,high,reader-r1-24,not published
R-3DJAKE-3DJAKE-ANYCUBIC-TDS-ABS-V3-0,1,value,Flexural strength,G027-36,Anycubic ABS,Bending Strength / MPa (X-Y),63,63,,MPa,=,X-Y,printed,,,ISO 178,,Mechanical Properties,Bending Strength / MPa (X-Y) | ISO 178 | MPa | 63,,new,,high,reader-r1-24,
R-3DJAKE-3DJAKE-ANYCUBIC-TDS-ABS-V3-0,1,value,Flexural strength,G027-36,Anycubic ABS,Bending Strength / MPa (Z),/,,,MPa,,Z,printed,,,ISO 178,,Mechanical Properties,Bending Strength / MPa (Z) | /,,new,,high,reader-r1-24,not published
R-3DJAKE-3DJAKE-ANYCUBIC-TDS-ABS-V3-0,1,value,Flexural modulus,G027-36,Anycubic ABS,Bending Modulus / MPa (X-Y),2200,2200,,MPa,=,X-Y,printed,,,ISO 178,,Mechanical Properties,Bending Modulus / MPa (X-Y) | ISO 178 | MPa | 2200,,new,,high,reader-r1-24,
R-3DJAKE-3DJAKE-ANYCUBIC-TDS-ABS-V3-0,1,value,Flexural modulus,G027-36,Anycubic ABS,Bending Modulus / MPa (Z),/,,,MPa,,Z,printed,,,ISO 178,,Mechanical Properties,Bending Modulus / MPa (Z) | /,,new,,high,reader-r1-24,not published
R-3DJAKE-3DJAKE-ANYCUBIC-TDS-ABS-V3-0,1,value,Izod impact strength,G027-36,Anycubic ABS,Izod Impact Strength (kJ/m²) (X-Y),40,40,,kJ/m²,=,X-Y,printed,,,ISO 179,,Mechanical Properties,Izod Impact Strength (kJ/m²) (X-Y) | ISO 179 | kJ/m² | 40,,new,,high,reader-r1-24,label says Izod but method printed ISO 179 (a Charpy standard); specimen notched per page 3 drawing
R-3DJAKE-3DJAKE-ANYCUBIC-TDS-ABS-V3-0,1,value,Izod impact strength,G027-36,Anycubic ABS,Izod Impact Strength (kJ/m²) (Z),/,,,kJ/m²,,Z,printed,,,ISO 179,,Mechanical Properties,Izod Impact Strength (kJ/m²) (Z) | /,,new,,high,reader-r1-24,not published
R-3DJAKE-3DJAKE-ANYCUBIC-TDS-ABS-V3-0,2,value,Glass transition temperature,G027-36,Anycubic ABS,Glass Transition Temperature,105,105,,℃,=,,,,,"ISO 11357-1, 10℃/min",rate=10 ℃/min,Thermal Performance,"Glass Transition Temperature | ISO 11357-1, 10℃/min | ℃ | 105",V008851,confirms,105 ℃,high,reader-r1-24,
R-3DJAKE-3DJAKE-ANYCUBIC-TDS-ABS-V3-0,2,value,Melting temperature,G027-36,Anycubic ABS,Melting Temperature,/,,,℃,,,,,,"ISO 11357-1, 10℃/min",rate=10 ℃/min,Thermal Performance,"Melting Temperature | ISO 11357-1, 10℃/min | ℃ | /",,new,,high,reader-r1-24,not published
R-3DJAKE-3DJAKE-ANYCUBIC-TDS-ABS-V3-0,2,value,Crystallization temperature,G027-36,Anycubic ABS,Crystallization Temperature,/,,,℃,,,,,,"ISO 11357-1, 10℃/min",rate=10 ℃/min,Thermal Performance,"Crystallization Temperature | ISO 11357-1, 10℃/min | ℃ | /",,new,,high,reader-r1-24,not published
R-3DJAKE-3DJAKE-ANYCUBIC-TDS-ABS-V3-0,2,value,Vicat softening temperature,G027-36,Anycubic ABS,Vicat Softening Temperature (VST),95,95,,℃,=,,,,,"ISO 306, 10N",load=10N,Thermal Performance,"Vicat Softening Temperature (VST) | ISO 306, 10N | ℃ | 95",V008852,confirms,95 ℃,high,reader-r1-24,
R-3DJAKE-3DJAKE-ANYCUBIC-TDS-ABS-V3-0,2,value,HDT,G027-36,Anycubic ABS,Heat Deflection Temperature (HDT),/,,,℃,,,,,,"ISO 75-2, 1.8 MPa",load=1.8 MPa,Thermal Performance,"Heat Deflection Temperature (HDT) | ISO 75-2, 1.8 MPa | ℃ | /",,new,,high,reader-r1-24,not published
R-3DJAKE-3DJAKE-ANYCUBIC-TDS-ABS-V3-0,2,value,HDT,G027-36,Anycubic ABS,Heat Deflection Temperature (HDT),85,85,,℃,=,,,,,"ISO 75-2, 0.45MPa",load=0.45 MPa,Thermal Performance,"Heat Deflection Temperature (HDT) | ISO 75-2, 0.45MPa | ℃ | 85",V008853,confirms,85 ℃,high,reader-r1-24,
R-3DJAKE-3DJAKE-ANYCUBIC-TDS-ABS-V3-0,2,context,all,,,*Based on a 0.4mm nozzle,,,,,,,,,,,,Recommended Printing Parameters,"*Based on a 0.4mm nozzle, printing conditions may vary with different nozzle diameters",,new,,high,reader-r1-24,
R-3DJAKE-3DJAKE-ANYCUBIC-TDS-ABS-V3-0,2,setting,nozzle_diameter,G027-36,Anycubic ABS,Recommended Printing Parameters,0.4mm nozzle,0.4,,mm,,,,,,,,Recommended Printing Parameters,"*Based on a 0.4mm nozzle, printing conditions may vary with different nozzle diameters",,new,,high,reader-r1-24,
R-3DJAKE-3DJAKE-ANYCUBIC-TDS-ABS-V3-0,2,setting,nozzle,G027-36,Anycubic ABS,Nozzle Temperature,240-280,240,280,,,,,,,,,Recommended Printing Parameters,Nozzle Temperature | 240-280,P0832,confirms,240-280,high,reader-r1-24,no unit printed
R-3DJAKE-3DJAKE-ANYCUBIC-TDS-ABS-V3-0,2,setting,bed,G027-36,Anycubic ABS,Bed Temperature,80-100,80,100,,,,,,,,,Recommended Printing Parameters,Bed Temperature | 80-100,P0832,confirms,80-100,high,reader-r1-24,no unit printed
R-3DJAKE-3DJAKE-ANYCUBIC-TDS-ABS-V3-0,2,setting,drying,G027-36,Anycubic ABS,Dry Environment,70-80℃，8-12h,70,80,℃,,,,,,,hours=8-12,Recommended Printing Parameters,Dry Environment | 70-80℃，8-12h,P0832,confirms,"70-80℃, 8-12h",high,reader-r1-24,
R-3DJAKE-3DJAKE-ANYCUBIC-TDS-ABS-V3-0,2,setting,print_speed,G027-36,Anycubic ABS,Printing Speed,50-150,50,150,,,,,,,,,Recommended Printing Parameters,Printing Speed | 50-150,,new,,high,reader-r1-24,no unit printed
R-3DJAKE-3DJAKE-ANYCUBIC-TDS-ABS-V3-0,2,setting,other,G027-36,Anycubic ABS,Extrusion Multiplier,0.95,0.95,,,,,,,,,,Recommended Printing Parameters,Extrusion Multiplier | 0.95,,new,,high,reader-r1-24,
R-3DJAKE-3DJAKE-ANYCUBIC-TDS-ABS-V3-0,2,setting,other,G027-36,Anycubic ABS,Max Volumetric Flow Rate,15,15,,,,,,,,,,Recommended Printing Parameters,Max Volumetric Flow Rate | 15,,new,,high,reader-r1-24,no unit printed
R-3DJAKE-3DJAKE-ANYCUBIC-TDS-ABS-V3-0,2,setting,fan,G027-36,Anycubic ABS,Fan Speed,80%,80,,%,,,,,,,,Recommended Printing Parameters,Fan Speed | 80%,,new,,high,reader-r1-24,
R-3DJAKE-3DJAKE-ANYCUBIC-TDS-ABS-V3-0,2,setting,other,G027-36,Anycubic ABS,Cooling Time,3,3,,,,,,,,,,Recommended Printing Parameters,Cooling Time | 3,,new,,high,reader-r1-24,no unit printed
R-3DJAKE-3DJAKE-ANYCUBIC-TDS-ABS-V3-0,2,setting,other,G027-36,Anycubic ABS,Minimum printing Speed,20,20,,,,,,,,,,Recommended Printing Parameters,Minimum printing Speed | 20,,new,,high,reader-r1-24,no unit printed
R-3DJAKE-3DJAKE-ANYCUBIC-TDS-ABS-V3-0,2,setting,other,G027-36,Anycubic ABS,Raft Separation Distance,0.8,0.8,,,,,,,,,,Recommended Printing Parameters,Raft Separation Distance | 0.8,,new,,high,reader-r1-24,no unit printed
R-3DJAKE-3DJAKE-ANYCUBIC-TDS-ABS-V3-0,2,setting,other,G027-36,Anycubic ABS,Retraction Speed,40,40,,,,,,,,,,Recommended Printing Parameters,Retraction Speed | 40,,new,,high,reader-r1-24,no unit printed
R-3DJAKE-3DJAKE-ANYCUBIC-TDS-ABS-V3-0,3,context,tensile,,,TENSILE TESTING SPECIMEN,,,,,,Z,printed,,,,,TENSILE TESTING SPECIMEN,TENSILE TESTING SPECIMEN,,new,,medium,reader-r1-24,drawing 150 x 20 x 4 mm with Z axis arrow; no standard named
R-3DJAKE-3DJAKE-ANYCUBIC-TDS-ABS-V3-0,3,context,flexural,,,FLEXURAL TESTING SPECIMEN,,,,,,Z,printed,,,,,FLEXURAL TESTING SPECIMEN,FLEXURAL TESTING SPECIMEN,,new,,medium,reader-r1-24,drawing 80 x 10 x 4 mm span 60 with Z axis arrow
R-3DJAKE-3DJAKE-ANYCUBIC-TDS-ABS-V3-0,3,context,impact,,,IMPACT TESTING SPECIMEN,,,,,,Z,printed,,,,,IMPACT TESTING SPECIMEN,IMPACT TESTING SPECIMEN,,new,,medium,reader-r1-24,drawing notched 80 x 10 x 4 mm 45.00° notch with impact direction and Z axis arrows
R-3DJAKE-3DJAKE-ANYCUBIC-TDS-ABS-V3-0,3,context,all,,,Disclaimer,,,,,,,,,,,,Disclaimer：,The values shown in this chart are for comparison purposes only and are not appropriate for design specifications or quality assurance. Variations may arise due to printing conditions.,,new,,high,reader-r1-24,disclaimer; no conditions stated
R-3DJAKE-3DJAKE-ANYCUBIC-TDS-ASA-V3-0,1,identity,other,G031-30,Anycubic ASA,Product Name,Anycubic ASA,,,,,,,,,,,,Product Name: | Anycubic ASA | Version: 3.0,,new,,high,reader-r1-24,
R-3DJAKE-3DJAKE-ANYCUBIC-TDS-ASA-V3-0,1,value,Density,G031-30,Anycubic ASA,Density/（g/cm³）,1.07,1.07,,g/cm³,=,,,,,"ISO 1183,at 23°C",temp=23°C,Physical Properties,"Density/（g/cm³） | ISO 1183,at 23°C | g/cm³ | 1.07",V009053,confirms,1.07 g/cm3,high,reader-r1-24,
R-3DJAKE-3DJAKE-ANYCUBIC-TDS-ASA-V3-0,1,value,Melt mass-flow rate,G031-30,Anycubic ASA,Melt Index/ ( g/10min),18.6±1.57,18.6,,g/10min,=,,,,,ISO 1133,,Physical Properties,Melt Index/ ( g/10min) | ISO 1133 | g/10min | 18.6±1.57,V009054,confirms,18.6 ± 1.57 g/10min,high,reader-r1-24,no temperature or load printed
R-3DJAKE-3DJAKE-ANYCUBIC-TDS-ASA-V3-0,1,value,Moisture content,G031-30,Anycubic ASA,Moisture Content,0.27,0.27,,%,=,,,,,ISO 787-2,,Physical Properties,Moisture Content | ISO 787-2 | % | 0.27,V009055,confirms,0.27 %,high,reader-r1-24,
R-3DJAKE-3DJAKE-ANYCUBIC-TDS-ASA-V3-0,1,context,all,,,*All data are based on printed test samples. '(X-Y)' and '(Z)' indicate different testing orientations (refer to the direction schematic).,,,,,,,printed,,,,,Mechanical Properties,*All data are based on printed test samples. '(X-Y)' and '(Z)' indicate different testing orientations (refer to the direction schematic).,,new,,high,reader-r1-24,footnote under the mechanical table; 'All data' so may reach the physical table as well
R-3DJAKE-3DJAKE-ANYCUBIC-TDS-ASA-V3-0,1,value,Tensile strength (endpoint unspecified),G031-30,Anycubic ASA,Tensile Strength / MPa (X-Y),41,41,,MPa,=,X-Y,printed,,,ISO 527,,Mechanical Properties,Tensile Strength / MPa (X-Y) | ISO 527 | MPa | 41,,new,,high,reader-r1-24,
R-3DJAKE-3DJAKE-ANYCUBIC-TDS-ASA-V3-0,1,value,Tensile strength (endpoint unspecified),G031-30,Anycubic ASA,Tensile Strength / MPa (Z),24,24,,MPa,=,Z,printed,,,ISO 527,,Mechanical Properties,Tensile Strength / MPa (Z) | 24,,new,,high,reader-r1-24,
R-3DJAKE-3DJAKE-ANYCUBIC-TDS-ASA-V3-0,1,value,Tensile modulus,G031-30,Anycubic ASA,Young's Modulus / MPa (X-Y),2220,2220,,MPa,=,X-Y,printed,,,ISO 527,,Mechanical Properties,Young's Modulus / MPa (X-Y) | ISO 527 | MPa | 2220,,new,,high,reader-r1-24,
R-3DJAKE-3DJAKE-ANYCUBIC-TDS-ASA-V3-0,1,value,Tensile modulus,G031-30,Anycubic ASA,Young's Modulus / MPa (Z),/,,,MPa,,Z,printed,,,ISO 527,,Mechanical Properties,Young's Modulus / MPa (Z) | /,,new,,high,reader-r1-24,not published
R-3DJAKE-3DJAKE-ANYCUBIC-TDS-ASA-V3-0,1,value,Elongation at break,G031-30,Anycubic ASA,Elongation at Break / % (X-Y),15,15,,%,=,X-Y,printed,,,ISO 527,,Mechanical Properties,Elongation at Break / % (X-Y) | ISO 527 | % | 15,,new,,high,reader-r1-24,
R-3DJAKE-3DJAKE-ANYCUBIC-TDS-ASA-V3-0,1,value,Elongation at break,G031-30,Anycubic ASA,Elongation at Break / % (Z),/,,,%,,Z,printed,,,ISO 527,,Mechanical Properties,Elongation at Break / % (Z) | /,,new,,high,reader-r1-24,not published
R-3DJAKE-3DJAKE-ANYCUBIC-TDS-ASA-V3-0,1,value,Flexural strength,G031-30,Anycubic ASA,Bending Strength / MPa (X-Y),62,62,,MPa,=,X-Y,printed,,,ISO 178,,Mechanical Properties,Bending Strength / MPa (X-Y) | ISO 178 | MPa | 62,,new,,high,reader-r1-24,
R-3DJAKE-3DJAKE-ANYCUBIC-TDS-ASA-V3-0,1,value,Flexural strength,G031-30,Anycubic ASA,Bending Strength / MPa (Z),/,,,MPa,,Z,printed,,,ISO 178,,Mechanical Properties,Bending Strength / MPa (Z) | /,,new,,high,reader-r1-24,not published
R-3DJAKE-3DJAKE-ANYCUBIC-TDS-ASA-V3-0,1,value,Flexural modulus,G031-30,Anycubic ASA,Bending Modulus / MPa (X-Y),1845,1845,,MPa,=,X-Y,printed,,,ISO 178,,Mechanical Properties,Bending Modulus / MPa (X-Y) | ISO 178 | MPa | 1845,,new,,high,reader-r1-24,
R-3DJAKE-3DJAKE-ANYCUBIC-TDS-ASA-V3-0,1,value,Flexural modulus,G031-30,Anycubic ASA,Bending Modulus / MPa (Z),/,,,MPa,,Z,printed,,,ISO 178,,Mechanical Properties,Bending Modulus / MPa (Z) | /,,new,,high,reader-r1-24,not published
R-3DJAKE-3DJAKE-ANYCUBIC-TDS-ASA-V3-0,1,value,Izod impact strength,G031-30,Anycubic ASA,Izod Impact Strength (kJ/m²) (X-Y),36,36,,kJ/m²,=,X-Y,printed,,,ISO 179,,Mechanical Properties,Izod Impact Strength (kJ/m²) (X-Y) | ISO 179 | kJ/m² | 36,,new,,high,reader-r1-24,label says Izod but method printed ISO 179 (a Charpy standard)
R-3DJAKE-3DJAKE-ANYCUBIC-TDS-ASA-V3-0,1,value,Izod impact strength,G031-30,Anycubic ASA,Izod Impact Strength (kJ/m²) (Z),/,,,kJ/m²,,Z,printed,,,ISO 179,,Mechanical Properties,Izod Impact Strength (kJ/m²) (Z) | /,,new,,high,reader-r1-24,not published
R-3DJAKE-3DJAKE-ANYCUBIC-TDS-ASA-V3-0,2,value,Glass transition temperature,G031-30,Anycubic ASA,Glass Transition Temperature,103,103,,℃,=,,,,,"ISO 11357-1, 10℃/min",rate=10 ℃/min,Thermal Performance,"Glass Transition Temperature | ISO 11357-1, 10℃/min | ℃ | 103",V009056,confirms,103 ℃,high,reader-r1-24,
R-3DJAKE-3DJAKE-ANYCUBIC-TDS-ASA-V3-0,2,value,Melting temperature,G031-30,Anycubic ASA,Melting Temperature,/,,,℃,,,,,,"ISO 11357-1, 10℃/min",rate=10 ℃/min,Thermal Performance,"Melting Temperature | ISO 11357-1, 10℃/min | ℃ | /",,new,,high,reader-r1-24,not published
R-3DJAKE-3DJAKE-ANYCUBIC-TDS-ASA-V3-0,2,value,Crystallization temperature,G031-30,Anycubic ASA,Crystallization Temperature,/,,,℃,,,,,,"ISO 11357-1, 10℃/min",rate=10 ℃/min,Thermal Performance,"Crystallization Temperature | ISO 11357-1, 10℃/min | ℃ | /",,new,,high,reader-r1-24,not published
R-3DJAKE-3DJAKE-ANYCUBIC-TDS-ASA-V3-0,2,value,Vicat softening temperature,G031-30,Anycubic ASA,Vicat Softening Temperature (VST),95,95,,℃,=,,,,,"ISO 306, 10N",load=10N,Thermal Performance,"Vicat Softening Temperature (VST) | ISO 306, 10N | ℃ | 95",V009057,confirms,95 ℃,high,reader-r1-24,
R-3DJAKE-3DJAKE-ANYCUBIC-TDS-ASA-V3-0,2,value,HDT,G031-30,Anycubic ASA,Heat Deflection Temperature (HDT),/,,,℃,,,,,,"ISO 75-2, 1.8 MPa",load=1.8 MPa,Thermal Performance,"Heat Deflection Temperature (HDT) | ISO 75-2, 1.8 MPa | ℃ | /",,new,,high,reader-r1-24,not published
R-3DJAKE-3DJAKE-ANYCUBIC-TDS-ASA-V3-0,2,value,HDT,G031-30,Anycubic ASA,Heat Deflection Temperature (HDT),90,90,,℃,=,,,,,"ISO 75-2, 0.45MPa",load=0.45 MPa,Thermal Performance,"Heat Deflection Temperature (HDT) | ISO 75-2, 0.45MPa | ℃ | 90",V009058,confirms,90 ℃,high,reader-r1-24,
R-3DJAKE-3DJAKE-ANYCUBIC-TDS-ASA-V3-0,2,context,all,,,*Based on a 0.4mm nozzle,,,,,,,,,,,,Recommended Printing Parameters,"*Based on a 0.4mm nozzle, printing conditions may vary with different nozzle diameters",,new,,high,reader-r1-24,
R-3DJAKE-3DJAKE-ANYCUBIC-TDS-ASA-V3-0,2,setting,nozzle_diameter,G031-30,Anycubic ASA,Recommended Printing Parameters,0.4mm nozzle,0.4,,mm,,,,,,,,Recommended Printing Parameters,"*Based on a 0.4mm nozzle, printing conditions may vary with different nozzle diameters",,new,,high,reader-r1-24,
R-3DJAKE-3DJAKE-ANYCUBIC-TDS-ASA-V3-0,2,setting,nozzle,G031-30,Anycubic ASA,Nozzle Temperature,255-275,255,275,,,,,,,,,Recommended Printing Parameters,Nozzle Temperature | 255-275,P0864,confirms,255-275,high,reader-r1-24,no unit printed
R-3DJAKE-3DJAKE-ANYCUBIC-TDS-ASA-V3-0,2,setting,bed,G031-30,Anycubic ASA,Bed Temperature,80-100,80,100,,,,,,,,,Recommended Printing Parameters,Bed Temperature | 80-100,P0864,confirms,80-100,high,reader-r1-24,no unit printed
R-3DJAKE-3DJAKE-ANYCUBIC-TDS-ASA-V3-0,2,setting,drying,G031-30,Anycubic ASA,Dry Environment,70-80℃，8-12h,70,80,℃,,,,,,,hours=8-12,Recommended Printing Parameters,Dry Environment | 70-80℃，8-12h,P0864,confirms,"70-80℃, 8-12h",high,reader-r1-24,
R-3DJAKE-3DJAKE-ANYCUBIC-TDS-ASA-V3-0,2,setting,print_speed,G031-30,Anycubic ASA,Printing Speed,50-100,50,100,,,,,,,,,Recommended Printing Parameters,Printing Speed | 50-100,,new,,high,reader-r1-24,no unit printed
R-3DJAKE-3DJAKE-ANYCUBIC-TDS-ASA-V3-0,2,setting,other,G031-30,Anycubic ASA,Extrusion Multiplier,0.96,0.96,,,,,,,,,,Recommended Printing Parameters,Extrusion Multiplier | 0.96,,new,,high,reader-r1-24,
R-3DJAKE-3DJAKE-ANYCUBIC-TDS-ASA-V3-0,2,setting,other,G031-30,Anycubic ASA,Max Volumetric Flow Rate,12,12,,,,,,,,,,Recommended Printing Parameters,Max Volumetric Flow Rate | 12,,new,,high,reader-r1-24,no unit printed
R-3DJAKE-3DJAKE-ANYCUBIC-TDS-ASA-V3-0,2,setting,fan,G031-30,Anycubic ASA,Fan Speed,80%,80,,%,,,,,,,,Recommended Printing Parameters,Fan Speed | 80%,,new,,high,reader-r1-24,
R-3DJAKE-3DJAKE-ANYCUBIC-TDS-ASA-V3-0,2,setting,other,G031-30,Anycubic ASA,Cooling Time,3,3,,,,,,,,,,Recommended Printing Parameters,Cooling Time | 3,,new,,high,reader-r1-24,no unit printed
R-3DJAKE-3DJAKE-ANYCUBIC-TDS-ASA-V3-0,2,setting,other,G031-30,Anycubic ASA,Minimum printing Speed,20,20,,,,,,,,,,Recommended Printing Parameters,Minimum printing Speed | 20,,new,,high,reader-r1-24,no unit printed
R-3DJAKE-3DJAKE-ANYCUBIC-TDS-ASA-V3-0,2,setting,other,G031-30,Anycubic ASA,Raft Separation Distance,0.8,0.8,,,,,,,,,,Recommended Printing Parameters,Raft Separation Distance | 0.8,,new,,high,reader-r1-24,no unit printed
R-3DJAKE-3DJAKE-ANYCUBIC-TDS-ASA-V3-0,2,setting,other,G031-30,Anycubic ASA,Retraction Speed,40,40,,,,,,,,,,Recommended Printing Parameters,Retraction Speed | 40,,new,,high,reader-r1-24,no unit printed
R-3DJAKE-3DJAKE-ANYCUBIC-TDS-ASA-V3-0,3,context,tensile,,,TENSILE TESTING SPECIMEN,,,,,,Z,printed,,,,,TENSILE TESTING SPECIMEN,TENSILE TESTING SPECIMEN,,new,,medium,reader-r1-24,drawing 150 x 20 x 4 mm with Z axis arrow; no standard named
R-3DJAKE-3DJAKE-ANYCUBIC-TDS-ASA-V3-0,3,context,flexural,,,FLEXURAL TESTING SPECIMEN,,,,,,Z,printed,,,,,FLEXURAL TESTING SPECIMEN,FLEXURAL TESTING SPECIMEN,,new,,medium,reader-r1-24,drawing with Z axis arrow
R-3DJAKE-3DJAKE-ANYCUBIC-TDS-ASA-V3-0,3,context,impact,,,IMPACT TESTING SPECIMEN,,,,,,Z,printed,,,,,IMPACT TESTING SPECIMEN,IMPACT TESTING SPECIMEN,,new,,medium,reader-r1-24,drawing notched bar with impact direction and Z axis arrows
R-3DJAKE-3DJAKE-ANYCUBIC-TDS-ASA-V3-0,3,context,all,,,Disclaimer,,,,,,,,,,,,Disclaimer：,The values shown in this chart are for comparison purposes only and are not appropriate for design specifications or quality assurance. Variations may arise due to printing conditions.,,new,,high,reader-r1-24,disclaimer; no conditions stated
R-3DJAKE-3DJAKE-ANYCUBIC-TDS-PETG-V3-0,1,identity,other,G020-48,Anycubic PETG,Product Name,Anycubic PETG,,,,,,,,,,,,Product Name: | Anycubic PETG | Version: 3.0,,new,,high,reader-r1-24,
R-3DJAKE-3DJAKE-ANYCUBIC-TDS-PETG-V3-0,1,value,Density,G020-48,Anycubic PETG,Density/（g/cm³）,1.23,1.23,,g/cm³,=,,,,,"ISO 1183,at 23°C",temp=23°C,Physical Properties,"Density/（g/cm³） | ISO 1183,at 23°C | g/cm³ | 1.23",V008793,confirms,1.23 g/cm3,high,reader-r1-24,
R-3DJAKE-3DJAKE-ANYCUBIC-TDS-PETG-V3-0,1,value,Melt mass-flow rate,G020-48,Anycubic PETG,Melt Index/ ( g/10min),26.3±2.35,26.3,,g/10min,=,,,,,ISO 1133,,Physical Properties,Melt Index/ ( g/10min) | ISO 1133 | g/10min | 26.3±2.35,V008794,confirms,26.3 ± 2.35 g/10min,high,reader-r1-24,no temperature or load printed
R-3DJAKE-3DJAKE-ANYCUBIC-TDS-PETG-V3-0,1,value,Moisture content,G020-48,Anycubic PETG,Moisture Content,0.27,0.27,,%,=,,,,,ISO 787-2,,Physical Properties,Moisture Content | ISO 787-2 | % | 0.27,V008795,confirms,0.27 %,high,reader-r1-24,
R-3DJAKE-3DJAKE-ANYCUBIC-TDS-PETG-V3-0,1,context,all,,,*All data are based on printed test samples. '(X-Y)' and '(Z)' indicate different testing orientations (refer to the direction schematic).,,,,,,,printed,,,,,Mechanical Properties,*All data are based on printed test samples. '(X-Y)' and '(Z)' indicate different testing orientations (refer to the direction schematic).,,new,,high,reader-r1-24,footnote under the mechanical table; 'All data' so may reach the physical table as well
R-3DJAKE-3DJAKE-ANYCUBIC-TDS-PETG-V3-0,1,value,Tensile strength (endpoint unspecified),G020-48,Anycubic PETG,Tensile Strength / MPa (X-Y),52±1,52,,MPa,=,X-Y,printed,,,ISO 527,,Mechanical Properties,Tensile Strength / MPa (X-Y) | ISO 527 | MPa | 52±1,,new,,high,reader-r1-24,
R-3DJAKE-3DJAKE-ANYCUBIC-TDS-PETG-V3-0,1,value,Tensile strength (endpoint unspecified),G020-48,Anycubic PETG,Tensile Strength / MPa (Z),31±3,31,,MPa,=,Z,printed,,,ISO 527,,Mechanical Properties,Tensile Strength / MPa (Z) | 31±3,,new,,high,reader-r1-24,
R-3DJAKE-3DJAKE-ANYCUBIC-TDS-PETG-V3-0,1,value,Tensile modulus,G020-48,Anycubic PETG,Young's Modulus / MPa (X-Y),1850±100,1850,,MPa,=,X-Y,printed,,,ISO 527,,Mechanical Properties,Young's Modulus / MPa (X-Y) | ISO 527 | MPa | 1850±100,,new,,high,reader-r1-24,
R-3DJAKE-3DJAKE-ANYCUBIC-TDS-PETG-V3-0,1,value,Tensile modulus,G020-48,Anycubic PETG,Young's Modulus / MPa (Z),/,,,MPa,,Z,printed,,,ISO 527,,Mechanical Properties,Young's Modulus / MPa (Z) | /,,new,,high,reader-r1-24,not published
R-3DJAKE-3DJAKE-ANYCUBIC-TDS-PETG-V3-0,1,value,Elongation at break,G020-48,Anycubic PETG,Elongation at Break / % (X-Y),13±1,13,,%,=,X-Y,printed,,,ISO 527,,Mechanical Properties,Elongation at Break / % (X-Y) | ISO 527 | % | 13±1,,new,,high,reader-r1-24,
R-3DJAKE-3DJAKE-ANYCUBIC-TDS-PETG-V3-0,1,value,Elongation at break,G020-48,Anycubic PETG,Elongation at Break / % (Z),/,,,%,,Z,printed,,,ISO 527,,Mechanical Properties,Elongation at Break / % (Z) | /,,new,,high,reader-r1-24,not published
R-3DJAKE-3DJAKE-ANYCUBIC-TDS-PETG-V3-0,1,value,Flexural strength,G020-48,Anycubic PETG,Bending Strength / MPa (X-Y),80±2,80,,MPa,=,X-Y,printed,,,ISO 178,,Mechanical Properties,Bending Strength / MPa (X-Y) | ISO 178 | MPa | 80±2,,new,,high,reader-r1-24,
R-3DJAKE-3DJAKE-ANYCUBIC-TDS-PETG-V3-0,1,value,Flexural strength,G020-48,Anycubic PETG,Bending Strength / MPa (Z),/,,,MPa,,Z,printed,,,ISO 178,,Mechanical Properties,Bending Strength / MPa (Z) | /,,new,,high,reader-r1-24,not published
R-3DJAKE-3DJAKE-ANYCUBIC-TDS-PETG-V3-0,1,value,Flexural modulus,G020-48,Anycubic PETG,Bending Modulus / MPa (X-Y),2000±50,2000,,MPa,=,X-Y,printed,,,ISO 178,,Mechanical Properties,Bending Modulus / MPa (X-Y) | ISO 178 | MPa | 2000±50,,new,,high,reader-r1-24,
R-3DJAKE-3DJAKE-ANYCUBIC-TDS-PETG-V3-0,1,value,Flexural modulus,G020-48,Anycubic PETG,Bending Modulus / MPa (Z),/,,,MPa,,Z,printed,,,ISO 178,,Mechanical Properties,Bending Modulus / MPa (Z) | /,,new,,high,reader-r1-24,not published
R-3DJAKE-3DJAKE-ANYCUBIC-TDS-PETG-V3-0,1,value,Izod impact strength,G020-48,Anycubic PETG,Izod Impact Strength (kJ/m²) (X-Y),45±2,45,,kJ/m²,=,X-Y,printed,,,ISO 179,,Mechanical Properties,Izod Impact Strength (kJ/m²) (X-Y) | ISO 179 | kJ/m² | 45±2,,new,,high,reader-r1-24,label says Izod but method printed ISO 179 (a Charpy standard)
R-3DJAKE-3DJAKE-ANYCUBIC-TDS-PETG-V3-0,1,value,Izod impact strength,G020-48,Anycubic PETG,Izod Impact Strength (kJ/m²) (Z),/,,,kJ/m²,,Z,printed,,,ISO 179,,Mechanical Properties,Izod Impact Strength (kJ/m²) (Z) | /,,new,,high,reader-r1-24,not published
R-3DJAKE-3DJAKE-ANYCUBIC-TDS-PETG-V3-0,2,value,Glass transition temperature,G020-48,Anycubic PETG,Glass Transition Temperature,74.1,74.1,,℃,=,,,,,"ISO 11357-1, 10℃/min",rate=10 ℃/min,Thermal Performance,"Glass Transition Temperature | ISO 11357-1, 10℃/min | ℃ | 74.1",V008796,confirms,74.1 ℃,high,reader-r1-24,
R-3DJAKE-3DJAKE-ANYCUBIC-TDS-PETG-V3-0,2,value,Melting temperature,G020-48,Anycubic PETG,Melting Temperature,/,,,℃,,,,,,"ISO 11357-1, 10℃/min",rate=10 ℃/min,Thermal Performance,"Melting Temperature | ISO 11357-1, 10℃/min | ℃ | /",,new,,high,reader-r1-24,not published
R-3DJAKE-3DJAKE-ANYCUBIC-TDS-PETG-V3-0,2,value,Crystallization temperature,G020-48,Anycubic PETG,Crystallization Temperature,/,,,℃,,,,,,"ISO 11357-1, 10℃/min",rate=10 ℃/min,Thermal Performance,"Crystallization Temperature | ISO 11357-1, 10℃/min | ℃ | /",,new,,high,reader-r1-24,not published
R-3DJAKE-3DJAKE-ANYCUBIC-TDS-PETG-V3-0,2,value,Vicat softening temperature,G020-48,Anycubic PETG,Vicat Softening Temperature (VST),72,72,,℃,=,,,,,"ISO 306, 10N",load=10N,Thermal Performance,"Vicat Softening Temperature (VST) | ISO 306, 10N | ℃ | 72",V008797,confirms,72 ℃,high,reader-r1-24,
R-3DJAKE-3DJAKE-ANYCUBIC-TDS-PETG-V3-0,2,value,HDT,G020-48,Anycubic PETG,Heat Deflection Temperature (HDT),/,,,℃,,,,,,"ISO 75-2, 1.8 MPa",load=1.8 MPa,Thermal Performance,"Heat Deflection Temperature (HDT) | ISO 75-2, 1.8 MPa | ℃ | /",,new,,high,reader-r1-24,not published
R-3DJAKE-3DJAKE-ANYCUBIC-TDS-PETG-V3-0,2,value,HDT,G020-48,Anycubic PETG,Heat Deflection Temperature (HDT),69,69,,℃,=,,,,,"ISO 75-2, 0.45MPa",load=0.45 MPa,Thermal Performance,"Heat Deflection Temperature (HDT) | ISO 75-2, 0.45MPa | ℃ | 69",V008798,confirms,69 ℃,high,reader-r1-24,
R-3DJAKE-3DJAKE-ANYCUBIC-TDS-PETG-V3-0,2,context,all,,,*Based on a 0.4mm nozzle,,,,,,,,,,,,Recommended Printing Parameters,"*Based on a 0.4mm nozzle, printing conditions may vary with different nozzle diameters",,new,,high,reader-r1-24,
R-3DJAKE-3DJAKE-ANYCUBIC-TDS-PETG-V3-0,2,setting,nozzle_diameter,G020-48,Anycubic PETG,Recommended Printing Parameters,0.4mm nozzle,0.4,,mm,,,,,,,,Recommended Printing Parameters,"*Based on a 0.4mm nozzle, printing conditions may vary with different nozzle diameters",,new,,high,reader-r1-24,
R-3DJAKE-3DJAKE-ANYCUBIC-TDS-PETG-V3-0,2,setting,nozzle,G020-48,Anycubic PETG,Nozzle Temperature,230-250,230,250,,,,,,,,,Recommended Printing Parameters,Nozzle Temperature | 230-250,P0823,confirms,230-250,high,reader-r1-24,no unit printed
R-3DJAKE-3DJAKE-ANYCUBIC-TDS-PETG-V3-0,2,setting,bed,G020-48,Anycubic PETG,Bed Temperature,60-70,60,70,,,,,,,,,Recommended Printing Parameters,Bed Temperature | 60-70,P0823,confirms,60-70,high,reader-r1-24,no unit printed
R-3DJAKE-3DJAKE-ANYCUBIC-TDS-PETG-V3-0,2,setting,drying,G020-48,Anycubic PETG,Dry Environment,55-65℃，6-8h,55,65,℃,,,,,,,hours=6-8,Recommended Printing Parameters,Dry Environment | 55-65℃，6-8h,P0823,confirms,"55-65℃,6-8h",high,reader-r1-24,
R-3DJAKE-3DJAKE-ANYCUBIC-TDS-PETG-V3-0,2,setting,print_speed,G020-48,Anycubic PETG,Printing Speed,50-250,50,250,,,,,,,,,Recommended Printing Parameters,Printing Speed | 50-250,,new,,high,reader-r1-24,no unit printed
R-3DJAKE-3DJAKE-ANYCUBIC-TDS-PETG-V3-0,2,setting,other,G020-48,Anycubic PETG,Extrusion Multiplier,0.96,0.96,,,,,,,,,,Recommended Printing Parameters,Extrusion Multiplier | 0.96,,new,,high,reader-r1-24,
R-3DJAKE-3DJAKE-ANYCUBIC-TDS-PETG-V3-0,2,setting,other,G020-48,Anycubic PETG,Max Volumetric Flow Rate,12,12,,,,,,,,,,Recommended Printing Parameters,Max Volumetric Flow Rate | 12,,new,,high,reader-r1-24,no unit printed
R-3DJAKE-3DJAKE-ANYCUBIC-TDS-PETG-V3-0,2,setting,fan,G020-48,Anycubic PETG,Fan Speed,90%,90,,%,,,,,,,,Recommended Printing Parameters,Fan Speed | 90%,,new,,high,reader-r1-24,
R-3DJAKE-3DJAKE-ANYCUBIC-TDS-PETG-V3-0,2,setting,other,G020-48,Anycubic PETG,Cooling Time,12,12,,,,,,,,,,Recommended Printing Parameters,Cooling Time | 12,,new,,high,reader-r1-24,no unit printed
R-3DJAKE-3DJAKE-ANYCUBIC-TDS-PETG-V3-0,2,setting,other,G020-48,Anycubic PETG,Minimum printing Speed,20,20,,,,,,,,,,Recommended Printing Parameters,Minimum printing Speed | 20,,new,,high,reader-r1-24,no unit printed
R-3DJAKE-3DJAKE-ANYCUBIC-TDS-PETG-V3-0,2,setting,other,G020-48,Anycubic PETG,Raft Separation Distance,0.8,0.8,,,,,,,,,,Recommended Printing Parameters,Raft Separation Distance | 0.8,,new,,high,reader-r1-24,no unit printed
R-3DJAKE-3DJAKE-ANYCUBIC-TDS-PETG-V3-0,2,setting,other,G020-48,Anycubic PETG,Retraction Speed,30,30,,,,,,,,,,Recommended Printing Parameters,Retraction Speed | 30,,new,,high,reader-r1-24,no unit printed
R-3DJAKE-3DJAKE-ANYCUBIC-TDS-PETG-V3-0,3,context,tensile,,,TENSILE TESTING SPECIMEN,,,,,,Z,printed,,,,,TENSILE TESTING SPECIMEN,TENSILE TESTING SPECIMEN,,new,,medium,reader-r1-24,drawing 150 x 20 x 4 mm with Z axis arrow; no standard named
R-3DJAKE-3DJAKE-ANYCUBIC-TDS-PETG-V3-0,3,context,flexural,,,IMPACT TESTING SPECIMEN,,,,,,Z,printed,,,,,IMPACT TESTING SPECIMEN,IMPACT TESTING SPECIMEN,,new,,medium,reader-r1-24,second drawing is headed IMPACT TESTING SPECIMEN but shows an unnotched 80 x 10 x 4 mm bar with 60 mm span (flexural shape); heading likely a typo for FLEXURAL
R-3DJAKE-3DJAKE-ANYCUBIC-TDS-PETG-V3-0,3,context,impact,,,IMPACT TESTING SPECIMEN,,,,,,Z,printed,,,,,IMPACT TESTING SPECIMEN,IMPACT TESTING SPECIMEN,,new,,medium,reader-r1-24,drawing notched 80 x 10 x 4 mm 45.00° notch with impact direction and Z axis arrows
R-3DJAKE-3DJAKE-ANYCUBIC-TDS-PETG-V3-0,3,context,all,,,Disclaimer,,,,,,,,,,,,Disclaimer：,The values shown in this chart are for comparison purposes only and are not appropriate for design specifications or quality assurance. Variations may arise due to printing conditions.,,new,,high,reader-r1-24,disclaimer; no conditions stated
R-3DJAKE-3DJAKE-ANYCUBIC-TDS-PLA-HS-V3-0,1,identity,other,G001-132,Anycubic PLA High Speed,Product Name,Anycubic PLA High Speed,,,,,,,,,,,,Product Name: | Anycubic PLA High Speed | Version: 3.0,,new,,high,reader-r1-24,
R-3DJAKE-3DJAKE-ANYCUBIC-TDS-PLA-HS-V3-0,1,setting,print_speed,G001-132,Anycubic PLA High Speed,Introduction,allowing for a consistent speed of 450mm/s,450,,mm/s,,,,,,,,,It cools rapidly during printing | allowing for a consistent speed of 450mm/s. For simple batch models | the maximum speed can reach up to 600mm/s.,,new,,medium,reader-r1-24,sentence continues: maximum 600mm/s for simple batch models
R-3DJAKE-3DJAKE-ANYCUBIC-TDS-PLA-HS-V3-0,1,value,Density,G001-132,Anycubic PLA High Speed,Density/（g/cm³）,1.19,1.19,,g/cm³,=,,,,,"ISO 1183,at 23°C",temp=23°C,Physical Properties,"Density/（g/cm³） | ISO 1183,at 23°C | g/cm³ | 1.19",V009137,confirms,1.19 g/cm³,high,reader-r1-24,
R-3DJAKE-3DJAKE-ANYCUBIC-TDS-PLA-HS-V3-0,1,value,Melt mass-flow rate,G001-132,Anycubic PLA High Speed,Melt Index/ ( g/10min),13.2±0.21,13.2,,g/10min,=,,,,,ISO 1133,,Physical Properties,Melt Index/ ( g/10min) | ISO 1133 | g/10min | 13.2±0.21,V009138,confirms,13.2 ± 0.21 g/10min,high,reader-r1-24,no temperature or load printed
R-3DJAKE-3DJAKE-ANYCUBIC-TDS-PLA-HS-V3-0,1,value,Moisture content,G001-132,Anycubic PLA High Speed,Moisture Content,0.26,0.26,,%,=,,,,,ISO 787-2,,Physical Properties,Moisture Content | ISO 787-2 | % | 0.26,V009139,confirms,0.26 %,high,reader-r1-24,
R-3DJAKE-3DJAKE-ANYCUBIC-TDS-PLA-HS-V3-0,1,context,all,,,*All data are based on printed test samples. '(X-Y)' and '(Z)' indicate different testing orientations (refer to the direction schematic).,,,,,,,printed,,,,,Mechanical Properties,*All data are based on printed test samples. '(X-Y)' and '(Z)' indicate different testing orientations (refer to the direction schematic).,,new,,high,reader-r1-24,footnote under the mechanical table; 'All data' so may reach the physical table as well
R-3DJAKE-3DJAKE-ANYCUBIC-TDS-PLA-HS-V3-0,1,value,Tensile strength (endpoint unspecified),G001-132,Anycubic PLA High Speed,Tensile Strength / MPa (X-Y),45±5,45,,MPa,=,X-Y,printed,,,ISO 527,,Mechanical Properties,Tensile Strength / MPa (X-Y) | ISO 527 | MPa | 45±5,,new,,high,reader-r1-24,
R-3DJAKE-3DJAKE-ANYCUBIC-TDS-PLA-HS-V3-0,1,value,Tensile strength (endpoint unspecified),G001-132,Anycubic PLA High Speed,Tensile Strength / MPa (Z),22.1±0.6,22.1,,MPa,=,Z,printed,,,ISO 527,,Mechanical Properties,Tensile Strength / MPa (Z) | 22.1±0.6,,new,,high,reader-r1-24,
R-3DJAKE-3DJAKE-ANYCUBIC-TDS-PLA-HS-V3-0,1,value,Tensile modulus,G001-132,Anycubic PLA High Speed,Young's Modulus / MPa (X-Y),2750±260,2750,,MPa,=,X-Y,printed,,,ISO 527,,Mechanical Properties,Young's Modulus / MPa (X-Y) | ISO 527 | MPa | 2750±260,,new,,high,reader-r1-24,
R-3DJAKE-3DJAKE-ANYCUBIC-TDS-PLA-HS-V3-0,1,value,Tensile modulus,G001-132,Anycubic PLA High Speed,Young's Modulus / MPa (Z),/,,,MPa,,Z,printed,,,ISO 527,,Mechanical Properties,Young's Modulus / MPa (Z) | /,,new,,high,reader-r1-24,not published
R-3DJAKE-3DJAKE-ANYCUBIC-TDS-PLA-HS-V3-0,1,value,Elongation at break,G001-132,Anycubic PLA High Speed,Elongation at Break / % (X-Y),9±1,9,,%,=,X-Y,printed,,,ISO 527,,Mechanical Properties,Elongation at Break / % (X-Y) | ISO 527 | % | 9±1,,new,,high,reader-r1-24,
R-3DJAKE-3DJAKE-ANYCUBIC-TDS-PLA-HS-V3-0,1,value,Elongation at break,G001-132,Anycubic PLA High Speed,Elongation at Break / % (Z),/,,,%,,Z,printed,,,ISO 527,,Mechanical Properties,Elongation at Break / % (Z) | /,,new,,high,reader-r1-24,not published
R-3DJAKE-3DJAKE-ANYCUBIC-TDS-PLA-HS-V3-0,1,value,Flexural strength,G001-132,Anycubic PLA High Speed,Bending Strength / MPa (X-Y),82±8,82,,MPa,=,X-Y,printed,,,ISO 178,,Mechanical Properties,Bending Strength / MPa (X-Y) | ISO 178 | MPa | 82±8,,new,,high,reader-r1-24,
R-3DJAKE-3DJAKE-ANYCUBIC-TDS-PLA-HS-V3-0,1,value,Flexural strength,G001-132,Anycubic PLA High Speed,Bending Strength / MPa (Z),/,,,MPa,,Z,printed,,,ISO 178,,Mechanical Properties,Bending Strength / MPa (Z) | /,,new,,high,reader-r1-24,not published
R-3DJAKE-3DJAKE-ANYCUBIC-TDS-PLA-HS-V3-0,1,value,Flexural modulus,G001-132,Anycubic PLA High Speed,Bending Modulus / MPa (X-Y),3905±300,3905,,MPa,=,X-Y,printed,,,ISO 178,,Mechanical Properties,Bending Modulus / MPa (X-Y) | ISO 178 | MPa | 3905±300,,new,,high,reader-r1-24,
R-3DJAKE-3DJAKE-ANYCUBIC-TDS-PLA-HS-V3-0,1,value,Flexural modulus,G001-132,Anycubic PLA High Speed,Bending Modulus / MPa (Z),/,,,MPa,,Z,printed,,,ISO 178,,Mechanical Properties,Bending Modulus / MPa (Z) | /,,new,,high,reader-r1-24,not published
R-3DJAKE-3DJAKE-ANYCUBIC-TDS-PLA-HS-V3-0,1,value,Izod impact strength,G001-132,Anycubic PLA High Speed,Izod Impact Strength (kJ/m²) (X-Y),21±1,21,,kJ/m²,=,X-Y,printed,,,ISO 179,,Mechanical Properties,Izod Impact Strength (kJ/m²) (X-Y) | ISO 179 | kJ/m² | 21±1,,new,,high,reader-r1-24,label says Izod but method printed ISO 179 (a Charpy standard)
R-3DJAKE-3DJAKE-ANYCUBIC-TDS-PLA-HS-V3-0,1,value,Izod impact strength,G001-132,Anycubic PLA High Speed,Izod Impact Strength (kJ/m²) (Z),/,,,kJ/m²,,Z,printed,,,ISO 179,,Mechanical Properties,Izod Impact Strength (kJ/m²) (Z) | /,,new,,high,reader-r1-24,not published
R-3DJAKE-3DJAKE-ANYCUBIC-TDS-PLA-HS-V3-0,2,value,Glass transition temperature,G001-132,Anycubic PLA High Speed,Glass Transition Temperature,55.1,55.1,,℃,=,,,,,"ISO 11357-1, 10℃/min",rate=10 ℃/min,Thermal Performance,"Glass Transition Temperature | ISO 11357-1, 10℃/min | ℃ | 55.1",V009140,confirms,55.1 ℃,high,reader-r1-24,
R-3DJAKE-3DJAKE-ANYCUBIC-TDS-PLA-HS-V3-0,2,value,Melting temperature,G001-132,Anycubic PLA High Speed,Melting Temperature,157,157,,℃,=,,,,,"ISO 11357-1, 10℃/min",rate=10 ℃/min,Thermal Performance,"Melting Temperature | ISO 11357-1, 10℃/min | ℃ | 157",V009141,confirms,157 ℃,high,reader-r1-24,
R-3DJAKE-3DJAKE-ANYCUBIC-TDS-PLA-HS-V3-0,2,value,Crystallization temperature,G001-132,Anycubic PLA High Speed,Crystallization Temperature,109,109,,℃,=,,,,,"ISO 11357-1, 10℃/min",rate=10 ℃/min,Thermal Performance,"Crystallization Temperature | ISO 11357-1, 10℃/min | ℃ | 109",V009142,confirms,109 ℃,high,reader-r1-24,
R-3DJAKE-3DJAKE-ANYCUBIC-TDS-PLA-HS-V3-0,2,value,Vicat softening temperature,G001-132,Anycubic PLA High Speed,Vicat Softening Temperature (VST),54.1,54.1,,℃,=,,,,,"ISO 306, 10N",load=10N,Thermal Performance,"Vicat Softening Temperature (VST) | ISO 306, 10N | ℃ | 54.1",V009143,confirms,54.1 ℃,high,reader-r1-24,
R-3DJAKE-3DJAKE-ANYCUBIC-TDS-PLA-HS-V3-0,2,value,HDT,G001-132,Anycubic PLA High Speed,Heat Deflection Temperature (HDT),/,,,℃,,,,,,"ISO 75-2, 1.8 MPa",load=1.8 MPa,Thermal Performance,"Heat Deflection Temperature (HDT) | ISO 75-2, 1.8 MPa | ℃ | /",,new,,high,reader-r1-24,not published
R-3DJAKE-3DJAKE-ANYCUBIC-TDS-PLA-HS-V3-0,2,value,HDT,G001-132,Anycubic PLA High Speed,Heat Deflection Temperature (HDT),52,52,,℃,=,,,,,"ISO 75-2, 0.45MPa",load=0.45 MPa,Thermal Performance,"Heat Deflection Temperature (HDT) | ISO 75-2, 0.45MPa | ℃ | 52",V009144,confirms,52 ℃,high,reader-r1-24,
R-3DJAKE-3DJAKE-ANYCUBIC-TDS-PLA-HS-V3-0,2,context,all,,,*Based on a 0.4mm nozzle,,,,,,,,,,,,Recommended Printing Parameters,"*Based on a 0.4mm nozzle, printing conditions may vary with different nozzle diameters",,new,,high,reader-r1-24,
R-3DJAKE-3DJAKE-ANYCUBIC-TDS-PLA-HS-V3-0,2,setting,nozzle_diameter,G001-132,Anycubic PLA High Speed,Recommended Printing Parameters,0.4mm nozzle,0.4,,mm,,,,,,,,Recommended Printing Parameters,"*Based on a 0.4mm nozzle, printing conditions may vary with different nozzle diameters",,new,,high,reader-r1-24,
R-3DJAKE-3DJAKE-ANYCUBIC-TDS-PLA-HS-V3-0,2,setting,nozzle,G001-132,Anycubic PLA High Speed,Nozzle Temperature,190-260,190,260,,,,,,,,,Recommended Printing Parameters,Nozzle Temperature | 190-260,P0880,confirms,190-260,high,reader-r1-24,no unit printed
R-3DJAKE-3DJAKE-ANYCUBIC-TDS-PLA-HS-V3-0,2,setting,bed,G001-132,Anycubic PLA High Speed,Bed Temperature,55-65,55,65,,,,,,,,,Recommended Printing Parameters,Bed Temperature | 55-65,P0880,confirms,55-65,high,reader-r1-24,no unit printed
R-3DJAKE-3DJAKE-ANYCUBIC-TDS-PLA-HS-V3-0,2,setting,drying,G001-132,Anycubic PLA High Speed,Dry Environment,45-50℃，6-8h,45,50,℃,,,,,,,hours=6-8,Recommended Printing Parameters,Dry Environment | 45-50℃，6-8h,P0880,confirms,"45-50℃,6-8h",high,reader-r1-24,
R-3DJAKE-3DJAKE-ANYCUBIC-TDS-PLA-HS-V3-0,2,setting,print_speed,G001-132,Anycubic PLA High Speed,Printing Speed,"190-210℃, 50-150mm/s",50,150,mm/s,,,,,,,temp=190-210℃,Recommended Printing Parameters,"Printing Speed | 190-210℃, 50-150mm/s",,new,,high,reader-r1-24,speed tied to nozzle temperature band
R-3DJAKE-3DJAKE-ANYCUBIC-TDS-PLA-HS-V3-0,2,setting,print_speed,G001-132,Anycubic PLA High Speed,Printing Speed,"210-230°C, 150-300mm/s",150,300,mm/s,,,,,,,temp=210-230°C,Recommended Printing Parameters,"Printing Speed | 210-230°C, 150-300mm/s",,new,,high,reader-r1-24,speed tied to nozzle temperature band
R-3DJAKE-3DJAKE-ANYCUBIC-TDS-PLA-HS-V3-0,2,setting,print_speed,G001-132,Anycubic PLA High Speed,Printing Speed,"230-260°C, 300-600mm/s",300,600,mm/s,,,,,,,temp=230-260°C,Recommended Printing Parameters,"Printing Speed | 230-260°C, 300-600mm/s",,new,,high,reader-r1-24,speed tied to nozzle temperature band
R-3DJAKE-3DJAKE-ANYCUBIC-TDS-PLA-HS-V3-0,2,setting,other,G001-132,Anycubic PLA High Speed,Extrusion Multiplier,0.96,0.96,,,,,,,,,,Recommended Printing Parameters,Extrusion Multiplier | 0.96,,new,,high,reader-r1-24,
R-3DJAKE-3DJAKE-ANYCUBIC-TDS-PLA-HS-V3-0,2,setting,other,G001-132,Anycubic PLA High Speed,Max Volumetric Flow Rate,18,18,,,,,,,,,,Recommended Printing Parameters,Max Volumetric Flow Rate | 18,,new,,high,reader-r1-24,no unit printed
R-3DJAKE-3DJAKE-ANYCUBIC-TDS-PLA-HS-V3-0,2,setting,fan,G001-132,Anycubic PLA High Speed,Fan Speed,100%,100,,%,,,,,,,,Recommended Printing Parameters,Fan Speed | 100%,,new,,high,reader-r1-24,
R-3DJAKE-3DJAKE-ANYCUBIC-TDS-PLA-HS-V3-0,2,setting,other,G001-132,Anycubic PLA High Speed,Cooling Time,7,7,,,,,,,,,,Recommended Printing Parameters,Cooling Time | 7,,new,,high,reader-r1-24,no unit printed
R-3DJAKE-3DJAKE-ANYCUBIC-TDS-PLA-HS-V3-0,2,setting,other,G001-132,Anycubic PLA High Speed,Minimum printing Speed,20,20,,,,,,,,,,Recommended Printing Parameters,Minimum printing Speed | 20,,new,,high,reader-r1-24,no unit printed
R-3DJAKE-3DJAKE-ANYCUBIC-TDS-PLA-HS-V3-0,2,setting,other,G001-132,Anycubic PLA High Speed,Raft Separation Distance,0.8,0.8,,,,,,,,,,Recommended Printing Parameters,Raft Separation Distance | 0.8,,new,,high,reader-r1-24,no unit printed
R-3DJAKE-3DJAKE-ANYCUBIC-TDS-PLA-HS-V3-0,2,setting,other,G001-132,Anycubic PLA High Speed,Retraction Speed,40,40,,,,,,,,,,Recommended Printing Parameters,Retraction Speed | 40,,new,,high,reader-r1-24,no unit printed
R-3DJAKE-3DJAKE-ANYCUBIC-TDS-PLA-HS-V3-0,3,context,tensile,,,TENSILE TESTING SPECIMEN,,,,,,Z,printed,,,,,TENSILE TESTING SPECIMEN,TENSILE TESTING SPECIMEN,,new,,medium,reader-r1-24,drawing 150 x 20 x 4 mm with Z axis arrow; no standard named
R-3DJAKE-3DJAKE-ANYCUBIC-TDS-PLA-HS-V3-0,3,context,flexural,,,IMPACT TESTING SPECIMEN,,,,,,Z,printed,,,,,IMPACT TESTING SPECIMEN,IMPACT TESTING SPECIMEN,,new,,medium,reader-r1-24,second drawing is headed IMPACT TESTING SPECIMEN but shows an unnotched 80 x 10 x 4 mm bar with 60 mm span (flexural shape); heading likely a typo for FLEXURAL
R-3DJAKE-3DJAKE-ANYCUBIC-TDS-PLA-HS-V3-0,3,context,impact,,,IMPACT TESTING SPECIMEN,,,,,,Z,printed,,,,,IMPACT TESTING SPECIMEN,IMPACT TESTING SPECIMEN,,new,,medium,reader-r1-24,drawing notched 80 x 10 x 4 mm 45.00° notch with impact direction and Z axis arrows
R-3DJAKE-3DJAKE-ANYCUBIC-TDS-PLA-HS-V3-0,3,context,all,,,Disclaimer,,,,,,,,,,,,Disclaimer：,The values shown in this chart are for comparison purposes only and are not appropriate for design specifications or quality assurance. Variations may arise due to printing conditions.,,new,,high,reader-r1-24,disclaimer; no conditions stated
R-3DJAKE-3DJAKE-ANYCUBIC-TDS-PLA-Metal-V3-0,1,identity,other,G011-06,Anycubic PLA Metal,Product Name,Anycubic PLA Metal,,,,,,,,,,,,Product Name: | Anycubic PLA Metal | Version: 3.0,,new,,high,reader-r1-24,
R-3DJAKE-3DJAKE-ANYCUBIC-TDS-PLA-Metal-V3-0,1,value,Density,G011-06,Anycubic PLA Metal,Density/（g/cm³）,1.2,1.2,,g/cm³,=,,,,,"ISO 1183,at 23°C",temp=23°C,Physical Properties,"Density/（g/cm³） | ISO 1183,at 23°C | g/cm³ | 1.2",V009065,confirms,1.2 g/cm3,high,reader-r1-24,
R-3DJAKE-3DJAKE-ANYCUBIC-TDS-PLA-Metal-V3-0,1,value,Melt mass-flow rate,G011-06,Anycubic PLA Metal,Melt Index/ ( g/10min),21.6±0.65,21.6,,g/10min,=,,,,,ISO 1133,,Physical Properties,Melt Index/ ( g/10min) | ISO 1133 | g/10min | 21.6±0.65,V009066,confirms,21.6 ± 0.65 g/10min,high,reader-r1-24,no temperature or load printed
R-3DJAKE-3DJAKE-ANYCUBIC-TDS-PLA-Metal-V3-0,1,value,Moisture content,G011-06,Anycubic PLA Metal,Moisture Content,0.26,0.26,,%,=,,,,,ISO 787-2,,Physical Properties,Moisture Content | ISO 787-2 | % | 0.26,V009067,confirms,0.26 %,high,reader-r1-24,
R-3DJAKE-3DJAKE-ANYCUBIC-TDS-PLA-Metal-V3-0,1,context,all,,,*All data are based on printed test samples. '(X-Y)' and '(Z)' indicate different testing orientations (refer to the direction schematic).,,,,,,,printed,,,,,Mechanical Properties,*All data are based on printed test samples. '(X-Y)' and '(Z)' indicate different testing orientations (refer to the direction schematic).,,new,,high,reader-r1-24,footnote under the mechanical table; 'All data' so may reach the physical table as well
R-3DJAKE-3DJAKE-ANYCUBIC-TDS-PLA-Metal-V3-0,1,value,Tensile strength (endpoint unspecified),G011-06,Anycubic PLA Metal,Tensile Strength / MPa (X-Y),34±4,34,,MPa,=,X-Y,printed,,,ISO 527,,Mechanical Properties,Tensile Strength / MPa (X-Y) | ISO 527 | MPa | 34±4,,new,,high,reader-r1-24,
R-3DJAKE-3DJAKE-ANYCUBIC-TDS-PLA-Metal-V3-0,1,value,Tensile strength (endpoint unspecified),G011-06,Anycubic PLA Metal,Tensile Strength / MPa (Z),25±2,25,,MPa,=,Z,printed,,,ISO 527,,Mechanical Properties,Tensile Strength / MPa (Z) | 25±2,,new,,high,reader-r1-24,
R-3DJAKE-3DJAKE-ANYCUBIC-TDS-PLA-Metal-V3-0,1,value,Tensile modulus,G011-06,Anycubic PLA Metal,Young's Modulus / MPa (X-Y),1900±100,1900,,MPa,=,X-Y,printed,,,ISO 527,,Mechanical Properties,Young's Modulus / MPa (X-Y) | ISO 527 | MPa | 1900±100,,new,,high,reader-r1-24,
R-3DJAKE-3DJAKE-ANYCUBIC-TDS-PLA-Metal-V3-0,1,value,Tensile modulus,G011-06,Anycubic PLA Metal,Young's Modulus / MPa (Z),/,,,MPa,,Z,printed,,,ISO 527,,Mechanical Properties,Young's Modulus / MPa (Z) | /,,new,,high,reader-r1-24,not published
R-3DJAKE-3DJAKE-ANYCUBIC-TDS-PLA-Metal-V3-0,1,value,Elongation at break,G011-06,Anycubic PLA Metal,Elongation at Break / % (X-Y),11±1,11,,%,=,X-Y,printed,,,ISO 527,,Mechanical Properties,Elongation at Break / % (X-Y) | ISO 527 | % | 11±1,,new,,high,reader-r1-24,
R-3DJAKE-3DJAKE-ANYCUBIC-TDS-PLA-Metal-V3-0,1,value,Elongation at break,G011-06,Anycubic PLA Metal,Elongation at Break / % (Z),/,,,%,,Z,printed,,,ISO 527,,Mechanical Properties,Elongation at Break / % (Z) | /,,new,,high,reader-r1-24,not published
R-3DJAKE-3DJAKE-ANYCUBIC-TDS-PLA-Metal-V3-0,1,value,Flexural strength,G011-06,Anycubic PLA Metal,Bending Strength / MPa (X-Y),61±3,61,,MPa,=,X-Y,printed,,,ISO 178,,Mechanical Properties,Bending Strength / MPa (X-Y) | ISO 178 | MPa | 61±3,,new,,high,reader-r1-24,
R-3DJAKE-3DJAKE-ANYCUBIC-TDS-PLA-Metal-V3-0,1,value,Flexural strength,G011-06,Anycubic PLA Metal,Bending Strength / MPa (Z),/,,,MPa,,Z,printed,,,ISO 178,,Mechanical Properties,Bending Strength / MPa (Z) | /,,new,,high,reader-r1-24,not published
R-3DJAKE-3DJAKE-ANYCUBIC-TDS-PLA-Metal-V3-0,1,value,Flexural modulus,G011-06,Anycubic PLA Metal,Bending Modulus / MPa (X-Y),2100±100,2100,,MPa,=,X-Y,printed,,,ISO 178,,Mechanical Properties,Bending Modulus / MPa (X-Y) | ISO 178 | MPa | 2100±100,,new,,high,reader-r1-24,
R-3DJAKE-3DJAKE-ANYCUBIC-TDS-PLA-Metal-V3-0,1,value,Flexural modulus,G011-06,Anycubic PLA Metal,Bending Modulus / MPa (Z),/,,,MPa,,Z,printed,,,ISO 178,,Mechanical Properties,Bending Modulus / MPa (Z) | /,,new,,high,reader-r1-24,not published
R-3DJAKE-3DJAKE-ANYCUBIC-TDS-PLA-Metal-V3-0,1,value,Izod impact strength,G011-06,Anycubic PLA Metal,Izod Impact Strength (kJ/m²) (X-Y),52±3,52,,kJ/m²,=,X-Y,printed,,,ISO 179,,Mechanical Properties,Izod Impact Strength (kJ/m²) (X-Y) | ISO 179 | kJ/m² | 52±3,,new,,high,reader-r1-24,label says Izod but method printed ISO 179 (a Charpy standard)
R-3DJAKE-3DJAKE-ANYCUBIC-TDS-PLA-Metal-V3-0,1,value,Izod impact strength,G011-06,Anycubic PLA Metal,Izod Impact Strength (kJ/m²) (Z),/,,,kJ/m²,,Z,printed,,,ISO 179,,Mechanical Properties,Izod Impact Strength (kJ/m²) (Z) | /,,new,,high,reader-r1-24,not published
R-3DJAKE-3DJAKE-ANYCUBIC-TDS-PLA-Metal-V3-0,2,value,Glass transition temperature,G011-06,Anycubic PLA Metal,Glass Transition Temperature,63.5,63.5,,℃,=,,,,,"ISO 11357-1, 10℃/min",rate=10 ℃/min,Thermal Performance,"Glass Transition Temperature | ISO 11357-1, 10℃/min | ℃ | 63.5",V009068,confirms,63.5 ℃,high,reader-r1-24,
R-3DJAKE-3DJAKE-ANYCUBIC-TDS-PLA-Metal-V3-0,2,value,Melting temperature,G011-06,Anycubic PLA Metal,Melting Temperature,160,160,,℃,=,,,,,"ISO 11357-1, 10℃/min",rate=10 ℃/min,Thermal Performance,"Melting Temperature | ISO 11357-1, 10℃/min | ℃ | 160",V009069,confirms,160 ℃,high,reader-r1-24,
R-3DJAKE-3DJAKE-ANYCUBIC-TDS-PLA-Metal-V3-0,2,value,Crystallization temperature,G011-06,Anycubic PLA Metal,Crystallization Temperature,116,116,,℃,=,,,,,"ISO 11357-1, 10℃/min",rate=10 ℃/min,Thermal Performance,"Crystallization Temperature | ISO 11357-1, 10℃/min | ℃ | 116",V009070,confirms,116 ℃,high,reader-r1-24,
R-3DJAKE-3DJAKE-ANYCUBIC-TDS-PLA-Metal-V3-0,2,value,Vicat softening temperature,G011-06,Anycubic PLA Metal,Vicat Softening Temperature (VST),62,62,,℃,=,,,,,"ISO 306, 10N",load=10N,Thermal Performance,"Vicat Softening Temperature (VST) | ISO 306, 10N | ℃ | 62",V009071,confirms,62 ℃,high,reader-r1-24,
R-3DJAKE-3DJAKE-ANYCUBIC-TDS-PLA-Metal-V3-0,2,value,HDT,G011-06,Anycubic PLA Metal,Heat Deflection Temperature (HDT),/,,,℃,,,,,,"ISO 75-2, 1.8 MPa",load=1.8 MPa,Thermal Performance,"Heat Deflection Temperature (HDT) | ISO 75-2, 1.8 MPa | ℃ | /",,new,,high,reader-r1-24,not published
R-3DJAKE-3DJAKE-ANYCUBIC-TDS-PLA-Metal-V3-0,2,value,HDT,G011-06,Anycubic PLA Metal,Heat Deflection Temperature (HDT),58,58,,℃,=,,,,,"ISO 75-2, 0.45MPa",load=0.45 MPa,Thermal Performance,"Heat Deflection Temperature (HDT) | ISO 75-2, 0.45MPa | ℃ | 58",V009072,confirms,58 ℃,high,reader-r1-24,
R-3DJAKE-3DJAKE-ANYCUBIC-TDS-PLA-Metal-V3-0,2,context,all,,,*Based on a 0.4mm nozzle,,,,,,,,,,,,Recommended Printing Parameters,"*Based on a 0.4mm nozzle, printing conditions may vary with different nozzle diameters",,new,,high,reader-r1-24,
R-3DJAKE-3DJAKE-ANYCUBIC-TDS-PLA-Metal-V3-0,2,setting,nozzle_diameter,G011-06,Anycubic PLA Metal,Recommended Printing Parameters,0.4mm nozzle,0.4,,mm,,,,,,,,Recommended Printing Parameters,"*Based on a 0.4mm nozzle, printing conditions may vary with different nozzle diameters",,new,,high,reader-r1-24,
R-3DJAKE-3DJAKE-ANYCUBIC-TDS-PLA-Metal-V3-0,2,setting,nozzle,G011-06,Anycubic PLA Metal,Nozzle Temperature,200-230,200,230,,,,,,,,,Recommended Printing Parameters,Nozzle Temperature | 200-230,P0866,confirms,200-230,high,reader-r1-24,no unit printed
R-3DJAKE-3DJAKE-ANYCUBIC-TDS-PLA-Metal-V3-0,2,setting,bed,G011-06,Anycubic PLA Metal,Bed Temperature,50-60,50,60,,,,,,,,,Recommended Printing Parameters,Bed Temperature | 50-60,P0866,confirms,50-60,high,reader-r1-24,no unit printed
R-3DJAKE-3DJAKE-ANYCUBIC-TDS-PLA-Metal-V3-0,2,setting,drying,G011-06,Anycubic PLA Metal,Dry Environment,55-65℃，6-8h,55,65,℃,,,,,,,hours=6-8,Recommended Printing Parameters,Dry Environment | 55-65℃，6-8h,P0866,confirms,"55-65℃,6-8h",high,reader-r1-24,
R-3DJAKE-3DJAKE-ANYCUBIC-TDS-PLA-Metal-V3-0,2,setting,print_speed,G011-06,Anycubic PLA Metal,Printing Speed,40-250,40,250,,,,,,,,,Recommended Printing Parameters,Printing Speed | 40-250,,new,,high,reader-r1-24,no unit printed
R-3DJAKE-3DJAKE-ANYCUBIC-TDS-PLA-Metal-V3-0,2,setting,other,G011-06,Anycubic PLA Metal,Extrusion Multiplier,0.96,0.96,,,,,,,,,,Recommended Printing Parameters,Extrusion Multiplier | 0.96,,new,,high,reader-r1-24,
R-3DJAKE-3DJAKE-ANYCUBIC-TDS-PLA-Metal-V3-0,2,setting,other,G011-06,Anycubic PLA Metal,Max Volumetric Flow Rate,7.2,7.2,,,,,,,,,,Recommended Printing Parameters,Max Volumetric Flow Rate | 7.2,,new,,high,reader-r1-24,no unit printed
R-3DJAKE-3DJAKE-ANYCUBIC-TDS-PLA-Metal-V3-0,2,setting,fan,G011-06,Anycubic PLA Metal,Fan Speed,100,100,,,,,,,,,,Recommended Printing Parameters,Fan Speed | 100,,new,,high,reader-r1-24,no unit printed (other sheets print %)
R-3DJAKE-3DJAKE-ANYCUBIC-TDS-PLA-Metal-V3-0,2,setting,other,G011-06,Anycubic PLA Metal,Cooling Time,10,10,,,,,,,,,,Recommended Printing Parameters,Cooling Time | 10,,new,,high,reader-r1-24,no unit printed
R-3DJAKE-3DJAKE-ANYCUBIC-TDS-PLA-Metal-V3-0,2,setting,other,G011-06,Anycubic PLA Metal,Minimum printing Speed,20,20,,,,,,,,,,Recommended Printing Parameters,Minimum printing Speed | 20,,new,,high,reader-r1-24,no unit printed
R-3DJAKE-3DJAKE-ANYCUBIC-TDS-PLA-Metal-V3-0,2,setting,other,G011-06,Anycubic PLA Metal,Raft Separation Distance,0.5,0.5,,,,,,,,,,Recommended Printing Parameters,Raft Separation Distance | 0.5,,new,,high,reader-r1-24,no unit printed
R-3DJAKE-3DJAKE-ANYCUBIC-TDS-PLA-Metal-V3-0,2,setting,other,G011-06,Anycubic PLA Metal,Retraction Speed,30,30,,,,,,,,,,Recommended Printing Parameters,Retraction Speed | 30,,new,,high,reader-r1-24,no unit printed
R-3DJAKE-3DJAKE-ANYCUBIC-TDS-PLA-Metal-V3-0,3,context,tensile,,,TENSILE TESTING SPECIMEN,,,,,,Z,printed,,,,,TENSILE TESTING SPECIMEN,TENSILE TESTING SPECIMEN,,new,,medium,reader-r1-24,drawing 150 x 20 x 4 mm with Z axis arrow; no standard named
R-3DJAKE-3DJAKE-ANYCUBIC-TDS-PLA-Metal-V3-0,3,context,flexural,,,IMPACT TESTING SPECIMEN,,,,,,Z,printed,,,,,IMPACT TESTING SPECIMEN,IMPACT TESTING SPECIMEN,,new,,medium,reader-r1-24,second drawing is headed IMPACT TESTING SPECIMEN but shows an unnotched 80 x 10 x 4 mm bar with 60 mm span (flexural shape); heading likely a typo for FLEXURAL
R-3DJAKE-3DJAKE-ANYCUBIC-TDS-PLA-Metal-V3-0,3,context,impact,,,IMPACT TESTING SPECIMEN,,,,,,Z,printed,,,,,IMPACT TESTING SPECIMEN,IMPACT TESTING SPECIMEN,,new,,medium,reader-r1-24,drawing notched 80 x 10 x 4 mm 45.00° notch with impact direction and Z axis arrows
R-3DJAKE-3DJAKE-ANYCUBIC-TDS-PLA-Metal-V3-0,3,context,all,,,Disclaimer,,,,,,,,,,,,Disclaimer：,The values shown in this chart are for comparison purposes only and are not appropriate for design specifications or quality assurance. Variations may arise due to printing conditions.,,new,,high,reader-r1-24,disclaimer; no conditions stated
R-3DJAKE-3DJAKE-ANYCUBIC-TDS-PLA-V3-0,1,identity,other,G001-199,Anycubic PLA+,Product Name,Anycubic PLA+,,,,,,,,,,,,Product Name: | Anycubic PLA+ | Version: 3.0,,new,,high,reader-r1-24-b,
R-3DJAKE-3DJAKE-ANYCUBIC-TDS-PLA-V3-0,1,value,Density,G001-199,Anycubic PLA+,Density/（g/cm³）,1.21,1.21,,g/cm³,=,,,,,"ISO 1183,at 23°C",temp=23°C,Physical Properties,"Density/（g/cm³） | ISO 1183,at 23°C | g/cm³ | 1.21",V009045,confirms,1.21 g/cm3,high,reader-r1-24-b,
R-3DJAKE-3DJAKE-ANYCUBIC-TDS-PLA-V3-0,1,value,Melt mass-flow rate,G001-199,Anycubic PLA+,Melt Index/ ( g/10min),6.2±0.32,6.2,,g/10min,=,,,,,ISO 1133,,Physical Properties,Melt Index/ ( g/10min) | ISO 1133 | g/10min | 6.2±0.32,V009046,confirms,6.2 ± 0.32 g/10min,high,reader-r1-24-b,no temperature or load printed
R-3DJAKE-3DJAKE-ANYCUBIC-TDS-PLA-V3-0,1,value,Moisture content,G001-199,Anycubic PLA+,Moisture Content,0.23,0.23,,%,=,,,,,ISO 787-2,,Physical Properties,Moisture Content | ISO 787-2 | % | 0.23,V009047,confirms,0.23 %,high,reader-r1-24-b,
R-3DJAKE-3DJAKE-ANYCUBIC-TDS-PLA-V3-0,1,context,all,,,*All data are based on printed test samples. '(X-Y)' and '(Z)' indicate different testing orientations (refer to the direction schematic).,,,,,,,printed,,,,,Mechanical Properties,*All data are based on printed test samples. '(X-Y)' and '(Z)' indicate different testing orientations (refer to the direction schematic).,,new,,high,reader-r1-24-b,footnote under the mechanical table
R-3DJAKE-3DJAKE-ANYCUBIC-TDS-PLA-V3-0,1,value,Tensile strength (endpoint unspecified),G001-199,Anycubic PLA+,Tensile Strength / MPa (X-Y),45±5,45,,MPa,=,X-Y,printed,,,ISO 527,,Mechanical Properties,Tensile Strength / MPa (X-Y) | ISO 527 | MPa | 45±5,,new,,high,reader-r1-24-b,
R-3DJAKE-3DJAKE-ANYCUBIC-TDS-PLA-V3-0,1,value,Tensile strength (endpoint unspecified),G001-199,Anycubic PLA+,Tensile Strength / MPa (Z),23.8±0.4,23.8,,MPa,=,Z,printed,,,ISO 527,,Mechanical Properties,Tensile Strength / MPa (Z) | 23.8±0.4,,new,,high,reader-r1-24-b,
R-3DJAKE-3DJAKE-ANYCUBIC-TDS-PLA-V3-0,1,value,Tensile modulus,G001-199,Anycubic PLA+,Young's Modulus / MPa (X-Y),2790±250,2790,,MPa,=,X-Y,printed,,,ISO 527,,Mechanical Properties,Young's Modulus / MPa (X-Y) | ISO 527 | MPa | 2790±250,,new,,high,reader-r1-24-b,
R-3DJAKE-3DJAKE-ANYCUBIC-TDS-PLA-V3-0,1,value,Tensile modulus,G001-199,Anycubic PLA+,Young's Modulus / MPa (Z),/,,,MPa,,Z,printed,,,ISO 527,,Mechanical Properties,Young's Modulus / MPa (Z) | /,,new,,high,reader-r1-24-b,not published
R-3DJAKE-3DJAKE-ANYCUBIC-TDS-PLA-V3-0,1,value,Elongation at break,G001-199,Anycubic PLA+,Elongation at Break / % (X-Y),12±1,12,,%,=,X-Y,printed,,,ISO 527,,Mechanical Properties,Elongation at Break / % (X-Y) | ISO 527 | % | 12±1,,new,,high,reader-r1-24-b,
R-3DJAKE-3DJAKE-ANYCUBIC-TDS-PLA-V3-0,1,value,Elongation at break,G001-199,Anycubic PLA+,Elongation at Break / % (Z),/,,,%,,Z,printed,,,ISO 527,,Mechanical Properties,Elongation at Break / % (Z) | /,,new,,high,reader-r1-24-b,not published
R-3DJAKE-3DJAKE-ANYCUBIC-TDS-PLA-V3-0,1,value,Flexural strength,G001-199,Anycubic PLA+,Bending Strength / MPa (X-Y),82±8,82,,MPa,=,X-Y,printed,,,ISO 178,,Mechanical Properties,Bending Strength / MPa (X-Y) | ISO 178 | MPa | 82±8,,new,,high,reader-r1-24-b,
R-3DJAKE-3DJAKE-ANYCUBIC-TDS-PLA-V3-0,1,value,Flexural strength,G001-199,Anycubic PLA+,Bending Strength / MPa (Z),/,,,MPa,,Z,printed,,,ISO 178,,Mechanical Properties,Bending Strength / MPa (Z) | /,,new,,high,reader-r1-24-b,not published
R-3DJAKE-3DJAKE-ANYCUBIC-TDS-PLA-V3-0,1,value,Flexural modulus,G001-199,Anycubic PLA+,Bending Modulus / MPa (X-Y),3980±360,3980,,MPa,=,X-Y,printed,,,ISO 178,,Mechanical Properties,Bending Modulus / MPa (X-Y) | ISO 178 | MPa | 3980±360,,new,,high,reader-r1-24-b,
R-3DJAKE-3DJAKE-ANYCUBIC-TDS-PLA-V3-0,1,value,Flexural modulus,G001-199,Anycubic PLA+,Bending Modulus / MPa (Z),/,,,MPa,,Z,printed,,,ISO 178,,Mechanical Properties,Bending Modulus / MPa (Z) | /,,new,,high,reader-r1-24-b,not published
R-3DJAKE-3DJAKE-ANYCUBIC-TDS-PLA-V3-0,1,value,Izod impact strength,G001-199,Anycubic PLA+,Izod Impact Strength (kJ/m²) (X-Y),28±1,28,,kJ/m²,=,X-Y,printed,,,ISO 179,,Mechanical Properties,Izod Impact Strength (kJ/m²) (X-Y) | ISO 179 | kJ/m² | 28±1,,new,,high,reader-r1-24-b,label says Izod but method printed ISO 179 (a Charpy standard)
R-3DJAKE-3DJAKE-ANYCUBIC-TDS-PLA-V3-0,1,value,Izod impact strength,G001-199,Anycubic PLA+,Izod Impact Strength (kJ/m²) (Z),/,,,kJ/m²,,Z,printed,,,ISO 179,,Mechanical Properties,Izod Impact Strength (kJ/m²) (Z) | /,,new,,high,reader-r1-24-b,not published
R-3DJAKE-3DJAKE-ANYCUBIC-TDS-PLA-V3-0,2,value,Glass transition temperature,G001-199,Anycubic PLA+,Glass Transition Temperature,54.2,54.2,,℃,=,,,,,"ISO 11357-1, 10℃/min",rate=10 ℃/min,Thermal Performance,"Glass Transition Temperature | ISO 11357-1, 10℃/min | ℃ | 54.2",V009048,confirms,54.2 ℃,high,reader-r1-24-b,
R-3DJAKE-3DJAKE-ANYCUBIC-TDS-PLA-V3-0,2,value,Melting temperature,G001-199,Anycubic PLA+,Melting Temperature,162,162,,℃,=,,,,,"ISO 11357-1, 10℃/min",rate=10 ℃/min,Thermal Performance,"Melting Temperature | ISO 11357-1, 10℃/min | ℃ | 162",V009049,confirms,162 ℃,high,reader-r1-24-b,
R-3DJAKE-3DJAKE-ANYCUBIC-TDS-PLA-V3-0,2,value,Crystallization temperature,G001-199,Anycubic PLA+,Crystallization Temperature,108,108,,℃,=,,,,,"ISO 11357-1, 10℃/min",rate=10 ℃/min,Thermal Performance,"Crystallization Temperature | ISO 11357-1, 10℃/min | ℃ | 108",V009050,confirms,108 ℃,high,reader-r1-24-b,
R-3DJAKE-3DJAKE-ANYCUBIC-TDS-PLA-V3-0,2,value,Vicat softening temperature,G001-199,Anycubic PLA+,Vicat Softening Temperature (VST),52,52,,℃,=,,,,,"ISO 306, 10N",load=10N,Thermal Performance,"Vicat Softening Temperature (VST) | ISO 306, 10N | ℃ | 52",V009051,confirms,52 ℃,high,reader-r1-24-b,
R-3DJAKE-3DJAKE-ANYCUBIC-TDS-PLA-V3-0,2,value,HDT,G001-199,Anycubic PLA+,Heat Deflection Temperature (HDT),/,,,℃,,,,,,"ISO 75-2, 1.8 MPa",load=1.8 MPa,Thermal Performance,"Heat Deflection Temperature (HDT) | ISO 75-2, 1.8 MPa | ℃ | /",,new,,high,reader-r1-24-b,not published
R-3DJAKE-3DJAKE-ANYCUBIC-TDS-PLA-V3-0,2,value,HDT,G001-199,Anycubic PLA+,Heat Deflection Temperature (HDT),50,50,,℃,=,,,,,"ISO 75-2, 0.45MPa",load=0.45 MPa,Thermal Performance,"Heat Deflection Temperature (HDT) | ISO 75-2, 0.45MPa | ℃ | 50",V009052,confirms,50 ℃,high,reader-r1-24-b,
R-3DJAKE-3DJAKE-ANYCUBIC-TDS-PLA-V3-0,2,context,all,,,*Based on a 0.4mm nozzle,,,,,,,,,,,,Recommended Printing Parameters,"*Based on a 0.4mm nozzle, printing conditions may vary with different nozzle diameters",,new,,high,reader-r1-24-b,
R-3DJAKE-3DJAKE-ANYCUBIC-TDS-PLA-V3-0,2,setting,nozzle_diameter,G001-199,Anycubic PLA+,Recommended Printing Parameters,0.4mm nozzle,0.4,,mm,,,,,,,,Recommended Printing Parameters,"*Based on a 0.4mm nozzle, printing conditions may vary with different nozzle diameters",,new,,high,reader-r1-24-b,
R-3DJAKE-3DJAKE-ANYCUBIC-TDS-PLA-V3-0,2,setting,nozzle,G001-199,Anycubic PLA+,Nozzle Temperature,190-230,190,230,,,,,,,,,Recommended Printing Parameters,Nozzle Temperature | 190-230,P0863,confirms,190-230,high,reader-r1-24-b,no unit printed
R-3DJAKE-3DJAKE-ANYCUBIC-TDS-PLA-V3-0,2,setting,bed,G001-199,Anycubic PLA+,Bed Temperature,55-65,55,65,,,,,,,,,Recommended Printing Parameters,Bed Temperature | 55-65,P0863,confirms,55-65,high,reader-r1-24-b,no unit printed
R-3DJAKE-3DJAKE-ANYCUBIC-TDS-PLA-V3-0,2,setting,drying,G001-199,Anycubic PLA+,Dry Environment,45-50℃，6-8h,45,50,℃,,,,,,,hours=6-8,Recommended Printing Parameters,Dry Environment | 45-50℃，6-8h,P0863,confirms,"45-50℃,6-8h",high,reader-r1-24-b,
R-3DJAKE-3DJAKE-ANYCUBIC-TDS-PLA-V3-0,2,setting,print_speed,G001-199,Anycubic PLA+,Printing Speed,50-200,50,200,,,,,,,,,Recommended Printing Parameters,Printing Speed | 50-200,,new,,high,reader-r1-24-b,no unit printed
R-3DJAKE-3DJAKE-ANYCUBIC-TDS-PLA-V3-0,2,setting,other,G001-199,Anycubic PLA+,Extrusion Multiplier,0.96,0.96,,,,,,,,,,Recommended Printing Parameters,Extrusion Multiplier | 0.96,,new,,high,reader-r1-24-b,
R-3DJAKE-3DJAKE-ANYCUBIC-TDS-PLA-V3-0,2,setting,other,G001-199,Anycubic PLA+,Max Volumetric Flow Rate,12,12,,,,,,,,,,Recommended Printing Parameters,Max Volumetric Flow Rate | 12,,new,,high,reader-r1-24-b,no unit printed
R-3DJAKE-3DJAKE-ANYCUBIC-TDS-PLA-V3-0,2,setting,fan,G001-199,Anycubic PLA+,Fan Speed,100%,100,,%,,,,,,,,Recommended Printing Parameters,Fan Speed | 100%,,new,,high,reader-r1-24-b,
R-3DJAKE-3DJAKE-ANYCUBIC-TDS-PLA-V3-0,2,setting,other,G001-199,Anycubic PLA+,Cooling Time,8,8,,,,,,,,,,Recommended Printing Parameters,Cooling Time | 8,,new,,high,reader-r1-24-b,no unit printed
R-3DJAKE-3DJAKE-ANYCUBIC-TDS-PLA-V3-0,2,setting,other,G001-199,Anycubic PLA+,Minimum printing Speed,20,20,,,,,,,,,,Recommended Printing Parameters,Minimum printing Speed | 20,,new,,high,reader-r1-24-b,no unit printed
R-3DJAKE-3DJAKE-ANYCUBIC-TDS-PLA-V3-0,2,setting,other,G001-199,Anycubic PLA+,Raft Separation Distance,0.8,0.8,,,,,,,,,,Recommended Printing Parameters,Raft Separation Distance | 0.8,,new,,high,reader-r1-24-b,no unit printed
R-3DJAKE-3DJAKE-ANYCUBIC-TDS-PLA-V3-0,2,setting,other,G001-199,Anycubic PLA+,Retraction Speed,30,30,,,,,,,,,,Recommended Printing Parameters,Retraction Speed | 30,,new,,high,reader-r1-24-b,no unit printed
R-3DJAKE-3DJAKE-ANYCUBIC-TDS-PLA-V3-0,3,context,tensile,,,TENSILE TESTING SPECIMEN,,,,,,Z,printed,,,,,TENSILE TESTING SPECIMEN,TENSILE TESTING SPECIMEN,,new,,medium,reader-r1-24-b,drawing 150 x 20 x 4 mm with Z axis arrow; no standard named
R-3DJAKE-3DJAKE-ANYCUBIC-TDS-PLA-V3-0,3,context,impact,,,IMPACT TESTING SPECIMEN,,,,,,Z,printed,,,,,IMPACT TESTING SPECIMEN,IMPACT TESTING SPECIMEN,,new,,medium,reader-r1-24-b,two drawings headed IMPACT TESTING SPECIMEN: unnotched 80 x 10 x 4 mm and notched 80 x 10 x 4 mm with 45.00° notch and impact direction; Z axis arrows
R-3DJAKE-3DJAKE-ANYCUBIC-TDS-PLA-V3-0,3,context,all,,,Disclaimer,,,,,,,,,,,,Disclaimer：,The values shown in this chart are for comparison purposes only and are not appropriate for design specifications or quality assurance. Variations may arise due to printing conditions.,,new,,high,reader-r1-24-b,disclaimer; no conditions stated
R-3DJAKE-3DJAKE-ANYCUBIC-TDS-TPU-V3-0,1,identity,other,G039-55,Anycubic TPU,Product Name,Anycubic TPU,,,,,,,,,,,,Product Name: | Anycubic TPU | Version: 3.0,,new,,high,reader-r1-24-b,
R-3DJAKE-3DJAKE-ANYCUBIC-TDS-TPU-V3-0,1,value,Hardness,G039-55,Anycubic TPU,average hardness,95A,95,,A,=,,,,,,,,Anycubic TPU is a soft | elastic | and flexible filament with an average hardness of 95A.,,new,,medium,reader-r1-24-b,from the intro sentence; Shore A implied by 95A; no standard or table row
R-3DJAKE-3DJAKE-ANYCUBIC-TDS-TPU-V3-0,1,value,Density,G039-55,Anycubic TPU,Density/（g/cm³）,1.23,1.23,,g/cm³,=,,,,,"ISO 1183,at 23°C",temp=23°C,Physical Properties,"Density/（g/cm³） | ISO 1183,at 23°C | g/cm³ | 1.23",V008898,confirms,1.23 g/cm3,high,reader-r1-24-b,
R-3DJAKE-3DJAKE-ANYCUBIC-TDS-TPU-V3-0,1,value,Melt mass-flow rate,G039-55,Anycubic TPU,Melt Index/ ( g/10min),25,25,,g/10min,=,,,,,ISO 1133,,Physical Properties,Melt Index/ ( g/10min) | ISO 1133 | g/10min | 25,V008899,confirms,25 g/10min,high,reader-r1-24-b,no temperature or load printed
R-3DJAKE-3DJAKE-ANYCUBIC-TDS-TPU-V3-0,1,value,Moisture content,G039-55,Anycubic TPU,Moisture Content,0.38,0.38,,%,=,,,,,ISO 787-2,,Physical Properties,Moisture Content | ISO 787-2 | % | 0.38,V008900,confirms,0.38 %,high,reader-r1-24-b,
R-3DJAKE-3DJAKE-ANYCUBIC-TDS-TPU-V3-0,1,context,all,,,*All data are based on printed test samples. '(X-Y)' and '(Z)' indicate different testing orientations (refer to the direction schematic).,,,,,,,printed,,,,,Mechanical Properties,*All data are based on printed test samples. '(X-Y)' and '(Z)' indicate different testing orientations (refer to the direction schematic).,,new,,high,reader-r1-24-b,footnote under the mechanical table
R-3DJAKE-3DJAKE-ANYCUBIC-TDS-TPU-V3-0,1,value,Tensile strength (endpoint unspecified),G039-55,Anycubic TPU,Tensile Strength / MPa (X-Y),34.4,34.4,,MPa,=,X-Y,printed,,,ISO 527,,Mechanical Properties,Tensile Strength / MPa (X-Y) | ISO 527 | MPa | 34.4,,new,,high,reader-r1-24-b,
R-3DJAKE-3DJAKE-ANYCUBIC-TDS-TPU-V3-0,1,value,Tensile strength (endpoint unspecified),G039-55,Anycubic TPU,Tensile Strength / MPa (Z),18.5,18.5,,MPa,=,Z,printed,,,ISO 527,,Mechanical Properties,Tensile Strength / MPa (Z) | 18.5,,new,,high,reader-r1-24-b,
R-3DJAKE-3DJAKE-ANYCUBIC-TDS-TPU-V3-0,1,value,Tensile modulus,G039-55,Anycubic TPU,Young's Modulus / MPa (X-Y),50.2,50.2,,MPa,=,X-Y,printed,,,ISO 527,,Mechanical Properties,Young's Modulus / MPa (X-Y) | ISO 527 | MPa | 50.2,,new,,high,reader-r1-24-b,
R-3DJAKE-3DJAKE-ANYCUBIC-TDS-TPU-V3-0,1,value,Tensile modulus,G039-55,Anycubic TPU,Young's Modulus / MPa (Z),/,,,MPa,,Z,printed,,,ISO 527,,Mechanical Properties,Young's Modulus / MPa (Z) | /,,new,,high,reader-r1-24-b,not published
R-3DJAKE-3DJAKE-ANYCUBIC-TDS-TPU-V3-0,1,value,Elongation at break,G039-55,Anycubic TPU,Elongation at Break / % (X-Y),697,697,,%,=,X-Y,printed,,,ISO 527,,Mechanical Properties,Elongation at Break / % (X-Y) | ISO 527 | % | 697,,new,,high,reader-r1-24-b,
R-3DJAKE-3DJAKE-ANYCUBIC-TDS-TPU-V3-0,1,value,Elongation at break,G039-55,Anycubic TPU,Elongation at Break / % (Z),/,,,%,,Z,printed,,,ISO 527,,Mechanical Properties,Elongation at Break / % (Z) | /,,new,,high,reader-r1-24-b,not published
R-3DJAKE-3DJAKE-ANYCUBIC-TDS-TPU-V3-0,1,value,Flexural strength,G039-55,Anycubic TPU,Bending Strength / MPa (X-Y),4.26,4.26,,MPa,=,X-Y,printed,,,ISO 178,,Mechanical Properties,Bending Strength / MPa (X-Y) | ISO 178 | MPa | 4.26,,new,,high,reader-r1-24-b,
R-3DJAKE-3DJAKE-ANYCUBIC-TDS-TPU-V3-0,1,value,Flexural strength,G039-55,Anycubic TPU,Bending Strength / MPa (Z),/,,,MPa,,Z,printed,,,ISO 178,,Mechanical Properties,Bending Strength / MPa (Z) | /,,new,,high,reader-r1-24-b,not published
R-3DJAKE-3DJAKE-ANYCUBIC-TDS-TPU-V3-0,1,value,Flexural modulus,G039-55,Anycubic TPU,Bending Modulus / MPa (X-Y),87.6,87.6,,MPa,=,X-Y,printed,,,ISO 178,,Mechanical Properties,Bending Modulus / MPa (X-Y) | ISO 178 | MPa | 87.6,,new,,high,reader-r1-24-b,
R-3DJAKE-3DJAKE-ANYCUBIC-TDS-TPU-V3-0,1,value,Flexural modulus,G039-55,Anycubic TPU,Bending Modulus / MPa (Z),/,,,MPa,,Z,printed,,,ISO 178,,Mechanical Properties,Bending Modulus / MPa (Z) | /,,new,,high,reader-r1-24-b,not published
R-3DJAKE-3DJAKE-ANYCUBIC-TDS-TPU-V3-0,1,value,Izod impact strength,G039-55,Anycubic TPU,Izod Impact Strength (kJ/m²) (X-Y),NA,,,kJ/m²,,X-Y,printed,,,ISO 179,,Mechanical Properties,Izod Impact Strength (kJ/m²) (X-Y) | ISO 179 | kJ/m² | NA,,new,,high,reader-r1-24-b,not available as printed
R-3DJAKE-3DJAKE-ANYCUBIC-TDS-TPU-V3-0,1,value,Izod impact strength,G039-55,Anycubic TPU,Izod Impact Strength (kJ/m²) (Z),/,,,kJ/m²,,Z,printed,,,ISO 179,,Mechanical Properties,Izod Impact Strength (kJ/m²) (Z) | /,,new,,high,reader-r1-24-b,not published
R-3DJAKE-3DJAKE-ANYCUBIC-TDS-TPU-V3-0,2,value,Glass transition temperature,G039-55,Anycubic TPU,Glass Transition Temperature,/,,,℃,,,,,,"ISO 11357-1, 10℃/min",rate=10 ℃/min,Thermal Performance,"Glass Transition Temperature | ISO 11357-1, 10℃/min | ℃ | /",,new,,high,reader-r1-24-b,not published
R-3DJAKE-3DJAKE-ANYCUBIC-TDS-TPU-V3-0,2,value,Melting temperature,G039-55,Anycubic TPU,Melting Temperature,145.1,145.1,,℃,=,,,,,"ISO 11357-1, 10℃/min",rate=10 ℃/min,Thermal Performance,"Melting Temperature | ISO 11357-1, 10℃/min | ℃ | 145.1",V008901,confirms,145.1 ℃,high,reader-r1-24-b,
R-3DJAKE-3DJAKE-ANYCUBIC-TDS-TPU-V3-0,2,value,Crystallization temperature,G039-55,Anycubic TPU,Crystallization Temperature,/,,,℃,,,,,,"ISO 11357-1, 10℃/min",rate=10 ℃/min,Thermal Performance,"Crystallization Temperature | ISO 11357-1, 10℃/min | ℃ | /",,new,,high,reader-r1-24-b,not published
R-3DJAKE-3DJAKE-ANYCUBIC-TDS-TPU-V3-0,2,value,Vicat softening temperature,G039-55,Anycubic TPU,Vicat Softening Temperature (VST),/,,,℃,,,,,,"ISO 306, 10N",load=10N,Thermal Performance,"Vicat Softening Temperature (VST) | ISO 306, 10N | ℃ | /",,new,,high,reader-r1-24-b,not published
R-3DJAKE-3DJAKE-ANYCUBIC-TDS-TPU-V3-0,2,value,HDT,G039-55,Anycubic TPU,Heat Deflection Temperature (HDT),/,,,℃,,,,,,"ISO 75-2, 1.8 MPa",load=1.8 MPa,Thermal Performance,"Heat Deflection Temperature (HDT) | ISO 75-2, 1.8 MPa | ℃ | /",,new,,high,reader-r1-24-b,not published
R-3DJAKE-3DJAKE-ANYCUBIC-TDS-TPU-V3-0,2,value,HDT,G039-55,Anycubic TPU,Heat Deflection Temperature (HDT),52,52,,℃,=,,,,,"ISO 75-2, 0.45MPa",load=0.45 MPa,Thermal Performance,"Heat Deflection Temperature (HDT) | ISO 75-2, 0.45MPa | ℃ | 52",V008902,confirms,52 ℃,high,reader-r1-24-b,
R-3DJAKE-3DJAKE-ANYCUBIC-TDS-TPU-V3-0,2,context,all,,,*Based on a 0.4mm nozzle,,,,,,,,,,,,Recommended Printing Parameters,"*Based on a 0.4mm nozzle, printing conditions may vary with different nozzle diameters",,new,,high,reader-r1-24-b,
R-3DJAKE-3DJAKE-ANYCUBIC-TDS-TPU-V3-0,2,setting,nozzle_diameter,G039-55,Anycubic TPU,Recommended Printing Parameters,0.4mm nozzle,0.4,,mm,,,,,,,,Recommended Printing Parameters,"*Based on a 0.4mm nozzle, printing conditions may vary with different nozzle diameters",,new,,high,reader-r1-24-b,
R-3DJAKE-3DJAKE-ANYCUBIC-TDS-TPU-V3-0,2,setting,nozzle,G039-55,Anycubic TPU,Nozzle Temperature,195-230,195,230,,,,,,,,,Recommended Printing Parameters,Nozzle Temperature | 195-230,P0840,confirms,195-230,high,reader-r1-24-b,no unit printed
R-3DJAKE-3DJAKE-ANYCUBIC-TDS-TPU-V3-0,2,setting,bed,G039-55,Anycubic TPU,Bed Temperature,50-60,50,60,,,,,,,,,Recommended Printing Parameters,Bed Temperature | 50-60,P0840,confirms,50-60,high,reader-r1-24-b,no unit printed
R-3DJAKE-3DJAKE-ANYCUBIC-TDS-TPU-V3-0,2,setting,drying,G039-55,Anycubic TPU,Dry Environment,70℃-80℃，8h-12h,70,80,℃,,,,,,,hours=8-12,Recommended Printing Parameters,Dry Environment | 70℃-80℃，8h-12h,P0840,confirms,"70℃-80℃,8h-12h",high,reader-r1-24-b,
R-3DJAKE-3DJAKE-ANYCUBIC-TDS-TPU-V3-0,2,setting,print_speed,G039-55,Anycubic TPU,Printing Speed,50-150,50,150,,,,,,,,,Recommended Printing Parameters,Printing Speed | 50-150,,new,,high,reader-r1-24-b,no unit printed
R-3DJAKE-3DJAKE-ANYCUBIC-TDS-TPU-V3-0,2,setting,other,G039-55,Anycubic TPU,Extrusion Multiplier,1,1,,,,,,,,,,Recommended Printing Parameters,Extrusion Multiplier | 1,,new,,high,reader-r1-24-b,
R-3DJAKE-3DJAKE-ANYCUBIC-TDS-TPU-V3-0,2,setting,other,G039-55,Anycubic TPU,Max Volumetric Flow Rate,3.2,3.2,,,,,,,,,,Recommended Printing Parameters,Max Volumetric Flow Rate | 3.2,,new,,high,reader-r1-24-b,no unit printed
R-3DJAKE-3DJAKE-ANYCUBIC-TDS-TPU-V3-0,2,setting,fan,G039-55,Anycubic TPU,Fan Speed,100%,100,,%,,,,,,,,Recommended Printing Parameters,Fan Speed | 100%,,new,,high,reader-r1-24-b,
R-3DJAKE-3DJAKE-ANYCUBIC-TDS-TPU-V3-0,2,setting,other,G039-55,Anycubic TPU,Cooling Time,8,8,,,,,,,,,,Recommended Printing Parameters,Cooling Time | 8,,new,,high,reader-r1-24-b,no unit printed
R-3DJAKE-3DJAKE-ANYCUBIC-TDS-TPU-V3-0,2,setting,other,G039-55,Anycubic TPU,Minimum printing Speed,20,20,,,,,,,,,,Recommended Printing Parameters,Minimum printing Speed | 20,,new,,high,reader-r1-24-b,no unit printed
R-3DJAKE-3DJAKE-ANYCUBIC-TDS-TPU-V3-0,2,setting,other,G039-55,Anycubic TPU,Raft Separation Distance,1,1,,,,,,,,,,Recommended Printing Parameters,Raft Separation Distance | 1,,new,,high,reader-r1-24-b,no unit printed
R-3DJAKE-3DJAKE-ANYCUBIC-TDS-TPU-V3-0,2,setting,other,G039-55,Anycubic TPU,Retraction Speed,30,30,,,,,,,,,,Recommended Printing Parameters,Retraction Speed | 30,,new,,high,reader-r1-24-b,no unit printed
R-3DJAKE-3DJAKE-ANYCUBIC-TDS-TPU-V3-0,3,context,tensile,,,TENSILE TESTING SPECIMEN,,,,,,Z,printed,,,,,TENSILE TESTING SPECIMEN,TENSILE TESTING SPECIMEN,,new,,medium,reader-r1-24-b,drawing 150 x 20 x 4 mm with Z axis arrow; no standard named
R-3DJAKE-3DJAKE-ANYCUBIC-TDS-TPU-V3-0,3,context,impact,,,IMPACT TESTING SPECIMEN,,,,,,Z,printed,,,,,IMPACT TESTING SPECIMEN,IMPACT TESTING SPECIMEN,,new,,medium,reader-r1-24-b,two drawings headed IMPACT TESTING SPECIMEN: unnotched 80 x 10 x 4 mm and notched 80 x 10 x 4 mm with 45.00° notch and impact direction; Z axis arrows
R-3DJAKE-3DJAKE-ANYCUBIC-TDS-TPU-V3-0,3,context,all,,,Disclaimer,,,,,,,,,,,,Disclaimer：,The values shown in this chart are for comparison purposes only and are not appropriate for design specifications or quality assurance. Variations may arise due to printing conditions.,,new,,high,reader-r1-24-b,disclaimer; no conditions stated
R-3DJAKE-3DJAKE-ASA-TDS-1,1,identity,polymer,G031-31,ASA,ASA TDS,Acrylonitrile Styrene Acrylate,,,,,,,,,,,,ASA TDS | Acrylonitrile Styrene Acrylate,,new,,high,reader-r1-24-b,
R-3DJAKE-3DJAKE-ASA-TDS-1,1,identity,other,G031-31,ASA,Product Description,AzureFilm ASA Filament,,,,,,,,,,,Product Description,AzureFilm ASA Filament is stiffer | stronger and flexible.,,new,,high,reader-r1-24-b,
R-3DJAKE-3DJAKE-ASA-TDS-1,1,context,all,,,Test specimens print settings,,,,,,,printed,,,,,Test specimens print settings,Test specimens print settings,,new,,medium,reader-r1-24-b,specimens are printed (heading names their print settings); property table itself names no specimen form
R-3DJAKE-3DJAKE-ASA-TDS-1,1,value,unmapped:Specific Gravity,G031-31,ASA,Specific Gravity[MPa],"1,07",1.07,,,=,,printed,,,ASTM D792,,Properties,"Specific Gravity[MPa] | ASTM D792 | - | 1,07",,new,,high,reader-r1-24-b,"unit cell is ""-""; label carries a stray [MPa]; decimal comma"
R-3DJAKE-3DJAKE-ASA-TDS-1,1,value,Tensile strength (endpoint unspecified),G031-31,ASA,Tensile strength 3.2mm,480,480,,kg/cm2,=,,printed,,,ASTM D638,rate=50 mm/min; thickness=3.2mm,Properties,Tensile strength 3.2mm | 50 mm/min | ASTM D638 | kg/cm2 | 480,V009080,confirms,480 kg/cm2,high,reader-r1-24-b,
R-3DJAKE-3DJAKE-ASA-TDS-1,1,value,Elongation at yield,G031-31,ASA,Tensile Elongation 3.2mm @ Yield,>6,6,,%,>,,printed,,,ASTM D638,rate=50 mm/min; thickness=3.2mm,Properties,@ Yield | 50 mm/min | % | >6,,new,,high,reader-r1-24-b,
R-3DJAKE-3DJAKE-ASA-TDS-1,1,value,Elongation at break,G031-31,ASA,Tensile Elongation 3.2mm @ Break,25,25,,%,=,,printed,,,ASTM D638,rate=50 mm/min; thickness=3.2mm,Properties,@ Break | 50 mm/min | % | 25,,new,,high,reader-r1-24-b,
R-3DJAKE-3DJAKE-ASA-TDS-1,1,value,Tensile modulus,G031-31,ASA,"Tensile Modulus, 3.2mm","21,200",21200,,kg/cm2,=,,printed,,,ASTM D638,rate=1mm/min; thickness=3.2mm,Properties,"Tensile Modulus, 3.2mm | 1mm/min | ASTM D638 | kg/cm2 | 21,200",V009081,confirms,"21,200 kg/cm2",high,reader-r1-24-b,comma is a thousands separator
R-3DJAKE-3DJAKE-ASA-TDS-1,1,value,Flexural strength,G031-31,ASA,"Flexural Strength, 3.2mm",770,770,,kg/cm2,=,,printed,,,ASTM D790,rate=15mm/min; thickness=3.2mm,Properties,"Flexural Strength, 3.2mm | 15mm/min | ASTM D790 | kg/cm2 | 770",V009082,confirms,770 kg/cm2,high,reader-r1-24-b,
R-3DJAKE-3DJAKE-ASA-TDS-1,1,value,Flexural modulus,G031-31,ASA,"Flexural Modulus, 3.2mm","22,500",22500,,kg/cm2,=,,printed,,,ASTM D790,rate=15mm/min; thickness=3.2mm,Properties,"Flexural Modulus, 3.2mm | 15mm/min | ASTM D790 | kg/cm2 | 22,500",V009083,confirms,"22,500 kg/cm2",high,reader-r1-24-b,comma is a thousands separator
R-3DJAKE-3DJAKE-ASA-TDS-1,1,setting,nozzle,G031-31,ASA,Test specimens print settings,Nozzle temperature: 250 °C,250,,°C,,,,,,,,Test specimens print settings,Nozzle temperature: 250 °C,,new,,high,reader-r1-24-b,settings the test specimens were printed at; not the recommendation
R-3DJAKE-3DJAKE-ASA-TDS-1,1,setting,bed,G031-31,ASA,Test specimens print settings,Bed temperature: 110 °C,110,,°C,,,,,,,,Test specimens print settings,Bed temperature: 110 °C,,new,,high,reader-r1-24-b,test specimen setting
R-3DJAKE-3DJAKE-ASA-TDS-1,1,setting,print_speed,G031-31,ASA,Test specimens print settings,Print speed: 50 mm/s,50,,mm/s,,,,,,,,Test specimens print settings,Print speed: 50 mm/s,,new,,high,reader-r1-24-b,test specimen setting
R-3DJAKE-3DJAKE-ASA-TDS-1,1,setting,nozzle_diameter,G031-31,ASA,Test specimens print settings,"Nozzle diameter: 0,4 mm",0.4,,mm,,,,,,,,Test specimens print settings,"Nozzle diameter: 0,4 mm",P0868,confirms,"0,4 mm",high,reader-r1-24-b,test specimen setting; decimal comma
R-3DJAKE-3DJAKE-ASA-TDS-1,1,setting,other,G031-31,ASA,Test specimens print settings,Infill: 20 %,20,,%,,,,,,,,Test specimens print settings,Infill: 20 %,,new,,high,reader-r1-24-b,test specimen setting
R-3DJAKE-3DJAKE-ASA-TDS-1,1,setting,other,G031-31,ASA,Test specimens print settings,Shells: 2,2,,,,,,,,,,Test specimens print settings,Shells: 2,,new,,high,reader-r1-24-b,test specimen setting
R-3DJAKE-3DJAKE-ASA-TDS-1,1,setting,other,G031-31,ASA,Test specimens print settings,"Layer height: 0,3 mm",0.3,,mm,,,,,,,,Test specimens print settings,"Layer height: 0,3 mm",,new,,high,reader-r1-24-b,test specimen setting; decimal comma
R-3DJAKE-3DJAKE-ASA-TDS-1,1,setting,other,G031-31,ASA,Test specimens print settings,3D printer: Creator 3 / Slicer: FlashPrint,,,,,,,,,,,Test specimens print settings,3D printer: Creator 3 | Slicer: FlashPrint,,new,,high,reader-r1-24-b,test specimen setting; printer and slicer names
R-3DJAKE-3DJAKE-ASA-TDS-1,1,setting,nozzle,G031-31,ASA,Printing Recommendations,Nozzle temperature: 240 – 260 °C,240,260,°C,,,,,,,,Printing Recommendations,Nozzle temperature: 240 – 260 °C,P0868,confirms,240 – 260 °C,high,reader-r1-24-b,
R-3DJAKE-3DJAKE-ASA-TDS-1,1,setting,bed,G031-31,ASA,Printing Recommendations,Heated bed: Recommended 90 – 120 °C),90,120,°C,,,,,,,,Printing Recommendations,Heated bed: Recommended 90 – 120 °C),P0868,confirms,Recommended 90 – 120 °C),high,reader-r1-24-b,stray closing parenthesis printed
R-3DJAKE-3DJAKE-ASA-TDS-1,1,setting,print_speed,G031-31,ASA,Printing Recommendations,Print speed: 50 – 100 mm/s,50,100,mm/s,,,,,,,,Printing Recommendations,Print speed: 50 – 100 mm/s,,new,,high,reader-r1-24-b,
R-3DJAKE-3DJAKE-ASA-TDS-1,1,setting,plate,G031-31,ASA,Printing Recommendations,"Build platform: Kapton tape, Glass bed, FlashForge original bed",,,,,,,,,,,Printing Recommendations,"Build platform: Kapton tape, Glass bed, FlashForge original bed",,new,,high,reader-r1-24-b,
R-3DJAKE-3DJAKE-ASA-TDS-1,1,context,all,,,Disclaimer,,,,,,,,,,,,,The data provided should not be used to establish specification limits or used alone as the basis of design,,new,,high,reader-r1-24-b,legal text; no conditions stated
R-3DJAKE-3DJAKE-ASAx-CF-Technical-Data,1,identity,polymer,G033-15,ASAx CF,ASAx CF,10% carbon fiber reinforced modified ASA made from recycled industrial waste,,,,,,,,,,,,Nobufil ASAx CF is a sustainable 10% carbon fiber reinforced modified ASA made from recycled | industrial waste sourced in Europe.,,new,,high,reader-r1-24-b,
R-3DJAKE-3DJAKE-ASAx-CF-Technical-Data,1,identity,filler,G033-15,ASAx CF,ASAx CF,10% carbon fiber,10,,%,,,,,,,,,10% carbon fiber reinforced modified ASA,,new,,high,reader-r1-24-b,
R-3DJAKE-3DJAKE-ASAx-CF-Technical-Data,1,context,all,,,Properties column headings,,,,,,,,,,,,Material properties,Properties FDM H Injection Method,,new,,medium,reader-r1-24-b,"two value columns: ""FDM H"" and ""Injection""; sheet does not explain ""FDM H"""
R-3DJAKE-3DJAKE-ASAx-CF-Technical-Data,1,value,Tensile strength (endpoint unspecified),G033-15,ASAx CF,Tensile strength (FDM H),26,26,,MPa,=,,FDM H,,,ISO 527,,Material properties,Tensile strength 26 36 MPa ISO 527,V011643,confirms,26 MPa,high,reader-r1-24-b,column FDM H; sheet gives no build direction
R-3DJAKE-3DJAKE-ASAx-CF-Technical-Data,1,value,Tensile strength (endpoint unspecified),G033-15,ASAx CF,Tensile strength (Injection),36,36,,MPa,=,,Injection,,,ISO 527,,Material properties,Tensile strength 26 36 MPa ISO 527,V011644,confirms,36 MPa,high,reader-r1-24-b,column Injection
R-3DJAKE-3DJAKE-ASAx-CF-Technical-Data,1,value,Elongation at break,G033-15,ASAx CF,Elongation at break (FDM H),9,9,,%,=,,FDM H,,,ISO 527,,Material properties,Elongation at break 9 18 % ISO 527,V011645,confirms,9 %,high,reader-r1-24-b,column FDM H
R-3DJAKE-3DJAKE-ASAx-CF-Technical-Data,1,value,Elongation at break,G033-15,ASAx CF,Elongation at break (Injection),18,18,,%,=,,Injection,,,ISO 527,,Material properties,Elongation at break 9 18 % ISO 527,V011646,confirms,18 %,high,reader-r1-24-b,column Injection
R-3DJAKE-3DJAKE-ASAx-CF-Technical-Data,1,value,Flexural strength,G033-15,ASAx CF,Flexural strength (Injection),38,38,,MPa,=,,Injection,,,ISO 178,,Material properties,Flexural strength 38 MPa ISO 178,V008939,confirms,38 MPa,high,reader-r1-24-b,value sits in the Injection column; FDM H cell blank
R-3DJAKE-3DJAKE-ASAx-CF-Technical-Data,1,value,Flexural modulus,G033-15,ASAx CF,Flexural modulus (Injection),2900,2900,,MPa,=,,Injection,,,ISO 178,,Material properties,Flexural modulus 2900 MPa ISO 178,V008940,confirms,2900 MPa,high,reader-r1-24-b,value sits in the Injection column; FDM H cell blank
R-3DJAKE-3DJAKE-ASAx-CF-Technical-Data,1,value,Izod impact strength,G033-15,ASAx CF,Izod Impact strength notched (FDM H),"2,6",2.6,,kJ/m²,=,,FDM H,,,ISO 180,notch=notched,Material properties,"Izod Impact strength notched 2,6 7,1 kJ/m² ISO 180",V011647,confirms,"2,6 kJ/m²",high,reader-r1-24-b,decimal comma
R-3DJAKE-3DJAKE-ASAx-CF-Technical-Data,1,value,Izod impact strength,G033-15,ASAx CF,Izod Impact strength notched (Injection),"7,1",7.1,,kJ/m²,=,,Injection,,,ISO 180,notch=notched,Material properties,"Izod Impact strength notched 2,6 7,1 kJ/m² ISO 180",V011648,confirms,"7,1 kJ/m²",high,reader-r1-24-b,decimal comma
R-3DJAKE-3DJAKE-ASAx-CF-Technical-Data,1,value,Izod impact strength,G033-15,ASAx CF,Izod Impact strength unnotched (FDM H),12,12,,kJ/m²,=,,FDM H,,,ISO 180,notch=unnotched,Material properties,Izod Impact strength unnotched 12 33 kJ/m² ISO 180,V011649,confirms,12 kJ/m²,high,reader-r1-24-b,
R-3DJAKE-3DJAKE-ASAx-CF-Technical-Data,1,value,Izod impact strength,G033-15,ASAx CF,Izod Impact strength unnotched (Injection),33,33,,kJ/m²,=,,Injection,,,ISO 180,notch=unnotched,Material properties,Izod Impact strength unnotched 12 33 kJ/m² ISO 180,V011650,confirms,33 kJ/m²,high,reader-r1-24-b,
R-3DJAKE-3DJAKE-ASAx-CF-Technical-Data,1,value,HDT,G033-15,ASAx CF,HDT A (Injection),104,104,,°C,=,,Injection,,,ISO 75,method=A,Material properties,HDT A 104 °C ISO 75,V008941,confirms,104 °C,high,reader-r1-24-b,value in the Injection column; method letter A is in the label
R-3DJAKE-3DJAKE-ASAx-CF-Technical-Data,1,value,Density,G033-15,ASAx CF,Density (Injection),"1,07",1.07,,g/cm³,=,,Injection,,,ISO 1183,,Material properties,"Density 1,07 g/cm³ ISO 1183",V008942,confirms,"1,07 g/cm³",high,reader-r1-24-b,value in the Injection column
R-3DJAKE-3DJAKE-ASAx-CF-Technical-Data,1,setting,nozzle,G033-15,ASAx CF,Print temperature,280°C ± 10,280,,°C,,,,,,,,Print settings,Print temperature 280°C ± 10,P0846,confirms,280°C ± 10,high,reader-r1-24-b,
R-3DJAKE-3DJAKE-ASAx-CF-Technical-Data,1,setting,bed,G033-15,ASAx CF,Bed temp,110°C ± 10,110,,°C,,,,,,,,Print settings,Bed temp 110°C ± 10,P0846,confirms,110°C ± 10,high,reader-r1-24-b,
R-3DJAKE-3DJAKE-ASAx-CF-Technical-Data,1,setting,plate,G033-15,ASAx CF,Printing Surface,textured PEI sheet,,,,,,,,,,,Print settings,Printing Surface textured PEI sheet,P0846,confirms,textured PEI sheet,high,reader-r1-24-b,
R-3DJAKE-3DJAKE-ASAx-CF-Technical-Data,1,setting,fan,G033-15,ASAx CF,Fan Speed,max. 15%,15,,%,<,,,,,,,Print settings,Fan Speed max. 15%,,new,,high,reader-r1-24-b,"""max."" read as an upper bound"
R-3DJAKE-3DJAKE-ASAx-CF-Technical-Data,1,setting,hardened_nozzle,G033-15,ASAx CF,Nozzle,hardened,,,,,,,,,,,Print settings,Nozzle hardened,P0846,confirms,TRUE,high,reader-r1-24-b,
R-3DJAKE-3DJAKE-ASAx-CF-Technical-Data,1,setting,drying,G033-15,ASAx CF,Storage and drying,Pre-dry material for 3-6 hours at 60 - 70°C (max.).,60,70,°C,,,,,,,hours=3-6,Storage and drying,Pre-dry material for 3-6 hours at 60 - 70°C (max.).,P0846,confirms,Pre-dry material for 3-6 hours at 60 - 70°C (max.).,high,reader-r1-24-b,
R-3DJAKE-3DJAKE-ASAx-CF-Technical-Data,1,setting,other,G033-15,ASAx CF,Storage and drying,Store between 18 to 25 °C in a dry area away from sunlight.,18,25,°C,,,,,,,,Storage and drying,Store between 18 to 25 °C in a dry area away from sunlight.,,new,,high,reader-r1-24-b,storage temperature
R-3DJAKE-3DJAKE-ASAx-CF-Technical-Data,1,none,,,,,,,,,,,,,,,,Disclaimer,Carbon footprint and disclaimer text,,new,,high,reader-r1-24-b,carbon footprint (60 % CO2 equivalents saved) and disclaimer; no property values or settings
R-3DJAKE-3DJAKE-c9047f-230cb5f262c040bb8f570d174a23b353,1,identity,polymer,G037-09,PCx CF,PCx CF,10% carbon fiber reinforced modified polymer-blend based on PC (Polycarbonate),,,,,,,,,,,,Nobufil PCx CF is a sustainable 10% carbon fiber reinforced modified polymer-blend based on PC | (Polycarbonate) made from recycled industrial waste sourced in Europe.,,new,,high,reader-r1-24-b,
R-3DJAKE-3DJAKE-c9047f-230cb5f262c040bb8f570d174a23b353,1,identity,filler,G037-09,PCx CF,PCx CF,10% carbon fiber,10,,%,,,,,,,,,10% carbon fiber reinforced modified polymer-blend based on PC,,new,,high,reader-r1-24-b,
R-3DJAKE-3DJAKE-c9047f-230cb5f262c040bb8f570d174a23b353,1,context,all,,,Properties column headings,,,,,,,,,,,,Material properties,Properties FDM H Injection Method,,new,,medium,reader-r1-24-b,"two value columns: ""FDM H"" and ""Injection""; sheet does not explain ""FDM H"""
R-3DJAKE-3DJAKE-c9047f-230cb5f262c040bb8f570d174a23b353,1,value,Tensile strength (endpoint unspecified),G037-09,PCx CF,Tensile strength (FDM H),56,56,,MPa,=,,FDM H,,,ISO 527,,Material properties,Tensile strength 56 68 MPa ISO 527,V011659,confirms,56 MPa,high,reader-r1-24-b,column FDM H; sheet gives no build direction
R-3DJAKE-3DJAKE-c9047f-230cb5f262c040bb8f570d174a23b353,1,value,Tensile strength (endpoint unspecified),G037-09,PCx CF,Tensile strength (Injection),68,68,,MPa,=,,Injection,,,ISO 527,,Material properties,Tensile strength 56 68 MPa ISO 527,V011660,confirms,68 MPa,high,reader-r1-24-b,column Injection
R-3DJAKE-3DJAKE-c9047f-230cb5f262c040bb8f570d174a23b353,1,value,Elongation at break,G037-09,PCx CF,Elongation at break (FDM H),9,9,,%,=,,FDM H,,,ISO 527,,Material properties,Elongation at break 9 11 % ISO 527,V011661,confirms,9 %,high,reader-r1-24-b,column FDM H
R-3DJAKE-3DJAKE-c9047f-230cb5f262c040bb8f570d174a23b353,1,value,Elongation at break,G037-09,PCx CF,Elongation at break (Injection),11,11,,%,=,,Injection,,,ISO 527,,Material properties,Elongation at break 9 11 % ISO 527,V011662,confirms,11 %,high,reader-r1-24-b,column Injection
R-3DJAKE-3DJAKE-c9047f-230cb5f262c040bb8f570d174a23b353,1,value,Flexural strength,G037-09,PCx CF,Flexural strength (Injection),95,95,,MPa,=,,Injection,,,ISO 178,,Material properties,Flexural strength 95 MPa ISO 178,V009007,confirms,95 MPa,high,reader-r1-24-b,value sits in the Injection column; FDM H cell blank
R-3DJAKE-3DJAKE-c9047f-230cb5f262c040bb8f570d174a23b353,1,value,Flexural modulus,G037-09,PCx CF,Flexural modulus (Injection),3500,3500,,MPa,=,,Injection,,,ISO 178,,Material properties,Flexural modulus 3500 MPa ISO 178,V009008,confirms,3500 MPa,high,reader-r1-24-b,value sits in the Injection column; FDM H cell blank
R-3DJAKE-3DJAKE-c9047f-230cb5f262c040bb8f570d174a23b353,1,value,Izod impact strength,G037-09,PCx CF,Izod Impact strength notched (FDM H),5,5,,kJ/m²,=,,FDM H,,,ISO 180,notch=notched,Material properties,"Izod Impact strength notched 5 4,5 kJ/m² ISO 180",V011663,confirms,5 kJ/m²,high,reader-r1-24-b,
R-3DJAKE-3DJAKE-c9047f-230cb5f262c040bb8f570d174a23b353,1,value,Izod impact strength,G037-09,PCx CF,Izod Impact strength notched (Injection),"4,5",4.5,,kJ/m²,=,,Injection,,,ISO 180,notch=notched,Material properties,"Izod Impact strength notched 5 4,5 kJ/m² ISO 180",V011664,confirms,"4,5 kJ/m²",high,reader-r1-24-b,decimal comma
R-3DJAKE-3DJAKE-c9047f-230cb5f262c040bb8f570d174a23b353,1,value,Izod impact strength,G037-09,PCx CF,Izod Impact strength unnotched (FDM H),30,30,,kJ/m²,=,,FDM H,,,ISO 180,notch=unnotched,Material properties,Izod Impact strength unnotched 30 70 kJ/m² ISO 180,V011665,confirms,30 kJ/m²,high,reader-r1-24-b,
R-3DJAKE-3DJAKE-c9047f-230cb5f262c040bb8f570d174a23b353,1,value,Izod impact strength,G037-09,PCx CF,Izod Impact strength unnotched (Injection),70,70,,kJ/m²,=,,Injection,,,ISO 180,notch=unnotched,Material properties,Izod Impact strength unnotched 30 70 kJ/m² ISO 180,V011666,confirms,70 kJ/m²,high,reader-r1-24-b,
R-3DJAKE-3DJAKE-c9047f-230cb5f262c040bb8f570d174a23b353,1,value,HDT,G037-09,PCx CF,HDT A (Injection),113,113,,°C,=,,Injection,,,ISO 75,method=A,Material properties,HDT A 113 °C ISO 75,V009009,confirms,113 °C,high,reader-r1-24-b,value in the Injection column; method letter A is in the label
R-3DJAKE-3DJAKE-c9047f-230cb5f262c040bb8f570d174a23b353,1,value,Density,G037-09,PCx CF,Density (Injection),"1,23",1.23,,g/cm³,=,,Injection,,,ISO 1183,,Material properties,"Density 1,23 g/cm³ ISO 1183",V009010,confirms,"1,23 g/cm³",high,reader-r1-24-b,value in the Injection column
R-3DJAKE-3DJAKE-c9047f-230cb5f262c040bb8f570d174a23b353,1,setting,nozzle,G037-09,PCx CF,Print temperature,285°C ± 10,285,,°C,,,,,,,,Print settings,Print temperature 285°C ± 10,P0856,confirms,285°C ± 10,high,reader-r1-24-b,
R-3DJAKE-3DJAKE-c9047f-230cb5f262c040bb8f570d174a23b353,1,setting,bed,G037-09,PCx CF,Bed temp,110°C ± 10,110,,°C,,,,,,,,Print settings,Bed temp 110°C ± 10,P0856,confirms,110°C ± 10,high,reader-r1-24-b,
R-3DJAKE-3DJAKE-c9047f-230cb5f262c040bb8f570d174a23b353,1,setting,plate,G037-09,PCx CF,Printing Surface,textured PEI sheet,,,,,,,,,,,Print settings,Printing Surface textured PEI sheet,P0856,confirms,textured PEI sheet,high,reader-r1-24-b,
R-3DJAKE-3DJAKE-c9047f-230cb5f262c040bb8f570d174a23b353,1,setting,fan,G037-09,PCx CF,Fan Speed,max. 60%,60,,%,<,,,,,,,Print settings,Fan Speed max. 60%,,new,,high,reader-r1-24-b,"""max."" read as an upper bound"
R-3DJAKE-3DJAKE-c9047f-230cb5f262c040bb8f570d174a23b353,1,setting,hardened_nozzle,G037-09,PCx CF,Nozzle,hardened,,,,,,,,,,,Print settings,Nozzle hardened,P0856,confirms,TRUE,high,reader-r1-24-b,
R-3DJAKE-3DJAKE-c9047f-230cb5f262c040bb8f570d174a23b353,1,setting,drying,G037-09,PCx CF,Storage and drying,"Pre-dry material for 4-6 hours at 80°C (max.), 6-8 hours at 70°C or 10-12 hours at 60°C.",80,,°C,,,,,,,hours=4-6,Storage and drying,"Pre-dry material for 4-6 hours at 80°C (max.), 6-8 hours at 70°C or 10-12 hours at 60°C.",P0856,confirms,"Pre-dry material for 4-6 hours at 80°C (max.), 6-8 hours at 70°C or 10-12 hours at 60°C.",high,reader-r1-24-b,first of three alternatives in one sentence: 80°C 4-6 h (max.)
R-3DJAKE-3DJAKE-c9047f-230cb5f262c040bb8f570d174a23b353,1,setting,drying,G037-09,PCx CF,Storage and drying,6-8 hours at 70°C,70,,°C,,,,,,,hours=6-8,Storage and drying,"Pre-dry material for 4-6 hours at 80°C (max.), 6-8 hours at 70°C or 10-12 hours at 60°C.",,new,,high,reader-r1-24-b,second alternative of the drying sentence
R-3DJAKE-3DJAKE-c9047f-230cb5f262c040bb8f570d174a23b353,1,setting,drying,G037-09,PCx CF,Storage and drying,10-12 hours at 60°C,60,,°C,,,,,,,hours=10-12,Storage and drying,"Pre-dry material for 4-6 hours at 80°C (max.), 6-8 hours at 70°C or 10-12 hours at 60°C.",,new,,high,reader-r1-24-b,third alternative of the drying sentence
R-3DJAKE-3DJAKE-c9047f-230cb5f262c040bb8f570d174a23b353,1,setting,other,G037-09,PCx CF,Storage and drying,Store between 18 to 25 °C in a dry area away from sunlight.,18,25,°C,,,,,,,,Storage and drying,Store between 18 to 25 °C in a dry area away from sunlight.,,new,,high,reader-r1-24-b,storage temperature
R-3DJAKE-3DJAKE-c9047f-230cb5f262c040bb8f570d174a23b353,1,none,,,,,,,,,,,,,,,,Disclaimer,Carbon footprint and disclaimer text,,new,,high,reader-r1-24-b,carbon footprint (60 % CO2 equivalents saved) and disclaimer; no property values or settings
R-3DJAKE-3DJAKE-c9047f-87fad94441284d8b9a04976ae0a5e874,1,identity,polymer,G030-09,ABSx ESD,ABSx ESD,"sustainable, modified ABS made from recycled industrial waste",,,,,,,,,,,,"Nobufil ABSx ESD is a sustainable, modified ABS made from recycled industrial waste sourced in",,new,,high,reader-r1-24-b,
R-3DJAKE-3DJAKE-c9047f-87fad94441284d8b9a04976ae0a5e874,1,context,all,,,Properties column headings,,,,,,,,,,,,Material properties,Properties FDM H Injection Method,,new,,medium,reader-r1-24-b,"two value columns: ""FDM H"" and ""Injection""; sheet does not explain ""FDM H"""
R-3DJAKE-3DJAKE-c9047f-87fad94441284d8b9a04976ae0a5e874,1,value,Tensile strength (endpoint unspecified),G030-09,ABSx ESD,Tensile strength (FDM H),28,28,,MPa,=,,FDM H,,,ISO 527,,Material properties,Tensile strength 28 33 MPa ISO 527,V011613,confirms,28 MPa,high,reader-r1-24-b,column FDM H; sheet gives no build direction
R-3DJAKE-3DJAKE-c9047f-87fad94441284d8b9a04976ae0a5e874,1,value,Tensile strength (endpoint unspecified),G030-09,ABSx ESD,Tensile strength (Injection),33,33,,MPa,=,,Injection,,,ISO 527,,Material properties,Tensile strength 28 33 MPa ISO 527,V011614,confirms,33 MPa,high,reader-r1-24-b,column Injection
R-3DJAKE-3DJAKE-c9047f-87fad94441284d8b9a04976ae0a5e874,1,value,Elongation at break,G030-09,ABSx ESD,Elongation at break (FDM H),8,8,,%,=,,FDM H,,,ISO 527,,Material properties,Elongation at break 8 95 % ISO 527,V011615,confirms,8 %,high,reader-r1-24-b,column FDM H
R-3DJAKE-3DJAKE-c9047f-87fad94441284d8b9a04976ae0a5e874,1,value,Elongation at break,G030-09,ABSx ESD,Elongation at break (Injection),95,95,,%,=,,Injection,,,ISO 527,,Material properties,Elongation at break 8 95 % ISO 527,V011616,confirms,95 %,high,reader-r1-24-b,column Injection
R-3DJAKE-3DJAKE-c9047f-87fad94441284d8b9a04976ae0a5e874,1,value,Flexural strength,G030-09,ABSx ESD,Flexural strength (Injection),57,57,,MPa,=,,Injection,,,ISO 178,,Material properties,Flexural strength 57 MPa ISO 178,V008831,confirms,57 MPa,high,reader-r1-24-b,value sits in the Injection column; FDM H cell blank
R-3DJAKE-3DJAKE-c9047f-87fad94441284d8b9a04976ae0a5e874,1,value,Flexural modulus,G030-09,ABSx ESD,Flexural modulus (Injection),1790,1790,,MPa,=,,Injection,,,ISO 178,,Material properties,Flexural modulus 1790 MPa ISO 178,V008832,confirms,1790 MPa,high,reader-r1-24-b,value sits in the Injection column; FDM H cell blank
R-3DJAKE-3DJAKE-c9047f-87fad94441284d8b9a04976ae0a5e874,1,value,Izod impact strength,G030-09,ABSx ESD,Izod Impact strength notched (FDM H),4,4,,kJ/m²,=,,FDM H,,,ISO 180,notch=notched,Material properties,"Izod Impact strength notched 4 6,5 kJ/m² ISO 180",V011617,confirms,4 kJ/m²,high,reader-r1-24-b,
R-3DJAKE-3DJAKE-c9047f-87fad94441284d8b9a04976ae0a5e874,1,value,Izod impact strength,G030-09,ABSx ESD,Izod Impact strength notched (Injection),"6,5",6.5,,kJ/m²,=,,Injection,,,ISO 180,notch=notched,Material properties,"Izod Impact strength notched 4 6,5 kJ/m² ISO 180",V011618,confirms,"6,5 kJ/m²",high,reader-r1-24-b,decimal comma
R-3DJAKE-3DJAKE-c9047f-87fad94441284d8b9a04976ae0a5e874,1,value,Izod impact strength,G030-09,ABSx ESD,Izod Impact strength unnotched (FDM H),24,24,,kJ/m²,=,,FDM H,,,ISO 180,notch=unnotched,Material properties,Izod Impact strength unnotched 24 n. B. kJ/m² ISO 180,V011619,confirms,24 kJ/m²,high,reader-r1-24-b,
R-3DJAKE-3DJAKE-c9047f-87fad94441284d8b9a04976ae0a5e874,1,value,Izod impact strength,G030-09,ABSx ESD,Izod Impact strength unnotched (Injection),n. B.,,,kJ/m²,,,Injection,,,ISO 180,notch=unnotched,Material properties,Izod Impact strength unnotched 24 n. B. kJ/m² ISO 180,,new,,high,reader-r1-24-b,"no number printed; ""n. B."" (German nicht gebrochen = not broken) is the sheet's own text; no held row"
R-3DJAKE-3DJAKE-c9047f-87fad94441284d8b9a04976ae0a5e874,1,value,HDT,G030-09,ABSx ESD,HDT A (Injection),70,70,,°C,=,,Injection,,,ISO 75,method=A,Material properties,HDT A 70 °C ISO 75,V008833,confirms,70 °C,high,reader-r1-24-b,value in the Injection column; method letter A is in the label
R-3DJAKE-3DJAKE-c9047f-87fad94441284d8b9a04976ae0a5e874,1,value,Density,G030-09,ABSx ESD,Density (Injection),"1,07",1.07,,g/cm³,=,,Injection,,,ISO 1183,,Material properties,"Density 1,07 g/cm³ ISO 1183",V008834,confirms,"1,07 g/cm³",high,reader-r1-24-b,value in the Injection column
R-3DJAKE-3DJAKE-c9047f-87fad94441284d8b9a04976ae0a5e874,1,value,Surface resistivity,G030-09,ABSx ESD,Surface resistivity (Injection),10^7 - 10^9 Ω,,,Ω,,,Injection,,,internal,,Material properties,Surface resistivity 10^7 - 10^9 Ω internal,V008835,confirms,10^7-10^9 Ω,high,reader-r1-24-b,"power of ten range left out of the number columns; method printed is ""internal"" (held Standard / load shows ""10^"")"
R-3DJAKE-3DJAKE-c9047f-87fad94441284d8b9a04976ae0a5e874,1,setting,nozzle,G030-09,ABSx ESD,Print temperature,260°C ± 10,260,,°C,,,,,,,,Print settings,Print temperature 260°C ± 10,P0829,confirms,260°C ± 10,high,reader-r1-24-b,
R-3DJAKE-3DJAKE-c9047f-87fad94441284d8b9a04976ae0a5e874,1,setting,bed,G030-09,ABSx ESD,Bed temp,100°C ± 10,100,,°C,,,,,,,,Print settings,Bed temp 100°C ± 10,P0829,confirms,100°C ± 10,high,reader-r1-24-b,
R-3DJAKE-3DJAKE-c9047f-87fad94441284d8b9a04976ae0a5e874,1,setting,plate,G030-09,ABSx ESD,Printing Surface,textured PEI sheet,,,,,,,,,,,Print settings,Printing Surface textured PEI sheet,P0829,confirms,textured PEI sheet,high,reader-r1-24-b,
R-3DJAKE-3DJAKE-c9047f-87fad94441284d8b9a04976ae0a5e874,1,setting,fan,G030-09,ABSx ESD,Fan Speed,max. 15%,15,,%,<,,,,,,,Print settings,Fan Speed max. 15%,,new,,high,reader-r1-24-b,"""max."" read as an upper bound"
R-3DJAKE-3DJAKE-c9047f-87fad94441284d8b9a04976ae0a5e874,1,setting,other,G030-09,ABSx ESD,Hotend (recommendation),full metal,,,,,,,,,,,Print settings,Hotend (recommendation) full metal,,new,,high,reader-r1-24-b,
R-3DJAKE-3DJAKE-c9047f-87fad94441284d8b9a04976ae0a5e874,1,setting,drying,G030-09,ABSx ESD,Storage and drying,Pre-dry material for 3-6 hours at 60 - 70°C (max.).,60,70,°C,,,,,,,hours=3-6,Storage and drying,Pre-dry material for 3-6 hours at 60 - 70°C (max.).,P0829,confirms,Pre-dry material for 3-6 hours at 60 - 70°C (max.).,high,reader-r1-24-b,
R-3DJAKE-3DJAKE-c9047f-87fad94441284d8b9a04976ae0a5e874,1,setting,other,G030-09,ABSx ESD,Storage and drying,Store between 18 to 25 °C in a dry area away from sunlight.,18,25,°C,,,,,,,,Storage and drying,Store between 18 to 25 °C in a dry area away from sunlight.,,new,,high,reader-r1-24-b,storage temperature
R-3DJAKE-3DJAKE-c9047f-87fad94441284d8b9a04976ae0a5e874,1,none,,,,,,,,,,,,,,,,Disclaimer,Carbon footprint and disclaimer text,,new,,high,reader-r1-24-b,carbon footprint (60 % CO2 equivalents saved) and disclaimer; no property values or settings
