source_id,page,kind,field,grade_id,product,label,raw,number_lo,number_hi,unit,operator,direction,specimen,moisture,post_processing,standard,test_conditions,table_heading,quote,held_id,verdict,held_value,confidence,reader,note
R-3D-FUEL-3D-Fuel-Pro-PETG-9-22-25,1,identity,polymer,G020-36,Pro PETG,Product description,co-polyester 3D printing filament,,,,,,,,,,,Product description,3D-Fuel Pro PETG is a co-polyester 3D printing filament,,new,,high,reader-r1-23,
R-3D-FUEL-3D-Fuel-Pro-PETG-9-22-25,1,identity,grade,G020-36,Pro PETG,,3D-Fuel Pro PETG,,,,,,,,,,,,3D-Fuel Pro PETG,,new,,high,reader-r1-23,
R-3D-FUEL-3D-Fuel-Pro-PETG-9-22-25,2,context,all,,Pro PETG,ASTM Method,ASTM Method,,,,,,,,,ASTM,,Product Information,ASTM Method | Product Information,,new,,high,reader-r1-23,heading of ASTM-method table
R-3D-FUEL-3D-Fuel-Pro-PETG-9-22-25,2,value,Density,G020-36,Pro PETG,Specific Gravity,1.27,1.27,,,=,,,,,ASTM D792,,Product Information,Specific Gravity ASTM D792 - 1.27,,new,,high,reader-r1-23,"unit column prints ""-"" (dimensionless specific gravity)"
R-3D-FUEL-3D-Fuel-Pro-PETG-9-22-25,2,value,Mould shrinkage,G020-36,Pro PETG,Mold Shrinkage,0.2 - 0.5 %,0.2,0.5,%,=,,,,,ASTM D955,,Product Information,Mold Shrinkage ASTM D955 % 0.2 - 0.5,V007290,confirms,0.2-0.5 %,high,reader-r1-23,
R-3D-FUEL-3D-Fuel-Pro-PETG-9-22-25,2,value,Hardness,G020-36,Pro PETG,Rockwell Hardness,108 R-scale,108,,R-scale,=,,,,,ASTM D785,,Product Information,Rockwell Hardness ASTM D785 R-scale 108,V007291,confirms,108 Rockwell R,high,reader-r1-23,
R-3D-FUEL-3D-Fuel-Pro-PETG-9-22-25,2,value,Tensile yield strength,G020-36,Pro PETG,Tensile Strength @ Yield,455 Kgf/cm2,455,,Kgf/cm2,=,,,,,ASTM D638,,Product Information,Tensile Strength @ Yield ASTM D638 Kgf/cm2 455,V007292,confirms,455 Kgf/cm2,high,reader-r1-23,
R-3D-FUEL-3D-Fuel-Pro-PETG-9-22-25,2,value,Tensile break strength,G020-36,Pro PETG,Tensile Strength @ Break,300 Kgf/cm2,300,,Kgf/cm2,=,,,,,ASTM D638,,Product Information,Tensile Strength @ Break ASTM D638 Kgf/cm2 300,V007293,confirms,300 Kgf/cm2,high,reader-r1-23,
R-3D-FUEL-3D-Fuel-Pro-PETG-9-22-25,2,value,Elongation at yield,G020-36,Pro PETG,Elongation @ Yield,4.5 %,4.5,,%,=,,,,,ASTM D638,,Product Information,Elongation @ Yield ASTM D638 % 4.5,V007294,confirms,4.5 %,high,reader-r1-23,
R-3D-FUEL-3D-Fuel-Pro-PETG-9-22-25,2,value,Elongation at break,G020-36,Pro PETG,Elongation @ Break,250 %,250,,%,=,,,,,ASTM D638,,Product Information,Elongation @ Break ASTM D638 % 250,V007295,confirms,250 %,high,reader-r1-23,
R-3D-FUEL-3D-Fuel-Pro-PETG-9-22-25,2,value,Flexural strength,G020-36,Pro PETG,Flexural Strength,755 Kgf/cm2,755,,Kgf/cm2,=,,,,,ASTM D790,,Product Information,Flexural Strength ASTM D790 Kgf/cm2 755,V007296,confirms,755 Kgf/cm2,high,reader-r1-23,
R-3D-FUEL-3D-Fuel-Pro-PETG-9-22-25,2,value,Flexural modulus,G020-36,Pro PETG,Flexural Modulus,"22,000 Kgf/cm2",22000,,Kgf/cm2,=,,,,,ASTM D790,,Product Information,"Flexural Modulus ASTM D790 Kgf/cm2 22,000",V007297,confirms,"22,000 Kgf/cm2",high,reader-r1-23,
R-3D-FUEL-3D-Fuel-Pro-PETG-9-22-25,2,value,Izod impact strength,G020-36,Pro PETG,Izod Impact Strength Notched @ 23 °C,105 J/m,105,,J/m,=,,,,,ASTM D256,temp=23 °C; notched,Product Information,Izod Impact Strength Notched @ 23 °C ASTM D256 J/m 105,V007298,confirms,105 J/m,high,reader-r1-23,
R-3D-FUEL-3D-Fuel-Pro-PETG-9-22-25,2,value,HDT,G020-36,Pro PETG,Heat Distortion Temperature @0.455 MPa/@ 1.82 MPa,70 / 62 °C,70,,°C,=,,,,,ASTM D648,load=0.455 MPa,Product Information,Heat Distortion Temperature @0.455 MPa/@ 1.82 MPa ASTM D648 °C 70 / 62,V007299,confirms,70 °C,high,reader-r1-23,first value of the pair (0.455 MPa)
R-3D-FUEL-3D-Fuel-Pro-PETG-9-22-25,2,value,HDT,G020-36,Pro PETG,Heat Distortion Temperature @0.455 MPa/@ 1.82 MPa,70 / 62 °C,62,,°C,=,,,,,ASTM D648,load=1.82 MPa,Product Information,Heat Distortion Temperature @0.455 MPa/@ 1.82 MPa ASTM D648 °C 70 / 62,,new,,high,reader-r1-23,second value of the pair (1.82 MPa)
R-3D-FUEL-3D-Fuel-Pro-PETG-9-22-25,2,value,unmapped:Haze,G020-36,Pro PETG,Haze,<1.0 %,1.0,,%,<,,,,,ASTM D1003,,Product Information,Haze ASTM D1003 % <1.0,,new,,high,reader-r1-23,
R-3D-FUEL-3D-Fuel-Pro-PETG-9-22-25,2,value,unmapped:Transmittance,G020-36,Pro PETG,Transmittance,90 %,90,,%,=,,,,,ASTM D1003,,Product Information,Transmittance ASTM D1003 % 90,,new,,high,reader-r1-23,
R-3D-FUEL-3D-Fuel-Pro-PETG-9-22-25,3,context,all,,Pro PETG,ISO Method,ISO Method,,,,,,,,,ISO,,Product Information,ISO Method | Product Information,,new,,high,reader-r1-23,heading of ISO-method table; density/shrinkage/hardness rows still cite ASTM
R-3D-FUEL-3D-Fuel-Pro-PETG-9-22-25,3,value,Density,G020-36,Pro PETG,Specific Gravity,1.27,1.27,,,=,,,,,ASTM D792,,Product Information,Specific Gravity ASTM D792 - 1.27,,new,,high,reader-r1-23,"unit column prints ""-"""
R-3D-FUEL-3D-Fuel-Pro-PETG-9-22-25,3,value,Mould shrinkage,G020-36,Pro PETG,Mold Shrinkage,0.2 - 0.5 %,0.2,0.5,%,=,,,,,ASTM D955,,Product Information,Mold Shrinkage ASTM D955 % 0.2 - 0.5,V007300,confirms,0.2-0.5 %,high,reader-r1-23,
R-3D-FUEL-3D-Fuel-Pro-PETG-9-22-25,3,value,Hardness,G020-36,Pro PETG,Rockwell Hardness,108 R-scale,108,,R-scale,=,,,,,ASTM D785,,Product Information,Rockwell Hardness ASTM D785 R-scale 108,V007301,confirms,108 Rockwell R,high,reader-r1-23,
R-3D-FUEL-3D-Fuel-Pro-PETG-9-22-25,3,value,Tensile yield strength,G020-36,Pro PETG,Tensile Strength @ Yield,49 MPa,49,,MPa,=,,,,,ISO 527,,Product Information,Tensile Strength @ Yield ISO 527 MPa 49,V007302,confirms,49 MPa,high,reader-r1-23,
R-3D-FUEL-3D-Fuel-Pro-PETG-9-22-25,3,value,Tensile break strength,G020-36,Pro PETG,Tensile Strength @ Break,30 MPa,30,,MPa,=,,,,,ISO 527,,Product Information,Tensile Strength @ Break ISO 527 MPa 30,V007303,confirms,30 MPa,high,reader-r1-23,
R-3D-FUEL-3D-Fuel-Pro-PETG-9-22-25,3,value,Elongation at yield,G020-36,Pro PETG,Elongation @ Yield,4.1 %,4.1,,%,=,,,,,ISO 527,,Product Information,Elongation @ Yield ISO 527 % 4.1,V007304,confirms,4.1 %,high,reader-r1-23,
R-3D-FUEL-3D-Fuel-Pro-PETG-9-22-25,3,value,Elongation at break,G020-36,Pro PETG,Elongation @ Break,240 %,240,,%,=,,,,,ISO 527,,Product Information,Elongation @ Break ISO 527 % 240,V007305,confirms,240 %,high,reader-r1-23,
R-3D-FUEL-3D-Fuel-Pro-PETG-9-22-25,3,value,Flexural strength,G020-36,Pro PETG,Flexural Strength,64 MPa,64,,MPa,=,,,,,ISO 178,,Product Information,Flexural Strength ISO 178 MPa 64,V007306,confirms,64 MPa,high,reader-r1-23,
R-3D-FUEL-3D-Fuel-Pro-PETG-9-22-25,3,value,Flexural modulus,G020-36,Pro PETG,Flexural Modulus,"1,800 MPa",1800,,MPa,=,,,,,ISO 178,,Product Information,"Flexural Modulus ISO 178 MPa 1,800",V007307,confirms,"1,800 MPa",high,reader-r1-23,
R-3D-FUEL-3D-Fuel-Pro-PETG-9-22-25,3,value,Izod impact strength,G020-36,Pro PETG,Izod Impact Strength Notched @ 23 °C,7.3 KJ/m2,7.3,,KJ/m2,=,,,,,ISO 180,temp=23 °C; notched,Product Information,Izod Impact Strength Notched @ 23 °C ISO 180 KJ/m2 7.3,V007308,confirms,7.3 KJ/m2,high,reader-r1-23,page states Notched; held Notch is Not published
R-3D-FUEL-3D-Fuel-Pro-PETG-9-22-25,3,value,HDT,G020-36,Pro PETG,Heat Distortion Temperature @0.455 MPa/@ 1.82 MPa,72 / 62 °C,72,,°C,=,,,,,ISO 75,load=0.455 MPa,Product Information,Heat Distortion Temperature @0.455 MPa/@ 1.82 MPa ISO 75 °C 72 / 62,V007309,confirms,72 °C,high,reader-r1-23,first value of the pair (0.455 MPa)
R-3D-FUEL-3D-Fuel-Pro-PETG-9-22-25,3,value,HDT,G020-36,Pro PETG,Heat Distortion Temperature @0.455 MPa/@ 1.82 MPa,72 / 62 °C,62,,°C,=,,,,,ISO 75,load=1.82 MPa,Product Information,Heat Distortion Temperature @0.455 MPa/@ 1.82 MPa ISO 75 °C 72 / 62,,new,,high,reader-r1-23,second value of the pair (1.82 MPa)
R-3D-FUEL-3D-Fuel-Pro-PETG-9-22-25,3,value,unmapped:Haze,G020-36,Pro PETG,Haze,<1.0 %,1.0,,%,<,,,,,ASTM D1003,,Product Information,Haze ASTM D1003 % <1.0,,new,,high,reader-r1-23,
R-3D-FUEL-3D-Fuel-Pro-PETG-9-22-25,3,value,unmapped:Transmittance,G020-36,Pro PETG,Transmittance,90 %,90,,%,=,,,,,ASTM D1003,,Product Information,Transmittance ASTM D1003 % 90,,new,,high,reader-r1-23,
R-3D-FUEL-TDS-3DFuel-PETG,1,identity,polymer,G020-31,PETG,General Information,high quality PETG,,,,,,,,,,,General Information,3D-Fuel PETG Filament is produced | from high quality PETG,,new,,high,reader-r1-23,
R-3D-FUEL-TDS-3DFuel-PETG,1,identity,other,G020-31,PETG,Product Description,glycol modified polyethylene terephthalate (PET) with CHDM; amorphous,,,,,,,,,,,Product Description,3D-Fuel PETG Filament is a glycol modified polyethylene terephthalate (PET).,,new,,high,reader-r1-23,
R-3D-FUEL-TDS-3DFuel-PETG,1,setting,nozzle,G020-31,PETG,Print nozzle temp,245 - 265C,245,265,°C,,,,,,,,Printing Information,Print nozzle temp: 245 - 265C (Our PETG,P0643,confirms,245 - 265C,high,reader-r1-23,unit printed as C without degree sign
R-3D-FUEL-TDS-3DFuel-PETG,1,setting,bed,G020-31,PETG,Heated Bed temp,70 - 90C,70,90,°C,,,,,,,,Printing Information,Heated Bed temp: 70 - 90C,P0643,confirms,70 - 90C,high,reader-r1-23,
R-3D-FUEL-TDS-3DFuel-PETG,1,setting,drying,G020-31,PETG,Drying Temperature,71 °C (160 °F),71,,°C,,,,,,,hours=4-6,Typical Processing Conditions,Drying Temperature 71 °C (160 °F) | Drying Time 4-6 hrs,P0643,confirms,71 °C (160 °F); Drying Time 4-6 hrs,high,reader-r1-23,held Drying hours is 6; page prints 4-6 hrs
R-3D-FUEL-TDS-3DFuel-PETG,1,setting,drying,G020-31,PETG,Drying Time,4-6 hrs,4,6,h,,,,,,,,Typical Processing Conditions,Drying Time 4-6 hrs,,new,,high,reader-r1-23,hours of the drying row above
R-3D-FUEL-TDS-3DFuel-PETG,1,setting,other,G020-31,PETG,Processing Melt Temperature,249-271 °C (480-520 °F),249,271,°C,,,,,,,,Typical Processing Conditions,Processing Melt Temperature 249-271 °C (480-520 °F),,new,,high,reader-r1-23,resin melt temperature in the resin table (not the print nozzle recommendation)
R-3D-FUEL-TDS-3DFuel-PETG,1,setting,other,G020-31,PETG,Mold Temperature,16-38 °C (60-100 °F),16,38,°C,,,,,,,,Typical Processing Conditions,Mold Temperature 16-38 °C (60-100 °F),,new,,high,reader-r1-23,
R-3D-FUEL-TDS-3DFuel-PETG,1,context,all,,PETG,Footnote 1,"Unless noted otherwise, all tests are run at 23°C (73°F) and 50% relative humidity.",,,,,,,23°C (73°F) and 50% relative humidity,,,,Resin Typical Material Properties,"1Unless noted otherwise, all tests are run at 23°C (73°F) and 50% relative humidity.",,new,,high,reader-r1-23,table is headed Resin Typical Material Properties
R-3D-FUEL-TDS-3DFuel-PETG,1,context,all,,PETG,Footnote 2,"Unless noted otherwise, the test method is ASTM.",,,,,,,,,ASTM,,Resin Typical Material Properties,"2Unless noted otherwise, the test method is ASTM.",,new,,high,reader-r1-23,
R-3D-FUEL-TDS-3DFuel-PETG,1,value,Density,G020-31,PETG,Specific Gravity,1.28,1.28,,,=,,,,,D792,,General Properties,Specific Gravity D792 1.28,,new,,high,reader-r1-23,
R-3D-FUEL-TDS-3DFuel-PETG,1,value,Mould shrinkage,G020-31,PETG,"Mold Shrinkage Parallel to Flow, 3.2-mm (0.125-in.) thickness",0.002 mm/mm (0.002 in./in.),0.002,,mm/mm,=,,,,,D955,thickness=3.2 mm; parallel to flow,General Properties,"Parallel to Flow, 3.2-mm (0.125-in.) thickness 0.002 mm/mm (0.002 in./in.) | D955",,new,,high,reader-r1-23,
R-3D-FUEL-TDS-3DFuel-PETG,1,value,Mould shrinkage,G020-31,PETG,"Mold Shrinkage Parallel to Flow, 1.6-mm (0.0625-in.) thickness",0.005 mm/mm (0.005 in./in.),0.005,,mm/mm,=,,,,,D955,thickness=1.6 mm; parallel to flow,General Properties,"Parallel to Flow, 1.6-mm (0.0625-in.) thickness 0.005 mm/mm (0.005 in./in.) | D955",,new,,high,reader-r1-23,
R-3D-FUEL-TDS-3DFuel-PETG,1,value,Water absorption,G020-31,PETG,"Water Absorption, 24 hr immersion",.13 %,0.13,,%,=,,,,,D570,immersion=24 hr,General Properties,"Water Absorption, 24 hr immersion D570 .13 %",V007013,confirms,.13 %,high,reader-r1-23,"printed "".13""; number_lo written 0.13"
R-3D-FUEL-TDS-3DFuel-PETG,1,value,Tensile break strength,G020-31,PETG,Tensile Strength @ Break,25 MPa (3600 psi),25,,MPa,=,,,,,D638,,Mechanical Properties,Tensile Strength @ Break D638 25 MPa (3600 psi),V007014,confirms,25 MPa,high,reader-r1-23,
R-3D-FUEL-TDS-3DFuel-PETG,1,value,Elongation at break,G020-31,PETG,Elongation @ Break,30%,30,,%,=,,,,,D638,,Mechanical Properties,Elongation @ Break D638 30%,V007015,confirms,30 %,high,reader-r1-23,
R-3D-FUEL-TDS-3DFuel-PETG,1,value,Flexural strength,G020-31,PETG,Flexural Strength,75 MPa (10900 psi),75,,MPa,=,,,,,D790,,Mechanical Properties,Flexural Strength D790 75 MPa (10900 psi),V007016,confirms,75 MPa,high,reader-r1-23,
R-3D-FUEL-TDS-3DFuel-PETG,1,value,Flexural modulus,G020-31,PETG,Flexural Modulus,2200 MPa (3.2 x 10 psi),2200,,MPa,=,,,,,D790,,Mechanical Properties,Flexural Modulus D790 2200 MPa (3.2 x 10 psi),V007017,confirms,2200 MPa,high,reader-r1-23,psi exponent 5 printed as superscript
R-3D-FUEL-TDS-3DFuel-PETG,1,value,Hardness,G020-31,PETG,"Rockwell Hardness, R Scale",106,106,,R scale,=,,,,,D785,,Mechanical Properties,"Rockwell Hardness, R Scale D785 106",V007018,confirms,106,high,reader-r1-23,
R-3D-FUEL-TDS-3DFuel-PETG,1,value,Izod impact strength,G020-31,PETG,"Izod Impact Strength, Notched @ 23°C (73°F)",69 J/m (1.3 ft·lbf/in.),69,,J/m,=,,,,,D256,temp=23 °C; notched,Mechanical Properties,"Izod Impact Strength, Notched @ 23°C (73°F) 69 J/m (1.3 ft·lbf/in.) D256",V007019,confirms,69 J/m,high,reader-r1-23,
R-3D-FUEL-TDS-3DFuel-PETG,1,value,Izod impact strength,G020-31,PETG,"Izod Impact Strength, Notched @ -40°C (-40°F)",28 J/m (.5 ft·lbf/in.),28,,J/m,=,,,,,D256,temp=-40 °C; notched,Mechanical Properties,"Izod Impact Strength, Notched @ -40°C (-40°F) 28 J/m (.5 ft·lbf/in.) D256",,new,,high,reader-r1-23,
R-3D-FUEL-TDS-3DFuel-PETG,1,value,Izod impact strength,G020-31,PETG,"Impact Strength, Unnotched @ 23°C (73°F)",NB J/m (NB ft·lbf/in.),,,J/m,,,,,,D4812,temp=23 °C; unnotched,Mechanical Properties,"Impact Strength, Unnotched @ 23°C (73°F) NB J/m (NB ft·lbf/in.) D4812",,new,,high,reader-r1-23,NB (no break) printed; no number
R-3D-FUEL-TDS-3DFuel-PETG,1,value,Izod impact strength,G020-31,PETG,"Impact Strength, Unnotched @ -40°C (-40°F)",2600 J/m (50 ft·lbf/in.),2600,,J/m,=,,,,,D4812,temp=-40 °C; unnotched,Mechanical Properties,"Impact Strength, Unnotched @ -40°C (-40°F) 2600 J/m (50 ft·lbf/in.) D4812",,new,,high,reader-r1-23,
R-3D-FUEL-TDS-3DFuel-PETG,1,value,unmapped:Haze,G020-31,PETG,Haze,.3%,0.3,,%,=,,,,,D1003,,Optical Properties,Haze D1003 .3%,,new,,high,reader-r1-23,"printed "".3"""
R-3D-FUEL-TDS-3DFuel-PETG,1,value,unmapped:Total Transmittance,G020-31,PETG,Total Transmittance,90%,90,,%,=,,,,,D1003,,Optical Properties,Total Transmittance D1003 90%,,new,,high,reader-r1-23,
R-3D-FUEL-TDS-3DFuel-PETG,1,value,HDT,G020-31,PETG,Deflection Temperature @ 0.455 MPa (66 psi),67 °C (152 °F),67,,°C,=,,,,,D648,load=0.455 MPa,Thermal Properties,Deflection Temperature @ 0.455 MPa (66 psi) 67 °C (152 °F) D648,V007020,confirms,67 °C,high,reader-r1-23,
R-3D-FUEL-TDS-3DFuel-PETG,1,value,HDT,G020-31,PETG,Deflection Temperature @ 1.82 MPa (264 psi),62 °C (143 °F),62,,°C,=,,,,,D648,load=1.82 MPa,Thermal Properties,Deflection Temperature @ 1.82 MPa (264 psi) 62 °C (143 °F) D648,,new,,high,reader-r1-23,
R-3D-FUEL-TDS-3DFuel-Pro-PLA,1,identity,polymer,G001-93,Pro PLA,General Information,manufactured using virgin Natureworks 3D870,,,,,,,,,,,General Information,Pro PLA is | manufactured using virgin Natureworks 3D870.,,new,,high,reader-r1-23,Ingeo 3D870 PLA
R-3D-FUEL-TDS-3DFuel-Pro-PLA,1,identity,grade,G001-93,Pro PLA,General Information,3D-Fuel Pro PLA (formerly Advanced PLA+/APLA+),,,,,,,,,,,General Information,3D-FuelTM Pro PLA (formerly Advanced,,new,,high,reader-r1-23,
R-3D-FUEL-TDS-3DFuel-Pro-PLA,1,context,thermal,,Pro PLA,Footnote (1),Typical properties; not to be construed as specifications.,,,,,,,,,,,Physical Properties,(1) Typical properties; not to be construed as specifications.,,new,,high,reader-r1-23,
R-3D-FUEL-TDS-3DFuel-Pro-PLA,1,context,all,,Pro PLA,Footnote (3),All 3D printed parts printed at 100% infill and annealed at 110°C / 20 min unless otherwise noted.,,,,,,printed,,annealed 110°C / 20 min,,infill=100%,Mechanical Properties,(3) All 3D printed parts printed at 100% infill and annealed at 110oC / 20 min unless otherwise noted.,,new,,high,reader-r1-23,degree sign rendered as superscript o in text layer
R-3D-FUEL-TDS-3DFuel-Pro-PLA,1,context,all,,Pro PLA,Footnote (4),"Starting points only, and may need to optimize depending on your 3D printer.",,,,,,,,,,,Processing Temperature File,"(4) Starting points only, and may need to optimize depending on your 3D printer.",,new,,high,reader-r1-23,
R-3D-FUEL-TDS-3DFuel-Pro-PLA,1,setting,nozzle,G001-93,Pro PLA,3D Printing Hot End Temperature,190-230°C,190,230,°C,,,,,,,,Processing Temperature File,3D Printing Hot End Temperature 190-230°C,P1217,confirms,190-230°C,high,reader-r1-23,
R-3D-FUEL-TDS-3DFuel-Pro-PLA,1,setting,bed,G001-93,Pro PLA,Print Bed Temperature,None needed (or 50-70°C if applicable),50,70,°C,,,,,,,,Processing Temperature File,Print Bed Temperature None needed (or 50-70°C if applicable),P1217,confirms,None needed (or 50-70°C if applicable),high,reader-r1-23,
R-3D-FUEL-TDS-3DFuel-Pro-PLA,1,setting,other,G001-93,Pro PLA,Annealing Temperature,110-120°C,110,120,°C,,,,,,,,Processing Temperature File,Annealing Temperature 110-120°C,,new,,high,reader-r1-23,post-print annealing; typical time about 20 minutes for 0.125 in wall per the text
R-3D-FUEL-TDS-3DFuel-Pro-PLA,1,value,Density,G001-93,Pro PLA,"Specific Gravity, g/cc",1.22,1.22,,g/cc,=,,,,,D792,,Physical Properties,"Specific Gravity, g/cc 1.22 D792",V007321,confirms,1.22 g/cc,high,reader-r1-23,
R-3D-FUEL-TDS-3DFuel-Pro-PLA,1,value,Melt mass-flow rate,G001-93,Pro PLA,"MFR, g/10 min",9-15,9,15,g/10 min,=,,,,,D1238,temp=210°C; load=2.16 kg,Physical Properties,"MFR, g/10 min(2) 9-15 D1238 | (2) 210°C / 2.16 kg",V007322,confirms,9-15 g/10 min,high,reader-r1-23,
R-3D-FUEL-TDS-3DFuel-Pro-PLA,1,value,Melting temperature,G001-93,Pro PLA,"Peak Melt Temperature, °C",165-180,165,180,°C,=,,,,,D3418,,Physical Properties,"Peak Melt Temperature, °C 165-180 D3418",,new,,high,reader-r1-23,
R-3D-FUEL-TDS-3DFuel-Pro-PLA,1,value,Glass transition temperature,G001-93,Pro PLA,"Glass Transition Temperature, °C",55-60,55,60,°C,=,,,,,D3418,,Physical Properties,"Glass Transition Temperature, °C 55-60 D3418",V007323,confirms,55-60 °C,high,reader-r1-23,
R-3D-FUEL-TDS-3DFuel-Pro-PLA,1,value,Tensile strength (endpoint unspecified),G001-93,Pro PLA,"Tensile Strength, psi (MPa) XY Axis","5,802 (40)",5802,,psi,=,XY,printed,,annealed 110°C / 20 min,D638,,Mechanical Properties,"Tensile Strength, psi (MPa) 5,802 (40) D638 | (3) All 3D printed parts printed at 100% infill and annealed at 110oC / 20 min unless otherwise noted.",,new,,high,reader-r1-23,"printed ""5,802 (40)""; MPa value in brackets is 40"
R-3D-FUEL-TDS-3DFuel-Pro-PLA,1,value,Tensile strength (endpoint unspecified),G001-93,Pro PLA,"Tensile Strength, psi (MPa) YX Axis","4,641 (32)",4641,,psi,=,YX,printed,,annealed 110°C / 20 min,D638,,Mechanical Properties,"Tensile Strength, psi (MPa) 4,641 (32) D638 | (3) All 3D printed parts printed at 100% infill and annealed at 110oC / 20 min unless otherwise noted.",,new,,high,reader-r1-23,"printed ""4,641 (32)"""
R-3D-FUEL-TDS-3DFuel-Pro-PLA,1,value,Tensile strength (endpoint unspecified),G001-93,Pro PLA,"Tensile Strength, psi (MPa) ZX Axis","3,481 (24)",3481,,psi,=,ZX,printed,,annealed 110°C / 20 min,D638,,Mechanical Properties,"Tensile Strength, psi (MPa) 3,481 (24) D638 | (3) All 3D printed parts printed at 100% infill and annealed at 110oC / 20 min unless otherwise noted.",,new,,high,reader-r1-23,"printed ""3,481 (24)"""
R-3D-FUEL-TDS-3DFuel-Pro-PLA,1,value,Tensile modulus,G001-93,Pro PLA,"Tensile Modulus, kpsi (MPa) XY Axis","416 (2,865)",416,,kpsi,=,XY,printed,,annealed 110°C / 20 min,D638,,Mechanical Properties,"Tensile Modulus, kpsi (MPa) 416 (2,865) D638 | (3) All 3D printed parts printed at 100% infill and annealed at 110oC / 20 min unless otherwise noted.",,new,,high,reader-r1-23,"printed ""416 (2,865)"""
R-3D-FUEL-TDS-3DFuel-Pro-PLA,1,value,Tensile modulus,G001-93,Pro PLA,"Tensile Modulus, kpsi (MPa) YX Axis","355 (2,447)",355,,kpsi,=,YX,printed,,annealed 110°C / 20 min,D638,,Mechanical Properties,"Tensile Modulus, kpsi (MPa) 355 (2,447) D638 | (3) All 3D printed parts printed at 100% infill and annealed at 110oC / 20 min unless otherwise noted.",,new,,high,reader-r1-23,
R-3D-FUEL-TDS-3DFuel-Pro-PLA,1,value,Tensile modulus,G001-93,Pro PLA,"Tensile Modulus, kpsi (MPa) ZX Axis","359 (2,477)",359,,kpsi,=,ZX,printed,,annealed 110°C / 20 min,D638,,Mechanical Properties,"Tensile Modulus, kpsi (MPa) 359 (2,477) D638 | (3) All 3D printed parts printed at 100% infill and annealed at 110oC / 20 min unless otherwise noted.",,new,,high,reader-r1-23,
R-3D-FUEL-TDS-3DFuel-Pro-PLA,1,value,Flexural strength,G001-93,Pro PLA,"Flexural strength, psi (MPa) XY Axis","10,588 (73)",10588,,psi,=,XY,printed,,annealed 110°C / 20 min,D790,,Mechanical Properties,"Flexural strength, psi (MPa) 10,588 (73) D790 | (3) All 3D printed parts printed at 100% infill and annealed at 110oC / 20 min unless otherwise noted.",,new,,high,reader-r1-23,
R-3D-FUEL-TDS-3DFuel-Pro-PLA,1,value,Flexural strength,G001-93,Pro PLA,"Flexural strength, psi (MPa) YX Axis","7,106 (49)",7106,,psi,=,YX,printed,,annealed 110°C / 20 min,D790,,Mechanical Properties,"Flexural strength, psi (MPa) 7,106 (49) D790 | (3) All 3D printed parts printed at 100% infill and annealed at 110oC / 20 min unless otherwise noted.",,new,,high,reader-r1-23,
R-3D-FUEL-TDS-3DFuel-Pro-PLA,1,value,Flexural strength,G001-93,Pro PLA,"Flexural strength, psi (MPa) ZX Axis","6,672 (46)",6672,,psi,=,ZX,printed,,annealed 110°C / 20 min,D790,,Mechanical Properties,"Flexural strength, psi (MPa) 6,672 (46) D790 | (3) All 3D printed parts printed at 100% infill and annealed at 110oC / 20 min unless otherwise noted.",,new,,high,reader-r1-23,
R-3D-FUEL-TDS-3DFuel-Pro-PLA,1,value,Flexural modulus,G001-93,Pro PLA,"Flexural modulus, kpsi (MPa) XY Axis","350 (2,414)",350,,kpsi,=,XY,printed,,annealed 110°C / 20 min,D790,,Mechanical Properties,"Flexural modulus, kpsi (MPa) 350 (2,414) D790 | (3) All 3D printed parts printed at 100% infill and annealed at 110oC / 20 min unless otherwise noted.",,new,,high,reader-r1-23,
R-3D-FUEL-TDS-3DFuel-Pro-PLA,1,value,Flexural modulus,G001-93,Pro PLA,"Flexural modulus, kpsi (MPa) YX Axis","287 (1,979)",287,,kpsi,=,YX,printed,,annealed 110°C / 20 min,D790,,Mechanical Properties,"Flexural modulus, kpsi (MPa) 287 (1,979) D790 | (3) All 3D printed parts printed at 100% infill and annealed at 110oC / 20 min unless otherwise noted.",,new,,high,reader-r1-23,
R-3D-FUEL-TDS-3DFuel-Pro-PLA,1,value,Flexural modulus,G001-93,Pro PLA,"Flexural modulus, kpsi (MPa) ZX Axis","341 (2,352)",341,,kpsi,=,ZX,printed,,annealed 110°C / 20 min,D790,,Mechanical Properties,"Flexural modulus, kpsi (MPa) 341 (2,352) D790 | (3) All 3D printed parts printed at 100% infill and annealed at 110oC / 20 min unless otherwise noted.",,new,,high,reader-r1-23,
R-3D-FUEL-TDS-3DFuel-Pro-PLA,1,value,Izod impact strength,G001-93,Pro PLA,"Notched Izod Impact [amorphous], ft-lb/in (J/m) XY Axis",2.99 (160),2.99,,ft-lb/in,=,XY,printed,,annealed 110°C / 20 min,D256,notched; amorphous,Mechanical Properties,"Notched Izod Impact [amorphous], ft-lb/in (J/m) 2.99 (160) D256 | (3) All 3D printed parts printed at 100% infill and annealed at 110oC / 20 min unless otherwise noted.",,new,,high,reader-r1-23,[amorphous] is printed in the label
R-3D-FUEL-TDS-3DFuel-Pro-PLA,1,value,Izod impact strength,G001-93,Pro PLA,"Notched Izod Impact [amorphous], ft-lb/in (J/m) YX Axis",2.26 (21),2.26,,ft-lb/in,=,YX,printed,,annealed 110°C / 20 min,D256,notched; amorphous,Mechanical Properties,"Notched Izod Impact [amorphous], ft-lb/in (J/m) 2.26 (21) D256 | (3) All 3D printed parts printed at 100% infill and annealed at 110oC / 20 min unless otherwise noted.",,new,,high,reader-r1-23,printed (21) for J/m is inconsistent with 2.26 ft-lb/in; copied as printed
R-3D-FUEL-TDS-3DFuel-Pro-PLA,1,value,Izod impact strength,G001-93,Pro PLA,"Notched Izod Impact [amorphous], ft-lb/in (J/m) ZX Axis",2.04 (109),2.04,,ft-lb/in,=,ZX,printed,,annealed 110°C / 20 min,D256,notched; amorphous,Mechanical Properties,"Notched Izod Impact [amorphous], ft-lb/in (J/m) 2.04 (109) D256 | (3) All 3D printed parts printed at 100% infill and annealed at 110oC / 20 min unless otherwise noted.",,new,,high,reader-r1-23,
R-3D-FUEL-TDS-3DFuel-Pro-PLA,1,value,Izod impact strength,G001-93,Pro PLA,"Notched Izod Impact [crystalline], ft-lb/in (J/m) XY Axis",4.37 (233),4.37,,ft-lb/in,=,XY,printed,,annealed 110°C / 20 min,D256,notched; crystalline,Mechanical Properties,"Notched Izod Impact [crystalline], ft-lb/in (J/m) 4.37 (233) D256 | (3) All 3D printed parts printed at 100% infill and annealed at 110oC / 20 min unless otherwise noted.",,new,,high,reader-r1-23,
R-3D-FUEL-TDS-3DFuel-Pro-PLA,1,value,Izod impact strength,G001-93,Pro PLA,"Notched Izod Impact [crystalline], ft-lb/in (J/m) YX Axis",3.74 (200),3.74,,ft-lb/in,=,YX,printed,,annealed 110°C / 20 min,D256,notched; crystalline,Mechanical Properties,"Notched Izod Impact [crystalline], ft-lb/in (J/m) 3.74 (200) D256 | (3) All 3D printed parts printed at 100% infill and annealed at 110oC / 20 min unless otherwise noted.",,new,,high,reader-r1-23,
R-3D-FUEL-TDS-3DFuel-Pro-PLA,1,value,Izod impact strength,G001-93,Pro PLA,"Notched Izod Impact [crystalline], ft-lb/in (J/m) ZX Axis",1.19 (64),1.19,,ft-lb/in,=,ZX,printed,,annealed 110°C / 20 min,D256,notched; crystalline,Mechanical Properties,"Notched Izod Impact [crystalline], ft-lb/in (J/m) 1.19 (64) D256 | (3) All 3D printed parts printed at 100% infill and annealed at 110oC / 20 min unless otherwise noted.",,new,,high,reader-r1-23,
R-3D-FUEL-TDS-3DFuel-Pro-PLA,1,value,HDT,G001-93,Pro PLA,Heat Distortion Temperature (°C) 66 psi (0.45 MPa),75-85,75,85,°C,=,,printed,,annealed 110°C / 20 min,E2092,load=0.45 MPa,Mechanical Properties,Heat Distortion Temperature (°C) 66 psi (0.45 MPa) 75-85 E2092 | (3) All 3D printed parts printed at 100% infill and annealed at 110oC / 20 min unless otherwise noted.,,new,,high,reader-r1-23,single value spans the XY/YX/ZX columns
R-3D-FUEL-TDS-3DFuel-Workday-ABS,1,identity,polymer,G027-29,Workday ABS,General & Technical Data,ABS,,,,=,,,,,,,General & Technical Data,"3D-Fuel® Workday ABS is a consistent, low warp and low odor ABS",,new,,high,reader-r1-23,
R-3D-FUEL-TDS-3DFuel-Workday-ABS,1,context,all,,Workday ABS,Footnote,"All properties, except melt flow rate are measured on injection molded specimens and after 48 hours storage at 23°C, 50% relative humidity.",,,,=,,injection molded,"after 48 hours storage at 23°C, 50% relative humidity",,,,Resin Typical Material Properties,"All properties, except melt flow rate are measured on injection molded specimens and after 48 hours storage at 23°C, 50% relative humidity.",,new,,high,reader-r1-23,printed beneath the table; melt flow rate excluded from the injection-molded statement
R-3D-FUEL-TDS-3DFuel-Workday-ABS,1,context,all,,Workday ABS,Footnote (1),(1) ASTM Test Method unless otherwise noted.,,,,=,,,,,ASTM,,Resin Typical Material Properties,(1) ASTM Test Method unless otherwise noted.,,new,,high,reader-r1-23,
R-3D-FUEL-TDS-3DFuel-Workday-ABS,1,value,Density,G027-29,Workday ABS,Specific Gravity,1.04,1.04,,,=,,injection molded,"after 48 hours storage at 23°C, 50% relative humidity",,D792,,Resin Typical Material Properties / Physical Properties,Specific Gravity D792 1.04,,new,,high,reader-r1-23,no unit printed
R-3D-FUEL-TDS-3DFuel-Workday-ABS,1,value,Mould shrinkage,G027-29,Workday ABS,"Mold Shrinkage (Flow), 3.2mm",0.4~0.7%,0.4,0.7,%,=,,injection molded,"after 48 hours storage at 23°C, 50% relative humidity",,D955,thickness=3.2mm; flow,Resin Typical Material Properties,"Mold Shrinkage (Flow), 3.2mm D955 0.4~0.7%",V007451,confirms,0.4-0.7 %,high,reader-r1-23,
R-3D-FUEL-TDS-3DFuel-Workday-ABS,1,value,Melt mass-flow rate,G027-29,Workday ABS,Melt Flow Rate,23 g/10min,23,,g/10min,=,,,,,D1238,temp=220°C; load=10kg,Resin Typical Material Properties,Melt Flow Rate 220°C/10kg D1238 23 g/10min,V007452,confirms,23 g/10min,high,reader-r1-23,
R-3D-FUEL-TDS-3DFuel-Workday-ABS,1,value,Tensile yield strength,G027-29,Workday ABS,"Tensile Strength, 3.2mm @ Yield",520 kg/cm2,520,,kg/cm2,=,,injection molded,"after 48 hours storage at 23°C, 50% relative humidity",,D638,thickness=3.2mm; rate=50mm/min,Resin Typical Material Properties,"Tensile Strength, 3.2mm @ Yield 50mm/min D638 520 kg/cm2",V007453,confirms,520 kg/cm2,high,reader-r1-23,
R-3D-FUEL-TDS-3DFuel-Workday-ABS,1,value,Elongation at break,G027-29,Workday ABS,"Tensile Elongation, 3.2mm @ Break",30%,30,,%,=,,injection molded,"after 48 hours storage at 23°C, 50% relative humidity",,D638,thickness=3.2mm; rate=50mm/min,Resin Typical Material Properties,"Tensile Elongation, 3.2mm @ Break 50mm/min D638 30%",V007454,confirms,30 %,high,reader-r1-23,
R-3D-FUEL-TDS-3DFuel-Workday-ABS,1,value,Tensile modulus,G027-29,Workday ABS,"Tensile Modulus, 3.2mm","22,600 kg/cm2",22600,,kg/cm2,=,,injection molded,"after 48 hours storage at 23°C, 50% relative humidity",,D638,thickness=3.2mm; rate=1mm/min,Resin Typical Material Properties,"Tensile Modulus, 3.2mm 1mm/min D638 22,600 kg/cm2",V007455,confirms,"22,600 kg/cm2",high,reader-r1-23,
R-3D-FUEL-TDS-3DFuel-Workday-ABS,1,value,Flexural strength,G027-29,Workday ABS,"Flexural Strength, 3.2mm",800 kg/cm2,800,,kg/cm2,=,,injection molded,"after 48 hours storage at 23°C, 50% relative humidity",,D790,thickness=3.2mm; rate=15mm/min,Resin Typical Material Properties,"Flexural Strength, 3.2mm 15mm/min D790 800 kg/cm2",V007456,confirms,800 kg/cm2,high,reader-r1-23,
R-3D-FUEL-TDS-3DFuel-Workday-ABS,1,value,Flexural modulus,G027-29,Workday ABS,"Flexural Modulus, 3.2mm","28,000 kg/cm2",28000,,kg/cm2,=,,injection molded,"after 48 hours storage at 23°C, 50% relative humidity",,D790,thickness=3.2mm; rate=15mm/min,Resin Typical Material Properties,"Flexural Modulus, 3.2mm 15mm/min D790 28,000 kg/cm2",V007457,confirms,"28,000 kg/cm2",high,reader-r1-23,
R-3D-FUEL-TDS-3DFuel-Workday-ABS,1,value,Hardness,G027-29,Workday ABS,"Rockwell Hardness, R Scale",110,110,,R-Scale,=,,injection molded,"after 48 hours storage at 23°C, 50% relative humidity",,D785,,Resin Typical Material Properties,"Rockwell Hardness, R Scale R-Scale D785 110",V007458,confirms,110,high,reader-r1-23,
R-3D-FUEL-TDS-3DFuel-Workday-ABS,1,value,Izod impact strength,G027-29,Workday ABS,"Izod Impact Strength, 6.4mm Notched @ 23°C (73°F)",20 kg·cm/cm,20,,kg·cm/cm,=,,injection molded,"after 48 hours storage at 23°C, 50% relative humidity",,D256,thickness=6.4mm; temp=23°C; notched,Resin Typical Material Properties,"Izod Impact Strength, 6.4mm Notched @ 23°C (73°F) D256 20 kg◦cm/cm",,new,,high,reader-r1-23,
R-3D-FUEL-TDS-3DFuel-Workday-ABS,1,value,Izod impact strength,G027-29,Workday ABS,"Izod Impact Strength, 6.4mm Notched @ -30°C (-22°F)",8 kg·cm/cm,8,,kg·cm/cm,=,,injection molded,"after 48 hours storage at 23°C, 50% relative humidity",,D256,thickness=6.4mm; temp=-30°C; notched,Resin Typical Material Properties,@ -30°C (-22°F) 8 kg◦cm/cm,,new,,high,reader-r1-23,
R-3D-FUEL-TDS-3DFuel-Workday-ABS,1,value,Izod impact strength,G027-29,Workday ABS,"Izod Impact Strength, 3.2mm Notched @ 23°C (73°F)",23 kg·cm/cm,23,,kg·cm/cm,=,,injection molded,"after 48 hours storage at 23°C, 50% relative humidity",,D256,thickness=3.2mm; temp=23°C; notched,Resin Typical Material Properties,"Izod Impact Strength, 3.2mm Notched @ 23°C (73°F) D256 23 kg◦cm/cm",,new,,high,reader-r1-23,
R-3D-FUEL-TDS-3DFuel-Workday-ABS,1,value,Izod impact strength,G027-29,Workday ABS,"Izod Impact Strength, 3.2mm Notched @ -30°C (-22°F)",8 kg·cm/cm,8,,kg·cm/cm,=,,injection molded,"after 48 hours storage at 23°C, 50% relative humidity",,D256,thickness=3.2mm; temp=-30°C; notched,Resin Typical Material Properties,@ -30°C (-22°F) 8 kg◦cm/cm,,new,,high,reader-r1-23,
R-3D-FUEL-TDS-3DFuel-Workday-ABS,1,value,HDT,G027-29,Workday ABS,"Heat Deflection Temperature, 6.4mm (Unannealed)",86°C (187°F),86,,°C,=,,injection molded,"after 48 hours storage at 23°C, 50% relative humidity",Unannealed,D648,thickness=6.4mm; load=18.6 kg,Resin Typical Material Properties,"Heat Deflection Temperature, 6.4mm 18.6 kg 86°C (187°F) D648 (Unannealed)",V007459,confirms,86 °C,high,reader-r1-23,
R-3D-FUEL-TDS-3DFuel-Workday-ABS,1,value,HDT,G027-29,Workday ABS,"Heat Deflection Temperature, 6.4mm (Unannealed)",90°C (194°F),90,,°C,=,,injection molded,"after 48 hours storage at 23°C, 50% relative humidity",Unannealed,D648,thickness=6.4mm; load=4.6 kg,Resin Typical Material Properties,4.6 kg D648 90°C (194°F) (Unannealed),,new,,high,reader-r1-23,
R-3D-FUEL-TDS-3DFuel-Workday-ABS,1,value,Vicat softening temperature,G027-29,Workday ABS,Vicat Softening Temperature,94°C (201°F),94,,°C,=,,injection molded,"after 48 hours storage at 23°C, 50% relative humidity",,D1525,load=5kg; rate=50°C/h,Resin Typical Material Properties,"Vicat Softening Temperature 5kg, 50°C/h D1525 94°C (201°F)",V007460,confirms,94 °C,high,reader-r1-23,
R-3D-FUEL-TDS-3DFuel-Workday-ABS,1,value,unmapped:Flammability,G027-29,Workday ABS,Flammability,HB,,,,=,,injection molded,"after 48 hours storage at 23°C, 50% relative humidity",,UL94,,Resin Typical Material Properties / Thermal Properties,Flammability UL94 HB,,new,,high,reader-r1-23,
R-3D-FUEL-TDS-3DFuel-Workday-ABS,1,value,"unmapped:Relative Temperature Index, Electrical",G027-29,Workday ABS,Relative Temperature Index Electrical,60°C (140°F),60,,°C,=,,injection molded,"after 48 hours storage at 23°C, 50% relative humidity",,UL746B,,Resin Typical Material Properties,Relative Temperature Index Electrical UL746B 60°C (140°F),,new,,high,reader-r1-23,
R-3D-FUEL-TDS-3DFuel-Workday-ABS,1,value,"unmapped:Relative Temperature Index, Mechanical with Impact",G027-29,Workday ABS,Mechanical with Impact,60°C (140°F),60,,°C,=,,injection molded,"after 48 hours storage at 23°C, 50% relative humidity",,UL746B,,Resin Typical Material Properties,Mechanical with Impact UL746B 60°C (140°F),,new,,high,reader-r1-23,
R-3D-FUEL-TDS-3DFuel-Workday-ABS,1,value,"unmapped:Relative Temperature Index, Mechanical without Impact",G027-29,Workday ABS,Mechanical without Impact,60°C (140°F),60,,°C,=,,injection molded,"after 48 hours storage at 23°C, 50% relative humidity",,UL746B,,Resin Typical Material Properties,Mechanical without Impact 60°C (140°F),,new,,high,reader-r1-23,
R-3D-FUEL-TDS-3DFuel-Workday-ABS,1,setting,drying,G027-29,Workday ABS,Drying Temperature,80°C (176°F),80,,°C,=,,,,,,hours=2-4,Typical Processing Conditions,Drying Temperature 80°C (176°F) | Drying Time 2-4 hrs,P0709,confirms,80°C (176°F); Drying Time 2-4 hrs,high,reader-r1-23,held Drying hours is 4; page prints 2-4 hrs
R-3D-FUEL-TDS-3DFuel-Workday-ABS,1,setting,other,G027-29,Workday ABS,Melt Temperature,210-240°C (410-464°F),210,240,°C,=,,,,,,,Typical Processing Conditions,Melt Temperature 210-240°C (410-464°F),V007461,confirms,210-240 °C,high,reader-r1-23,"held V007461 files this as Melting temperature; the page lists it under Typical Processing Conditions (processing melt temperature, not a melting point)"
R-3D-FUEL-TDS-3DFuel-Workday-ABS,1,value,unmapped:Minimum Moisture Content,G027-29,Workday ABS,Minimum Moisture Content,.01%,0.01,,%,=,,,,,,,Typical Processing Conditions,Minimum Moisture Content .01%,,new,,high,reader-r1-23,
R-3D-FUEL-TDS-3DFuel-Workday-ABS,1,value,Comparative tracking index,G027-29,Workday ABS,Comparative Tracking Index(CTI),0 Volts,0,,Volts,=,,injection molded,"after 48 hours storage at 23°C, 50% relative humidity",,IEC 60112,Solution A,Resin Typical Material Properties / Electrical,Comparative Tracking Index(CTI) Solution A IEC 60112 0 Volts,,new,,high,reader-r1-23,
R-3D-FUEL-TDS-3DFuel-Workday-ABS,1,value,Surface resistivity,G027-29,Workday ABS,Surface Resistivity,? Ohm,,,Ohm,=,,injection molded,"after 48 hours storage at 23°C, 50% relative humidity",,IEC 60093,temp=23°C (73°F),Resin Typical Material Properties / Electrical,Surface Resistivity IEC 60093 ? Ohm,,new,,medium,reader-r1-23,"value is a literal ""?"" on the page; no number; 23°C (73°F) cell spans Surface Resistivity to Arc Resistance rows"
R-3D-FUEL-TDS-3DFuel-Workday-ABS,1,value,Volume resistivity,G027-29,Workday ABS,Volume Resistivity,? Ohm·m,,,Ohm·m,=,,injection molded,"after 48 hours storage at 23°C, 50% relative humidity",,D257,temp=23°C (73°F),Resin Typical Material Properties / Electrical,Volume Resistivity D257 ? Ohm·m,,new,,high,reader-r1-23,"value is a literal ""?"" on the page; no number"
R-3D-FUEL-TDS-3DFuel-Workday-ABS,1,value,unmapped:Arc Resistance,G027-29,Workday ABS,Arc Resistance,6 Ohm·cm,6,,Ohm·cm,=,,injection molded,"after 48 hours storage at 23°C, 50% relative humidity",,D495,temp=23°C (73°F),Resin Typical Material Properties / Electrical,Arc Resistance D495 6 Ohm·cm,,new,,high,reader-r1-23,unit printed as Ohm·cm
R-3D-FUEL-TDS-3DFuel-Workday-ABS,1,setting,enclosure,G027-29,Workday ABS,Recommended Uses,ABS requires a heated bed and works best with an enclosed print area,,,,=,,,,,,,Recommended Uses,ABS requires a heated bed and works best with an enclosed print area.,P0709,confirms,works best with an enclosed print area,high,reader-r1-23,
R-3D-FUEL-TDS-3DFuel-Workday-ABS,2,context,all,,Workday ABS,General Printing Recommendations,3D-Fuel® Workday ABS works with most printers that have the following temperature capacity.,,,,=,,,,,,,3D Printer Settings,3D-Fuel® Workday ABS works with most printers that have the following temperature capacity.,,new,,high,reader-r1-23,
R-3D-FUEL-TDS-3DFuel-Workday-ABS,2,setting,nozzle,G027-29,Workday ABS,Extruder,240 - 260ºC,240,260,°C,=,,,,,,,General Printing Recommendations,Extruder: 240 - 260ºC,P0709,confirms,240 - 260ºC,high,reader-r1-23,
R-3D-FUEL-TDS-3DFuel-Workday-ABS,2,setting,bed,G027-29,Workday ABS,Bed,100 - 110ºC,100,110,°C,=,,,,,,,General Printing Recommendations,Bed: 100 - 110ºC,P0709,confirms,100 - 110ºC,high,reader-r1-23,
R-3D-FUEL-TDS-3DFuel-Workday-ABS,2,setting,fan,G027-29,Workday ABS,Fan Speed,10% (may vary from printer to printer),10,,%,=,,,,,,,General Printing Recommendations,Fan Speed: 10% (may vary from printer to printer),,new,,high,reader-r1-23,
R-3D-FUEL-TDS-3DFuel-Workday-ABS,2,setting,plate,G027-29,Workday ABS,Bed Material,"PEI, Buildtak, or bare glass + hair spray",,,,=,,,,,,,General Printing Recommendations,"Bed Material: PEI, Buildtak, or bare glass + hair spray",,new,,high,reader-r1-23,
R-3D-FUEL-TDS-3DFuel-Workday-ABS,2,identity,other,G027-29,Workday ABS,Form & Characteristics,monofilament,,,,=,,,,,,,Form & Characteristics,3D-Fuel® Workday ABS monofilament that provides low warp and low odor,,new,,high,reader-r1-23,
D-3D4MAKERS-ABS-ESD-PAGE,1,identity,polymer,G030-04,ABS-ESD Filament,ABS ESD Filament,ABS ESD Filament,,,,=,,,,,,,,ABS ESD Filament has been designed for protection of electronic devices which are sensitive to electrostatic discharges.,,new,,high,reader-r1-23,
D-3D4MAKERS-ABS-ESD-PAGE,1,identity,diameter,G030-04,ABS-ESD Filament,Diameter,"1.75mm, 2.85mm",,,,=,,,,,,,,Diameter: 1.75mm 1.75mm 2.85mm,,new,,high,reader-r1-23,variant selector: 1.75mm and 2.85mm
D-3D4MAKERS-ABS-ESD-PAGE,1,identity,colour,G030-04,ABS-ESD Filament,Color,"Black, Natural",,,,=,,,,,,,,Color: Black Black Natural,,new,,high,reader-r1-23,
D-3D4MAKERS-ABS-ESD-PAGE,1,value,unmapped:Surface resistivity,G030-04,ABS-ESD Filament,Surface resistivity,10^7 to 10^9 Ohm,7,9,Ohm,=,,,,,,,ABS ESD Material Properties,Surface resistivity 10^7 to 10^9 Ohm,,new,,high,reader-r1-23,powers of ten: number_lo/hi are the exponents as printed (10^7 to 10^9); also in description: Its surface resistivity ranging from 10^7 to 10^9 Ohm
D-3D4MAKERS-ABS-ESD-PAGE,1,value,Density,G030-04,ABS-ESD Filament,Density,1.03 g/cm³,1.03,,g/cm³,=,,,,,,,ABS ESD Material Properties,Density 1.03 g/cm³,,new,,high,reader-r1-23,
D-3D4MAKERS-ABS-ESD-PAGE,1,value,Tensile strength (endpoint unspecified),G030-04,ABS-ESD Filament,Tensile Strength,24.3 MPa,24.3,,MPa,=,,,,,,,ABS ESD Material Properties,Tensile Strength 24.3 MPa,,new,,high,reader-r1-23,
D-3D4MAKERS-ABS-ESD-PAGE,1,value,Tensile strain at strength,G030-04,ABS-ESD Filament,Elongation at tensile strength,3.1 %,3.1,,%,=,,,,,,,ABS ESD Material Properties,Elongation at tensile strength 3.1 %,,new,,high,reader-r1-23,
D-3D4MAKERS-ABS-ESD-PAGE,1,value,Tensile modulus,G030-04,ABS-ESD Filament,Tensile Modulus,"1,121 MPa",1121,,MPa,=,,,,,,,ABS ESD Material Properties,"Tensile Modulus 1,121 MPa",,new,,high,reader-r1-23,
D-3D4MAKERS-ABS-ESD-PAGE,1,value,unmapped:Deformation at Flexural Stress,G030-04,ABS-ESD Filament,Deformation at Flexural Stress,>5*%,5,,%,>,,,,,,,ABS ESD Material Properties,Deformation at Flexural Stress >5*%,,new,,high,reader-r1-23,asterisk printed inside the value; the page footnote *Our ABS Filament is also available with Kevlar fibers .
D-3D4MAKERS-ABS-ESD-PAGE,1,value,Flexural modulus,G030-04,ABS-ESD Filament,Flexural Modulus,856 MPa,856,,MPa,=,,,,,,,ABS ESD Material Properties,Flexural Modulus 856 MPa,,new,,high,reader-r1-23,
D-3D4MAKERS-ABS-ESD-PAGE,1,value,Hardness,G030-04,ABS-ESD Filament,Shore D Hardness,66.7,66.7,,Shore D,=,,,,,,,ABS ESD Material Properties,Shore D Hardness 66.7,,new,,high,reader-r1-23,
D-3D4MAKERS-ABS-ESD-PAGE,1,value,Glass transition temperature,G030-04,ABS-ESD Filament,Glass temperature tg,107 °C,107,,°C,=,,,,,,,ABS ESD Material Properties,Glass temperature tg 107 °C,,new,,high,reader-r1-23,
D-3D4MAKERS-ABS-ESD-PAGE,1,setting,nozzle,G030-04,ABS-ESD Filament,Print Temperature,260°C (250-270 °C),250,270,°C,=,,,,,,,Print Settings,Print Temperature: 260°C (250-270 °C).,,new,,high,reader-r1-23,single value 260 °C with range 250-270 °C in brackets
D-3D4MAKERS-ABS-ESD-PAGE,1,setting,bed,G030-04,ABS-ESD Filament,Bed Temperature,100°C,100,,°C,=,,,,,,,Print Settings,Bed Temperature: 100°C,,new,,high,reader-r1-23,
D-3D4MAKERS-ABS-ESD-PAGE,1,setting,print_speed,G030-04,ABS-ESD Filament,Print Speed,4 0 mm/s,40,,mm/s,=,,,,,,,Print Settings,Print Speed: 4 0 mm/s,,new,,medium,reader-r1-23,"text layer prints ""4 0"" with a space; read as 40"
D-3D4MAKERS-ABS-ESD-PAGE,1,setting,drying,G030-04,ABS-ESD Filament,Drying Recommendations,"80°C, 2-4 hours",80,,°C,=,,,,,,hours=2-4,Print Settings,"Drying Recommendations: 80°C, 2-4 hours",,new,,high,reader-r1-23,
D-3D4MAKERS-FACILAN-C8-FILAMENT-PAGE,1,identity,polymer,G001-177,Facilan ™ C8 Filament,Facilan ™ C8 Filament,Facilan ™ C8 Filament,,,,=,,,,,,,,Facilan ™ C8 is an Additive Manufacturing Filament Designed for Manufacturing using 3D Printing.,,new,,high,reader-r1-23,
D-3D4MAKERS-FACILAN-C8-FILAMENT-PAGE,1,value,Density,G001-177,Facilan ™ C8 Filament,Density,1.4 g/cm³,1.4,,g/cm³,=,,,,,,,Facilan ™ C8 Material Properties,Density 1.4 g/cm³,,new,,high,reader-r1-23,
D-3D4MAKERS-FACILAN-C8-FILAMENT-PAGE,1,value,Tensile strength (endpoint unspecified),G001-177,Facilan ™ C8 Filament,Tensile Strength,45 MPa,45,,MPa,=,,,,,,,Facilan ™ C8 Material Properties,Tensile Strength 45 MPa,,new,,high,reader-r1-23,
D-3D4MAKERS-FACILAN-C8-FILAMENT-PAGE,1,value,Elongation at yield,G001-177,Facilan ™ C8 Filament,Elongation at yield,4%,4,,%,=,,,,,,,Facilan ™ C8 Material Properties,Elongation at yield 4%,,new,,high,reader-r1-23,
D-3D4MAKERS-FACILAN-C8-FILAMENT-PAGE,1,value,Tensile modulus,G001-177,Facilan ™ C8 Filament,Tensile Modulus,3000 MPa,3000,,MPa,=,,,,,,,Facilan ™ C8 Material Properties,Tensile Modulus 3000 MPa,,new,,high,reader-r1-23,
D-3D4MAKERS-FACILAN-C8-FILAMENT-PAGE,1,value,Flexural strength,G001-177,Facilan ™ C8 Filament,Flexural Strength,67 MPa,67,,MPa,=,,,,,,,Facilan ™ C8 Material Properties,Flexural Strength 67 MPa,,new,,high,reader-r1-23,
D-3D4MAKERS-FACILAN-C8-FILAMENT-PAGE,1,value,Flexural modulus,G001-177,Facilan ™ C8 Filament,Flexural Modulus,3640 MPa,3640,,MPa,=,,,,,,,Facilan ™ C8 Material Properties,Flexural Modulus 3640 MPa,,new,,high,reader-r1-23,
D-3D4MAKERS-FACILAN-C8-FILAMENT-PAGE,1,value,Izod impact strength,G001-177,Facilan ™ C8 Filament,Izod impact strength (notched),7 kJ/m2,7,,kJ/m2,=,,,,,,notched,Facilan ™ C8 Material Properties,Izod impact strength (notched) 7 kJ/m2,,new,,high,reader-r1-23,
D-3D4MAKERS-FACILAN-C8-FILAMENT-PAGE,1,value,Hardness,G001-177,Facilan ™ C8 Filament,Shore D Hardness,72,72,,Shore D,=,,,,,,,Facilan ™ C8 Material Properties,Shore D Hardness 72,,new,,high,reader-r1-23,
D-3D4MAKERS-FACILAN-C8-FILAMENT-PAGE,1,value,HDT,G001-177,Facilan ™ C8 Filament,Heat Deflection Temperature,55°C,55,,°C,=,,,,,,,Facilan ™ C8 Material Properties,Heat Deflection Temperature 55°C,,new,,high,reader-r1-23,no load stated
D-3D4MAKERS-FACILAN-C8-FILAMENT-PAGE,1,setting,bed,G001-177,Facilan ™ C8 Filament,Bed Temperature,35-50 °C,35,50,°C,=,,,,,,,Print Settings,Bed Temperature : 35-50 °C,,new,,high,reader-r1-23,
D-3D4MAKERS-FACILAN-C8-FILAMENT-PAGE,1,setting,plate,G001-177,Facilan ™ C8 Filament,Adhesion,Magigoo Original on glass or a PEI Sheet,,,,=,,,,,,,Print Settings,Adhesion : Magigoo Original on glass or a PEI Sheet,,new,,high,reader-r1-23,
D-3D4MAKERS-FACILAN-C8-FILAMENT-PAGE,1,setting,nozzle,G001-177,Facilan ™ C8 Filament,Print Temperature,195 °C (180-210°C),180,210,°C,=,,,,,,,Print Settings,Print Temperature : 195 °C (180-210°C).,,new,,high,reader-r1-23,single value 195 °C with range 180-210 °C in brackets
D-3D4MAKERS-FACILAN-C8-FILAMENT-PAGE,1,setting,print_speed,G001-177,Facilan ™ C8 Filament,Print Speed,40 mm/s,40,,mm/s,=,,,,,,,Print Settings,Print Speed : 40 mm/s,,new,,high,reader-r1-23,
D-3D4MAKERS-PETG-CARBON-PAGE,1,identity,polymer,G024-10,PETG Carbon Filament,PETG Carbon Filament,Polyethylene Terephthalate reinforced with carbon fibers,,,,=,,,,,,,,PETG Carbon Filament is a Polyethylene Terephthalate reinforced with carbon fibers.,,new,,high,reader-r1-23,
D-3D4MAKERS-PETG-CARBON-PAGE,1,identity,filler,G024-10,PETG Carbon Filament,carbon fibers,carbon fibers,,,,=,,,,,,,,reinforced with carbon fibers,,new,,high,reader-r1-23,
D-3D4MAKERS-PETG-CARBON-PAGE,1,setting,hardened_nozzle,G024-10,PETG Carbon Filament,Abrasive,We advise to use a hardened steel nozzle.,,,,=,,,,,,,,Abrasive please be aware of the wear of carbon filled filaments. We advise to use a hardened steel nozzle.,,new,,high,reader-r1-23,
D-3D4MAKERS-PETG-CARBON-PAGE,1,value,Density,G024-10,PETG Carbon Filament,Density,1.317 g/cm³,1.317,,g/cm³,=,,,,,,,PETG Carbon Filament Material Properties,Density 1.317 g/cm³,,new,,high,reader-r1-23,
D-3D4MAKERS-PETG-CARBON-PAGE,1,value,Charpy strength,G024-10,PETG Carbon Filament,Charpy impact Strength,4.03 KJ/m2,4.03,,KJ/m2,=,,,,,,,PETG Carbon Filament Material Properties,Charpy impact Strength 4.03 KJ/m2,,new,,high,reader-r1-23,
D-3D4MAKERS-PETG-CARBON-PAGE,1,value,Tensile strength (endpoint unspecified),G024-10,PETG Carbon Filament,Tensile Strength,5 2.9 MPa,52.9,,MPa,=,,,,,,,PETG Carbon Filament Material Properties,Tensile Strength 5 2.9 MPa,,new,,low,reader-r1-23,"text layer prints ""5 2.9"" with a space; read as 52.9; the page image could not be checked (HTML document)"
D-3D4MAKERS-PETG-CARBON-PAGE,1,value,Tensile strain at strength,G024-10,PETG Carbon Filament,Elongation at tensile strength,2.4%,2.4,,%,=,,,,,,,PETG Carbon Filament Material Properties,Elongation at tensile strength 2.4%,,new,,high,reader-r1-23,
D-3D4MAKERS-PETG-CARBON-PAGE,1,value,Tensile modulus,G024-10,PETG Carbon Filament,Tensile Modulus,"4,015 MPa",4015,,MPa,=,,,,,,,PETG Carbon Filament Material Properties,"Tensile Modulus 4,015 MPa",,new,,high,reader-r1-23,
D-3D4MAKERS-PETG-CARBON-PAGE,1,value,unmapped:Deformation at Flexural Stress,G024-10,PETG Carbon Filament,Deformation at Flexural Stress,>4*%,4,,%,>,,,,,,,PETG Carbon Filament Material Properties,Deformation at Flexural Stress >4*%,,new,,high,reader-r1-23,asterisk printed inside the value
D-3D4MAKERS-PETG-CARBON-PAGE,1,value,Flexural modulus,G024-10,PETG Carbon Filament,Flexural Modulus,"2,987 MPa",2987,,MPa,=,,,,,,,PETG Carbon Filament Material Properties,"Flexural Modulus 2,987 MPa",,new,,high,reader-r1-23,
D-3D4MAKERS-PETG-CARBON-PAGE,1,value,Hardness,G024-10,PETG Carbon Filament,Shore D Hardness,76.4,76.4,,Shore D,=,,,,,,,PETG Carbon Filament Material Properties,Shore D Hardness 76.4,,new,,high,reader-r1-23,
D-3D4MAKERS-PETG-CARBON-PAGE,1,value,Glass transition temperature,G024-10,PETG Carbon Filament,Glass temperature tg,76 °C,76,,°C,=,,,,,,,PETG Carbon Filament Material Properties,Glass temperature tg 76 °C,,new,,high,reader-r1-23,
D-3D4MAKERS-PETG-CARBON-PAGE,1,setting,nozzle,G024-10,PETG Carbon Filament,Print Temperature,250°C (240-280 °C),240,280,°C,=,,,,,,,Print Settings,Print Temperature: 250°C (240-280 °C),,new,,high,reader-r1-23,single value 250 °C with range 240-280 °C in brackets
D-3D4MAKERS-PETG-CARBON-PAGE,1,setting,bed,G024-10,PETG Carbon Filament,Bed Temperature,70°C (60-80 °C),60,80,°C,=,,,,,,,Print Settings,Bed Temperature: 70°C (60-80 °C),,new,,high,reader-r1-23,single value 70 °C with range 60-80 °C in brackets
D-3D4MAKERS-PETG-CARBON-PAGE,1,setting,print_speed,G024-10,PETG Carbon Filament,Print Speed,50 mm/s,50,,mm/s,=,,,,,,,Print Settings,Print Speed: 50 mm/s,,new,,high,reader-r1-23,
D-3D4MAKERS-PETG-FILAMENT-PAGE,1,identity,polymer,G020-34,PETG Filament,PETG,PETG (Polyethylene Terepthalate Glycol-modified) Filament,,,,=,,,,,,,,PETG (Polyethylene Terepthalate Glycol-modified) Filament,,new,,high,reader-r1-23,
D-3D4MAKERS-PETG-FILAMENT-PAGE,1,identity,diameter,G020-34,PETG Filament,Size,"1,75 mm Filament; 2,85 mm Filament",,,,=,,,,,,,Measurements & Tolerance,"1,75 mm Filament  +/- 0,05mm  95% | 2,85 mm Filament  +/- 0,10mm  95%",,new,,high,reader-r1-23,
D-3D4MAKERS-PETG-FILAMENT-PAGE,1,value,unmapped:Diameter tolerance 1.75 mm,G020-34,PETG Filament,"Diameter tolerance (1,75 mm Filament)","+/- 0,05mm",0.05,,mm,=,,,,,,,Measurements & Tolerance,"1,75 mm Filament  +/- 0,05mm  95%",,new,,high,reader-r1-23,roundness 95%
D-3D4MAKERS-PETG-FILAMENT-PAGE,1,value,unmapped:Diameter tolerance 2.85 mm,G020-34,PETG Filament,"Diameter tolerance (2,85 mm Filament)","+/- 0,10mm",0.10,,mm,=,,,,,,,Measurements & Tolerance,"2,85 mm Filament  +/- 0,10mm  95%",,new,,high,reader-r1-23,roundness 95%
D-3D4MAKERS-PETG-FILAMENT-PAGE,1,value,Density,G020-34,PETG Filament,Density,"1,27 g/cc",1.27,,g/cc,=,,,,,ISO 1183,,Material properties,"Density  1,27 g/cc  ISO 1183",,new,,high,reader-r1-23,
D-3D4MAKERS-PETG-FILAMENT-PAGE,1,value,Tensile yield strength,G020-34,PETG Filament,Tensile strength at yield,50 MPa,50,,MPa,=,,,,,ISO 527,,Material properties,Tensile strength at yield  50 MPa  ISO 527,,new,,high,reader-r1-23,
D-3D4MAKERS-PETG-FILAMENT-PAGE,1,value,Tensile modulus,G020-34,PETG Filament,Tensile modulus,2020 MPa,2020,,MPa,=,,,,,ISO 527,,Material properties,Tensile modulus  2020 MPa  ISO 527,,new,,high,reader-r1-23,
D-3D4MAKERS-PETG-FILAMENT-PAGE,1,value,Flexural modulus,G020-34,PETG Filament,Flexural modulus,2050 MPa,2050,,MPa,=,,,,,ISO 178,,Material properties,Flexural modulus  2050 MPa  ISO 178,,new,,high,reader-r1-23,
D-3D4MAKERS-PETG-FILAMENT-PAGE,1,value,Charpy strength,G020-34,PETG Filament,Impact strength - Charpy method 23ºC,"8,1 kJ/m²",8.1,,kJ/m²,=,,,,,ISO 179,temp=23ºC,Material properties,"Impact strength - Charpy method 23ºC  8,1 kJ/m²  ISO 179",,new,,high,reader-r1-23,
D-3D4MAKERS-PETG-FILAMENT-PAGE,1,value,unmapped:Transparency,G020-34,PETG Filament,Transparency,90%,90,,%,=,,,,,ASTM D1003,,Material properties,Transparency  90%  ASTM D1003,,new,,high,reader-r1-23,
D-3D4MAKERS-PETG-FILAMENT-PAGE,1,value,HDT,G020-34,PETG Filament,Heat deflection temp.,70˚C,70,,°C,=,,,,,ASTM D648,,Material properties,Heat deflection temp.  70˚C  ASTM D648,,new,,high,reader-r1-23,no load stated
D-3D4MAKERS-PETG-FILAMENT-PAGE,1,setting,nozzle,G020-34,PETG Filament,Printer nozzle temperature,220 - 240°C,220,240,°C,=,,,,,,,Printer settings,Printer nozzle temperature  220 - 240°C,,new,,high,reader-r1-23,
D-3D4MAKERS-PETG-FILAMENT-PAGE,1,setting,bed,G020-34,PETG Filament,Heated bed temperature,60 - 80°C,60,80,°C,=,,,,,,,Printer settings,Heated bed temperature  60 - 80°C,,new,,high,reader-r1-23,
D-3D4MAKERS-PETG-FILAMENT-PAGE,1,setting,plate,G020-34,PETG Filament,Bed Adhesion,Magigoo Original on glass or a PEI Sheet,,,,=,,,,,,,Printer settings,Bed Adhesion  Magigoo Original on glass or a PEI Sheet,,new,,high,reader-r1-23,
D-3D4MAKERS-PETG-FILAMENT-PAGE,1,setting,other,G020-34,PETG Filament,Additional info,stored in a cool (15-25˚C) and dry room away from UV light,15,25,°C,=,,,,,,,Additional info,stored in a cool (15-25˚C) and dry room away from UV light until it is used again.,,new,,high,reader-r1-23,"storage condition, not a print setting"
D-3D4MAKERS-PLA-FILAMENT-PAGE,1,identity,polymer,G001-95,PLA Filament,PLA Filament,PLA Filament (Polylactic Acid ),,,,=,,,,,,,,PLA Filament (Polylactic Acid ) is a biodegradable polymer,,new,,high,reader-r1-23,
D-3D4MAKERS-PLA-FILAMENT-PAGE,1,identity,diameter,G001-95,PLA Filament,Size,"1,75 mm Filament; 2,85 mm Filament",,,,=,,,,,,,Measurements & Tolerance,"1,75 mm Filament  +/- 0,05mm  95% | 2,85 mm Filament  +/- 0,10mm  95%",,new,,high,reader-r1-23,
D-3D4MAKERS-PLA-FILAMENT-PAGE,1,value,unmapped:Diameter tolerance 1.75 mm,G001-95,PLA Filament,"Diameter tolerance (1,75 mm Filament)","+/- 0,05mm",0.05,,mm,=,,,,,,,Measurements & Tolerance,"1,75 mm Filament  +/- 0,05mm  95%",,new,,high,reader-r1-23,roundness 95%
D-3D4MAKERS-PLA-FILAMENT-PAGE,1,value,unmapped:Diameter tolerance 2.85 mm,G001-95,PLA Filament,"Diameter tolerance (2,85 mm Filament)","+/- 0,10mm",0.10,,mm,=,,,,,,,Measurements & Tolerance,"2,85 mm Filament  +/- 0,10mm  95%",,new,,high,reader-r1-23,roundness 95%
D-3D4MAKERS-PLA-FILAMENT-PAGE,1,setting,nozzle,G001-95,PLA Filament,Printer nozzle temperature,180 - 220°C,180,220,°C,=,,,,,,,Printer settings,Printer nozzle temperature  180 - 220°C,,new,,high,reader-r1-23,
D-3D4MAKERS-PLA-FILAMENT-PAGE,1,setting,bed,G001-95,PLA Filament,Heated bed temperature,20 - 60°C,20,60,°C,=,,,,,,,Printer settings,Heated bed temperature  20 - 60°C,,new,,high,reader-r1-23,
D-3D4MAKERS-PLA-FILAMENT-PAGE,1,setting,plate,G001-95,PLA Filament,Bed Adhesion,Magigoo Original on glass or a PEI Sheet,,,,=,,,,,,,Printer settings,Bed Adhesion  Magigoo Original on glass or a PEI Sheet,,new,,high,reader-r1-23,
D-3D4MAKERS-PLA-FILAMENT-PAGE,1,value,Density,G001-95,PLA Filament,Density,"1,24 g/cc",1.24,,g/cc,=,,,,,ISO 1183,,Physical properties,"Density  1,24 g/cc  ISO 1183",,new,,high,reader-r1-23,
D-3D4MAKERS-PLA-FILAMENT-PAGE,1,value,Tensile yield strength,G001-95,PLA Filament,Tensile strength at yield,66 MPa,66,,MPa,=,,,,,ISO 527,,Physical properties,Tensile strength at yield  66 MPa  ISO 527,,new,,high,reader-r1-23,
D-3D4MAKERS-PLA-FILAMENT-PAGE,1,value,Tensile modulus,G001-95,PLA Filament,Tensile (E) modulus,3027 MPa,3027,,MPa,=,,,,,ISO 527,,Physical properties,Tensile (E) modulus  3027 MPa  ISO 527,,new,,high,reader-r1-23,
D-3D4MAKERS-PLA-FILAMENT-PAGE,1,value,Charpy strength,G001-95,PLA Filament,Impact strength - Charpy method 23˚C,"3,4 kJ/m²",3.4,,kJ/m²,=,,,,,ISO 179,temp=23˚C,Physical properties,"Impact strength - Charpy method 23˚C  3,4 kJ/m²  ISO 179",,new,,high,reader-r1-23,
D-3D4MAKERS-PLA-FILAMENT-PAGE,1,value,unmapped:Moisture absorption,G001-95,PLA Filament,Moisture absorption,1968 ppm,1968,,ppm,=,,,,,ISO 62,,Physical properties,Moisture absorption  1968 ppm  ISO 62,,new,,high,reader-r1-23,
D-3D4MAKERS-PLA-FILAMENT-PAGE,1,value,Glass transition temperature,G001-95,PLA Filament,Glass transition temp,57°C,57,,°C,=,,,,,ISO 11357,,Physical properties,Glass transition temp  57°C  ISO 11357,,new,,high,reader-r1-23,
D-3D4MAKERS-PLA-FILAMENT-PAGE,1,value,Density,G001-95,PLA Filament,PLA has a density of about,about 1.24 g/cc,1.24,,g/cc,=,,,,,,,Description,PLA has a density of about 1.24 g/cc.,,new,,high,reader-r1-23,description text
D-3D4MAKERS-PLA-FILAMENT-PAGE,1,value,Glass transition temperature,G001-95,PLA Filament,The glass temperature is typically around,around 50 °C,50,,°C,=,,,,,,,Description,The glass temperature is typically around 50 °C,,new,,high,reader-r1-23,description text; differs from the table (57°C ISO 11357)
D-3D4MAKERS-PLA-FILAMENT-PAGE,1,value,Melting temperature,G001-95,PLA Filament,melting temperature between,between 80 and 150 °C,80,150,°C,=,,,,,,,Description,it as a melting temperature between 80 and 150 °C,,new,,high,reader-r1-23,description text
D-3D4MAKERS-PLA-FILAMENT-PAGE,1,value,Decomposition temperature,G001-95,PLA Filament,decomposing temperature is roughly,roughly 250 °C,250,,°C,=,,,,,,,Description,The decomposing temperature is roughly 250 °C.,,new,,high,reader-r1-23,description text
D-3D4MAKERS-PLA-FILAMENT-PAGE,1,setting,other,G001-95,PLA Filament,Additional info,stored in a cool (15-25˚C) and dry room away from UV light,15,25,°C,=,,,,,,,Additional info,stored in a cool (15-25˚C) and dry room away from UV light until it is used again.,,new,,high,reader-r1-23,"storage condition, not a print setting"
R-3D4MAKERS-LUVOCOM-3F-PAHT-CF-9742-BK-EN-TDS,1,identity,polymer,G048-03,LUVOCOM 3F PA CF 9742 BK,Title,"High-temperature polyamide with carbon fibers, black",,,,=,,,,,,,,"LUVOCOM 3F PAHT® CF 9742 BK | High-temperature polyamide with carbon fibers, black",,new,,high,reader-r1-23,
R-3D4MAKERS-LUVOCOM-3F-PAHT-CF-9742-BK-EN-TDS,1,identity,filler,G048-03,LUVOCOM 3F PA CF 9742 BK,Title,carbon fibers,,,,=,,,,,,,,"High-temperature polyamide with carbon fibers, black",,new,,high,reader-r1-23,
R-3D4MAKERS-LUVOCOM-3F-PAHT-CF-9742-BK-EN-TDS,1,identity,colour,G048-03,LUVOCOM 3F PA CF 9742 BK,Title,black,,,,=,,,,,,,,"with carbon fibers, black",,new,,high,reader-r1-23,
R-3D4MAKERS-LUVOCOM-3F-PAHT-CF-9742-BK-EN-TDS,1,value,Density,G048-03,LUVOCOM 3F PA CF 9742 BK,Specific gravity,"1,25",1.25,,g/cm³,=,,,,,ISO 1183-3,,Physical properties,"Specific gravity ISO 1183-3 g/cm³ 1,25",V007437,confirms,"1,25 g/cm³",high,reader-r1-23,
R-3D4MAKERS-LUVOCOM-3F-PAHT-CF-9742-BK-EN-TDS,1,value,Water absorption,G048-03,LUVOCOM 3F PA CF 9742 BK,Water absorption 23°C / 24h,"<0,3",0.3,,%,<,,,,,ISO 62,temp=23°C; time=24h; specimen=ISO 3167 A,Physical properties,"Water absorption 23°C / 24h ISO 62 ISO 3167 A % <0,3",V007438,confirms,"0,3 % (operator <)",high,reader-r1-23,
R-3D4MAKERS-LUVOCOM-3F-PAHT-CF-9742-BK-EN-TDS,1,value,Mould shrinkage,G048-03,LUVOCOM 3F PA CF 9742 BK,Linear mould shrinkage,"0,00-0,1",0.00,0.1,%,=,,,,,DIN 16742,specimen=ISO 3167 A,Physical properties,"Linear mould shrinkage DIN 16742 ISO 3167 A % 0,00-0,1",,new,,high,reader-r1-23,
R-3D4MAKERS-LUVOCOM-3F-PAHT-CF-9742-BK-EN-TDS,1,context,tensile,G048-03,LUVOCOM 3F PA CF 9742 BK,Mechanical properties at 23°C / 50% rh,Mechanical properties at 23°C / 50% rh,,,,=,,,dry,,ISO 527,temp=23°C; humidity=50% rh,Mechanical properties at 23°C / 50% rh,Mechanical properties at 23°C / 50% rh,,new,,high,reader-r1-23,each tensile row also prints dry in its condition column
R-3D4MAKERS-LUVOCOM-3F-PAHT-CF-9742-BK-EN-TDS,1,value,Tensile strength (endpoint unspecified),G048-03,LUVOCOM 3F PA CF 9742 BK,Tensile strength,170,170,,MPa,=,,,dry,,ISO 527,rate=50 mm/min; specimen=ISO 3167 A; temp=23°C; humidity=50% rh,Mechanical properties at 23°C / 50% rh,"Tensile strength dry, @50 mm/min ISO 527 ISO 3167 A MPa 170 | Mechanical properties at 23°C / 50% rh",V007439,confirms,170 MPa,high,reader-r1-23,
R-3D4MAKERS-LUVOCOM-3F-PAHT-CF-9742-BK-EN-TDS,1,value,Elongation at break,G048-03,LUVOCOM 3F PA CF 9742 BK,Elongation @Fmax.,1,1,,%,=,,,dry,,ISO 527,rate=50 mm/min; specimen=ISO 3167 A; temp=23°C; humidity=50% rh,Mechanical properties at 23°C / 50% rh,"Elongation @Fmax. dry, @50 mm/min ISO 527 ISO 3167 A % 1 | Mechanical properties at 23°C / 50% rh",V007440,confirms,1 % (Elongation at break),high,reader-r1-23,page label is Elongation @Fmax. (strain at maximum force); held row files it as Elongation at break
R-3D4MAKERS-LUVOCOM-3F-PAHT-CF-9742-BK-EN-TDS,1,value,Tensile modulus,G048-03,LUVOCOM 3F PA CF 9742 BK,Tensile modulus,15,15,,GPa,=,,,dry,,ISO 527,rate=1 mm/min; specimen=ISO 3167 A; temp=23°C; humidity=50% rh,Mechanical properties at 23°C / 50% rh,"Tensile modulus dry, @1 mm/min ISO 527 ISO 3167 A GPa 15 | Mechanical properties at 23°C / 50% rh",V007441,confirms,15 GPa,high,reader-r1-23,
R-3D4MAKERS-LUVOCOM-3F-PAHT-CF-9742-BK-EN-TDS,1,context,impact,G048-03,LUVOCOM 3F PA CF 9742 BK,Mechanical properties at 23°C / 50% rh,Mechanical properties at 23°C / 50% rh,,,,=,,,dry,,ISO 179,temp=23°C; humidity=50% rh,Mechanical properties at 23°C / 50% rh,Mechanical properties at 23°C / 50% rh,,new,,high,reader-r1-23,heading above the impact row; impact row prints dry
R-3D4MAKERS-LUVOCOM-3F-PAHT-CF-9742-BK-EN-TDS,1,value,Impact strength,G048-03,LUVOCOM 3F PA CF 9742 BK,Impact strength,47,47,,kJ/m²,=,,,dry,,ISO 179 1eU,specimen=80x10x4mm; unnotched (1eU); temp=23°C; humidity=50% rh,Mechanical properties at 23°C / 50% rh,Impact strength dry ISO 179 1eU 80x10x4mm kJ/m² 47 | Mechanical properties at 23°C / 50% rh,V007442,confirms,47 kJ/m²,high,reader-r1-23,ISO 179 1eU is the unnotched Charpy designation as printed; the sheet does not say Charpy
R-3D4MAKERS-LUVOCOM-3F-PAHT-CF-9742-BK-EN-TDS,1,value,HDT,G048-03,LUVOCOM 3F PA CF 9742 BK,Heat distortion temp.,200,200,,°C,=,,,,,ISO 75,method=HDT A; specimen=80x10x4mm,Thermal properties,Heat distortion temp. HDT A ISO 75 80x10x4mm °C 200,V007443,confirms,200 °C,high,reader-r1-23,
R-3D4MAKERS-LUVOCOM-3F-PAHT-CF-9742-BK-EN-TDS,1,value,Continuous service temperature,G048-03,LUVOCOM 3F PA CF 9742 BK,Continuous service temp.,150,150,,°C,=,,,,,IEC 60216,time=20.000 h; specimen=ISO 3167 A,Thermal properties,Continuous service temp. 20.000 h IEC 60216 ISO 3167 A °C 150,,new,,high,reader-r1-23,
R-3D4MAKERS-LUVOCOM-3F-PAHT-CF-9742-BK-EN-TDS,1,value,unmapped:Service temperature during lifetime max. 200h,G048-03,LUVOCOM 3F PA CF 9742 BK,Service temperature,180,180,,°C,=,,,,,,during lifetime max. 200h; specimen=ISO 3167 A,Thermal properties,Service temperature during lifetime max. 200h ISO 3167 A °C 180,,new,,high,reader-r1-23,label printed as Service temperature; condition during lifetime max. 200h
R-3D4MAKERS-LUVOCOM-3F-PAHT-CF-9742-BK-EN-TDS,1,value,Coefficient of thermal expansion,G048-03,LUVOCOM 3F PA CF 9742 BK,"CLTE, longitudinal","0,4",0.4,,10⁻⁵/K,=,,,,,ISO 11359,specimen=10x8x4 mm; longitudinal,Thermal properties,"CLTE, longitudinal ISO 11359 10x8x4 mm 10ˉ⁵/K 0,4",,new,,high,reader-r1-23,unit prints a negative superscript 5 (10^-5 per K)
R-3D4MAKERS-LUVOCOM-3F-PAHT-CF-9742-BK-EN-TDS,1,value,Thermal conductivity,G048-03,LUVOCOM 3F PA CF 9742 BK,Therm. conductivity in plane,1,1,,W/mK,=,,,,,ISO 22007,hot disk; in plane; specimen=|| 60x60x3 mm,Thermal properties,Therm. conductivity in plane hot disk ISO 22007 || 60x60x3 mm W/mK 1,,new,,high,reader-r1-23,
R-3D4MAKERS-LUVOCOM-3F-PAHT-CF-9742-BK-EN-TDS,1,value,unmapped:Insulation resistance,G048-03,LUVOCOM 3F PA CF 9742 BK,Insulation resistance,≤10²,2,,Ω,<,,,,,DIN EN 62631-3-3,strip electrode R25; specimen=ISO 3167 A,Electrical properties,Insulation resistance strip electrode R25 DIN EN 62631-3-3 ISO 3167 A Ω ≤10²,,new,,medium,reader-r1-23,"prints a power of ten (≤10^2); number_lo holds the exponent 2; operator is actually ≤, written < because only > and < are allowed"
R-3D4MAKERS-LUVOCOM-3F-PAHT-CF-9742-BK-EN-TDS,1,value,Surface resistivity,G048-03,LUVOCOM 3F PA CF 9742 BK,Surface resistance,<10²,2,,Ω,<,,,,,DIN EN 62631-3-2,ROB; specimen=Ronde 60x4mm,Electrical properties,Surface resistance ROB DIN EN 62631-3-2 Ronde 60x4mm Ω <10²,V007444,confirms,< 100 Ω,high,reader-r1-23,prints a power of ten (<10^2); number_lo holds the exponent 2
R-3D4MAKERS-LUVOCOM-3F-PAHT-CF-9742-BK-EN-TDS,1,identity,other,G048-03,LUVOCOM 3F PA CF 9742 BK,Main features,Easy to print. No warping. High z-strength.,,,,=,,,,,,,,Easy to print. No warping. High z-strength.,,new,,high,reader-r1-23,
R-3D4MAKERS-LUVOCOM-3F-PAHT-CF-9742-BK-EN-TDS,2,setting,nozzle,G048-03,LUVOCOM 3F PA CF 9742 BK,General: nozzle temperature,265 - 290 °C,265,290,°C,=,,,,,,,General,nozzle temperature: 265 - 290 °C,P0707,confirms,265 - 290 °C,high,reader-r1-23,
R-3D4MAKERS-LUVOCOM-3F-PAHT-CF-9742-BK-EN-TDS,2,setting,hardened_nozzle,G048-03,LUVOCOM 3F PA CF 9742 BK,General: nozzle material,abbrasion resistant,,,,=,,,,,,,General,nozzle material: abbrasion resistant,,new,,high,reader-r1-23,"typo ""abbrasion"" as printed"
R-3D4MAKERS-LUVOCOM-3F-PAHT-CF-9742-BK-EN-TDS,2,setting,bed,G048-03,LUVOCOM 3F PA CF 9742 BK,General: print bed temperature,> 50 °C,50,,°C,>,,,,,,,General,print bed temperature: > 50 °C,P0707,confirms,> 50 °C,high,reader-r1-23,
R-3D4MAKERS-LUVOCOM-3F-PAHT-CF-9742-BK-EN-TDS,2,setting,other,G048-03,LUVOCOM 3F PA CF 9742 BK,General: layer thickness,"> 0,2mm",0.2,,mm,>,,,,,,,General,"layer thickness: > 0,2mm",,new,,high,reader-r1-23,
R-3D4MAKERS-LUVOCOM-3F-PAHT-CF-9742-BK-EN-TDS,2,setting,print_speed,G048-03,LUVOCOM 3F PA CF 9742 BK,General: printing speed,40 - 60 mm/s,40,60,mm/s,=,,,,,,,General,printing speed 40 - 60 mm/s.,,new,,high,reader-r1-23,
R-3D4MAKERS-LUVOCOM-3F-PAHT-CF-9742-BK-EN-TDS,2,setting,drying,G048-03,LUVOCOM 3F PA CF 9742 BK,Dehumidifying dryer,"130 °C, 6 - 8 h",130,,°C,=,,,,,,hours=6-8; dryer=Dehumidifying dryer,Predrying,Dehumidifying dryer 130 6 - 8,,new,,high,reader-r1-23,"pellets/granules predrying; table headed Temperature °C, Drying time in h"
R-3D4MAKERS-LUVOCOM-3F-PAHT-CF-9742-BK-EN-TDS,2,setting,drying,G048-03,LUVOCOM 3F PA CF 9742 BK,Vacuum Dryer,"120 °C, 4 - 6 h",120,,°C,=,,,,,,hours=4-6; dryer=Vacuum Dryer,Predrying,Vacuum Dryer 120 4 - 6,,new,,high,reader-r1-23,pellets/granules predrying
R-3D4MAKERS-LUVOCOM-3F-PAHT-CF-9742-BK-EN-TDS,2,setting,other,G048-03,LUVOCOM 3F PA CF 9742 BK,Nozzle (extrusion zone),250 - 290 °C,250,290,°C,=,,,,,,,Recommended processing parameters,Nozzle Zone 3 Zone 2 Zone 1 250 - 290 °C 260 - 300 °C 260 - 300 °C 260 - 300 °C,,new,,high,reader-r1-23,"extrusion-machine barrel table for compounding/pellet processing, not the filament print setting"
R-3D4MAKERS-LUVOCOM-3F-PAHT-CF-9742-BK-EN-TDS,2,setting,other,G048-03,LUVOCOM 3F PA CF 9742 BK,Zone 3,260 - 300 °C,260,300,°C,=,,,,,,,Recommended processing parameters,Zone 3 260 - 300 °C,,new,,high,reader-r1-23,extrusion barrel zone
R-3D4MAKERS-LUVOCOM-3F-PAHT-CF-9742-BK-EN-TDS,2,setting,other,G048-03,LUVOCOM 3F PA CF 9742 BK,Zone 2,260 - 300 °C,260,300,°C,=,,,,,,,Recommended processing parameters,Zone 2 260 - 300 °C,,new,,high,reader-r1-23,extrusion barrel zone
R-3D4MAKERS-LUVOCOM-3F-PAHT-CF-9742-BK-EN-TDS,2,setting,other,G048-03,LUVOCOM 3F PA CF 9742 BK,Zone 1,260 - 300 °C,260,300,°C,=,,,,,,,Recommended processing parameters,Zone 1 260 - 300 °C,,new,,high,reader-r1-23,extrusion barrel zone
R-3D4MAKERS-LUVOCOM-3F-PAHT-CF-9742-BK-EN-TDS,2,identity,other,G048-03,LUVOCOM 3F PA CF 9742 BK,Delivery form & storage,3mm long pellets in sealed bags on pallets,,,,=,,,,,,,,the material is delivered as 3mm long pellets in sealed bags on pallets.,,new,,high,reader-r1-23,this sheet describes the pellet resin; filaments produced from it may be wound on spools
R-3D4MAKERS-TDS-ABS-ESD-3D4Makers,1,identity,polymer,G030-04,ABS ESD Filament,ABS ESD Filament,ABS ESD Filament,,,,=,,,,,,,,ABS ESD Filament,,new,,high,reader-r1-23,
R-3D4MAKERS-TDS-ABS-ESD-3D4Makers,1,identity,colour,G030-04,ABS ESD Filament,Description,Available in black and its natural color.,,,,=,,,,,,,,Available in black and its natural color.,,new,,high,reader-r1-23,
R-3D4MAKERS-TDS-ABS-ESD-3D4Makers,1,value,Density,G030-04,ABS ESD Filament,Density,1.03 g/cm³,1.03,,g/cm³,=,,,,,ISO 1183,,MATERIAL PROPERTIES,Density 1.03 g/cm³ ISO 1183,V006786,confirms,1.03 g/cm³,high,reader-r1-23,
R-3D4MAKERS-TDS-ABS-ESD-3D4Makers,1,value,Tensile strength (endpoint unspecified),G030-04,ABS ESD Filament,Tensile Strength,24.3 MPa,24.3,,MPa,=,,,,,ISO 527,,MATERIAL PROPERTIES,Tensile Strength 24.3 MPa ISO 527,,new,,high,reader-r1-23,
R-3D4MAKERS-TDS-ABS-ESD-3D4Makers,1,value,Tensile strain at strength,G030-04,ABS ESD Filament,Elongation at Tensile Strength,3.1 %,3.1,,%,=,,,,,ISO 527,,MATERIAL PROPERTIES,Elongation at Tensile Strength 3.1 % ISO 527,,new,,high,reader-r1-23,
R-3D4MAKERS-TDS-ABS-ESD-3D4Makers,1,value,Tensile modulus,G030-04,ABS ESD Filament,Tensile Modulus,"1,121 MPa",1121,,MPa,=,,,,,ISO 527,,MATERIAL PROPERTIES,"Tensile Modulus 1,121 MPa ISO 527",,new,,high,reader-r1-23,
R-3D4MAKERS-TDS-ABS-ESD-3D4Makers,1,value,Tensile break strength,G030-04,ABS ESD Filament,Tensile Stress at Break,19.8 MPa,19.8,,MPa,=,,,,,ISO 527,,MATERIAL PROPERTIES,Tensile Stress at Break 19.8 MPa ISO 527,,new,,high,reader-r1-23,
R-3D4MAKERS-TDS-ABS-ESD-3D4Makers,1,value,Elongation at break,G030-04,ABS ESD Filament,Tensile Elongation at Break,6.4 %,6.4,,%,=,,,,,ISO 178,,MATERIAL PROPERTIES,Tensile Elongation at Break 6.4 % ISO 178,,new,,high,reader-r1-23,"test method column prints ISO 178 (a flexural standard) beside a tensile row, as printed"
R-3D4MAKERS-TDS-ABS-ESD-3D4Makers,1,value,Charpy strength,G030-04,ABS ESD Filament,Charpy impact resistance,10.9 kJ/m²,10.9,,kJ/m²,=,,,,,ISO 179,,MATERIAL PROPERTIES,Charpy impact resistance 10.9 kJ/m² ISO 179,,new,,high,reader-r1-23,
R-3D4MAKERS-TDS-ABS-ESD-3D4Makers,1,value,Hardness,G030-04,ABS ESD Filament,Shore Hardness,"66,7D",66.7,,Shore D,=,,,,,ISO 868,,MATERIAL PROPERTIES,"Shore Hardness 66,7D ISO 868",,new,,high,reader-r1-23,
R-3D4MAKERS-TDS-ABS-ESD-3D4Makers,1,value,Glass transition temperature,G030-04,ABS ESD Filament,Glass transition temp. (Tg),106 °C,106,,°C,=,,,,,ISO 11357,,MATERIAL PROPERTIES,Glass transition temp. (Tg) 106 °C ISO 11357,,new,,high,reader-r1-23,the maker web page for the same product prints 107 °C
R-3D4MAKERS-TDS-ABS-ESD-3D4Makers,1,value,unmapped:Surface resistivity,G030-04,ABS ESD Filament,Surface resistivity,107 - 109 Ohms/m2,7,9,Ohms/m2,=,,,,,ASTM D257,,MATERIAL PROPERTIES,Surface resistivity 107 - 109 Ohms/m2 ASTM D257,,new,,medium,reader-r1-23,superscripts lost in print: 107 - 109 stands for 10^7 - 10^9 (the description prints 10^7 to 10^9 Ohm); number_lo/hi hold the exponents
R-3D4MAKERS-TDS-ABS-ESD-3D4Makers,1,value,unmapped:Surface resistivity (description),G030-04,ABS ESD Filament,Description,surface resistivity ranging from 10^7 to 10^9 Ohm,7,9,Ohm,=,,,,,,,Description,Its surface resistivity ranging from 10^7 to 10^9 Ohm.,,new,,high,reader-r1-23,powers of ten: number_lo/hi are the exponents
R-3D4MAKERS-TDS-ABS-ESD-3D4Makers,1,setting,nozzle,G030-04,ABS ESD Filament,Nozzle Temperature,250-270 °C,250,270,°C,=,,,,,,,PRINT RECOMMENDATIONS,Nozzle Temperature 250-270 °C,P0608,confirms,250-270°C,high,reader-r1-23,
R-3D4MAKERS-TDS-ABS-ESD-3D4Makers,1,setting,bed,G030-04,ABS ESD Filament,Bed Temperature,100°C,100,,°C,=,,,,,,,PRINT RECOMMENDATIONS,Bed Temperature 100°C,P0608,confirms,100°C,high,reader-r1-23,
R-3D4MAKERS-TDS-ABS-ESD-3D4Makers,1,setting,print_speed,G030-04,ABS ESD Filament,Print Speed,40 mm/s,40,,mm/s,=,,,,,,,PRINT RECOMMENDATIONS,Print Speed 40 mm/s,,new,,high,reader-r1-23,
R-3D4MAKERS-TDS-ABS-ESD-3D4Makers,1,setting,drying,G030-04,ABS ESD Filament,Drying recommendations,"2-4 hours, 80°C",80,,°C,=,,,,,,hours=2-4,PRINT RECOMMENDATIONS,"Drying recommendations 2-4 hours, 80°C",P0608,confirms,"2-4hours,80°C",high,reader-r1-23,held Drying hours is 4; page prints 2-4 hours
R-3D4MAKERS-TDS-ABS-ESD-3D4Makers,1,context,tensile,G030-04,ABS ESD Filament,Tensile test / Impact test,Nozzle temp : 260°C; Bed temp : 100°C; Infill : 100%; Infill angle : 45°/-45°; Print speed : 40 mm/s,,,,=,,printed,,,,nozzle=260°C; bed=100°C; infill=100%; infill angle=45°/-45°; print speed=40 mm/s,Tensile test / Impact test,Tensile test Impact test | Nozzle temp : 260°C | Bed temp : 100°C | Infill : 100% | Infill angle : 45°/-45° | Print speed : 40 mm/s,,new,,high,reader-r1-23,pictures of a printed tensile specimen and an impact bar with the print settings used; read as the settings the test specimens were printed with; held P0609 (retired duplicate) carries nozzle 260
R-3D4MAKERS-TDS-ABS-ESD-3D4Makers,1,context,impact,G030-04,ABS ESD Filament,Tensile test / Impact test,Nozzle temp : 260°C; Bed temp : 100°C; Infill : 100%; Infill angle : 45°/-45°; Print speed : 40 mm/s,,,,=,,printed,,,,nozzle=260°C; bed=100°C; infill=100%; infill angle=45°/-45°; print speed=40 mm/s,Tensile test / Impact test,Impact test | Nozzle temp : 260°C | Bed temp : 100°C | Infill : 100% | Infill angle : 45°/-45° | Print speed : 40 mm/s,,new,,high,reader-r1-23,same block as the tensile context row
R-3D4MAKERS-TDS-ABS-ESD-3D4Makers,1,setting,other,G030-04,ABS ESD Filament,Additional info,"stored in a cool, dry and dark place",,,,=,,,,,,,Additional info,"stored in a cool, dry and dark place until it is used again.",,new,,high,reader-r1-23,"storage, not a print setting"
R-3D4MAKERS-TDS-ABS-Filament,1,identity,polymer,G027-28,ABS Filament,ABS Filament,Acrylonitrile-Butadiene-Styrene (ABS),,,,=,,,,,,,,Acrylonitrile-Butadiene-Styrene (ABS) is a thermoplastic and a copolymer,,new,,high,reader-r1-23,
R-3D4MAKERS-TDS-ABS-Filament,1,identity,other,G027-28,ABS Filament,Composition,"5-30% Butadiene, around 50% Styrene and the rest is Acrylonitrile",,,,=,,,,,,,,"It consists of 5-30% Butadiene, around 50% Styrene and the rest is Acrylonitrile.",,new,,high,reader-r1-23,generic ABS description
R-3D4MAKERS-TDS-ABS-Filament,1,value,unmapped:Maximum operating temperature,G027-28,ABS Filament,maximum operating temperature,between 85 °C and 100 °C,85,100,°C,=,,,,,,,Description,"The maximum operating temperature is between 85 °C and 100 °C, depending on the modi- fications.",,new,,high,reader-r1-23,generic ABS description
R-3D4MAKERS-TDS-ABS-Filament,1,value,unmapped:Minimum operating temperature,G027-28,ABS Filament,minimum operating temperature,-35 °C,-35,,°C,=,,,,,,,Description,The minimum operating temperature is -35 °C.,,new,,high,reader-r1-23,generic ABS description
R-3D4MAKERS-TDS-ABS-Filament,1,value,Density,G027-28,ABS Filament,Density,1.05 g/cm3,1.05,,g/cm3,=,,,,,ISO 1183/B,,PHYSICAL,Density ISO 1183/B 1.05 g/cm3,V007345,confirms,1.05 g/cm3,high,reader-r1-23,
R-3D4MAKERS-TDS-ABS-Filament,1,value,unmapped:Apparant Density,G027-28,ABS Filament,Apparant Density,0.65 g/cm3,0.65,,g/cm3,=,,,,,ISO 60,,PHYSICAL,Apparant Density ISO 60 0.65 g/cm3,,new,,high,reader-r1-23,
R-3D4MAKERS-TDS-ABS-Filament,1,value,Melt volume-flow rate,G027-28,ABS Filament,Melt volume-Flow Rate (MVR),15 g/10 min,15,,g/10 min,=,,,,,ISO 1133,temp=220 ºC; load=10.0 kg,PHYSICAL,Melt volume-Flow Rate (MVR) 220 ºC/10.0 kg ISO 1133 15 g/10 min,,new,,high,reader-r1-23,MVR printed with unit g/10 min
R-3D4MAKERS-TDS-ABS-Filament,1,value,Mould shrinkage,G027-28,ABS Filament,Molding Shrinkage-Flow,0.40 to 0.70 %,0.40,0.70,%,=,,,,,ISO 294-4,,PHYSICAL,Molding Shrinkage-Flow ISO 294-4 0.40 to 0.70 %,V007346,mismatch,0.70 %,high,reader-r1-23,held row holds only the upper end 0.70 %; page prints the range 0.40 to 0.70 %
R-3D4MAKERS-TDS-ABS-Filament,1,value,Tensile modulus,G027-28,ABS Filament,Tensile modulus,2280 MPa,2280,,MPa,=,,,,,ISO 527-2,thickness=3.20 mm,MECHANICAL,"Tensile modulus 3.20 mm, ISO 527-2 2280 MPa",V007347,confirms,2280 MPa,high,reader-r1-23,
R-3D4MAKERS-TDS-ABS-Filament,1,value,Tensile yield strength,G027-28,ABS Filament,Tensile Stress,45.0 MPa,45.0,,MPa,=,,,,,ISO 527-2/50,thickness=3.20 mm; yield,MECHANICAL,"Tensile Stress Yield, 3.20 mm ISO 527-2/50 45.0 MPa",V007348,confirms,45.0 MPa,high,reader-r1-23,
R-3D4MAKERS-TDS-ABS-Filament,1,value,Elongation at yield,G027-28,ABS Filament,Tensile Strain,2.5 %,2.5,,%,=,,,,,ISO 527-2/50,thickness=3.20 mm; yield,MECHANICAL,"Tensile Strain Yield, 3.20 mm ISO 527-2/50 2.5 %",,new,,high,reader-r1-23,
R-3D4MAKERS-TDS-ABS-Filament,1,value,Flexural modulus,G027-28,ABS Filament,Flexural Modulus,2300 MPa,2300,,MPa,=,,,,,ISO 178,thickness=3.20 mm,MECHANICAL,Flexural Modulus 3.20 mm ISO 178 2300 MPa,V007349,confirms,2300 MPa,high,reader-r1-23,
R-3D4MAKERS-TDS-ABS-Filament,1,value,Flexural strength,G027-28,ABS Filament,Flexural Strength,68.0 MPa,68.0,,MPa,=,,,,,ISO 178,thickness=3.20 mm,MECHANICAL,Flexural Strength 3.20 mm ISO 178 68.0 MPa,V007350,confirms,68.0 MPa,high,reader-r1-23,
R-3D4MAKERS-TDS-ABS-Filament,1,value,Izod impact strength,G027-28,ABS Filament,Notched Izod Impact Strength,19 kJ/m2,19,,kJ/m2,=,,,,,ISO 180/A,temp=23 ºC; notched,IMPACT,Notched Izod Impact Strength 23 ºC ISO 180/A 19 kJ/m2,V007351,confirms,19 kJ/m2,high,reader-r1-23,
R-3D4MAKERS-TDS-ABS-Filament,1,value,Charpy strength,G027-28,ABS Filament,Charpy Notched Impact Strength,20 kJ/m2,20,,kJ/m2,=,,,,,ISO 179 1eA,temp=23 ºC; notched,IMPACT,Charpy Notched Impact Strength 23 ºC ISO 179 1eA 20 kJ/m2,V007352,confirms,20 kJ/m2,high,reader-r1-23,
R-3D4MAKERS-TDS-ABS-Filament,1,value,HDT,G027-28,ABS Filament,Heat Deflection Temperature,100 ºC,100,,ºC,=,,,,Unannealed,ISO 75-2/A,load=1.8 MPa,THERMAL,"Heat Deflection Temperature 1.8 MPa, Unannealed ISO 75-2/A 100 ºC",V007353,confirms,100 °C,high,reader-r1-23,
R-3D4MAKERS-TDS-ABS-Filament,1,value,Vicat softening temperature,G027-28,ABS Filament,Vicat Softening Temperature,97.0 ºC,97.0,,ºC,=,,,,,ISO 306/B50,,THERMAL,Vicat Softening Temperature ISO 306/B50 97.0 ºC,V007354,confirms,97.0 °C,high,reader-r1-23,
R-3D4MAKERS-TDS-ABS-Filament,1,value,unmapped:Fogging,G027-28,ABS Filament,Fogging,97%,97,,%,=,,,,,ISO 294-4,,ELASTOMERS,Fogging ISO 294-4 97%,,new,,high,reader-r1-23,
R-3D4MAKERS-TDS-ABS-Filament,1,value,unmapped:Burning rate,G027-28,ABS Filament,Burning rate,55 mm/min,55,,mm/min,=,,,,,ISO 75-2/A,thickness=2.00 mm,FLAMMABILITY,Burning rate 2.00 mm ISO 75-2/A 55 mm/min,,new,,high,reader-r1-23,test method printed as ISO 75-2/A
R-3D4MAKERS-TDS-ABS-Filament,1,value,unmapped:Flame Rating UL 94,G027-28,ABS Filament,Flame Rating,HB,,,,=,,,,,UL 94,thickness=1.50 mm,FLAMMABILITY,Flame Rating UL 94 1.50 mm HB,,new,,high,reader-r1-23,"table spans page break: 1.50 mm HB on page 1, 3.00 mm HB on page 2"
R-3D4MAKERS-TDS-ABS-Filament,2,value,unmapped:Flame Rating UL 94,G027-28,ABS Filament,Flame Rating,HB,,,,=,,,,,UL 94,thickness=3.00 mm,FLAMMABILITY,3.00 mm HB,,new,,high,reader-r1-23,continuation row of the Flame Rating UL 94 entry from page 1
R-3D4MAKERS-TDS-ABS-Filament,2,value,unmapped:Carbon Emission,G027-28,ABS Filament,Carbon Emission,25.0 μg/g,25.0,,μg/g,=,,,,,VDA 277,,FLAMMABILITY,Carbon Emission VDA 277 25.0 μg/g,,new,,high,reader-r1-23,
R-3D4MAKERS-TDS-ABS-Filament,2,setting,nozzle,G027-28,ABS Filament,Nozzle Temperature,220 - 260 ºC,220,260,ºC,=,,,,,,,PRINT RECOMMENDATIONS,Nozzle Temperature 220 - 260 ºC,P0695,confirms,220 - 260 °C,high,reader-r1-23,
R-3D4MAKERS-TDS-ABS-Filament,2,setting,bed,G027-28,ABS Filament,Bed Temperature,90 - 110 ºC,90,110,ºC,=,,,,,,,PRINT RECOMMENDATIONS,Bed Temperature 90 - 110 ºC,P0695,confirms,90 - 110 °C,high,reader-r1-23,
R-3D4MAKERS-TDS-ABS-Filament,2,setting,print_speed,G027-28,ABS Filament,Print Speed,30 - 70 mm/s,30,70,mm/s,=,,,,,,,PRINT RECOMMENDATIONS,Print Speed 30 - 70 mm/s,,new,,high,reader-r1-23,
R-3D4MAKERS-TDS-ABS-Filament,2,setting,plate,G027-28,ABS Filament,Bed Adhesion,"PEI sheet, Buildtak, Adhesion spray, ABS juice",,,,=,,,,,,,PRINT RECOMMENDATIONS,"Bed Adhesion PEI sheet, Buildtak, Adhesion spray, ABS juice",,new,,high,reader-r1-23,
R-3D4MAKERS-TDS-ABS-Filament,2,setting,other,G027-28,ABS Filament,Additional info,it gives better results when used at higher temperatures than other ABS Filaments,,,,=,,,,,,,,it gives better results when used at higher temperatures than other ABS Filaments.,,new,,high,reader-r1-23,no number
R-3D4MAKERS-TDS-ASA-Filament,1,identity,polymer,G031-19,ASA Filament,ASA Filament,Acrylonitrile-Styrene-Acrylate (ASA),,,,=,,,,,,,,Acrylonitrile-Styrene-Acrylate (ASA) polymers are amorphous,,new,,high,reader-r1-23,
R-3D4MAKERS-TDS-ASA-Filament,1,value,Density,G031-19,ASA Filament,Density,1.05 g/cm3,1.05,,g/cm3,=,,,,,ASTM D792,,PHYSICAL,Density ASTM D792 1.05 g/cm3,V007128,confirms,1.05 g/cm3,high,reader-r1-23,
R-3D4MAKERS-TDS-ASA-Filament,1,value,Melt volume-flow rate,G031-19,ASA Filament,Melt volume-Flow Rate (MVR),12 g/10 min,12,,g/10 min,=,,,,,ASTM D1238,,PHYSICAL,Melt volume-Flow Rate (MVR) ASTM D1238 12 g/10 min,,new,,high,reader-r1-23,MVR printed with unit g/10 min; no temperature or load printed
R-3D4MAKERS-TDS-ASA-Filament,1,value,Mould shrinkage,G031-19,ASA Filament,Molding Shrinkage-Flow,0.40 to 0.70 %,0.40,0.70,%,=,,,,,ASTM D955,thickness=3.20 mm,PHYSICAL,Molding Shrinkage-Flow 3.20 mm ASTM D955 0.40 to 0.70 %,V007129,mismatch,0.70 %,high,reader-r1-23,held row holds only the upper end 0.70 %; page prints the range 0.40 to 0.70 %
R-3D4MAKERS-TDS-ASA-Filament,1,value,Tensile modulus,G031-19,ASA Filament,Tensile modulus,2080 MPa,2080,,MPa,=,,,,,ASTM D638,thickness=3.20 mm,MECHANICAL,Tensile modulus 3.20 mm ASTM D638 2080 MPa,V007130,confirms,2080 MPa,high,reader-r1-23,
R-3D4MAKERS-TDS-ASA-Filament,1,value,Tensile yield strength,G031-19,ASA Filament,Tensile Strength,47.1 MPa,47.1,,MPa,=,,,,,ASTM D638,yield; thickness=3.20 mm,MECHANICAL,"Tensile Strength Yield, 3.20 mm ASTM D638 47.1 MPa",V007131,confirms,47.1 MPa,high,reader-r1-23,
R-3D4MAKERS-TDS-ASA-Filament,1,value,Elongation at yield,G031-19,ASA Filament,Tensile Elongation,> 6.0%,6.0,,%,>,,,,,ASTM D638,yield; thickness=3.20 mm,MECHANICAL,"Tensile Elongation Yield, 3.20 mm ASTM D638 > 6.0%",V007132,confirms,6.0 % (operator >),high,reader-r1-23,
R-3D4MAKERS-TDS-ASA-Filament,1,value,Elongation at break,G031-19,ASA Filament,Tensile Elongation,25%,25,,%,=,,,,,ASTM D638,break; thickness=3.20 mm,MECHANICAL,"Break, 3.20 mm ASTM D638 25%",,new,,high,reader-r1-23,
R-3D4MAKERS-TDS-ASA-Filament,1,value,Flexural modulus,G031-19,ASA Filament,Flexural Modulus,2210 MPa,2210,,MPa,=,,,,,ASTM D790,thickness=3.20 mm,MECHANICAL,Flexural Modulus 3.20 mm ASTM D790 2210 MPa,V007133,confirms,2210 MPa,high,reader-r1-23,
R-3D4MAKERS-TDS-ASA-Filament,1,value,Flexural strength,G031-19,ASA Filament,Flexural Strength,75.5 MPa,75.5,,MPa,=,,,,,ASTM D790,thickness=3.20 mm,MECHANICAL,Flexural Strength 3.20 mm ASTM D790 75.5 MPa,V007134,confirms,75.5 MPa,high,reader-r1-23,
R-3D4MAKERS-TDS-ASA-Filament,1,value,Izod impact strength,G031-19,ASA Filament,Notched Impact Strength,180 L/m,180,,L/m,=,,,,,ASTM D256,temp=23 ºC; thickness=3.20 mm; notched,IMPACT,"Notched Impact Strength 23 ºC, 3.20 mm ASTM D256 180 L/m",,new,,high,reader-r1-23,"unit printed as L/m (J/m intended; copied as printed); sheet does not say Izod, ASTM D256 is the Izod method"
R-3D4MAKERS-TDS-ASA-Filament,1,value,HDT,G031-19,ASA Filament,Heat Deflection Temperature,96.0 ºC,96.0,,ºC,=,,,,Unannealed,ASTM D648,load=0.45 MPa; thickness=6.40 mm,THERMAL,"Heat Deflection Temperature ASTM D648 | 0.45 MPa, Unannealed, 6.40 mm 96.0 ºC",,new,,high,reader-r1-23,
R-3D4MAKERS-TDS-ASA-Filament,1,value,HDT,G031-19,ASA Filament,Heat Deflection Temperature,86.0 ºC,86.0,,ºC,=,,,,Unannealed,ASTM D648,load=1.8 MPa; thickness=6.40 mm,THERMAL,"Heat Deflection Temperature ASTM D648 | 1.8 MPa, Unannealed, 6.40 mm 86.0 ºC",,new,,high,reader-r1-23,
R-3D4MAKERS-TDS-ASA-Filament,1,value,Vicat softening temperature,G031-19,ASA Filament,Vicat Softening Temperature,95.0 ºC,95.0,,ºC,=,,,,,ASTM D1525,,THERMAL,Vicat Softening Temperature ASTM D1525 95.0 ºC,V007135,confirms,95.0 °C,high,reader-r1-23,
R-3D4MAKERS-TDS-ASA-Filament,1,value,Hardness,G031-19,ASA Filament,Rockwell Hardness (R-Scale),103,103,,R-Scale,=,,,,,ASTM D785,,HARDNESS,Rockwell Hardness (R-Scale) ASTM D785 103,V007136,confirms,103,high,reader-r1-23,
R-3D4MAKERS-TDS-ASA-Filament,1,value,unmapped:Flame Rating UL 94,G031-19,ASA Filament,Flame Rating,HB,,,,=,,,,,UL 94,thickness=1.6 mm,FLAMMABILITY,Flame Rating 1.6 mm UL 94 HB,,new,,high,reader-r1-23,
R-3D4MAKERS-TDS-ASA-Filament,1,value,unmapped:Flame Rating UL 94,G031-19,ASA Filament,Flame Rating,HB,,,,=,,,,,UL 94,thickness=3.1 mm,FLAMMABILITY,3.1 mm UL 94 HB,,new,,high,reader-r1-23,
R-3D4MAKERS-TDS-ASA-Filament,2,setting,nozzle,G031-19,ASA Filament,Nozzle Temperature,240 - 280 ºC,240,280,ºC,=,,,,,,,PRINT RECOMMENDATIONS,Nozzle Temperature 240 - 280 ºC,P0666,confirms,240 - 280 °C,high,reader-r1-23,
R-3D4MAKERS-TDS-ASA-Filament,2,setting,bed,G031-19,ASA Filament,Bed Temperature,90 - 110 ºC,90,110,ºC,=,,,,,,,PRINT RECOMMENDATIONS,Bed Temperature 90 - 110 ºC,P0666,confirms,90 - 110 °C,high,reader-r1-23,
R-3D4MAKERS-TDS-ASA-Filament,2,setting,print_speed,G031-19,ASA Filament,Print Speed,35 - 70 mm/s,35,70,mm/s,=,,,,,,,PRINT RECOMMENDATIONS,Print Speed 35 - 70 mm/s,,new,,high,reader-r1-23,
R-3D4MAKERS-TDS-ASA-Filament,2,setting,plate,G031-19,ASA Filament,Bed Adhesion,"PEI Sheet, Buildtak, Adhesion Spray",,,,=,,,,,,,PRINT RECOMMENDATIONS,"Bed Adhesion PEI Sheet, Buildtak, Adhesion Spray",,new,,high,reader-r1-23,
R-3D4MAKERS-TDS-Facilan-C8-Filament-v1-4,1,identity,polymer,G001-177,Facilan™ C8,Facilan™ C8,Facilan™ C8,,,,=,,,,,,,,Facilan™ C8,,new,,high,reader-r1-23,
R-3D4MAKERS-TDS-Facilan-C8-Filament-v1-4,1,identity,other,G001-177,Facilan™ C8,Version,Version 1.4,,,,=,,,,,,,,Version 1.4,,new,,high,reader-r1-23,
R-3D4MAKERS-TDS-Facilan-C8-Filament-v1-4,1,context,tensile,G001-177,Facilan™ C8,Footnote *,*Tensile sample thickness 1.5 mm,,,,=,,,,,ISO 527-1,thickness=1.5 mm,MATERIAL PROPERTIES,*Tensile sample thickness 1.5 mm,,new,,high,reader-r1-23,
R-3D4MAKERS-TDS-Facilan-C8-Filament-v1-4,1,context,thermal,G001-177,Facilan™ C8,Footnote **,** 120 K/h,,,,=,,,,,ISO 75 B,rate=120 K/h,MATERIAL PROPERTIES,** 120 K/h,,new,,high,reader-r1-23,
R-3D4MAKERS-TDS-Facilan-C8-Filament-v1-4,1,value,Density,G001-177,Facilan™ C8,Density,1.4 g/cm³,1.4,,g/cm³,=,,,,,ISO 1183-1,,MATERIAL PROPERTIES,Density 1.4 g/cm³ ISO 1183-1,V010190,confirms,1.4 g/cm³,high,reader-r1-23,
R-3D4MAKERS-TDS-Facilan-C8-Filament-v1-4,1,value,Tensile strength (endpoint unspecified),G001-177,Facilan™ C8,Tensile Strength,45 MPa,45,,MPa,=,,,,,ISO 527-1*,thickness=1.5 mm,MATERIAL PROPERTIES,Tensile Strength 45 MPa ISO 527-1* | *Tensile sample thickness 1.5 mm,,new,,high,reader-r1-23,
R-3D4MAKERS-TDS-Facilan-C8-Filament-v1-4,1,value,Elongation at yield,G001-177,Facilan™ C8,Elongation at yield,4 %,4,,%,=,,,,,ISO 527-1*,thickness=1.5 mm,MATERIAL PROPERTIES,Elongation at yield 4 % ISO 527-1* | *Tensile sample thickness 1.5 mm,,new,,high,reader-r1-23,
R-3D4MAKERS-TDS-Facilan-C8-Filament-v1-4,1,value,Tensile modulus,G001-177,Facilan™ C8,Tensile Modulus,3000 MPa,3000,,MPa,=,,,,,ISO 527-1*,thickness=1.5 mm,MATERIAL PROPERTIES,Tensile Modulus 3000 MPa ISO 527-1* | *Tensile sample thickness 1.5 mm,,new,,high,reader-r1-23,
R-3D4MAKERS-TDS-Facilan-C8-Filament-v1-4,1,value,Flexural strength,G001-177,Facilan™ C8,Flexural Strength,65 MPa,65,,MPa,=,,,,,ISO 178,,MATERIAL PROPERTIES,Flexural Strength 65 MPa ISO 178,,new,,high,reader-r1-23,maker web page for the same product prints 67 MPa
R-3D4MAKERS-TDS-Facilan-C8-Filament-v1-4,1,value,Flexural modulus,G001-177,Facilan™ C8,Flexural Modulus,3650 MPa,3650,,MPa,=,,,,,ISO 178,,MATERIAL PROPERTIES,Flexural Modulus 3650 MPa ISO 178,,new,,high,reader-r1-23,maker web page for the same product prints 3640 MPa
R-3D4MAKERS-TDS-Facilan-C8-Filament-v1-4,1,value,Izod impact strength,G001-177,Facilan™ C8,Izod impact strength (notched),7 kJ/m²,7,,kJ/m²,=,,,,,ISO 180-1,notched,MATERIAL PROPERTIES,Izod impact strength (notched) 7 kJ/m² ISO 180-1,,new,,high,reader-r1-23,
R-3D4MAKERS-TDS-Facilan-C8-Filament-v1-4,1,value,Hardness,G001-177,Facilan™ C8,Shore D Hardness,72,72,,Shore D,=,,,,,ISO 868,,MATERIAL PROPERTIES,Shore D Hardness 72 ISO 868,,new,,high,reader-r1-23,
R-3D4MAKERS-TDS-Facilan-C8-Filament-v1-4,1,value,HDT,G001-177,Facilan™ C8,Heat Deflection Temperature,55°C,55,,°C,=,,,,,ISO 75 B**,rate=120 K/h,MATERIAL PROPERTIES,Heat Deflection Temperature 55°C ISO 75 B** | ** 120 K/h,,new,,high,reader-r1-23,no load stated; method B
R-3D4MAKERS-TDS-Facilan-C8-Filament-v1-4,1,setting,nozzle,G001-177,Facilan™ C8,Nozzle Temperature,180 - 210 °C,180,210,°C,=,,,,,,,PRINT RECOMMENDATIONS,Nozzle Temperature 180 - 210 °C,P1007,confirms,180-210°C,high,reader-r1-23,
R-3D4MAKERS-TDS-Facilan-C8-Filament-v1-4,1,setting,bed,G001-177,Facilan™ C8,Bed Temperature,25 - 50 °C,25,50,°C,=,,,,,,,PRINT RECOMMENDATIONS,Bed Temperature 25 - 50 °C,P1007,confirms,25-50°C,high,reader-r1-23,
R-3D4MAKERS-TDS-Facilan-C8-Filament-v1-4,1,setting,print_speed,G001-177,Facilan™ C8,Print Speed,40 - 70 mm/s,40,70,mm/s,=,,,,,,,PRINT RECOMMENDATIONS,Print Speed 40 - 70 mm/s,,new,,high,reader-r1-23,
R-3D4MAKERS-TDS-Facilan-C8-Filament-v1-4,1,setting,plate,G001-177,Facilan™ C8,Bed Adhesion,PEI Sheet / Glass,,,,=,,,,,,,PRINT RECOMMENDATIONS,Bed Adhesion PEI Sheet / Glass,,new,,high,reader-r1-23,
R-3D4MAKERS-TDS-Facilan-C8-Filament-v1-4,1,context,tensile,G001-177,Facilan™ C8,Tensile test / Impact test,Printer : Ultimaker 2; Nozzle temp : 200°C; Bed temp : 50°C; Infill : 100%; Layer height : 0.1 mm; Print speed : 50 mm/s; Wall thickness : 0.7 mm; Wall line count : 2,,,,=,,printed,,,,printer=Ultimaker 2; nozzle=200°C; bed=50°C; infill=100%; layer height=0.1 mm; print speed=50 mm/s; wall thickness=0.7 mm; wall line count=2,Tensile test / Impact test,Tensile test Impact test | Printer : Ultimaker 2 | Nozzle temp : 200°C | Bed temp : 50°C | Infill : 100% | Layer height : 0.1 mm | Print speed : 50 mm/s | Wall thickness : 0.7 mm | Wall line count : 2,,new,,high,reader-r1-23,pictures of printed tensile specimen and impact bar with the print settings; read as the test specimens print settings; held P1008 (retired duplicate) carries nozzle 200
R-3D4MAKERS-TDS-Facilan-C8-Filament-v1-4,1,context,impact,G001-177,Facilan™ C8,Tensile test / Impact test,Printer : Ultimaker 2; Nozzle temp : 200°C; Bed temp : 50°C; Infill : 100%; Layer height : 0.1 mm; Print speed : 50 mm/s; Wall thickness : 0.7 mm; Wall line count : 2,,,,=,,printed,,,,printer=Ultimaker 2; nozzle=200°C; bed=50°C; infill=100%; layer height=0.1 mm; print speed=50 mm/s; wall thickness=0.7 mm; wall line count=2,Tensile test / Impact test,Impact test | Printer : Ultimaker 2 | Nozzle temp : 200°C | Bed temp : 50°C | Infill : 100% | Layer height : 0.1 mm | Print speed : 50 mm/s | Wall thickness : 0.7 mm | Wall line count : 2,,new,,high,reader-r1-23,same block as the tensile context row
R-3D4MAKERS-TDS-Facilan-C8-Filament-v1-4,1,setting,nozzle,G001-177,Facilan™ C8,Additional info,approximately 200°C,200,,°C,=,,,,,,,Additional info,C8 will print best at approximately 200°C with a bed temperature of 50°C and a speed of 50 mm/s.,,new,,high,reader-r1-23,"""For many 3D printers"""
R-3D4MAKERS-TDS-Facilan-C8-Filament-v1-4,1,setting,bed,G001-177,Facilan™ C8,Additional info,bed temperature of 50°C,50,,°C,=,,,,,,,Additional info,with a bed temperature of 50°C and a speed of 50 mm/s.,,new,,high,reader-r1-23,
R-3D4MAKERS-TDS-Facilan-C8-Filament-v1-4,1,setting,print_speed,G001-177,Facilan™ C8,Additional info,speed of 50 mm/s,50,,mm/s,=,,,,,,,Additional info,and a speed of 50 mm/s.,,new,,high,reader-r1-23,
R-3D4MAKERS-TDS-Facilan-C8-Filament-v1-4,1,setting,fan,G001-177,Facilan™ C8,Additional info,fans at 80% for significant overhangs and bridges; fans at 0% if no overhangs,80,,%,=,,,,,,,Additional info,"In designs with significant overhangs and bridges, best results are obtained with fans at 80%. If your model has no overhangs then putting your fans at 0% improves interlayer bonding",,new,,high,reader-r1-23,second value: 0% for models without overhangs
R-3D4MAKERS-TDS-PETG-Carbon-Filament-3D4Makers,1,identity,polymer,G024-10,PETG Carbon Filament,PETG Carbon Filament,Polyethylene Terephthalate reinforced with carbon fibers,,,,=,,,,,,,,PETG Carbon Filament is a Polyethylene Terephthalate reinforced with carbon fibers.,,new,,high,reader-r1-23,
R-3D4MAKERS-TDS-PETG-Carbon-Filament-3D4Makers,1,identity,filler,G024-10,PETG Carbon Filament,carbon fibers,carbon fibers,,,,=,,,,,,,,reinforced with carbon fibers,,new,,high,reader-r1-23,
R-3D4MAKERS-TDS-PETG-Carbon-Filament-3D4Makers,1,value,Density,G024-10,PETG Carbon Filament,Density,1.317 g/cm³,1.317,,g/cm³,=,,,,,ISO 1183-1,,MATERIAL PROPERTIES,Density 1.317 g/cm³ ISO 1183-1,V006787,confirms,1.317 g/cm³,high,reader-r1-23,
R-3D4MAKERS-TDS-PETG-Carbon-Filament-3D4Makers,1,value,Tensile strength (endpoint unspecified),G024-10,PETG Carbon Filament,Tensile Strength,52.9 MPa,52.9,,MPa,=,,,,,ISO 527-2/5A/50,,MATERIAL PROPERTIES,Tensile Strength 52.9 MPa ISO 527-2/5A/50,,new,,high,reader-r1-23,
R-3D4MAKERS-TDS-PETG-Carbon-Filament-3D4Makers,1,value,Tensile strain at strength,G024-10,PETG Carbon Filament,Tensile strain at strength,2.4 %,2.4,,%,=,,,,,ISO 527-2/5A/50,,MATERIAL PROPERTIES,Tensile strain at strength 2.4 % ISO 527-2/5A/50,,new,,high,reader-r1-23,
R-3D4MAKERS-TDS-PETG-Carbon-Filament-3D4Makers,1,value,Tensile modulus,G024-10,PETG Carbon Filament,Tensile Modulus,"4,015 MPa",4015,,MPa,=,,,,,ISO 527-2/5A/50,,MATERIAL PROPERTIES,"Tensile Modulus 4,015 MPa ISO 527-2/5A/50",,new,,high,reader-r1-23,
R-3D4MAKERS-TDS-PETG-Carbon-Filament-3D4Makers,1,value,Tensile break strength,G024-10,PETG Carbon Filament,Tensile Stress at Break,41.3 MPa,41.3,,MPa,=,,,,,ISO 527-2/5A/50,,MATERIAL PROPERTIES,Tensile Stress at Break 41.3 MPa ISO 527-2/5A/50,,new,,high,reader-r1-23,
R-3D4MAKERS-TDS-PETG-Carbon-Filament-3D4Makers,1,value,Elongation at break,G024-10,PETG Carbon Filament,Tensile strain at break,3.4 %,3.4,,%,=,,,,,ISO 527-2/5A/50,,MATERIAL PROPERTIES,Tensile strain at break 3.4 % ISO 527-2/5A/50,,new,,high,reader-r1-23,
R-3D4MAKERS-TDS-PETG-Carbon-Filament-3D4Makers,1,value,Charpy strength,G024-10,PETG Carbon Filament,Charpy impact resistance,4.03 kJ/m²,4.03,,kJ/m²,=,,,,,ISO 179-1/1eA,,MATERIAL PROPERTIES,Charpy impact resistance 4.03 kJ/m² ISO 179-1/1eA,,new,,high,reader-r1-23,1eA is the notched designation
R-3D4MAKERS-TDS-PETG-Carbon-Filament-3D4Makers,1,value,Hardness,G024-10,PETG Carbon Filament,Shore Hardness,"76,4D",76.4,,Shore D,=,,,,,ISO 868,,MATERIAL PROPERTIES,"Shore Hardness 76,4D ISO 868",,new,,high,reader-r1-23,
R-3D4MAKERS-TDS-PETG-Carbon-Filament-3D4Makers,1,value,Glass transition temperature,G024-10,PETG Carbon Filament,Glass transition temp. (Tg),76 °C,76,,°C,=,,,,,ISO 11357-1 DSC,,MATERIAL PROPERTIES,Glass transition temp. (Tg) 76 °C ISO 11357-1 DSC,,new,,high,reader-r1-23,
R-3D4MAKERS-TDS-PETG-Carbon-Filament-3D4Makers,1,setting,nozzle,G024-10,PETG Carbon Filament,Nozzle Temperature,220-260 °C,220,260,°C,=,,,,,,,PRINT RECOMMENDATIONS,Nozzle Temperature 220-260 °C,P0610,confirms,220-260°C,high,reader-r1-23,
R-3D4MAKERS-TDS-PETG-Carbon-Filament-3D4Makers,1,setting,bed,G024-10,PETG Carbon Filament,Bed Temperature,60-100°C,60,100,°C,=,,,,,,,PRINT RECOMMENDATIONS,Bed Temperature 60-100°C,P0610,confirms,60-100°C,high,reader-r1-23,
R-3D4MAKERS-TDS-PETG-Carbon-Filament-3D4Makers,1,setting,print_speed,G024-10,PETG Carbon Filament,Print Speed,40-70 mm/s,40,70,mm/s,=,,,,,,,PRINT RECOMMENDATIONS,Print Speed 40-70 mm/s,,new,,high,reader-r1-23,
R-3D4MAKERS-TDS-PETG-Carbon-Filament-3D4Makers,1,setting,drying,G024-10,PETG Carbon Filament,Drying recommendations,"2-4 hours, 65°C",65,,°C,=,,,,,,hours=2-4,PRINT RECOMMENDATIONS,"Drying recommendations 2-4 hours, 65°C",P0610,confirms,"2-4hours,65°C",high,reader-r1-23,held Drying hours is 4; page prints 2-4 hours
R-3D4MAKERS-TDS-PETG-Carbon-Filament-3D4Makers,1,context,tensile,G024-10,PETG Carbon Filament,Tensile test / Impact test,Nozzle temp : 225°C; Bed temp : 60°C; Infill : 100%; Infill angle : 45°/-45°; Print speed : 50 mm/s,,,,=,,printed,,,,nozzle=225°C; bed=60°C; infill=100%; infill angle=45°/-45°; print speed=50 mm/s,Tensile test / Impact test,Tensile test Impact test | Nozzle temp : 225°C | Bed temp : 60°C | Infill : 100% | Infill angle : 45°/-45° | Print speed : 50 mm/s,,new,,high,reader-r1-23,pictures of printed tensile specimen and impact bar with print settings; read as test specimen print settings; held P0611 (retired duplicate) carries nozzle 225
R-3D4MAKERS-TDS-PETG-Carbon-Filament-3D4Makers,1,context,impact,G024-10,PETG Carbon Filament,Tensile test / Impact test,Nozzle temp : 225°C; Bed temp : 60°C; Infill : 100%; Infill angle : 45°/-45°; Print speed : 50 mm/s,,,,=,,printed,,,,nozzle=225°C; bed=60°C; infill=100%; infill angle=45°/-45°; print speed=50 mm/s,Tensile test / Impact test,Impact test | Nozzle temp : 225°C | Bed temp : 60°C | Infill : 100% | Infill angle : 45°/-45° | Print speed : 50 mm/s,,new,,high,reader-r1-23,same block as the tensile context row
R-3D4MAKERS-TDS-PETG-Carbon-Filament-3D4Makers,1,setting,other,G024-10,PETG Carbon Filament,Additional info,"stored in a cool, dry and dark place",,,,=,,,,,,,Additional info,"stored in a cool, dry and dark place until it is used again.",,new,,high,reader-r1-23,"storage, not a print setting; page does not mention a hardened nozzle (held P0611 has TRUE, retired)"
R-3D4MAKERS-TDS-PETG-Filament,1,identity,polymer,G020-34,PETG Filament,PETG Filament,PETG Filament (Polyethylene Terepthalate Glycol-modified),,,,=,,,,,,,,PETG Filament (Polyethylene Terepthalate Glycol-modified),,new,,high,reader-r1-23,
R-3D4MAKERS-TDS-PETG-Filament,1,value,Density,G020-34,PETG Filament,Density,1.29 g/cm3,1.29,,g/cm3,=,,,,,ASTM D792,,PHYSICAL,Density ASTM D792 1.29 g/cm3,V007137,confirms,1.29 g/cm3,high,reader-r1-23,
R-3D4MAKERS-TDS-PETG-Filament,1,value,unmapped:Bulk Density,G020-34,PETG Filament,Bulk Density,0.73 g/cm3,0.73,,g/cm3,=,,,,,,,PHYSICAL,Bulk Density 0.73 g/cm3,,new,,high,reader-r1-23,
R-3D4MAKERS-TDS-PETG-Filament,1,value,unmapped:Intrinsic Viscosity,G020-34,PETG Filament,Intrinsic Viscosity,0.80 dl/g,0.80,,dl/g,=,,,,,ISO 1628-5,,PHYSICAL,Intrinsic Viscosity ISO 1628-5 0.80 dl/g,,new,,high,reader-r1-23,
R-3D4MAKERS-TDS-PETG-Filament,1,value,Water absorption,G020-34,PETG Filament,Water Absorption,0.12 %,0.12,,%,=,,,,,ASTM D570,,PHYSICAL,Water Absorption ASTM D570 0.12 %,V007138,confirms,0.12 %,high,reader-r1-23,
R-3D4MAKERS-TDS-PETG-Filament,1,value,unmapped:Color b*,G020-34,PETG Filament,Color,≤ 1,1,,,<,,,,,ASTM D6290,b*,PHYSICAL,Color b* ASTM D6290 ≤ 1,,new,,high,reader-r1-23,operator is ≤ (written < as only > and < are allowed)
R-3D4MAKERS-TDS-PETG-Filament,1,value,unmapped:Color L*,G020-34,PETG Filament,Color,≥ 64,64,,,>,,,,,ASTM D6290,L*,PHYSICAL,L* ASTM D6290 ≥ 64,,new,,high,reader-r1-23,operator is ≥ (written > as only > and < are allowed)
R-3D4MAKERS-TDS-PETG-Filament,1,value,Tensile modulus,G020-34,PETG Filament,Tensile modulus,3000 MPa,3000,,MPa,=,,,,,ISO 527-2,,MECHANICAL,Tensile modulus ISO 527-2 3000 MPa,V007139,confirms,3000 MPa,high,reader-r1-23,
R-3D4MAKERS-TDS-PETG-Filament,1,value,Tensile yield strength,G020-34,PETG Filament,Tensile Yield stress,53 MPa,53,,MPa,=,,,,,ISO 527-2,,MECHANICAL,Tensile Yield stress ISO 527-2 53 MPa,V007140,confirms,53 MPa,high,reader-r1-23,
R-3D4MAKERS-TDS-PETG-Filament,1,value,Elongation at yield,G020-34,PETG Filament,Elongation at Yield,4 %,4,,%,=,,,,,ISO 527-2,,MECHANICAL,Elongation at Yield ISO 527-2 4 %,V007141,confirms,4 %,high,reader-r1-23,
R-3D4MAKERS-TDS-PETG-Filament,1,value,Tensile strength (endpoint unspecified),G020-34,PETG Filament,Tensile Strength,53 MPa,53,,MPa,=,,,,,ISO 527-2,,MECHANICAL,Tensile Strength ISO 527-2 53 MPa,V007142,confirms,53 MPa,high,reader-r1-23,
R-3D4MAKERS-TDS-PETG-Filament,1,value,Tensile strain at strength,G020-34,PETG Filament,Elongation at Strength,4 %,4,,%,=,,,,,ISO 527-2,,MECHANICAL,Elongation at Strength ISO 527-2 4 %,V007143,confirms,4 %,high,reader-r1-23,
R-3D4MAKERS-TDS-PETG-Filament,1,value,Tensile break strength,G020-34,PETG Filament,Stress at Break,19 MPa,19,,MPa,=,,,,,ISO 527-2,,MECHANICAL,Stress at Break ISO 527-2 19 MPa,V007144,confirms,19 MPa,high,reader-r1-23,
R-3D4MAKERS-TDS-PETG-Filament,1,value,Elongation at break,G020-34,PETG Filament,Nominal elongation at Break,31 %,31,,%,=,,,,,ISO 527-2,,MECHANICAL,Nominal elongation at Break ISO 527-2 31 %,V007145,confirms,31 %,high,reader-r1-23,
R-3D4MAKERS-TDS-PETG-Filament,1,value,Flexural modulus,G020-34,PETG Filament,Flexural Modulus,2040 MPa,2040,,MPa,=,,,,,ISO 178,,MECHANICAL,Flexural Modulus ISO 178 2040 MPa,V007146,confirms,2040 MPa,high,reader-r1-23,
R-3D4MAKERS-TDS-PETG-Filament,1,value,Flexural strength,G020-34,PETG Filament,Flexural Stress,171 MPa,171,,MPa,=,,,,,ISO 178,,MECHANICAL,Flexural Stress ISO 178 171 MPa,V007147,confirms,171 MPa,high,reader-r1-23,label is Flexural Stress; 171 MPa is high for PETG (physically doubtful) but is what the page prints
R-3D4MAKERS-TDS-PETG-Filament,1,value,unmapped:Deflection at Flexural Strength,G020-34,PETG Filament,Deflection at Flexural Strength,8.6 mm,8.6,,mm,=,,,,,ISO 178,,MECHANICAL,Deflection at Flexural Strength ISO 178 8.6 mm,,new,,high,reader-r1-23,
R-3D4MAKERS-TDS-PETG-Filament,1,value,Izod impact strength,G020-34,PETG Filament,Notched Izod Impact Strength,4.5 kJ/m2,4.5,,kJ/m2,=,,,"23ºC, 50 % RH",,ISO 180,temp=23ºC; humidity=50 % RH; notched,IMPACT,"Notched Izod Impact Strength 23ºC, 50 % RH ISO 180 4.5 kJ/m2",V007148,confirms,4.5 kJ/m2,high,reader-r1-23,
R-3D4MAKERS-TDS-PETG-Filament,1,value,Izod impact strength,G020-34,PETG Filament,Unnotched Izod Impact Strength,No Break,,,,=,,,"23 ºC, 50 % RH",,ISO 180,temp=23 ºC; humidity=50 % RH; unnotched,IMPACT,"Unnotched Izod Impact Strength 23 ºC, 50 % RH ISO 180 No Break",,new,,high,reader-r1-23,no number
R-3D4MAKERS-TDS-PETG-Filament,1,value,Hardness,G020-34,PETG Filament,Shore Hardness,70,70,,,=,,,,,ASTM D2240,,HARDNESS,Shore Hardness ASTM D2240 70,,new,,high,reader-r1-23,Shore scale letter not printed
R-3D4MAKERS-TDS-PETG-Filament,1,value,HDT,G020-34,PETG Filament,Heat Deflection Temperature,68 ºC,68,,ºC,=,,,,,ISO 75-2,"load=0,45 MPa",THERMAL,"Heat Deflection Temperature | 0,45 MPa ISO 75-2 68 ºC",,new,,high,reader-r1-23,
R-3D4MAKERS-TDS-PETG-Filament,2,value,HDT,G020-34,PETG Filament,Heat Deflection Temperature,62 ºC,62,,ºC,=,,,,,ISO 75-2,load=1.8 MPa,THERMAL,1.8 MPa ISO 75-2 62 ºC,,new,,high,reader-r1-23,continuation of the Heat Deflection Temperature entry from page 1
R-3D4MAKERS-TDS-PETG-Filament,2,value,Vicat softening temperature,G020-34,PETG Filament,Vicat Softening Temperature,78 ºC,78,,ºC,=,,,,,ISO 306,,THERMAL,Vicat Softening Temperature ISO 306 78 ºC,V007149,confirms,78 °C,high,reader-r1-23,
R-3D4MAKERS-TDS-PETG-Filament,2,value,Glass transition temperature,G020-34,PETG Filament,Glass Transistion Temperature,80 ºC,80,,ºC,=,,,,,ASTM D3418,,THERMAL,Glass Transistion Temperature ASTM D3418 80 ºC,,new,,high,reader-r1-23,
R-3D4MAKERS-TDS-PETG-Filament,2,setting,nozzle,G020-34,PETG Filament,Nozzle Temperature,210 – 235 ºC,210,235,ºC,=,,,,,,,PRINT RECOMMENDATIONS,Nozzle Temperature 210 – 235 ºC,P0667,confirms,210 – 235 °C,high,reader-r1-23,
R-3D4MAKERS-TDS-PETG-Filament,2,setting,bed,G020-34,PETG Filament,Bed Temperature,50 - 80 ºC,50,80,ºC,=,,,,,,,PRINT RECOMMENDATIONS,Bed Temperature 50 - 80 ºC,P0667,confirms,50 - 80 °C,high,reader-r1-23,
R-3D4MAKERS-TDS-PETG-Filament,2,setting,print_speed,G020-34,PETG Filament,Print Speed,35 - 70 mm/s,35,70,mm/s,=,,,,,,,PRINT RECOMMENDATIONS,Print Speed 35 - 70 mm/s,,new,,high,reader-r1-23,
R-3D4MAKERS-TDS-PETG-Filament,2,setting,plate,G020-34,PETG Filament,Bed Adhesion,"PEI Sheet, Buildtak, Adhesion spray",,,,=,,,,,,,PRINT RECOMMENDATIONS,"Bed Adhesion PEI Sheet, Buildtak, Adhesion spray",,new,,high,reader-r1-23,
R-3D4MAKERS-TDS-PLA-Filament,1,identity,polymer,G001-95,PLA Filament,PLA Filament,PLA Filament (Polylactic Acid),,,,=,,,,,,,,PLA Filament (Polylactic Acid) is a biodegradable plastic,,new,,high,reader-r1-23,
R-3D4MAKERS-TDS-PLA-Filament,1,value,Density,G001-95,PLA Filament,PLA has a density of about,about 1.25 kg/ cm3,1.25,,kg/cm3,=,,,,,,,Description,PLA has a density of about 1.25 kg/ cm3.,,new,,high,reader-r1-23,description text; unit printed kg/cm3 (sic)
R-3D4MAKERS-TDS-PLA-Filament,1,value,Density,G001-95,PLA Filament,Density,1.24 g/cm3,1.24,,g/cm3,=,,,,,ASTM D1505,,PHYSICAL,Density ASTM D1505 1.24 g/cm3,V007356,confirms,1.24 g/cm3,high,reader-r1-23,
R-3D4MAKERS-TDS-PLA-Filament,1,value,Tensile strength (endpoint unspecified),G001-95,PLA Filament,Tensile Strength MD,"110,3 MPa",110.3,,MPa,=,MD,,,,ASTM D882,MD,MECHANICAL,"Tensile Strength MD ASTM D882 110,3 MPa",V007357,confirms,"110,3 MPa",high,reader-r1-23,"ASTM D882 is a thin-film method; sheet does not say film or filament; direction is machine direction, not build direction"
R-3D4MAKERS-TDS-PLA-Filament,1,value,Tensile strength (endpoint unspecified),G001-95,PLA Filament,Tensile Strength TD,"144,7 MPa",144.7,,MPa,=,TD,,,,ASTM D882,TD,MECHANICAL,"TD ASTM D882 144,7 MPa",,new,,high,reader-r1-23,transverse direction
R-3D4MAKERS-TDS-PLA-Filament,1,value,Tensile modulus,G001-95,PLA Filament,Tensile Modulus MD,3309 MPa,3309,,MPa,=,MD,,,,ASTM D882,MD,MECHANICAL,Tensile Modulus MD ASTM D882 3309 MPa,V007358,confirms,3309 MPa,high,reader-r1-23,
R-3D4MAKERS-TDS-PLA-Filament,1,value,Tensile modulus,G001-95,PLA Filament,Tensile Modulus TD,3861 MPa,3861,,MPa,=,TD,,,,ASTM D882,TD,MECHANICAL,TD ASTM D882 3861 MPa,,new,,high,reader-r1-23,
R-3D4MAKERS-TDS-PLA-Filament,1,value,Elongation at break,G001-95,PLA Filament,Elongation at Break MD,160 %,160,,%,=,MD,,,,ASTM D882,MD,MECHANICAL,Elongation at Break MD ASTM D882 160 %,V007359,confirms,160 %,high,reader-r1-23,
R-3D4MAKERS-TDS-PLA-Filament,1,value,Elongation at break,G001-95,PLA Filament,Elongation at Break TD,100 %,100,,%,=,TD,,,,ASTM D882,TD,MECHANICAL,TD ASTM D882 100 %,,new,,high,reader-r1-23,
R-3D4MAKERS-TDS-PLA-Filament,1,value,Tear strength,G001-95,PLA Filament,Elmendorf Tear MD,15 g/mil,15,,g/mil,=,MD,,,,ASTM D1922,MD,MECHANICAL,Elmendorf Tear MD ASTM D1922 15 g/mil,,new,,high,reader-r1-23,
R-3D4MAKERS-TDS-PLA-Filament,1,value,Tear strength,G001-95,PLA Filament,Elmendorf Tear TD,13 g/mil,13,,g/mil,=,TD,,,,ASTM D1922,TD,MECHANICAL,TD ASTM D1922 13 g/mil,,new,,high,reader-r1-23,
R-3D4MAKERS-TDS-PLA-Filament,1,value,unmapped:Spencer Impact,G001-95,PLA Filament,Spencer Impact,2.5 J,2.5,,J,=,,,,,,,IMPACT,Spencer Impact 2.5 J,,new,,high,reader-r1-23,
R-3D4MAKERS-TDS-PLA-Filament,1,value,Melting temperature,G001-95,PLA Filament,Melting Point,145 - 160 ºC,145,160,ºC,=,,,,,ASTM 3418,,THERMAL,Melting Point ASTM 3418 145 - 160 ºC,V007360,confirms,145-160 °C,high,reader-r1-23,
R-3D4MAKERS-TDS-PLA-Filament,1,value,unmapped:Oxygen transmission rate,G001-95,PLA Filament,Oxygen,675 cc-mil/ m2-24hr-atm,675,,cc-mil/ m2-24hr-atm,=,,,,,D1434,,TRANSMISSION RATES,Oxygen D1434 675 cc-mil/ m2-24hr-atm,,new,,high,reader-r1-23,
R-3D4MAKERS-TDS-PLA-Filament,1,value,unmapped:Carbon dioxide transmission rate,G001-95,PLA Filament,Carbon Dioxide,"2,850 cc-mil/ m2-24hr-atm",2850,,cc-mil/ m2-24hr-atm,=,,,,,Internal,,TRANSMISSION RATES,"Carbon Dioxide Internal 2,850 cc-mil/ m2-24hr-atm",,new,,high,reader-r1-23,
R-3D4MAKERS-TDS-PLA-Filament,1,value,unmapped:Water vapor transmission rate,G001-95,PLA Filament,Water Vapor,375 g-mil/ m2-24hr,375,,g-mil/ m2-24hr,=,,,,,ASTM F1249,,TRANSMISSION RATES,Water Vapor ASTM F1249 375 g-mil/ m2-24hr,,new,,high,reader-r1-23,
R-3D4MAKERS-TDS-PLA-Filament,1,value,unmapped:Haze,G001-95,PLA Filament,Haze,2.1 %,2.1,,%,=,,,,,ASTM D1003,,OPTICAL,Haze ASTM D1003 2.1 %,,new,,high,reader-r1-23,
R-3D4MAKERS-TDS-PLA-Filament,1,value,unmapped:Gloss,G001-95,PLA Filament,Gloss,90,90,,,=,,,,,ASTM D1003,20 ºC,OPTICAL,Gloss 20 ºC ASTM D1003 90,,new,,high,reader-r1-23,20 ºC printed in the Conditions column
R-3D4MAKERS-TDS-PLA-Filament,2,setting,nozzle,G001-95,PLA Filament,Nozzle Temperature,170- 220 ºC,170,220,ºC,=,,,,,,,PRINT RECOMMENDATIONS,Nozzle Temperature 170- 220 ºC,P0697,confirms,170- 220 °C,high,reader-r1-23,
R-3D4MAKERS-TDS-PLA-Filament,2,setting,bed,G001-95,PLA Filament,Bed Temperature,20 - 60 ºC,20,60,ºC,=,,,,,,,PRINT RECOMMENDATIONS,Bed Temperature 20 - 60 ºC,P0697,confirms,20 - 60 °C,high,reader-r1-23,
R-3D4MAKERS-TDS-PLA-Filament,2,setting,print_speed,G001-95,PLA Filament,Print Speed,30 - 80 mm/s,30,80,mm/s,=,,,,,,,PRINT RECOMMENDATIONS,Print Speed 30 - 80 mm/s,,new,,high,reader-r1-23,
R-3D4MAKERS-TDS-PLA-Filament,2,setting,plate,G001-95,PLA Filament,Bed Adhesion,"Glass bed, Blue painters tape, Adhesion spray & more",,,,=,,,,,,,PRINT RECOMMENDATIONS,"Bed Adhesion Glass bed, Blue painters tape, Adhesion spray & more",,new,,high,reader-r1-23,
R-3D4MAKERS-TDS-PLLA-Filament,1,identity,polymer,G001-73,PLLA Filament,PLLA Filament,"PLLA, Poly (l-lactic acid)",,,,=,,,,,,,,"PLLA ,Poly (l-lactic acid), is a biodegradable polymer",,new,,high,reader-r1-23,
R-3D4MAKERS-TDS-PLLA-Filament,1,value,Tensile break strength,G001-73,PLLA Filament,Tensile strength at break,50MPa,50,,MPa,=,,,,,ISO 527,,MECHANICAL DATA,Tensile strength at break ISO 527 50MPa,V006594,confirms,50 MPa,high,reader-r1-23,
R-3D4MAKERS-TDS-PLLA-Filament,1,value,Elongation at break,G001-73,PLLA Filament,Tensile elongation at break,≤ 5%,5,,%,<,,,,,ISO 527,,MECHANICAL DATA,Tensile elongation at break ISO 527 ≤ 5%,V006595,confirms,5 % (operator <),high,reader-r1-23,printed operator is ≤ (written < since only > and < are allowed)
R-3D4MAKERS-TDS-PLLA-Filament,1,value,Tensile modulus,G001-73,PLLA Filament,Young’s Modulus,3 500 MPa,3500,,MPa,=,,,,,ISO 527,,MECHANICAL DATA,Young’s Modulus ISO 527 3 500 MPa,V006596,confirms,3500 MPa,high,reader-r1-23,
R-3D4MAKERS-TDS-PLLA-Filament,1,value,Flexural modulus,G001-73,PLLA Filament,Flexural Modulus,3 350 MPa,3350,,MPa,=,,,,,ISO 178,,MECHANICAL DATA,Flexural Modulus ISO 178 3 350 MPa,V006597,confirms,3350 MPa,high,reader-r1-23,
R-3D4MAKERS-TDS-PLLA-Filament,1,value,Charpy strength,G001-73,PLLA Filament,Charpy impact strength (unnotched),21kJ/m2,21,,kJ/m2,=,,,,,ISO 179,unnotched,MECHANICAL DATA,Charpy impact strength (unnotched) ISO 179 21kJ/m2,V006598,confirms,21 kJ/m2,high,reader-r1-23,
R-3D4MAKERS-TDS-PLLA-Filament,1,value,Melting temperature,G001-73,PLLA Filament,Melt temperature,175 ºC,175,,ºC,=,,,,,,,THERMAL DATA,Melt temperature 175 ºC,V006599,confirms,175 °C,high,reader-r1-23,
R-3D4MAKERS-TDS-PLLA-Filament,1,value,HDT,G001-73,PLLA Filament,HDT Method B120,55 - 60 ºC,55,60,ºC,=,,,,,ISO 75-2,method=B120,THERMAL DATA,HDT Method B120 ISO 75-2 55 - 60 ºC,V006600,confirms,55-60 °C,high,reader-r1-23,no load stated; B120 is the method heating rate designation
R-3D4MAKERS-TDS-PLLA-Filament,1,value,Vicat softening temperature,G001-73,PLLA Filament,Vicat Method A50,61 ºC,61,,ºC,=,,,,,ISO 306,method=A50,THERMAL DATA,Vicat Method A50 ISO 306 61 ºC,V006601,confirms,61 °C,high,reader-r1-23,
R-3D4MAKERS-TDS-PLLA-Filament,1,value,Density,G001-73,PLLA Filament,Density,"1,24 g cm-3",1.24,,g cm-3,=,,,,,ISO 1183,,PHYSICAL DATA,"Density ISO 1183 1,24 g cm-3",,new,,high,reader-r1-23,
R-3D4MAKERS-TDS-PLLA-Filament,1,value,Mould shrinkage,G001-73,PLLA Filament,Shrinkage,0.1 – 0.2%,0.1,0.2,%,=,,,,,,,PHYSICAL DATA,Shrinkage 0.1 – 0.2%,V006602,confirms,0.1-0.2 %,high,reader-r1-23,no method printed
R-3D4MAKERS-TDS-PLLA-Filament,1,value,Melt mass-flow rate,G001-73,PLLA Filament,"MFI (190° ; 2,16 kg)",3 g/10min,3,,g/10min,=,,,,,ISO 1133,"temp=190°; load=2,16 kg",PHYSICAL DATA,"MFI (190° ; 2,16 kg) ISO 1133 3 g/10min",,new,,high,reader-r1-23,
R-3D4MAKERS-TDS-PLLA-Filament,1,value,Mould shrinkage,G001-73,PLLA Filament,Linear Mould Shrinkage,1.4-1.6%,1.4,1.6,%,=,,,,,DIN16901,VSR 3mm ||,PHYSICAL DATA,Linear Mould Shrinkage VSR 3mm || DIN16901 1.4-1.6%,,new,,high,reader-r1-23,conditions cell prints VSR 3mm ||
R-3D4MAKERS-TDS-PLLA-Filament,1,value,unmapped:Flammability Behaviour,G001-73,PLLA Filament,Flammability Behaviour,(V-0),,,,=,,,,,UL,,PHYSICAL DATA,Flammability Behaviour UL (V-0),,new,,high,reader-r1-23,
R-3D4MAKERS-TDS-PLLA-Filament,1,setting,nozzle,G001-73,PLLA Filament,Nozzle temperature,180 - 220 ºC,180,220,ºC,=,,,,,,,PRINT RECOMMENDATIONS,Nozzle temperature 180 - 220 ºC,P0584,confirms,180-220 °C,high,reader-r1-23,
R-3D4MAKERS-TDS-PLLA-Filament,1,setting,bed,G001-73,PLLA Filament,Bed Temperature,40 - 60ºC,40,60,ºC,=,,,,,,,PRINT RECOMMENDATIONS,Bed Temperature 40 - 60ºC,P0584,confirms,40 - 60°C,high,reader-r1-23,
R-3D4MAKERS-TDS-PLLA-Filament,1,setting,print_speed,G001-73,PLLA Filament,Print Speed,15 - 30 mm/s,15,30,mm/s,=,,,,,,,PRINT RECOMMENDATIONS,Print Speed 15 - 30 mm/s,,new,,high,reader-r1-23,
R-3D4MAKERS-TDS-PLLA-Filament,1,setting,drying,G001-73,PLLA Filament,Drying Instruction,"3 hours, 60°C",60,,°C,=,,,,,,hours=3,PRINT RECOMMENDATIONS,"Drying Instruction 3 hours, 60°C",P0584,confirms,"3 hours, 60°C",high,reader-r1-23,
R-3D4MAKERS-TDS-PLLA-Filament,1,setting,plate,G001-73,PLLA Filament,Bed Adhesion,"PEI Sheet, carbon fiber plate or glass plate + Magigoo original",,,,=,,,,,,,PRINT RECOMMENDATIONS,"Bed Adhesion PEI Sheet, carbon fiber plate or glass plate + Magigoo original",,new,,high,reader-r1-23,
R-3D4MAKERS-TDS-pps-cf-9938-bk-filament-en-iso,1,identity,polymer,G073-05,LUVOCOM 3F PPS CF 9938 BK,"Polyphenylene sulfide, linear","Polyphenylene sulfide, linear",,,,,,,,,,,,"Polyphenylene sulfide, linear",,new,,high,reader-r1-23-b,
R-3D4MAKERS-TDS-pps-cf-9938-bk-filament-en-iso,1,identity,filler,G073-05,LUVOCOM 3F PPS CF 9938 BK,"with carbon fibers, black","with carbon fibers, black",,,,,,,,,,,,"with carbon fibers, black",,new,,high,reader-r1-23-b,
R-3D4MAKERS-TDS-pps-cf-9938-bk-filament-en-iso,1,identity,grade,G073-05,LUVOCOM 3F PPS CF 9938 BK,LUVOCOM 3F PPS CF 9938 BK,LUVOCOM 3F PPS CF 9938 BK,,,,,,,,,,,,LUVOCOM® 3F PPS CF 9938 BK,,new,,high,reader-r1-23-b,
R-3D4MAKERS-TDS-pps-cf-9938-bk-filament-en-iso,1,value,Density,G073-05,LUVOCOM 3F PPS CF 9938 BK,Specific gravity,"1,51 g/cm³",1.51,,g/cm³,=,,,,,ISO 1183-3,,Physical properties,"Specific gravity | ISO 1183-3 | g/cm³ | 1,51",V007156,confirms,"1,51 g/cm³",high,reader-r1-23-b,
R-3D4MAKERS-TDS-pps-cf-9938-bk-filament-en-iso,1,value,Water absorption,G073-05,LUVOCOM 3F PPS CF 9938 BK,Water absorption 23°C / 24h,"<0,05 %",0.05,,%,<,,MPTS ISO 3167 A,,,ISO 62,temp=23°C; time=24h,Physical properties,"Water absorption | 23°C / 24h | ISO 62 | MPTS ISO 3167 A | % | <0,05",V007157,confirms,"0,05 %",high,reader-r1-23-b,
R-3D4MAKERS-TDS-pps-cf-9938-bk-filament-en-iso,1,value,Mould shrinkage,G073-05,LUVOCOM 3F PPS CF 9938 BK,Linear mould shrinkage,"0,1-0,3 %",0.1,0.3,%,=,,MPTS ISO 3167 A,,,DIN 16742,,Physical properties,"Linear mould shrinkage | DIN 16742 | MPTS ISO 3167 A | % | 0,1-0,3",,new,,high,reader-r1-23-b,
R-3D4MAKERS-TDS-pps-cf-9938-bk-filament-en-iso,1,context,tensile,G073-05,LUVOCOM 3F PPS CF 9938 BK,Mechanical properties at 23°C / 50% rh,,,,,,,,,,,temp=23°C; humidity=50% rh,Mechanical properties at 23°C / 50% rh,Mechanical properties at 23°C / 50% rh,,new,,high,reader-r1-23-b,
R-3D4MAKERS-TDS-pps-cf-9938-bk-filament-en-iso,1,context,flexural,G073-05,LUVOCOM 3F PPS CF 9938 BK,Mechanical properties at 23°C / 50% rh,,,,,,,,,,,temp=23°C; humidity=50% rh,Mechanical properties at 23°C / 50% rh,Mechanical properties at 23°C / 50% rh,,new,,high,reader-r1-23-b,
R-3D4MAKERS-TDS-pps-cf-9938-bk-filament-en-iso,1,context,impact,G073-05,LUVOCOM 3F PPS CF 9938 BK,Mechanical properties at 23°C / 50% rh,,,,,,,,,,,temp=23°C; humidity=50% rh,Mechanical properties at 23°C / 50% rh,Mechanical properties at 23°C / 50% rh,,new,,high,reader-r1-23-b,
R-3D4MAKERS-TDS-pps-cf-9938-bk-filament-en-iso,1,value,Tensile strength (endpoint unspecified),G073-05,LUVOCOM 3F PPS CF 9938 BK,Tensile strength,120 MPa,120,,MPa,=,,MPTS ISO 3167 A,dry,,ISO 527,rate=50 mm/min,Mechanical properties at 23°C / 50% rh,"Tensile strength | dry, @50 mm/min | ISO 527 | MPTS ISO 3167 A | MPa | 120 | Mechanical properties at 23°C / 50% rh",V007158,confirms,120 MPa,high,reader-r1-23-b,
R-3D4MAKERS-TDS-pps-cf-9938-bk-filament-en-iso,1,value,Tensile strain at strength,G073-05,LUVOCOM 3F PPS CF 9938 BK,Elongation at maximum force,"1,6 %",1.6,,%,=,,MPTS ISO 3167 A,dry,,ISO 527,rate=50 mm/min,Mechanical properties at 23°C / 50% rh,"Elongation at maximum force | dry, @50 mm/min | ISO 527 | MPTS ISO 3167 A | % | 1,6 | Mechanical properties at 23°C / 50% rh",V007159,confirms,"1,6 %",high,reader-r1-23-b,
R-3D4MAKERS-TDS-pps-cf-9938-bk-filament-en-iso,1,value,Tensile modulus,G073-05,LUVOCOM 3F PPS CF 9938 BK,Modulus of elasticity,11 GPa,11,,GPa,=,,MPTS ISO 3167 A,dry,,ISO 527,rate=1 mm/min,Mechanical properties at 23°C / 50% rh,"Modulus of elasticity | dry, @1 mm/min | ISO 527 | MPTS ISO 3167 A | GPa | 11 | Mechanical properties at 23°C / 50% rh",V007160,confirms,11 GPa,high,reader-r1-23-b,
R-3D4MAKERS-TDS-pps-cf-9938-bk-filament-en-iso,1,value,Flexural strength,G073-05,LUVOCOM 3F PPS CF 9938 BK,Flexural strength,170 MPa,170,,MPa,=,,MPTS ISO 3167 A,dry,,ISO 178,rate=10 mm/min,Mechanical properties at 23°C / 50% rh,"Flexural strength | dry, @10 mm/min | ISO 178 | MPTS ISO 3167 A | MPa | 170 | Mechanical properties at 23°C / 50% rh",V007161,confirms,170 MPa,high,reader-r1-23-b,
R-3D4MAKERS-TDS-pps-cf-9938-bk-filament-en-iso,1,value,unmapped:Flexural elongation at max. force,G073-05,LUVOCOM 3F PPS CF 9938 BK,Flexural elongation at max. force,"2,0 %",2.0,,%,=,,MPTS ISO 3167 A,dry,,ISO 178,rate=10 mm/min,Mechanical properties at 23°C / 50% rh,"Flexural elongation at max. force | dry, @10 mm/min | ISO 178 | MPTS ISO 3167 A | % | 2,0 | Mechanical properties at 23°C / 50% rh",,new,,high,reader-r1-23-b,
R-3D4MAKERS-TDS-pps-cf-9938-bk-filament-en-iso,1,value,Flexural modulus,G073-05,LUVOCOM 3F PPS CF 9938 BK,Flexural modulus,9 GPa,9,,GPa,=,,MPTS ISO 3167 A,dry,,ISO 178,rate=2 mm/min,Mechanical properties at 23°C / 50% rh,"Flexural modulus | dry, @2 mm/min | ISO 178 | MPTS ISO 3167 A | GPa | 9 | Mechanical properties at 23°C / 50% rh",V007162,confirms,9 GPa,high,reader-r1-23-b,
R-3D4MAKERS-TDS-pps-cf-9938-bk-filament-en-iso,1,value,Charpy strength,G073-05,LUVOCOM 3F PPS CF 9938 BK,Charpy impact strength,22 kJ/m²,22,,kJ/m²,=,,80x10x4mm,dry,,ISO 179 1eU,,Mechanical properties at 23°C / 50% rh,Charpy impact strength | dry | ISO 179 1eU | 80x10x4mm | kJ/m² | 22 | Mechanical properties at 23°C / 50% rh,V007163,confirms,22 kJ/m²,high,reader-r1-23-b,
R-3D4MAKERS-TDS-pps-cf-9938-bk-filament-en-iso,1,value,Continuous service temperature,G073-05,LUVOCOM 3F PPS CF 9938 BK,Continuous service temperature,220 °C,220,,°C,=,,MPTS ISO 3167 A,,,IEC 60216,time=20.000 h,Thermal properties,Continuous service temperature | 20.000 h | IEC 60216 | MPTS ISO 3167 A | °C | 220,V007164,confirms,220 °C,high,reader-r1-23-b,
R-3D4MAKERS-TDS-pps-cf-9938-bk-filament-en-iso,1,value,unmapped:Service temperature (during lifetime max. 200h),G073-05,LUVOCOM 3F PPS CF 9938 BK,Service temperature,240 °C,240,,°C,=,,MPTS ISO 3167 A,,,,during lifetime max. 200h,Thermal properties,Service temperature | during lifetime max. 200h | MPTS ISO 3167 A | °C | 240,,new,,high,reader-r1-23-b,
R-3D4MAKERS-TDS-pps-cf-9938-bk-filament-en-iso,1,value,unmapped:Insulation resistance strip electrode,G073-05,LUVOCOM 3F PPS CF 9938 BK,Insulation resistance strip electrode,≤10⁶ Ω,,,Ω,<,,MPTS ISO 3167 A,,,DIN IEC 60167,electrode=R25,Electrical properties,Insulation resistance strip electrode | R25 | DIN IEC 60167 | MPTS ISO 3167 A | Ω | ≤10⁶,,new,,high,reader-r1-23-b,"value printed as a power of ten, operator is ≤ (written < as the schema has only > and <)"
R-3D4MAKERS-TDS-pps-cf-9938-bk-filament-en-iso,1,value,Surface resistivity,G073-05,LUVOCOM 3F PPS CF 9938 BK,Surface resistance,<10⁶ Ω,,,Ω,<,,Ronde 60x4mm,,,DIN IEC 60093,electrode=ROB,Electrical properties,Surface resistance | ROB | DIN IEC 60093 | Ronde 60x4mm | Ω | <10⁶,V007165,confirms,10⁶ Ω,high,reader-r1-23-b,value printed as a power of ten (10^6); number left empty
R-3D4MAKERS-TDS-pps-cf-9938-bk-filament-en-iso,1,identity,other,G073-05,LUVOCOM 3F PPS CF 9938 BK,Main features,"Strong, stiff parts. Electrically conductive, suitable for continuous discharging of statically-generated electricity. High continuous-use and heat-distortion temperatures. Non flammable.",,,,,,,,,,,Main features,"Strong, stiff parts. Electrically conductive, suitable for continuous discharging of statically-generated electricity. High continuous- | use and heat-distortion temperatures. Non flammable.",,new,,high,reader-r1-23-b,
R-3D4MAKERS-TDS-pps-cf-9938-bk-filament-en-iso,2,setting,nozzle,G073-05,LUVOCOM 3F PPS CF 9938 BK,nozzle temperature,310 - 340 °C,310,340,°C,,,,,,,,Recommended processing parameters / General,nozzle | temperature: 310 - 340 °C,P0669,confirms,310 - 340 °C,high,reader-r1-23-b,
R-3D4MAKERS-TDS-pps-cf-9938-bk-filament-en-iso,2,setting,hardened_nozzle,G073-05,LUVOCOM 3F PPS CF 9938 BK,nozzle material,abbrasion resistant,,,,,,,,,,,Recommended processing parameters / General,nozzle material: abbrasion resistant,,new,,high,reader-r1-23-b,"sheet spelling ""abbrasion""; held profile P0669 has Hardened nozzle Not published"
R-3D4MAKERS-TDS-pps-cf-9938-bk-filament-en-iso,2,setting,bed,G073-05,LUVOCOM 3F PPS CF 9938 BK,print bed temperature,> 50 °C,50,,°C,>,,,,,,,Recommended processing parameters / General,print bed temperature: > 50 °C,P0669,confirms,> 50 °C,high,reader-r1-23-b,
R-3D4MAKERS-TDS-pps-cf-9938-bk-filament-en-iso,2,setting,other,G073-05,LUVOCOM 3F PPS CF 9938 BK,layer thickness,"> 0,2mm",0.2,,mm,>,,,,,,,Recommended processing parameters / General,"layer thickness: > 0,2mm",,new,,high,reader-r1-23-b,
R-3D4MAKERS-TDS-pps-cf-9938-bk-filament-en-iso,2,setting,print_speed,G073-05,LUVOCOM 3F PPS CF 9938 BK,printing speed,40 - 60 mm/s,40,60,mm/s,,,,,,,,Recommended processing parameters / General,printing speed 40 - 60 mm/s.,,new,,high,reader-r1-23-b,
R-3D4MAKERS-TDS-pps-cf-9938-bk-filament-en-iso,2,setting,drying,G073-05,LUVOCOM 3F PPS CF 9938 BK,Dehumidifying dryer,"100 - 140 °C, 2 - 4 h",100,140,°C,,,,,,,hours=2-4,Predrying,Dehumidifying dryer | 100 - 140 | 2 - 4 | Dryer type Temperature °C Drying time in h,,new,,high,reader-r1-23-b,"predrying of the granulate (pellets), not filament"
R-3D4MAKERS-TDS-pps-cf-9938-bk-filament-en-iso,2,setting,drying,G073-05,LUVOCOM 3F PPS CF 9938 BK,Vacuum Dryer,"50 - 90 °C, > 4 h",50,90,°C,,,,,,,hours=>4,Predrying,Vacuum Dryer | 50 - 90 | > 4 | Dryer type Temperature °C Drying time in h,,new,,high,reader-r1-23-b,"predrying of the granulate (pellets), not filament"
R-3D4MAKERS-TDS-pps-cf-9938-bk-filament-en-iso,2,setting,other,G073-05,LUVOCOM 3F PPS CF 9938 BK,Zone 1,300 - 320 °C,300,320,°C,,,,,,,,Processing,Zone 1 | °C | 300 - 320,,new,,high,reader-r1-23-b,"extrusion machine zone, granulate processing"
R-3D4MAKERS-TDS-pps-cf-9938-bk-filament-en-iso,2,setting,other,G073-05,LUVOCOM 3F PPS CF 9938 BK,Zone 2,310 - 330 °C,310,330,°C,,,,,,,,Processing,Zone 2 | °C | 310 - 330,,new,,high,reader-r1-23-b,"extrusion machine zone, granulate processing"
R-3D4MAKERS-TDS-pps-cf-9938-bk-filament-en-iso,2,setting,other,G073-05,LUVOCOM 3F PPS CF 9938 BK,Zone 3,320 - 340 °C,320,340,°C,,,,,,,,Processing,Zone 3 | °C | 320 - 340,,new,,high,reader-r1-23-b,"extrusion machine zone, granulate processing"
R-3D4MAKERS-TDS-pps-cf-9938-bk-filament-en-iso,2,setting,other,G073-05,LUVOCOM 3F PPS CF 9938 BK,Nozzle,320 - 340 °C,320,340,°C,,,,,,,,Processing,Nozzle | °C | 320 - 340,,new,,high,reader-r1-23-b,"extrusion machine nozzle in the Processing table, not the print nozzle (310 - 340 °C in General)"
R-3D4MAKERS-TDS-pps-cf-9938-bk-filament-en-iso,2,value,unmapped:Melt temperature,G073-05,LUVOCOM 3F PPS CF 9938 BK,Melt temperature,330 °C,330,,°C,=,,,,,,,Processing,Melt temperature | °C | 330,V007166,confirms,330 °C,medium,reader-r1-23-b,"number matches held; this is the processing melt temperature in the extrusion Processing table, not a melting point, so the held mapping to Melting temperature looks wrong"
R-3D4MAKERS-TDS-pps-cf-9938-bk-filament-en-iso,2,setting,other,G073-05,LUVOCOM 3F PPS CF 9938 BK,Delivery form & storage,Preferably storage should be effected in dry and normally temperatured rooms.,,,,,,,,,,,Delivery form & storage,Preferably storage should | be effected in dry and normally temperatured rooms.,,new,,high,reader-r1-23-b,
R-3D4MAKERS-TDS-pps-cf-9938-bk-filament-en-iso,2,identity,other,G073-05,LUVOCOM 3F PPS CF 9938 BK,Delivery form,3mm long pellets in sealed bags on pallets,3,,mm,,,,,,,,Delivery form & storage,the material is delivered as 3mm long pellets in sealed bags on pallets.,,new,,high,reader-r1-23-b,
R-3D4MAKERS-TDS-pps-cf-9938-bk-filament-en-iso,2,identity,other,G073-05,LUVOCOM 3F PPS CF 9938 BK,Additional information,Filaments produced from this material may be wound into standard size spools.,,,,,,,,,,,Additional information,Filaments produced from this material may be wound into standard size spools.,,new,,high,reader-r1-23-b,
D-3DJAKE-ABS-CF-BLACK-1-PAGE,1,identity,polymer,G029-10,3DJAKE ABS CF Black,Product type,"ABS Filaments , Carbon Filament",,,,,,,,,,,Product information & technical details,"Product type: ABS Filaments , Carbon Filament",,new,,high,reader-r1-23-b,
D-3DJAKE-ABS-CF-BLACK-1-PAGE,1,identity,filler,G029-10,3DJAKE ABS CF Black,Key Features,12% carbon fibre content,12,,%,,,,,,,,Key Features:,High stiffness and strength with 12% carbon fibre content,,new,,high,reader-r1-23-b,
D-3DJAKE-ABS-CF-BLACK-1-PAGE,1,identity,diameter,G029-10,3DJAKE ABS CF Black,Diameter,"1,75 mm",1.75,,mm,,,,,,,,Product information & technical details,"Diameter: 1,75 mm",,new,,high,reader-r1-23-b,
D-3DJAKE-ABS-CF-BLACK-1-PAGE,1,identity,colour,G029-10,3DJAKE ABS CF Black,Color,Black,,,,,,,,,,,Product information & technical details,Color: Black,,new,,high,reader-r1-23-b,
D-3DJAKE-ABS-CF-BLACK-1-PAGE,1,identity,grade,G029-10,3DJAKE ABS CF Black,Title,"3DJAKE ABS CF Black, 1.75 mm / 1000 g",,,,,,,,,,,,"3DJAKE ABS CF Black, 1.75 mm / 1000 g",,new,,high,reader-r1-23-b,
D-3DJAKE-ABS-CF-BLACK-1-PAGE,1,setting,nozzle,G029-10,3DJAKE ABS CF Black,Recommended processing temperature,220 - 250 °C,220,250,°C,,,,,,,,Product information & technical details,Recommended processing temperature: 220 - 250 °C,,new,,high,reader-r1-23-b,
D-3DJAKE-ABS-CF-BLACK-1-PAGE,1,setting,bed,G029-10,3DJAKE ABS CF Black,Recommended heating temperature,100-110 ° C,100,110,°C,,,,,,,,Product information & technical details,Recommended heating temperature: 100-110 ° C,,new,,medium,reader-r1-23-b,"printed ""100-110 ° C"" with a space before C; the label says heating temperature (bed assumed from context, not stated)"
D-3DJAKE-ABS-CF-BLACK-1-PAGE,1,setting,hardened_nozzle,G029-10,3DJAKE ABS CF Black,Important Information,a hardened nozzle (e.g. steel or ruby) is strongly recommended,,,,,,,,,,,Important Information,"► Important Information: Carbon fibres are highly abrasive, so a hardened nozzle (e.g. steel or ruby) is strongly recommended.",,new,,high,reader-r1-23-b,
D-3DJAKE-ABS-CF-BLACK-1-PAGE,1,setting,nozzle_diameter,G029-10,3DJAKE ABS CF Black,Important Information,A minimum nozzle diameter of 0.6 mm,0.6,,mm,>,,,,,,,Important Information,A minimum nozzle diameter of 0.6 mm should be used to prevent clogging and ensure clean extrusion.,,new,,high,reader-r1-23-b,"minimum diameter, so a lower bound (written > for ""minimum"")"
D-3DJAKE-ABS-CF-BLACK-1-PAGE,1,setting,enclosure,G029-10,3DJAKE ABS CF Black,Important Information,a closed build chamber is required,,,,,,,,,,,Important Information,"For optimal printing results, a closed build chamber is required.",,new,,high,reader-r1-23-b,
D-3DJAKE-ABS-CF-BLACK-1-PAGE,1,value,unmapped:Heat resistant up to,G029-10,3DJAKE ABS CF Black,Heat resistant up to 100°C,100 °C,100,,°C,=,,,,,,,Features & Advantages,Heat resistant up to 100°C,,new,,high,reader-r1-23-b,"marketing claim, no test method or standard printed"
D-3DJAKE-ABS-CF-BLACK-1-PAGE,1,none,,G029-10,3DJAKE ABS CF Black,,,,,,,,,,,,,,,,new,,high,reader-r1-23-b,"remainder of page: shop navigation, colour variants, prices, reviews, cookie text; no property values or settings. Technical Data Sheet is linked (145,96 KB), not on the page"
D-3DJAKE-ASA-BLACK-PAGE,1,identity,polymer,G031-37,3DJAKE ASA Black,Product type,ASA Filaments,,,,,,,,,,,Product information & technical details,Product type: ASA Filaments,,new,,high,reader-r1-23-b,
D-3DJAKE-ASA-BLACK-PAGE,1,identity,diameter,G031-37,3DJAKE ASA Black,Diameter,"1,75 mm, 2,85 mm",1.75,,mm,,,,,,,,Product information & technical details,"Diameter: 1,75 mm, 2,85 mm",,new,,high,reader-r1-23-b,"two diameters offered; 1,75 mm and 2,85 mm"
D-3DJAKE-ASA-BLACK-PAGE,1,identity,colour,G031-37,3DJAKE ASA Black,Color,Black,,,,,,,,,,,Product information & technical details,Color: Black,,new,,high,reader-r1-23-b,
D-3DJAKE-ASA-BLACK-PAGE,1,identity,grade,G031-37,3DJAKE ASA Black,Title,"3DJAKE ASA Black, 1,75 mm / 1000 g",,,,,,,,,,,,"3DJAKE ASA Black, 1,75 mm / 1000 g",,new,,high,reader-r1-23-b,
D-3DJAKE-ASA-BLACK-PAGE,1,setting,nozzle,G031-37,3DJAKE ASA Black,Recommended processing temperature,210 - 250 °C,210,250,°C,,,,,,,,Product information & technical details,Recommended processing temperature: 210 - 250 °C,,new,,high,reader-r1-23-b,
D-3DJAKE-ASA-BLACK-PAGE,1,setting,bed,G031-37,3DJAKE ASA Black,Recommended heating temperature,60 - 100 °C,60,100,°C,,,,,,,,Product information & technical details,Recommended heating temperature: 60 - 100 °C,,new,,medium,reader-r1-23-b,"label says heating temperature (bed assumed from context, not stated)"
D-3DJAKE-ASA-BLACK-PAGE,1,none,,G031-37,3DJAKE ASA Black,,,,,,,,,,,,,,,,new,,high,reader-r1-23-b,"remainder of page: shop navigation, colour variants, prices, customer reviews (a reviewer reports 260 °C nozzle / 110 °C bed; not a manufacturer value, not recorded), cookie text; no property values. Technical Data Sheet_ASA is linked, not on the page"
D-3DJAKE-ASA-CF-BLACK-2-PAGE,1,identity,polymer,G033-16,3DJAKE ASA CF Black,Product type,"ASA Filaments , Carbon Filament",,,,,,,,,,,Product information & technical details,"Product type: ASA Filaments , Carbon Filament",,new,,high,reader-r1-23-b,
D-3DJAKE-ASA-CF-BLACK-2-PAGE,1,identity,filler,G033-16,3DJAKE ASA CF Black,Features & Advantages,ASA + 12% carbon fibre,12,,%,,,,,,,,Features & Advantages,ASA + 12% carbon fibre,,new,,high,reader-r1-23-b,
D-3DJAKE-ASA-CF-BLACK-2-PAGE,1,identity,diameter,G033-16,3DJAKE ASA CF Black,Diameter,"1,75 mm",1.75,,mm,,,,,,,,Product information & technical details,"Diameter: 1,75 mm",,new,,high,reader-r1-23-b,
D-3DJAKE-ASA-CF-BLACK-2-PAGE,1,identity,colour,G033-16,3DJAKE ASA CF Black,Color,Black,,,,,,,,,,,Product information & technical details,Color: Black,,new,,high,reader-r1-23-b,
D-3DJAKE-ASA-CF-BLACK-2-PAGE,1,identity,grade,G033-16,3DJAKE ASA CF Black,Title,"3DJAKE ASA CF Black, 1.75 mm / 1000 g",,,,,,,,,,,,"3DJAKE ASA CF Black, 1.75 mm / 1000 g",,new,,high,reader-r1-23-b,
D-3DJAKE-ASA-CF-BLACK-2-PAGE,1,setting,nozzle,G033-16,3DJAKE ASA CF Black,Recommended processing temperature,240 - 260 °C,240,260,°C,,,,,,,,Product information & technical details,Recommended processing temperature: 240 - 260 °C,,new,,high,reader-r1-23-b,
D-3DJAKE-ASA-CF-BLACK-2-PAGE,1,setting,bed,G033-16,3DJAKE ASA CF Black,Recommended heating temperature,110 °C,110,,°C,,,,,,,,Product information & technical details,Recommended heating temperature: 110 °C,,new,,medium,reader-r1-23-b,"label says heating temperature (bed assumed from context, not stated)"
D-3DJAKE-ASA-CF-BLACK-2-PAGE,1,none,,G033-16,3DJAKE ASA CF Black,,,,,,,,,,,,,,,,new,,high,reader-r1-23-b,"remainder of page: shop navigation, colour variants, prices, reviews, cookie text; no property values. Heat resistance only described in words (""Very good heat resistance"", ""Excellent heat deflection resistance""), no number. Technical Data Sheet linked (140,91 KB), not on the page"
D-3DJAKE-EASYPETG-BLACK-PAGE,1,identity,polymer,G020-66,3DJAKE easyPETG Black,Product type,PET / Copolyester Filaments,,,,,,,,,,,Product information & technical details,Product type: PET / Copolyester Filaments,,new,,high,reader-r1-23-b,
D-3DJAKE-EASYPETG-BLACK-PAGE,1,identity,diameter,G020-66,3DJAKE easyPETG Black,Diameter,"1,75 mm",1.75,,mm,,,,,,,,Product information & technical details,"Diameter: 1,75 mm",,new,,high,reader-r1-23-b,
D-3DJAKE-EASYPETG-BLACK-PAGE,1,identity,colour,G020-66,3DJAKE easyPETG Black,Color,Black,,,,,,,,,,,Product information & technical details,Color: Black,,new,,high,reader-r1-23-b,
D-3DJAKE-EASYPETG-BLACK-PAGE,1,identity,grade,G020-66,3DJAKE easyPETG Black,Title,"3DJAKE easyPETG Black, 1,75 mm / 1000 g",,,,,,,,,,,,"3DJAKE easyPETG Black, 1,75 mm / 1000 g",,new,,high,reader-r1-23-b,
D-3DJAKE-EASYPETG-BLACK-PAGE,1,setting,nozzle,G020-66,3DJAKE easyPETG Black,Recommended processing temperature,230 - 250 ° C,230,250,°C,,,,,,,,Product information & technical details,Recommended processing temperature: 230 - 250 ° C,,new,,high,reader-r1-23-b,"printed ""230 - 250 ° C"" with a space before C"
D-3DJAKE-EASYPETG-BLACK-PAGE,1,setting,bed,G020-66,3DJAKE easyPETG Black,Recommended heating temperature,60 - 90 °C,60,90,°C,,,,,,,,Product information & technical details,Recommended heating temperature: 60 - 90 °C,,new,,medium,reader-r1-23-b,"label says heating temperature (bed assumed from context, not stated)"
D-3DJAKE-EASYPETG-BLACK-PAGE,1,setting,bed,G020-66,3DJAKE easyPETG Black,Tip,heated bed or adhesion aids such as Blue Tape or BuildTak,,,,,,,,,,,Tip,"Tip: For optimal adhesion, we recommend using a heated bed or adhesion aids such as Blue Tape or BuildTak.",,new,,high,reader-r1-23-b,
D-3DJAKE-EASYPETG-BLACK-PAGE,1,none,,G020-66,3DJAKE easyPETG Black,,,,,,,,,,,,,,,,new,,high,reader-r1-23-b,"remainder of page: shop navigation, colour variants, pack sizes, prices, Q&A, reviews, cookie text; no property values (toughness and temperature resistance claimed in words only). Technical Data Sheet_easyPETG linked, not on the page"
D-3DJAKE-EASYPETG-CF-PAGE,1,identity,polymer,G024-17,3DJAKE easyPETG CF,Listing title,easyPETG CF,,,,,,,,,,,easyPETG CF: 4 items,3DJake easyPETG CF Filaments,,new,,high,reader-r1-23-b,
D-3DJAKE-EASYPETG-CF-PAGE,1,identity,filler,G024-17,3DJAKE easyPETG CF,Listing description,easyPETG + 10% carbon fibre,10,,%,,,,,,,,easyPETG CF: 4 items,easyPETG + 10% carbon fibre,,new,,high,reader-r1-23-b,
D-3DJAKE-EASYPETG-CF-PAGE,1,identity,diameter,G024-17,3DJAKE easyPETG CF,Listing title,1.75 mm,1.75,,mm,,,,,,,,easyPETG CF: 4 items,"3DJAKE easyPETG CF Black, 1.75 mm / 1000 g",,new,,high,reader-r1-23-b,
D-3DJAKE-EASYPETG-CF-PAGE,1,identity,colour,G024-17,3DJAKE easyPETG CF,Listing title,"Black, Red, Dark Blue, Dark Grey",,,,,,,,,,,easyPETG CF: 4 items,"3DJAKE easyPETG CF Black, 1.75 mm / 1000 g | 3DJAKE easyPETG CF Red, 1.75 mm / 1000 g | 3DJAKE easyPETG CF Dark Blue, 1.75 mm / 1000 g | 3DJAKE easyPETG CF Dark Grey, 1.75 mm / 1000 g",,new,,high,reader-r1-23-b,four colour listings
D-3DJAKE-EASYPETG-CF-PAGE,1,none,,G024-17,3DJAKE easyPETG CF,,,,,,,,,,,,,,,,new,,high,reader-r1-23-b,"category listing page (4 items, prices, filters, shop navigation, cookie text); no print settings and no property values (only ""High dimensional stability"", ""High chemical resistance"" in words)"
D-3DJAKE-MATTEPLA-BLACK-PAGE,1,identity,polymer,G001-174,3DJAKE mattePLA Black,Product type,PLA Filaments,,,,,,,,,,,Product information & technical details,Product type: PLA Filaments,,new,,high,reader-r1-23-b,
D-3DJAKE-MATTEPLA-BLACK-PAGE,1,identity,diameter,G001-174,3DJAKE mattePLA Black,Diameter,"1,75 mm",1.75,,mm,,,,,,,,Product information & technical details,"Diameter: 1,75 mm",,new,,high,reader-r1-23-b,
D-3DJAKE-MATTEPLA-BLACK-PAGE,1,identity,colour,G001-174,3DJAKE mattePLA Black,Color,Black,,,,,,,,,,,Product information & technical details,Color: Black,,new,,high,reader-r1-23-b,
D-3DJAKE-MATTEPLA-BLACK-PAGE,1,identity,grade,G001-174,3DJAKE mattePLA Black,Title,"3DJAKE mattePLA Black, 1,75 mm / 1000 g",,,,,,,,,,,,"3DJAKE mattePLA Black, 1,75 mm / 1000 g",,new,,high,reader-r1-23-b,
D-3DJAKE-MATTEPLA-BLACK-PAGE,1,setting,nozzle,G001-174,3DJAKE mattePLA Black,Recommended processing temperature,200-230 ° C,200,230,°C,,,,,,,,Product information & technical details,Recommended processing temperature: 200-230 ° C,,new,,high,reader-r1-23-b,"printed ""200-230 ° C"" with a space before C"
D-3DJAKE-MATTEPLA-BLACK-PAGE,1,setting,bed,G001-174,3DJAKE mattePLA Black,Recommended heating temperature,0 - 60 °C,0,60,°C,,,,,,,,Product information & technical details,Recommended heating temperature: 0 - 60 °C,,new,,medium,reader-r1-23-b,"label says heating temperature (bed assumed from context, not stated); lower end printed as 0"
D-3DJAKE-MATTEPLA-BLACK-PAGE,1,none,,G001-174,3DJAKE mattePLA Black,,,,,,,,,,,,,,,,new,,high,reader-r1-23-b,"remainder of page: shop navigation, colour variants, pack sizes, prices, Q&A, reviews, cookie text; no property values (strength, impact resistance and UV resistance in words only). Technical Data Sheet_3DJake mattePLA linked, not on the page"
