source_id,page,kind,field,grade_id,product,label,raw,number_lo,number_hi,unit,operator,direction,specimen,moisture,post_processing,standard,test_conditions,table_heading,quote,held_id,verdict,held_value,confidence,reader,note
R-3DJAKE-3DJAKE-Technische-daten-PLAx,1,identity,polymer,G001-126,PLAx,PLAx,"PLA, impact modified, recycled",,,,,,,,,,,PLAx,"Nobufil PLAx is a sustainable, high-impact PLA made from recycled industrial waste sourced in Europe.",,new,,high,reader-r1-26,
R-3DJAKE-3DJAKE-Technische-daten-PLAx,1,value,Tensile strength (endpoint unspecified),G001-126,PLAx,Tensile strength,43,43,,MPa,=,,printed,,,ISO 527,,Material properties,Tensile strength 43 45 MPa ISO 527,V011667,confirms,43 MPa,high,reader-r1-26,column FDM H
R-3DJAKE-3DJAKE-Technische-daten-PLAx,1,value,Tensile strength (endpoint unspecified),G001-126,PLAx,Tensile strength,45,45,,MPa,=,,injection moulded,,,ISO 527,,Material properties,Tensile strength 43 45 MPa ISO 527,V011668,confirms,45 MPa,high,reader-r1-26,column Injection
R-3DJAKE-3DJAKE-Technische-daten-PLAx,1,value,Elongation at break,G001-126,PLAx,Elongation at break,11,11,,%,=,,printed,,,ISO 527,,Material properties,Elongation at break 11 8 % ISO 527,V011669,confirms,11 %,high,reader-r1-26,column FDM H
R-3DJAKE-3DJAKE-Technische-daten-PLAx,1,value,Elongation at break,G001-126,PLAx,Elongation at break,8,8,,%,=,,injection moulded,,,ISO 527,,Material properties,Elongation at break 11 8 % ISO 527,V011670,confirms,8 %,high,reader-r1-26,column Injection
R-3DJAKE-3DJAKE-Technische-daten-PLAx,1,value,Flexural strength,G001-126,PLAx,Flexural strength,87,87,,MPa,=,,injection moulded,,,ISO 178,,Material properties,Flexural strength 87 MPa ISO 178,V009020,confirms,87 MPa,high,reader-r1-26,column Injection
R-3DJAKE-3DJAKE-Technische-daten-PLAx,1,value,Flexural modulus,G001-126,PLAx,Flexural modulus,3600,3600,,MPa,=,,injection moulded,,,ISO 178,,Material properties,Flexural modulus 3600 MPa ISO 178,V009021,confirms,3600 MPa,high,reader-r1-26,column Injection
R-3DJAKE-3DJAKE-Technische-daten-PLAx,1,value,Izod impact strength,G001-126,PLAx,Izod Impact strength notched,"3,5",3.5,,kJ/m²,=,,printed,,,ISO 180,notch=notched,Material properties,"Izod Impact strength notched 3,5 4,5 kJ/m² ISO 180",V011671,confirms,"3,5 kJ/m²",high,reader-r1-26,column FDM H
R-3DJAKE-3DJAKE-Technische-daten-PLAx,1,value,Izod impact strength,G001-126,PLAx,Izod Impact strength notched,"4,5",4.5,,kJ/m²,=,,injection moulded,,,ISO 180,notch=notched,Material properties,"Izod Impact strength notched 3,5 4,5 kJ/m² ISO 180",V011672,confirms,"4,5 kJ/m²",high,reader-r1-26,column Injection
R-3DJAKE-3DJAKE-Technische-daten-PLAx,1,value,Izod impact strength,G001-126,PLAx,Izod Impact strength unnotched,25,25,,kJ/m²,=,,printed,,,ISO 180,notch=unnotched,Material properties,Izod Impact strength unnotched 25 19 kJ/m² ISO 180,V011673,confirms,25 kJ/m²,high,reader-r1-26,column FDM H
R-3DJAKE-3DJAKE-Technische-daten-PLAx,1,value,Izod impact strength,G001-126,PLAx,Izod Impact strength unnotched,19,19,,kJ/m²,=,,injection moulded,,,ISO 180,notch=unnotched,Material properties,Izod Impact strength unnotched 25 19 kJ/m² ISO 180,V011674,confirms,19 kJ/m²,high,reader-r1-26,column Injection
R-3DJAKE-3DJAKE-Technische-daten-PLAx,1,value,HDT,G001-126,PLAx,HDT A,54,54,,°C,=,,injection moulded,,,ISO 75,method=A,Material properties,HDT A 54 °C ISO 75,V009022,confirms,54 °C,high,reader-r1-26,column Injection
R-3DJAKE-3DJAKE-Technische-daten-PLAx,1,value,Density,G001-126,PLAx,Density,"1,19",1.19,,g/cm³,=,,injection moulded,,,ISO 1183,,Material properties,"Density 1,19 g/cm³ ISO 1183",V009023,confirms,"1,19 g/cm³",high,reader-r1-26,column Injection
R-3DJAKE-3DJAKE-Technische-daten-PLAx,1,context,all,,,Properties FDM H / Injection,,,,,,,,,,,,Material properties,Properties FDM H Injection Method,,new,,high,reader-r1-26,two columns: FDM H (printed) and Injection (moulded)
R-3DJAKE-3DJAKE-Technische-daten-PLAx,1,setting,nozzle,G001-126,PLAx,Print temperature,225°C ± 10,225,,°C,,,,,,,,Print settings,Print temperature 225°C ± 10,P0857,confirms,225°C ± 10,high,reader-r1-26,
R-3DJAKE-3DJAKE-Technische-daten-PLAx,1,setting,bed,G001-126,PLAx,Bed temp,65°C ± 10,65,,°C,,,,,,,,Print settings,Bed temp 65°C ± 10,P0857,confirms,65°C ± 10,high,reader-r1-26,
R-3DJAKE-3DJAKE-Technische-daten-PLAx,1,setting,plate,G001-126,PLAx,Printing Surface,textured PEI sheet,,,,,,,,,,,Print settings,Printing Surface textured PEI sheet,P0857,confirms,textured PEI sheet,high,reader-r1-26,
R-3DJAKE-3DJAKE-Technische-daten-PLAx,1,setting,fan,G001-126,PLAx,Fan Speed,max. 60%,60,,%,<,,,,,,,Print settings,Fan Speed max. 60%,,new,,high,reader-r1-26,printed as max. 60%
R-3DJAKE-3DJAKE-Technische-daten-PLAx,1,setting,hardened_nozzle,G001-126,PLAx,Nozzle,hardened,,,,,,,,,,,Print settings,Nozzle hardened,P0857,confirms,TRUE,high,reader-r1-26,
R-3DJAKE-3DJAKE-Technische-daten-PLAx,1,setting,drying,G001-126,PLAx,Pre-dry,3-6 hours at 50°C (max.),50,,°C,,,,,,,hours=3-6,Storage and drying,Pre-dry material for 3-6 hours at 50°C (max.).,P0857,confirms,Pre-dry material for 3-6 hours at 50°C (max.).,high,reader-r1-26,
R-3DJAKE-3DJAKE-Technische-daten-PLAx,1,setting,other,G001-126,PLAx,Storage,Store between 18 to 25 °C in a dry area,18,25,°C,,,,,,,,Storage and drying,Store between 18 to 25 °C in a dry area away from sunlight.,,new,,high,reader-r1-26,
R-3DJAKE-3DJAKE-Technische-daten-PLAx,1,identity,other,G001-126,PLAx,Carbon footprint,approx. 60% of CO2 equivalents can be saved,60,,%,,,,,,,,Carbon footprint,approx. 60% of CO2 equivalents can be saved compared to raw materials from primary production.,,new,,high,reader-r1-26,recycled plastic claim; not a property
X-3DXPRO-LG-PETG-TDS-v3,1,value,Density,G020-01,3DXPro Low-Gloss PETG,Density,1.28,1.28,,g/cc,=,,printed,,,ISO 1183,,Physical Properties,Density ISO 1183 g/cc 1.28,V000382,confirms,1.28,high,reader-r1-26,
X-3DXPRO-LG-PETG-TDS-v3,1,value,Tensile break strength,G020-01,3DXPro Low-Gloss PETG,"Tensile Strength, Break",47,47,,MPa,=,XY Flat,printed,,,ISO 527,endpoint=break,Mechanical Properties,"Tensile Strength, Break ISO 527 MPa 47",V000383,confirms,47,high,reader-r1-26,direction from Printed Specimen Conditions footer
X-3DXPRO-LG-PETG-TDS-v3,1,value,Tensile modulus,G020-01,3DXPro Low-Gloss PETG,Tensile Modulus,1400,1400,,MPa,=,XY Flat,printed,,,ISO 527,,Mechanical Properties,Tensile Modulus ISO 527 MPa 1400,V000384,confirms,1400,high,reader-r1-26,direction from Printed Specimen Conditions footer
X-3DXPRO-LG-PETG-TDS-v3,1,value,Elongation at break,G020-01,3DXPro Low-Gloss PETG,"Tensile Elongation, Break",8,8,,%,=,XY Flat,printed,,,ISO 527,,Mechanical Properties,"Tensile Elongation, Break ISO 527 % 8",V000385,confirms,8,high,reader-r1-26,direction from Printed Specimen Conditions footer
X-3DXPRO-LG-PETG-TDS-v3,1,value,Flexural strength,G020-01,3DXPro Low-Gloss PETG,Flexural Strength,75,75,,MPa,=,XY Flat,printed,,,ISO 178,,Mechanical Properties,Flexural Strength ISO 178 MPa 75,V000386,confirms,75,high,reader-r1-26,direction from Printed Specimen Conditions footer
X-3DXPRO-LG-PETG-TDS-v3,1,value,Flexural modulus,G020-01,3DXPro Low-Gloss PETG,Flexural Modulus,1645,1645,,MPa,=,XY Flat,printed,,,ISO 178,,Mechanical Properties,Flexural Modulus ISO 178 MPa 1645,V000387,confirms,1645,high,reader-r1-26,direction from Printed Specimen Conditions footer
X-3DXPRO-LG-PETG-TDS-v3,1,value,Glass transition temperature,G020-01,3DXPro Low-Gloss PETG,Glass Transition Temperature (Tg),80,80,,°C,=,,printed,,,DSC,,Thermal Properties,Glass Transition Temperature (Tg) DSC °C 80,V000388,confirms,80,high,reader-r1-26,
X-3DXPRO-LG-PETG-TDS-v3,1,value,HDT,G020-01,3DXPro Low-Gloss PETG,Deflection Temperature at 0.45 MPa (66psi),70,70,,°C,=,,printed,,,ISO 75,load=0.45 MPa (66psi),Thermal Properties,Deflection Temperature at 0.45 MPa (66psi) ISO 75 °C 70,V000389,confirms,70,high,reader-r1-26,
X-3DXPRO-LG-PETG-TDS-v3,1,value,Surface resistivity,G020-01,3DXPro Low-Gloss PETG,Surface Resistance,>10^13 Ohm/sq,,,Ohm/sq,>,XY,printed,,,ASTM D257,,Electrical Property,Surface Resistance ASTM D257 Ohm/sq,,new,,high,reader-r1-26,value printed with power-of-ten superscript; number left empty (printed as 10 to the power)
X-3DXPRO-LG-PETG-TDS-v3,1,context,all,G020-01,3DXPro Low-Gloss PETG,Printed Specimen Conditions,,,,,,XY,printed,,,,,Printed Specimen Conditions,Printed Specimen Conditions | Printer: Open Source FDM/FFF | Specimen Orientation: XY Flat,,new,,high,reader-r1-26,footer table stating conditions of the printed specimens
X-3DXPRO-LG-PETG-TDS-v3,1,setting,other,G020-01,3DXPro Low-Gloss PETG,Printer,Open Source FDM/FFF,,,,,,,,,,,Printed Specimen Conditions,Printer: Open Source FDM/FFF,,new,,high,reader-r1-26,printed specimen condition
X-3DXPRO-LG-PETG-TDS-v3,1,setting,nozzle_diameter,G020-01,3DXPro Low-Gloss PETG,Nozzle,0.4mm,0.4,,mm,,,,,,,,Printed Specimen Conditions,Nozzle: 0.4mm,,new,,high,reader-r1-26,printed specimen condition
X-3DXPRO-LG-PETG-TDS-v3,1,setting,other,G020-01,3DXPro Low-Gloss PETG,Layer Height,0.25mm,0.25,,mm,,,,,,,,Printed Specimen Conditions,Layer Height: 0.25mm,,new,,high,reader-r1-26,printed specimen condition
X-3DXPRO-LG-PETG-TDS-v3,1,setting,other,G020-01,3DXPro Low-Gloss PETG,Infill,"100%, +/- 45°",100,,%,,,,,,,,Printed Specimen Conditions,"Infill: 100%, +/- 45°",,new,,high,reader-r1-26,printed specimen condition
X-3DXPRO-LG-PETG-TDS-v3,1,setting,nozzle,G020-01,3DXPro Low-Gloss PETG,Extrusion Temp,255°C,255,,°C,,,,,,,,Printed Specimen Conditions,Extrusion Temp: 255°C,,new,,high,reader-r1-26,"printed specimen condition, not a recommended range"
X-3DXPRO-LG-PETG-TDS-v3,1,setting,bed,G020-01,3DXPro Low-Gloss PETG,Bed Temp,70°C,70,,°C,,,,,,,,Printed Specimen Conditions,Bed Temp: 70°C,,new,,high,reader-r1-26,"printed specimen condition, not a recommended range"
X-3DXPRO-LG-PETG-TDS-v3,1,setting,other,G020-01,3DXPro Low-Gloss PETG,Specimen Orientation,XY Flat,,,,,XY,,,,,,Printed Specimen Conditions,Specimen Orientation: XY Flat,,new,,high,reader-r1-26,printed specimen condition
X-3DXPRO-LG-PETG-TDS-v3,1,identity,grade,G020-01,3DXPro Low-Gloss PETG,Technical Data Sheet,3DXPro™ Low-Gloss PETG 3D Printing Filament,,,,,,,,,,,Technical Data Sheet,Technical Data Sheet: 3DXPro™ Low-Gloss PETG 3D Printing Filament,,new,,high,reader-r1-26,
X-3DXSTAT-ESD-ABS-TDS-v3,1,value,Density,G030-01,3DXSTAT ESD-ABS,Density,1.09,1.09,,g/cc,=,,printed,,,ISO 1183,,Physical Properties,Density ISO 1183 g/cc 1.09,V000596,confirms,1.09,high,reader-r1-26,
X-3DXSTAT-ESD-ABS-TDS-v3,1,value,Tensile break strength,G030-01,3DXSTAT ESD-ABS,"Tensile Strength, Break",58,58,,MPa,=,XY Flat,printed,,,ISO 527,endpoint=break,Mechanical Properties,"Tensile Strength, Break ISO 527 MPa 58",V000597,confirms,58,high,reader-r1-26,direction from Printed Specimen Conditions footer
X-3DXSTAT-ESD-ABS-TDS-v3,1,value,Tensile modulus,G030-01,3DXSTAT ESD-ABS,Tensile Modulus,2130,2130,,MPa,=,XY Flat,printed,,,ISO 527,,Mechanical Properties,Tensile Modulus ISO 527 MPa 2130,V000598,confirms,2130,high,reader-r1-26,direction from Printed Specimen Conditions footer
X-3DXSTAT-ESD-ABS-TDS-v3,1,value,Elongation at break,G030-01,3DXSTAT ESD-ABS,"Tensile Elongation, Break",4,4,,%,=,XY Flat,printed,,,ISO 527,,Mechanical Properties,"Tensile Elongation, Break ISO 527 % 4",V000599,confirms,4,high,reader-r1-26,direction from Printed Specimen Conditions footer
X-3DXSTAT-ESD-ABS-TDS-v3,1,value,Flexural strength,G030-01,3DXSTAT ESD-ABS,Flexural Strength,80,80,,MPa,=,XY Flat,printed,,,ISO 178,,Mechanical Properties,Flexural Strength ISO 178 MPa 80,V000600,confirms,80,high,reader-r1-26,direction from Printed Specimen Conditions footer
X-3DXSTAT-ESD-ABS-TDS-v3,1,value,Flexural modulus,G030-01,3DXSTAT ESD-ABS,Flexural Modulus,2275,2275,,MPa,=,XY Flat,printed,,,ISO 178,,Mechanical Properties,Flexural Modulus ISO 178 MPa 2275,V000601,confirms,2275,high,reader-r1-26,direction from Printed Specimen Conditions footer
X-3DXSTAT-ESD-ABS-TDS-v3,1,value,Glass transition temperature,G030-01,3DXSTAT ESD-ABS,Glass Transition Temperature (Tg),105,105,,°C,=,,printed,,,DSC,,Thermal Properties,Glass Transition Temperature (Tg) DSC °C 105,V000602,confirms,105,high,reader-r1-26,
X-3DXSTAT-ESD-ABS-TDS-v3,1,value,HDT,G030-01,3DXSTAT ESD-ABS,Deflection Temperature at 0.45 MPa (66psi),97,97,,°C,=,,printed,,,ISO 75,load=0.45 MPa (66psi),Thermal Properties,Deflection Temperature at 0.45 MPa (66psi) ISO 75 °C 97,V000603,confirms,97,high,reader-r1-26,
X-3DXSTAT-ESD-ABS-TDS-v3,1,value,Surface resistivity,G030-01,3DXSTAT ESD-ABS,Surface Resistance,>10^7 - 10^9< Ohm/sq,,,Ohm/sq,,XY,printed,,,ASTM D257,,Electrical Property,Surface Resistance ASTM D257 Ohm/sq,,new,,high,reader-r1-26,value printed with power-of-ten superscript; number left empty (printed as 10 to the power)
X-3DXSTAT-ESD-ABS-TDS-v3,1,context,all,G030-01,3DXSTAT ESD-ABS,Printed Specimen Conditions,,,,,,XY,printed,,,,,Printed Specimen Conditions,Printed Specimen Conditions | Printer: Open Source FDM/FFF | Specimen Orientation: XY Flat,,new,,high,reader-r1-26,footer table stating conditions of the printed specimens
X-3DXSTAT-ESD-ABS-TDS-v3,1,setting,other,G030-01,3DXSTAT ESD-ABS,Printer,Open Source FDM/FFF,,,,,,,,,,,Printed Specimen Conditions,Printer: Open Source FDM/FFF,,new,,high,reader-r1-26,printed specimen condition
X-3DXSTAT-ESD-ABS-TDS-v3,1,setting,nozzle_diameter,G030-01,3DXSTAT ESD-ABS,Nozzle,0.4mm,0.4,,mm,,,,,,,,Printed Specimen Conditions,Nozzle: 0.4mm,,new,,high,reader-r1-26,printed specimen condition
X-3DXSTAT-ESD-ABS-TDS-v3,1,setting,other,G030-01,3DXSTAT ESD-ABS,Layer Height,0.25mm,0.25,,mm,,,,,,,,Printed Specimen Conditions,Layer Height: 0.25mm,,new,,high,reader-r1-26,printed specimen condition
X-3DXSTAT-ESD-ABS-TDS-v3,1,setting,other,G030-01,3DXSTAT ESD-ABS,Infill,"100%, +/- 45°",100,,%,,,,,,,,Printed Specimen Conditions,"Infill: 100%, +/- 45°",,new,,high,reader-r1-26,printed specimen condition
X-3DXSTAT-ESD-ABS-TDS-v3,1,setting,nozzle,G030-01,3DXSTAT ESD-ABS,Extrusion Temp,230°C,230,,°C,,,,,,,,Printed Specimen Conditions,Extrusion Temp: 230°C,,new,,high,reader-r1-26,"printed specimen condition, not a recommended range"
X-3DXSTAT-ESD-ABS-TDS-v3,1,setting,bed,G030-01,3DXSTAT ESD-ABS,Bed Temp,110°C,110,,°C,,,,,,,,Printed Specimen Conditions,Bed Temp: 110°C,,new,,high,reader-r1-26,"printed specimen condition, not a recommended range"
X-3DXSTAT-ESD-ABS-TDS-v3,1,setting,other,G030-01,3DXSTAT ESD-ABS,Specimen Orientation,XY Flat,,,,,XY,,,,,,Printed Specimen Conditions,Specimen Orientation: XY Flat,,new,,high,reader-r1-26,printed specimen condition
X-3DXSTAT-ESD-ABS-TDS-v3,1,identity,grade,G030-01,3DXSTAT ESD-ABS,Technical Data Sheet,3DXSTAT™ ESD-ABS 3D Printing Filament,,,,,,,,,,,Technical Data Sheet,Technical Data Sheet: 3DXSTAT™ ESD-ABS 3D Printing Filament,,new,,high,reader-r1-26,
X-3DXTECH-PRINT-20260928-46680bcd53a9,1,setting,nozzle,G029-01,CARBONX ABS+CF,Extruder Temp,220-240C,220,240,C,,,,,,,,Print Recommendations,Extruder Temp 220-240C,P1289,confirms,220-240C,high,reader-r1-26,unit printed as C (no degree sign)
X-3DXTECH-PRINT-20260928-46680bcd53a9,1,setting,bed,G029-01,CARBONX ABS+CF,Bed Temp,100-110C,100,110,C,,,,,,,,Print Recommendations,Bed Temp 100-110C,P1289,confirms,100-110C,high,reader-r1-26,unit printed as C (no degree sign)
X-3DXTECH-PRINT-20260928-46680bcd53a9,1,setting,chamber,G029-01,CARBONX ABS+CF,Heated Chamber,Recommended,,,,,,,,,,,Print Recommendations,Heated Chamber Recommended,P1289,confirms,Recommended,high,reader-r1-26,
X-3DXTECH-PRINT-20260928-46680bcd53a9,1,setting,nozzle_diameter,G029-01,CARBONX ABS+CF,Nozzle Specs,Hardened Steel with .4mm diameter minimum,0.4,,mm,,,,,,,,Print Recommendations,Nozzle Specs Hardened Steel with .4mm diameter minimum,,new,,high,reader-r1-26,minimum diameter 0.4 mm
X-3DXTECH-PRINT-20260928-46680bcd53a9,1,setting,hardened_nozzle,G029-01,CARBONX ABS+CF,Nozzle Specs,Hardened Steel with .4mm diameter minimum,,,,,,,,,,,Print Recommendations,Nozzle Specs Hardened Steel with .4mm diameter minimum,P1289,confirms,TRUE,high,reader-r1-26,
X-3DXTECH-PRINT-20260928-46680bcd53a9,1,setting,other,G029-01,CARBONX ABS+CF,Layer Height,0.25mm or higher,0.25,,mm,,,,,,,,Print Recommendations,Layer Height 0.25mm or higher,,new,,high,reader-r1-26,"""or higher"": lower bound"
X-3DXTECH-PRINT-20260928-46680bcd53a9,1,setting,drying,G029-01,CARBONX ABS+CF,Drying Specs,80C for 4 hours,80,,C,,,,,,,hours=4,Print Recommendations,Drying Specs 80C for 4 hours,P1289,confirms,80C for 4 hours,high,reader-r1-26,
X-3DXTECH-PRINT-20260928-46680bcd53a9,1,identity,polymer,G029-01,CARBONX ABS+CF,CARBONX™ ABS+CF,carbon fiber reinforced ABS,,,,,,,,,,,CarbonX ABS+CF,CarbonX ABS+CF is a high-performance carbon fiber reinforced ABS filament,,new,,high,reader-r1-26,
X-3DXTECH-PRINT-20260928-46680bcd53a9,1,identity,filler,G029-01,CARBONX ABS+CF,Made using 10% High-Modulus Carbon Fiber,10% High-Modulus Carbon Fiber,10,,%,,,,,,,,CarbonX ABS+CF,Made using 10% High-Modulus Carbon Fiber.,,new,,high,reader-r1-26,
X-3DXTECH-PRINT-20260928-46680bcd53a9,1,identity,diameter,G029-01,CARBONX ABS+CF,Variants,"1.75mm, 2.85mm; 750g, 2kg",,,,,,,,,,,CARBONX™ ABS+CF,1.75mm Variant sold out or unavailable | 2.85mm Variant sold out or unavailable | 750g Variant sold out or unavailable | 2kg Variant sold out or unavailable,,new,,high,reader-r1-26,variant options listed; availability text not a property
X-3DXTECH-PRINT-20260928-46680bcd53a9,1,none,,,,,,,,,,,,,,,,,,,new,,high,reader-r1-26,"HTML product page: navigation, price ($48.00), cart text, promotions are not properties; no property table on this page"
X-3DXTECH-PRINT-20260928-5a8d5a8251f9,1,setting,nozzle,G053-01,CARBONX NYLON 12+CF,Extruder Temp,265-285C,265,285,C,,,,,,,,Print Recommendations,Extruder Temp 265-285C,P1292,confirms,265-285C,high,reader-r1-26,unit printed as C (no degree sign)
X-3DXTECH-PRINT-20260928-5a8d5a8251f9,1,setting,bed,G053-01,CARBONX NYLON 12+CF,Bed Temp,90-110C,90,110,C,,,,,,,,Print Recommendations,Bed Temp 90-110C,P1292,confirms,90-110C,high,reader-r1-26,unit printed as C (no degree sign)
X-3DXTECH-PRINT-20260928-5a8d5a8251f9,1,setting,chamber,G053-01,CARBONX NYLON 12+CF,Heated Chamber,Recommended,,,,,,,,,,,Print Recommendations,Heated Chamber Recommended,P1292,confirms,Recommended,high,reader-r1-26,
X-3DXTECH-PRINT-20260928-5a8d5a8251f9,1,setting,nozzle_diameter,G053-01,CARBONX NYLON 12+CF,Nozzle Specs,0.4mm diameter minimum,0.4,,mm,,,,,,,,Print Recommendations,Nozzle Specs 0.4mm diameter minimum,,new,,high,reader-r1-26,minimum diameter 0.4 mm
X-3DXTECH-PRINT-20260928-5a8d5a8251f9,1,setting,other,G053-01,CARBONX NYLON 12+CF,Layer Height,0.25mm or higher,0.25,,mm,,,,,,,,Print Recommendations,Layer Height 0.25mm or higher,,new,,high,reader-r1-26,"""or higher"": lower bound"
X-3DXTECH-PRINT-20260928-5a8d5a8251f9,1,setting,drying,G053-01,CARBONX NYLON 12+CF,Drying Specs,90C for 4 hours,90,,C,,,,,,,hours=4,Print Recommendations,Drying Specs 90C for 4 hours,P1292,confirms,90C for 4 hours,high,reader-r1-26,
X-3DXTECH-PRINT-20260928-5a8d5a8251f9,1,identity,polymer,G053-01,CARBONX NYLON 12+CF,CarbonX Nylon 12+CF,Carbon Fiber PA12,,,,,,,,,,,CarbonX Nylon 12+CF,CarbonX™ Carbon Fiber PA12 is made using high-modulus carbon fiber and a specialty Nylon 12 (PA12),,new,,high,reader-r1-26,
X-3DXTECH-PRINT-20260928-5a8d5a8251f9,1,value,Continuous service temperature,G053-01,CARBONX NYLON 12+CF,CUT,120C,120,,C,,,,,,,,Benefits of CARBONX™ NYLON 12+CF,"High thermal properties, with a CUT of 120C and HDT of 150C",,new,,high,reader-r1-26,"marketing benefit bullet; no standard, load or specimen stated; ""CUT"" taken as continuous use temperature"
X-3DXTECH-PRINT-20260928-5a8d5a8251f9,1,value,HDT,G053-01,CARBONX NYLON 12+CF,HDT,150C,150,,C,,,,,,,,Benefits of CARBONX™ NYLON 12+CF,"High thermal properties, with a CUT of 120C and HDT of 150C",,new,,high,reader-r1-26,"marketing benefit bullet; no standard, load or specimen stated"
X-3DXTECH-PRINT-20260928-5a8d5a8251f9,1,value,unmapped:maximum strength and stiffness temperature,G053-01,CARBONX NYLON 12+CF,Excellent strength and stiffness over a wide temperature range,up to 150C,150,,C,<,,,,,,,Benefits of CARBONX™ NYLON 12+CF,"Excellent strength and stiffness over a wide temperature range, up to 150C",,new,,medium,reader-r1-26,marketing sentence; not a measured value
X-3DXTECH-PRINT-20260928-5a8d5a8251f9,1,identity,diameter,G053-01,CARBONX NYLON 12+CF,Variants,"1.75mm; 750g, 2kg",,,,,,,,,,,CARBONX™ NYLON 12+CF,1.75mm Variant sold out or unavailable | 750g Variant sold out or unavailable | 2kg Variant sold out or unavailable,,new,,high,reader-r1-26,
X-3DXTECH-PRINT-20260928-5a8d5a8251f9,1,none,,,,,,,,,,,,,,,,,,,new,,high,reader-r1-26,"HTML product page: navigation, price ($135.00), cart text are not properties"
X-3DXTECH-PRINT-20260928-7b969da511c0,1,setting,nozzle,G037-01,CARBONX PC+CF,Extruder Temp,280-310C,280,310,C,,,,,,,,Print Recommendations,Extruder Temp 280-310C,P1295,confirms,280-310C,high,reader-r1-26,unit printed as C (no degree sign)
X-3DXTECH-PRINT-20260928-7b969da511c0,1,setting,bed,G037-01,CARBONX PC+CF,Bed Temp,110-120C,110,120,C,,,,,,,,Print Recommendations,Bed Temp 110-120C,P1295,confirms,110-120C,high,reader-r1-26,unit printed as C (no degree sign)
X-3DXTECH-PRINT-20260928-7b969da511c0,1,setting,chamber,G037-01,CARBONX PC+CF,Heated Chamber,Recommended,,,,,,,,,,,Print Recommendations,Heated Chamber Recommended,P1295,confirms,Recommended,high,reader-r1-26,
X-3DXTECH-PRINT-20260928-7b969da511c0,1,setting,nozzle_diameter,G037-01,CARBONX PC+CF,Nozzle Specs,Hardened Steel with .4mm diameter minimum,0.4,,mm,,,,,,,,Print Recommendations,Nozzle Specs Hardened Steel with .4mm diameter minimum,,new,,high,reader-r1-26,minimum diameter 0.4 mm
X-3DXTECH-PRINT-20260928-7b969da511c0,1,setting,hardened_nozzle,G037-01,CARBONX PC+CF,Nozzle Specs,Hardened Steel with .4mm diameter minimum,,,,,,,,,,,Print Recommendations,Nozzle Specs Hardened Steel with .4mm diameter minimum,P1295,confirms,TRUE,high,reader-r1-26,
X-3DXTECH-PRINT-20260928-7b969da511c0,1,setting,other,G037-01,CARBONX PC+CF,Layer Height,0.25mm or higher,0.25,,mm,,,,,,,,Print Recommendations,Layer Height 0.25mm or higher,,new,,high,reader-r1-26,"""or higher"": lower bound"
X-3DXTECH-PRINT-20260928-7b969da511c0,1,setting,drying,G037-01,CARBONX PC+CF,Drying Specs,120C for 4 hours,120,,C,,,,,,,hours=4,Print Recommendations,Drying Specs 120C for 4 hours,P1295,confirms,120C for 4 hours,high,reader-r1-26,
X-3DXTECH-PRINT-20260928-7b969da511c0,1,identity,polymer,G037-01,CARBONX PC+CF,CarbonX PC+CF,carbon fiber reinforced polycarbonate,,,,,,,,,,,CarbonX PC+CF,CarbonX PC+CF is a high-performance carbon fiber reinforced polycarbonate filament.,,new,,high,reader-r1-26,
X-3DXTECH-PRINT-20260928-7b969da511c0,1,value,Glass transition temperature,G037-01,CARBONX PC+CF,Polycarbonate Tg,147C,147,,C,,,,,,,,CarbonX PC+CF,Polycarbonate has a Tg of 147C,,new,,medium,reader-r1-26,"stated for polycarbonate itself, not the filament"
X-3DXTECH-PRINT-20260928-7b969da511c0,1,setting,nozzle,G037-01,CARBONX PC+CF,Wide processing range,280-310C,280,310,C,,,,,,,,Benefits of CARBONX™ PC+CF,Wide processing range of 280-310C,,new,,high,reader-r1-26,
X-3DXTECH-PRINT-20260928-7b969da511c0,1,setting,hardened_nozzle,G037-01,CARBONX PC+CF,Tips from Our Engineers,hardened steel nozzle strongly recommended,,,,,,,,,,,Tips from Our Engineers,Strongly recommend this material to be printed through a hardened steel nozzle rather than a softer metal.,P1295,confirms,TRUE,high,reader-r1-26,
X-3DXTECH-PRINT-20260928-7b969da511c0,1,none,,,,,,,,,,,,,,,,,,,new,,high,reader-r1-26,"HTML product page: navigation, price ($88.00), cart text are not properties"
X-AMIDEX-Nylon-GF30-TDS-v1,1,value,Density,,AmideX PA6-GF30,Density,1.35,1.35,,g/cc,=,,printed,,,ISO 1183,,Physical Properties,Density ISO 1183 g/cc 1.35,V001163,confirms,1.35,high,reader-r1-26,manifest lists G063-01 and G051-02 for this sheet; held rows are on G051-02
X-AMIDEX-Nylon-GF30-TDS-v1,1,value,Tensile break strength,,AmideX PA6-GF30,"Tensile Strength, Break",62.8,62.8,,MPa,=,XY Flat,printed,,,ISO 527,endpoint=break,Mechanical Properties,"Tensile Strength, Break ISO 527 MPa 62.8",V001164,confirms,62.8,high,reader-r1-26,direction from Printed Specimen Conditions footer; manifest lists G063-01 and G051-02 for this sheet; held rows are on G051-02
X-AMIDEX-Nylon-GF30-TDS-v1,1,value,Tensile modulus,,AmideX PA6-GF30,Tensile Modulus,4261,4261,,MPa,=,XY Flat,printed,,,ISO 527,,Mechanical Properties,Tensile Modulus ISO 527 MPa 4261,V001165,confirms,4261,high,reader-r1-26,direction from Printed Specimen Conditions footer; manifest lists G063-01 and G051-02 for this sheet; held rows are on G051-02
X-AMIDEX-Nylon-GF30-TDS-v1,1,value,Elongation at break,,AmideX PA6-GF30,"Tensile Elongation, Break",6,6,,%,=,XY Flat,printed,,,ISO 527,,Mechanical Properties,"Tensile Elongation, Break ISO 527 % 6",V001166,confirms,6,high,reader-r1-26,direction from Printed Specimen Conditions footer; manifest lists G063-01 and G051-02 for this sheet; held rows are on G051-02
X-AMIDEX-Nylon-GF30-TDS-v1,1,value,Flexural strength,,AmideX PA6-GF30,Flexural Strength,72,72,,MPa,=,XY Flat,printed,,,ISO 178,,Mechanical Properties,Flexural Strength ISO 178 MPa 72,V001167,confirms,72,high,reader-r1-26,direction from Printed Specimen Conditions footer; manifest lists G063-01 and G051-02 for this sheet; held rows are on G051-02
X-AMIDEX-Nylon-GF30-TDS-v1,1,value,Flexural modulus,,AmideX PA6-GF30,Flexural Modulus,3600,3600,,MPa,=,XY Flat,printed,,,ISO 178,,Mechanical Properties,Flexural Modulus ISO 178 MPa 3600,V001168,confirms,3600,high,reader-r1-26,direction from Printed Specimen Conditions footer; manifest lists G063-01 and G051-02 for this sheet; held rows are on G051-02
X-AMIDEX-Nylon-GF30-TDS-v1,1,value,Glass transition temperature,,AmideX PA6-GF30,Glass Transition Temperature (Tg),70,70,,°C,=,,printed,,,DSC,,Thermal Properties,Glass Transition Temperature (Tg) DSC °C 70,V001169,confirms,70,high,reader-r1-26,manifest lists G063-01 and G051-02 for this sheet; held rows are on G051-02
X-AMIDEX-Nylon-GF30-TDS-v1,1,value,HDT,,AmideX PA6-GF30,Deflection Temperature at 0.45 MPa (66psi),186,186,,°C,=,,printed,,,ISO 75,load=0.45 MPa (66psi),Thermal Properties,Deflection Temperature at 0.45 MPa (66psi) ISO 75 °C 186,V001170,confirms,186,high,reader-r1-26,manifest lists G063-01 and G051-02 for this sheet; held rows are on G051-02
X-AMIDEX-Nylon-GF30-TDS-v1,1,value,Surface resistivity,,AmideX PA6-GF30,Surface Resistance,>10^9 Ohm/sq,,,Ohm/sq,>,XY,printed,,,ASTM D257,,Electrical Property,Surface Resistance ASTM D257 Ohm/sq,,new,,high,reader-r1-26,value printed with power-of-ten superscript; number left empty
X-AMIDEX-Nylon-GF30-TDS-v1,1,context,all,,AmideX PA6-GF30,Printed Specimen Conditions,,,,,,XY,printed,,,,,Printed Specimen Conditions,Printed Specimen Conditions | Printer: Gearbox™ HT2 | Specimen Orientation: XY Flat,,new,,high,reader-r1-26,footer table stating conditions of the printed specimens
X-AMIDEX-Nylon-GF30-TDS-v1,1,setting,other,,AmideX PA6-GF30,Printer,Gearbox™ HT2,,,,,,,,,,,Printed Specimen Conditions,Printer: Gearbox™ HT2,,new,,high,reader-r1-26,printed specimen condition
X-AMIDEX-Nylon-GF30-TDS-v1,1,setting,nozzle_diameter,,AmideX PA6-GF30,Nozzle,0.4mm,0.4,,mm,,,,,,,,Printed Specimen Conditions,Nozzle: 0.4mm,,new,,high,reader-r1-26,printed specimen condition
X-AMIDEX-Nylon-GF30-TDS-v1,1,setting,other,,AmideX PA6-GF30,Layer Height,0.25mm,0.25,,mm,,,,,,,,Printed Specimen Conditions,Layer Height: 0.25mm,,new,,high,reader-r1-26,printed specimen condition
X-AMIDEX-Nylon-GF30-TDS-v1,1,setting,other,,AmideX PA6-GF30,Infill,"100%, +/- 45°",100,,%,,,,,,,,Printed Specimen Conditions,"Infill: 100%, +/- 45°",,new,,high,reader-r1-26,printed specimen condition
X-AMIDEX-Nylon-GF30-TDS-v1,1,setting,nozzle,,AmideX PA6-GF30,Extrusion Temp,265°C,265,,°C,,,,,,,,Printed Specimen Conditions,Extrusion Temp: 265°C,,new,,high,reader-r1-26,"printed specimen condition, not a recommended range"
X-AMIDEX-Nylon-GF30-TDS-v1,1,setting,bed,,AmideX PA6-GF30,Bed Temp,70°C,70,,°C,,,,,,,,Printed Specimen Conditions,Bed Temp: 70°C,,new,,high,reader-r1-26,"printed specimen condition, not a recommended range"
X-AMIDEX-Nylon-GF30-TDS-v1,1,setting,other,,AmideX PA6-GF30,Specimen Orientation,XY Flat,,,,,XY,,,,,,Printed Specimen Conditions,Specimen Orientation: XY Flat,,new,,high,reader-r1-26,printed specimen condition
X-AMIDEX-Nylon-GF30-TDS-v1,1,identity,grade,,AmideX PA6-GF30,Technical Data Sheet,AmideX™ PA6-GF30 Glass Fiber Nylon 3D Printing Filament,,,,,,,,,,,Technical Data Sheet,Technical Data Sheet: AmideX™ PA6-GF30 Glass Fiber Nylon 3D Printing Filament,,new,,high,reader-r1-26,manifest lists G063-01 and G051-02 for this sheet; held rows are on G051-02
X-CarbonX-CF-ABS-TDS-v3,1,value,Density,G029-01,CarbonX Carbon Fiber ABS,Density,1.11,1.11,,g/cc,=,,printed,,,ISO 1183,,Physical Properties,Density ISO 1183 g/cc 1.11,V000587,confirms,1.11,high,reader-r1-26,
X-CarbonX-CF-ABS-TDS-v3,1,value,Tensile break strength,G029-01,CarbonX Carbon Fiber ABS,"Tensile Strength, Break",46,46,,MPa,=,XY Flat,printed,,,ISO 527,endpoint=break,Mechanical Properties,"Tensile Strength, Break ISO 527 MPa 46",V000588,confirms,46,high,reader-r1-26,direction from Printed Specimen Conditions footer
X-CarbonX-CF-ABS-TDS-v3,1,value,Tensile modulus,G029-01,CarbonX Carbon Fiber ABS,Tensile Modulus,5210,5210,,MPa,=,XY Flat,printed,,,ISO 527,,Mechanical Properties,Tensile Modulus ISO 527 MPa 5210,V000589,confirms,5210,high,reader-r1-26,direction from Printed Specimen Conditions footer
X-CarbonX-CF-ABS-TDS-v3,1,value,Elongation at break,G029-01,CarbonX Carbon Fiber ABS,"Tensile Elongation, Break",2,2,,%,=,XY Flat,printed,,,ISO 527,,Mechanical Properties,"Tensile Elongation, Break ISO 527 % 2",V000590,confirms,2,high,reader-r1-26,direction from Printed Specimen Conditions footer
X-CarbonX-CF-ABS-TDS-v3,1,value,Flexural strength,G029-01,CarbonX Carbon Fiber ABS,Flexural Strength,76,76,,MPa,=,XY Flat,printed,,,ISO 178,,Mechanical Properties,Flexural Strength ISO 178 MPa 76,V000591,confirms,76,high,reader-r1-26,direction from Printed Specimen Conditions footer
X-CarbonX-CF-ABS-TDS-v3,1,value,Flexural modulus,G029-01,CarbonX Carbon Fiber ABS,Flexural Modulus,5260,5260,,MPa,=,XY Flat,printed,,,ISO 178,,Mechanical Properties,Flexural Modulus ISO 178 MPa 5260,V000592,confirms,5260,high,reader-r1-26,direction from Printed Specimen Conditions footer
X-CarbonX-CF-ABS-TDS-v3,1,value,Glass transition temperature,G029-01,CarbonX Carbon Fiber ABS,Glass Transition Temperature (Tg),105,105,,°C,=,,printed,,,DSC,,Thermal Properties,Glass Transition Temperature (Tg) DSC °C 105,V000593,confirms,105,high,reader-r1-26,
X-CarbonX-CF-ABS-TDS-v3,1,value,HDT,G029-01,CarbonX Carbon Fiber ABS,Deflection Temperature at 0.45 MPa (66psi),76,76,,°C,=,,printed,,,ISO 75,load=0.45 MPa (66psi),Thermal Properties,Deflection Temperature at 0.45 MPa (66psi) ISO 75 °C 76,V000594,confirms,76,high,reader-r1-26,
X-CarbonX-CF-ABS-TDS-v3,1,value,Surface resistivity,G029-01,CarbonX Carbon Fiber ABS,Surface Resistance,>10^9 Ohm/sq,,,Ohm/sq,>,XY,printed,,,ASTM D257,,Electrical Property,Surface Resistance ASTM D257 Ohm/sq,,new,,high,reader-r1-26,value printed with power-of-ten superscript; number left empty
X-CarbonX-CF-ABS-TDS-v3,1,context,all,G029-01,CarbonX Carbon Fiber ABS,Printed Specimen Conditions,,,,,,XY,printed,,,,,Printed Specimen Conditions,Printed Specimen Conditions | Printer: Open Source FDM/FFF | Specimen Orientation: XY Flat,,new,,high,reader-r1-26,footer table stating conditions of the printed specimens
X-CarbonX-CF-ABS-TDS-v3,1,setting,other,G029-01,CarbonX Carbon Fiber ABS,Printer,Open Source FDM/FFF,,,,,,,,,,,Printed Specimen Conditions,Printer: Open Source FDM/FFF,,new,,high,reader-r1-26,printed specimen condition
X-CarbonX-CF-ABS-TDS-v3,1,setting,nozzle_diameter,G029-01,CarbonX Carbon Fiber ABS,Nozzle,0.4mm,0.4,,mm,,,,,,,,Printed Specimen Conditions,Nozzle: 0.4mm,,new,,high,reader-r1-26,printed specimen condition
X-CarbonX-CF-ABS-TDS-v3,1,setting,other,G029-01,CarbonX Carbon Fiber ABS,Layer Height,0.25mm,0.25,,mm,,,,,,,,Printed Specimen Conditions,Layer Height: 0.25mm,,new,,high,reader-r1-26,printed specimen condition
X-CarbonX-CF-ABS-TDS-v3,1,setting,other,G029-01,CarbonX Carbon Fiber ABS,Infill,"100%, +/- 45°",100,,%,,,,,,,,Printed Specimen Conditions,"Infill: 100%, +/- 45°",,new,,high,reader-r1-26,printed specimen condition
X-CarbonX-CF-ABS-TDS-v3,1,setting,nozzle,G029-01,CarbonX Carbon Fiber ABS,Extrusion Temp,230°C,230,,°C,,,,,,,,Printed Specimen Conditions,Extrusion Temp: 230°C,,new,,high,reader-r1-26,"printed specimen condition, not a recommended range"
X-CarbonX-CF-ABS-TDS-v3,1,setting,bed,G029-01,CarbonX Carbon Fiber ABS,Bed Temp,110°C,110,,°C,,,,,,,,Printed Specimen Conditions,Bed Temp: 110°C,,new,,high,reader-r1-26,"printed specimen condition, not a recommended range"
X-CarbonX-CF-ABS-TDS-v3,1,setting,other,G029-01,CarbonX Carbon Fiber ABS,Specimen Orientation,XY Flat,,,,,XY,,,,,,Printed Specimen Conditions,Specimen Orientation: XY Flat,,new,,high,reader-r1-26,printed specimen condition
X-CarbonX-CF-ABS-TDS-v3,1,identity,grade,G029-01,CarbonX Carbon Fiber ABS,Technical Data Sheet,CarbonX™ Carbon Fiber ABS 3D Printing Filament,,,,,,,,,,,Technical Data Sheet,Technical Data Sheet: CarbonX™ Carbon Fiber ABS 3D Printing Filament,,new,,high,reader-r1-26,
X-CarbonX-CF-ASA-TDS-v1,1,value,Density,G033-02,CarbonX Carbon Fiber ASA,Density,1.11,1.11,,g/cc,=,,printed,,,ISO 1183,,Physical Properties,Density ISO 1183 g/cc 1.11,V002517,confirms,1.11,high,reader-r1-26-b,specimen from Printed Specimen Conditions footer
X-CarbonX-CF-ASA-TDS-v1,1,value,Tensile break strength,G033-02,CarbonX Carbon Fiber ASA,"Tensile Strength, Break",48,48,,MPa,=,XY Flat,printed,,,ISO 527,endpoint=break,Mechanical Properties,"Tensile Strength, Break ISO 527 MPa 48",V002518,confirms,48,high,reader-r1-26-b,direction from Printed Specimen Conditions footer
X-CarbonX-CF-ASA-TDS-v1,1,value,Tensile modulus,G033-02,CarbonX Carbon Fiber ASA,Tensile Modulus,5355,5355,,MPa,=,XY Flat,printed,,,ISO 527,,Mechanical Properties,Tensile Modulus ISO 527 MPa 5355,V002519,confirms,5355,high,reader-r1-26-b,direction from Printed Specimen Conditions footer
X-CarbonX-CF-ASA-TDS-v1,1,value,Elongation at break,G033-02,CarbonX Carbon Fiber ASA,"Tensile Elongation, Break",3,3,,%,=,XY Flat,printed,,,ISO 527,,Mechanical Properties,"Tensile Elongation, Break ISO 527 % 3",V002520,confirms,3,high,reader-r1-26-b,direction from Printed Specimen Conditions footer
X-CarbonX-CF-ASA-TDS-v1,1,value,Flexural strength,G033-02,CarbonX Carbon Fiber ASA,Flexural Strength,78,78,,MPa,=,XY Flat,printed,,,ISO 178,,Mechanical Properties,Flexural Strength ISO 178 MPa 78,V002521,confirms,78,high,reader-r1-26-b,direction from Printed Specimen Conditions footer
X-CarbonX-CF-ASA-TDS-v1,1,value,Flexural modulus,G033-02,CarbonX Carbon Fiber ASA,Flexural Modulus,5210,5210,,MPa,=,XY Flat,printed,,,ISO 178,,Mechanical Properties,Flexural Modulus ISO 178 MPa 5210,V002522,confirms,5210,high,reader-r1-26-b,direction from Printed Specimen Conditions footer
X-CarbonX-CF-ASA-TDS-v1,1,value,Glass transition temperature,G033-02,CarbonX Carbon Fiber ASA,Glass Transition Temperature (Tg),105,105,,°C,=,,printed,,,DSC,,Thermal Properties,Glass Transition Temperature (Tg) DSC °C 105,V002523,confirms,105,high,reader-r1-26-b,
X-CarbonX-CF-ASA-TDS-v1,1,value,HDT,G033-02,CarbonX Carbon Fiber ASA,Deflection Temperature at 0.45 MPa (66psi),97,97,,°C,=,,printed,,,ISO 75,load=0.45 MPa (66psi),Thermal Properties,Deflection Temperature at 0.45 MPa (66psi) ISO 75 °C 97,V002524,confirms,97,high,reader-r1-26-b,
X-CarbonX-CF-ASA-TDS-v1,1,value,Surface resistivity,G033-02,CarbonX Carbon Fiber ASA,Surface Resistance,>10^9 Ohm/sq,,,Ohm/sq,>,XY,printed,,,ASTM D257,,Electrical Property,Surface Resistance ASTM D257 Ohm/sq >10 9,,new,,high,reader-r1-26-b,value printed with power-of-ten superscript; number left empty
X-CarbonX-CF-ASA-TDS-v1,1,context,all,G033-02,CarbonX Carbon Fiber ASA,Printed Specimen Conditions,,,,,,XY Flat,printed,,,,,Printed Specimen Conditions,Printed Specimen Conditions | Printer: Open Source FDM/FFF | Specimen Orientation: XY Flat,,new,,high,reader-r1-26-b,footer table stating conditions of the printed specimens
X-CarbonX-CF-ASA-TDS-v1,1,setting,other,G033-02,CarbonX Carbon Fiber ASA,Printer,Open Source FDM/FFF,,,,,,,,,,,Printed Specimen Conditions,Printer: Open Source FDM/FFF,,new,,high,reader-r1-26-b,printed specimen condition
X-CarbonX-CF-ASA-TDS-v1,1,setting,nozzle_diameter,G033-02,CarbonX Carbon Fiber ASA,Nozzle,0.4mm,0.4,,mm,,,,,,,,Printed Specimen Conditions,Nozzle: 0.4mm,,new,,high,reader-r1-26-b,printed specimen condition
X-CarbonX-CF-ASA-TDS-v1,1,setting,other,G033-02,CarbonX Carbon Fiber ASA,Layer Height,0.25mm,0.25,,mm,,,,,,,,Printed Specimen Conditions,Layer Height: 0.25mm,,new,,high,reader-r1-26-b,printed specimen condition
X-CarbonX-CF-ASA-TDS-v1,1,setting,other,G033-02,CarbonX Carbon Fiber ASA,Infill,"100%, +/- 45°",100,,%,,,,,,,,Printed Specimen Conditions,"Infill: 100%, +/- 45°",,new,,high,reader-r1-26-b,printed specimen condition
X-CarbonX-CF-ASA-TDS-v1,1,setting,nozzle,G033-02,CarbonX Carbon Fiber ASA,Extrusion Temp,250°C,250,,°C,,,,,,,,Printed Specimen Conditions,Extrusion Temp: 250°C,,new,,high,reader-r1-26-b,"printed specimen condition, not a recommended range"
X-CarbonX-CF-ASA-TDS-v1,1,setting,bed,G033-02,CarbonX Carbon Fiber ASA,Bed Temp,110°C,110,,°C,,,,,,,,Printed Specimen Conditions,Bed Temp: 110°C,,new,,high,reader-r1-26-b,"printed specimen condition, not a recommended range"
X-CarbonX-CF-ASA-TDS-v1,1,setting,other,G033-02,CarbonX Carbon Fiber ASA,Specimen Orientation,XY Flat,,,,,XY Flat,,,,,,Printed Specimen Conditions,Specimen Orientation: XY Flat,,new,,high,reader-r1-26-b,printed specimen condition
X-CarbonX-CF-ASA-TDS-v1,1,identity,grade,G033-02,CarbonX Carbon Fiber ASA,Technical Data Sheet,CarbonX™ Carbon Fiber ASA 3D Printing Filament,,,,,,,,,,,Technical Data Sheet,Technical Data Sheet: CarbonX™ Carbon Fiber ASA 3D Printing Filament,,new,,high,reader-r1-26-b,
X-CarbonX-CF-PA12-TDS-v1,1,value,Density,G053-01,CarbonX Carbon Fiber Nylon 12 (PA12),Density,1.16,1.16,,g/cc,=,,printed,,,ISO 1183,,Physical Properties,Density ISO 1183 g/cc 1.16,V000964,confirms,1.16 g/cc,high,reader-r1-26-b,
X-CarbonX-CF-PA12-TDS-v1,1,value,Tensile break strength,G053-01,CarbonX Carbon Fiber Nylon 12 (PA12),"Tensile Strength, Break",72,72,,MPa,=,XY Flat,printed,,,ISO 527,endpoint=break,Mechanical Properties,"Tensile Strength, Break ISO 527 MPa 72",V000965,confirms,72 MPa,high,reader-r1-26-b,direction from Printed Specimen Conditions footer
X-CarbonX-CF-PA12-TDS-v1,1,value,Tensile modulus,G053-01,CarbonX Carbon Fiber Nylon 12 (PA12),Tensile Modulus,8000,8000,,MPa,=,XY Flat,printed,,,ISO 527,,Mechanical Properties,Tensile Modulus ISO 527 MPa 8000,V000966,confirms,8000 MPa,high,reader-r1-26-b,direction from Printed Specimen Conditions footer
X-CarbonX-CF-PA12-TDS-v1,1,value,Elongation at break,G053-01,CarbonX Carbon Fiber Nylon 12 (PA12),"Tensile Elongation, Break",2.1,2.1,,%,=,XY Flat,printed,,,ISO 527,,Mechanical Properties,"Tensile Elongation, Break ISO 527 % 2.1",V000967,confirms,2.1 %,high,reader-r1-26-b,direction from Printed Specimen Conditions footer
X-CarbonX-CF-PA12-TDS-v1,1,value,Flexural strength,G053-01,CarbonX Carbon Fiber Nylon 12 (PA12),Flexural Strength,90,90,,MPa,=,XY Flat,printed,,,ISO 178,,Mechanical Properties,Flexural Strength ISO 178 MPa 90,V000968,confirms,90 MPa,high,reader-r1-26-b,direction from Printed Specimen Conditions footer
X-CarbonX-CF-PA12-TDS-v1,1,value,Flexural modulus,G053-01,CarbonX Carbon Fiber Nylon 12 (PA12),Flexural Modulus,7900,7900,,MPa,=,XY Flat,printed,,,ISO 178,,Mechanical Properties,Flexural Modulus ISO 178 MPa 7900,V000969,confirms,7900 MPa,high,reader-r1-26-b,direction from Printed Specimen Conditions footer
X-CarbonX-CF-PA12-TDS-v1,1,value,Glass transition temperature,G053-01,CarbonX Carbon Fiber Nylon 12 (PA12),Glass Transition Temperature (Tg),158,158,,°C,=,,printed,,,DSC,,Thermal Properties,Glass Transition Temperature (Tg) | DSC °C 158,V000970,confirms,158 °C,high,reader-r1-26-b,
X-CarbonX-CF-PA12-TDS-v1,1,value,HDT,G053-01,CarbonX Carbon Fiber Nylon 12 (PA12),Deflection Temperature at 0.45 MPa (66psi),150,150,,°C,=,,printed,,,ISO 75,load=0.45 MPa (66psi),Thermal Properties,Deflection Temperature at 0.45 | ISO 75 °C 150 | MPa (66psi),V000971,confirms,150 °C,high,reader-r1-26-b,
X-CarbonX-CF-PA12-TDS-v1,1,value,Surface resistivity,G053-01,CarbonX Carbon Fiber Nylon 12 (PA12),Surface Resistance,>10^8 Ohm/sq,,,Ohm/sq,>,XY Flat,printed,,,ASTM D257,,Electrical Property,Surface Resistance ASTM D257 Ohm/sq | >10 | 8,,new,,high,reader-r1-26-b,value printed with power-of-ten superscript; number left empty
X-CarbonX-CF-PA12-TDS-v1,1,context,all,G053-01,CarbonX Carbon Fiber Nylon 12 (PA12),Printed Specimen Conditions,,,,,,XY Flat,printed,,,,,Printed Specimen Conditions,Printed Specimen Conditions | Printer: Open Source FDM/FFF | Specimen Orientation: XY Flat,,new,,high,reader-r1-26-b,footer table stating conditions of the printed specimens
X-CarbonX-CF-PA12-TDS-v1,1,setting,other,G053-01,CarbonX Carbon Fiber Nylon 12 (PA12),Printer,Open Source FDM/FFF,,,,,,,,,,,Printed Specimen Conditions,Printer: Open Source FDM/FFF,,new,,high,reader-r1-26-b,printed specimen condition
X-CarbonX-CF-PA12-TDS-v1,1,setting,nozzle_diameter,G053-01,CarbonX Carbon Fiber Nylon 12 (PA12),Nozzle,0.4mm,0.4,,mm,,,,,,,,Printed Specimen Conditions,Nozzle: 0.4mm,,new,,high,reader-r1-26-b,printed specimen condition
X-CarbonX-CF-PA12-TDS-v1,1,setting,other,G053-01,CarbonX Carbon Fiber Nylon 12 (PA12),Layer Height,0.25mm,0.25,,mm,,,,,,,,Printed Specimen Conditions,Layer Height: 0.25mm,,new,,high,reader-r1-26-b,printed specimen condition
X-CarbonX-CF-PA12-TDS-v1,1,setting,other,G053-01,CarbonX Carbon Fiber Nylon 12 (PA12),Infill,"100%, +/- 45°",100,,%,,,,,,,,Printed Specimen Conditions,"Infill: 100%, +/- 45°",,new,,high,reader-r1-26-b,printed specimen condition
X-CarbonX-CF-PA12-TDS-v1,1,setting,nozzle,G053-01,CarbonX Carbon Fiber Nylon 12 (PA12),Extrusion Temp,285°C,285,,°C,,,,,,,,Printed Specimen Conditions,Extrusion Temp: 285°C,,new,,high,reader-r1-26-b,"printed specimen condition, not a recommended range"
X-CarbonX-CF-PA12-TDS-v1,1,setting,bed,G053-01,CarbonX Carbon Fiber Nylon 12 (PA12),Bed Temp,110°C,110,,°C,,,,,,,,Printed Specimen Conditions,Bed Temp: 110°C,,new,,high,reader-r1-26-b,"printed specimen condition, not a recommended range"
X-CarbonX-CF-PA12-TDS-v1,1,setting,other,G053-01,CarbonX Carbon Fiber Nylon 12 (PA12),Specimen Orientation,XY Flat,,,,,XY Flat,,,,,,Printed Specimen Conditions,Specimen Orientation: XY Flat,,new,,high,reader-r1-26-b,printed specimen condition
X-CarbonX-CF-PA12-TDS-v1,1,identity,grade,G053-01,CarbonX Carbon Fiber Nylon 12 (PA12),Technical Data Sheet,CarbonX™ Carbon Fiber Nylon 12 (PA12) 3D Filament,,,,,,,,,,,Technical Data Sheet,CarbonX™ Carbon Fiber Nylon 12 (PA12) 3D Filament,,new,,high,reader-r1-26-b,
X-CarbonX-CF-PA12-TDS-v1,1,value,Density,G062-01,CarbonX Carbon Fiber Nylon 12 (PA12),Density,1.16,1.16,,g/cc,=,,printed,,,ISO 1183,,Physical Properties,Density ISO 1183 g/cc 1.16,V001118,confirms,1.16 g/cc,high,reader-r1-26-b,same product sheet held under two grades
X-CarbonX-CF-PA12-TDS-v1,1,value,Tensile break strength,G062-01,CarbonX Carbon Fiber Nylon 12 (PA12),"Tensile Strength, Break",72,72,,MPa,=,XY Flat,printed,,,ISO 527,endpoint=break,Mechanical Properties,"Tensile Strength, Break ISO 527 MPa 72",V001119,confirms,72 MPa,high,reader-r1-26-b,direction from Printed Specimen Conditions footer
X-CarbonX-CF-PA12-TDS-v1,1,value,Tensile modulus,G062-01,CarbonX Carbon Fiber Nylon 12 (PA12),Tensile Modulus,8000,8000,,MPa,=,XY Flat,printed,,,ISO 527,,Mechanical Properties,Tensile Modulus ISO 527 MPa 8000,V001120,confirms,8000 MPa,high,reader-r1-26-b,direction from Printed Specimen Conditions footer
X-CarbonX-CF-PA12-TDS-v1,1,value,Elongation at break,G062-01,CarbonX Carbon Fiber Nylon 12 (PA12),"Tensile Elongation, Break",2.1,2.1,,%,=,XY Flat,printed,,,ISO 527,,Mechanical Properties,"Tensile Elongation, Break ISO 527 % 2.1",V001121,confirms,2.1 %,high,reader-r1-26-b,direction from Printed Specimen Conditions footer
X-CarbonX-CF-PA12-TDS-v1,1,value,Flexural strength,G062-01,CarbonX Carbon Fiber Nylon 12 (PA12),Flexural Strength,90,90,,MPa,=,XY Flat,printed,,,ISO 178,,Mechanical Properties,Flexural Strength ISO 178 MPa 90,V001122,confirms,90 MPa,high,reader-r1-26-b,direction from Printed Specimen Conditions footer
X-CarbonX-CF-PA12-TDS-v1,1,value,Flexural modulus,G062-01,CarbonX Carbon Fiber Nylon 12 (PA12),Flexural Modulus,7900,7900,,MPa,=,XY Flat,printed,,,ISO 178,,Mechanical Properties,Flexural Modulus ISO 178 MPa 7900,V001123,confirms,7900 MPa,high,reader-r1-26-b,direction from Printed Specimen Conditions footer
X-CarbonX-CF-PA12-TDS-v1,1,value,Glass transition temperature,G062-01,CarbonX Carbon Fiber Nylon 12 (PA12),Glass Transition Temperature (Tg),158,158,,°C,=,,printed,,,DSC,,Thermal Properties,Glass Transition Temperature (Tg) | DSC °C 158,V001124,confirms,158 °C,high,reader-r1-26-b,
X-CarbonX-CF-PA12-TDS-v1,1,value,HDT,G062-01,CarbonX Carbon Fiber Nylon 12 (PA12),Deflection Temperature at 0.45 MPa (66psi),150,150,,°C,=,,printed,,,ISO 75,load=0.45 MPa (66psi),Thermal Properties,Deflection Temperature at 0.45 | ISO 75 °C 150 | MPa (66psi),V001125,confirms,150 °C,high,reader-r1-26-b,
X-CarbonX-CF-PA12-TDS-v1,1,value,Surface resistivity,G062-01,CarbonX Carbon Fiber Nylon 12 (PA12),Surface Resistance,>10^8 Ohm/sq,,,Ohm/sq,>,XY Flat,printed,,,ASTM D257,,Electrical Property,Surface Resistance ASTM D257 Ohm/sq | >10 | 8,,new,,high,reader-r1-26-b,value printed with power-of-ten superscript; number left empty
X-CarbonX-CF-PA12-TDS-v1,1,context,all,G062-01,CarbonX Carbon Fiber Nylon 12 (PA12),Printed Specimen Conditions,,,,,,XY Flat,printed,,,,,Printed Specimen Conditions,Printed Specimen Conditions | Printer: Open Source FDM/FFF | Specimen Orientation: XY Flat,,new,,high,reader-r1-26-b,footer table stating conditions of the printed specimens
X-CarbonX-CF-PA12-TDS-v1,1,setting,other,G062-01,CarbonX Carbon Fiber Nylon 12 (PA12),Printer,Open Source FDM/FFF,,,,,,,,,,,Printed Specimen Conditions,Printer: Open Source FDM/FFF,,new,,high,reader-r1-26-b,printed specimen condition
X-CarbonX-CF-PA12-TDS-v1,1,setting,nozzle_diameter,G062-01,CarbonX Carbon Fiber Nylon 12 (PA12),Nozzle,0.4mm,0.4,,mm,,,,,,,,Printed Specimen Conditions,Nozzle: 0.4mm,,new,,high,reader-r1-26-b,printed specimen condition
X-CarbonX-CF-PA12-TDS-v1,1,setting,other,G062-01,CarbonX Carbon Fiber Nylon 12 (PA12),Layer Height,0.25mm,0.25,,mm,,,,,,,,Printed Specimen Conditions,Layer Height: 0.25mm,,new,,high,reader-r1-26-b,printed specimen condition
X-CarbonX-CF-PA12-TDS-v1,1,setting,other,G062-01,CarbonX Carbon Fiber Nylon 12 (PA12),Infill,"100%, +/- 45°",100,,%,,,,,,,,Printed Specimen Conditions,"Infill: 100%, +/- 45°",,new,,high,reader-r1-26-b,printed specimen condition
X-CarbonX-CF-PA12-TDS-v1,1,setting,nozzle,G062-01,CarbonX Carbon Fiber Nylon 12 (PA12),Extrusion Temp,285°C,285,,°C,,,,,,,,Printed Specimen Conditions,Extrusion Temp: 285°C,,new,,high,reader-r1-26-b,"printed specimen condition, not a recommended range"
X-CarbonX-CF-PA12-TDS-v1,1,setting,bed,G062-01,CarbonX Carbon Fiber Nylon 12 (PA12),Bed Temp,110°C,110,,°C,,,,,,,,Printed Specimen Conditions,Bed Temp: 110°C,,new,,high,reader-r1-26-b,"printed specimen condition, not a recommended range"
X-CarbonX-CF-PA12-TDS-v1,1,setting,other,G062-01,CarbonX Carbon Fiber Nylon 12 (PA12),Specimen Orientation,XY Flat,,,,,XY Flat,,,,,,Printed Specimen Conditions,Specimen Orientation: XY Flat,,new,,high,reader-r1-26-b,printed specimen condition
X-CarbonX-CF-PA12-TDS-v1,1,identity,grade,G062-01,CarbonX Carbon Fiber Nylon 12 (PA12),Technical Data Sheet,CarbonX™ Carbon Fiber Nylon 12 (PA12) 3D Filament,,,,,,,,,,,Technical Data Sheet,CarbonX™ Carbon Fiber Nylon 12 (PA12) 3D Filament,,new,,high,reader-r1-26-b,
X-CarbonX-CF-PC-TDSv3,1,value,Density,G037-01,CarbonX Carbon Fiber Polycarbonate,Density,1.36,1.36,,g/cc,=,,printed,,,ISO 1183,,Physical Properties,Density ISO 1183 g/cc 1.36,V000719,confirms,1.36 g/cc,high,reader-r1-26-b,
X-CarbonX-CF-PC-TDSv3,1,value,Tensile break strength,G037-01,CarbonX Carbon Fiber Polycarbonate,"Tensile Strength, Break",70,70,,MPa,=,XY Flat,printed,,,ISO 527,endpoint=break,Mechanical Properties,"Tensile Strength, Break ISO 527 MPa 70",V000720,confirms,70 MPa,high,reader-r1-26-b,direction from Printed Specimen Conditions footer
X-CarbonX-CF-PC-TDSv3,1,value,Tensile modulus,G037-01,CarbonX Carbon Fiber Polycarbonate,Tensile Modulus,6200,6200,,MPa,=,XY Flat,printed,,,ISO 527,,Mechanical Properties,Tensile Modulus ISO 527 MPa 6200,V000721,confirms,6200 MPa,high,reader-r1-26-b,direction from Printed Specimen Conditions footer
X-CarbonX-CF-PC-TDSv3,1,value,Elongation at break,G037-01,CarbonX Carbon Fiber Polycarbonate,"Tensile Elongation, Break",2,2,,%,=,XY Flat,printed,,,ISO 527,,Mechanical Properties,"Tensile Elongation, Break ISO 527 % 2",V000722,confirms,2 %,high,reader-r1-26-b,direction from Printed Specimen Conditions footer
X-CarbonX-CF-PC-TDSv3,1,value,Flexural strength,G037-01,CarbonX Carbon Fiber Polycarbonate,Flexural Strength,90,90,,MPa,=,XY Flat,printed,,,ISO 178,,Mechanical Properties,Flexural Strength ISO 178 MPa 90,V000723,confirms,90 MPa,high,reader-r1-26-b,direction from Printed Specimen Conditions footer
X-CarbonX-CF-PC-TDSv3,1,value,Flexural modulus,G037-01,CarbonX Carbon Fiber Polycarbonate,Flexural Modulus,5890,5890,,MPa,=,XY Flat,printed,,,ISO 178,,Mechanical Properties,Flexural Modulus ISO 178 MPa 5890,V000724,confirms,5890 MPa,high,reader-r1-26-b,direction from Printed Specimen Conditions footer
X-CarbonX-CF-PC-TDSv3,1,value,Glass transition temperature,G037-01,CarbonX Carbon Fiber Polycarbonate,Glass Transition Temperature (Tg),143,143,,°C,=,,printed,,,DSC,,Thermal Properties,Glass Transition Temperature (Tg) | DSC °C 143,V000725,confirms,143 °C,high,reader-r1-26-b,
X-CarbonX-CF-PC-TDSv3,1,value,HDT,G037-01,CarbonX Carbon Fiber Polycarbonate,Deflection Temperature at 0.45 MPa (66psi),135,135,,°C,=,,printed,,,ISO 75,load=0.45 MPa (66psi),Thermal Properties,Deflection Temperature at 0.45 | ISO 75 °C 135 | MPa (66psi),V000726,confirms,135 °C,high,reader-r1-26-b,
X-CarbonX-CF-PC-TDSv3,1,value,Surface resistivity,G037-01,CarbonX Carbon Fiber Polycarbonate,Surface Resistance,>10^9 Ohm/sq,,,Ohm/sq,>,XY Flat,printed,,,ASTM D257,,Electrical Property,Surface Resistance ASTM D257 Ohm/sq | >10 | 9,,new,,high,reader-r1-26-b,value printed with power-of-ten superscript; number left empty
X-CarbonX-CF-PC-TDSv3,1,context,all,G037-01,CarbonX Carbon Fiber Polycarbonate,Printed Specimen Conditions,,,,,,XY Flat,printed,,,,,Printed Specimen Conditions,Printed Specimen Conditions | Printer: Open Source FDM/FFF | Specimen Orientation: XY Flat,,new,,high,reader-r1-26-b,footer table stating conditions of the printed specimens
X-CarbonX-CF-PC-TDSv3,1,setting,other,G037-01,CarbonX Carbon Fiber Polycarbonate,Printer,Open Source FDM/FFF,,,,,,,,,,,Printed Specimen Conditions,Printer: Open Source FDM/FFF,,new,,high,reader-r1-26-b,printed specimen condition
X-CarbonX-CF-PC-TDSv3,1,setting,nozzle_diameter,G037-01,CarbonX Carbon Fiber Polycarbonate,Nozzle,0.4mm,0.4,,mm,,,,,,,,Printed Specimen Conditions,Nozzle: 0.4mm,,new,,high,reader-r1-26-b,printed specimen condition
X-CarbonX-CF-PC-TDSv3,1,setting,other,G037-01,CarbonX Carbon Fiber Polycarbonate,Layer Height,0.25mm,0.25,,mm,,,,,,,,Printed Specimen Conditions,Layer Height: 0.25mm,,new,,high,reader-r1-26-b,printed specimen condition
X-CarbonX-CF-PC-TDSv3,1,setting,other,G037-01,CarbonX Carbon Fiber Polycarbonate,Infill,"100%, +/- 45°",100,,%,,,,,,,,Printed Specimen Conditions,"Infill: 100%, +/- 45°",,new,,high,reader-r1-26-b,printed specimen condition
X-CarbonX-CF-PC-TDSv3,1,setting,nozzle,G037-01,CarbonX Carbon Fiber Polycarbonate,Extrusion Temp,300°C,300,,°C,,,,,,,,Printed Specimen Conditions,Extrusion Temp: 300°C,,new,,high,reader-r1-26-b,"printed specimen condition, not a recommended range"
X-CarbonX-CF-PC-TDSv3,1,setting,bed,G037-01,CarbonX Carbon Fiber Polycarbonate,Bed Temp,140°C,140,,°C,,,,,,,,Printed Specimen Conditions,Bed Temp: 140°C,,new,,high,reader-r1-26-b,"printed specimen condition, not a recommended range"
X-CarbonX-CF-PC-TDSv3,1,setting,other,G037-01,CarbonX Carbon Fiber Polycarbonate,Specimen Orientation,XY Flat,,,,,XY Flat,,,,,,Printed Specimen Conditions,Specimen Orientation: XY Flat,,new,,high,reader-r1-26-b,printed specimen condition
X-CarbonX-CF-PC-TDSv3,1,identity,grade,G037-01,CarbonX Carbon Fiber Polycarbonate,Technical Data Sheet,CarbonX™ Carbon Fiber Polycarbonate 3D Printing Filament,,,,,,,,,,,Technical Data Sheet,Technical Data Sheet: CarbonX™ Carbon Fiber Polycarbonate 3D Printing Filament,,new,,high,reader-r1-26-b,
X-ECOMAX-3DXMAX-ABS-TDS-v3,1,value,Density,G027-06,3DXMAX ABS,Density,1.05,1.05,,g/cc,=,,printed,,,ISO 1183,,Physical Properties,Density ISO 1183 g/cc 1.05,V003189,confirms,1.05 g/cc,high,reader-r1-26-b,
X-ECOMAX-3DXMAX-ABS-TDS-v3,1,value,Tensile break strength,G027-06,3DXMAX ABS,"Tensile Strength, Break",42,42,,MPa,=,XY Flat,printed,,,ISO 527,endpoint=break,Mechanical Properties,"Tensile Strength, Break ISO 527 MPa 42",V003190,confirms,42 MPa,high,reader-r1-26-b,direction from Printed Specimen Conditions footer
X-ECOMAX-3DXMAX-ABS-TDS-v3,1,value,Tensile modulus,G027-06,3DXMAX ABS,Tensile Modulus,1950,1950,,MPa,=,XY Flat,printed,,,ISO 527,,Mechanical Properties,Tensile Modulus ISO 527 MPa 1950,V003191,confirms,1950 MPa,high,reader-r1-26-b,direction from Printed Specimen Conditions footer
X-ECOMAX-3DXMAX-ABS-TDS-v3,1,value,Elongation at break,G027-06,3DXMAX ABS,"Tensile Elongation, Break",10,10,,%,=,XY Flat,printed,,,ISO 527,,Mechanical Properties,"Tensile Elongation, Break ISO 527 % 10",V003192,confirms,10 %,high,reader-r1-26-b,direction from Printed Specimen Conditions footer
X-ECOMAX-3DXMAX-ABS-TDS-v3,1,value,Flexural strength,G027-06,3DXMAX ABS,Flexural Strength,76,76,,MPa,=,XY Flat,printed,,,ISO 178,,Mechanical Properties,Flexural Strength ISO 178 MPa 76,V003193,confirms,76 MPa,high,reader-r1-26-b,direction from Printed Specimen Conditions footer
X-ECOMAX-3DXMAX-ABS-TDS-v3,1,value,Flexural modulus,G027-06,3DXMAX ABS,Flexural Modulus,1985,1985,,MPa,=,XY Flat,printed,,,ISO 178,,Mechanical Properties,Flexural Modulus ISO 178 MPa 1985,V003194,confirms,1985 MPa,high,reader-r1-26-b,direction from Printed Specimen Conditions footer
X-ECOMAX-3DXMAX-ABS-TDS-v3,1,value,Glass transition temperature,G027-06,3DXMAX ABS,Glass Transition Temperature (Tg),105,105,,°C,=,,printed,,,DSC,,Thermal Properties,Glass Transition Temperature (Tg) | DSC °C 105,V003195,confirms,105 °C,high,reader-r1-26-b,
X-ECOMAX-3DXMAX-ABS-TDS-v3,1,value,HDT,G027-06,3DXMAX ABS,Deflection Temperature at 0.45 MPa (66psi),95,95,,°C,=,,printed,,,ISO 75,load=0.45 MPa (66psi),Thermal Properties,Deflection Temperature at 0.45 | ISO 75 °C 95 | MPa (66psi),V003196,confirms,95 °C,high,reader-r1-26-b,
X-ECOMAX-3DXMAX-ABS-TDS-v3,1,value,Surface resistivity,G027-06,3DXMAX ABS,Surface Resistance,>10^13 Ohm/sq,,,Ohm/sq,>,XY Flat,printed,,,ASTM D257,,Electrical Property,Surface Resistance ASTM D257 Ohm/sq | >10 | 13,,new,,high,reader-r1-26-b,value printed with power-of-ten superscript; number left empty
X-ECOMAX-3DXMAX-ABS-TDS-v3,1,context,all,G027-06,3DXMAX ABS,Printed Specimen Conditions,,,,,,XY Flat,printed,,,,,Printed Specimen Conditions,Printed Specimen Conditions | Printer: Open Source FDM/FFF | Specimen Orientation: XY Flat,,new,,high,reader-r1-26-b,footer table stating conditions of the printed specimens
X-ECOMAX-3DXMAX-ABS-TDS-v3,1,setting,other,G027-06,3DXMAX ABS,Printer,Open Source FDM/FFF,,,,,,,,,,,Printed Specimen Conditions,Printer: Open Source FDM/FFF,,new,,high,reader-r1-26-b,printed specimen condition
X-ECOMAX-3DXMAX-ABS-TDS-v3,1,setting,nozzle_diameter,G027-06,3DXMAX ABS,Nozzle,0.4mm,0.4,,mm,,,,,,,,Printed Specimen Conditions,Nozzle: 0.4mm,,new,,high,reader-r1-26-b,printed specimen condition
X-ECOMAX-3DXMAX-ABS-TDS-v3,1,setting,other,G027-06,3DXMAX ABS,Layer Height,0.25mm,0.25,,mm,,,,,,,,Printed Specimen Conditions,Layer Height: 0.25mm,,new,,high,reader-r1-26-b,printed specimen condition
X-ECOMAX-3DXMAX-ABS-TDS-v3,1,setting,other,G027-06,3DXMAX ABS,Infill,"100%, +/- 45°",100,,%,,,,,,,,Printed Specimen Conditions,"Infill: 100%, +/- 45°",,new,,high,reader-r1-26-b,printed specimen condition
X-ECOMAX-3DXMAX-ABS-TDS-v3,1,setting,nozzle,G027-06,3DXMAX ABS,Extrusion Temp,225°C,225,,°C,,,,,,,,Printed Specimen Conditions,Extrusion Temp: 225°C,,new,,high,reader-r1-26-b,"printed specimen condition, not a recommended range"
X-ECOMAX-3DXMAX-ABS-TDS-v3,1,setting,bed,G027-06,3DXMAX ABS,Bed Temp,110°C,110,,°C,,,,,,,,Printed Specimen Conditions,Bed Temp: 110°C,,new,,high,reader-r1-26-b,"printed specimen condition, not a recommended range"
X-ECOMAX-3DXMAX-ABS-TDS-v3,1,setting,other,G027-06,3DXMAX ABS,Specimen Orientation,XY Flat,,,,,XY Flat,,,,,,Printed Specimen Conditions,Specimen Orientation: XY Flat,,new,,high,reader-r1-26-b,printed specimen condition
X-ECOMAX-3DXMAX-ABS-TDS-v3,1,identity,grade,G027-06,3DXMAX ABS,Technical Data Sheet,3DXMAX® ABS 3D Printing Filament,,,,,,,,,,,Technical Data Sheet,Technical Data Sheet: 3DXMAX® ABS 3D Printing Filament,,new,,high,reader-r1-26-b,
X-ECOMAX-3DXMAX-ASA-TDS-v3,1,value,Density,G031-05,3DXMAX ASA,Density,1.07,1.07,,g/cc,=,,printed,,,ISO 1183,,Physical Properties,Density ISO 1183 g/cc 1.07,V003287,confirms,1.07 g/cc,high,reader-r1-26-b,
X-ECOMAX-3DXMAX-ASA-TDS-v3,1,value,Tensile break strength,G031-05,3DXMAX ASA,"Tensile Strength, Break",45,45,,MPa,=,XY Flat,printed,,,ISO 527,endpoint=break,Mechanical Properties,"Tensile Strength, Break ISO 527 MPa 45",V003288,confirms,45 MPa,high,reader-r1-26-b,direction from Printed Specimen Conditions footer
X-ECOMAX-3DXMAX-ASA-TDS-v3,1,value,Tensile modulus,G031-05,3DXMAX ASA,Tensile Modulus,2010,2010,,MPa,=,XY Flat,printed,,,ISO 527,,Mechanical Properties,Tensile Modulus ISO 527 MPa 2010,V003289,confirms,2010 MPa,high,reader-r1-26-b,direction from Printed Specimen Conditions footer
X-ECOMAX-3DXMAX-ASA-TDS-v3,1,value,Elongation at break,G031-05,3DXMAX ASA,"Tensile Elongation, Break",10,10,,%,=,XY Flat,printed,,,ISO 527,,Mechanical Properties,"Tensile Elongation, Break ISO 527 % 10",V003290,confirms,10 %,high,reader-r1-26-b,direction from Printed Specimen Conditions footer
X-ECOMAX-3DXMAX-ASA-TDS-v3,1,value,Flexural strength,G031-05,3DXMAX ASA,Flexural Strength,78,78,,MPa,=,XY Flat,printed,,,ISO 178,,Mechanical Properties,Flexural Strength ISO 178 MPa 78,V003291,confirms,78 MPa,high,reader-r1-26-b,direction from Printed Specimen Conditions footer
X-ECOMAX-3DXMAX-ASA-TDS-v3,1,value,Flexural modulus,G031-05,3DXMAX ASA,Flexural Modulus,2000,2000,,MPa,=,XY Flat,printed,,,ISO 178,,Mechanical Properties,Flexural Modulus ISO 178 MPa 2000,V003292,confirms,2000 MPa,high,reader-r1-26-b,direction from Printed Specimen Conditions footer
X-ECOMAX-3DXMAX-ASA-TDS-v3,1,value,Glass transition temperature,G031-05,3DXMAX ASA,Glass Transition Temperature (Tg),105,105,,°C,=,,printed,,,DSC,,Thermal Properties,Glass Transition Temperature (Tg) | DSC °C 105,V003293,confirms,105 °C,high,reader-r1-26-b,
X-ECOMAX-3DXMAX-ASA-TDS-v3,1,value,HDT,G031-05,3DXMAX ASA,Deflection Temperature at 0.45 MPa (66psi),95,95,,°C,=,,printed,,,ISO 75,load=0.45 MPa (66psi),Thermal Properties,Deflection Temperature at 0.45 | ISO 75 °C 95 | MPa (66psi),V003294,confirms,95 °C,high,reader-r1-26-b,
X-ECOMAX-3DXMAX-ASA-TDS-v3,1,value,Surface resistivity,G031-05,3DXMAX ASA,Surface Resistance,>10^13 Ohm/sq,,,Ohm/sq,>,XY Flat,printed,,,ASTM D257,,Electrical Property,Surface Resistance ASTM D257 Ohm/sq | >10 | 13,,new,,high,reader-r1-26-b,value printed with power-of-ten superscript; number left empty
X-ECOMAX-3DXMAX-ASA-TDS-v3,1,context,all,G031-05,3DXMAX ASA,Printed Specimen Conditions,,,,,,XY Flat,printed,,,,,Printed Specimen Conditions,Printed Specimen Conditions | Printer: Open Source FDM/FFF | Specimen Orientation: XY Flat,,new,,high,reader-r1-26-b,footer table stating conditions of the printed specimens
X-ECOMAX-3DXMAX-ASA-TDS-v3,1,setting,other,G031-05,3DXMAX ASA,Printer,Open Source FDM/FFF,,,,,,,,,,,Printed Specimen Conditions,Printer: Open Source FDM/FFF,,new,,high,reader-r1-26-b,printed specimen condition
X-ECOMAX-3DXMAX-ASA-TDS-v3,1,setting,nozzle_diameter,G031-05,3DXMAX ASA,Nozzle,0.4mm,0.4,,mm,,,,,,,,Printed Specimen Conditions,Nozzle: 0.4mm,,new,,high,reader-r1-26-b,printed specimen condition
X-ECOMAX-3DXMAX-ASA-TDS-v3,1,setting,other,G031-05,3DXMAX ASA,Layer Height,0.25mm,0.25,,mm,,,,,,,,Printed Specimen Conditions,Layer Height: 0.25mm,,new,,high,reader-r1-26-b,printed specimen condition
X-ECOMAX-3DXMAX-ASA-TDS-v3,1,setting,other,G031-05,3DXMAX ASA,Infill,"100%, +/- 45°",100,,%,,,,,,,,Printed Specimen Conditions,"Infill: 100%, +/- 45°",,new,,high,reader-r1-26-b,printed specimen condition
X-ECOMAX-3DXMAX-ASA-TDS-v3,1,setting,nozzle,G031-05,3DXMAX ASA,Extrusion Temp,245°C,245,,°C,,,,,,,,Printed Specimen Conditions,Extrusion Temp: 245°C,,new,,high,reader-r1-26-b,"printed specimen condition, not a recommended range"
X-ECOMAX-3DXMAX-ASA-TDS-v3,1,setting,bed,G031-05,3DXMAX ASA,Bed Temp,110°C,110,,°C,,,,,,,,Printed Specimen Conditions,Bed Temp: 110°C,,new,,high,reader-r1-26-b,"printed specimen condition, not a recommended range"
X-ECOMAX-3DXMAX-ASA-TDS-v3,1,setting,other,G031-05,3DXMAX ASA,Specimen Orientation,XY Flat,,,,,XY Flat,,,,,,Printed Specimen Conditions,Specimen Orientation: XY Flat,,new,,high,reader-r1-26-b,printed specimen condition
X-ECOMAX-3DXMAX-ASA-TDS-v3,1,identity,grade,G031-05,3DXMAX ASA,Technical Data Sheet,3DXMAX™ ASA 3D Printing Filament,,,,,,,,,,,Technical Data Sheet,Technical Data Sheet: 3DXMAX™ ASA 3D Printing Filament,,new,,high,reader-r1-26-b,
X-ECOMAX-3DXMAX-PC-TDS-v3,1,value,Density,G035-05,3DXMAX Polycarbonate,Density,1.2,1.2,,g/cc,=,,printed,,,ISO 1183,,Physical Properties,Density ISO 1183 g/cc 1.2,V003262,confirms,1.2 g/cc,high,reader-r1-26-b,
X-ECOMAX-3DXMAX-PC-TDS-v3,1,value,Tensile break strength,G035-05,3DXMAX Polycarbonate,"Tensile Strength, Break",62,62,,MPa,=,XY Flat,printed,,,ISO 527,endpoint=break,Mechanical Properties,"Tensile Strength, Break ISO 527 MPa 62",V003263,confirms,62 MPa,high,reader-r1-26-b,direction from Printed Specimen Conditions footer
X-ECOMAX-3DXMAX-PC-TDS-v3,1,value,Tensile modulus,G035-05,3DXMAX Polycarbonate,Tensile Modulus,2410,2410,,MPa,=,XY Flat,printed,,,ISO 527,,Mechanical Properties,Tensile Modulus ISO 527 MPa 2410,V003264,confirms,2410 MPa,high,reader-r1-26-b,direction from Printed Specimen Conditions footer
X-ECOMAX-3DXMAX-PC-TDS-v3,1,value,Elongation at break,G035-05,3DXMAX Polycarbonate,"Tensile Elongation, Break",7,7,,%,=,XY Flat,printed,,,ISO 527,,Mechanical Properties,"Tensile Elongation, Break ISO 527 % 7",V003265,confirms,7 %,high,reader-r1-26-b,direction from Printed Specimen Conditions footer
X-ECOMAX-3DXMAX-PC-TDS-v3,1,value,Flexural strength,G035-05,3DXMAX Polycarbonate,Flexural Strength,78,78,,MPa,=,XY Flat,printed,,,ISO 178,,Mechanical Properties,Flexural Strength ISO 178 MPa 78,V003266,confirms,78 MPa,high,reader-r1-26-b,direction from Printed Specimen Conditions footer
X-ECOMAX-3DXMAX-PC-TDS-v3,1,value,Flexural modulus,G035-05,3DXMAX Polycarbonate,Flexural Modulus,2200,2200,,MPa,=,XY Flat,printed,,,ISO 178,,Mechanical Properties,Flexural Modulus ISO 178 MPa 2200,V003267,confirms,2200 MPa,high,reader-r1-26-b,direction from Printed Specimen Conditions footer
X-ECOMAX-3DXMAX-PC-TDS-v3,1,value,Glass transition temperature,G035-05,3DXMAX Polycarbonate,Glass Transition Temperature (Tg),147,147,,°C,=,,printed,,,DSC,,Thermal Properties,Glass Transition Temperature (Tg) | DSC °C 147,V003268,confirms,147 °C,high,reader-r1-26-b,
X-ECOMAX-3DXMAX-PC-TDS-v3,1,value,HDT,G035-05,3DXMAX Polycarbonate,Deflection Temperature at 0.45 MPa (66psi),135,135,,°C,=,,printed,,,ISO 75,load=0.45 MPa (66psi),Thermal Properties,Deflection Temperature at 0.45 | ISO 75 °C 135 | MPa (66psi),V003269,confirms,135 °C,high,reader-r1-26-b,
X-ECOMAX-3DXMAX-PC-TDS-v3,1,value,Surface resistivity,G035-05,3DXMAX Polycarbonate,Surface Resistance,>10^13 Ohm/sq,,,Ohm/sq,>,XY Flat,printed,,,ASTM D257,,Electrical Property,Surface Resistance ASTM D257 Ohm/sq | >10 | 13,,new,,high,reader-r1-26-b,value printed with power-of-ten superscript; number left empty
X-ECOMAX-3DXMAX-PC-TDS-v3,1,context,all,G035-05,3DXMAX Polycarbonate,Printed Specimen Conditions,,,,,,XY Flat,printed,,,,,Printed Specimen Conditions,Printed Specimen Conditions | Printer: Open Source FDM/FFF | Specimen Orientation: XY Flat,,new,,high,reader-r1-26-b,footer table stating conditions of the printed specimens
X-ECOMAX-3DXMAX-PC-TDS-v3,1,setting,other,G035-05,3DXMAX Polycarbonate,Printer,Open Source FDM/FFF,,,,,,,,,,,Printed Specimen Conditions,Printer: Open Source FDM/FFF,,new,,high,reader-r1-26-b,printed specimen condition
X-ECOMAX-3DXMAX-PC-TDS-v3,1,setting,nozzle_diameter,G035-05,3DXMAX Polycarbonate,Nozzle,0.4mm,0.4,,mm,,,,,,,,Printed Specimen Conditions,Nozzle: 0.4mm,,new,,high,reader-r1-26-b,printed specimen condition
X-ECOMAX-3DXMAX-PC-TDS-v3,1,setting,other,G035-05,3DXMAX Polycarbonate,Layer Height,0.25mm,0.25,,mm,,,,,,,,Printed Specimen Conditions,Layer Height: 0.25mm,,new,,high,reader-r1-26-b,printed specimen condition
X-ECOMAX-3DXMAX-PC-TDS-v3,1,setting,other,G035-05,3DXMAX Polycarbonate,Infill,"100%, +/- 45°",100,,%,,,,,,,,Printed Specimen Conditions,"Infill: 100%, +/- 45°",,new,,high,reader-r1-26-b,printed specimen condition
X-ECOMAX-3DXMAX-PC-TDS-v3,1,setting,nozzle,G035-05,3DXMAX Polycarbonate,Extrusion Temp,275-295°C,275,295,°C,,,,,,,,Printed Specimen Conditions,Extrusion Temp: 275-295°C,,new,,high,reader-r1-26-b,"printed specimen condition, not a recommended range"
X-ECOMAX-3DXMAX-PC-TDS-v3,1,setting,bed,G035-05,3DXMAX Polycarbonate,Bed Temp,110-120°C,110,120,°C,,,,,,,,Printed Specimen Conditions,Bed Temp: 110-120°C,,new,,high,reader-r1-26-b,"printed specimen condition, not a recommended range"
X-ECOMAX-3DXMAX-PC-TDS-v3,1,setting,other,G035-05,3DXMAX Polycarbonate,Specimen Orientation,XY Flat,,,,,XY Flat,,,,,,Printed Specimen Conditions,Specimen Orientation: XY Flat,,new,,high,reader-r1-26-b,printed specimen condition
X-ECOMAX-3DXMAX-PC-TDS-v3,1,identity,grade,G035-05,3DXMAX Polycarbonate,Technical Data Sheet,3DXMAX® Polycarbonate 3D Printing Filament,,,,,,,,,,,Technical Data Sheet,Technical Data Sheet: 3DXMAX® Polycarbonate 3D Printing Filament,,new,,high,reader-r1-26-b,
X-ECOMAX-3DXMAX-PETG-TDS,1,value,Density,G020-12,3DXMAX PETG,Density,1.24,1.24,,g/cc,=,,printed,,,ISO 1183,,Physical Properties,Density ISO 1183 g/cc 1.24,V003337,confirms,1.24 g/cc,high,reader-r1-26-b,
X-ECOMAX-3DXMAX-PETG-TDS,1,value,Tensile break strength,G020-12,3DXMAX PETG,"Tensile Strength, Break",45,45,,MPa,=,XY Flat,printed,,,ISO 527,endpoint=break,Mechanical Properties,"Tensile Strength, Break ISO 527 MPa 45",V003338,confirms,45 MPa,high,reader-r1-26-b,direction from Printed Specimen Conditions footer
X-ECOMAX-3DXMAX-PETG-TDS,1,value,Tensile modulus,G020-12,3DXMAX PETG,Tensile Modulus,1650,1650,,MPa,=,XY Flat,printed,,,ISO 527,,Mechanical Properties,Tensile Modulus ISO 527 MPa 1650,V003339,confirms,1650 MPa,high,reader-r1-26-b,direction from Printed Specimen Conditions footer
X-ECOMAX-3DXMAX-PETG-TDS,1,value,Elongation at break,G020-12,3DXMAX PETG,"Tensile Elongation, Break",24,24,,%,=,XY Flat,printed,,,ISO 527,,Mechanical Properties,"Tensile Elongation, Break ISO 527 % 24",V003340,confirms,24 %,high,reader-r1-26-b,direction from Printed Specimen Conditions footer
X-ECOMAX-3DXMAX-PETG-TDS,1,value,Flexural strength,G020-12,3DXMAX PETG,Flexural Strength,72,72,,MPa,=,XY Flat,printed,,,ISO 178,,Mechanical Properties,Flexural Strength ISO 178 MPa 72,V003341,confirms,72 MPa,high,reader-r1-26-b,direction from Printed Specimen Conditions footer
X-ECOMAX-3DXMAX-PETG-TDS,1,value,Flexural modulus,G020-12,3DXMAX PETG,Flexural Modulus,1600,1600,,MPa,=,XY Flat,printed,,,ISO 178,,Mechanical Properties,Flexural Modulus ISO 178 MPa 1600,V003342,confirms,1600 MPa,high,reader-r1-26-b,direction from Printed Specimen Conditions footer
X-ECOMAX-3DXMAX-PETG-TDS,1,value,Glass transition temperature,G020-12,3DXMAX PETG,Glass Transition Temperature (Tg),80,80,,°C,=,,printed,,,DSC,,Thermal Properties,Glass Transition Temperature (Tg) | DSC °C 80,V003343,confirms,80 °C,high,reader-r1-26-b,
X-ECOMAX-3DXMAX-PETG-TDS,1,value,HDT,G020-12,3DXMAX PETG,Deflection Temperature at 0.45 MPa (66psi),70,70,,°C,=,,printed,,,ISO 75,load=0.45 MPa (66psi),Thermal Properties,Deflection Temperature at 0.45 | ISO 75 °C 70 | MPa (66psi),V003344,confirms,70 °C,high,reader-r1-26-b,
X-ECOMAX-3DXMAX-PETG-TDS,1,value,Surface resistivity,G020-12,3DXMAX PETG,Surface Resistance,>10^13 Ohm/sq,,,Ohm/sq,>,XY Flat,printed,,,ASTM D257,,Electrical Property,Surface Resistance ASTM D257 Ohm/sq | >10 | 13,,new,,high,reader-r1-26-b,value printed with power-of-ten superscript; number left empty
X-ECOMAX-3DXMAX-PETG-TDS,1,context,all,G020-12,3DXMAX PETG,Printed Specimen Conditions,,,,,,XY Flat,printed,,,,,Printed Specimen Conditions,Printed Specimen Conditions | Printer: Open Source FDM/FFF | Specimen Orientation: XY Flat,,new,,high,reader-r1-26-b,footer table stating conditions of the printed specimens
X-ECOMAX-3DXMAX-PETG-TDS,1,setting,other,G020-12,3DXMAX PETG,Printer,Open Source FDM/FFF,,,,,,,,,,,Printed Specimen Conditions,Printer: Open Source FDM/FFF,,new,,high,reader-r1-26-b,printed specimen condition
X-ECOMAX-3DXMAX-PETG-TDS,1,setting,nozzle_diameter,G020-12,3DXMAX PETG,Nozzle,0.4mm,0.4,,mm,,,,,,,,Printed Specimen Conditions,Nozzle: 0.4mm,,new,,high,reader-r1-26-b,printed specimen condition
X-ECOMAX-3DXMAX-PETG-TDS,1,setting,other,G020-12,3DXMAX PETG,Layer Height,0.25mm,0.25,,mm,,,,,,,,Printed Specimen Conditions,Layer Height: 0.25mm,,new,,high,reader-r1-26-b,printed specimen condition
X-ECOMAX-3DXMAX-PETG-TDS,1,setting,other,G020-12,3DXMAX PETG,Infill,"100%, +/- 45°",100,,%,,,,,,,,Printed Specimen Conditions,"Infill: 100%, +/- 45°",,new,,high,reader-r1-26-b,printed specimen condition
X-ECOMAX-3DXMAX-PETG-TDS,1,setting,nozzle,G020-12,3DXMAX PETG,Extrusion Temp,245°C,245,,°C,,,,,,,,Printed Specimen Conditions,Extrusion Temp: 245°C,,new,,high,reader-r1-26-b,"printed specimen condition, not a recommended range"
X-ECOMAX-3DXMAX-PETG-TDS,1,setting,bed,G020-12,3DXMAX PETG,Bed Temp,70°C,70,,°C,,,,,,,,Printed Specimen Conditions,Bed Temp: 70°C,,new,,high,reader-r1-26-b,"printed specimen condition, not a recommended range"
X-ECOMAX-3DXMAX-PETG-TDS,1,setting,other,G020-12,3DXMAX PETG,Specimen Orientation,XY Flat,,,,,XY Flat,,,,,,Printed Specimen Conditions,Specimen Orientation: XY Flat,,new,,high,reader-r1-26-b,printed specimen condition
X-ECOMAX-3DXMAX-PETG-TDS,1,identity,grade,G020-12,3DXMAX PETG,Technical Data Sheet,3DXMAX™ PETG 3D Printing Filament,,,,,,,,,,,Technical Data Sheet,Technical Data Sheet: 3DXMAX™ PETG 3D Printing Filament,,new,,high,reader-r1-26-b,
X-ECOMAX-CarbonX-CF-ezPC-TDSv1,1,value,Density,G037-04,CarbonX Carbon Fiber ezPC Polycarbonate,Density,1.36,1.36,,g/cc,=,,printed,,,ISO 1183,,Physical Properties,Density ISO 1183 g/cc 1.36,V003361,confirms,1.36 g/cc,high,reader-r1-26-b,
X-ECOMAX-CarbonX-CF-ezPC-TDSv1,1,value,Tensile break strength,G037-04,CarbonX Carbon Fiber ezPC Polycarbonate,"Tensile Strength, Break",73,73,,MPa,=,XY Flat,printed,,,ISO 527,endpoint=break,Mechanical Properties,"Tensile Strength, Break ISO 527 MPa 73",V003362,confirms,73 MPa,high,reader-r1-26-b,direction from Printed Specimen Conditions footer
X-ECOMAX-CarbonX-CF-ezPC-TDSv1,1,value,Tensile modulus,G037-04,CarbonX Carbon Fiber ezPC Polycarbonate,Tensile Modulus,6980,6980,,MPa,=,XY Flat,printed,,,ISO 527,,Mechanical Properties,Tensile Modulus ISO 527 MPa 6980,V003363,confirms,6980 MPa,high,reader-r1-26-b,direction from Printed Specimen Conditions footer
X-ECOMAX-CarbonX-CF-ezPC-TDSv1,1,value,Elongation at break,G037-04,CarbonX Carbon Fiber ezPC Polycarbonate,"Tensile Elongation, Break",2.1,2.1,,%,=,XY Flat,printed,,,ISO 527,,Mechanical Properties,"Tensile Elongation, Break ISO 527 % 2.1",V003364,confirms,2.1 %,high,reader-r1-26-b,direction from Printed Specimen Conditions footer
X-ECOMAX-CarbonX-CF-ezPC-TDSv1,1,value,Flexural strength,G037-04,CarbonX Carbon Fiber ezPC Polycarbonate,Flexural Strength,85,85,,MPa,=,XY Flat,printed,,,ISO 178,,Mechanical Properties,Flexural Strength ISO 178 MPa 85,V003365,confirms,85 MPa,high,reader-r1-26-b,direction from Printed Specimen Conditions footer
X-ECOMAX-CarbonX-CF-ezPC-TDSv1,1,value,Flexural modulus,G037-04,CarbonX Carbon Fiber ezPC Polycarbonate,Flexural Modulus,6540,6540,,MPa,=,XY Flat,printed,,,ISO 178,,Mechanical Properties,Flexural Modulus ISO 178 MPa 6540,V003366,confirms,6540 MPa,high,reader-r1-26-b,direction from Printed Specimen Conditions footer
X-ECOMAX-CarbonX-CF-ezPC-TDSv1,1,value,Glass transition temperature,G037-04,CarbonX Carbon Fiber ezPC Polycarbonate,Glass Transition Temperature (Tg),127,127,,°C,=,,printed,,,DSC,,Thermal Properties,Glass Transition Temperature (Tg) | DSC °C 127,V003367,confirms,127 °C,high,reader-r1-26-b,
X-ECOMAX-CarbonX-CF-ezPC-TDSv1,1,value,HDT,G037-04,CarbonX Carbon Fiber ezPC Polycarbonate,Deflection Temperature at 0.45 MPa (66psi),119,119,,°C,=,,printed,,,ISO 75,load=0.45 MPa (66psi),Thermal Properties,Deflection Temperature at 0.45 | ISO 75 °C 119 | MPa (66psi),V003368,confirms,119 °C,high,reader-r1-26-b,
X-ECOMAX-CarbonX-CF-ezPC-TDSv1,1,value,Surface resistivity,G037-04,CarbonX Carbon Fiber ezPC Polycarbonate,Surface Resistance,>10^9 Ohm/sq,,,Ohm/sq,>,XY Flat,printed,,,ASTM D257,,Electrical Property,Surface Resistance ASTM D257 Ohm/sq | >10 | 9,,new,,high,reader-r1-26-b,value printed with power-of-ten superscript; number left empty
X-ECOMAX-CarbonX-CF-ezPC-TDSv1,1,context,all,G037-04,CarbonX Carbon Fiber ezPC Polycarbonate,Printed Specimen Conditions,,,,,,XY Flat,printed,,,,,Printed Specimen Conditions,Printed Specimen Conditions | Printer: Open Source FDM/FFF | Specimen Orientation: XY Flat,,new,,high,reader-r1-26-b,footer table stating conditions of the printed specimens
X-ECOMAX-CarbonX-CF-ezPC-TDSv1,1,setting,other,G037-04,CarbonX Carbon Fiber ezPC Polycarbonate,Printer,Open Source FDM/FFF,,,,,,,,,,,Printed Specimen Conditions,Printer: Open Source FDM/FFF,,new,,high,reader-r1-26-b,printed specimen condition
X-ECOMAX-CarbonX-CF-ezPC-TDSv1,1,setting,nozzle_diameter,G037-04,CarbonX Carbon Fiber ezPC Polycarbonate,Nozzle,0.4mm,0.4,,mm,,,,,,,,Printed Specimen Conditions,Nozzle: 0.4mm,,new,,high,reader-r1-26-b,printed specimen condition
X-ECOMAX-CarbonX-CF-ezPC-TDSv1,1,setting,other,G037-04,CarbonX Carbon Fiber ezPC Polycarbonate,Layer Height,0.25mm,0.25,,mm,,,,,,,,Printed Specimen Conditions,Layer Height: 0.25mm,,new,,high,reader-r1-26-b,printed specimen condition
X-ECOMAX-CarbonX-CF-ezPC-TDSv1,1,setting,other,G037-04,CarbonX Carbon Fiber ezPC Polycarbonate,Infill,"100%, +/- 45°",100,,%,,,,,,,,Printed Specimen Conditions,"Infill: 100%, +/- 45°",,new,,high,reader-r1-26-b,printed specimen condition
X-ECOMAX-CarbonX-CF-ezPC-TDSv1,1,setting,nozzle,G037-04,CarbonX Carbon Fiber ezPC Polycarbonate,Extrusion Temp,275°C,275,,°C,,,,,,,,Printed Specimen Conditions,Extrusion Temp: 275°C,,new,,high,reader-r1-26-b,"printed specimen condition, not a recommended range"
X-ECOMAX-CarbonX-CF-ezPC-TDSv1,1,setting,bed,G037-04,CarbonX Carbon Fiber ezPC Polycarbonate,Bed Temp,95°C,95,,°C,,,,,,,,Printed Specimen Conditions,Bed Temp: 95°C,,new,,high,reader-r1-26-b,"printed specimen condition, not a recommended range"
X-ECOMAX-CarbonX-CF-ezPC-TDSv1,1,setting,other,G037-04,CarbonX Carbon Fiber ezPC Polycarbonate,Specimen Orientation,XY Flat,,,,,XY Flat,,,,,,Printed Specimen Conditions,Specimen Orientation: XY Flat,,new,,high,reader-r1-26-b,printed specimen condition
X-ECOMAX-CarbonX-CF-ezPC-TDSv1,1,identity,grade,G037-04,CarbonX Carbon Fiber ezPC Polycarbonate,Technical Data Sheet,CarbonX™ Carbon Fiber ezPC Polycarbonate 3D Printing Filament,,,,,,,,,,,Technical Data Sheet,Technical Data Sheet: CarbonX™ Carbon Fiber ezPC Polycarbonate 3D Printing Filament,,new,,high,reader-r1-26-b,
X-ECOMAX-CarbonX-CF-HTN-TDS-v2,1,value,Density,G070-05,CarbonX Carbon Fiber High Temp Nylon (HTN),Density,1.24,1.24,,g/cc,=,,printed,,,ISO 1183,,Physical Properties,Density ISO 1183 g/cc 1.24,V003229,confirms,1.24 g/cc,high,reader-r1-26-b,
X-ECOMAX-CarbonX-CF-HTN-TDS-v2,1,value,Tensile break strength,G070-05,CarbonX Carbon Fiber High Temp Nylon (HTN),"Tensile Strength, Break",87,87,,MPa,=,XY Flat,printed,,,ISO 527,endpoint=break,Mechanical Properties,"Tensile Strength, Break ISO 527 MPa 87",V003230,confirms,87 MPa,high,reader-r1-26-b,direction from Printed Specimen Conditions footer
X-ECOMAX-CarbonX-CF-HTN-TDS-v2,1,value,Tensile modulus,G070-05,CarbonX Carbon Fiber High Temp Nylon (HTN),Tensile Modulus,8200,8200,,MPa,=,XY Flat,printed,,,ISO 527,,Mechanical Properties,Tensile Modulus ISO 527 MPa 8200,V003231,confirms,8200 MPa,high,reader-r1-26-b,direction from Printed Specimen Conditions footer
X-ECOMAX-CarbonX-CF-HTN-TDS-v2,1,value,Elongation at break,G070-05,CarbonX Carbon Fiber High Temp Nylon (HTN),"Tensile Elongation, Break",1.9,1.9,,%,=,XY Flat,printed,,,ISO 527,,Mechanical Properties,"Tensile Elongation, Break ISO 527 % 1.9",V003232,confirms,1.9 %,high,reader-r1-26-b,direction from Printed Specimen Conditions footer
X-ECOMAX-CarbonX-CF-HTN-TDS-v2,1,value,Flexural strength,G070-05,CarbonX Carbon Fiber High Temp Nylon (HTN),Flexural Strength,95,95,,MPa,=,XY Flat,printed,,,ISO 178,,Mechanical Properties,Flexural Strength ISO 178 MPa 95,V003233,confirms,95 MPa,high,reader-r1-26-b,direction from Printed Specimen Conditions footer
X-ECOMAX-CarbonX-CF-HTN-TDS-v2,1,value,Flexural modulus,G070-05,CarbonX Carbon Fiber High Temp Nylon (HTN),Flexural Modulus,7895,7895,,MPa,=,XY Flat,printed,,,ISO 178,,Mechanical Properties,Flexural Modulus ISO 178 MPa 7895,V003234,confirms,7895 MPa,high,reader-r1-26-b,direction from Printed Specimen Conditions footer
X-ECOMAX-CarbonX-CF-HTN-TDS-v2,1,value,Glass transition temperature,G070-05,CarbonX Carbon Fiber High Temp Nylon (HTN),Glass Transition Temperature (Tg),125,125,,°C,=,,printed,,,DSC,,Thermal Properties,Glass Transition Temperature (Tg) | DSC °C 125,V003235,confirms,125 °C,high,reader-r1-26-b,
X-ECOMAX-CarbonX-CF-HTN-TDS-v2,1,value,HDT,G070-05,CarbonX Carbon Fiber High Temp Nylon (HTN),Deflection Temperature at 0.45 MPa (66psi),240,240,,°C,=,,printed,,,ISO 75,load=0.45 MPa (66psi),Thermal Properties,Deflection Temperature at 0.45 | ISO 75 °C 240 | MPa (66psi),V003236,confirms,240 °C,high,reader-r1-26-b,
X-ECOMAX-CarbonX-CF-HTN-TDS-v2,1,value,Melting temperature,G070-05,CarbonX Carbon Fiber High Temp Nylon (HTN),Melt Temperature (Tm),265,265,,°C,=,,printed,,,DSC,,Thermal Properties,Melt Temperature (Tm) DSC °C 265,V003237,confirms,265 °C,high,reader-r1-26-b,
X-ECOMAX-CarbonX-CF-HTN-TDS-v2,1,value,Surface resistivity,G070-05,CarbonX Carbon Fiber High Temp Nylon (HTN),Surface Resistance,>10^9 Ohm/sq,,,Ohm/sq,>,XY Flat,printed,,,ASTM D257,,Electrical Property,Surface Resistance ASTM D257 Ohm/sq | >10 | 9,,new,,high,reader-r1-26-b,value printed with power-of-ten superscript; number left empty
X-ECOMAX-CarbonX-CF-HTN-TDS-v2,1,context,all,G070-05,CarbonX Carbon Fiber High Temp Nylon (HTN),Printed Specimen Conditions,,,,,,XY Flat,printed,,,,,Printed Specimen Conditions,Printed Specimen Conditions | Printer: Open Source FDM/FFF | Specimen Orientation: XY Flat,,new,,high,reader-r1-26-b,footer table stating conditions of the printed specimens
X-ECOMAX-CarbonX-CF-HTN-TDS-v2,1,setting,other,G070-05,CarbonX Carbon Fiber High Temp Nylon (HTN),Printer,Open Source FDM/FFF,,,,,,,,,,,Printed Specimen Conditions,Printer: Open Source FDM/FFF,,new,,high,reader-r1-26-b,printed specimen condition
X-ECOMAX-CarbonX-CF-HTN-TDS-v2,1,setting,nozzle_diameter,G070-05,CarbonX Carbon Fiber High Temp Nylon (HTN),Nozzle,0.4mm,0.4,,mm,,,,,,,,Printed Specimen Conditions,Nozzle: 0.4mm,,new,,high,reader-r1-26-b,printed specimen condition
X-ECOMAX-CarbonX-CF-HTN-TDS-v2,1,setting,other,G070-05,CarbonX Carbon Fiber High Temp Nylon (HTN),Layer Height,0.25mm,0.25,,mm,,,,,,,,Printed Specimen Conditions,Layer Height: 0.25mm,,new,,high,reader-r1-26-b,printed specimen condition
X-ECOMAX-CarbonX-CF-HTN-TDS-v2,1,setting,other,G070-05,CarbonX Carbon Fiber High Temp Nylon (HTN),Infill,"100%, +/- 45°",100,,%,,,,,,,,Printed Specimen Conditions,"Infill: 100%, +/- 45°",,new,,high,reader-r1-26-b,printed specimen condition
X-ECOMAX-CarbonX-CF-HTN-TDS-v2,1,setting,nozzle,G070-05,CarbonX Carbon Fiber High Temp Nylon (HTN),Extrusion Temp,295°C,295,,°C,,,,,,,,Printed Specimen Conditions,Extrusion Temp: 295°C,,new,,high,reader-r1-26-b,"printed specimen condition, not a recommended range"
X-ECOMAX-CarbonX-CF-HTN-TDS-v2,1,setting,bed,G070-05,CarbonX Carbon Fiber High Temp Nylon (HTN),Bed Temp,130°C,130,,°C,,,,,,,,Printed Specimen Conditions,Bed Temp: 130°C,,new,,high,reader-r1-26-b,"printed specimen condition, not a recommended range"
X-ECOMAX-CarbonX-CF-HTN-TDS-v2,1,setting,other,G070-05,CarbonX Carbon Fiber High Temp Nylon (HTN),Specimen Orientation,XY Flat,,,,,XY Flat,,,,,,Printed Specimen Conditions,Specimen Orientation: XY Flat,,new,,high,reader-r1-26-b,printed specimen condition
X-ECOMAX-CarbonX-CF-HTN-TDS-v2,1,identity,grade,G070-05,CarbonX Carbon Fiber High Temp Nylon (HTN),Technical Data Sheet,CarbonX™ Carbon Fiber High Temp Nylon (HTN) 3D Filament,,,,,,,,,,,Technical Data Sheet,CarbonX™ Carbon Fiber High Temp Nylon (HTN) 3D Filament,,new,,high,reader-r1-26-b,
X-ECOMAX-CarbonX-CF-PETG-TDS-v3,1,value,Density,G024-05,CarbonX Carbon Fiber PETG,Density,1.34,1.34,,g/cc,=,,printed,,,ISO 1183,,Physical Properties,Density ISO 1183 g/cc 1.34,V003173,confirms,1.34 g/cc,high,reader-r1-26-b,
X-ECOMAX-CarbonX-CF-PETG-TDS-v3,1,value,Tensile break strength,G024-05,CarbonX Carbon Fiber PETG,"Tensile Strength, Break",56,56,,MPa,=,XY Flat,printed,,,ISO 527,endpoint=break,Mechanical Properties,"Tensile Strength, Break ISO 527 MPa 56",V003174,confirms,56 MPa,high,reader-r1-26-b,direction from Printed Specimen Conditions footer
X-ECOMAX-CarbonX-CF-PETG-TDS-v3,1,value,Tensile modulus,G024-05,CarbonX Carbon Fiber PETG,Tensile Modulus,5230,5230,,MPa,=,XY Flat,printed,,,ISO 527,,Mechanical Properties,Tensile Modulus ISO 527 MPa 5230,V003175,confirms,5230 MPa,high,reader-r1-26-b,direction from Printed Specimen Conditions footer
X-ECOMAX-CarbonX-CF-PETG-TDS-v3,1,value,Elongation at break,G024-05,CarbonX Carbon Fiber PETG,"Tensile Elongation, Break",3,3,,%,=,XY Flat,printed,,,ISO 527,,Mechanical Properties,"Tensile Elongation, Break ISO 527 % 3",V003176,confirms,3 %,high,reader-r1-26-b,direction from Printed Specimen Conditions footer
X-ECOMAX-CarbonX-CF-PETG-TDS-v3,1,value,Flexural strength,G024-05,CarbonX Carbon Fiber PETG,Flexural Strength,80,80,,MPa,=,XY Flat,printed,,,ISO 178,,Mechanical Properties,Flexural Strength ISO 178 MPa 80,V003177,confirms,80 MPa,high,reader-r1-26-b,direction from Printed Specimen Conditions footer
X-ECOMAX-CarbonX-CF-PETG-TDS-v3,1,value,Flexural modulus,G024-05,CarbonX Carbon Fiber PETG,Flexural Modulus,5740,5740,,MPa,=,XY Flat,printed,,,ISO 178,,Mechanical Properties,Flexural Modulus ISO 178 MPa 5740,V003178,confirms,5740 MPa,high,reader-r1-26-b,direction from Printed Specimen Conditions footer
X-ECOMAX-CarbonX-CF-PETG-TDS-v3,1,value,Glass transition temperature,G024-05,CarbonX Carbon Fiber PETG,Glass Transition Temperature (Tg),80,80,,°C,=,,printed,,,DSC,,Thermal Properties,Glass Transition Temperature (Tg) | DSC °C 80,V003179,confirms,80 °C,high,reader-r1-26-b,
X-ECOMAX-CarbonX-CF-PETG-TDS-v3,1,value,HDT,G024-05,CarbonX Carbon Fiber PETG,Deflection Temperature at 0.45 MPa (66psi),77,77,,°C,=,,printed,,,ISO 75,load=0.45 MPa (66psi),Thermal Properties,Deflection Temperature at 0.45 | ISO 75 °C 77 | MPa (66psi),V003180,confirms,77 °C,high,reader-r1-26-b,
X-ECOMAX-CarbonX-CF-PETG-TDS-v3,1,value,Surface resistivity,G024-05,CarbonX Carbon Fiber PETG,Surface Resistance,>10^9 Ohm/sq,,,Ohm/sq,>,XY Flat,printed,,,ASTM D257,,Electrical Property,Surface Resistance ASTM D257 Ohm/sq | >10 | 9,,new,,high,reader-r1-26-b,value printed with power-of-ten superscript; number left empty
X-ECOMAX-CarbonX-CF-PETG-TDS-v3,1,context,all,G024-05,CarbonX Carbon Fiber PETG,Printed Specimen Conditions,,,,,,XY Flat,printed,,,,,Printed Specimen Conditions,Printed Specimen Conditions | Printer: Open Source FDM/FFF | Specimen Orientation: XY Flat,,new,,high,reader-r1-26-b,footer table stating conditions of the printed specimens
X-ECOMAX-CarbonX-CF-PETG-TDS-v3,1,setting,other,G024-05,CarbonX Carbon Fiber PETG,Printer,Open Source FDM/FFF,,,,,,,,,,,Printed Specimen Conditions,Printer: Open Source FDM/FFF,,new,,high,reader-r1-26-b,printed specimen condition
X-ECOMAX-CarbonX-CF-PETG-TDS-v3,1,setting,nozzle_diameter,G024-05,CarbonX Carbon Fiber PETG,Nozzle,0.4mm,0.4,,mm,,,,,,,,Printed Specimen Conditions,Nozzle: 0.4mm,,new,,high,reader-r1-26-b,printed specimen condition
X-ECOMAX-CarbonX-CF-PETG-TDS-v3,1,setting,other,G024-05,CarbonX Carbon Fiber PETG,Layer Height,0.25mm,0.25,,mm,,,,,,,,Printed Specimen Conditions,Layer Height: 0.25mm,,new,,high,reader-r1-26-b,printed specimen condition
X-ECOMAX-CarbonX-CF-PETG-TDS-v3,1,setting,other,G024-05,CarbonX Carbon Fiber PETG,Infill,"100%, +/- 45°",100,,%,,,,,,,,Printed Specimen Conditions,"Infill: 100%, +/- 45°",,new,,high,reader-r1-26-b,printed specimen condition
X-ECOMAX-CarbonX-CF-PETG-TDS-v3,1,setting,nozzle,G024-05,CarbonX Carbon Fiber PETG,Extrusion Temp,245°C,245,,°C,,,,,,,,Printed Specimen Conditions,Extrusion Temp: 245°C,,new,,high,reader-r1-26-b,"printed specimen condition, not a recommended range"
X-ECOMAX-CarbonX-CF-PETG-TDS-v3,1,setting,bed,G024-05,CarbonX Carbon Fiber PETG,Bed Temp,60°C,60,,°C,,,,,,,,Printed Specimen Conditions,Bed Temp: 60°C,,new,,high,reader-r1-26-b,"printed specimen condition, not a recommended range"
X-ECOMAX-CarbonX-CF-PETG-TDS-v3,1,setting,other,G024-05,CarbonX Carbon Fiber PETG,Specimen Orientation,XY Flat,,,,,XY Flat,,,,,,Printed Specimen Conditions,Specimen Orientation: XY Flat,,new,,high,reader-r1-26-b,printed specimen condition
X-ECOMAX-CarbonX-CF-PETG-TDS-v3,1,identity,grade,G024-05,CarbonX Carbon Fiber PETG,Technical Data Sheet,CarbonX™ Carbon Fiber PETG 3D Printing Filament,,,,,,,,,,,Technical Data Sheet,Technical Data Sheet: CarbonX™ Carbon Fiber PETG 3D Printing Filament,,new,,high,reader-r1-26-b,
X-ECOMAX-CarbonX-PA6-G3-TDS-v3-0,1,value,Density,G050-10,CarbonX Carbon Fiber Nylon (Gen3),Density,1.17,1.17,,g/cc,=,,printed,,,ISO 1183,,Physical Properties,Density ISO 1183 g/cc 1.17,V006446,confirms,1.17 g/cc,high,reader-r1-26-b,
X-ECOMAX-CarbonX-PA6-G3-TDS-v3-0,1,value,Tensile break strength,G050-10,CarbonX Carbon Fiber Nylon (Gen3),"Tensile Strength, Break",63,63,,MPa,=,XY Flat,printed,,,ISO 527,endpoint=break,Mechanical Properties,"Tensile Strength, Break ISO 527 MPa 63",V006447,confirms,63 MPa,high,reader-r1-26-b,direction from Printed Specimen Conditions footer
X-ECOMAX-CarbonX-PA6-G3-TDS-v3-0,1,value,Tensile modulus,G050-10,CarbonX Carbon Fiber Nylon (Gen3),Tensile Modulus,3800,3800,,MPa,=,XY Flat,printed,,,ISO 527,,Mechanical Properties,Tensile Modulus ISO 527 MPa 3800,V006448,confirms,3800 MPa,high,reader-r1-26-b,direction from Printed Specimen Conditions footer
X-ECOMAX-CarbonX-PA6-G3-TDS-v3-0,1,value,Elongation at break,G050-10,CarbonX Carbon Fiber Nylon (Gen3),"Tensile Elongation, Break",3,3,,%,=,XY Flat,printed,,,ISO 527,,Mechanical Properties,"Tensile Elongation, Break ISO 527 % 3",V006449,confirms,3 %,high,reader-r1-26-b,direction from Printed Specimen Conditions footer
X-ECOMAX-CarbonX-PA6-G3-TDS-v3-0,1,value,Flexural strength,G050-10,CarbonX Carbon Fiber Nylon (Gen3),Flexural Strength,84,84,,MPa,=,XY Flat,printed,,,ISO 178,,Mechanical Properties,Flexural Strength ISO 178 MPa 84,V006450,confirms,84 MPa,high,reader-r1-26-b,direction from Printed Specimen Conditions footer
X-ECOMAX-CarbonX-PA6-G3-TDS-v3-0,1,value,Flexural modulus,G050-10,CarbonX Carbon Fiber Nylon (Gen3),Flexural Modulus,3750,3750,,MPa,=,XY Flat,printed,,,ISO 178,,Mechanical Properties,Flexural Modulus ISO 178 MPa 3750,V006451,confirms,3750 MPa,high,reader-r1-26-b,direction from Printed Specimen Conditions footer
X-ECOMAX-CarbonX-PA6-G3-TDS-v3-0,1,value,Glass transition temperature,G050-10,CarbonX Carbon Fiber Nylon (Gen3),Glass Transition Temperature (Tg),70,70,,°C,=,,printed,,,DSC,,Thermal Properties,Glass Transition Temperature (Tg) | DSC °C 70,V006452,confirms,70 °C,high,reader-r1-26-b,
X-ECOMAX-CarbonX-PA6-G3-TDS-v3-0,1,value,HDT,G050-10,CarbonX Carbon Fiber Nylon (Gen3),Deflection Temperature at 0.45 MPa (66psi),147,147,,°C,=,,printed,,,ISO 75,load=0.45 MPa (66psi),Thermal Properties,Deflection Temperature at 0.45 | ISO 75 °C 147 | MPa (66psi),V006453,confirms,147 °C,high,reader-r1-26-b,
X-ECOMAX-CarbonX-PA6-G3-TDS-v3-0,1,value,Surface resistivity,G050-10,CarbonX Carbon Fiber Nylon (Gen3),Surface Resistance,>10^9 Ohm/sq,,,Ohm/sq,>,XY Flat,printed,,,ASTM D257,,Electrical Property,Surface Resistance ASTM D257 Ohm/sq | >10 | 9,,new,,high,reader-r1-26-b,value printed with power-of-ten superscript; number left empty
X-ECOMAX-CarbonX-PA6-G3-TDS-v3-0,1,context,all,G050-10,CarbonX Carbon Fiber Nylon (Gen3),Printed Specimen Conditions,,,,,,XY Flat,printed,,,,,Printed Specimen Conditions,Printed Specimen Conditions | Printer: Open Source FDM/FFF | Specimen Orientation: XY Flat,,new,,high,reader-r1-26-b,footer table stating conditions of the printed specimens
X-ECOMAX-CarbonX-PA6-G3-TDS-v3-0,1,setting,other,G050-10,CarbonX Carbon Fiber Nylon (Gen3),Printer,Open Source FDM/FFF,,,,,,,,,,,Printed Specimen Conditions,Printer: Open Source FDM/FFF,,new,,high,reader-r1-26-b,printed specimen condition
X-ECOMAX-CarbonX-PA6-G3-TDS-v3-0,1,setting,nozzle_diameter,G050-10,CarbonX Carbon Fiber Nylon (Gen3),Nozzle,0.4mm,0.4,,mm,,,,,,,,Printed Specimen Conditions,Nozzle: 0.4mm,,new,,high,reader-r1-26-b,printed specimen condition
X-ECOMAX-CarbonX-PA6-G3-TDS-v3-0,1,setting,other,G050-10,CarbonX Carbon Fiber Nylon (Gen3),Layer Height,0.25mm,0.25,,mm,,,,,,,,Printed Specimen Conditions,Layer Height: 0.25mm,,new,,high,reader-r1-26-b,printed specimen condition
X-ECOMAX-CarbonX-PA6-G3-TDS-v3-0,1,setting,other,G050-10,CarbonX Carbon Fiber Nylon (Gen3),Infill,"100%, +/- 45°",100,,%,,,,,,,,Printed Specimen Conditions,"Infill: 100%, +/- 45°",,new,,high,reader-r1-26-b,printed specimen condition
X-ECOMAX-CarbonX-PA6-G3-TDS-v3-0,1,setting,nozzle,G050-10,CarbonX Carbon Fiber Nylon (Gen3),Extrusion Temp,275°C,275,,°C,,,,,,,,Printed Specimen Conditions,Extrusion Temp: 275°C,,new,,high,reader-r1-26-b,"printed specimen condition, not a recommended range"
X-ECOMAX-CarbonX-PA6-G3-TDS-v3-0,1,setting,bed,G050-10,CarbonX Carbon Fiber Nylon (Gen3),Bed Temp,80°C,80,,°C,,,,,,,,Printed Specimen Conditions,Bed Temp: 80°C,,new,,high,reader-r1-26-b,"printed specimen condition, not a recommended range"
X-ECOMAX-CarbonX-PA6-G3-TDS-v3-0,1,setting,other,G050-10,CarbonX Carbon Fiber Nylon (Gen3),Specimen Orientation,XY Flat,,,,,XY Flat,,,,,,Printed Specimen Conditions,Specimen Orientation: XY Flat,,new,,high,reader-r1-26-b,printed specimen condition
X-ECOMAX-CarbonX-PA6-G3-TDS-v3-0,1,identity,grade,G050-10,CarbonX Carbon Fiber Nylon (Gen3),Technical Data Sheet,CarbonX™ Carbon Fiber Nylon (Gen3) 3D Printing Filament,,,,,,,,,,,Technical Data Sheet,Technical Data Sheet: CarbonX™ Carbon Fiber Nylon (Gen3) 3D Printing Filament,,new,,high,reader-r1-26-b,
X-ECOMAX-CF-HTN-v1,1,value,Density,G070-05,CarbonX Carbon Fiber High Temp Nylon (HTN),Density,1.24,1.24,,g/cc,=,,printed,,,ISO 1183,,Physical Properties,Density ISO 1183 g/cc 1.24,V003213,confirms,1.24 g/cc,high,reader-r1-26-b,
X-ECOMAX-CF-HTN-v1,1,value,Tensile break strength,G070-05,CarbonX Carbon Fiber High Temp Nylon (HTN),"Tensile Strength, Break",87,87,,MPa,=,XY Flat,printed,,,ISO 527,endpoint=break,Mechanical Properties,"Tensile Strength, Break ISO 527 MPa 87",V003214,confirms,87 MPa,high,reader-r1-26-b,direction from Printed Specimen Conditions footer
X-ECOMAX-CF-HTN-v1,1,value,Tensile modulus,G070-05,CarbonX Carbon Fiber High Temp Nylon (HTN),Tensile Modulus,8200,8200,,MPa,=,XY Flat,printed,,,ISO 527,,Mechanical Properties,Tensile Modulus ISO 527 MPa 8200,V003215,confirms,8200 MPa,high,reader-r1-26-b,direction from Printed Specimen Conditions footer
X-ECOMAX-CF-HTN-v1,1,value,Elongation at break,G070-05,CarbonX Carbon Fiber High Temp Nylon (HTN),"Tensile Elongation, Break",1.9,1.9,,%,=,XY Flat,printed,,,ISO 527,,Mechanical Properties,"Tensile Elongation, Break ISO 527 % 1.9",V003216,confirms,1.9 %,high,reader-r1-26-b,direction from Printed Specimen Conditions footer
X-ECOMAX-CF-HTN-v1,1,value,Flexural strength,G070-05,CarbonX Carbon Fiber High Temp Nylon (HTN),Flexural Strength,95,95,,MPa,=,XY Flat,printed,,,ISO 178,,Mechanical Properties,Flexural Strength ISO 178 MPa 95,V003217,confirms,95 MPa,high,reader-r1-26-b,direction from Printed Specimen Conditions footer
X-ECOMAX-CF-HTN-v1,1,value,Flexural modulus,G070-05,CarbonX Carbon Fiber High Temp Nylon (HTN),Flexural Modulus,7895,7895,,MPa,=,XY Flat,printed,,,ISO 178,,Mechanical Properties,Flexural Modulus ISO 178 MPa 7895,V003218,confirms,7895 MPa,high,reader-r1-26-b,direction from Printed Specimen Conditions footer
X-ECOMAX-CF-HTN-v1,1,value,Glass transition temperature,G070-05,CarbonX Carbon Fiber High Temp Nylon (HTN),Glass Transition Temperature (Tg),265,265,,°C,=,,printed,,,DSC,,Thermal Properties,Glass Transition Temperature (Tg) | DSC °C 265,V003219,confirms,265 °C,high,reader-r1-26-b,page prints 265 as Glass Transition Temperature (Tg); the Rev 2.0 sheet of the same product prints 125 for Tg and 265 as Melt Temperature (Tm); held value matches this page
X-ECOMAX-CF-HTN-v1,1,value,HDT,G070-05,CarbonX Carbon Fiber High Temp Nylon (HTN),Deflection Temperature at 0.45 MPa (66psi),240,240,,°C,=,,printed,,,ISO 75,load=0.45 MPa (66psi),Thermal Properties,Deflection Temperature at 0.45 | ISO 75 °C 240 | MPa (66psi),V003220,confirms,240 °C,high,reader-r1-26-b,
X-ECOMAX-CF-HTN-v1,1,value,Surface resistivity,G070-05,CarbonX Carbon Fiber High Temp Nylon (HTN),Surface Resistance,>10^9 Ohm/sq,,,Ohm/sq,>,XY Flat,printed,,,ASTM D257,,Electrical Property,Surface Resistance ASTM D257 Ohm/sq | >10 | 9,,new,,high,reader-r1-26-b,value printed with power-of-ten superscript; number left empty
X-ECOMAX-CF-HTN-v1,1,context,all,G070-05,CarbonX Carbon Fiber High Temp Nylon (HTN),Printed Specimen Conditions,,,,,,XY Flat,printed,,,,,Printed Specimen Conditions,Printed Specimen Conditions | Printer: Open Source FDM/FFF | Specimen Orientation: XY Flat,,new,,high,reader-r1-26-b,footer table stating conditions of the printed specimens
X-ECOMAX-CF-HTN-v1,1,setting,other,G070-05,CarbonX Carbon Fiber High Temp Nylon (HTN),Printer,Open Source FDM/FFF,,,,,,,,,,,Printed Specimen Conditions,Printer: Open Source FDM/FFF,,new,,high,reader-r1-26-b,printed specimen condition
X-ECOMAX-CF-HTN-v1,1,setting,nozzle_diameter,G070-05,CarbonX Carbon Fiber High Temp Nylon (HTN),Nozzle,0.4mm,0.4,,mm,,,,,,,,Printed Specimen Conditions,Nozzle: 0.4mm,,new,,high,reader-r1-26-b,printed specimen condition
X-ECOMAX-CF-HTN-v1,1,setting,other,G070-05,CarbonX Carbon Fiber High Temp Nylon (HTN),Layer Height,0.25mm,0.25,,mm,,,,,,,,Printed Specimen Conditions,Layer Height: 0.25mm,,new,,high,reader-r1-26-b,printed specimen condition
X-ECOMAX-CF-HTN-v1,1,setting,other,G070-05,CarbonX Carbon Fiber High Temp Nylon (HTN),Infill,"100%, +/- 45°",100,,%,,,,,,,,Printed Specimen Conditions,"Infill: 100%, +/- 45°",,new,,high,reader-r1-26-b,printed specimen condition
X-ECOMAX-CF-HTN-v1,1,setting,nozzle,G070-05,CarbonX Carbon Fiber High Temp Nylon (HTN),Extrusion Temp,310°C,310,,°C,,,,,,,,Printed Specimen Conditions,Extrusion Temp: 310°C,,new,,high,reader-r1-26-b,"printed specimen condition, not a recommended range"
X-ECOMAX-CF-HTN-v1,1,setting,bed,G070-05,CarbonX Carbon Fiber High Temp Nylon (HTN),Bed Temp,130°C,130,,°C,,,,,,,,Printed Specimen Conditions,Bed Temp: 130°C,,new,,high,reader-r1-26-b,"printed specimen condition, not a recommended range"
X-ECOMAX-CF-HTN-v1,1,setting,other,G070-05,CarbonX Carbon Fiber High Temp Nylon (HTN),Specimen Orientation,XY Flat,,,,,XY Flat,,,,,,Printed Specimen Conditions,Specimen Orientation: XY Flat,,new,,high,reader-r1-26-b,printed specimen condition
X-ECOMAX-CF-HTN-v1,1,identity,grade,G070-05,CarbonX Carbon Fiber High Temp Nylon (HTN),Technical Data Sheet,CarbonX™ Carbon Fiber High Temp Nylon (HTN) 3D Filament,,,,,,,,,,,Technical Data Sheet,CarbonX™ Carbon Fiber High Temp Nylon (HTN) 3D Filament,,new,,high,reader-r1-26-b,
X-ECOMAX-ECOMAX-Tough-PLA-TDS-v1,1,value,Density,G001-18,ECOMAX Tough PLA,Density,1.22,1.22,,g/cc,=,,printed,,,ISO 1183,,Physical Properties,Density ISO 1183 g/cc 1.22,V003205,confirms,1.22 g/cc,high,reader-r1-26-b,
X-ECOMAX-ECOMAX-Tough-PLA-TDS-v1,1,value,Tensile break strength,G001-18,ECOMAX Tough PLA,"Tensile Strength, Break",53,53,,MPa,=,XY Flat,printed,,,ISO 527,endpoint=break,Mechanical Properties,"Tensile Strength, Break ISO 527 MPa 53",V003206,confirms,53 MPa,high,reader-r1-26-b,direction from Printed Specimen Conditions footer
X-ECOMAX-ECOMAX-Tough-PLA-TDS-v1,1,value,Tensile modulus,G001-18,ECOMAX Tough PLA,Tensile Modulus,2272,2272,,MPa,=,XY Flat,printed,,,ISO 527,,Mechanical Properties,Tensile Modulus ISO 527 MPa 2272,V003207,confirms,2272 MPa,high,reader-r1-26-b,direction from Printed Specimen Conditions footer
X-ECOMAX-ECOMAX-Tough-PLA-TDS-v1,1,value,Elongation at break,G001-18,ECOMAX Tough PLA,"Tensile Elongation, Break",65,65,,%,=,XY Flat,printed,,,ISO 527,,Mechanical Properties,"Tensile Elongation, Break ISO 527 % 65",V003208,confirms,65 %,high,reader-r1-26-b,direction from Printed Specimen Conditions footer
X-ECOMAX-ECOMAX-Tough-PLA-TDS-v1,1,value,Flexural strength,G001-18,ECOMAX Tough PLA,Flexural Strength,98,98,,MPa,=,XY Flat,printed,,,ISO 178,,Mechanical Properties,Flexural Strength ISO 178 MPa 98,V003209,confirms,98 MPa,high,reader-r1-26-b,direction from Printed Specimen Conditions footer
X-ECOMAX-ECOMAX-Tough-PLA-TDS-v1,1,value,Flexural modulus,G001-18,ECOMAX Tough PLA,Flexural Modulus,2875,2875,,MPa,=,XY Flat,printed,,,ISO 178,,Mechanical Properties,Flexural Modulus ISO 178 MPa 2875,V003210,confirms,2875 MPa,high,reader-r1-26-b,direction from Printed Specimen Conditions footer
X-ECOMAX-ECOMAX-Tough-PLA-TDS-v1,1,value,Glass transition temperature,G001-18,ECOMAX Tough PLA,Glass Transition Temperature (Tg),55,55,,°C,=,,printed,,,DSC,,Thermal Properties,Glass Transition Temperature (Tg) | DSC °C 55,V003211,confirms,55 °C,high,reader-r1-26-b,
X-ECOMAX-ECOMAX-Tough-PLA-TDS-v1,1,value,HDT,G001-18,ECOMAX Tough PLA,Deflection Temperature at 0.45 MPa (66psi),80,80,,°C,=,,printed,,,ISO 75,load=0.45 MPa (66psi),Thermal Properties,Deflection Temperature at 0.45 | ISO 75 °C 80 | MPa (66psi),V003212,confirms,80 °C,high,reader-r1-26-b,
X-ECOMAX-ECOMAX-Tough-PLA-TDS-v1,1,value,Surface resistivity,G001-18,ECOMAX Tough PLA,Surface Resistance,>10^13 Ohm/sq,,,Ohm/sq,>,XY Flat,printed,,,ASTM D257,,Electrical Property,Surface Resistance ASTM D257 Ohm/sq | >10 | 13,,new,,high,reader-r1-26-b,value printed with power-of-ten superscript; number left empty
X-ECOMAX-ECOMAX-Tough-PLA-TDS-v1,1,context,all,G001-18,ECOMAX Tough PLA,Printed Specimen Conditions,,,,,,XY Flat,printed,,,,,Printed Specimen Conditions,Printed Specimen Conditions | Printer: Open Source FDM/FFF | Specimen Orientation: XY Flat,,new,,high,reader-r1-26-b,footer table stating conditions of the printed specimens
X-ECOMAX-ECOMAX-Tough-PLA-TDS-v1,1,setting,other,G001-18,ECOMAX Tough PLA,Printer,Open Source FDM/FFF,,,,,,,,,,,Printed Specimen Conditions,Printer: Open Source FDM/FFF,,new,,high,reader-r1-26-b,printed specimen condition
X-ECOMAX-ECOMAX-Tough-PLA-TDS-v1,1,setting,nozzle_diameter,G001-18,ECOMAX Tough PLA,Nozzle,0.4mm,0.4,,mm,,,,,,,,Printed Specimen Conditions,Nozzle: 0.4mm,,new,,high,reader-r1-26-b,printed specimen condition
X-ECOMAX-ECOMAX-Tough-PLA-TDS-v1,1,setting,other,G001-18,ECOMAX Tough PLA,Layer Height,0.25mm,0.25,,mm,,,,,,,,Printed Specimen Conditions,Layer Height: 0.25mm,,new,,high,reader-r1-26-b,printed specimen condition
X-ECOMAX-ECOMAX-Tough-PLA-TDS-v1,1,setting,other,G001-18,ECOMAX Tough PLA,Infill,"100%, +/- 45°",100,,%,,,,,,,,Printed Specimen Conditions,"Infill: 100%, +/- 45°",,new,,high,reader-r1-26-b,printed specimen condition
X-ECOMAX-ECOMAX-Tough-PLA-TDS-v1,1,setting,nozzle,G001-18,ECOMAX Tough PLA,Extrusion Temp,220°C,220,,°C,,,,,,,,Printed Specimen Conditions,Extrusion Temp: 220°C,,new,,high,reader-r1-26-b,"printed specimen condition, not a recommended range"
X-ECOMAX-ECOMAX-Tough-PLA-TDS-v1,1,setting,bed,G001-18,ECOMAX Tough PLA,Bed Temp,23°C,23,,°C,,,,,,,,Printed Specimen Conditions,Bed Temp: 23°C,,new,,high,reader-r1-26-b,"printed specimen condition, not a recommended range"
X-ECOMAX-ECOMAX-Tough-PLA-TDS-v1,1,setting,other,G001-18,ECOMAX Tough PLA,Specimen Orientation,XY Flat,,,,,XY Flat,,,,,,Printed Specimen Conditions,Specimen Orientation: XY Flat,,new,,high,reader-r1-26-b,printed specimen condition
X-ECOMAX-ECOMAX-Tough-PLA-TDS-v1,1,identity,grade,G001-18,ECOMAX Tough PLA,Technical Data Sheet,ECOMAX® Tough PLA 3D Printing Filament,,,,,,,,,,,Technical Data Sheet,Technical Data Sheet: ECOMAX® Tough PLA 3D Printing Filament,,new,,high,reader-r1-26-b,
X-ECOMAX-ezPC-TDS-v01,1,value,Density,G035-04,ezPC Polycarbonate,Density,1.2,1.2,,g/cc,=,,printed,,,ISO 1183,,Physical Properties,Density ISO 1183 g/cc 1.2,V003181,confirms,1.2 g/cc,high,reader-r1-26-b,
X-ECOMAX-ezPC-TDS-v01,1,value,Tensile break strength,G035-04,ezPC Polycarbonate,"Tensile Strength, Break",58,58,,MPa,=,XY Flat,printed,,,ISO 527,endpoint=break,Mechanical Properties,"Tensile Strength, Break ISO 527 MPa 58",V003182,confirms,58 MPa,high,reader-r1-26-b,direction from Printed Specimen Conditions footer
X-ECOMAX-ezPC-TDS-v01,1,value,Tensile modulus,G035-04,ezPC Polycarbonate,Tensile Modulus,2180,2180,,MPa,=,XY Flat,printed,,,ISO 527,,Mechanical Properties,Tensile Modulus ISO 527 MPa 2180,V003183,confirms,2180 MPa,high,reader-r1-26-b,direction from Printed Specimen Conditions footer
X-ECOMAX-ezPC-TDS-v01,1,value,Elongation at break,G035-04,ezPC Polycarbonate,"Tensile Elongation, Break",14,14,,%,=,XY Flat,printed,,,ISO 527,,Mechanical Properties,"Tensile Elongation, Break ISO 527 % 14",V003184,confirms,14 %,high,reader-r1-26-b,direction from Printed Specimen Conditions footer
X-ECOMAX-ezPC-TDS-v01,1,value,Flexural strength,G035-04,ezPC Polycarbonate,Flexural Strength,91,91,,MPa,=,XY Flat,printed,,,ISO 178,,Mechanical Properties,Flexural Strength ISO 178 MPa 91,V003185,confirms,91 MPa,high,reader-r1-26-b,direction from Printed Specimen Conditions footer
X-ECOMAX-ezPC-TDS-v01,1,value,Flexural modulus,G035-04,ezPC Polycarbonate,Flexural Modulus,2150,2150,,MPa,=,XY Flat,printed,,,ISO 178,,Mechanical Properties,Flexural Modulus ISO 178 MPa 2150,V003186,confirms,2150 MPa,high,reader-r1-26-b,direction from Printed Specimen Conditions footer
X-ECOMAX-ezPC-TDS-v01,1,value,Glass transition temperature,G035-04,ezPC Polycarbonate,Glass Transition Temperature (Tg),118,118,,°C,=,,printed,,,DSC,,Thermal Properties,Glass Transition Temperature (Tg) | DSC °C 118,V003187,confirms,118 °C,high,reader-r1-26-b,
X-ECOMAX-ezPC-TDS-v01,1,value,HDT,G035-04,ezPC Polycarbonate,Deflection Temperature at 0.45 MPa (66psi),112,112,,°C,=,,printed,,,ISO 75,load=0.45 MPa (66psi),Thermal Properties,Deflection Temperature at 0.45 | ISO 75 °C 112 | MPa (66psi),V003188,confirms,112 °C,high,reader-r1-26-b,
X-ECOMAX-ezPC-TDS-v01,1,value,Surface resistivity,G035-04,ezPC Polycarbonate,Surface Resistance,>10^13 Ohm/sq,,,Ohm/sq,>,XY Flat,printed,,,ASTM D257,,Electrical Property,Surface Resistance ASTM D257 Ohm/sq | >10 | 13,,new,,high,reader-r1-26-b,value printed with power-of-ten superscript; number left empty
X-ECOMAX-ezPC-TDS-v01,1,context,all,G035-04,ezPC Polycarbonate,Printed Specimen Conditions,,,,,,XY Flat,printed,,,,,Printed Specimen Conditions,Printed Specimen Conditions | Printer: Open Source FDM/FFF | Specimen Orientation: XY Flat,,new,,high,reader-r1-26-b,footer table stating conditions of the printed specimens
X-ECOMAX-ezPC-TDS-v01,1,setting,other,G035-04,ezPC Polycarbonate,Printer,Open Source FDM/FFF,,,,,,,,,,,Printed Specimen Conditions,Printer: Open Source FDM/FFF,,new,,high,reader-r1-26-b,printed specimen condition
X-ECOMAX-ezPC-TDS-v01,1,setting,nozzle_diameter,G035-04,ezPC Polycarbonate,Nozzle,0.4mm,0.4,,mm,,,,,,,,Printed Specimen Conditions,Nozzle: 0.4mm,,new,,high,reader-r1-26-b,printed specimen condition
X-ECOMAX-ezPC-TDS-v01,1,setting,other,G035-04,ezPC Polycarbonate,Layer Height,0.25mm,0.25,,mm,,,,,,,,Printed Specimen Conditions,Layer Height: 0.25mm,,new,,high,reader-r1-26-b,printed specimen condition
X-ECOMAX-ezPC-TDS-v01,1,setting,other,G035-04,ezPC Polycarbonate,Infill,"100%, +/- 45°",100,,%,,,,,,,,Printed Specimen Conditions,"Infill: 100%, +/- 45°",,new,,high,reader-r1-26-b,printed specimen condition
X-ECOMAX-ezPC-TDS-v01,1,setting,nozzle,G035-04,ezPC Polycarbonate,Extrusion Temp,265°C,265,,°C,,,,,,,,Printed Specimen Conditions,Extrusion Temp: 265°C,,new,,high,reader-r1-26-b,"printed specimen condition, not a recommended range"
X-ECOMAX-ezPC-TDS-v01,1,setting,bed,G035-04,ezPC Polycarbonate,Bed Temp,100°C,100,,°C,,,,,,,,Printed Specimen Conditions,Bed Temp: 100°C,,new,,high,reader-r1-26-b,"printed specimen condition, not a recommended range"
X-ECOMAX-ezPC-TDS-v01,1,setting,other,G035-04,ezPC Polycarbonate,Specimen Orientation,XY Flat,,,,,XY Flat,,,,,,Printed Specimen Conditions,Specimen Orientation: XY Flat,,new,,high,reader-r1-26-b,printed specimen condition
X-ECOMAX-ezPC-TDS-v01,1,identity,grade,G035-04,ezPC Polycarbonate,Technical Data Sheet,ezPC™ Polycarbonate 3D Printing Filament,,,,,,,,,,,Technical Data Sheet,Technical Data Sheet: ezPC™ Polycarbonate 3D Printing Filament,,new,,high,reader-r1-26-b,
X-ECOMAX-FIBREX-GF-ABS-TDS-v1,1,value,Density,G028-03,FibreX ABS+GF10 Glass Fiber ABS,Density,1.15,1.15,,g/cc,=,,printed,,,ISO 1183,,Physical Properties,Density ISO 1183 g/cc 1.15,V003279,confirms,1.15 g/cc,high,reader-r1-26-b,
X-ECOMAX-FIBREX-GF-ABS-TDS-v1,1,value,Tensile break strength,G028-03,FibreX ABS+GF10 Glass Fiber ABS,"Tensile Strength, Break",68,68,,MPa,=,XY Flat,printed,,,ISO 527,endpoint=break,Mechanical Properties,"Tensile Strength, Break ISO 527 MPa 68",V003280,confirms,68 MPa,high,reader-r1-26-b,direction from Printed Specimen Conditions footer
X-ECOMAX-FIBREX-GF-ABS-TDS-v1,1,value,Tensile modulus,G028-03,FibreX ABS+GF10 Glass Fiber ABS,Tensile Modulus,4210,4210,,MPa,=,XY Flat,printed,,,ISO 527,,Mechanical Properties,Tensile Modulus ISO 527 MPa 4210,V003281,confirms,4210 MPa,high,reader-r1-26-b,direction from Printed Specimen Conditions footer
X-ECOMAX-FIBREX-GF-ABS-TDS-v1,1,value,Elongation at break,G028-03,FibreX ABS+GF10 Glass Fiber ABS,"Tensile Elongation, Break",2,2,,%,=,XY Flat,printed,,,ISO 527,,Mechanical Properties,"Tensile Elongation, Break ISO 527 % 2",V003282,confirms,2 %,high,reader-r1-26-b,direction from Printed Specimen Conditions footer
X-ECOMAX-FIBREX-GF-ABS-TDS-v1,1,value,Flexural strength,G028-03,FibreX ABS+GF10 Glass Fiber ABS,Flexural Strength,70,70,,MPa,=,XY Flat,printed,,,ISO 178,,Mechanical Properties,Flexural Strength ISO 178 MPa 70,V003283,confirms,70 MPa,high,reader-r1-26-b,direction from Printed Specimen Conditions footer
X-ECOMAX-FIBREX-GF-ABS-TDS-v1,1,value,Flexural modulus,G028-03,FibreX ABS+GF10 Glass Fiber ABS,Flexural Modulus,4420,4420,,MPa,=,XY Flat,printed,,,ISO 178,,Mechanical Properties,Flexural Modulus ISO 178 MPa 4420,V003284,confirms,4420 MPa,high,reader-r1-26-b,direction from Printed Specimen Conditions footer
X-ECOMAX-FIBREX-GF-ABS-TDS-v1,1,value,Glass transition temperature,G028-03,FibreX ABS+GF10 Glass Fiber ABS,Glass Transition Temperature (Tg),105,105,,°C,=,,printed,,,DSC,,Thermal Properties,Glass Transition Temperature (Tg) | DSC °C 105,V003285,confirms,105 °C,high,reader-r1-26-b,
X-ECOMAX-FIBREX-GF-ABS-TDS-v1,1,value,HDT,G028-03,FibreX ABS+GF10 Glass Fiber ABS,Deflection Temperature at 0.45 MPa (66psi),98,98,,°C,=,,printed,,,ISO 75,load=0.45 MPa (66psi),Thermal Properties,Deflection Temperature at 0.45 | ISO 75 °C 98 | MPa (66psi),V003286,confirms,98 °C,high,reader-r1-26-b,
X-ECOMAX-FIBREX-GF-ABS-TDS-v1,1,value,Surface resistivity,G028-03,FibreX ABS+GF10 Glass Fiber ABS,Surface Resistance,>10^13 Ohm/sq,,,Ohm/sq,>,XY Flat,printed,,,ASTM D257,,Electrical Property,Surface Resistance ASTM D257 Ohm/sq | >10 | 13,,new,,high,reader-r1-26-b,value printed with power-of-ten superscript; number left empty
X-ECOMAX-FIBREX-GF-ABS-TDS-v1,1,context,all,G028-03,FibreX ABS+GF10 Glass Fiber ABS,Printed Specimen Conditions,,,,,,XY Flat,printed,,,,,Printed Specimen Conditions,Printed Specimen Conditions | Printer: Open Source FDM/FFF | Specimen Orientation: XY Flat,,new,,high,reader-r1-26-b,footer table stating conditions of the printed specimens
X-ECOMAX-FIBREX-GF-ABS-TDS-v1,1,setting,other,G028-03,FibreX ABS+GF10 Glass Fiber ABS,Printer,Open Source FDM/FFF,,,,,,,,,,,Printed Specimen Conditions,Printer: Open Source FDM/FFF,,new,,high,reader-r1-26-b,printed specimen condition
X-ECOMAX-FIBREX-GF-ABS-TDS-v1,1,setting,nozzle_diameter,G028-03,FibreX ABS+GF10 Glass Fiber ABS,Nozzle,0.4mm,0.4,,mm,,,,,,,,Printed Specimen Conditions,Nozzle: 0.4mm,,new,,high,reader-r1-26-b,printed specimen condition
X-ECOMAX-FIBREX-GF-ABS-TDS-v1,1,setting,other,G028-03,FibreX ABS+GF10 Glass Fiber ABS,Layer Height,0.25mm,0.25,,mm,,,,,,,,Printed Specimen Conditions,Layer Height: 0.25mm,,new,,high,reader-r1-26-b,printed specimen condition
X-ECOMAX-FIBREX-GF-ABS-TDS-v1,1,setting,other,G028-03,FibreX ABS+GF10 Glass Fiber ABS,Infill,"100%, +/- 45°",100,,%,,,,,,,,Printed Specimen Conditions,"Infill: 100%, +/- 45°",,new,,high,reader-r1-26-b,printed specimen condition
X-ECOMAX-FIBREX-GF-ABS-TDS-v1,1,setting,nozzle,G028-03,FibreX ABS+GF10 Glass Fiber ABS,Extrusion Temp,245°C,245,,°C,,,,,,,,Printed Specimen Conditions,Extrusion Temp: 245°C,,new,,high,reader-r1-26-b,"printed specimen condition, not a recommended range"
X-ECOMAX-FIBREX-GF-ABS-TDS-v1,1,setting,bed,G028-03,FibreX ABS+GF10 Glass Fiber ABS,Bed Temp,110°C,110,,°C,,,,,,,,Printed Specimen Conditions,Bed Temp: 110°C,,new,,high,reader-r1-26-b,"printed specimen condition, not a recommended range"
X-ECOMAX-FIBREX-GF-ABS-TDS-v1,1,setting,other,G028-03,FibreX ABS+GF10 Glass Fiber ABS,Specimen Orientation,XY Flat,,,,,XY Flat,,,,,,Printed Specimen Conditions,Specimen Orientation: XY Flat,,new,,high,reader-r1-26-b,printed specimen condition
X-ECOMAX-FIBREX-GF-ABS-TDS-v1,1,identity,grade,G028-03,FibreX ABS+GF10 Glass Fiber ABS,Technical Data Sheet,FibreX™ ABS+GF10 Glass Fiber ABS,,,,,,,,,,,Technical Data Sheet,Technical Data Sheet: FibreX™ ABS+GF10 Glass Fiber ABS,,new,,high,reader-r1-26-b,
X-ECOMAX-PLA-TDS-v3,1,value,Density,G001-01,ECOMAX PLA,Density,1.24,1.24,,g/cc,=,,printed,,,ISO 1183,,Physical Properties,Density ISO 1183 g/cc 1.24,V000001,confirms,1.24 g/cc,high,reader-r1-26-b,
X-ECOMAX-PLA-TDS-v3,1,value,Tensile break strength,G001-01,ECOMAX PLA,"Tensile Strength, Break",56,56,,MPa,=,XY Flat,printed,,,ISO 527,endpoint=break,Mechanical Properties,"Tensile Strength, Break ISO 527 MPa 56",V000002,confirms,56 MPa,high,reader-r1-26-b,direction from Printed Specimen Conditions footer
X-ECOMAX-PLA-TDS-v3,1,value,Tensile modulus,G001-01,ECOMAX PLA,Tensile Modulus,2865,2865,,MPa,=,XY Flat,printed,,,ISO 527,,Mechanical Properties,Tensile Modulus ISO 527 MPa 2865,V000003,confirms,2865 MPa,high,reader-r1-26-b,direction from Printed Specimen Conditions footer
X-ECOMAX-PLA-TDS-v3,1,value,Elongation at break,G001-01,ECOMAX PLA,"Tensile Elongation, Break",8,8,,%,=,XY Flat,printed,,,ISO 527,,Mechanical Properties,"Tensile Elongation, Break ISO 527 % 8",V000004,confirms,8 %,high,reader-r1-26-b,direction from Printed Specimen Conditions footer
X-ECOMAX-PLA-TDS-v3,1,value,Flexural strength,G001-01,ECOMAX PLA,Flexural Strength,115,115,,MPa,=,XY Flat,printed,,,ISO 178,,Mechanical Properties,Flexural Strength ISO 178 MPa 115,V000005,confirms,115 MPa,high,reader-r1-26-b,direction from Printed Specimen Conditions footer
X-ECOMAX-PLA-TDS-v3,1,value,Flexural modulus,G001-01,ECOMAX PLA,Flexural Modulus,3185,3185,,MPa,=,XY Flat,printed,,,ISO 178,,Mechanical Properties,Flexural Modulus ISO 178 MPa 3185,V000006,confirms,3185 MPa,high,reader-r1-26-b,direction from Printed Specimen Conditions footer
X-ECOMAX-PLA-TDS-v3,1,value,Glass transition temperature,G001-01,ECOMAX PLA,Glass Transition Temperature (Tg),55,55,,°C,=,,printed,,,DSC,,Thermal Properties,Glass Transition Temperature (Tg) | DSC °C 55,V000007,confirms,55 °C,high,reader-r1-26-b,
X-ECOMAX-PLA-TDS-v3,1,value,HDT,G001-01,ECOMAX PLA,Deflection Temperature at 0.45 MPa (66psi),80,80,,°C,=,,printed,,,ISO 75,load=0.45 MPa (66psi),Thermal Properties,Deflection Temperature at 0.45 | ISO 75 °C 80 | MPa (66psi),V000008,confirms,80 °C,high,reader-r1-26-b,
X-ECOMAX-PLA-TDS-v3,1,value,Surface resistivity,G001-01,ECOMAX PLA,Surface Resistance,>10^13 Ohm/sq,,,Ohm/sq,>,XY Flat,printed,,,ASTM D257,,Electrical Property,Surface Resistance ASTM D257 Ohm/sq | >10 | 13,,new,,high,reader-r1-26-b,value printed with power-of-ten superscript; number left empty
X-ECOMAX-PLA-TDS-v3,1,context,all,G001-01,ECOMAX PLA,Printed Specimen Conditions,,,,,,XY Flat,printed,,,,,Printed Specimen Conditions,Printed Specimen Conditions | Printer: Open Source FDM/FFF | Specimen Orientation: XY Flat,,new,,high,reader-r1-26-b,footer table stating conditions of the printed specimens
X-ECOMAX-PLA-TDS-v3,1,setting,other,G001-01,ECOMAX PLA,Printer,Open Source FDM/FFF,,,,,,,,,,,Printed Specimen Conditions,Printer: Open Source FDM/FFF,,new,,high,reader-r1-26-b,printed specimen condition
X-ECOMAX-PLA-TDS-v3,1,setting,nozzle_diameter,G001-01,ECOMAX PLA,Nozzle,0.4mm,0.4,,mm,,,,,,,,Printed Specimen Conditions,Nozzle: 0.4mm,,new,,high,reader-r1-26-b,printed specimen condition
X-ECOMAX-PLA-TDS-v3,1,setting,other,G001-01,ECOMAX PLA,Layer Height,0.25mm,0.25,,mm,,,,,,,,Printed Specimen Conditions,Layer Height: 0.25mm,,new,,high,reader-r1-26-b,printed specimen condition
X-ECOMAX-PLA-TDS-v3,1,setting,other,G001-01,ECOMAX PLA,Infill,"100%, +/- 45°",100,,%,,,,,,,,Printed Specimen Conditions,"Infill: 100%, +/- 45°",,new,,high,reader-r1-26-b,printed specimen condition
X-ECOMAX-PLA-TDS-v3,1,setting,nozzle,G001-01,ECOMAX PLA,Extrusion Temp,210°C,210,,°C,,,,,,,,Printed Specimen Conditions,Extrusion Temp: 210°C,,new,,high,reader-r1-26-b,"printed specimen condition, not a recommended range"
X-ECOMAX-PLA-TDS-v3,1,setting,bed,G001-01,ECOMAX PLA,Bed Temp,23°C,23,,°C,,,,,,,,Printed Specimen Conditions,Bed Temp: 23°C,,new,,high,reader-r1-26-b,"printed specimen condition, not a recommended range"
X-ECOMAX-PLA-TDS-v3,1,setting,other,G001-01,ECOMAX PLA,Specimen Orientation,XY Flat,,,,,XY Flat,,,,,,Printed Specimen Conditions,Specimen Orientation: XY Flat,,new,,high,reader-r1-26-b,printed specimen condition
X-ECOMAX-PLA-TDS-v3,1,identity,grade,G001-01,ECOMAX PLA,Technical Data Sheet,ECOMAX® PLA 3D Printing Filament,,,,,,,,,,,Technical Data Sheet,Technical Data Sheet: ECOMAX® PLA 3D Printing Filament,,new,,high,reader-r1-26-b,
X-ECOMAX-SimuBone-TDS-v1,1,value,Density,G001-178,SimuBone Bone Simulation,Density,1.34,1.34,,g/cc,=,,printed,,,ISO 1183,,Physical Properties,Density ISO 1183 g/cc 1.34,V010204,confirms,1.34 g/cc,high,reader-r1-26-b,
X-ECOMAX-SimuBone-TDS-v1,1,value,Tensile break strength,G001-178,SimuBone Bone Simulation,"Tensile Strength, Break",65,65,,MPa,=,XY Flat,printed,,,ISO 527,endpoint=break,Mechanical Properties,"Tensile Strength, Break ISO 527 MPa 65",V010205,confirms,65 MPa,high,reader-r1-26-b,direction from Printed Specimen Conditions footer
X-ECOMAX-SimuBone-TDS-v1,1,value,Tensile modulus,G001-178,SimuBone Bone Simulation,Tensile Modulus,3410,3410,,MPa,=,XY Flat,printed,,,ISO 527,,Mechanical Properties,Tensile Modulus ISO 527 MPa 3410,V010206,confirms,3410 MPa,high,reader-r1-26-b,direction from Printed Specimen Conditions footer
X-ECOMAX-SimuBone-TDS-v1,1,value,Elongation at break,G001-178,SimuBone Bone Simulation,"Tensile Elongation, Break",4,4,,%,=,XY Flat,printed,,,ISO 527,,Mechanical Properties,"Tensile Elongation, Break ISO 527 % 4",V010207,confirms,4 %,high,reader-r1-26-b,direction from Printed Specimen Conditions footer
X-ECOMAX-SimuBone-TDS-v1,1,value,Flexural strength,G001-178,SimuBone Bone Simulation,Flexural Strength,122,122,,MPa,=,XY Flat,printed,,,ISO 178,,Mechanical Properties,Flexural Strength ISO 178 MPa 122,V010208,confirms,122 MPa,high,reader-r1-26-b,direction from Printed Specimen Conditions footer
X-ECOMAX-SimuBone-TDS-v1,1,value,Flexural modulus,G001-178,SimuBone Bone Simulation,Flexural Modulus,3355,3355,,MPa,=,XY Flat,printed,,,ISO 178,,Mechanical Properties,Flexural Modulus ISO 178 MPa 3355,V010209,confirms,3355 MPa,high,reader-r1-26-b,direction from Printed Specimen Conditions footer
X-ECOMAX-SimuBone-TDS-v1,1,value,Glass transition temperature,G001-178,SimuBone Bone Simulation,Glass Transition Temperature (Tg),55,55,,°C,=,,printed,,,DSC,,Thermal Properties,Glass Transition Temperature (Tg) | DSC °C 55,V010210,confirms,55 °C,high,reader-r1-26-b,
X-ECOMAX-SimuBone-TDS-v1,1,value,HDT,G001-178,SimuBone Bone Simulation,Deflection Temperature at 0.45 MPa (66psi),89,89,,°C,=,,printed,,,ISO 75,load=0.45 MPa (66psi),Thermal Properties,Deflection Temperature at 0.45 | ISO 75 °C 89 | MPa (66psi),V010211,confirms,89 °C,high,reader-r1-26-b,
X-ECOMAX-SimuBone-TDS-v1,1,value,unmapped:Certified Antibacterial,G001-178,SimuBone Bone Simulation,Certified Antibacterial,99.9%,99.9,,%,=,,,,,ISO 22196:2011,,Certifications,Certified Antibacterial ISO 22196:2011 99.9% | Efficacy Rate,,new,,high,reader-r1-26-b,efficacy rate of antibacterial certification; not a mechanical or thermal property
X-ECOMAX-SimuBone-TDS-v1,1,context,all,G001-178,SimuBone Bone Simulation,Printed Specimen Conditions,,,,,,XY Flat,printed,,,,,Printed Specimen Conditions,Printed Specimen Conditions | Printer: Open Source FDM/FFF | Specimen Orientation: XY Flat,,new,,high,reader-r1-26-b,footer table stating conditions of the printed specimens
X-ECOMAX-SimuBone-TDS-v1,1,setting,other,G001-178,SimuBone Bone Simulation,Printer,Open Source FDM/FFF,,,,,,,,,,,Printed Specimen Conditions,Printer: Open Source FDM/FFF,,new,,high,reader-r1-26-b,printed specimen condition
X-ECOMAX-SimuBone-TDS-v1,1,setting,nozzle_diameter,G001-178,SimuBone Bone Simulation,Nozzle,0.4mm,0.4,,mm,,,,,,,,Printed Specimen Conditions,Nozzle: 0.4mm,,new,,high,reader-r1-26-b,printed specimen condition
X-ECOMAX-SimuBone-TDS-v1,1,setting,other,G001-178,SimuBone Bone Simulation,Layer Height,0.25mm,0.25,,mm,,,,,,,,Printed Specimen Conditions,Layer Height: 0.25mm,,new,,high,reader-r1-26-b,printed specimen condition
X-ECOMAX-SimuBone-TDS-v1,1,setting,other,G001-178,SimuBone Bone Simulation,Infill,"100%, +/- 45°",100,,%,,,,,,,,Printed Specimen Conditions,"Infill: 100%, +/- 45°",,new,,high,reader-r1-26-b,printed specimen condition
X-ECOMAX-SimuBone-TDS-v1,1,setting,nozzle,G001-178,SimuBone Bone Simulation,Extrusion Temp,230°C,230,,°C,,,,,,,,Printed Specimen Conditions,Extrusion Temp: 230°C,,new,,high,reader-r1-26-b,"printed specimen condition, not a recommended range"
X-ECOMAX-SimuBone-TDS-v1,1,setting,bed,G001-178,SimuBone Bone Simulation,Bed Temp,23°C,23,,°C,,,,,,,,Printed Specimen Conditions,Bed Temp: 23°C,,new,,high,reader-r1-26-b,"printed specimen condition, not a recommended range"
X-ECOMAX-SimuBone-TDS-v1,1,setting,other,G001-178,SimuBone Bone Simulation,Specimen Orientation,XY Flat,,,,,XY Flat,,,,,,Printed Specimen Conditions,Specimen Orientation: XY Flat,,new,,high,reader-r1-26-b,printed specimen condition
X-ECOMAX-SimuBone-TDS-v1,1,identity,grade,G001-178,SimuBone Bone Simulation,Technical Data Sheet,SimuBone™ Bone Simulation Filament,,,,,,,,,,,Technical Data Sheet,Technical Data Sheet: SimuBone™ Bone Simulation Filament,,new,,high,reader-r1-26-b,
