source_id,page,kind,field,grade_id,product,label,raw,number_lo,number_hi,unit,operator,direction,specimen,moisture,post_processing,standard,test_conditions,table_heading,quote,held_id,verdict,held_value,confidence,reader,note
R-RECREUS-FILAFLEX-Filaflex-60A,1,identity,polymer,G039-41,Filaflex 60A,Description,TPU,,,,,,,,,,,Description,Filaflex 60A TPU is the softest and most elastic filament in the Filaflex range,,new,,high,reader-r1-60,
R-RECREUS-FILAFLEX-Filaflex-60A,1,identity,grade,G039-41,Filaflex 60A,TECHNICAL DATA SHEET,FILAFLEX 60A,,,,,,,,,,,,TECHNICAL DATA SHEET | FILAFLEX 60A,,new,,high,reader-r1-60,
R-RECREUS-FILAFLEX-Filaflex-60A,2,value,Density,G039-41,Filaflex 60A,Material density,1070 kg/m³,1070,,kg/m³,=,,,,,ISO 1183,,Physical Property,Material density 1070 kg/m³ ISO 1183,V007266,confirms,1070 kg/m³,high,reader-r1-60,
R-RECREUS-FILAFLEX-Filaflex-60A,2,value,Melt mass-flow rate,G039-41,Filaflex 60A,Melt flow rate (230 ºC / 2.16 kg),—,,,g/10 min,,,,,,ISO 1133,temp=230 °C; load=2.16 kg,Physical Property,Melt flow rate (230 ºC / 2.16 kg) — g/10 min ISO 1133,,new,,high,reader-r1-60,value cell is a dash
R-RECREUS-FILAFLEX-Filaflex-60A,2,value,Hardness,G039-41,Filaflex 60A,"Hardness (Shore A, 3 s)",63,63,,,=,,,,,ISO 7619-1,time=3 s,Mechanical Property,"Hardness (Shore A, 3 s) 63 — ISO 7619-1",V007267,confirms,63 Shore A,high,reader-r1-60,unit cell is a dash; Shore A is in the label
R-RECREUS-FILAFLEX-Filaflex-60A,2,value,Tensile strength (endpoint unspecified),G039-41,Filaflex 60A,Tensile strength,26 MPa,26,,MPa,=,,,,,DIN 53504-S2,,Mechanical Property,Tensile strength 26 MPa DIN 53504-S2,V007268,confirms,26 MPa,high,reader-r1-60,
R-RECREUS-FILAFLEX-Filaflex-60A,2,value,Elongation at break,G039-41,Filaflex 60A,Elongation at break,950 %,950,,%,=,,,,,DIN 53504-S2,,Mechanical Property,Elongation at break 950 % DIN 53504-S2,V007269,confirms,950 %,high,reader-r1-60,
R-RECREUS-FILAFLEX-Filaflex-60A,2,value,unmapped:Stress at 20% elongation,G039-41,Filaflex 60A,Stress at 20% elongation,1 MPa,1,,MPa,=,,,,,DIN 53504-S2,,Mechanical Property,Stress at 20% elongation 1 MPa DIN 53504-S2,,new,,high,reader-r1-60,
R-RECREUS-FILAFLEX-Filaflex-60A,2,value,Tensile stress at 100 % elongation,G039-41,Filaflex 60A,Stress at 100% elongation,"2,5 MPa",2.5,,MPa,=,,,,,DIN 53504-S2,,Mechanical Property,"Stress at 100% elongation 2,5 MPa DIN 53504-S2",,new,,high,reader-r1-60,
R-RECREUS-FILAFLEX-Filaflex-60A,2,value,Tensile stress at 300 % elongation,G039-41,Filaflex 60A,Stress at 300% elongation,"4,5 MPa",4.5,,MPa,=,,,,,DIN 53504-S2,,Mechanical Property,"Stress at 300% elongation 4,5 MPa DIN 53504-S2",,new,,high,reader-r1-60,
R-RECREUS-FILAFLEX-Filaflex-60A,2,value,Tear strength,G039-41,Filaflex 60A,Tear strength,40 N/mm,40,,N/mm,=,,,,,ISO 34-1,,Mechanical Property,Tear strength 40 N/mm ISO 34-1,,new,,high,reader-r1-60,
R-RECREUS-FILAFLEX-Filaflex-60A,2,value,Abrasion loss,G039-41,Filaflex 60A,Abrasion resistance,45 mm³,45,,mm³,=,,,,,ISO 4649,,Mechanical Property,Abrasion resistance 45 mm³ ISO 4649,V007270,confirms,45 mm³,high,reader-r1-60,
R-RECREUS-FILAFLEX-Filaflex-60A,2,value,Compression set,G039-41,Filaflex 60A,Compression set (23 ºC / 72 h),40 %,40,,%,=,,,,,ISO 815,temp=23 °C; time=72 h,Mechanical Property,Compression set (23 ºC / 72 h) 40 % ISO 815,V007271,confirms,40 %,high,reader-r1-60,
R-RECREUS-FILAFLEX-Filaflex-60A,2,value,Compression set,G039-41,Filaflex 60A,Compression set (70 ºC / 24 h),25 %,25,,%,=,,,,,ISO 815,temp=70 °C; time=24 h,Mechanical Property,Compression set (70 ºC / 24 h) 25 % ISO 815,V007272,confirms,25 %,high,reader-r1-60,
R-RECREUS-FILAFLEX-Filaflex-60A,2,value,Glass transition temperature,G039-41,Filaflex 60A,Glass transition temperature (10 °C/min),-54 ºC,-54,,ºC,=,,,,,ISO 11357-1/-2,rate=10 °C/min,Thermal Property,Glass transition temperature (10 °C/min) -54 ºC ISO 11357-1/-2,V007273,confirms,-54 °C,high,reader-r1-60,
R-RECREUS-FILAFLEX-Filaflex-60A,2,value,Vicat softening temperature,G039-41,Filaflex 60A,"VST Vicat softening temperature (Method A, 10 N, 120 °C/h)",70 ºC,70,,ºC,=,,,,,ISO 306,method=A; load=10 N; rate=120 °C/h,Thermal Property,"VST Vicat softening temperature 70 ºC ISO 306 (Method A, 10 N, 120 °C/h)",,new,,high,reader-r1-60,
R-RECREUS-FILAFLEX-Filaflex-60A,2,setting,drying,G039-41,Filaflex 60A,Drying Temperature,55 °C,55,,°C,,,,,,,hours=1,1. Material Preparation,Drying Temperature 55 °C | Minimum Time 1 hour,P0686,confirms,55 °C; Minimum Time 1 hour,high,reader-r1-60,minimum time 1 hour; note: Drying is crucial for optimal results
R-RECREUS-FILAFLEX-Filaflex-60A,2,setting,nozzle_diameter,G039-41,Filaflex 60A,Nozzle 0.4 mm,0.4 mm,0.4,,mm,,,,,,,,"2. Basic Parameters, Speed Settings and Retraction Settings",Nozzle 0.4 mm,P0686,confirms,0.4 mm,high,reader-r1-60,
R-RECREUS-FILAFLEX-Filaflex-60A,2,setting,other,G039-41,Filaflex 60A,Layer Height,0.2 mm,0.2,,mm,,,,,,,nozzle=0.4 mm,"2. Basic Parameters, Speed Settings and Retraction Settings",Layer Height 0.2 mm,,new,,high,reader-r1-60,
R-RECREUS-FILAFLEX-Filaflex-60A,2,setting,other,G039-41,Filaflex 60A,Line Width,0.34 mm,0.34,,mm,,,,,,,nozzle=0.4 mm,"2. Basic Parameters, Speed Settings and Retraction Settings",Line Width 0.34 mm,,new,,high,reader-r1-60,
R-RECREUS-FILAFLEX-Filaflex-60A,2,setting,print_speed,G039-41,Filaflex 60A,Volumetric Speed (mm³/s),2.0 mm³/s,2.0,,mm³/s,,,,,,,nozzle=0.4 mm,"2. Basic Parameters, Speed Settings and Retraction Settings",Volumetric Speed (mm³/s) 2.0 mm³/s,,new,,high,reader-r1-60,
R-RECREUS-FILAFLEX-Filaflex-60A,2,setting,nozzle,G039-41,Filaflex 60A,Temperature,235 °C,235,,°C,,,,,,,nozzle=0.4 mm,"2. Basic Parameters, Speed Settings and Retraction Settings",Temperature 235 °C,P0686,confirms,235 °C,high,reader-r1-60,
R-RECREUS-FILAFLEX-Filaflex-60A,2,setting,print_speed,G039-41,Filaflex 60A,External Perimeter,50% - 15.15 mm/s,15.15,,mm/s,,,,,,,nozzle=0.4 mm; speed_percent=50%,"2. Basic Parameters, Speed Settings and Retraction Settings",External Perimeter 50% - 15.15 mm/s,,new,,high,reader-r1-60,
R-RECREUS-FILAFLEX-Filaflex-60A,2,setting,print_speed,G039-41,Filaflex 60A,Internal Perimeters,75% - 22.73 mm/s,22.73,,mm/s,,,,,,,nozzle=0.4 mm; speed_percent=75%,"2. Basic Parameters, Speed Settings and Retraction Settings",Internal Perimeters 75% - 22.73 mm/s,,new,,high,reader-r1-60,
R-RECREUS-FILAFLEX-Filaflex-60A,3,setting,print_speed,G039-41,Filaflex 60A,Infill,100% - 30.30 mm/s,30.30,,mm/s,,,,,,,nozzle=0.4 mm; speed_percent=100%,"2. Basic Parameters, Speed Settings and Retraction Settings",Infill 100% - 30.30 mm/s,,new,,high,reader-r1-60,
R-RECREUS-FILAFLEX-Filaflex-60A,3,setting,print_speed,G039-41,Filaflex 60A,Top/Bottom,60% - 18.18 mm/s,18.18,,mm/s,,,,,,,nozzle=0.4 mm; speed_percent=60%,"2. Basic Parameters, Speed Settings and Retraction Settings",Top/Bottom 60% - 18.18 mm/s,,new,,high,reader-r1-60,
R-RECREUS-FILAFLEX-Filaflex-60A,3,setting,print_speed,G039-41,Filaflex 60A,First Layer,30% - 9.09 mm/s,9.09,,mm/s,,,,,,,nozzle=0.4 mm; speed_percent=30%,"2. Basic Parameters, Speed Settings and Retraction Settings",First Layer 30% - 9.09 mm/s,,new,,high,reader-r1-60,
R-RECREUS-FILAFLEX-Filaflex-60A,3,setting,other,G039-41,Filaflex 60A,Retraction distance,1.5–2.0 mm,1.5,2.0,mm,,,,,,,nozzle=0.4 mm,"2. Basic Parameters, Speed Settings and Retraction Settings",Retraction distance 1.5–2.0 mm,,new,,high,reader-r1-60,
R-RECREUS-FILAFLEX-Filaflex-60A,3,setting,other,G039-41,Filaflex 60A,Retraction speed,30 mm/s,30,,mm/s,,,,,,,nozzle=0.4 mm,"2. Basic Parameters, Speed Settings and Retraction Settings",Retraction speed 30 mm/s,,new,,high,reader-r1-60,
R-RECREUS-FILAFLEX-Filaflex-60A,3,setting,other,G039-41,Filaflex 60A,Retraction Z-Hop,0.2 mm,0.2,,mm,,,,,,,nozzle=0.4 mm,"2. Basic Parameters, Speed Settings and Retraction Settings",Retraction Z-Hop 0.2 mm,,new,,high,reader-r1-60,
R-RECREUS-FILAFLEX-Filaflex-60A,3,setting,nozzle_diameter,G039-41,Filaflex 60A,Nozzle 0.6 mm,0.6 mm,0.6,,mm,,,,,,,,"2. Basic Parameters, Speed Settings and Retraction Settings",Nozzle 0.6 mm,,new,,high,reader-r1-60,
R-RECREUS-FILAFLEX-Filaflex-60A,3,setting,other,G039-41,Filaflex 60A,Layer Height,0.3 mm,0.3,,mm,,,,,,,nozzle=0.6 mm,"2. Basic Parameters, Speed Settings and Retraction Settings",Layer Height 0.3 mm,,new,,high,reader-r1-60,
R-RECREUS-FILAFLEX-Filaflex-60A,3,setting,other,G039-41,Filaflex 60A,Line Width,0.54 mm,0.54,,mm,,,,,,,nozzle=0.6 mm,"2. Basic Parameters, Speed Settings and Retraction Settings",Line Width 0.54 mm,,new,,high,reader-r1-60,
R-RECREUS-FILAFLEX-Filaflex-60A,3,setting,print_speed,G039-41,Filaflex 60A,Volumetric Speed (mm³/s),4.5 mm³/s,4.5,,mm³/s,,,,,,,nozzle=0.6 mm,"2. Basic Parameters, Speed Settings and Retraction Settings",Volumetric Speed (mm³/s) 4.5 mm³/s,,new,,high,reader-r1-60,
R-RECREUS-FILAFLEX-Filaflex-60A,3,setting,nozzle,G039-41,Filaflex 60A,Temperature,235 °C,235,,°C,,,,,,,nozzle=0.6 mm,"2. Basic Parameters, Speed Settings and Retraction Settings",Temperature 235 °C,,new,,high,reader-r1-60,
R-RECREUS-FILAFLEX-Filaflex-60A,3,setting,print_speed,G039-41,Filaflex 60A,External Perimeter,50% - 14.15 mm/s,14.15,,mm/s,,,,,,,nozzle=0.6 mm; speed_percent=50%,"2. Basic Parameters, Speed Settings and Retraction Settings",External Perimeter 50% - 14.15 mm/s,,new,,high,reader-r1-60,
R-RECREUS-FILAFLEX-Filaflex-60A,3,setting,print_speed,G039-41,Filaflex 60A,Internal Perimeters,75% - 21.23 mm/s,21.23,,mm/s,,,,,,,nozzle=0.6 mm; speed_percent=75%,"2. Basic Parameters, Speed Settings and Retraction Settings",Internal Perimeters 75% - 21.23 mm/s,,new,,high,reader-r1-60,
R-RECREUS-FILAFLEX-Filaflex-60A,3,setting,print_speed,G039-41,Filaflex 60A,Infill,100% - 28.30 mm/s,28.30,,mm/s,,,,,,,nozzle=0.6 mm; speed_percent=100%,"2. Basic Parameters, Speed Settings and Retraction Settings",Infill 100% - 28.30 mm/s,,new,,high,reader-r1-60,
R-RECREUS-FILAFLEX-Filaflex-60A,3,setting,print_speed,G039-41,Filaflex 60A,Top/Bottom,60% - 16.98 mm/s,16.98,,mm/s,,,,,,,nozzle=0.6 mm; speed_percent=60%,"2. Basic Parameters, Speed Settings and Retraction Settings",Top/Bottom 60% - 16.98 mm/s,,new,,high,reader-r1-60,
R-RECREUS-FILAFLEX-Filaflex-60A,3,setting,print_speed,G039-41,Filaflex 60A,First Layer,30% - 8.49 mm/s,8.49,,mm/s,,,,,,,nozzle=0.6 mm; speed_percent=30%,"2. Basic Parameters, Speed Settings and Retraction Settings",First Layer 30% - 8.49 mm/s,,new,,high,reader-r1-60,
R-RECREUS-FILAFLEX-Filaflex-60A,3,setting,other,G039-41,Filaflex 60A,Retraction distance,1.5–2.5 mm,1.5,2.5,mm,,,,,,,nozzle=0.6 mm,"2. Basic Parameters, Speed Settings and Retraction Settings",Retraction distance 1.5–2.5 mm,,new,,high,reader-r1-60,
R-RECREUS-FILAFLEX-Filaflex-60A,3,setting,other,G039-41,Filaflex 60A,Retraction speed,30 mm/s,30,,mm/s,,,,,,,nozzle=0.6 mm,"2. Basic Parameters, Speed Settings and Retraction Settings",Retraction speed 30 mm/s,,new,,high,reader-r1-60,
R-RECREUS-FILAFLEX-Filaflex-60A,3,setting,other,G039-41,Filaflex 60A,Retraction Z-Hop,0.2 mm,0.2,,mm,,,,,,,nozzle=0.6 mm,"2. Basic Parameters, Speed Settings and Retraction Settings",Retraction Z-Hop 0.2 mm,,new,,high,reader-r1-60,
R-RECREUS-FILAFLEX-Filaflex-60A,3,setting,nozzle_diameter,G039-41,Filaflex 60A,Nozzle 0.8 mm,0.8 mm,0.8,,mm,,,,,,,,"2. Basic Parameters, Speed Settings and Retraction Settings",Nozzle 0.8 mm,,new,,high,reader-r1-60,
R-RECREUS-FILAFLEX-Filaflex-60A,3,setting,other,G039-41,Filaflex 60A,Layer Height,0.4 mm,0.4,,mm,,,,,,,nozzle=0.8 mm,"2. Basic Parameters, Speed Settings and Retraction Settings",Layer Height 0.4 mm,,new,,high,reader-r1-60,
R-RECREUS-FILAFLEX-Filaflex-60A,3,setting,other,G039-41,Filaflex 60A,Line Width,0.74 mm,0.74,,mm,,,,,,,nozzle=0.8 mm,"2. Basic Parameters, Speed Settings and Retraction Settings",Line Width 0.74 mm,,new,,high,reader-r1-60,
R-RECREUS-FILAFLEX-Filaflex-60A,3,setting,print_speed,G039-41,Filaflex 60A,Volumetric Speed (mm³/s),8.0 mm³/s,8.0,,mm³/s,,,,,,,nozzle=0.8 mm,"2. Basic Parameters, Speed Settings and Retraction Settings",Volumetric Speed (mm³/s) 8.0 mm³/s,,new,,high,reader-r1-60,
R-RECREUS-FILAFLEX-Filaflex-60A,3,setting,nozzle,G039-41,Filaflex 60A,Temperature,235 °C,235,,°C,,,,,,,nozzle=0.8 mm,"2. Basic Parameters, Speed Settings and Retraction Settings",Temperature 235 °C,,new,,high,reader-r1-60,
R-RECREUS-FILAFLEX-Filaflex-60A,3,setting,print_speed,G039-41,Filaflex 60A,External Perimeter,50% - 13.70 mm/s,13.70,,mm/s,,,,,,,nozzle=0.8 mm; speed_percent=50%,"2. Basic Parameters, Speed Settings and Retraction Settings",External Perimeter 50% - 13.70 mm/s,,new,,high,reader-r1-60,
R-RECREUS-FILAFLEX-Filaflex-60A,3,setting,print_speed,G039-41,Filaflex 60A,Internal Perimeters,75% - 20.55 mm/s,20.55,,mm/s,,,,,,,nozzle=0.8 mm; speed_percent=75%,"2. Basic Parameters, Speed Settings and Retraction Settings",Internal Perimeters 75% - 20.55 mm/s,,new,,high,reader-r1-60,
R-RECREUS-FILAFLEX-Filaflex-60A,3,setting,print_speed,G039-41,Filaflex 60A,Infill,100% - 27.40 mm/s,27.40,,mm/s,,,,,,,nozzle=0.8 mm; speed_percent=100%,"2. Basic Parameters, Speed Settings and Retraction Settings",Infill 100% - 27.40 mm/s,,new,,high,reader-r1-60,
R-RECREUS-FILAFLEX-Filaflex-60A,3,setting,print_speed,G039-41,Filaflex 60A,Top/Bottom,60% - 16.44 mm/s,16.44,,mm/s,,,,,,,nozzle=0.8 mm; speed_percent=60%,"2. Basic Parameters, Speed Settings and Retraction Settings",Top/Bottom 60% - 16.44 mm/s,,new,,high,reader-r1-60,
R-RECREUS-FILAFLEX-Filaflex-60A,3,setting,print_speed,G039-41,Filaflex 60A,First Layer,30% - 8.22 mm/s,8.22,,mm/s,,,,,,,nozzle=0.8 mm; speed_percent=30%,"2. Basic Parameters, Speed Settings and Retraction Settings",First Layer 30% - 8.22 mm/s,,new,,high,reader-r1-60,
R-RECREUS-FILAFLEX-Filaflex-60A,3,setting,other,G039-41,Filaflex 60A,Retraction distance,2.0–3.5 mm,2.0,3.5,mm,,,,,,,nozzle=0.8 mm,"2. Basic Parameters, Speed Settings and Retraction Settings",Retraction distance 2.0–3.5 mm,,new,,high,reader-r1-60,
R-RECREUS-FILAFLEX-Filaflex-60A,3,setting,other,G039-41,Filaflex 60A,Retraction speed,30 mm/s,30,,mm/s,,,,,,,nozzle=0.8 mm,"2. Basic Parameters, Speed Settings and Retraction Settings",Retraction speed 30 mm/s,,new,,high,reader-r1-60,
R-RECREUS-FILAFLEX-Filaflex-60A,3,setting,other,G039-41,Filaflex 60A,Retraction Z-Hop,0.2 mm,0.2,,mm,,,,,,,nozzle=0.8 mm,"2. Basic Parameters, Speed Settings and Retraction Settings",Retraction Z-Hop 0.2 mm,,new,,high,reader-r1-60,
R-RECREUS-FILAFLEX-Filaflex-60A,3,setting,nozzle_diameter,G039-41,Filaflex 60A,Nozzle 1.0 mm,1.0 mm,1.0,,mm,,,,,,,,"2. Basic Parameters, Speed Settings and Retraction Settings",Nozzle 1.0 mm,,new,,high,reader-r1-60,
R-RECREUS-FILAFLEX-Filaflex-60A,3,setting,other,G039-41,Filaflex 60A,Layer Height,0.5 mm,0.5,,mm,,,,,,,nozzle=1.0 mm,"2. Basic Parameters, Speed Settings and Retraction Settings",Layer Height 0.5 mm,,new,,high,reader-r1-60,
R-RECREUS-FILAFLEX-Filaflex-60A,3,setting,other,G039-41,Filaflex 60A,Line Width,0.94 mm,0.94,,mm,,,,,,,nozzle=1.0 mm,"2. Basic Parameters, Speed Settings and Retraction Settings",Line Width 0.94 mm,,new,,high,reader-r1-60,
R-RECREUS-FILAFLEX-Filaflex-60A,3,setting,print_speed,G039-41,Filaflex 60A,Volumetric Speed (mm³/s),12.5 mm³/s,12.5,,mm³/s,,,,,,,nozzle=1.0 mm,"2. Basic Parameters, Speed Settings and Retraction Settings",Volumetric Speed (mm³/s) 12.5 mm³/s,,new,,high,reader-r1-60,
R-RECREUS-FILAFLEX-Filaflex-60A,3,setting,nozzle,G039-41,Filaflex 60A,Temperature,235 °C,235,,°C,,,,,,,nozzle=1.0 mm,"2. Basic Parameters, Speed Settings and Retraction Settings",Temperature 235 °C,,new,,high,reader-r1-60,
R-RECREUS-FILAFLEX-Filaflex-60A,3,setting,print_speed,G039-41,Filaflex 60A,External Perimeter,50% - 13.44 mm/s,13.44,,mm/s,,,,,,,nozzle=1.0 mm; speed_percent=50%,"2. Basic Parameters, Speed Settings and Retraction Settings",External Perimeter 50% - 13.44 mm/s,,new,,high,reader-r1-60,
R-RECREUS-FILAFLEX-Filaflex-60A,3,setting,print_speed,G039-41,Filaflex 60A,Internal Perimeters,75% - 20.16 mm/s,20.16,,mm/s,,,,,,,nozzle=1.0 mm; speed_percent=75%,"2. Basic Parameters, Speed Settings and Retraction Settings",Internal Perimeters 75% - 20.16 mm/s,,new,,high,reader-r1-60,
R-RECREUS-FILAFLEX-Filaflex-60A,3,setting,print_speed,G039-41,Filaflex 60A,Infill,100% - 26.88 mm/s,26.88,,mm/s,,,,,,,nozzle=1.0 mm; speed_percent=100%,"2. Basic Parameters, Speed Settings and Retraction Settings",Infill 100% - 26.88 mm/s,,new,,high,reader-r1-60,
R-RECREUS-FILAFLEX-Filaflex-60A,3,setting,print_speed,G039-41,Filaflex 60A,Top/Bottom,60% - 16.13 mm/s,16.13,,mm/s,,,,,,,nozzle=1.0 mm; speed_percent=60%,"2. Basic Parameters, Speed Settings and Retraction Settings",Top/Bottom 60% - 16.13 mm/s,,new,,high,reader-r1-60,
R-RECREUS-FILAFLEX-Filaflex-60A,3,setting,print_speed,G039-41,Filaflex 60A,First Layer,30% - 8.06 mm/s,8.06,,mm/s,,,,,,,nozzle=1.0 mm; speed_percent=30%,"2. Basic Parameters, Speed Settings and Retraction Settings",First Layer 30% - 8.06 mm/s,,new,,high,reader-r1-60,
R-RECREUS-FILAFLEX-Filaflex-60A,3,setting,other,G039-41,Filaflex 60A,Retraction distance,2.0–3.5 mm,2.0,3.5,mm,,,,,,,nozzle=1.0 mm,"2. Basic Parameters, Speed Settings and Retraction Settings",Retraction distance 2.0–3.5 mm,,new,,high,reader-r1-60,
R-RECREUS-FILAFLEX-Filaflex-60A,3,setting,other,G039-41,Filaflex 60A,Retraction speed,30 mm/s,30,,mm/s,,,,,,,nozzle=1.0 mm,"2. Basic Parameters, Speed Settings and Retraction Settings",Retraction speed 30 mm/s,,new,,high,reader-r1-60,
R-RECREUS-FILAFLEX-Filaflex-60A,4,setting,other,G039-41,Filaflex 60A,Retraction Z-Hop,0.2 mm,0.2,,mm,,,,,,,nozzle=1.0 mm,"2. Basic Parameters, Speed Settings and Retraction Settings",Retraction Z-Hop 0.2 mm,,new,,high,reader-r1-60,row continues from page 3 table
R-RECREUS-FILAFLEX-Filaflex-60A,4,setting,bed,G039-41,Filaflex 60A,Small parts,Room temperature (no heating),,,,,,,,,,,3. Bed Temperature,Small parts Room temperature (no heating),P0686,confirms,Small parts Room temperature (no heating),high,reader-r1-60,
R-RECREUS-FILAFLEX-Filaflex-60A,4,setting,bed,G039-41,Filaflex 60A,Large parts,40–45 °C,40,45,°C,,,,,,,,3. Bed Temperature,Large parts 40–45 °C,P0686,confirms,Large parts 40–45 °C,high,reader-r1-60,
R-RECREUS-FILAFLEX-Filaflex-60A,4,setting,fan,G039-41,Filaflex 60A,General Fan,0% (always off),0,,%,,,,,,,,4. Cooling,General Fan 0% (always off),,new,,high,reader-r1-60,
R-RECREUS-FILAFLEX-Filaflex-60A,4,setting,fan,G039-41,Filaflex 60A,Force fan on overhangs/bridges,OFF,,,,,,,,,,,4. Cooling,Force fan on overhangs/bridges OFF,,new,,high,reader-r1-60,
R-RECREUS-FILAFLEX-Filaflex-60A,4,setting,fan,G039-41,Filaflex 60A,Layers < 10 seconds,40%,40,,%,,,,,,,,4. Cooling,Layers < 10 seconds 40%,,new,,high,reader-r1-60,
R-RECREUS-FILAFLEX-Filaflex-60A,4,setting,fan,G039-41,Filaflex 60A,First layer,0%,0,,%,,,,,,,,4. Cooling,First layer 0%,,new,,high,reader-r1-60,
R-RECREUS-FILAFLEX-Filaflex-60A,5,none,,,,,,,,,,,,,,,,,,,,,,reader-r1-60,address and revision date: Date / Revised 23.12.2025 (REF. 25112015)
R-RECREUS-FILAFLEX-Filaflex-70A,1,identity,polymer,G039-33,Filaflex 70A,Description,TPU,,,,,,,,,,,Description,Filaflex 70A TPU delivers exceptional elasticity,,new,,high,reader-r1-60,
R-RECREUS-FILAFLEX-Filaflex-70A,1,identity,grade,G039-33,Filaflex 70A,TECHNICAL DATA SHEET,FILAFLEX 70A,,,,,,,,,,,,TECHNICAL DATA SHEET | FILAFLEX 70A,,new,,high,reader-r1-60,
R-RECREUS-FILAFLEX-Filaflex-70A,1,value,Elongation at break,G039-33,Filaflex 70A,elongation of up to 900%,up to 900%,900,,%,,,,,,,,Description,"an impressive elongation of up to 900%,",V006788,confirms,900 %,high,reader-r1-60,descriptive text 'up to'; no standard or conditions
R-RECREUS-FILAFLEX-Filaflex-70A,2,value,Density,G039-33,Filaflex 70A,Material density,1080 kg/m³,1080,,kg/m³,=,,,,,ISO 1183,,Physical Property,Material density 1080 kg/m³ ISO 1183,V006789,confirms,1080 kg/m³,high,reader-r1-60,
R-RECREUS-FILAFLEX-Filaflex-70A,2,value,Melt mass-flow rate,G039-33,Filaflex 70A,Melt flow rate (230 ºC / 2.16 kg),—,,,g/10 min,,,,,,ISO 1133,temp=230 °C; load=2.16 kg,Physical Property,Melt flow rate (230 ºC / 2.16 kg) — g/10 min ISO 1133,,new,,high,reader-r1-60,value cell is a dash
R-RECREUS-FILAFLEX-Filaflex-70A,2,value,Hardness,G039-33,Filaflex 70A,"Hardness (Shore A, 3 s)",70,70,,,=,,,,,ISO 7619-1,time=3 s,Mechanical Property,"Hardness (Shore A, 3 s) 70 — ISO 7619-1",V006790,confirms,70 Shore A,high,reader-r1-60,unit cell is a dash; Shore A is in the label
R-RECREUS-FILAFLEX-Filaflex-70A,2,value,Tensile strength (endpoint unspecified),G039-33,Filaflex 70A,Tensile strength,32 MPa,32,,MPa,=,,,,,DIN 53504-S2,,Mechanical Property,Tensile strength 32 MPa DIN 53504-S2,V006791,confirms,32 MPa,high,reader-r1-60,
R-RECREUS-FILAFLEX-Filaflex-70A,2,value,Elongation at break,G039-33,Filaflex 70A,Elongation at break,900 %,900,,%,=,,,,,DIN 53504-S2,,Mechanical Property,Elongation at break 900 % DIN 53504-S2,V006792,confirms,900 %,high,reader-r1-60,
R-RECREUS-FILAFLEX-Filaflex-70A,2,value,unmapped:Stress at 20% elongation,G039-33,Filaflex 70A,Stress at 20% elongation,"1,5 MPa",1.5,,MPa,=,,,,,DIN 53504-S2,,Mechanical Property,"Stress at 20% elongation 1,5 MPa DIN 53504-S2",,new,,high,reader-r1-60,
R-RECREUS-FILAFLEX-Filaflex-70A,2,value,Tensile stress at 100 % elongation,G039-33,Filaflex 70A,Stress at 100% elongation,"3,5 MPa",3.5,,MPa,=,,,,,DIN 53504-S2,,Mechanical Property,"Stress at 100% elongation 3,5 MPa DIN 53504-S2",,new,,high,reader-r1-60,
R-RECREUS-FILAFLEX-Filaflex-70A,2,value,Tensile stress at 300 % elongation,G039-33,Filaflex 70A,Stress at 300% elongation,"6,3 MPa",6.3,,MPa,=,,,,,DIN 53504-S2,,Mechanical Property,"Stress at 300% elongation 6,3 MPa DIN 53504-S2",,new,,high,reader-r1-60,
R-RECREUS-FILAFLEX-Filaflex-70A,2,value,Tear strength,G039-33,Filaflex 70A,Tear strength,45 N/mm,45,,N/mm,=,,,,,ISO 34-1,,Mechanical Property,Tear strength 45 N/mm ISO 34-1,,new,,high,reader-r1-60,
R-RECREUS-FILAFLEX-Filaflex-70A,2,value,Abrasion loss,G039-33,Filaflex 70A,Abrasion resistance,45 mm³,45,,mm³,=,,,,,ISO 4649,,Mechanical Property,Abrasion resistance 45 mm³ ISO 4649,V006793,confirms,45 mm³,high,reader-r1-60,
R-RECREUS-FILAFLEX-Filaflex-70A,2,value,Compression set,G039-33,Filaflex 70A,Compression set (23 ºC / 72 h),20 %,20,,%,=,,,,,ISO 815,temp=23 °C; time=72 h,Mechanical Property,Compression set (23 ºC / 72 h) 20 % ISO 815,V006794,confirms,20 %,high,reader-r1-60,
R-RECREUS-FILAFLEX-Filaflex-70A,2,value,Compression set,G039-33,Filaflex 70A,Compression set (70 ºC / 24 h),39 %,39,,%,=,,,,,ISO 815,temp=70 °C; time=24 h,Mechanical Property,Compression set (70 ºC / 24 h) 39 % ISO 815,V006795,confirms,39 %,high,reader-r1-60,
R-RECREUS-FILAFLEX-Filaflex-70A,2,value,Tensile strength (endpoint unspecified),G039-33,Filaflex 70A,"Tensile strength after storage in water (80 ºC, 42 d)",20 MPa,20,,MPa,=,,,after storage in water 80 ºC 42 d,,DIN 53504-S2,,Mechanical Property,"Tensile strength after storage in water (80 ºC, 42 d) 20 MPa DIN 53504-S2",,new,,high,reader-r1-60,conditioned in water; not a dry value
R-RECREUS-FILAFLEX-Filaflex-70A,2,value,Elongation at break,G039-33,Filaflex 70A,"Elongation at break after storage in water (80 ºC, 42 d)",900 %,900,,%,=,,,after storage in water 80 ºC 42 d,,DIN 53504-S2,,Mechanical Property,"Elongation at break after storage in water (80 ºC, 42 d) 900 % DIN 53504-S2",,new,,high,reader-r1-60,conditioned in water; not a dry value
R-RECREUS-FILAFLEX-Filaflex-70A,2,value,Glass transition temperature,G039-33,Filaflex 70A,Glass transition temperature (10 °C/min),-50 ºC,-50,,ºC,=,,,,,ISO 11357-1/-2,rate=10 °C/min,Thermal Property,Glass transition temperature (10 °C/min) -50 ºC ISO 11357-1/-2,V006796,confirms,-50 °C,high,reader-r1-60,
R-RECREUS-FILAFLEX-Filaflex-70A,2,value,Vicat softening temperature,G039-33,Filaflex 70A,"VST Vicat softening temperature (Method A, 10 N, 120 °C/h)",84 ºC,84,,ºC,=,,,,,ISO 306,method=A; load=10 N; rate=120 °C/h,Thermal Property,"VST Vicat softening temperature 84 ºC ISO 306 (Method A, 10 N, 120 °C/h)",,new,,high,reader-r1-60,
R-RECREUS-FILAFLEX-Filaflex-70A,2,setting,drying,G039-33,Filaflex 70A,Drying Temperature,55 °C,55,,°C,,,,,,,hours=1,1. Material Preparation,Drying Temperature 55 °C | Minimum Time 1 hour,P0612,confirms,55 °C; Minimum Time 1 hour,high,reader-r1-60,minimum time 1 hour; note: Drying is crucial for optimal results
R-RECREUS-FILAFLEX-Filaflex-70A,2,setting,nozzle_diameter,G039-33,Filaflex 70A,Nozzle 0.4 mm,0.4 mm,0.4,,mm,,,,,,,,"2. Basic Parameters, Speed Settings and Retraction Settings",Nozzle 0.4 mm,P0612,confirms,0.4 mm,high,reader-r1-60,
R-RECREUS-FILAFLEX-Filaflex-70A,2,setting,other,G039-33,Filaflex 70A,Layer Height,0.2 mm,0.2,,mm,,,,,,,nozzle=0.4 mm,"2. Basic Parameters, Speed Settings and Retraction Settings",Layer Height 0.2 mm,,new,,high,reader-r1-60,
R-RECREUS-FILAFLEX-Filaflex-70A,2,setting,other,G039-33,Filaflex 70A,Line Width,0.35 mm,0.35,,mm,,,,,,,nozzle=0.4 mm,"2. Basic Parameters, Speed Settings and Retraction Settings",Line Width 0.35 mm,,new,,high,reader-r1-60,
R-RECREUS-FILAFLEX-Filaflex-70A,2,setting,print_speed,G039-33,Filaflex 70A,Volumetric Speed (mm³/s),2.5 mm³/s,2.5,,mm³/s,,,,,,,nozzle=0.4 mm,"2. Basic Parameters, Speed Settings and Retraction Settings",Volumetric Speed (mm³/s) 2.5 mm³/s,,new,,high,reader-r1-60,
R-RECREUS-FILAFLEX-Filaflex-70A,2,setting,nozzle,G039-33,Filaflex 70A,Temperature,240 °C,240,,°C,,,,,,,nozzle=0.4 mm,"2. Basic Parameters, Speed Settings and Retraction Settings",Temperature 240 °C,P0612,confirms,240 °C,high,reader-r1-60,
R-RECREUS-FILAFLEX-Filaflex-70A,2,setting,print_speed,G039-33,Filaflex 70A,External Perimeter,50% - 17.86 mm/s,17.86,,mm/s,,,,,,,nozzle=0.4 mm; speed_percent=50%,"2. Basic Parameters, Speed Settings and Retraction Settings",External Perimeter 50% - 17.86 mm/s,,new,,high,reader-r1-60,
R-RECREUS-FILAFLEX-Filaflex-70A,2,setting,print_speed,G039-33,Filaflex 70A,Internal Perimeters,75% - 26.79 mm/s,26.79,,mm/s,,,,,,,nozzle=0.4 mm; speed_percent=75%,"2. Basic Parameters, Speed Settings and Retraction Settings",Internal Perimeters 75% - 26.79 mm/s,,new,,high,reader-r1-60,
R-RECREUS-FILAFLEX-Filaflex-70A,3,setting,print_speed,G039-33,Filaflex 70A,Infill,100% - 35.71 mm/s,35.71,,mm/s,,,,,,,nozzle=0.4 mm; speed_percent=100%,"2. Basic Parameters, Speed Settings and Retraction Settings",Infill 100% - 35.71 mm/s,,new,,high,reader-r1-60,
R-RECREUS-FILAFLEX-Filaflex-70A,3,setting,print_speed,G039-33,Filaflex 70A,Top/Bottom,60% - 21.43 mm/s,21.43,,mm/s,,,,,,,nozzle=0.4 mm; speed_percent=60%,"2. Basic Parameters, Speed Settings and Retraction Settings",Top/Bottom 60% - 21.43 mm/s,,new,,high,reader-r1-60,
R-RECREUS-FILAFLEX-Filaflex-70A,3,setting,print_speed,G039-33,Filaflex 70A,First Layer,30% - 10.71 mm/s,10.71,,mm/s,,,,,,,nozzle=0.4 mm; speed_percent=30%,"2. Basic Parameters, Speed Settings and Retraction Settings",First Layer 30% - 10.71 mm/s,,new,,high,reader-r1-60,
R-RECREUS-FILAFLEX-Filaflex-70A,3,setting,other,G039-33,Filaflex 70A,Retraction distance,1.8–2.8 mm,1.8,2.8,mm,,,,,,,nozzle=0.4 mm,"2. Basic Parameters, Speed Settings and Retraction Settings",Retraction distance 1.8–2.8 mm,,new,,high,reader-r1-60,
R-RECREUS-FILAFLEX-Filaflex-70A,3,setting,other,G039-33,Filaflex 70A,Retraction speed,35 mm/s,35,,mm/s,,,,,,,nozzle=0.4 mm,"2. Basic Parameters, Speed Settings and Retraction Settings",Retraction speed 35 mm/s,,new,,high,reader-r1-60,
R-RECREUS-FILAFLEX-Filaflex-70A,3,setting,other,G039-33,Filaflex 70A,Retraction Z-Hop,0.2 mm,0.2,,mm,,,,,,,nozzle=0.4 mm,"2. Basic Parameters, Speed Settings and Retraction Settings",Retraction Z-Hop 0.2 mm,,new,,high,reader-r1-60,
R-RECREUS-FILAFLEX-Filaflex-70A,3,setting,nozzle_diameter,G039-33,Filaflex 70A,Nozzle 0.6 mm,0.6 mm,0.6,,mm,,,,,,,,"2. Basic Parameters, Speed Settings and Retraction Settings",Nozzle 0.6 mm,,new,,high,reader-r1-60,
R-RECREUS-FILAFLEX-Filaflex-70A,3,setting,other,G039-33,Filaflex 70A,Layer Height,0.3 mm,0.3,,mm,,,,,,,nozzle=0.6 mm,"2. Basic Parameters, Speed Settings and Retraction Settings",Layer Height 0.3 mm,,new,,high,reader-r1-60,
R-RECREUS-FILAFLEX-Filaflex-70A,3,setting,other,G039-33,Filaflex 70A,Line Width,0.55 mm,0.55,,mm,,,,,,,nozzle=0.6 mm,"2. Basic Parameters, Speed Settings and Retraction Settings",Line Width 0.55 mm,,new,,high,reader-r1-60,
R-RECREUS-FILAFLEX-Filaflex-70A,3,setting,print_speed,G039-33,Filaflex 70A,Volumetric Speed (mm³/s),5.6 mm³/s,5.6,,mm³/s,,,,,,,nozzle=0.6 mm,"2. Basic Parameters, Speed Settings and Retraction Settings",Volumetric Speed (mm³/s) 5.6 mm³/s,,new,,high,reader-r1-60,
R-RECREUS-FILAFLEX-Filaflex-70A,3,setting,nozzle,G039-33,Filaflex 70A,Temperature,240 °C,240,,°C,,,,,,,nozzle=0.6 mm,"2. Basic Parameters, Speed Settings and Retraction Settings",Temperature 240 °C,,new,,high,reader-r1-60,
R-RECREUS-FILAFLEX-Filaflex-70A,3,setting,print_speed,G039-33,Filaflex 70A,External Perimeter,50% - 17.00 mm/s,17.00,,mm/s,,,,,,,nozzle=0.6 mm; speed_percent=50%,"2. Basic Parameters, Speed Settings and Retraction Settings",External Perimeter 50% - 17.00 mm/s,,new,,high,reader-r1-60,
R-RECREUS-FILAFLEX-Filaflex-70A,3,setting,print_speed,G039-33,Filaflex 70A,Internal Perimeters,75% - 25.50 mm/s,25.50,,mm/s,,,,,,,nozzle=0.6 mm; speed_percent=75%,"2. Basic Parameters, Speed Settings and Retraction Settings",Internal Perimeters 75% - 25.50 mm/s,,new,,high,reader-r1-60,
R-RECREUS-FILAFLEX-Filaflex-70A,3,setting,print_speed,G039-33,Filaflex 70A,Infill,100% - 34.00 mm/s,34.00,,mm/s,,,,,,,nozzle=0.6 mm; speed_percent=100%,"2. Basic Parameters, Speed Settings and Retraction Settings",Infill 100% - 34.00 mm/s,,new,,high,reader-r1-60,
R-RECREUS-FILAFLEX-Filaflex-70A,3,setting,print_speed,G039-33,Filaflex 70A,Top/Bottom,60% - 20.40 mm/s,20.40,,mm/s,,,,,,,nozzle=0.6 mm; speed_percent=60%,"2. Basic Parameters, Speed Settings and Retraction Settings",Top/Bottom 60% - 20.40 mm/s,,new,,high,reader-r1-60,
R-RECREUS-FILAFLEX-Filaflex-70A,3,setting,print_speed,G039-33,Filaflex 70A,First Layer,30% - 10.20 mm/s,10.20,,mm/s,,,,,,,nozzle=0.6 mm; speed_percent=30%,"2. Basic Parameters, Speed Settings and Retraction Settings",First Layer 30% - 10.20 mm/s,,new,,high,reader-r1-60,
R-RECREUS-FILAFLEX-Filaflex-70A,3,setting,other,G039-33,Filaflex 70A,Retraction distance,1.8–2.8 mm,1.8,2.8,mm,,,,,,,nozzle=0.6 mm,"2. Basic Parameters, Speed Settings and Retraction Settings",Retraction distance 1.8–2.8 mm,,new,,high,reader-r1-60,
R-RECREUS-FILAFLEX-Filaflex-70A,3,setting,other,G039-33,Filaflex 70A,Retraction speed,35 mm/s,35,,mm/s,,,,,,,nozzle=0.6 mm,"2. Basic Parameters, Speed Settings and Retraction Settings",Retraction speed 35 mm/s,,new,,high,reader-r1-60,
R-RECREUS-FILAFLEX-Filaflex-70A,3,setting,other,G039-33,Filaflex 70A,Retraction Z-Hop,0.2 mm,0.2,,mm,,,,,,,nozzle=0.6 mm,"2. Basic Parameters, Speed Settings and Retraction Settings",Retraction Z-Hop 0.2 mm,,new,,high,reader-r1-60,
R-RECREUS-FILAFLEX-Filaflex-70A,3,setting,nozzle_diameter,G039-33,Filaflex 70A,Nozzle 0.8 mm,0.8 mm,0.8,,mm,,,,,,,,"2. Basic Parameters, Speed Settings and Retraction Settings",Nozzle 0.8 mm,,new,,high,reader-r1-60,
R-RECREUS-FILAFLEX-Filaflex-70A,3,setting,other,G039-33,Filaflex 70A,Layer Height,0.4 mm,0.4,,mm,,,,,,,nozzle=0.8 mm,"2. Basic Parameters, Speed Settings and Retraction Settings",Layer Height 0.4 mm,,new,,high,reader-r1-60,
R-RECREUS-FILAFLEX-Filaflex-70A,3,setting,other,G039-33,Filaflex 70A,Line Width,0.75 mm,0.75,,mm,,,,,,,nozzle=0.8 mm,"2. Basic Parameters, Speed Settings and Retraction Settings",Line Width 0.75 mm,,new,,high,reader-r1-60,
R-RECREUS-FILAFLEX-Filaflex-70A,3,setting,print_speed,G039-33,Filaflex 70A,Volumetric Speed (mm³/s),10.0 mm³/s,10.0,,mm³/s,,,,,,,nozzle=0.8 mm,"2. Basic Parameters, Speed Settings and Retraction Settings",Volumetric Speed (mm³/s) 10.0 mm³/s,,new,,high,reader-r1-60,
R-RECREUS-FILAFLEX-Filaflex-70A,3,setting,nozzle,G039-33,Filaflex 70A,Temperature,240 °C,240,,°C,,,,,,,nozzle=0.8 mm,"2. Basic Parameters, Speed Settings and Retraction Settings",Temperature 240 °C,,new,,high,reader-r1-60,
R-RECREUS-FILAFLEX-Filaflex-70A,3,setting,print_speed,G039-33,Filaflex 70A,External Perimeter,50% - 16.67 mm/s,16.67,,mm/s,,,,,,,nozzle=0.8 mm; speed_percent=50%,"2. Basic Parameters, Speed Settings and Retraction Settings",External Perimeter 50% - 16.67 mm/s,,new,,high,reader-r1-60,
R-RECREUS-FILAFLEX-Filaflex-70A,3,setting,print_speed,G039-33,Filaflex 70A,Internal Perimeters,75% - 25.00 mm/s,25.00,,mm/s,,,,,,,nozzle=0.8 mm; speed_percent=75%,"2. Basic Parameters, Speed Settings and Retraction Settings",Internal Perimeters 75% - 25.00 mm/s,,new,,high,reader-r1-60,
R-RECREUS-FILAFLEX-Filaflex-70A,3,setting,print_speed,G039-33,Filaflex 70A,Infill,100% - 33.33 mm/s,33.33,,mm/s,,,,,,,nozzle=0.8 mm; speed_percent=100%,"2. Basic Parameters, Speed Settings and Retraction Settings",Infill 100% - 33.33 mm/s,,new,,high,reader-r1-60,
R-RECREUS-FILAFLEX-Filaflex-70A,3,setting,print_speed,G039-33,Filaflex 70A,Top/Bottom,60% - 20.00 mm/s,20.00,,mm/s,,,,,,,nozzle=0.8 mm; speed_percent=60%,"2. Basic Parameters, Speed Settings and Retraction Settings",Top/Bottom 60% - 20.00 mm/s,,new,,high,reader-r1-60,
R-RECREUS-FILAFLEX-Filaflex-70A,3,setting,print_speed,G039-33,Filaflex 70A,First Layer,30% - 10.00 mm/s,10.00,,mm/s,,,,,,,nozzle=0.8 mm; speed_percent=30%,"2. Basic Parameters, Speed Settings and Retraction Settings",First Layer 30% - 10.00 mm/s,,new,,high,reader-r1-60,
R-RECREUS-FILAFLEX-Filaflex-70A,3,setting,other,G039-33,Filaflex 70A,Retraction distance,2.0–3.0 mm,2.0,3.0,mm,,,,,,,nozzle=0.8 mm,"2. Basic Parameters, Speed Settings and Retraction Settings",Retraction distance 2.0–3.0 mm,,new,,high,reader-r1-60,
R-RECREUS-FILAFLEX-Filaflex-70A,3,setting,other,G039-33,Filaflex 70A,Retraction speed,35 mm/s,35,,mm/s,,,,,,,nozzle=0.8 mm,"2. Basic Parameters, Speed Settings and Retraction Settings",Retraction speed 35 mm/s,,new,,high,reader-r1-60,
R-RECREUS-FILAFLEX-Filaflex-70A,3,setting,other,G039-33,Filaflex 70A,Retraction Z-Hop,0.2 mm,0.2,,mm,,,,,,,nozzle=0.8 mm,"2. Basic Parameters, Speed Settings and Retraction Settings",Retraction Z-Hop 0.2 mm,,new,,high,reader-r1-60,
R-RECREUS-FILAFLEX-Filaflex-70A,3,setting,nozzle_diameter,G039-33,Filaflex 70A,Nozzle 1.0 mm,1.0 mm,1.0,,mm,,,,,,,,"2. Basic Parameters, Speed Settings and Retraction Settings",Nozzle 1.0 mm,,new,,high,reader-r1-60,
R-RECREUS-FILAFLEX-Filaflex-70A,3,setting,other,G039-33,Filaflex 70A,Layer Height,0.5 mm,0.5,,mm,,,,,,,nozzle=1.0 mm,"2. Basic Parameters, Speed Settings and Retraction Settings",Layer Height 0.5 mm,,new,,high,reader-r1-60,
R-RECREUS-FILAFLEX-Filaflex-70A,3,setting,other,G039-33,Filaflex 70A,Line Width,0.95 mm,0.95,,mm,,,,,,,nozzle=1.0 mm,"2. Basic Parameters, Speed Settings and Retraction Settings",Line Width 0.95 mm,,new,,high,reader-r1-60,
R-RECREUS-FILAFLEX-Filaflex-70A,3,setting,print_speed,G039-33,Filaflex 70A,Volumetric Speed (mm³/s),15.6 mm³/s,15.6,,mm³/s,,,,,,,nozzle=1.0 mm,"2. Basic Parameters, Speed Settings and Retraction Settings",Volumetric Speed (mm³/s) 15.6 mm³/s,,new,,high,reader-r1-60,
R-RECREUS-FILAFLEX-Filaflex-70A,3,setting,nozzle,G039-33,Filaflex 70A,Temperature,240 °C,240,,°C,,,,,,,nozzle=1.0 mm,"2. Basic Parameters, Speed Settings and Retraction Settings",Temperature 240 °C,,new,,high,reader-r1-60,
R-RECREUS-FILAFLEX-Filaflex-70A,3,setting,print_speed,G039-33,Filaflex 70A,External Perimeter,50% - 16.42 mm/s,16.42,,mm/s,,,,,,,nozzle=1.0 mm; speed_percent=50%,"2. Basic Parameters, Speed Settings and Retraction Settings",External Perimeter 50% - 16.42 mm/s,,new,,high,reader-r1-60,
R-RECREUS-FILAFLEX-Filaflex-70A,3,setting,print_speed,G039-33,Filaflex 70A,Internal Perimeters,75% - 24.63 mm/s,24.63,,mm/s,,,,,,,nozzle=1.0 mm; speed_percent=75%,"2. Basic Parameters, Speed Settings and Retraction Settings",Internal Perimeters 75% - 24.63 mm/s,,new,,high,reader-r1-60,
R-RECREUS-FILAFLEX-Filaflex-70A,3,setting,print_speed,G039-33,Filaflex 70A,Infill,100% - 32.84 mm/s,32.84,,mm/s,,,,,,,nozzle=1.0 mm; speed_percent=100%,"2. Basic Parameters, Speed Settings and Retraction Settings",Infill 100% - 32.84 mm/s,,new,,high,reader-r1-60,
R-RECREUS-FILAFLEX-Filaflex-70A,3,setting,print_speed,G039-33,Filaflex 70A,Top/Bottom,60% - 19.70 mm/s,19.70,,mm/s,,,,,,,nozzle=1.0 mm; speed_percent=60%,"2. Basic Parameters, Speed Settings and Retraction Settings",Top/Bottom 60% - 19.70 mm/s,,new,,high,reader-r1-60,
R-RECREUS-FILAFLEX-Filaflex-70A,3,setting,print_speed,G039-33,Filaflex 70A,First Layer,30% - 9.85 mm/s,9.85,,mm/s,,,,,,,nozzle=1.0 mm; speed_percent=30%,"2. Basic Parameters, Speed Settings and Retraction Settings",First Layer 30% - 9.85 mm/s,,new,,high,reader-r1-60,
R-RECREUS-FILAFLEX-Filaflex-70A,3,setting,other,G039-33,Filaflex 70A,Retraction distance,2.0–3.0 mm,2.0,3.0,mm,,,,,,,nozzle=1.0 mm,"2. Basic Parameters, Speed Settings and Retraction Settings",Retraction distance 2.0–3.0 mm,,new,,high,reader-r1-60,
R-RECREUS-FILAFLEX-Filaflex-70A,3,setting,other,G039-33,Filaflex 70A,Retraction speed,35 mm/s,35,,mm/s,,,,,,,nozzle=1.0 mm,"2. Basic Parameters, Speed Settings and Retraction Settings",Retraction speed 35 mm/s,,new,,high,reader-r1-60,
R-RECREUS-FILAFLEX-Filaflex-70A,4,setting,other,G039-33,Filaflex 70A,Retraction Z-Hop,0.2 mm,0.2,,mm,,,,,,,nozzle=1.0 mm,"2. Basic Parameters, Speed Settings and Retraction Settings",Retraction Z-Hop 0.2 mm,,new,,high,reader-r1-60,row continues from page 3 table
R-RECREUS-FILAFLEX-Filaflex-70A,4,setting,bed,G039-33,Filaflex 70A,Small parts,Room temperature (no heating),,,,,,,,,,,3. Bed Temperature,Small parts Room temperature (no heating),P0612,confirms,Small parts Room temperature (no heating),high,reader-r1-60,
R-RECREUS-FILAFLEX-Filaflex-70A,4,setting,bed,G039-33,Filaflex 70A,Large parts,45–50 °C,45,50,°C,,,,,,,,3. Bed Temperature,Large parts 45–50 °C,P0612,confirms,Large parts 45–50 °C,high,reader-r1-60,
R-RECREUS-FILAFLEX-Filaflex-70A,4,setting,fan,G039-33,Filaflex 70A,General Fan,0% (always off),0,,%,,,,,,,,4. Cooling,General Fan 0% (always off),,new,,high,reader-r1-60,
R-RECREUS-FILAFLEX-Filaflex-70A,4,setting,fan,G039-33,Filaflex 70A,Force fan on overhangs/bridges,OFF,,,,,,,,,,,4. Cooling,Force fan on overhangs/bridges OFF,,new,,high,reader-r1-60,
R-RECREUS-FILAFLEX-Filaflex-70A,4,setting,fan,G039-33,Filaflex 70A,Layers < 10 seconds,40%,40,,%,,,,,,,,4. Cooling,Layers < 10 seconds 40%,,new,,high,reader-r1-60,
R-RECREUS-FILAFLEX-Filaflex-70A,4,setting,fan,G039-33,Filaflex 70A,First layer,0%,0,,%,,,,,,,,4. Cooling,First layer 0%,,new,,high,reader-r1-60,
R-RECREUS-FILAFLEX-Filaflex-82A,1,identity,polymer,G039-43,Filaflex 82A,Description,TPU,,,,,,,,,,,Description,Filaflex 82A TPU is the industry’s benchmark for flexible 3D printing,,new,,high,reader-r1-60,
R-RECREUS-FILAFLEX-Filaflex-82A,1,identity,grade,G039-43,Filaflex 82A,TECHNICAL DATA SHEET,FILAFLEX 82A,,,,,,,,,,,,TECHNICAL DATA SHEET | FILAFLEX 82A,,new,,high,reader-r1-60,
R-RECREUS-FILAFLEX-Filaflex-82A,2,value,Density,G039-43,Filaflex 82A,Material density,1120 kg/m³,1120,,kg/m³,=,,,,,ISO 1183,,Physical Property,Material density 1120 kg/m³ ISO 1183,V007324,confirms,1120 kg/m³,high,reader-r1-60,
R-RECREUS-FILAFLEX-Filaflex-82A,2,value,Melt mass-flow rate,G039-43,Filaflex 82A,Melt flow rate (230 ºC / 2.16 kg),—,,,g/10 min,,,,,,ISO 1133,temp=230 °C; load=2.16 kg,Physical Property,Melt flow rate (230 ºC / 2.16 kg) — g/10 min ISO 1133,,new,,high,reader-r1-60,value cell is a dash
R-RECREUS-FILAFLEX-Filaflex-82A,2,value,Hardness,G039-43,Filaflex 82A,"Hardness (Shore A, 3 s)",85,85,,,=,,,,,ISO 7619-1,time=3 s,Mechanical Property,"Hardness (Shore A, 3 s) 85 — ISO 7619-1",V007325,confirms,85 Shore A,high,reader-r1-60,unit cell is a dash; Shore A is in the label; page 1 text names the product Shore 82A while this table prints 85
R-RECREUS-FILAFLEX-Filaflex-82A,2,value,Tensile modulus,G039-43,Filaflex 82A,Tensile modulus,22 MPa,22,,MPa,=,,,,,ISO 527,,Mechanical Property,Tensile modulus 22 MPa ISO 527,V007326,confirms,22 MPa,high,reader-r1-60,
R-RECREUS-FILAFLEX-Filaflex-82A,2,value,Tensile strength (endpoint unspecified),G039-43,Filaflex 82A,Tensile strength,45 MPa,45,,MPa,=,,,,,DIN 53504-S2,,Mechanical Property,Tensile strength 45 MPa DIN 53504-S2,V007327,confirms,45 MPa,high,reader-r1-60,
R-RECREUS-FILAFLEX-Filaflex-82A,2,value,Elongation at break,G039-43,Filaflex 82A,Elongation at break,650 %,650,,%,=,,,,,DIN 53504-S2,,Mechanical Property,Elongation at break 650 % DIN 53504-S2,V007328,confirms,650 %,high,reader-r1-60,
R-RECREUS-FILAFLEX-Filaflex-82A,2,value,unmapped:Stress at 20% elongation,G039-43,Filaflex 82A,Stress at 20% elongation,2.5 MPa,2.5,,MPa,=,,,,,DIN 53504-S2,,Mechanical Property,Stress at 20% elongation 2.5 MPa DIN 53504-S2,,new,,high,reader-r1-60,
R-RECREUS-FILAFLEX-Filaflex-82A,2,value,Tensile stress at 100 % elongation,G039-43,Filaflex 82A,Stress at 100% elongation,6 MPa,6,,MPa,=,,,,,DIN 53504-S2,,Mechanical Property,Stress at 100% elongation 6 MPa DIN 53504-S2,,new,,high,reader-r1-60,
R-RECREUS-FILAFLEX-Filaflex-82A,2,value,Tensile stress at 300 % elongation,G039-43,Filaflex 82A,Stress at 300% elongation,10 MPa,10,,MPa,=,,,,,DIN 53504-S2,,Mechanical Property,Stress at 300% elongation 10 MPa DIN 53504-S2,,new,,high,reader-r1-60,
R-RECREUS-FILAFLEX-Filaflex-82A,2,value,Tear strength,G039-43,Filaflex 82A,Tear strength,70 N/mm,70,,N/mm,=,,,,,ISO 34-1,,Mechanical Property,Tear strength 70 N/mm ISO 34-1,,new,,high,reader-r1-60,
R-RECREUS-FILAFLEX-Filaflex-82A,2,value,Abrasion loss,G039-43,Filaflex 82A,Abrasion resistance,25 mm³,25,,mm³,=,,,,,ISO 4649,,Mechanical Property,Abrasion resistance 25 mm³ ISO 4649,V007329,confirms,25 mm³,high,reader-r1-60,
R-RECREUS-FILAFLEX-Filaflex-82A,2,value,Compression set,G039-43,Filaflex 82A,Compression set (23 ºC / 72 h),25 %,25,,%,=,,,,,ISO 815,temp=23 °C; time=72 h,Mechanical Property,Compression set (23 ºC / 72 h) 25 % ISO 815,V007330,confirms,25 %,high,reader-r1-60,
R-RECREUS-FILAFLEX-Filaflex-82A,2,value,Compression set,G039-43,Filaflex 82A,Compression set (70 ºC / 24 h),45 %,45,,%,=,,,,,ISO 815,temp=70 °C; time=24 h,Mechanical Property,Compression set (70 ºC / 24 h) 45 % ISO 815,V007331,confirms,45 %,high,reader-r1-60,
R-RECREUS-FILAFLEX-Filaflex-82A,2,value,Tensile strength (endpoint unspecified),G039-43,Filaflex 82A,"Tensile strength after storage in water (80 ºC, 42 d)",32 MPa,32,,MPa,=,,,after storage in water 80 ºC 42 d,,DIN 53504-S2,,Mechanical Property,"Tensile strength after storage in water (80 ºC, 42 d) 32 MPa DIN 53504-S2",,new,,high,reader-r1-60,conditioned in water; not a dry value
R-RECREUS-FILAFLEX-Filaflex-82A,2,value,Elongation at break,G039-43,Filaflex 82A,"Elongation at break after storage in water (80 ºC, 42 d)",600 %,600,,%,=,,,after storage in water 80 ºC 42 d,,DIN 53504-S2,,Mechanical Property,"Elongation at break after storage in water (80 ºC, 42 d) 600 % DIN 53504-S2",,new,,high,reader-r1-60,conditioned in water; not a dry value
R-RECREUS-FILAFLEX-Filaflex-82A,2,value,Charpy strength,G039-43,Filaflex 82A,"Notched impact strength (Charpy, +23 ºC)",NB kJ/m²,,,kJ/m²,,,,,,ISO 179,temp=+23 ºC; notched,Mechanical Property,"Notched impact strength (Charpy, +23 ºC) NB kJ/m² ISO 179",,new,,high,reader-r1-60,NB printed (no number)
R-RECREUS-FILAFLEX-Filaflex-82A,2,value,Charpy strength,G039-43,Filaflex 82A,"Notched impact strength (Charpy, -20 ºC)",— kJ/m²,,,kJ/m²,,,,,,ISO 179,temp=-20 ºC; notched,Mechanical Property,"Notched impact strength (Charpy, -20 ºC) — kJ/m² ISO 179",,new,,high,reader-r1-60,value cell is a dash
R-RECREUS-FILAFLEX-Filaflex-82A,2,value,Charpy strength,G039-43,Filaflex 82A,"Notched impact strength (Charpy, -30 ºC)",NB kJ/m²,,,kJ/m²,,,,,,ISO 179,temp=-30 ºC; notched,Mechanical Property,"Notched impact strength (Charpy, -30 ºC) NB kJ/m² ISO 179",,new,,high,reader-r1-60,NB printed (no number)
R-RECREUS-FILAFLEX-Filaflex-82A,2,value,unmapped:Tensile notched impact strength +23 °C,G039-43,Filaflex 82A,"Tensile notched impact strength, +23 °C",580 kJ/m²,580,,kJ/m²,=,,,,,ISO 8256/1,temp=+23 °C; notched,Mechanical Property,"Tensile notched impact strength, +23 °C 580 kJ/m² ISO 8256/1",,new,,high,reader-r1-60,
R-RECREUS-FILAFLEX-Filaflex-82A,2,value,Glass transition temperature,G039-43,Filaflex 82A,Glass transition temperature (10 °C/min),-42 ºC,-42,,ºC,=,,,,,ISO 11357-1/-2,rate=10 °C/min,Thermal Property,Glass transition temperature (10 °C/min) -42 ºC ISO 11357-1/-2,V007332,confirms,-42 °C,high,reader-r1-60,
R-RECREUS-FILAFLEX-Filaflex-82A,2,value,Vicat softening temperature,G039-43,Filaflex 82A,"VST Vicat softening temperature (Method A, 10 N, 120 °C/h)",113 ºC,113,,ºC,=,,,,,ISO 306,method=A; load=10 N; rate=120 °C/h,Thermal Property,"VST Vicat softening temperature 113 ºC ISO 306 (Method A, 10 N, 120 °C/h)",,new,,high,reader-r1-60,
R-RECREUS-FILAFLEX-Filaflex-82A,2,value,Volume resistivity,G039-43,Filaflex 82A,Volume resistivity,1E+10 Ω·m,1E+10,,Ω·m,=,,,,,IEC 62631-3-1,,Conductive Property,Volume resistivity 1E+10 Ω·m IEC 62631-3-1,,new,,high,reader-r1-60,power of ten printed
R-RECREUS-FILAFLEX-Filaflex-82A,3,setting,drying,G039-43,Filaflex 82A,Drying Temperature,55 °C,55,,°C,,,,,,,hours=1,1. Material Preparation,Drying Temperature 55 °C | Minimum Time 1 hour,P0692,confirms,55 °C; Minimum Time 1 hour,high,reader-r1-60,minimum time 1 hour; note: Drying is crucial for optimal results
R-RECREUS-FILAFLEX-Filaflex-82A,3,setting,nozzle_diameter,G039-43,Filaflex 82A,Nozzle 0.4 mm,0.4 mm,0.4,,mm,,,,,,,,"2. Basic Parameters, Speed Settings and Retraction Settings",Nozzle 0.4 mm,P0692,confirms,0.4 mm,high,reader-r1-60,
R-RECREUS-FILAFLEX-Filaflex-82A,3,setting,other,G039-43,Filaflex 82A,Layer Height,0.2 mm,0.2,,mm,,,,,,,nozzle=0.4 mm,"2. Basic Parameters, Speed Settings and Retraction Settings",Layer Height 0.2 mm,,new,,high,reader-r1-60,
R-RECREUS-FILAFLEX-Filaflex-82A,3,setting,other,G039-43,Filaflex 82A,Line Width,0.35 mm,0.35,,mm,,,,,,,nozzle=0.4 mm,"2. Basic Parameters, Speed Settings and Retraction Settings",Line Width 0.35 mm,,new,,high,reader-r1-60,
R-RECREUS-FILAFLEX-Filaflex-82A,3,setting,print_speed,G039-43,Filaflex 82A,Volumetric Speed (mm³/s),3.2 mm³/s,3.2,,mm³/s,,,,,,,nozzle=0.4 mm,"2. Basic Parameters, Speed Settings and Retraction Settings",Volumetric Speed (mm³/s) 3.2 mm³/s,,new,,high,reader-r1-60,
R-RECREUS-FILAFLEX-Filaflex-82A,3,setting,nozzle,G039-43,Filaflex 82A,Temperature,240 °C,240,,°C,,,,,,,nozzle=0.4 mm,"2. Basic Parameters, Speed Settings and Retraction Settings",Temperature 240 °C,P0692,confirms,240 °C,high,reader-r1-60,
R-RECREUS-FILAFLEX-Filaflex-82A,3,setting,print_speed,G039-43,Filaflex 82A,External Perimeter,50% - 22.85 mm/s,22.85,,mm/s,,,,,,,nozzle=0.4 mm; speed_percent=50%,"2. Basic Parameters, Speed Settings and Retraction Settings",External Perimeter 50% - 22.85 mm/s,,new,,high,reader-r1-60,
R-RECREUS-FILAFLEX-Filaflex-82A,3,setting,print_speed,G039-43,Filaflex 82A,Internal Perimeters,75% - 34.27 mm/s,34.27,,mm/s,,,,,,,nozzle=0.4 mm; speed_percent=75%,"2. Basic Parameters, Speed Settings and Retraction Settings",Internal Perimeters 75% - 34.27 mm/s,,new,,high,reader-r1-60,
R-RECREUS-FILAFLEX-Filaflex-82A,3,setting,print_speed,G039-43,Filaflex 82A,Infill,100% - 45.7 mm/s,45.7,,mm/s,,,,,,,nozzle=0.4 mm; speed_percent=100%,"2. Basic Parameters, Speed Settings and Retraction Settings",Infill 100% - 45.7 mm/s,,new,,high,reader-r1-60,
R-RECREUS-FILAFLEX-Filaflex-82A,3,setting,print_speed,G039-43,Filaflex 82A,Top/Bottom,60% - 27.42 mm/s,27.42,,mm/s,,,,,,,nozzle=0.4 mm; speed_percent=60%,"2. Basic Parameters, Speed Settings and Retraction Settings",Top/Bottom 60% - 27.42 mm/s,,new,,high,reader-r1-60,
R-RECREUS-FILAFLEX-Filaflex-82A,3,setting,print_speed,G039-43,Filaflex 82A,First Layer,30% - 13.71 mm/s,13.71,,mm/s,,,,,,,nozzle=0.4 mm; speed_percent=30%,"2. Basic Parameters, Speed Settings and Retraction Settings",First Layer 30% - 13.71 mm/s,,new,,high,reader-r1-60,
R-RECREUS-FILAFLEX-Filaflex-82A,3,setting,other,G039-43,Filaflex 82A,Retraction distance,1.5–3.0 mm,1.5,3.0,mm,,,,,,,nozzle=0.4 mm,"2. Basic Parameters, Speed Settings and Retraction Settings",Retraction distance 1.5–3.0 mm,,new,,high,reader-r1-60,
R-RECREUS-FILAFLEX-Filaflex-82A,3,setting,other,G039-43,Filaflex 82A,Retraction speed,40 mm/s,40,,mm/s,,,,,,,nozzle=0.4 mm,"2. Basic Parameters, Speed Settings and Retraction Settings",Retraction speed 40 mm/s,,new,,high,reader-r1-60,
R-RECREUS-FILAFLEX-Filaflex-82A,3,setting,other,G039-43,Filaflex 82A,Retraction Z-Hop,0.2 mm,0.2,,mm,,,,,,,nozzle=0.4 mm,"2. Basic Parameters, Speed Settings and Retraction Settings",Retraction Z-Hop 0.2 mm,,new,,high,reader-r1-60,
R-RECREUS-FILAFLEX-Filaflex-82A,3,setting,nozzle_diameter,G039-43,Filaflex 82A,Nozzle 0.6 mm,0.6 mm,0.6,,mm,,,,,,,,"2. Basic Parameters, Speed Settings and Retraction Settings",Nozzle 0.6 mm,P1344,confirms,0.6 mm,high,reader-r1-60,
R-RECREUS-FILAFLEX-Filaflex-82A,3,setting,other,G039-43,Filaflex 82A,Layer Height,0.3 mm,0.3,,mm,,,,,,,nozzle=0.6 mm,"2. Basic Parameters, Speed Settings and Retraction Settings",Layer Height 0.3 mm,,new,,high,reader-r1-60,
R-RECREUS-FILAFLEX-Filaflex-82A,3,setting,other,G039-43,Filaflex 82A,Line Width,0.55 mm,0.55,,mm,,,,,,,nozzle=0.6 mm,"2. Basic Parameters, Speed Settings and Retraction Settings",Line Width 0.55 mm,,new,,high,reader-r1-60,
R-RECREUS-FILAFLEX-Filaflex-82A,3,setting,print_speed,G039-43,Filaflex 82A,Volumetric Speed (mm³/s),7.2 mm³/s,7.2,,mm³/s,,,,,,,nozzle=0.6 mm,"2. Basic Parameters, Speed Settings and Retraction Settings",Volumetric Speed (mm³/s) 7.2 mm³/s,,new,,high,reader-r1-60,
R-RECREUS-FILAFLEX-Filaflex-82A,3,setting,nozzle,G039-43,Filaflex 82A,Temperature,242 °C,242,,°C,,,,,,,nozzle=0.6 mm,"2. Basic Parameters, Speed Settings and Retraction Settings",Temperature 242 °C,P1344,confirms,242 °C,high,reader-r1-60,
R-RECREUS-FILAFLEX-Filaflex-82A,3,setting,print_speed,G039-43,Filaflex 82A,External Perimeter,50% - 21.80 mm/s,21.80,,mm/s,,,,,,,nozzle=0.6 mm; speed_percent=50%,"2. Basic Parameters, Speed Settings and Retraction Settings",External Perimeter 50% - 21.80 mm/s,,new,,high,reader-r1-60,
R-RECREUS-FILAFLEX-Filaflex-82A,3,setting,print_speed,G039-43,Filaflex 82A,Internal Perimeters,75% - 32.70 mm/s,32.70,,mm/s,,,,,,,nozzle=0.6 mm; speed_percent=75%,"2. Basic Parameters, Speed Settings and Retraction Settings",Internal Perimeters 75% - 32.70 mm/s,,new,,high,reader-r1-60,
R-RECREUS-FILAFLEX-Filaflex-82A,3,setting,print_speed,G039-43,Filaflex 82A,Infill,100% - 43.60 mm/s,43.60,,mm/s,,,,,,,nozzle=0.6 mm; speed_percent=100%,"2. Basic Parameters, Speed Settings and Retraction Settings",Infill 100% - 43.60 mm/s,,new,,high,reader-r1-60,
R-RECREUS-FILAFLEX-Filaflex-82A,3,setting,print_speed,G039-43,Filaflex 82A,Top/Bottom,60% - 26.16 mm/s,26.16,,mm/s,,,,,,,nozzle=0.6 mm; speed_percent=60%,"2. Basic Parameters, Speed Settings and Retraction Settings",Top/Bottom 60% - 26.16 mm/s,,new,,high,reader-r1-60,
R-RECREUS-FILAFLEX-Filaflex-82A,3,setting,print_speed,G039-43,Filaflex 82A,First Layer,30% - 13.08 mm/s,13.08,,mm/s,,,,,,,nozzle=0.6 mm; speed_percent=30%,"2. Basic Parameters, Speed Settings and Retraction Settings",First Layer 30% - 13.08 mm/s,,new,,high,reader-r1-60,
R-RECREUS-FILAFLEX-Filaflex-82A,3,setting,other,G039-43,Filaflex 82A,Retraction distance,1.5–3.0 mm,1.5,3.0,mm,,,,,,,nozzle=0.6 mm,"2. Basic Parameters, Speed Settings and Retraction Settings",Retraction distance 1.5–3.0 mm,,new,,high,reader-r1-60,
R-RECREUS-FILAFLEX-Filaflex-82A,3,setting,other,G039-43,Filaflex 82A,Retraction speed,40 mm/s,40,,mm/s,,,,,,,nozzle=0.6 mm,"2. Basic Parameters, Speed Settings and Retraction Settings",Retraction speed 40 mm/s,,new,,high,reader-r1-60,
R-RECREUS-FILAFLEX-Filaflex-82A,3,setting,other,G039-43,Filaflex 82A,Retraction Z-Hop,0.2 mm,0.2,,mm,,,,,,,nozzle=0.6 mm,"2. Basic Parameters, Speed Settings and Retraction Settings",Retraction Z-Hop 0.2 mm,,new,,high,reader-r1-60,
R-RECREUS-FILAFLEX-Filaflex-82A,3,setting,nozzle_diameter,G039-43,Filaflex 82A,Nozzle 0.8 mm,0.8 mm,0.8,,mm,,,,,,,,"2. Basic Parameters, Speed Settings and Retraction Settings",Nozzle 0.8 mm,P1345,confirms,0.8 mm,high,reader-r1-60,
R-RECREUS-FILAFLEX-Filaflex-82A,3,setting,other,G039-43,Filaflex 82A,Layer Height,0.4 mm,0.4,,mm,,,,,,,nozzle=0.8 mm,"2. Basic Parameters, Speed Settings and Retraction Settings",Layer Height 0.4 mm,,new,,high,reader-r1-60,
R-RECREUS-FILAFLEX-Filaflex-82A,3,setting,other,G039-43,Filaflex 82A,Line Width,0.75 mm,0.75,,mm,,,,,,,nozzle=0.8 mm,"2. Basic Parameters, Speed Settings and Retraction Settings",Line Width 0.75 mm,,new,,high,reader-r1-60,
R-RECREUS-FILAFLEX-Filaflex-82A,3,setting,print_speed,G039-43,Filaflex 82A,Volumetric Speed (mm³/s),12.8 mm³/s,12.8,,mm³/s,,,,,,,nozzle=0.8 mm,"2. Basic Parameters, Speed Settings and Retraction Settings",Volumetric Speed (mm³/s) 12.8 mm³/s,,new,,high,reader-r1-60,
R-RECREUS-FILAFLEX-Filaflex-82A,3,setting,nozzle,G039-43,Filaflex 82A,Temperature,245 °C,245,,°C,,,,,,,nozzle=0.8 mm,"2. Basic Parameters, Speed Settings and Retraction Settings",Temperature 245 °C,P1345,confirms,245 °C,high,reader-r1-60,
R-RECREUS-FILAFLEX-Filaflex-82A,3,setting,print_speed,G039-43,Filaflex 82A,External Perimeter,50% - 21.33 mm/s,21.33,,mm/s,,,,,,,nozzle=0.8 mm; speed_percent=50%,"2. Basic Parameters, Speed Settings and Retraction Settings",External Perimeter 50% - 21.33 mm/s,,new,,high,reader-r1-60,
R-RECREUS-FILAFLEX-Filaflex-82A,3,setting,print_speed,G039-43,Filaflex 82A,Internal Perimeters,75% - 32.00 mm/s,32.00,,mm/s,,,,,,,nozzle=0.8 mm; speed_percent=75%,"2. Basic Parameters, Speed Settings and Retraction Settings",Internal Perimeters 75% - 32.00 mm/s,,new,,high,reader-r1-60,
R-RECREUS-FILAFLEX-Filaflex-82A,4,setting,print_speed,G039-43,Filaflex 82A,Infill,100% - 42.67 mm/s,42.67,,mm/s,,,,,,,nozzle=0.8 mm; speed_percent=100%,"2. Basic Parameters, Speed Settings and Retraction Settings",Infill 100% - 42.67 mm/s,,new,,high,reader-r1-60,
R-RECREUS-FILAFLEX-Filaflex-82A,4,setting,print_speed,G039-43,Filaflex 82A,Top/Bottom,60% - 25.60 mm/s,25.60,,mm/s,,,,,,,nozzle=0.8 mm; speed_percent=60%,"2. Basic Parameters, Speed Settings and Retraction Settings",Top/Bottom 60% - 25.60 mm/s,,new,,high,reader-r1-60,
R-RECREUS-FILAFLEX-Filaflex-82A,4,setting,print_speed,G039-43,Filaflex 82A,First Layer,30% - 12.80 mm/s,12.80,,mm/s,,,,,,,nozzle=0.8 mm; speed_percent=30%,"2. Basic Parameters, Speed Settings and Retraction Settings",First Layer 30% - 12.80 mm/s,,new,,high,reader-r1-60,
R-RECREUS-FILAFLEX-Filaflex-82A,4,setting,other,G039-43,Filaflex 82A,Retraction distance,2.5–3.5 mm,2.5,3.5,mm,,,,,,,nozzle=0.8 mm,"2. Basic Parameters, Speed Settings and Retraction Settings",Retraction distance 2.5–3.5 mm,,new,,high,reader-r1-60,
R-RECREUS-FILAFLEX-Filaflex-82A,4,setting,other,G039-43,Filaflex 82A,Retraction speed,40 mm/s,40,,mm/s,,,,,,,nozzle=0.8 mm,"2. Basic Parameters, Speed Settings and Retraction Settings",Retraction speed 40 mm/s,,new,,high,reader-r1-60,
R-RECREUS-FILAFLEX-Filaflex-82A,4,setting,other,G039-43,Filaflex 82A,Retraction Z-Hop,0.2 mm,0.2,,mm,,,,,,,nozzle=0.8 mm,"2. Basic Parameters, Speed Settings and Retraction Settings",Retraction Z-Hop 0.2 mm,,new,,high,reader-r1-60,
R-RECREUS-FILAFLEX-Filaflex-82A,4,setting,nozzle_diameter,G039-43,Filaflex 82A,Nozzle 1.0 mm,1.0 mm,1.0,,mm,,,,,,,,"2. Basic Parameters, Speed Settings and Retraction Settings",Nozzle 1.0 mm,P1346,confirms,1.0 mm,high,reader-r1-60,
R-RECREUS-FILAFLEX-Filaflex-82A,4,setting,other,G039-43,Filaflex 82A,Layer Height,0.5 mm,0.5,,mm,,,,,,,nozzle=1.0 mm,"2. Basic Parameters, Speed Settings and Retraction Settings",Layer Height 0.5 mm,,new,,high,reader-r1-60,
R-RECREUS-FILAFLEX-Filaflex-82A,4,setting,other,G039-43,Filaflex 82A,Line Width,0.95 mm,0.95,,mm,,,,,,,nozzle=1.0 mm,"2. Basic Parameters, Speed Settings and Retraction Settings",Line Width 0.95 mm,,new,,high,reader-r1-60,
R-RECREUS-FILAFLEX-Filaflex-82A,4,setting,print_speed,G039-43,Filaflex 82A,Volumetric Speed (mm³/s),20.0 mm³/s,20.0,,mm³/s,,,,,,,nozzle=1.0 mm,"2. Basic Parameters, Speed Settings and Retraction Settings",Volumetric Speed (mm³/s) 20.0 mm³/s,,new,,high,reader-r1-60,
R-RECREUS-FILAFLEX-Filaflex-82A,4,setting,nozzle,G039-43,Filaflex 82A,Temperature,248 °C,248,,°C,,,,,,,nozzle=1.0 mm,"2. Basic Parameters, Speed Settings and Retraction Settings",Temperature 248 °C,P1346,confirms,248 °C,high,reader-r1-60,
R-RECREUS-FILAFLEX-Filaflex-82A,4,setting,print_speed,G039-43,Filaflex 82A,External Perimeter,50% - 21.05 mm/s,21.05,,mm/s,,,,,,,nozzle=1.0 mm; speed_percent=50%,"2. Basic Parameters, Speed Settings and Retraction Settings",External Perimeter 50% - 21.05 mm/s,,new,,high,reader-r1-60,
R-RECREUS-FILAFLEX-Filaflex-82A,4,setting,print_speed,G039-43,Filaflex 82A,Internal Perimeters,75% - 31.58 mm/s,31.58,,mm/s,,,,,,,nozzle=1.0 mm; speed_percent=75%,"2. Basic Parameters, Speed Settings and Retraction Settings",Internal Perimeters 75% - 31.58 mm/s,,new,,high,reader-r1-60,
R-RECREUS-FILAFLEX-Filaflex-82A,4,setting,print_speed,G039-43,Filaflex 82A,Infill,100% - 42.11 mm/s,42.11,,mm/s,,,,,,,nozzle=1.0 mm; speed_percent=100%,"2. Basic Parameters, Speed Settings and Retraction Settings",Infill 100% - 42.11 mm/s,,new,,high,reader-r1-60,
R-RECREUS-FILAFLEX-Filaflex-82A,4,setting,print_speed,G039-43,Filaflex 82A,Top/Bottom,60% - 25.26 mm/s,25.26,,mm/s,,,,,,,nozzle=1.0 mm; speed_percent=60%,"2. Basic Parameters, Speed Settings and Retraction Settings",Top/Bottom 60% - 25.26 mm/s,,new,,high,reader-r1-60,
R-RECREUS-FILAFLEX-Filaflex-82A,4,setting,print_speed,G039-43,Filaflex 82A,First Layer,30% - 12.63 mm/s,12.63,,mm/s,,,,,,,nozzle=1.0 mm; speed_percent=30%,"2. Basic Parameters, Speed Settings and Retraction Settings",First Layer 30% - 12.63 mm/s,,new,,high,reader-r1-60,
R-RECREUS-FILAFLEX-Filaflex-82A,4,setting,other,G039-43,Filaflex 82A,Retraction distance,2.5–3.5 mm,2.5,3.5,mm,,,,,,,nozzle=1.0 mm,"2. Basic Parameters, Speed Settings and Retraction Settings",Retraction distance 2.5–3.5 mm,,new,,high,reader-r1-60,
R-RECREUS-FILAFLEX-Filaflex-82A,4,setting,other,G039-43,Filaflex 82A,Retraction speed,40 mm/s,40,,mm/s,,,,,,,nozzle=1.0 mm,"2. Basic Parameters, Speed Settings and Retraction Settings",Retraction speed 40 mm/s,,new,,high,reader-r1-60,
R-RECREUS-FILAFLEX-Filaflex-82A,4,setting,other,G039-43,Filaflex 82A,Retraction Z-Hop,0.2 mm,0.2,,mm,,,,,,,nozzle=1.0 mm,"2. Basic Parameters, Speed Settings and Retraction Settings",Retraction Z-Hop 0.2 mm,,new,,high,reader-r1-60,
R-RECREUS-FILAFLEX-Filaflex-82A,4,setting,bed,G039-43,Filaflex 82A,Small parts,Room temperature (no heating),,,,,,,,,,,3. Bed Temperature,Small parts Room temperature (no heating),P0692,confirms,Small parts Room temperature (no heating),high,reader-r1-60,
R-RECREUS-FILAFLEX-Filaflex-82A,4,setting,bed,G039-43,Filaflex 82A,Large parts,45–50 °C,45,50,°C,,,,,,,,3. Bed Temperature,Large parts 45–50 °C,P0692,confirms,Large parts 45–50 °C,high,reader-r1-60,
R-RECREUS-FILAFLEX-Filaflex-82A,4,setting,fan,G039-43,Filaflex 82A,General Fan,0% (always off),0,,%,,,,,,,,4. Cooling,General Fan 0% (always off),,new,,high,reader-r1-60,
R-RECREUS-FILAFLEX-Filaflex-82A,4,setting,fan,G039-43,Filaflex 82A,Force fan on overhangs/bridges,OFF,,,,,,,,,,,4. Cooling,Force fan on overhangs/bridges OFF,,new,,high,reader-r1-60,
R-RECREUS-FILAFLEX-Filaflex-82A,4,setting,fan,G039-43,Filaflex 82A,Layers < 8 seconds,50%,50,,%,,,,,,,,4. Cooling,Layers < 8 seconds 50%,,new,,high,reader-r1-60,
R-RECREUS-FILAFLEX-Filaflex-82A,4,setting,fan,G039-43,Filaflex 82A,First layer,0%,0,,%,,,,,,,,4. Cooling,First layer 0%,,new,,high,reader-r1-60,
R-RECREUS-FILAFLEX-Filaflex-82A,5,none,,,,,,,,,,,,,,,,,,,,,,reader-r1-60,best practices; disclaimer; address and revision date 02.10.2025
R-RECREUS-FILAFLEX-Filaflex-95A,1,identity,polymer,G039-40,Filaflex 95A,Description,TPU,,,,,,,,,,,Description,Filaflex 95A TPU (Medium-Flex) is the most user-friendly flexible filament in the,,new,,high,reader-r1-60,
R-RECREUS-FILAFLEX-Filaflex-95A,1,identity,grade,G039-40,Filaflex 95A,TECHNICAL DATA SHEET,FILAFLEX 95A,,,,,,,,,,,,TECHNICAL DATA SHEET | FILAFLEX 95A,,new,,high,reader-r1-60,
R-RECREUS-FILAFLEX-Filaflex-95A,2,value,Density,G039-40,Filaflex 95A,Material density,1240 kg/m³,1240,,kg/m³,=,,,,,ISO 1183,,Physical Property,Material density 1240 kg/m³ ISO 1183,V007254,confirms,1240 kg/m³,high,reader-r1-60,
R-RECREUS-FILAFLEX-Filaflex-95A,2,value,Melt mass-flow rate,G039-40,Filaflex 95A,Melt flow rate (230 ºC / 2.16 kg),—,,,g/10 min,,,,,,ISO 1133,temp=230 °C; load=2.16 kg,Physical Property,Melt flow rate (230 ºC / 2.16 kg) — g/10 min ISO 1133,,new,,high,reader-r1-60,value cell is a dash
R-RECREUS-FILAFLEX-Filaflex-95A,2,value,Hardness,G039-40,Filaflex 95A,"Hardness (Shore A, 3 s)",95,95,,,=,,,,,ISO 7619-1,time=3 s,Mechanical Property,"Hardness (Shore A, 3 s) 95 — ISO 7619-1",V007255,confirms,95 Shore A,high,reader-r1-60,unit cell is a dash; Shore A is in the label
R-RECREUS-FILAFLEX-Filaflex-95A,2,value,Tensile strength (endpoint unspecified),G039-40,Filaflex 95A,Tensile strength,33 MPa,33,,MPa,=,,,,,DIN 53504-S2,,Mechanical Property,Tensile strength 33 MPa DIN 53504-S2,V007256,confirms,33 MPa,high,reader-r1-60,
R-RECREUS-FILAFLEX-Filaflex-95A,2,value,Tensile stress at 100 % elongation,G039-40,Filaflex 95A,Stress at 100% elongation,11 MPa,11,,MPa,=,,,,,DIN 53504-S2,,Mechanical Property,Stress at 100% elongation 11 MPa DIN 53504-S2,,new,,high,reader-r1-60,
R-RECREUS-FILAFLEX-Filaflex-95A,2,value,Tensile stress at 300 % elongation,G039-40,Filaflex 95A,Stress at 300% elongation,18 MPa,18,,MPa,=,,,,,DIN 53504-S2,,Mechanical Property,Stress at 300% elongation 18 MPa DIN 53504-S2,,new,,high,reader-r1-60,
R-RECREUS-FILAFLEX-Filaflex-95A,2,value,Tear strength,G039-40,Filaflex 95A,Tear strength,130 N/mm,130,,N/mm,=,,,,,ISO 34-1,,Mechanical Property,Tear strength 130 N/mm ISO 34-1,,new,,high,reader-r1-60,
R-RECREUS-FILAFLEX-Filaflex-95A,2,value,Abrasion loss,G039-40,Filaflex 95A,Abrasion resistance,35 mm³,35,,mm³,=,,,,,ISO 4649,,Mechanical Property,Abrasion resistance 35 mm³ ISO 4649,V007257,confirms,35 mm³,high,reader-r1-60,
R-RECREUS-FILAFLEX-Filaflex-95A,2,value,Compression set,G039-40,Filaflex 95A,Compression set (23 ºC / 72 h),20 %,20,,%,=,,,,,ISO 815,temp=23 °C; time=72 h,Mechanical Property,Compression set (23 ºC / 72 h) 20 % ISO 815,V007258,confirms,20 %,high,reader-r1-60,
R-RECREUS-FILAFLEX-Filaflex-95A,2,value,Izod impact strength,G039-40,Filaflex 95A,Izod impact strength (23 ºC notched),NB kJ/m²,,,kJ/m²,,,,,,ISO 180,temp=23 ºC; notched,Mechanical Property,Izod impact strength (23 ºC notched) NB kJ/m² ISO 180,,new,,high,reader-r1-60,NB printed (no number)
R-RECREUS-FILAFLEX-Filaflex-95A,2,value,Izod impact strength,G039-40,Filaflex 95A,Izod impact resistant (23 ºC unnotched),NB kJ/m²,,,kJ/m²,,,,,,ISO 180,temp=23 ºC; unnotched,Mechanical Property,Izod impact resistant (23 ºC unnotched) NB kJ/m² ISO 180,,new,,high,reader-r1-60,NB printed (no number)
R-RECREUS-FILAFLEX-Filaflex-95A,2,value,Vicat softening temperature,G039-40,Filaflex 95A,"VST Vicat softening temperature (Method A, 10 N, 120 °C/h)",125 ºC,125,,ºC,=,,,,,ISO 306,method=A; load=10 N; rate=120 °C/h,Thermal Property,"VST Vicat softening temperature 125 ºC ISO 306 (Method A, 10 N, 120 °C/h)",,new,,high,reader-r1-60,
R-RECREUS-FILAFLEX-Filaflex-95A,2,setting,drying,G039-40,Filaflex 95A,Drying Temperature,55 °C,55,,°C,,,,,,,hours=1,1. Material Preparation,Drying Temperature 55 °C | Minimum Time 1 hour,P0684,confirms,55 °C; Minimum Time 1 hour,high,reader-r1-60,minimum time 1 hour; note: Drying is crucial for optimal results
R-RECREUS-FILAFLEX-Filaflex-95A,2,setting,nozzle_diameter,G039-40,Filaflex 95A,Nozzle 0.4 mm,0.4 mm,0.4,,mm,,,,,,,,"2. Basic Parameters, Speed Settings and Retraction Settings",Nozzle 0.4 mm,P0684,confirms,0.4 mm,high,reader-r1-60,
R-RECREUS-FILAFLEX-Filaflex-95A,2,setting,other,G039-40,Filaflex 95A,Layer Height,0.2 mm,0.2,,mm,,,,,,,nozzle=0.4 mm,"2. Basic Parameters, Speed Settings and Retraction Settings",Layer Height 0.2 mm,,new,,high,reader-r1-60,
R-RECREUS-FILAFLEX-Filaflex-95A,2,setting,other,G039-40,Filaflex 95A,Line Width,0.38 mm,0.38,,mm,,,,,,,nozzle=0.4 mm,"2. Basic Parameters, Speed Settings and Retraction Settings",Line Width 0.38 mm,,new,,high,reader-r1-60,
R-RECREUS-FILAFLEX-Filaflex-95A,2,setting,print_speed,G039-40,Filaflex 95A,Volumetric Speed (mm³/s),4.5 mm³/s,4.5,,mm³/s,,,,,,,nozzle=0.4 mm,"2. Basic Parameters, Speed Settings and Retraction Settings",Volumetric Speed (mm³/s) 4.5 mm³/s,,new,,high,reader-r1-60,
R-RECREUS-FILAFLEX-Filaflex-95A,2,setting,nozzle,G039-40,Filaflex 95A,Temperature,245 °C,245,,°C,,,,,,,nozzle=0.4 mm,"2. Basic Parameters, Speed Settings and Retraction Settings",Temperature 245 °C,P0684,confirms,245 °C,high,reader-r1-60,
R-RECREUS-FILAFLEX-Filaflex-95A,2,setting,print_speed,G039-40,Filaflex 95A,External Perimeter,50% - 29.61 mm/s,29.61,,mm/s,,,,,,,nozzle=0.4 mm; speed_percent=50%,"2. Basic Parameters, Speed Settings and Retraction Settings",External Perimeter 50% - 29.61 mm/s,,new,,high,reader-r1-60,
R-RECREUS-FILAFLEX-Filaflex-95A,2,setting,print_speed,G039-40,Filaflex 95A,Internal Perimeters,75% - 44.41 mm/s,44.41,,mm/s,,,,,,,nozzle=0.4 mm; speed_percent=75%,"2. Basic Parameters, Speed Settings and Retraction Settings",Internal Perimeters 75% - 44.41 mm/s,,new,,high,reader-r1-60,
R-RECREUS-FILAFLEX-Filaflex-95A,2,setting,print_speed,G039-40,Filaflex 95A,Infill,100% - 59.21 mm/s,59.21,,mm/s,,,,,,,nozzle=0.4 mm; speed_percent=100%,"2. Basic Parameters, Speed Settings and Retraction Settings",Infill 100% - 59.21 mm/s,,new,,high,reader-r1-60,
R-RECREUS-FILAFLEX-Filaflex-95A,2,setting,print_speed,G039-40,Filaflex 95A,Top/Bottom,60% - 35.53 mm/s,35.53,,mm/s,,,,,,,nozzle=0.4 mm; speed_percent=60%,"2. Basic Parameters, Speed Settings and Retraction Settings",Top/Bottom 60% - 35.53 mm/s,,new,,high,reader-r1-60,
R-RECREUS-FILAFLEX-Filaflex-95A,2,setting,print_speed,G039-40,Filaflex 95A,First Layer,30% - 17.76 mm/s,17.76,,mm/s,,,,,,,nozzle=0.4 mm; speed_percent=30%,"2. Basic Parameters, Speed Settings and Retraction Settings",First Layer 30% - 17.76 mm/s,,new,,high,reader-r1-60,
R-RECREUS-FILAFLEX-Filaflex-95A,2,setting,other,G039-40,Filaflex 95A,Retraction distance,1.8–2.5 mm,1.8,2.5,mm,,,,,,,nozzle=0.4 mm,"2. Basic Parameters, Speed Settings and Retraction Settings",Retraction distance 1.8–2.5 mm,,new,,high,reader-r1-60,
R-RECREUS-FILAFLEX-Filaflex-95A,2,setting,other,G039-40,Filaflex 95A,Retraction speed,40 mm/s,40,,mm/s,,,,,,,nozzle=0.4 mm,"2. Basic Parameters, Speed Settings and Retraction Settings",Retraction speed 40 mm/s,,new,,high,reader-r1-60,
R-RECREUS-FILAFLEX-Filaflex-95A,2,setting,other,G039-40,Filaflex 95A,Retraction Z-Hop,0.2 mm,0.2,,mm,,,,,,,nozzle=0.4 mm,"2. Basic Parameters, Speed Settings and Retraction Settings",Retraction Z-Hop 0.2 mm,,new,,high,reader-r1-60,
R-RECREUS-FILAFLEX-Filaflex-95A,3,setting,nozzle_diameter,G039-40,Filaflex 95A,Nozzle 0.6 mm,0.6 mm,0.6,,mm,,,,,,,,"2. Basic Parameters, Speed Settings and Retraction Settings",Nozzle 0.6 mm,,new,,high,reader-r1-60,
R-RECREUS-FILAFLEX-Filaflex-95A,3,setting,other,G039-40,Filaflex 95A,Layer Height,0.3 mm,0.3,,mm,,,,,,,nozzle=0.6 mm,"2. Basic Parameters, Speed Settings and Retraction Settings",Layer Height 0.3 mm,,new,,high,reader-r1-60,
R-RECREUS-FILAFLEX-Filaflex-95A,3,setting,other,G039-40,Filaflex 95A,Line Width,0.58 mm,0.58,,mm,,,,,,,nozzle=0.6 mm,"2. Basic Parameters, Speed Settings and Retraction Settings",Line Width 0.58 mm,,new,,high,reader-r1-60,
R-RECREUS-FILAFLEX-Filaflex-95A,3,setting,print_speed,G039-40,Filaflex 95A,Volumetric Speed (mm³/s),10.1 mm³/s,10.1,,mm³/s,,,,,,,nozzle=0.6 mm,"2. Basic Parameters, Speed Settings and Retraction Settings",Volumetric Speed (mm³/s) 10.1 mm³/s,,new,,high,reader-r1-60,
R-RECREUS-FILAFLEX-Filaflex-95A,3,setting,nozzle,G039-40,Filaflex 95A,Temperature,245 °C,245,,°C,,,,,,,nozzle=0.6 mm,"2. Basic Parameters, Speed Settings and Retraction Settings",Temperature 245 °C,,new,,high,reader-r1-60,
R-RECREUS-FILAFLEX-Filaflex-95A,3,setting,print_speed,G039-40,Filaflex 95A,External Perimeter,50% - 29.01 mm/s,29.01,,mm/s,,,,,,,nozzle=0.6 mm; speed_percent=50%,"2. Basic Parameters, Speed Settings and Retraction Settings",External Perimeter 50% - 29.01 mm/s,,new,,high,reader-r1-60,
R-RECREUS-FILAFLEX-Filaflex-95A,3,setting,print_speed,G039-40,Filaflex 95A,Internal Perimeters,75% - 43.52 mm/s,43.52,,mm/s,,,,,,,nozzle=0.6 mm; speed_percent=75%,"2. Basic Parameters, Speed Settings and Retraction Settings",Internal Perimeters 75% - 43.52 mm/s,,new,,high,reader-r1-60,
R-RECREUS-FILAFLEX-Filaflex-95A,3,setting,print_speed,G039-40,Filaflex 95A,Infill,100% - 58.02 mm/s,58.02,,mm/s,,,,,,,nozzle=0.6 mm; speed_percent=100%,"2. Basic Parameters, Speed Settings and Retraction Settings",Infill 100% - 58.02 mm/s,,new,,high,reader-r1-60,
R-RECREUS-FILAFLEX-Filaflex-95A,3,setting,print_speed,G039-40,Filaflex 95A,Top/Bottom,60% - 34.81 mm/s,34.81,,mm/s,,,,,,,nozzle=0.6 mm; speed_percent=60%,"2. Basic Parameters, Speed Settings and Retraction Settings",Top/Bottom 60% - 34.81 mm/s,,new,,high,reader-r1-60,
R-RECREUS-FILAFLEX-Filaflex-95A,3,setting,print_speed,G039-40,Filaflex 95A,First Layer,30% - 17.41 mm/s,17.41,,mm/s,,,,,,,nozzle=0.6 mm; speed_percent=30%,"2. Basic Parameters, Speed Settings and Retraction Settings",First Layer 30% - 17.41 mm/s,,new,,high,reader-r1-60,
R-RECREUS-FILAFLEX-Filaflex-95A,3,setting,other,G039-40,Filaflex 95A,Retraction distance,1.8–2.5 mm,1.8,2.5,mm,,,,,,,nozzle=0.6 mm,"2. Basic Parameters, Speed Settings and Retraction Settings",Retraction distance 1.8–2.5 mm,,new,,high,reader-r1-60,
R-RECREUS-FILAFLEX-Filaflex-95A,3,setting,other,G039-40,Filaflex 95A,Retraction speed,40 mm/s,40,,mm/s,,,,,,,nozzle=0.6 mm,"2. Basic Parameters, Speed Settings and Retraction Settings",Retraction speed 40 mm/s,,new,,high,reader-r1-60,
R-RECREUS-FILAFLEX-Filaflex-95A,3,setting,other,G039-40,Filaflex 95A,Retraction Z-Hop,0.2 mm,0.2,,mm,,,,,,,nozzle=0.6 mm,"2. Basic Parameters, Speed Settings and Retraction Settings",Retraction Z-Hop 0.2 mm,,new,,high,reader-r1-60,
R-RECREUS-FILAFLEX-Filaflex-95A,3,setting,nozzle_diameter,G039-40,Filaflex 95A,Nozzle 0.8 mm,0.8 mm,0.8,,mm,,,,,,,,"2. Basic Parameters, Speed Settings and Retraction Settings",Nozzle 0.8 mm,P1342,confirms,0.8 mm,high,reader-r1-60,
R-RECREUS-FILAFLEX-Filaflex-95A,3,setting,other,G039-40,Filaflex 95A,Layer Height,0.4 mm,0.4,,mm,,,,,,,nozzle=0.8 mm,"2. Basic Parameters, Speed Settings and Retraction Settings",Layer Height 0.4 mm,,new,,high,reader-r1-60,
R-RECREUS-FILAFLEX-Filaflex-95A,3,setting,other,G039-40,Filaflex 95A,Line Width,0.78 mm,0.78,,mm,,,,,,,nozzle=0.8 mm,"2. Basic Parameters, Speed Settings and Retraction Settings",Line Width 0.78 mm,,new,,high,reader-r1-60,
R-RECREUS-FILAFLEX-Filaflex-95A,3,setting,print_speed,G039-40,Filaflex 95A,Volumetric Speed (mm³/s),18.0 mm³/s,18.0,,mm³/s,,,,,,,nozzle=0.8 mm,"2. Basic Parameters, Speed Settings and Retraction Settings",Volumetric Speed (mm³/s) 18.0 mm³/s,,new,,high,reader-r1-60,
R-RECREUS-FILAFLEX-Filaflex-95A,3,setting,nozzle,G039-40,Filaflex 95A,Temperature,248 °C,248,,°C,,,,,,,nozzle=0.8 mm,"2. Basic Parameters, Speed Settings and Retraction Settings",Temperature 248 °C,P1342,confirms,248 °C,high,reader-r1-60,
R-RECREUS-FILAFLEX-Filaflex-95A,3,setting,print_speed,G039-40,Filaflex 95A,External Perimeter,50% - 28.85 mm/s,28.85,,mm/s,,,,,,,nozzle=0.8 mm; speed_percent=50%,"2. Basic Parameters, Speed Settings and Retraction Settings",External Perimeter 50% - 28.85 mm/s,,new,,high,reader-r1-60,
R-RECREUS-FILAFLEX-Filaflex-95A,3,setting,print_speed,G039-40,Filaflex 95A,Internal Perimeters,75% - 43.27 mm/s,43.27,,mm/s,,,,,,,nozzle=0.8 mm; speed_percent=75%,"2. Basic Parameters, Speed Settings and Retraction Settings",Internal Perimeters 75% - 43.27 mm/s,,new,,high,reader-r1-60,
R-RECREUS-FILAFLEX-Filaflex-95A,3,setting,print_speed,G039-40,Filaflex 95A,Infill,100% - 57.69 mm/s,57.69,,mm/s,,,,,,,nozzle=0.8 mm; speed_percent=100%,"2. Basic Parameters, Speed Settings and Retraction Settings",Infill 100% - 57.69 mm/s,,new,,high,reader-r1-60,
R-RECREUS-FILAFLEX-Filaflex-95A,3,setting,print_speed,G039-40,Filaflex 95A,Top/Bottom,60% - 34.62 mm/s,34.62,,mm/s,,,,,,,nozzle=0.8 mm; speed_percent=60%,"2. Basic Parameters, Speed Settings and Retraction Settings",Top/Bottom 60% - 34.62 mm/s,,new,,high,reader-r1-60,
R-RECREUS-FILAFLEX-Filaflex-95A,3,setting,print_speed,G039-40,Filaflex 95A,First Layer,30% - 17.31 mm/s,17.31,,mm/s,,,,,,,nozzle=0.8 mm; speed_percent=30%,"2. Basic Parameters, Speed Settings and Retraction Settings",First Layer 30% - 17.31 mm/s,,new,,high,reader-r1-60,
R-RECREUS-FILAFLEX-Filaflex-95A,3,setting,other,G039-40,Filaflex 95A,Retraction distance,2.0–3.0 mm,2.0,3.0,mm,,,,,,,nozzle=0.8 mm,"2. Basic Parameters, Speed Settings and Retraction Settings",Retraction distance 2.0–3.0 mm,,new,,high,reader-r1-60,
R-RECREUS-FILAFLEX-Filaflex-95A,3,setting,other,G039-40,Filaflex 95A,Retraction speed,40 mm/s,40,,mm/s,,,,,,,nozzle=0.8 mm,"2. Basic Parameters, Speed Settings and Retraction Settings",Retraction speed 40 mm/s,,new,,high,reader-r1-60,
R-RECREUS-FILAFLEX-Filaflex-95A,3,setting,other,G039-40,Filaflex 95A,Retraction Z-Hop,0.2 mm,0.2,,mm,,,,,,,nozzle=0.8 mm,"2. Basic Parameters, Speed Settings and Retraction Settings",Retraction Z-Hop 0.2 mm,,new,,high,reader-r1-60,
R-RECREUS-FILAFLEX-Filaflex-95A,3,setting,nozzle_diameter,G039-40,Filaflex 95A,Nozzle 1.0 mm,1.0 mm,1.0,,mm,,,,,,,,"2. Basic Parameters, Speed Settings and Retraction Settings",Nozzle 1.0 mm,P1343,confirms,1.0 mm,high,reader-r1-60,
R-RECREUS-FILAFLEX-Filaflex-95A,3,setting,other,G039-40,Filaflex 95A,Layer Height,0.5 mm,0.5,,mm,,,,,,,nozzle=1.0 mm,"2. Basic Parameters, Speed Settings and Retraction Settings",Layer Height 0.5 mm,,new,,high,reader-r1-60,
R-RECREUS-FILAFLEX-Filaflex-95A,3,setting,other,G039-40,Filaflex 95A,Line Width,0.98 mm,0.98,,mm,,,,,,,nozzle=1.0 mm,"2. Basic Parameters, Speed Settings and Retraction Settings",Line Width 0.98 mm,,new,,high,reader-r1-60,
R-RECREUS-FILAFLEX-Filaflex-95A,3,setting,print_speed,G039-40,Filaflex 95A,Volumetric Speed (mm³/s),28.1 mm³/s,28.1,,mm³/s,,,,,,,nozzle=1.0 mm,"2. Basic Parameters, Speed Settings and Retraction Settings",Volumetric Speed (mm³/s) 28.1 mm³/s,,new,,high,reader-r1-60,
R-RECREUS-FILAFLEX-Filaflex-95A,3,setting,nozzle,G039-40,Filaflex 95A,Temperature,250 °C,250,,°C,,,,,,,nozzle=1.0 mm,"2. Basic Parameters, Speed Settings and Retraction Settings",Temperature 250 °C,P1343,confirms,250 °C,high,reader-r1-60,
R-RECREUS-FILAFLEX-Filaflex-95A,3,setting,print_speed,G039-40,Filaflex 95A,External Perimeter,50% - 28.67 mm/s,28.67,,mm/s,,,,,,,nozzle=1.0 mm; speed_percent=50%,"2. Basic Parameters, Speed Settings and Retraction Settings",External Perimeter 50% - 28.67 mm/s,,new,,high,reader-r1-60,
R-RECREUS-FILAFLEX-Filaflex-95A,3,setting,print_speed,G039-40,Filaflex 95A,Internal Perimeters,75% - 43.01 mm/s,43.01,,mm/s,,,,,,,nozzle=1.0 mm; speed_percent=75%,"2. Basic Parameters, Speed Settings and Retraction Settings",Internal Perimeters 75% - 43.01 mm/s,,new,,high,reader-r1-60,
R-RECREUS-FILAFLEX-Filaflex-95A,3,setting,print_speed,G039-40,Filaflex 95A,Infill,100% - 57.35 mm/s,57.35,,mm/s,,,,,,,nozzle=1.0 mm; speed_percent=100%,"2. Basic Parameters, Speed Settings and Retraction Settings",Infill 100% - 57.35 mm/s,,new,,high,reader-r1-60,
R-RECREUS-FILAFLEX-Filaflex-95A,3,setting,print_speed,G039-40,Filaflex 95A,Top/Bottom,60% - 34.41 mm/s,34.41,,mm/s,,,,,,,nozzle=1.0 mm; speed_percent=60%,"2. Basic Parameters, Speed Settings and Retraction Settings",Top/Bottom 60% - 34.41 mm/s,,new,,high,reader-r1-60,
R-RECREUS-FILAFLEX-Filaflex-95A,3,setting,print_speed,G039-40,Filaflex 95A,First Layer,30% - 17.20 mm/s,17.20,,mm/s,,,,,,,nozzle=1.0 mm; speed_percent=30%,"2. Basic Parameters, Speed Settings and Retraction Settings",First Layer 30% - 17.20 mm/s,,new,,high,reader-r1-60,
R-RECREUS-FILAFLEX-Filaflex-95A,3,setting,other,G039-40,Filaflex 95A,Retraction distance,2.0–3.0 mm,2.0,3.0,mm,,,,,,,nozzle=1.0 mm,"2. Basic Parameters, Speed Settings and Retraction Settings",Retraction distance 2.0–3.0 mm,,new,,high,reader-r1-60,
R-RECREUS-FILAFLEX-Filaflex-95A,3,setting,other,G039-40,Filaflex 95A,Retraction speed,40 mm/s,40,,mm/s,,,,,,,nozzle=1.0 mm,"2. Basic Parameters, Speed Settings and Retraction Settings",Retraction speed 40 mm/s,,new,,high,reader-r1-60,
R-RECREUS-FILAFLEX-Filaflex-95A,3,setting,other,G039-40,Filaflex 95A,Retraction Z-Hop,0.2 mm,0.2,,mm,,,,,,,nozzle=1.0 mm,"2. Basic Parameters, Speed Settings and Retraction Settings",Retraction Z-Hop 0.2 mm,,new,,high,reader-r1-60,
R-RECREUS-FILAFLEX-Filaflex-95A,3,setting,bed,G039-40,Filaflex 95A,Small parts,Room temperature (no heating),,,,,,,,,,,3. Bed Temperature,Small parts Room temperature (no heating),P0684,confirms,Small parts Room temperature (no heating),high,reader-r1-60,
R-RECREUS-FILAFLEX-Filaflex-95A,3,setting,bed,G039-40,Filaflex 95A,Large parts,50–55 °C,50,55,°C,,,,,,,,3. Bed Temperature,Large parts 50–55 °C,P0684,confirms,Large parts 50–55 °C,high,reader-r1-60,
R-RECREUS-FILAFLEX-Filaflex-95A,4,setting,fan,G039-40,Filaflex 95A,General Fan,0% (always off),0,,%,,,,,,,,4. Cooling,General Fan 0% (always off),,new,,high,reader-r1-60,
R-RECREUS-FILAFLEX-Filaflex-95A,4,setting,fan,G039-40,Filaflex 95A,Force fan on overhangs/bridges,OFF,,,,,,,,,,,4. Cooling,Force fan on overhangs/bridges OFF,,new,,high,reader-r1-60,
R-RECREUS-FILAFLEX-Filaflex-95A,4,setting,fan,G039-40,Filaflex 95A,Layers < 20 seconds,50%,50,,%,,,,,,,,4. Cooling,Layers < 20 seconds 50%,,new,,high,reader-r1-60,
R-RECREUS-FILAFLEX-Filaflex-95A,4,setting,fan,G039-40,Filaflex 95A,First layer,0%,0,,%,,,,,,,,4. Cooling,First layer 0%,,new,,high,reader-r1-60,
R-RECREUS-FILAFLEX-Reciflex,1,identity,polymer,G039-42,RECIFLEX,Description,Thermoplastic Polyurethane elastomer,,,,,,,,,,,Description,Reciflex is a Thermoplastic Polyurethane elastomer made from 100% recycled sources,,new,,high,reader-r1-60,
R-RECREUS-FILAFLEX-Reciflex,1,value,Density,G039-42,RECIFLEX,Material density,1.00-1.22 g/cm³,1.00,1.22,g/cm³,=,,,,,ISO 1183,,Physical properties,Material density 1.00-1.22 g/cm3 ISO 1183,V007286,confirms,1.00-1.22 g/cm3,high,reader-r1-60,
R-RECREUS-FILAFLEX-Reciflex,1,value,Hardness,G039-42,RECIFLEX,Hardness,92-98 Shore A,92,98,Shore A,=,,,,,DIN 53505 – ISO 868,,Mechanical properties,Hardness 92-98 Shore A DIN 53505 – ISO 868,V007287,confirms,92-98 Shore A,high,reader-r1-60,
R-RECREUS-FILAFLEX-Reciflex,1,value,Tensile strength (endpoint unspecified),G039-42,RECIFLEX,Tensile strength,40-50 MPa,40,50,MPa,=,,,,,Recreus Test,,Mechanical properties,Tensile strength 40-50 MPa Recreus Test,V007288,confirms,40-50 MPa,high,reader-r1-60,page names the method 'Recreus Test'; held standard is Not published
R-RECREUS-FILAFLEX-Reciflex,1,value,Elongation at break,G039-42,RECIFLEX,Elongation at break,>400 %,400,,%,>,,,,,Recreus Test,,Mechanical properties,Elongation at break >400 % Recreus Test,V007289,mismatch,400 %,high,reader-r1-60,page prints a bound (>400); held row has 400 % (equal); method 'Recreus Test'
R-RECREUS-FILAFLEX-Reciflex,1,setting,nozzle,G039-42,RECIFLEX,Printing temperatures,220-235ºC,220,235,ºC,,,,,,,,Printing properties,Printing temperatures 220-235ºC,P0689,confirms,220-235°C,high,reader-r1-60,
R-RECREUS-FILAFLEX-Reciflex,1,setting,print_speed,G039-42,RECIFLEX,Printing speed,20-60 mm/s,20,60,mm/s,,,,,,,,Printing properties,Printing speed 20-60 mm/s,,new,,high,reader-r1-60,
R-RECREUS-FILAFLEX-Reciflex,1,setting,bed,G039-42,RECIFLEX,Hot-bed temperature,50-60ºC,50,60,ºC,,,,,,,,Printing properties,Hot-bed temperature 50-60ºC,P0689,confirms,50-60ºC,high,reader-r1-60,
R-RECREUS-FILAFLEX-Reciflex,1,setting,other,G039-42,RECIFLEX,Retractions,from 2-3 mm/s to 40 mm/s,,,,,,,,,,,Printing properties,Retractions from 2-3 mm/s to 40 mm/s,,new,,medium,reader-r1-60,sheet wording as printed (distance unit looks like a typo); not split into numbers
R-RECREUS-FILAFLEX-Reciflex,1,setting,other,G039-42,RECIFLEX,Lever arm pressure,Reduce the pressure of the lever arm that presses the filament onto the motor pulley,,,,,,,,,,,,Reduce the pressure of the lever arm that presses the filament onto the motor pulley to avoid clogging,,new,,high,reader-r1-60,extruder advice
R-ERYONE-PETG-GF-TDS,1,identity,polymer,G025-02,PETG-GF,Description,ERYONE PETG-GF filament is an enhanced PETG material,,,,,,,,,,,Technical Data Sheet (TDS),ERYONE PETG-GF filament is an enhanced PETG material,,new,,high,reader-r1-60-c,
R-ERYONE-PETG-GF-TDS,1,identity,filler,G025-02,PETG-GF,Description,10% glass fiber,10,,%,,,,,,,,Technical Data Sheet (TDS),It is important to note that this material contains 10% glass fiber.,,new,,high,reader-r1-60-c,
R-ERYONE-PETG-GF-TDS,1,context,all,,,Part I: Suggests Printing Parameters,,,,,,,,,,,,Part I: Suggests Printing Parameters,Part I: Suggests Printing Parameters | Parameter Set up,,new,,high,reader-r1-60-c,
R-ERYONE-PETG-GF-TDS,1,setting,nozzle,G025-02,PETG-GF,Nozzle temperature,250-280 ℃,250,280,℃,,,,,,,,Part I: Suggests Printing Parameters,Nozzle temperature | 250-280 ℃,P0168,confirms,250-280 °C,high,reader-r1-60-c,
R-ERYONE-PETG-GF-TDS,1,setting,bed,G025-02,PETG-GF,Bed temperature,60-70℃,60,70,℃,,,,,,,,Part I: Suggests Printing Parameters,Bed temperature | 60-70℃,P0168,confirms,60-70 °C,high,reader-r1-60-c,
R-ERYONE-PETG-GF-TDS,1,setting,plate,G025-02,PETG-GF,Bed material,"glass, PEI, spring steel plate",,,,,,,,,,,Part I: Suggests Printing Parameters,"Bed material | glass, PEI, spring steel plate",P0168,confirms,"Glass, PEI, spring steel plate",high,reader-r1-60-c,
R-ERYONE-PETG-GF-TDS,1,setting,other,G025-02,PETG-GF,Bottom printing temperature,250℃-280℃,250,280,℃,,,,,,,,Part I: Suggests Printing Parameters,Bottom printing temperature | 250℃-280℃,,new,,medium,reader-r1-60-c,label 'Bottom printing temperature' (first-layer temperature?) as printed; range equals the nozzle range
R-ERYONE-PETG-GF-TDS,1,setting,enclosure,G025-02,PETG-GF,Sealed printing,closed printing,,,,,,,,,,,Part I: Suggests Printing Parameters,Sealed printing | closed printing,P0168,confirms,Recommended: sealed / closed printing (TDS),high,reader-r1-60-c,
R-ERYONE-PETG-GF-TDS,1,setting,print_speed,G025-02,PETG-GF,Printing speed,30-150mm/s,30,150,mm/s,,,,,,,,Part I: Suggests Printing Parameters,Printing speed | 30-150mm/s,,new,,high,reader-r1-60-c,
R-ERYONE-PETG-GF-TDS,1,setting,drying,G025-02,PETG-GF,Drying conditions,"60℃-70℃, 4-8H",60,70,℃,,,,,,,hours=4-8,Part I: Suggests Printing Parameters,"Drying conditions | 60℃-70℃, 4-8H",P0168,confirms,"60-70 °C, 4-8 h",high,reader-r1-60-c,held typed fields are Drying °C 70 and Drying hours 8 (upper ends only)
R-ERYONE-PETG-GF-TDS,1,context,physical,,,Part II: Physical Properties of Materials,,,,,,,,,,,,Part II: Physical Properties of Materials,Part II: Physical Properties of Materials | Property Testing Method Unit Typical Value,,new,,high,reader-r1-60-c,no specimen or form stated for this table
R-ERYONE-PETG-GF-TDS,1,value,Density,G025-02,PETG-GF,Density(g/cm³ at 21.5 ° C),1.33,1.33,,g/cm³,=,,,,,"ASTM D792 (ISO 1183, GB/T 1033)",temp=21.5 ° C,Part II: Physical Properties of Materials,"Density(g/cm³ at 21.5 ° C) | ASTM D792 (ISO 1183, GB/T 1033) | g/cm³ | 1.33",V001967,confirms,1.33 g/cm³ at 21.5 °C,high,reader-r1-60-c,
R-ERYONE-PETG-GF-TDS,1,value,HDT,G025-02,PETG-GF,Heat distortion temperature(° C),80,80,,℃,=,,,,,ASTM D648 1.8MPa 0.45MPa,load=1.8MPa 0.45MPa (both printed in the method cell; one value),Part II: Physical Properties of Materials,Heat distortion temperature(° C) | ASTM D648 1.8MPa 0.45MPa | 80,V001968,confirms,80 °C,medium,reader-r1-60-c,the method cell lists both loads (1.8MPa and 0.45MPa) beside a single value 80; which load it belongs to is not stated
R-ERYONE-PETG-GF-TDS,1,value,Glass transition temperature,G025-02,PETG-GF,Glass transition temperature (° C),75,75,,℃,=,,,,,"DSC, 10 ° C/min",,Part II: Physical Properties of Materials,"Glass transition temperature (° C) | DSC, 10 ° C/min | 75",V001969,confirms,75 °C,high,reader-r1-60-c,
R-ERYONE-PETG-GF-TDS,1,value,Melt mass-flow rate,G025-02,PETG-GF,Melt Index(g/10 min),10,10,,g/10min,=,,,,,,"220 ° C, 10kg; 240 ° C, 2.16 kg",Part II: Physical Properties of Materials,"Melt Index(g/10 min) | 220 ° C, 10kg 240 ° C, 2.16 kg | g/10min | 10",,new,,medium,reader-r1-60-c,two test conditions printed beside one value 10; which condition it belongs to is not stated
R-ERYONE-PETG-GF-TDS,2,context,tensile,,,Part III: Mechanical Properties of Printed Samples,,,,,,,printed,,,,printing temperature=250 ° C; printing speed=80mm/s; base plate=60 ° C; filling=100%; nozzle diameter=0.4mm,Part III: Mechanical Properties of Printed Samples,"Part III: Mechanical Properties of Printed Samples | Note: All splines are printed under the following conditions: printing temperature=250 ° C, printing speed=80mm/s, base plate 60 ° C, filling=100%, nozzle diameter=0.4mm",,new,,high,reader-r1-60-c,note speaks for every row of the table (held page_context PC00179-81 state the same)
R-ERYONE-PETG-GF-TDS,2,value,Tensile strength (endpoint unspecified),G025-02,PETG-GF,Tensile strength X-Y,53.6,53.6,,MPa,=,X-Y,printed,,,GB/T 1040.4,speed=50mm/min,Part III: Mechanical Properties of Printed Samples,Tensile strength X-Y | 50mm/min | GB/T 1040.4 | MPa | 53.6,V001970,confirms,53.6 MPa,high,reader-r1-60-c,
R-ERYONE-PETG-GF-TDS,2,value,Tensile modulus,G025-02,PETG-GF,Elastic modulus X-Y,2334.5,2334.5,,MPa,=,X-Y,printed,,,GB/T 1040.1-2006,speed=50mm/min,Part III: Mechanical Properties of Printed Samples,Elastic modulus X-Y | 50mm/min | GB/T 1040.1-2006 | MPa | 2334.5,V001971,confirms,2334.5 MPa,high,reader-r1-60-c,
R-ERYONE-PETG-GF-TDS,2,value,Elongation at break,G025-02,PETG-GF,Elongation at break X-Y,1.9,1.9,,%,=,X-Y,printed,,,GB/T 1040.4,speed=50mm/min,Part III: Mechanical Properties of Printed Samples,Elongation at break X-Y | 50mm/min | GB/T 1040.4 | % | 1.9,V001972,confirms,1.9 %,high,reader-r1-60-c,
R-ERYONE-PETG-GF-TDS,2,value,Tensile strength (endpoint unspecified),G025-02,PETG-GF,Tensile strength X-Z,25.1,25.1,,MPa,=,X-Z,printed,,,GB/T 1843,speed=50mm/min,Part III: Mechanical Properties of Printed Samples,Tensile strength X-Z | 50mm/min | GB/T 1843 | MPa | 25.1,V001973,confirms,25.1 MPa,high,reader-r1-60-c,page prints GB/T 1843 (an impact standard) for this tensile row; the held row records GB/T 1040
R-ERYONE-PETG-GF-TDS,2,value,Tensile modulus,G025-02,PETG-GF,Elastic modulus X-Z,2109.7,2109.7,,MPa,=,X-Z,printed,,,GB/T 1040.1-2006,speed=50mm/min,Part III: Mechanical Properties of Printed Samples,Elastic modulus X-Z | 50mm/min | GB/T 1040.1-2006 | MPa | 2109.7,V001974,confirms,2109.7 MPa,high,reader-r1-60-c,
R-ERYONE-PETG-GF-TDS,2,value,Elongation at break,G025-02,PETG-GF,Elongation at break X-Z,1.7,1.7,,%,=,X-Z,printed,,,GB/T 1040.4,speed=50mm/min,Part III: Mechanical Properties of Printed Samples,Elongation at break X-Z | 50mm/min | GB/T 1040.4 | % | 1.7,V001975,confirms,1.7 %,high,reader-r1-60-c,
R-ERYONE-PETG-GF-TDS,2,value,Flexural strength,G025-02,PETG-GF,Bending strength,78.5,78.5,,MPa,=,,printed,,,GB/T 9341,speed=2mm/min,Part III: Mechanical Properties of Printed Samples,Bending strength | 2mm/min | GB/T 9341 | MPa | 78.5,V001976,confirms,78.5 MPa,high,reader-r1-60-c,
R-ERYONE-PETG-GF-TDS,2,value,Flexural modulus,G025-02,PETG-GF,Bending modulus,3027.5,3027.5,,MPa,=,,printed,,,GB/T 9341,speed=2mm/min,Part III: Mechanical Properties of Printed Samples,Bending modulus | 2mm/min | GB/T 9341 | MPa | 3027.5,V001977,confirms,3027.5 MPa,high,reader-r1-60-c,
R-ERYONE-PETG-GF-TDS,2,value,Charpy strength,G025-02,PETG-GF,Charpy Impact strenght,3.9,3.9,,kJ/m2,=,,printed,,,GB/T 1843,energy=2.75J,Part III: Mechanical Properties of Printed Samples,Charpy Impact strenght | 2.75J | GB/T 1843 | kJ/m2 | 3.9,,new,,high,reader-r1-60-c,test-conditions cell reads 2.75J (pendulum energy); notch not stated on this page (page 3 drawing shows a notched bar)
R-ERYONE-PETG-GF-TDS,2,setting,nozzle,G025-02,PETG-GF,Specimen printing temperature,250 ° C,250,,° C,,,printed,,,,,Part III: Mechanical Properties of Printed Samples,printing temperature=250 ° C,,new,,high,reader-r1-60-c,specimen print setting not a recommendation
R-ERYONE-PETG-GF-TDS,2,setting,print_speed,G025-02,PETG-GF,Specimen printing speed,80mm/s,80,,mm/s,,,printed,,,,,Part III: Mechanical Properties of Printed Samples,printing speed=80mm/s,,new,,high,reader-r1-60-c,specimen print setting not a recommendation
R-ERYONE-PETG-GF-TDS,2,setting,bed,G025-02,PETG-GF,Specimen base plate,60 ° C,60,,° C,,,printed,,,,,Part III: Mechanical Properties of Printed Samples,base plate 60 ° C,,new,,high,reader-r1-60-c,specimen print setting not a recommendation
R-ERYONE-PETG-GF-TDS,2,setting,nozzle_diameter,G025-02,PETG-GF,Specimen nozzle diameter,0.4mm,0.4,,mm,,,printed,,,,,Part III: Mechanical Properties of Printed Samples,nozzle diameter=0.4mm,,new,,high,reader-r1-60-c,specimen print setting not a recommendation
R-ERYONE-PETG-GF-TDS,2,setting,other,G025-02,PETG-GF,Specimen filling,filling=100%,100,,%,,,printed,,,,,Part III: Mechanical Properties of Printed Samples,filling=100%,,new,,high,reader-r1-60-c,specimen print setting not a recommendation
R-ERYONE-PETG-GF-TDS,3,context,tensile,,,TENSILE TESTING SPECIMEN,,,,,,,,,,ISO 527; GB/T 1040,,TENSILE TESTING SPECIMEN,"TENSILE TESTING SPECIMEN | ISO 527,GB/T 1040",,new,,high,reader-r1-60-c,drawing of the tensile bar (110/60/35/20/10/4 mm) and x-y axis / z axis orientations
R-ERYONE-PETG-GF-TDS,3,context,flexural,,,FLEXURAL TESTING SPECIMEN,,,,,,,,,,ISO 178; GB/T 9341,,FLEXURAL TESTING SPECIMEN,"FLEXURAL TESTING SPECIMEN | ISO 178,GB/T 9341",,new,,high,reader-r1-60-c,drawing of the flexural bar (80/60/10/4 mm); Z axis
R-ERYONE-PETG-GF-TDS,3,context,impact,,,IMPACT TESTING SPECIMEN,,,,,,,,,,ISO 179; GB/T 1043,notch=45.00° V-notch drawn,IMPACT TESTING SPECIMEN,"IMPACT TESTING SPECIMEN | ISO 179,GB/T 1043",,new,,high,reader-r1-60-c,drawing of the impact bar (80/10/4 mm) with a 45.00° notch; Z axis and impact direction
R-ERYONE-PETG-GF-TDS,4,none,,,,,,,,,,,,,,,,,Disclaimers,,new,,high,reader-r1-60-c,disclaimer text only
S-PCGF-ABS-Carbon-Fiber-TDS-Siddament,1,identity,polymer,G029-07,ABS Carbon Fiber,Title,ABS Carbon Fiber - Technical Datasheet,,,,,,,,,,,ABS Carbon Fiber - Technical Datasheet,ABS Carbon Fiber - Technical Datasheet,,new,,high,reader-r1-60-c,
S-PCGF-ABS-Carbon-Fiber-TDS-Siddament,1,setting,drying,G029-07,ABS Carbon Fiber,Precautions - Storage,"If damp, dry at 80°C for 2-4 hours.",80,,°C,,,,,,,hours=2-4,Precautions,"Storage: Store in a sealed, moisture-proof container. Damp environments may cause moisture absorption, leading to printing bubbles or reduced strength. If damp, dry at 80°C for 2-4 hours. Seal unused filament properly after use.",P1127,confirms,"If damp, dry at 80°C for 2-4 hours.",high,reader-r1-60-c,held typed fields are Drying °C 80 and Drying hours 4 (upper end of 2-4 only)
S-PCGF-ABS-Carbon-Fiber-TDS-Siddament,1,setting,other,G029-07,ABS Carbon Fiber,Precautions - Storage,Store in a sealed; moisture-proof container; seal unused filament properly after use,,,,,,,,,,,Precautions,"Storage: Store in a sealed, moisture-proof container.",,new,,high,reader-r1-60-c,
S-PCGF-ABS-Carbon-Fiber-TDS-Siddament,1,context,physical,,,Material Parameters,,,,,,,,,,,,Material Parameters,Material Parameters | Property Test Method Unit Typical Value,,new,,high,reader-r1-60-c,no specimen or form stated
S-PCGF-ABS-Carbon-Fiber-TDS-Siddament,1,value,Density,G029-07,ABS Carbon Fiber,Density,1.07,1.07,,g/cm3,=,,,,,ISO 1183,,Material Parameters,Density | ISO 1183 | g/cm3 | 1.07,V007869,confirms,1.07 g/cm3,high,reader-r1-60-c,
S-PCGF-ABS-Carbon-Fiber-TDS-Siddament,1,value,Water absorption,G029-07,ABS Carbon Fiber,Water Absorption (23°C/24h),<0.4,0.4,,%,<,,,,,ISO 62,temp=23°C; time=24h,Material Parameters,Water Absorption (23°C/24h) | ISO 62 | % | <0.4,V007870,mismatch,0.4 %,high,reader-r1-60-c,page prints a bound <0.4; held row records 0.4 without the bound
S-PCGF-ABS-Carbon-Fiber-TDS-Siddament,1,context,all,,,Mechanical Properties,,,,,,,,,,,,Mechanical Properties,Mechanical Properties | Property Test Method Unit Typical Value,,new,,high,reader-r1-60-c,no specimen or direction stated
S-PCGF-ABS-Carbon-Fiber-TDS-Siddament,1,value,Tensile strength (endpoint unspecified),G029-07,ABS Carbon Fiber,Tensile Strength,56,56,,MPa,=,,,,,ISO 527,,Mechanical Properties,Tensile Strength | ISO 527 | MPa | 56,V007871,confirms,56 MPa,high,reader-r1-60-c,
S-PCGF-ABS-Carbon-Fiber-TDS-Siddament,1,value,Elongation at break,G029-07,ABS Carbon Fiber,Elongation at Break,7,7,,%,=,,,,,ISO 527,,Mechanical Properties,Elongation at Break | ISO 527 | % | 7,V007872,confirms,7 %,high,reader-r1-60-c,
S-PCGF-ABS-Carbon-Fiber-TDS-Siddament,1,value,Flexural modulus,G029-07,ABS Carbon Fiber,Flexural Modulus,1985,1985,,MPa,=,,,,,ISO 178,,Mechanical Properties,Flexural Modulus | ISO 178 | MPa | 1985,V007873,confirms,1985 MPa,high,reader-r1-60-c,
S-PCGF-ABS-Carbon-Fiber-TDS-Siddament,1,value,Flexural strength,G029-07,ABS Carbon Fiber,Bending Strength,58,58,,MPa,=,,,,,ISO 178,,Mechanical Properties,Bending Strength | ISO 178 | MPa | 58,V007874,confirms,58 MPa,high,reader-r1-60-c,
S-PCGF-ABS-Carbon-Fiber-TDS-Siddament,1,value,Izod impact strength,G029-07,ABS Carbon Fiber,Notched Impact Strength,45,45,,kJ/m2,=,,,,,ISO 180,notch=notched,Mechanical Properties,Notched Impact Strength | ISO 180 | kJ/m2 | 45,V007875,confirms,45 kJ/m2,high,reader-r1-60-c,ISO 180 is the Izod method
S-PCGF-ABS-Carbon-Fiber-TDS-Siddament,1,value,HDT,G029-07,ABS Carbon Fiber,Heat Deflection Temperature,95,95,,°C,=,,,,,ISO 75,,Mechanical Properties,Heat Deflection Temperature | ISO 75 | °C | 95,V007876,confirms,95 °C,high,reader-r1-60-c,load not stated
S-PCGF-ABS-Carbon-Fiber-TDS-Siddament,2,context,all,,,Recommended Print Parameters,,,,,,,,,,,,Recommended Print Parameters,Recommended Print Parameters,,new,,high,reader-r1-60-c,
S-PCGF-ABS-Carbon-Fiber-TDS-Siddament,2,setting,nozzle,G029-07,ABS Carbon Fiber,Nozzle Temperature,240-260°C,240,260,°C,,,,,,,,Recommended Print Parameters,- Nozzle Temperature: 240-260°C,P1127,confirms,240-260°C,high,reader-r1-60-c,
S-PCGF-ABS-Carbon-Fiber-TDS-Siddament,2,setting,bed,G029-07,ABS Carbon Fiber,Print Bed Temperature,80-100°C,80,100,°C,,,,,,,,Recommended Print Parameters,- Print Bed Temperature: 80-100°C,P1127,confirms,80-100°C,high,reader-r1-60-c,
S-PCGF-ABS-Carbon-Fiber-TDS-Siddament,2,setting,plate,G029-07,ABS Carbon Fiber,Printing Platform,"Tempered Glass, PEI Board, Carbon Fiber Board",,,,,,,,,,,Recommended Print Parameters,"- Printing Platform: Tempered Glass, PEI Board, Carbon Fiber Board",,new,,high,reader-r1-60-c,
S-PCGF-ABS-Carbon-Fiber-TDS-Siddament,2,setting,nozzle_diameter,G029-07,ABS Carbon Fiber,Nozzle Diameter,0.2-0.6mm,0.2,0.6,mm,,,,,,,,Recommended Print Parameters,- Nozzle Diameter: 0.2-0.6mm,,new,,high,reader-r1-60-c,
S-PCGF-ABS-Carbon-Fiber-TDS-Siddament,2,setting,fan,G029-07,ABS Carbon Fiber,Model Cooling Fan,50-100%,50,100,%,,,,,,,,Recommended Print Parameters,- Model Cooling Fan: 50-100%,,new,,high,reader-r1-60-c,
S-PCGF-ABS-Carbon-Fiber-TDS-Siddament,2,setting,other,G029-07,ABS Carbon Fiber,Layer Height,0.12-0.3mm,0.12,0.3,mm,,,,,,,,Recommended Print Parameters,- Layer Height: 0.12-0.3mm,,new,,high,reader-r1-60-c,
S-PCGF-ABS-Carbon-Fiber-TDS-Siddament,2,setting,print_speed,G029-07,ABS Carbon Fiber,Printing Speed,50-200mm/s,50,200,mm/s,,,,,,,,Recommended Print Parameters,- Printing Speed: 50-200mm/s,,new,,high,reader-r1-60-c,
S-PCGF-ABS-Carbon-Fiber-TDS-Siddament,2,setting,other,G029-07,ABS Carbon Fiber,Retraction Length,0.8-1.2mm,0.8,1.2,mm,,,,,,,,Recommended Print Parameters,- Retraction Length: 0.8-1.2mm,,new,,high,reader-r1-60-c,
S-PCGF-ABS-Carbon-Fiber-TDS-Siddament,2,setting,other,G029-07,ABS Carbon Fiber,Retraction Speed,30-40mm/s,30,40,mm/s,,,,,,,,Recommended Print Parameters,- Retraction Speed: 30-40mm/s,,new,,high,reader-r1-60-c,
S-PCGF-ABS-Carbon-Fiber-TDS-Siddament,2,setting,other,G029-07,ABS Carbon Fiber,Supporting Material,"Self-supporting, PVA",,,,,,,,,,,Recommended Print Parameters,"- Supporting Material: Self-supporting, PVA",,new,,high,reader-r1-60-c,
S-PCGF-ABS-Carbon-Fiber-TDS-Siddament,2,setting,enclosure,G029-07,ABS Carbon Fiber,Seal the Box,Yes,,,,,,,,,,,Recommended Print Parameters,- Seal the Box: Yes,P1127,confirms,Seal the Box: Yes,high,reader-r1-60-c,
S-PCGF-ABS-TDS-Siddament,1,identity,polymer,G027-31,ABS,Title,ABS Filament - Technical Datasheet,,,,,,,,,,,ABS Filament - Technical Datasheet,ABS Filament - Technical Datasheet,,new,,high,reader-r1-60-c,
S-PCGF-ABS-TDS-Siddament,1,setting,drying,G027-31,ABS,Precautions - Storage,"If damp, dry at 80°C for 2-4 hours.",80,,°C,,,,,,,hours=2-4,Precautions,"Storage: Store in a sealed, moisture-proof container. Damp environments may cause moisture absorption, leading to printing bubbles or reduced strength. If damp, dry at 80°C for 2-4 hours. Seal unused filament properly after use.",P1121,confirms,"If damp, dry at 80°C for 2-4 hours.",high,reader-r1-60-c,held typed fields are Drying °C 80 and Drying hours 4 (upper end of 2-4 only)
S-PCGF-ABS-TDS-Siddament,1,setting,other,G027-31,ABS,Precautions - Storage,Store in a sealed; moisture-proof container; seal unused filament properly after use,,,,,,,,,,,Precautions,"Storage: Store in a sealed, moisture-proof container.",,new,,high,reader-r1-60-c,
S-PCGF-ABS-TDS-Siddament,1,context,physical,,,Material Parameters,,,,,,,,,,,,Material Parameters,Material Parameters | Property Test Method Unit Typical Value,,new,,high,reader-r1-60-c,no specimen or form stated
S-PCGF-ABS-TDS-Siddament,1,value,Density,G027-31,ABS,Density,1.08,1.08,,g/cm3,=,,,,,ISO 1183,,Material Parameters,Density | ISO 1183 | g/cm3 | 1.08,V007987,confirms,1.08 g/cm3,high,reader-r1-60-c,
S-PCGF-ABS-TDS-Siddament,1,value,Water absorption,G027-31,ABS,Water Absorption (23°C/24h),<0.4,0.4,,%,<,,,,,ISO 62,temp=23°C; time=24h,Material Parameters,Water Absorption (23°C/24h) | ISO 62 | % | <0.4,V007988,mismatch,0.4 %,high,reader-r1-60-c,page prints a bound <0.4; held row records 0.4 without the bound
S-PCGF-ABS-TDS-Siddament,1,context,all,,,Mechanical Properties,,,,,,,,,,,,Mechanical Properties,Mechanical Properties | Property Test Method Unit Typical Value,,new,,high,reader-r1-60-c,no specimen or direction stated
S-PCGF-ABS-TDS-Siddament,1,value,Tensile strength (endpoint unspecified),G027-31,ABS,Tensile Strength,42,42,,MPa,=,,,,,ISO 527,,Mechanical Properties,Tensile Strength | ISO 527 | MPa | 42,V007989,confirms,42 MPa,high,reader-r1-60-c,
S-PCGF-ABS-TDS-Siddament,1,value,Elongation at break,G027-31,ABS,Elongation at Break,7.8,7.8,,%,=,,,,,ISO 527,,Mechanical Properties,Elongation at Break | ISO 527 | % | 7.8,V007990,confirms,7.8 %,high,reader-r1-60-c,
S-PCGF-ABS-TDS-Siddament,1,value,Flexural modulus,G027-31,ABS,Flexural Modulus,1829,1829,,MPa,=,,,,,ISO 178,,Mechanical Properties,Flexural Modulus | ISO 178 | MPa | 1829,V007991,confirms,1829 MPa,high,reader-r1-60-c,
S-PCGF-ABS-TDS-Siddament,1,value,Flexural strength,G027-31,ABS,Bending Strength,55,55,,MPa,=,,,,,ISO 178,,Mechanical Properties,Bending Strength | ISO 178 | MPa | 55,V007992,confirms,55 MPa,high,reader-r1-60-c,
S-PCGF-ABS-TDS-Siddament,1,value,Izod impact strength,G027-31,ABS,Notched Impact Strength,25,25,,kJ/m2,=,,,,,ISO 180,notch=notched,Mechanical Properties,Notched Impact Strength | ISO 180 | kJ/m2 | 25,V007993,confirms,25 kJ/m2,high,reader-r1-60-c,ISO 180 is the Izod method
S-PCGF-ABS-TDS-Siddament,1,value,HDT,G027-31,ABS,Heat Deflection Temperature,95,95,,°C,=,,,,,ISO 75,,Mechanical Properties,Heat Deflection Temperature | ISO 75 | °C | 95,V007994,confirms,95 °C,high,reader-r1-60-c,load not stated
S-PCGF-ABS-TDS-Siddament,2,context,all,,,Recommended Print Parameters,,,,,,,,,,,,Recommended Print Parameters,Recommended Print Parameters,,new,,high,reader-r1-60-c,
S-PCGF-ABS-TDS-Siddament,2,setting,nozzle,G027-31,ABS,Nozzle Temperature,240-260°C,240,260,°C,,,,,,,,Recommended Print Parameters,- Nozzle Temperature: 240-260°C,P1121,confirms,240-260°C,high,reader-r1-60-c,
S-PCGF-ABS-TDS-Siddament,2,setting,bed,G027-31,ABS,Print Bed Temperature,80-100°C,80,100,°C,,,,,,,,Recommended Print Parameters,- Print Bed Temperature: 80-100°C,P1121,confirms,80-100°C,high,reader-r1-60-c,
S-PCGF-ABS-TDS-Siddament,2,setting,plate,G027-31,ABS,Printing Platform,"Tempered Glass, PEI Board, Carbon Fiber Board",,,,,,,,,,,Recommended Print Parameters,"- Printing Platform: Tempered Glass, PEI Board, Carbon Fiber Board",,new,,high,reader-r1-60-c,
S-PCGF-ABS-TDS-Siddament,2,setting,nozzle_diameter,G027-31,ABS,Nozzle Diameter,0.2-0.6mm,0.2,0.6,mm,,,,,,,,Recommended Print Parameters,- Nozzle Diameter: 0.2-0.6mm,,new,,high,reader-r1-60-c,
S-PCGF-ABS-TDS-Siddament,2,setting,fan,G027-31,ABS,Model Cooling Fan,50-100%,50,100,%,,,,,,,,Recommended Print Parameters,- Model Cooling Fan: 50-100%,,new,,high,reader-r1-60-c,
S-PCGF-ABS-TDS-Siddament,2,setting,other,G027-31,ABS,Layer Height,0.12-0.3mm,0.12,0.3,mm,,,,,,,,Recommended Print Parameters,- Layer Height: 0.12-0.3mm,,new,,high,reader-r1-60-c,
S-PCGF-ABS-TDS-Siddament,2,setting,print_speed,G027-31,ABS,Printing Speed,50-200mm/s,50,200,mm/s,,,,,,,,Recommended Print Parameters,- Printing Speed: 50-200mm/s,,new,,high,reader-r1-60-c,
S-PCGF-ABS-TDS-Siddament,2,setting,other,G027-31,ABS,Retraction Length,0.8-1.2mm,0.8,1.2,mm,,,,,,,,Recommended Print Parameters,- Retraction Length: 0.8-1.2mm,,new,,high,reader-r1-60-c,
S-PCGF-ABS-TDS-Siddament,2,setting,other,G027-31,ABS,Retraction Speed,30-40mm/s,30,40,mm/s,,,,,,,,Recommended Print Parameters,- Retraction Speed: 30-40mm/s,,new,,high,reader-r1-60-c,
S-PCGF-ABS-TDS-Siddament,2,setting,other,G027-31,ABS,Supporting Material,"Self-supporting, PVA",,,,,,,,,,,Recommended Print Parameters,"- Supporting Material: Self-supporting, PVA",,new,,high,reader-r1-60-c,
S-PCGF-ABS-TDS-Siddament,2,setting,enclosure,G027-31,ABS,Seal the Box,Yes,,,,,,,,,,,Recommended Print Parameters,- Seal the Box: Yes,P1121,confirms,Seal the Box: Yes,high,reader-r1-60-c,
S-PCGF-ASA-Carbon-Fiber-TDS-Siddament,1,identity,polymer,G033-13,ASA Carbon Fiber,Title,ASA Carbon Fiber - Technical Datasheet,,,,,,,,,,,ASA Carbon Fiber - Technical Datasheet,ASA Carbon Fiber - Technical Datasheet,,new,,high,reader-r1-60-c,
S-PCGF-ASA-Carbon-Fiber-TDS-Siddament,1,setting,drying,G033-13,ASA Carbon Fiber,Precautions - Storage,"If damp, dry at 80°C for 2-4 hours.",80,,°C,,,,,,,hours=2-4,Precautions,"Storage: Store in a sealed, moisture-proof container. Damp environments may cause moisture absorption, leading to printing bubbles or reduced strength. If damp, dry at 80°C for 2-4 hours. Seal unused filament properly after use.",P1132,confirms,"If damp, dry at 80°C for 2-4 hours.",high,reader-r1-60-c,held typed fields are Drying °C 80 and Drying hours 4 (upper end of 2-4 only)
S-PCGF-ASA-Carbon-Fiber-TDS-Siddament,1,setting,other,G033-13,ASA Carbon Fiber,Precautions - Storage,Store in a sealed; moisture-proof container; seal unused filament properly after use,,,,,,,,,,,Precautions,"Storage: Store in a sealed, moisture-proof container.",,new,,high,reader-r1-60-c,
S-PCGF-ASA-Carbon-Fiber-TDS-Siddament,1,context,physical,,,Material Parameters,,,,,,,,,,,,Material Parameters,Material Parameters | Property Test Method Unit Typical Value,,new,,high,reader-r1-60-c,no specimen or form stated
S-PCGF-ASA-Carbon-Fiber-TDS-Siddament,1,value,Density,G033-13,ASA Carbon Fiber,Density,1.08,1.08,,g/cm3,=,,,,,ISO 1183,,Material Parameters,Density | ISO 1183 | g/cm3 | 1.08,V007979,confirms,1.08 g/cm3,high,reader-r1-60-c,
S-PCGF-ASA-Carbon-Fiber-TDS-Siddament,1,value,Water absorption,G033-13,ASA Carbon Fiber,Water Absorption (23°C/24h),<0.4,0.4,,%,<,,,,,ISO 62,temp=23°C; time=24h,Material Parameters,Water Absorption (23°C/24h) | ISO 62 | % | <0.4,V007980,mismatch,0.4 %,high,reader-r1-60-c,page prints a bound <0.4; held row records 0.4 without the bound
S-PCGF-ASA-Carbon-Fiber-TDS-Siddament,1,context,all,,,Mechanical Properties,,,,,,,,,,,,Mechanical Properties,Mechanical Properties | Property Test Method Unit Typical Value,,new,,high,reader-r1-60-c,no specimen or direction stated
S-PCGF-ASA-Carbon-Fiber-TDS-Siddament,1,value,Tensile strength (endpoint unspecified),G033-13,ASA Carbon Fiber,Tensile Strength,53,53,,MPa,=,,,,,ISO 527,,Mechanical Properties,Tensile Strength | ISO 527 | MPa | 53,V007981,confirms,53 MPa,high,reader-r1-60-c,
S-PCGF-ASA-Carbon-Fiber-TDS-Siddament,1,value,Elongation at break,G033-13,ASA Carbon Fiber,Elongation at Break,18,18,,%,=,,,,,ISO 527,,Mechanical Properties,Elongation at Break | ISO 527 | % | 18,V007982,confirms,18 %,high,reader-r1-60-c,
S-PCGF-ASA-Carbon-Fiber-TDS-Siddament,1,value,Flexural modulus,G033-13,ASA Carbon Fiber,Flexural Modulus,2056,2056,,MPa,=,,,,,ISO 178,,Mechanical Properties,Flexural Modulus | ISO 178 | MPa | 2056,V007983,confirms,2056 MPa,high,reader-r1-60-c,
S-PCGF-ASA-Carbon-Fiber-TDS-Siddament,1,value,Flexural strength,G033-13,ASA Carbon Fiber,Bending Strength,71,71,,MPa,=,,,,,ISO 178,,Mechanical Properties,Bending Strength | ISO 178 | MPa | 71,V007984,confirms,71 MPa,high,reader-r1-60-c,
S-PCGF-ASA-Carbon-Fiber-TDS-Siddament,1,value,Izod impact strength,G033-13,ASA Carbon Fiber,Notched Impact Strength,65,65,,kJ/m2,=,,,,,ISO 180,notch=notched,Mechanical Properties,Notched Impact Strength | ISO 180 | kJ/m2 | 65,V007985,confirms,65 kJ/m2,high,reader-r1-60-c,ISO 180 is the Izod method
S-PCGF-ASA-Carbon-Fiber-TDS-Siddament,1,value,HDT,G033-13,ASA Carbon Fiber,Heat Deflection Temperature,96,96,,°C,=,,,,,ISO 75,,Mechanical Properties,Heat Deflection Temperature | ISO 75 | °C | 96,V007986,confirms,96 °C,high,reader-r1-60-c,load not stated
S-PCGF-ASA-Carbon-Fiber-TDS-Siddament,2,context,all,,,Recommended Print Parameters,,,,,,,,,,,,Recommended Print Parameters,Recommended Print Parameters,,new,,high,reader-r1-60-c,
S-PCGF-ASA-Carbon-Fiber-TDS-Siddament,2,setting,nozzle,G033-13,ASA Carbon Fiber,Nozzle Temperature,250-270°C,250,270,°C,,,,,,,,Recommended Print Parameters,- Nozzle Temperature: 250-270°C,P1132,confirms,250-270°C,high,reader-r1-60-c,
S-PCGF-ASA-Carbon-Fiber-TDS-Siddament,2,setting,bed,G033-13,ASA Carbon Fiber,Print Bed Temperature,80-100°C,80,100,°C,,,,,,,,Recommended Print Parameters,- Print Bed Temperature: 80-100°C,P1132,confirms,80-100°C,high,reader-r1-60-c,
S-PCGF-ASA-Carbon-Fiber-TDS-Siddament,2,setting,plate,G033-13,ASA Carbon Fiber,Printing Platform,"Tempered Glass, PEI Board, Carbon Fiber Board",,,,,,,,,,,Recommended Print Parameters,"- Printing Platform: Tempered Glass, PEI Board, Carbon Fiber Board",,new,,high,reader-r1-60-c,
S-PCGF-ASA-Carbon-Fiber-TDS-Siddament,2,setting,nozzle_diameter,G033-13,ASA Carbon Fiber,Nozzle Diameter,0.2-0.6mm,0.2,0.6,mm,,,,,,,,Recommended Print Parameters,- Nozzle Diameter: 0.2-0.6mm,,new,,high,reader-r1-60-c,
S-PCGF-ASA-Carbon-Fiber-TDS-Siddament,2,setting,fan,G033-13,ASA Carbon Fiber,Model Cooling Fan,50-100%,50,100,%,,,,,,,,Recommended Print Parameters,- Model Cooling Fan: 50-100%,,new,,high,reader-r1-60-c,
S-PCGF-ASA-Carbon-Fiber-TDS-Siddament,2,setting,other,G033-13,ASA Carbon Fiber,Layer Height,0.12-0.3mm,0.12,0.3,mm,,,,,,,,Recommended Print Parameters,- Layer Height: 0.12-0.3mm,,new,,high,reader-r1-60-c,
S-PCGF-ASA-Carbon-Fiber-TDS-Siddament,2,setting,print_speed,G033-13,ASA Carbon Fiber,Printing Speed,50-200mm/s,50,200,mm/s,,,,,,,,Recommended Print Parameters,- Printing Speed: 50-200mm/s,,new,,high,reader-r1-60-c,
S-PCGF-ASA-Carbon-Fiber-TDS-Siddament,2,setting,other,G033-13,ASA Carbon Fiber,Retraction Length,0.8-1.2mm,0.8,1.2,mm,,,,,,,,Recommended Print Parameters,- Retraction Length: 0.8-1.2mm,,new,,high,reader-r1-60-c,
S-PCGF-ASA-Carbon-Fiber-TDS-Siddament,2,setting,other,G033-13,ASA Carbon Fiber,Retraction Speed,30-40mm/s,30,40,mm/s,,,,,,,,Recommended Print Parameters,- Retraction Speed: 30-40mm/s,,new,,high,reader-r1-60-c,
S-PCGF-ASA-Carbon-Fiber-TDS-Siddament,2,setting,other,G033-13,ASA Carbon Fiber,Supporting Material,"Self-supporting, PVA",,,,,,,,,,,Recommended Print Parameters,"- Supporting Material: Self-supporting, PVA",,new,,high,reader-r1-60-c,
S-PCGF-ASA-Carbon-Fiber-TDS-Siddament,2,setting,enclosure,G033-13,ASA Carbon Fiber,Seal the Box,Yes,,,,,,,,,,,Recommended Print Parameters,- Seal the Box: Yes,P1132,confirms,Seal the Box: Yes,high,reader-r1-60-c,
S-PCGF-ASA-TDS,1,identity,polymer,G033-17,ASA CF,Description,ASA-CF is an FFF 3D printing filament produced with an ASA modified material containing carbon fiber.,,,,,,,,,,,ASA CF Technical Data Sheet,ASA-CF is an FFF 3D printing filament produced with an ASA modified material containing carbon fiber.,,new,,high,reader-r1-60-c,carbon fiber content not stated
S-PCGF-ASA-TDS,1,setting,drying,G033-17,ASA CF,Drying before printing,It is recommended to dry the filament in a dryer at 80°C for at least 5 hours,80,,°C,,,,,,,hours=5,ASA CF Technical Data Sheet,It is recommended to dry the filament in a dryer at 80°C for at least 5 hours to ensure the success rate and quality of the printed model.,P1133,confirms,It is recommended to dry the filament in a dryer at 80°C for at least 5 hours,high,reader-r1-60-c,at least 5 hours (lower bound)
S-PCGF-ASA-TDS,1,setting,other,G033-17,ASA CF,Post-print drying (annealing),dry it in a dryer at 80~100°C for 1~3 hours to increase the strength of the model,80,100,°C,,,,,,,hours=1-3,ASA CF Technical Data Sheet,"After the model is printed, it is recommended to dry it in a dryer at 80~100°C for 1~3 hours to increase the strength of the model.",,new,,high,reader-r1-60-c,post-print treatment of the printed model
S-PCGF-ASA-TDS,1,setting,other,G033-17,ASA CF,Support material,"If using ASA-CF as its own support material, remove the support structure after the model has cooled",,,,,,,,,,,ASA CF Technical Data Sheet,"If using ASA-CF as its own support material, remove the support structure after the model has cooled.",,new,,high,reader-r1-60-c,
S-PCGF-ASA-TDS,1,context,physical,,,Physical Properties,,,,,,,,,,,,Physical Properties,Physical Properties | Test Means,,new,,high,reader-r1-60-c,no specimen stated in this table (page 2 gives test-sample printing conditions)
S-PCGF-ASA-TDS,1,value,Density,G033-17,ASA CF,Density,1.09~1.10,1.09,1.10,g/cm3,=,,,,,ISO 1183,,Physical Properties,Density | ISO 1183 | g/cm3 | 1.09~1.10,,new,,high,reader-r1-60-c,
S-PCGF-ASA-TDS,1,value,Melt mass-flow rate,G033-17,ASA CF,MFR(250℃/2.16Kg),4~7,4,7,g/10min,=,,,,,ISO 1133,temp=250℃; load=2.16Kg,Physical Properties,MFR(250℃/2.16Kg) | ISO 1133 | g/10min | 4~7,V010671,confirms,4-7 g/10min,high,reader-r1-60-c,
S-PCGF-ASA-TDS,1,value,Water absorption,G033-17,ASA CF,Moisture Absorption(23℃/24h),<0.5,0.5,,%,<,,,,,ISO 62,temp=23℃; time=24h,Physical Properties,Moisture Absorption(23℃/24h) | ISO 62 | % | <0.5,,new,,medium,reader-r1-60-c,image shows a < sign (full-width); the text layer shows <= 0.5 – the image was followed
S-PCGF-ASA-TDS,1,context,all,,,Mechanical Properties,,,,,,,,,,,,Mechanical Properties,Mechanical Properties,,new,,high,reader-r1-60-c,no specimen or direction stated in the table
S-PCGF-ASA-TDS,1,value,Tensile strength (endpoint unspecified),G033-17,ASA CF,Tensile strength,39~42,39,42,Mpa,=,,,,,ISO 527,,Mechanical Properties,Tensile strength | ISO 527 | Mpa | 39~42,V010672,confirms,39-42 Mpa,high,reader-r1-60-c,
S-PCGF-ASA-TDS,1,value,Elongation at break,G033-17,ASA CF,Elongation at break,15.5~17.5,15.5,17.5,%,=,,,,,ISO 527,,Mechanical Properties,Elongation at break | ISO 527 | % | 15.5~17.5,,new,,high,reader-r1-60-c,
S-PCGF-ASA-TDS,1,value,Flexural modulus,G033-17,ASA CF,Flexural Modulus,850~900,850,900,Mpa,=,,,,,ISO 527,,Mechanical Properties,Flexural Modulus | ISO 527 | Mpa | 850~900,V010673,confirms,850-900 Mpa,high,reader-r1-60-c,the standard printed for the flexural modulus row is ISO 527 (a tensile standard)
S-PCGF-ASA-TDS,1,value,Flexural strength,G033-17,ASA CF,Flexural Strength,80~82.5,80,82.5,Mpa,=,,,,,ISO178,,Mechanical Properties,Flexural Strength | ISO178 | Mpa | 80~82.5,V010674,confirms,80-82.5 Mpa,high,reader-r1-60-c,
S-PCGF-ASA-TDS,1,value,Impact strength,G033-17,ASA CF,Impact Strength,10.5~12,10.5,12,KJ/m²,=,,,,,ISO180,,Mechanical Properties,Impact Strength | ISO180 | KJ/m² | 10.5~12,,new,,medium,reader-r1-60-c,ISO 180 is the Izod method; notch not stated in the row (page 2 drawing shows a 45° notch)
S-PCGF-ASA-TDS,1,context,thermal,,,Thermodynamic Properties,,,,,,,,,,,,Thermodynamic Properties,Thermodynamic Properties,,new,,high,reader-r1-60-c,
S-PCGF-ASA-TDS,1,value,HDT,G033-17,ASA CF,HDT@ 0.455 MPa(66 psi),88,88,,℃,=,,,,,ISO75,load=0.455 MPa (66 psi),Thermodynamic Properties,HDT@ 0.455 MPa(66 psi) | ISO75 | ℃ | 88,,new,,high,reader-r1-60-c,
S-PCGF-ASA-TDS,1,value,Continuous service temperature,G033-17,ASA CF,Continuous Use Temperature,85,85,,℃,=,,,,,IEC 60216,,Thermodynamic Properties,Continuous Use Temperature | IEC 60216 | ℃ | 85,,new,,high,reader-r1-60-c,
S-PCGF-ASA-TDS,2,context,all,,,Test Sample Printing Conditions,,,,,,,printed,,,,printer=Guider IIS (Flashforge); nozzle_diameter=0.4mm; nozzle_temp=270 °C; speed=50mm/s; layer=1.2mm; infill=100%,Test Sample Printing Conditions,Test Sample Printing Conditions: | 3D Printer Guider IIS （Flashforge） | Standard Printed Sample See blew attachment,,new,,high,reader-r1-60-c,conditions of the printed test samples (the table is on page 2; the property table is on page 1)
S-PCGF-ASA-TDS,2,setting,nozzle,G033-17,ASA CF,Test sample Nozzle Temperature,270 °C,270,,°C,,,printed,,,,,Test Sample Printing Conditions,Nozzle Temperature | 270 °C,,new,,high,reader-r1-60-c,specimen print setting not a recommendation
S-PCGF-ASA-TDS,2,setting,nozzle_diameter,G033-17,ASA CF,Test sample Nozzle Diameter,0.4mm,0.4,,mm,,,printed,,,,,Test Sample Printing Conditions,Nozzle Diameter | 0.4mm,,new,,high,reader-r1-60-c,specimen print setting not a recommendation
S-PCGF-ASA-TDS,2,setting,print_speed,G033-17,ASA CF,Test sample Printing Speed,50mm/s,50,,mm/s,,,printed,,,,,Test Sample Printing Conditions,Printing Speed | 50mm/s,,new,,high,reader-r1-60-c,specimen print setting not a recommendation
S-PCGF-ASA-TDS,2,setting,other,G033-17,ASA CF,Test sample Layer,1.2mm,1.2,,mm,,,printed,,,,,Test Sample Printing Conditions,Layer | 1.2mm,,new,,medium,reader-r1-60-c,printed as 1.2mm (layer height value looks large; copied as printed); specimen print setting
S-PCGF-ASA-TDS,2,setting,other,G033-17,ASA CF,Test sample Infill,100%,100,,%,,,printed,,,,,Test Sample Printing Conditions,Infill | 100%,,new,,high,reader-r1-60-c,specimen print setting not a recommendation
S-PCGF-ASA-TDS,2,context,tensile,,,Tensile testing specimen,,,,,,,,,,ASTM D638 (ISO 527; GB/T 1040),,Test Sample Printing Conditions,"Tensile testing specimen; ASTM D638 (ISO 527, GB/T 1040)",,new,,high,reader-r1-60-c,drawing (150/114/80/20/10/4 mm; Z axis)
S-PCGF-ASA-TDS,2,context,flexural,,,Flexural testing specimen,,,,,,,,,,ASTM D790 (ISO 178; GB/T 9341),,Test Sample Printing Conditions,"Flexural testing specimen; ASTMD790 (ISO 178, GB/T 9341)",,new,,high,reader-r1-60-c,drawing (80/60/10/4 mm; Z axis)
S-PCGF-ASA-TDS,2,context,impact,,,Impact testing specimen,,,,,,,,,,ASTM D256 (ISO 179; GB/T 1043),notch=45.00° V-notch drawn,Test Sample Printing Conditions,"Impact testing specimen; ASTM D256 (ISO 179, GB/T 1043)",,new,,high,reader-r1-60-c,drawing (80/10/4 mm; 45.00° notch; Z axis; impact direction)
S-PCGF-ASA-TDS-Siddament,1,identity,polymer,G031-24,ASA,Title,ASA Filament - Technical Datasheet,,,,,,,,,,,ASA Filament - Technical Datasheet,ASA Filament - Technical Datasheet,,new,,high,reader-r1-60-c,
S-PCGF-ASA-TDS-Siddament,1,setting,drying,G031-24,ASA,Precautions - Storage,"If damp, dry at 80°C for 2-4 hours.",80,,°C,,,,,,,hours=2-4,Precautions,"Storage: Store in a sealed, moisture-proof container. Damp environments may cause moisture absorption, leading to printing bubbles or reduced strength. If damp, dry at 80°C for 2-4 hours. Seal unused filament properly after use.",P1128,confirms,"If damp, dry at 80°C for 2-4 hours.",high,reader-r1-60-c,held typed fields are Drying °C 80 and Drying hours 4 (upper end of 2-4 only)
S-PCGF-ASA-TDS-Siddament,1,setting,other,G031-24,ASA,Precautions - Storage,Store in a sealed; moisture-proof container; seal unused filament properly after use,,,,,,,,,,,Precautions,"Storage: Store in a sealed, moisture-proof container.",,new,,high,reader-r1-60-c,
S-PCGF-ASA-TDS-Siddament,1,context,physical,,,Material Parameters,,,,,,,,,,,,Material Parameters,Material Parameters | Property Test Method Unit Typical Value,,new,,high,reader-r1-60-c,no specimen or form stated
S-PCGF-ASA-TDS-Siddament,1,value,Density,G031-24,ASA,Density,1.1,1.1,,g/cm3,=,,,,,ISO 1183,,Material Parameters,Density | ISO 1183 | g/cm3 | 1.1,V008011,confirms,1.1 g/cm3,high,reader-r1-60-c,
S-PCGF-ASA-TDS-Siddament,1,value,Water absorption,G031-24,ASA,Water Absorption (23°C/24h),<0.4,0.4,,%,<,,,,,ISO 62,temp=23°C; time=24h,Material Parameters,Water Absorption (23°C/24h) | ISO 62 | % | <0.4,V008012,mismatch,0.4 %,high,reader-r1-60-c,page prints a bound <0.4; held row records 0.4 without the bound
S-PCGF-ASA-TDS-Siddament,1,context,all,,,Mechanical Properties,,,,,,,,,,,,Mechanical Properties,Mechanical Properties | Property Test Method Unit Typical Value,,new,,high,reader-r1-60-c,no specimen or direction stated
S-PCGF-ASA-TDS-Siddament,1,value,Tensile strength (endpoint unspecified),G031-24,ASA,Tensile Strength,52,52,,MPa,=,,,,,ISO 527,,Mechanical Properties,Tensile Strength | ISO 527 | MPa | 52,V008013,confirms,52 MPa,high,reader-r1-60-c,
S-PCGF-ASA-TDS-Siddament,1,value,Elongation at break,G031-24,ASA,Elongation at Break,20,20,,%,=,,,,,ISO 527,,Mechanical Properties,Elongation at Break | ISO 527 | % | 20,V008014,confirms,20 %,high,reader-r1-60-c,
S-PCGF-ASA-TDS-Siddament,1,value,Flexural modulus,G031-24,ASA,Flexural Modulus,2144,2144,,MPa,=,,,,,ISO 178,,Mechanical Properties,Flexural Modulus | ISO 178 | MPa | 2144,V008015,confirms,2144 MPa,high,reader-r1-60-c,
S-PCGF-ASA-TDS-Siddament,1,value,Flexural strength,G031-24,ASA,Bending Strength,73,73,,MPa,=,,,,,ISO 178,,Mechanical Properties,Bending Strength | ISO 178 | MPa | 73,V008016,confirms,73 MPa,high,reader-r1-60-c,
S-PCGF-ASA-TDS-Siddament,1,value,Izod impact strength,G031-24,ASA,Notched Impact Strength,18,18,,kJ/m2,=,,,,,ISO 180,notch=notched,Mechanical Properties,Notched Impact Strength | ISO 180 | kJ/m2 | 18,V008017,confirms,18 kJ/m2,high,reader-r1-60-c,ISO 180 is the Izod method
S-PCGF-ASA-TDS-Siddament,1,value,HDT,G031-24,ASA,Heat Deflection Temperature,96,96,,°C,=,,,,,ISO 75,,Mechanical Properties,Heat Deflection Temperature | ISO 75 | °C | 96,V008018,confirms,96 °C,high,reader-r1-60-c,load not stated
S-PCGF-ASA-TDS-Siddament,2,context,all,,,Recommended Print Parameters,,,,,,,,,,,,Recommended Print Parameters,Recommended Print Parameters,,new,,high,reader-r1-60-c,
S-PCGF-ASA-TDS-Siddament,2,setting,nozzle,G031-24,ASA,Nozzle Temperature,250-270°C,250,270,°C,,,,,,,,Recommended Print Parameters,- Nozzle Temperature: 250-270°C,P1128,confirms,250-270°C,high,reader-r1-60-c,
S-PCGF-ASA-TDS-Siddament,2,setting,bed,G031-24,ASA,Print Bed Temperature,80-100°C,80,100,°C,,,,,,,,Recommended Print Parameters,- Print Bed Temperature: 80-100°C,P1128,confirms,80-100°C,high,reader-r1-60-c,
S-PCGF-ASA-TDS-Siddament,2,setting,plate,G031-24,ASA,Printing Platform,"Tempered Glass, PEI Board, Carbon Fiber Board",,,,,,,,,,,Recommended Print Parameters,"- Printing Platform: Tempered Glass, PEI Board, Carbon Fiber Board",,new,,high,reader-r1-60-c,
S-PCGF-ASA-TDS-Siddament,2,setting,nozzle_diameter,G031-24,ASA,Nozzle Diameter,0.2-0.6mm,0.2,0.6,mm,,,,,,,,Recommended Print Parameters,- Nozzle Diameter: 0.2-0.6mm,,new,,high,reader-r1-60-c,
S-PCGF-ASA-TDS-Siddament,2,setting,fan,G031-24,ASA,Model Cooling Fan,50-100%,50,100,%,,,,,,,,Recommended Print Parameters,- Model Cooling Fan: 50-100%,,new,,high,reader-r1-60-c,
S-PCGF-ASA-TDS-Siddament,2,setting,other,G031-24,ASA,Layer Height,0.12-0.3mm,0.12,0.3,mm,,,,,,,,Recommended Print Parameters,- Layer Height: 0.12-0.3mm,,new,,high,reader-r1-60-c,
S-PCGF-ASA-TDS-Siddament,2,setting,print_speed,G031-24,ASA,Printing Speed,50-200mm/s,50,200,mm/s,,,,,,,,Recommended Print Parameters,- Printing Speed: 50-200mm/s,,new,,high,reader-r1-60-c,
S-PCGF-ASA-TDS-Siddament,2,setting,other,G031-24,ASA,Retraction Length,0.8-1.2mm,0.8,1.2,mm,,,,,,,,Recommended Print Parameters,- Retraction Length: 0.8-1.2mm,,new,,high,reader-r1-60-c,
S-PCGF-ASA-TDS-Siddament,2,setting,other,G031-24,ASA,Retraction Speed,30-40mm/s,30,40,mm/s,,,,,,,,Recommended Print Parameters,- Retraction Speed: 30-40mm/s,,new,,high,reader-r1-60-c,
S-PCGF-ASA-TDS-Siddament,2,setting,other,G031-24,ASA,Supporting Material,"Self-supporting, PVA",,,,,,,,,,,Recommended Print Parameters,"- Supporting Material: Self-supporting, PVA",,new,,high,reader-r1-60-c,
S-PCGF-ASA-TDS-Siddament,2,setting,enclosure,G031-24,ASA,Seal the Box,Yes,,,,,,,,,,,Recommended Print Parameters,- Seal the Box: Yes,P1128,confirms,Seal the Box: Yes,high,reader-r1-60-c,
S-PCGF-PA12-CF-TDS-EN-1,1,identity,polymer,G053-10,PA12-CF,Description,PA12-CF is a long-chain polyimide modified material containing 15% carbon fiber,,,,,,,,,,,PA12-CF Filament,PA12-CF is a long-chain polyimide modified material,,new,,high,reader-r1-60-c,"sheet says ""polyimide"" (probably polyamide) as printed; raw material LUVOCOM® 3F PAHT CF 9891 BK"
S-PCGF-PA12-CF-TDS-EN-1,1,identity,filler,G053-10,PA12-CF,Description,15% carbon fiber,15,,%,,,,,,,,PA12-CF Filament,containing 15% carbon fiber,,new,,high,reader-r1-60-c,
S-PCGF-PA12-CF-TDS-EN-1,1,identity,grade,G053-10,PA12-CF,Main raw material,LUVOCOM® 3F PAHT CF 9891 BK,,,,,,,,,,,PA12-CF Filament,"PA12-CF is an FFF 3D printing filament, which is produced with LUVOCOM® 3F PAHT CF 9891 BK as the main raw material.",,new,,high,reader-r1-60-c,
S-PCGF-PA12-CF-TDS-EN-1,1,setting,chamber,G053-10,PA12-CF,Description,can be used on FFF 3D printers in non-heated chambers,,,,,,,,,,,PA12-CF Filament,can be used on FFF 3D printers in non-heated chambers,,new,,high,reader-r1-60-c,
S-PCGF-PA12-CF-TDS-EN-1,1,context,physical,,,Main Specifications - Physical Properties,,,,,,,,,,,,Main Specifications,Main Specifications: | Physical Properties Test Means,,new,,high,reader-r1-60-c,no specimen or direction stated in the tables (page 2 gives test sample printing conditions)
S-PCGF-PA12-CF-TDS-EN-1,1,value,Density,G053-10,PA12-CF,Density,1.23~1.26,1.23,1.26,g/cm3,=,,,,,ISO 1183,,Main Specifications,Density | ISO 1183 | g/cm3 | 1.23~1.26,V006956,confirms,1.23-1.26 g/cm3,high,reader-r1-60-c,
S-PCGF-PA12-CF-TDS-EN-1,1,value,Melt mass-flow rate,G053-10,PA12-CF,MFR(250℃/2.16Kg),3~6,3,6,g/10min,=,,,,,ISO 1133,temp=250℃; load=2.16Kg,Main Specifications,MFR(250℃/2.16Kg) | ISO 1133 | g/10min | 3~6,V006957,confirms,3-6 g/10min,high,reader-r1-60-c,
S-PCGF-PA12-CF-TDS-EN-1,1,value,Water absorption,G053-10,PA12-CF,Moisture Absorption(23℃/24h),＜0.3,0.3,,%,<,,,,,ISO 62,temp=23℃; time=24h,Main Specifications,Moisture Absorption(23℃/24h) | ISO 62 | % | ＜0.3,V006958,mismatch,0.3 %,high,reader-r1-60-c,page prints a bound ＜0.3; held row records 0.3 without the bound
S-PCGF-PA12-CF-TDS-EN-1,1,context,all,,,Mechanical Properties,,,,,,,,,,,,Main Specifications,Mechanical Properties,,new,,high,reader-r1-60-c,
S-PCGF-PA12-CF-TDS-EN-1,1,value,Tensile strength (endpoint unspecified),G053-10,PA12-CF,Tensile strength,50~55,50,55,Mpa,=,,printed,,,ISO 527,,Main Specifications,Tensile strength | ISO 527 | Mpa | 50~55,V006959,confirms,50-55 Mpa,medium,reader-r1-60-c,direction and printed specimen are not stated in the row; the sheet gives test-sample printing conditions on page 2 (no direction)
S-PCGF-PA12-CF-TDS-EN-1,1,value,Elongation at break,G053-10,PA12-CF,Elongation at break,3.5~4.5,3.5,4.5,%,=,,printed,,,ISO 527,,Main Specifications,Elongation at break | ISO 527 | % | 3.5~4.5,V006960,confirms,3.5-4.5 %,medium,reader-r1-60-c,direction not stated
S-PCGF-PA12-CF-TDS-EN-1,1,value,Flexural modulus,G053-10,PA12-CF,Flexural Modulus,1300~1500,1300,1500,Mpa,=,,printed,,,ISO 527,,Main Specifications,Flexural Modulus | ISO 527 | Mpa | 1300~1500,V006961,confirms,1300-1500 Mpa,medium,reader-r1-60-c,the standard printed for the flexural modulus row is ISO 527 (a tensile standard); direction not stated
S-PCGF-PA12-CF-TDS-EN-1,1,value,Flexural strength,G053-10,PA12-CF,Flexural Strength,90~96,90,96,Mpa,=,,printed,,,ISO178,,Main Specifications,Flexural Strength | ISO178 | Mpa | 90~96,V006962,confirms,90-96 Mpa,medium,reader-r1-60-c,direction not stated
S-PCGF-PA12-CF-TDS-EN-1,1,value,Impact strength,G053-10,PA12-CF,Impact Strength,3.5~5,3.5,5,KJ/m²,=,,printed,,,ISO180,,Main Specifications,Impact Strength | ISO180 | KJ/m² | 3.5~5,V006963,confirms,3.5-5 KJ/m2,medium,reader-r1-60-c,ISO 180 is the Izod method; notch not stated in the row
S-PCGF-PA12-CF-TDS-EN-1,1,context,thermal,,,Thermodynamic Properties,,,,,,,,,,,,Main Specifications,Thermodynamic Properties,,new,,high,reader-r1-60-c,
S-PCGF-PA12-CF-TDS-EN-1,1,value,HDT,G053-10,PA12-CF,HDT@ 0.455 MPa(66 psi),90,90,,℃,=,,printed,,,ISO75,load=0.455 MPa (66 psi),Main Specifications,HDT@ 0.455 MPa(66 psi) | ISO75 | ℃ | 90,V006964,confirms,90 ℃,medium,reader-r1-60-c,
S-PCGF-PA12-CF-TDS-EN-1,1,value,Continuous service temperature,G053-10,PA12-CF,Continuous Use Temperature,120,120,,℃,=,,,,,IEC 60216,,Main Specifications,Continuous Use Temperature | IEC 60216 | ℃ | 120,V006965,confirms,120 ℃,high,reader-r1-60-c,
S-PCGF-PA12-CF-TDS-EN-1,1,value,unmapped:Use Temperature (200 hours longest),G053-10,PA12-CF,Use Temperature（200 hours longest）,160,160,,℃,=,,,,,,duration=200 hours longest,Main Specifications,Use Temperature（200 hours longest） | ℃ | 160,,new,,high,reader-r1-60-c,
S-PCGF-PA12-CF-TDS-EN-1,1,value,unmapped:Continuous use temperature maintaining 50% of properties,G053-10,PA12-CF,Description,up to 150°C,150,,°C,<,,,,,,,PA12-CF Filament,can be used continuously for long periods of time at temperatures up to 150°C while maintaining 50% of its mechanical properties,,new,,high,reader-r1-60-c,"text statement, not a table row"
S-PCGF-PA12-CF-TDS-EN-1,1,context,all,,,Electrical Characteristics,,,,,,,,,,,,Main Specifications,Electrical Characteristics,,new,,high,reader-r1-60-c,
S-PCGF-PA12-CF-TDS-EN-1,1,value,unmapped:Insulation Resistance (strip electrode),G053-10,PA12-CF,Insulation Resistance （strip electrode）,≤10²,,,Ω,<,,,,,IEC 60167,,Main Specifications,Insulation Resistance （strip electrode） | IEC 60167 | Ω | ≤10²,,new,,high,reader-r1-60-c,power of ten printed (≤10²): number left empty; printed as ≤ (at most)
S-PCGF-PA12-CF-TDS-EN-1,2,value,Surface resistivity,G053-10,PA12-CF,Surface Resistance,≤10²,,,Ω,<,,,,,IEC 60093,,Main Specifications,Surface Resistance | IEC 60093 | Ω | ≤10²,V006966,mismatch,10² Ω,high,reader-r1-60-c,power of ten printed (≤10²): number left empty; page prints ≤ (at most); held row records 10² Ω without the bound
S-PCGF-PA12-CF-TDS-EN-1,2,context,all,,,Test Sample Printing Conditions,,,,,,,printed,,,,printer=Guider IIS (Flashforge); nozzle_diameter=0.6mm; nozzle_temp=275 °C; speed=50mm/s; layer=1.8mm; infill=100%,Test Sample Printing Conditions,Test Sample Printing Conditions： | 3D Printer Guider IIS （Flashforge） | Standard Printed Sample See blew attachment,,new,,high,reader-r1-60-c,
S-PCGF-PA12-CF-TDS-EN-1,2,setting,nozzle_diameter,G053-10,PA12-CF,Test sample Nozzle Diameter,0.6mm,0.6,,mm,,,printed,,,,,Test Sample Printing Conditions,Nozzle Diameter | 0.6mm,,new,,high,reader-r1-60-c,specimen print setting not a recommendation
S-PCGF-PA12-CF-TDS-EN-1,2,setting,nozzle,G053-10,PA12-CF,Test sample Nozzle Temperature,275 °C,275,,°C,,,printed,,,,,Test Sample Printing Conditions,Nozzle Temperature | 275 °C,,new,,high,reader-r1-60-c,specimen print setting not a recommendation
S-PCGF-PA12-CF-TDS-EN-1,2,setting,print_speed,G053-10,PA12-CF,Test sample Printing Speed,50mm/s,50,,mm/s,,,printed,,,,,Test Sample Printing Conditions,Printing Speed | 50mm/s,,new,,high,reader-r1-60-c,specimen print setting not a recommendation
S-PCGF-PA12-CF-TDS-EN-1,2,setting,other,G053-10,PA12-CF,Test sample Layer,1.8mm,1.8,,mm,,,printed,,,,,Test Sample Printing Conditions,Layer | 1.8mm,,new,,medium,reader-r1-60-c,printed as 1.8mm (large for a layer height; copied as printed); specimen setting
S-PCGF-PA12-CF-TDS-EN-1,2,setting,other,G053-10,PA12-CF,Test sample Infill,100%,100,,%,,,printed,,,,,Test Sample Printing Conditions,Infill | 100%,,new,,high,reader-r1-60-c,specimen print setting not a recommendation
S-PCGF-PA12-CF-TDS-EN-1,2,context,all,,,Recommended Printing Parameters,,,,,,,,,,,,Recommended Printing Parameters,Recommended Printing Parameters： | Parameters,,new,,high,reader-r1-60-c,
S-PCGF-PA12-CF-TDS-EN-1,2,setting,nozzle,G053-10,PA12-CF,Nozzle Temperature,260~280℃(270℃ recommended),260,280,℃,,,,,,,recommended=270℃,Recommended Printing Parameters,Nozzle Temperature | 260~280℃(270℃ recommended),P0637,confirms,260~280℃(270℃ recommended),high,reader-r1-60-c,
S-PCGF-PA12-CF-TDS-EN-1,2,setting,bed,G053-10,PA12-CF,Bed Temperature,60~90℃(80℃ recommended),60,90,℃,,,,,,,recommended=80℃,Recommended Printing Parameters,Bed Temperature | 60~90℃(80℃ recommended),P0637,confirms,60~90℃(80℃ recommended),high,reader-r1-60-c,
S-PCGF-PA12-CF-TDS-EN-1,2,setting,plate,G053-10,PA12-CF,Bed Materials,"Tempered glass, BuildTak, Carbon fiber board",,,,,,,,,,,Recommended Printing Parameters,"Bed Materials | Tempered glass, BuildTak, Carbon fiber board",,new,,high,reader-r1-60-c,
S-PCGF-PA12-CF-TDS-EN-1,2,setting,nozzle_diameter,G053-10,PA12-CF,Nozzle Diameter,φ0.4/0.6mm(φ0.6mm recommended),0.4,0.6,mm,,,,,,,recommended=0.6mm,Recommended Printing Parameters,Nozzle Diameter | φ0.4/0.6mm(φ0.6mm recommended),P0637,confirms,0.6mm,high,reader-r1-60-c,page lists 0.4 and 0.6 mm and recommends 0.6; held profile records 0.6mm
S-PCGF-PA12-CF-TDS-EN-1,2,setting,hardened_nozzle,G053-10,PA12-CF,Nozzle and Feeding Gear Material,High Strength Steel,,,,,,,,,,,Recommended Printing Parameters,Nozzle and Feeding Gear Material | High Strength Steel,,new,,high,reader-r1-60-c,
S-PCGF-PA12-CF-TDS-EN-1,2,setting,fan,G053-10,PA12-CF,Model Cooling Fan,Off,,,,,,,,,,,Recommended Printing Parameters,Model Cooling Fan | Off,,new,,high,reader-r1-60-c,
S-PCGF-PA12-CF-TDS-EN-1,2,setting,other,G053-10,PA12-CF,Layer,0.12~0.3mm,0.12,0.3,mm,,,,,,,,Recommended Printing Parameters,Layer | 0.12~0.3mm,,new,,high,reader-r1-60-c,
S-PCGF-PA12-CF-TDS-EN-1,2,setting,print_speed,G053-10,PA12-CF,Printing Speed,40~60mm/s(50mm/s recommended),40,60,mm/s,,,,,,,recommended=50mm/s,Recommended Printing Parameters,Printing Speed | 40~60mm/s(50mm/s recommended),,new,,high,reader-r1-60-c,
S-PCGF-PA12-CF-TDS-EN-1,2,setting,other,G053-10,PA12-CF,Idle Speed,60~120mm/s,60,120,mm/s,,,,,,,,Recommended Printing Parameters,Idle Speed | 60~120mm/s,,new,,high,reader-r1-60-c,
S-PCGF-PA12-CF-TDS-EN-1,2,setting,chamber,G053-10,PA12-CF,Printing Environmental Temperature,Room temperature to 50℃,,50,℃,,,,,,,,Recommended Printing Parameters,Printing Environmental Temperature | Room temperature to 50℃,P0637,confirms,Room temperature to 50℃,high,reader-r1-60-c,"lower end is ""Room temperature"" (no number); the held profile types it as 25"
S-PCGF-PA12-CF-TDS-EN-1,2,setting,other,G053-10,PA12-CF,Retraction Distance,4~6mm,4,6,mm,,,,,,,,Recommended Printing Parameters,Retraction Distance | 4~6mm,,new,,high,reader-r1-60-c,
S-PCGF-PA12-CF-TDS-EN-1,2,setting,other,G053-10,PA12-CF,Retraction Speed,40~60mm/s,40,60,mm/s,,,,,,,,Recommended Printing Parameters,Retraction Speed | 40~60mm/s,,new,,high,reader-r1-60-c,
S-PCGF-PA12-CF-TDS-EN-1,2,setting,other,G053-10,PA12-CF,Supporting Materials,"PVA,PVOH,BVOH",,,,,,,,,,,Recommended Printing Parameters,"Supporting Materials | PVA,PVOH,BVOH",,new,,high,reader-r1-60-c,
S-PCGF-PA12-CF-TDS-EN-1,3,setting,drying,G053-10,PA12-CF,Note - drying,It is recommended to dry the filament in a dryer at 80°C for at least 12 hours,80,,°C,,,,,,,hours=12,Note,It is recommended to dry the filament in a dryer at 80°C for at least 12 hours to ensure the success rate and quality of the printed model.,P0637,confirms,It is recommended to dry the filament in a dryer at 80°C for at least 12 hours,high,reader-r1-60-c,at least 12 hours (lower bound)
S-PCGF-PA12-CF-TDS-EN-1,3,setting,other,G053-10,PA12-CF,Note - post-print drying,dry it in a dryer at 80~100°C for 1~3 hours to increase the strength of the model,80,100,°C,,,,,,,hours=1-3,Note,"After the model is printed, it is recommended to dry it in a dryer at 80~100°C for 1~3 hours to increase the strength of the model.",,new,,high,reader-r1-60-c,
S-PCGF-PA12-CF-TDS-EN-1,3,setting,other,G053-10,PA12-CF,Note - support,"If using PA12-CF as its own support material, remove the support structure after the model has cooled",,,,,,,,,,,Note,"If using PA12-CF as its own support material, remove the support structure after the model has cooled.",,new,,high,reader-r1-60-c,
S-PCGF-PA12-CF-TDS-EN-1,3,context,tensile,,,Attachment: Test sample dimensions and printing direction,,,,,,,,,,ASTM D638 (ISO 527; GB/T 1040),,Attachment,"Tensile testing specimen; ASTM D638 (ISO 527, GB/T 1040)",,new,,high,reader-r1-60-c,drawing (150/114/80/20/10/4 mm; Z axis)
S-PCGF-PA12-CF-TDS-EN-1,3,context,flexural,,,Attachment: Test sample dimensions and printing direction,,,,,,,,,,ASTM D790 (ISO 178; GB/T 9341),,Attachment,"Flexural testing specimen; ASTMD790 (ISO 178, GB/T 9341)",,new,,high,reader-r1-60-c,drawing (80/60/10/4 mm; Z axis)
S-PCGF-PA12-CF-TDS-EN-1,4,context,impact,,,Attachment: Test sample dimensions and printing direction,,,,,,,,,,ASTM D256 (ISO 179; GB/T 1043),notch=45.00° V-notch drawn,Attachment,"Impact testing specimen; ASTM D256 (ISO 179, GB/T 1043)",,new,,high,reader-r1-60-c,drawing (80/10/4 mm; 45.00° notch; Z axis; impact direction)
S-PCGF-PA12-CF-TDS-EN-1,3,none,,,,,,,,,,,,,,,,,Disclaimer: Since conditions of use and applicable laws may vary from place to place,,new,,high,reader-r1-60-c,disclaimer text only
S-PCGF-PA6CF,1,identity,polymer,G050-14,PA6-CF,Description,PA6-CF is a polyimide modified material containing 15% carbon fiber,,,,,,,,,,,PA6-CF Technical Data Sheet,PA6-CF is a polyimide modified material containing 15% carbon fiber.,,new,,high,reader-r1-60-c,"sheet says ""polyimide"" (probably polyamide) as printed"
S-PCGF-PA6CF,1,identity,filler,G050-14,PA6-CF,Description,15% carbon fiber,15,,%,,,,,,,,PA6-CF Technical Data Sheet,PA6-CF is a polyimide modified material containing 15% carbon fiber.,,new,,high,reader-r1-60-c,
S-PCGF-PA6CF,1,identity,grade,G050-14,PA6-CF,Main raw material,LUVOCOM® 3F PAHT CF 9742 BK,,,,,,,,,,,PA6-CF Technical Data Sheet,"PA6-CF is a FFF 3D printing filament, which is produced with LUVOCOM® 3F PAHT CF 9742 BK as the main raw material.",,new,,high,reader-r1-60-c,
S-PCGF-PA6CF,1,setting,chamber,G050-14,PA6-CF,Description,It can be used on FFF 3D printers in non-heated chambers,,,,,,,,,,,PA6-CF Technical Data Sheet,It can be used on FFF 3D printers in non-heated chambers.,P1142,confirms,FFF 3D printers in non-heated chambers,high,reader-r1-60-c,
S-PCGF-PA6CF,1,setting,drying,G050-14,PA6-CF,Drying before printing,It is recommended to dry the filament in a dryer at 80°C for at least 12 hours,80,,°C,,,,,,,hours=12,PA6-CF Technical Data Sheet,It is recommended to dry the filament in a dryer at 80°C for at least 12 hours to ensure the success rate and quality of the printed model.,P1142,confirms,It is recommended to dry the filament in a dryer at 80°C for at least 12 hours,high,reader-r1-60-c,at least 12 hours (lower bound)
S-PCGF-PA6CF,1,setting,other,G050-14,PA6-CF,Post-print drying,dry it in a dryer at 80~100°C for 1~3 hours to increase the strength of the model,80,100,°C,,,,,,,hours=1-3,PA6-CF Technical Data Sheet,"After the model is printed, it is recommended to dry it in a dryer at 80~100°C for 1~3 hours to increase the strength of the model.",,new,,high,reader-r1-60-c,
S-PCGF-PA6CF,1,setting,other,G050-14,PA6-CF,Support material,"If using PA6-CF as its own support material, remove the support structure after the model has cooled",,,,,,,,,,,PA6-CF Technical Data Sheet,"If using PA6-CF as its own support material, remove the support structure after the model has cooled.",,new,,high,reader-r1-60-c,
S-PCGF-PA6CF,1,value,unmapped:Heat distortion temperature up to 200°C (text),G050-14,PA6-CF,Description,up to 200°C,200,,°C,<,,,,,,,PA6-CF Technical Data Sheet,"heat distortion temperature up to 200°C, and can be used for a long time at a temperature of 180°C",,new,,medium,reader-r1-60-c,text statement (table gives HDT 200 at 0.455 MPa)
S-PCGF-PA6CF,1,context,physical,,,Physical Properties,,,,,,,,,,,,Main features,Physical Properties | Test Means,,new,,high,reader-r1-60-c,no specimen stated in the table (page 2 gives test sample printing conditions)
S-PCGF-PA6CF,1,value,Density,G050-14,PA6-CF,Density,1.24~1.26,1.24,1.26,g/cm3,=,,,,,ISO 1183,,Main features,Density | ISO 1183 | g/cm3 | 1.24~1.26,,new,,high,reader-r1-60-c,
S-PCGF-PA6CF,1,value,Melt mass-flow rate,G050-14,PA6-CF,MFR(250℃/2.16Kg),3~6,3,6,g/10min,=,,,,,ISO 1133,temp=250℃; load=2.16Kg,Main features,MFR(250℃/2.16Kg) | ISO 1133 | g/10min | 3~6,,new,,high,reader-r1-60-c,
S-PCGF-PA6CF,1,value,Water absorption,G050-14,PA6-CF,Moisture Absorption(23℃/24h),＜0.3,0.3,,%,<,,,,,ISO 62,temp=23℃; time=24h,Main features,Moisture Absorption(23℃/24h) | ISO 62 | % | ＜0.3,V010654,mismatch,0.3 %,high,reader-r1-60-c,page prints a bound ＜0.3; held row records 0.3 without the bound
S-PCGF-PA6CF,1,context,all,,,Mechanical Properties,,,,,,,,,,,,Main features,Mechanical Properties,,new,,high,reader-r1-60-c,no specimen or direction stated in the table
S-PCGF-PA6CF,1,value,Tensile strength (endpoint unspecified),G050-14,PA6-CF,Tensile strength,60~65,60,65,Mpa,=,,,,,ISO 527,,Main features,Tensile strength | ISO 527 | Mpa | 60~65,V010655,confirms,60-65 Mpa,high,reader-r1-60-c,
S-PCGF-PA6CF,1,value,Elongation at break,G050-14,PA6-CF,Elongation at break,6~6.5,6,6.5,%,=,,,,,ISO 527,,Main features,Elongation at break | ISO 527 | % | 6~6.5,V010656,confirms,6-6.5 %,high,reader-r1-60-c,
S-PCGF-PA6CF,1,value,Flexural modulus,G050-14,PA6-CF,Flexural Modulus,4900~5000,4900,5000,Mpa,=,,,,,ISO 527,,Main features,Flexural Modulus | ISO 527 | Mpa | 4900~5000,V010657,confirms,4900-5000 Mpa,high,reader-r1-60-c,the standard printed for the flexural modulus row is ISO 527 (a tensile standard)
S-PCGF-PA6CF,1,value,Flexural strength,G050-14,PA6-CF,Flexural Strength,/,,,Mpa,,,,,,ISO178,,Main features,Flexural Strength | ISO178 | Mpa | /,,new,,high,reader-r1-60-c,no value printed (slash)
S-PCGF-PA6CF,1,value,Impact strength,G050-14,PA6-CF,Impact Strength,7.5~8,7.5,8,KJ/m²,=,,,,,ISO180,,Main features,Impact Strength | ISO180 | KJ/m² | 7.5~8,,new,,high,reader-r1-60-c,ISO 180 is the Izod method; notch not stated in the row
S-PCGF-PA6CF,1,context,thermal,,,Thermodynamic Properties,,,,,,,,,,,,Main features,Thermodynamic Properties,,new,,high,reader-r1-60-c,
S-PCGF-PA6CF,1,value,HDT,G050-14,PA6-CF,HDT@ 0.455 MPa(66 psi),200,200,,℃,=,,,,,ISO75,load=0.455 MPa (66 psi),Main features,HDT@ 0.455 MPa(66 psi) | ISO75 | ℃ | 200,,new,,high,reader-r1-60-c,
S-PCGF-PA6CF,1,value,Continuous service temperature,G050-14,PA6-CF,Continuous Use Temperature,150,150,,℃,=,,,,,IEC 60216,,Main features,Continuous Use Temperature | IEC 60216 | ℃ | 150,,new,,high,reader-r1-60-c,
S-PCGF-PA6CF,1,value,unmapped:Use Temperature (200 hours longest),G050-14,PA6-CF,Use Temperature（200 hours longest）,180,180,,℃,=,,,,,,duration=200 hours longest,Main features,Use Temperature（200 hours longest） | ℃ | 180,,new,,high,reader-r1-60-c,
S-PCGF-PA6CF,1,context,all,,,Electrical Characteristics,,,,,,,,,,,,Main features,Electrical Characteristics,,new,,high,reader-r1-60-c,
S-PCGF-PA6CF,1,value,unmapped:Insulation Resistance (strip electrode),G050-14,PA6-CF,Insulation Resistance （strip electrode）,≤10²,,,Ω,<,,,,,IEC 60167,,Main features,Insulation Resistance （strip electrode） | IEC 60167 | Ω | ≤10²,,new,,high,reader-r1-60-c,power of ten printed (≤10²): number left empty; printed as ≤ (at most)
S-PCGF-PA6CF,2,context,all,,,Test Sample Printing Conditions,,,,,,,printed,,,,printer=Guider IIS (Flashforge); nozzle_diameter=0.6mm; nozzle_temp=280 °C; speed=50mm/s; layer=1.8mm; infill=100%,Test Sample Printing Conditions,Test Sample Printing Conditions: | 3D Printer Guider IIS （Flashforge） | Standard Printed Sample See blew attachment,,new,,high,reader-r1-60-c,
S-PCGF-PA6CF,2,setting,nozzle_diameter,G050-14,PA6-CF,Test sample Nozzle Diameter,0.6mm,0.6,,mm,,,printed,,,,,Test Sample Printing Conditions,Nozzle Diameter | 0.6mm,,new,,high,reader-r1-60-c,specimen print setting not a recommendation
S-PCGF-PA6CF,2,setting,nozzle,G050-14,PA6-CF,Test sample Nozzle Temperature,280 °C,280,,°C,,,printed,,,,,Test Sample Printing Conditions,Nozzle Temperature | 280 °C,,new,,high,reader-r1-60-c,specimen print setting not a recommendation
S-PCGF-PA6CF,2,setting,print_speed,G050-14,PA6-CF,Test sample Printing Speed,50mm/s,50,,mm/s,,,printed,,,,,Test Sample Printing Conditions,Printing Speed | 50mm/s,,new,,high,reader-r1-60-c,specimen print setting not a recommendation
S-PCGF-PA6CF,2,setting,other,G050-14,PA6-CF,Test sample Layer,1.8mm,1.8,,mm,,,printed,,,,,Test Sample Printing Conditions,Layer | 1.8mm,,new,,medium,reader-r1-60-c,printed as 1.8mm (large for a layer height; copied as printed); specimen setting
S-PCGF-PA6CF,2,setting,other,G050-14,PA6-CF,Test sample Infill,100%,100,,%,,,printed,,,,,Test Sample Printing Conditions,Infill | 100%,,new,,high,reader-r1-60-c,specimen print setting not a recommendation
S-PCGF-PA6CF,2,context,tensile,,,Tensile testing specimen,,,,,,,,,,ASTM D638 (ISO 527; GB/T 1040),,Test Sample Printing Conditions,"Tensile testing specimen; ASTM D638 (ISO 527, GB/T 1040)",,new,,high,reader-r1-60-c,drawing (150/114/80/20/10/4 mm; Z axis); the text layer reads D636 but the image reads D638
S-PCGF-PA6CF,2,context,flexural,,,Flexural testing specimen,,,,,,,,,,ASTM D790 (ISO 178; GB/T 9341),,Test Sample Printing Conditions,"Flexural testing specimen; ASTMD790 (ISO 178, GB/T 9341)",,new,,high,reader-r1-60-c,drawing (80/60/10/4 mm; Z axis)
S-PCGF-PA6CF,2,context,impact,,,Impact testing specimen,,,,,,,,,,ASTM D256 (ISO 179; GB/T 1043),notch=45.00° V-notch drawn,Test Sample Printing Conditions,"Impact testing specimen; ASTM D256 (ISO 179, GB/T 1043)",,new,,high,reader-r1-60-c,drawing (80/10/4 mm; 45.00° notch; Z axis; impact direction)
S-PCGF-PC-ABS-TDS,1,identity,polymer,G094-13,PC ABS,Description,PC/ABS filament is a FDM 3D printing filament produced using SABIC's PC/ABS composite material,,,,,,,,,,,PC ABS Technical Data Sheet,"PC/ABS filament is a FDM 3D printing filament, produced using SABIC's PC/ABS composite material.",,new,,high,reader-r1-60-c,
S-PCGF-PC-ABS-TDS,1,setting,drying,G094-13,PC ABS,Drying before printing,It is recommended to dry the filament in a hot air oven at 80°C for at least 12 hours,80,,°C,,,,,,,hours=12,PC ABS Technical Data Sheet,"For best results,It is recommended to dry the filament in a hot air oven at 80°C for at least 12 hours to ensure the success rate and quality of the printed model.",P1156,confirms,It is recommended to dry the filament in a hot air oven at 80°C for at least 12 hours,high,reader-r1-60-c,at least 12 hours (lower bound)
S-PCGF-PC-ABS-TDS,1,setting,other,G094-13,PC ABS,Post-print drying,dry it in an oven at 100 °C for 1~3 hours to increase the strength of the model,100,,°C,,,,,,,hours=1-3,PC ABS Technical Data Sheet,"After the model is printed, it is recommended to dry it in an oven at 100 °C for 1~3 hours to increase the strength of the model.",,new,,high,reader-r1-60-c,
S-PCGF-PC-ABS-TDS,1,context,physical,,,Physical Properties,,,,,,,,,,,,Main features,Physical Properties | Test Means,,new,,high,reader-r1-60-c,no specimen stated in the table (page 2 gives test sample printing conditions)
S-PCGF-PC-ABS-TDS,1,value,Density,G094-13,PC ABS,Density,1.14~1.15,1.14,1.15,g/cm3,=,,,,,ISO 1183,,Main features,Density | ISO 1183 | g/cm3 | 1.14~1.15,,new,,high,reader-r1-60-c,
S-PCGF-PC-ABS-TDS,1,value,Melt mass-flow rate,G094-13,PC ABS,MFR(250℃/2.16Kg),19~22,19,22,g/10min,=,,,,,ISO 1133,temp=250℃; load=2.16Kg,Main features,MFR(250℃/2.16Kg) | ISO 1133 | g/10min | 19~22,V010717,confirms,19-22 g/10min,high,reader-r1-60-c,
S-PCGF-PC-ABS-TDS,1,value,Water absorption,G094-13,PC ABS,Moisture Absorption(23℃/24h),＜0.8,0.8,,%,<,,,,,ISO 62,temp=23℃; time=24h,Main features,Moisture Absorption(23℃/24h) | ISO 62 | % | ＜0.8,,new,,high,reader-r1-60-c,
S-PCGF-PC-ABS-TDS,1,context,all,,,Mechanical Properties,,,,,,,,,,,,Main features,Mechanical Properties,,new,,high,reader-r1-60-c,no specimen or direction stated in the table
S-PCGF-PC-ABS-TDS,1,value,Tensile strength (endpoint unspecified),G094-13,PC ABS,Tensile strength,43.5~45.5,43.5,45.5,Mpa,=,,,,,ISO 527,,Main features,Tensile strength | ISO 527 | Mpa | 43.5~45.5,V010718,confirms,43.5-45.5 Mpa,high,reader-r1-60-c,
S-PCGF-PC-ABS-TDS,1,value,Elongation at break,G094-13,PC ABS,Elongation at break,24~26,24,26,%,=,,,,,ISO 527,,Main features,Elongation at break | ISO 527 | % | 24~26,,new,,high,reader-r1-60-c,
S-PCGF-PC-ABS-TDS,1,value,Flexural modulus,G094-13,PC ABS,Flexural Modulus,800~950,800,950,Mpa,=,,,,,ISO 527,,Main features,Flexural Modulus | ISO 527 | Mpa | 800~950,V010719,confirms,800-950 Mpa,high,reader-r1-60-c,the standard printed for the flexural modulus row is ISO 527 (a tensile standard)
S-PCGF-PC-ABS-TDS,1,value,Flexural strength,G094-13,PC ABS,Flexural Strength,71.5~74.5,71.5,74.5,Mpa,=,,,,,ISO178,,Main features,Flexural Strength | ISO178 | Mpa | 71.5~74.5,,new,,high,reader-r1-60-c,
S-PCGF-PC-ABS-TDS,1,value,Impact strength,G094-13,PC ABS,Impact Strength,43.5~44.5,43.5,44.5,KJ/m²,=,,,,,ISO180,,Main features,Impact Strength | ISO180 | KJ/m² | 43.5~44.5,,new,,medium,reader-r1-60-c,ISO 180 is the Izod method; notch not stated in the row
S-PCGF-PC-ABS-TDS,1,context,thermal,,,Thermodynamic Properties,,,,,,,,,,,,Main features,Thermodynamic Properties,,new,,high,reader-r1-60-c,
S-PCGF-PC-ABS-TDS,1,value,HDT,G094-13,PC ABS,HDT@ 0.455 MPa(66 psi),123,123,,℃,=,,,,,ISO75,load=0.455 MPa (66 psi),Main features,HDT@ 0.455 MPa(66 psi) | ISO75 | ℃ | 123,,new,,high,reader-r1-60-c,
S-PCGF-PC-ABS-TDS,1,value,Continuous service temperature,G094-13,PC ABS,Continuous Use Temperature,130,130,,℃,=,,,,,IEC 60216,,Main features,Continuous Use Temperature | IEC 60216 | ℃ | 130,,new,,high,reader-r1-60-c,
S-PCGF-PC-ABS-TDS,2,context,all,,,Test Sample Printing Conditions,,,,,,,printed,,,,printer=Guider IIS (Flashforge); nozzle_diameter=0.4mm; nozzle_temp=265 °C; speed=50mm/s; layer=1.2mm; infill=100%,Test Sample Printing Conditions,Test Sample Printing Conditions: | 3D Printer Guider IIS （Flashforge） | Standard Printed Sample See blew attachment,,new,,high,reader-r1-60-c,
S-PCGF-PC-ABS-TDS,2,setting,nozzle_diameter,G094-13,PC ABS,Test sample Nozzle Diameter,0.4mm,0.4,,mm,,,printed,,,,,Test Sample Printing Conditions,Nozzle Diameter | 0.4mm,,new,,high,reader-r1-60-c,specimen print setting not a recommendation
S-PCGF-PC-ABS-TDS,2,setting,nozzle,G094-13,PC ABS,Test sample Nozzle Temperature,265 °C,265,,°C,,,printed,,,,,Test Sample Printing Conditions,Nozzle Temperature | 265 °C,,new,,high,reader-r1-60-c,specimen print setting not a recommendation
S-PCGF-PC-ABS-TDS,2,setting,print_speed,G094-13,PC ABS,Test sample Printing Speed,50mm/s,50,,mm/s,,,printed,,,,,Test Sample Printing Conditions,Printing Speed | 50mm/s,,new,,high,reader-r1-60-c,specimen print setting not a recommendation
S-PCGF-PC-ABS-TDS,2,setting,other,G094-13,PC ABS,Test sample Layer,1.2mm,1.2,,mm,,,printed,,,,,Test Sample Printing Conditions,Layer | 1.2mm,,new,,medium,reader-r1-60-c,printed as 1.2mm (large for a layer height; copied as printed); specimen setting
S-PCGF-PC-ABS-TDS,2,setting,other,G094-13,PC ABS,Test sample Infill,100%,100,,%,,,printed,,,,,Test Sample Printing Conditions,Infill | 100%,,new,,high,reader-r1-60-c,specimen print setting not a recommendation
S-PCGF-PC-ABS-TDS,2,context,tensile,,,Tensile testing specimen,,,,,,,,,,ASTM D638 (ISO 527; GB/T 1040),,Test Sample Printing Conditions,"Tensile testing specimen; ASTM D638 (ISO 527, GB/T 1040)",,new,,high,reader-r1-60-c,drawing (150/114/80/20/10/4 mm; Z axis)
S-PCGF-PC-ABS-TDS,2,context,flexural,,,Flexural testing specimen,,,,,,,,,,ASTM D790 (ISO 178; GB/T 9341),,Test Sample Printing Conditions,"Flexural testing specimen; ASTMD790 (ISO 178, GB/T 9341)",,new,,high,reader-r1-60-c,drawing (80/60/10/4 mm; Z axis)
S-PCGF-PC-ABS-TDS,2,context,impact,,,Impact testing specimen,,,,,,,,,,ASTM D256 (ISO 179; GB/T 1043),notch=45.00° V-notch drawn,Test Sample Printing Conditions,"Impact testing specimen; ASTM D256 (ISO 179, GB/T 1043)",,new,,high,reader-r1-60-c,drawing (80/10/4 mm; 45.00° notch; Z axis; impact direction)
S-PCGF-PC-Carbon-Fiber-TDS-Siddament,1,identity,polymer,G037-08,PC Carbon Fiber,Title,PC Carbon Fiber - Technical Datasheet,,,,,,,,,,,PC Carbon Fiber - Technical Datasheet,PC Carbon Fiber - Technical Datasheet,,new,,high,reader-r1-60-c,
S-PCGF-PC-Carbon-Fiber-TDS-Siddament,1,setting,drying,G037-08,PC Carbon Fiber,Precautions - Storage,"If damp, dry at 80°C for 2-4 hours.",80,,°C,,,,,,,hours=2-4,Precautions,"Storage: Store in a sealed, moisture-proof container. Damp environments may cause moisture absorption, leading to printing bubbles or reduced strength. If damp, dry at 80°C for 2-4 hours. Seal unused filament properly after use.",P1136,confirms,"If damp, dry at 80°C for 2-4 hours.",high,reader-r1-60-c,held typed fields are Drying °C 80 and Drying hours 4 (upper end of 2-4 only)
S-PCGF-PC-Carbon-Fiber-TDS-Siddament,1,setting,other,G037-08,PC Carbon Fiber,Precautions - Storage,Store in a sealed; moisture-proof container; seal unused filament properly after use,,,,,,,,,,,Precautions,"Storage: Store in a sealed, moisture-proof container.",,new,,high,reader-r1-60-c,
S-PCGF-PC-Carbon-Fiber-TDS-Siddament,1,context,physical,,,Material Parameters,,,,,,,,,,,,Material Parameters,Material Parameters | Property Test Method Unit Typical Value,,new,,high,reader-r1-60-c,no specimen or form stated
S-PCGF-PC-Carbon-Fiber-TDS-Siddament,1,value,Density,G037-08,PC Carbon Fiber,Density,1.18,1.18,,g/cm3,=,,,,,ISO 1183,,Material Parameters,Density | ISO 1183 | g/cm3 | 1.18,V007900,confirms,1.18 g/cm3,high,reader-r1-60-c,
S-PCGF-PC-Carbon-Fiber-TDS-Siddament,1,value,Water absorption,G037-08,PC Carbon Fiber,Water Absorption (23°C/24h),<0.4,0.4,,%,<,,,,,ISO 62,temp=23°C; time=24h,Material Parameters,Water Absorption (23°C/24h) | ISO 62 | % | <0.4,V007901,mismatch,0.4 %,high,reader-r1-60-c,page prints a bound <0.4; held row records 0.4 without the bound
S-PCGF-PC-Carbon-Fiber-TDS-Siddament,1,context,all,,,Mechanical Properties,,,,,,,,,,,,Mechanical Properties,Mechanical Properties | Property Test Method Unit Typical Value,,new,,high,reader-r1-60-c,no specimen or direction stated
S-PCGF-PC-Carbon-Fiber-TDS-Siddament,1,value,Tensile strength (endpoint unspecified),G037-08,PC Carbon Fiber,Tensile Strength,57,57,,MPa,=,,,,,ISO 527,,Mechanical Properties,Tensile Strength | ISO 527 | MPa | 57,V007902,confirms,57 MPa,high,reader-r1-60-c,
S-PCGF-PC-Carbon-Fiber-TDS-Siddament,1,value,Elongation at break,G037-08,PC Carbon Fiber,Elongation at Break,3.5,3.5,,%,=,,,,,ISO 527,,Mechanical Properties,Elongation at Break | ISO 527 | % | 3.5,V007903,confirms,3.5 %,high,reader-r1-60-c,
S-PCGF-PC-Carbon-Fiber-TDS-Siddament,1,value,Flexural modulus,G037-08,PC Carbon Fiber,Flexural Modulus,2278,2278,,MPa,=,,,,,ISO 178,,Mechanical Properties,Flexural Modulus | ISO 178 | MPa | 2278,V007904,confirms,2278 MPa,high,reader-r1-60-c,
S-PCGF-PC-Carbon-Fiber-TDS-Siddament,1,value,Flexural strength,G037-08,PC Carbon Fiber,Bending Strength,103,103,,MPa,=,,,,,ISO 178,,Mechanical Properties,Bending Strength | ISO 178 | MPa | 103,V007905,confirms,103 MPa,high,reader-r1-60-c,
S-PCGF-PC-Carbon-Fiber-TDS-Siddament,1,value,Izod impact strength,G037-08,PC Carbon Fiber,Notched Impact Strength,38,38,,kJ/m2,=,,,,,ISO 180,notch=notched,Mechanical Properties,Notched Impact Strength | ISO 180 | kJ/m2 | 38,V007906,confirms,38 kJ/m2,high,reader-r1-60-c,ISO 180 is the Izod method
S-PCGF-PC-Carbon-Fiber-TDS-Siddament,1,value,HDT,G037-08,PC Carbon Fiber,Heat Deflection Temperature,117,117,,°C,=,,,,,ISO 75,,Mechanical Properties,Heat Deflection Temperature | ISO 75 | °C | 117,V007907,confirms,117 °C,high,reader-r1-60-c,load not stated
S-PCGF-PC-Carbon-Fiber-TDS-Siddament,2,context,all,,,Recommended Print Parameters,,,,,,,,,,,,Recommended Print Parameters,Recommended Print Parameters,,new,,high,reader-r1-60-c,
S-PCGF-PC-Carbon-Fiber-TDS-Siddament,2,setting,nozzle,G037-08,PC Carbon Fiber,Nozzle Temperature,260-280°C,260,280,°C,,,,,,,,Recommended Print Parameters,- Nozzle Temperature: 260-280°C,P1136,confirms,260-280°C,high,reader-r1-60-c,
S-PCGF-PC-Carbon-Fiber-TDS-Siddament,2,setting,bed,G037-08,PC Carbon Fiber,Print Bed Temperature,90-110°C,90,110,°C,,,,,,,,Recommended Print Parameters,- Print Bed Temperature: 90-110°C,P1136,confirms,90-110°C,high,reader-r1-60-c,
S-PCGF-PC-Carbon-Fiber-TDS-Siddament,2,setting,plate,G037-08,PC Carbon Fiber,Printing Platform,"Tempered Glass, PEI Board, Carbon Fiber Board",,,,,,,,,,,Recommended Print Parameters,"- Printing Platform: Tempered Glass, PEI Board, Carbon Fiber Board",,new,,high,reader-r1-60-c,
S-PCGF-PC-Carbon-Fiber-TDS-Siddament,2,setting,nozzle_diameter,G037-08,PC Carbon Fiber,Nozzle Diameter,0.2-0.6mm,0.2,0.6,mm,,,,,,,,Recommended Print Parameters,- Nozzle Diameter: 0.2-0.6mm,,new,,high,reader-r1-60-c,
S-PCGF-PC-Carbon-Fiber-TDS-Siddament,2,setting,fan,G037-08,PC Carbon Fiber,Model Cooling Fan,50-100%,50,100,%,,,,,,,,Recommended Print Parameters,- Model Cooling Fan: 50-100%,,new,,high,reader-r1-60-c,
S-PCGF-PC-Carbon-Fiber-TDS-Siddament,2,setting,other,G037-08,PC Carbon Fiber,Layer Height,0.12-0.3mm,0.12,0.3,mm,,,,,,,,Recommended Print Parameters,- Layer Height: 0.12-0.3mm,,new,,high,reader-r1-60-c,
S-PCGF-PC-Carbon-Fiber-TDS-Siddament,2,setting,print_speed,G037-08,PC Carbon Fiber,Printing Speed,50-200mm/s,50,200,mm/s,,,,,,,,Recommended Print Parameters,- Printing Speed: 50-200mm/s,,new,,high,reader-r1-60-c,
S-PCGF-PC-Carbon-Fiber-TDS-Siddament,2,setting,other,G037-08,PC Carbon Fiber,Retraction Length,0.8-1.2mm,0.8,1.2,mm,,,,,,,,Recommended Print Parameters,- Retraction Length: 0.8-1.2mm,,new,,high,reader-r1-60-c,
S-PCGF-PC-Carbon-Fiber-TDS-Siddament,2,setting,other,G037-08,PC Carbon Fiber,Retraction Speed,30-40mm/s,30,40,mm/s,,,,,,,,Recommended Print Parameters,- Retraction Speed: 30-40mm/s,,new,,high,reader-r1-60-c,
S-PCGF-PC-Carbon-Fiber-TDS-Siddament,2,setting,other,G037-08,PC Carbon Fiber,Supporting Material,"Self-supporting, PVA",,,,,,,,,,,Recommended Print Parameters,"- Supporting Material: Self-supporting, PVA",,new,,high,reader-r1-60-c,
S-PCGF-PC-Carbon-Fiber-TDS-Siddament,2,setting,enclosure,G037-08,PC Carbon Fiber,Seal the Box,Yes,,,,,,,,,,,Recommended Print Parameters,- Seal the Box: Yes,P1136,confirms,Seal the Box: Yes,high,reader-r1-60-c,
S-PCGF-PC-TDS-Siddament,1,identity,polymer,G035-20,PC,Title,PC - Technical Datasheet,,,,,,,,,,,PC - Technical Datasheet,PC - Technical Datasheet,,new,,high,reader-r1-60-c,
S-PCGF-PC-TDS-Siddament,1,setting,drying,G035-20,PC,Precautions - Storage,"If damp, dry at 80°C for 2-4 hours.",80,,°C,,,,,,,hours=2-4,Precautions,"Storage: Store in a sealed, moisture-proof container. Damp environments may cause moisture absorption, leading to printing bubbles or reduced strength. If damp, dry at 80°C for 2-4 hours. Seal unused filament properly after use.",P1134,confirms,"If damp, dry at 80°C for 2-4 hours.",high,reader-r1-60-c,held typed fields are Drying °C 80 and Drying hours 4 (upper end of 2-4 only)
S-PCGF-PC-TDS-Siddament,1,setting,other,G035-20,PC,Precautions - Storage,Store in a sealed; moisture-proof container; seal unused filament properly after use,,,,,,,,,,,Precautions,"Storage: Store in a sealed, moisture-proof container.",,new,,high,reader-r1-60-c,
S-PCGF-PC-TDS-Siddament,1,context,physical,,,Material Parameters,,,,,,,,,,,,Material Parameters,Material Parameters | Property Test Method Unit Typical Value,,new,,high,reader-r1-60-c,no specimen or form stated
S-PCGF-PC-TDS-Siddament,1,value,Density,G035-20,PC,Density,1.2,1.2,,g/cm3,=,,,,,ISO 1183,,Material Parameters,Density | ISO 1183 | g/cm3 | 1.2,V007995,confirms,1.2 g/cm3,high,reader-r1-60-c,
S-PCGF-PC-TDS-Siddament,1,value,Water absorption,G035-20,PC,Water Absorption (23°C/24h),<0.4,0.4,,%,<,,,,,ISO 62,temp=23°C; time=24h,Material Parameters,Water Absorption (23°C/24h) | ISO 62 | % | <0.4,V007996,mismatch,0.4 %,high,reader-r1-60-c,page prints a bound <0.4; held row records 0.4 without the bound
S-PCGF-PC-TDS-Siddament,1,context,all,,,Mechanical Properties,,,,,,,,,,,,Mechanical Properties,Mechanical Properties | Property Test Method Unit Typical Value,,new,,high,reader-r1-60-c,no specimen or direction stated
S-PCGF-PC-TDS-Siddament,1,value,Tensile strength (endpoint unspecified),G035-20,PC,Tensile Strength,55,55,,MPa,=,,,,,ISO 527,,Mechanical Properties,Tensile Strength | ISO 527 | MPa | 55,V007997,confirms,55 MPa,high,reader-r1-60-c,
S-PCGF-PC-TDS-Siddament,1,value,Elongation at break,G035-20,PC,Elongation at Break,3.8,3.8,,%,=,,,,,ISO 527,,Mechanical Properties,Elongation at Break | ISO 527 | % | 3.8,V007998,confirms,3.8 %,high,reader-r1-60-c,
S-PCGF-PC-TDS-Siddament,1,value,Flexural modulus,G035-20,PC,Flexural Modulus,2310,2310,,MPa,=,,,,,ISO 178,,Mechanical Properties,Flexural Modulus | ISO 178 | MPa | 2310,V007999,confirms,2310 MPa,high,reader-r1-60-c,
S-PCGF-PC-TDS-Siddament,1,value,Flexural strength,G035-20,PC,Bending Strength,108,108,,MPa,=,,,,,ISO 178,,Mechanical Properties,Bending Strength | ISO 178 | MPa | 108,V008000,confirms,108 MPa,high,reader-r1-60-c,
S-PCGF-PC-TDS-Siddament,1,value,Izod impact strength,G035-20,PC,Notched Impact Strength,35,35,,kJ/m2,=,,,,,ISO 180,notch=notched,Mechanical Properties,Notched Impact Strength | ISO 180 | kJ/m2 | 35,V008001,confirms,35 kJ/m2,high,reader-r1-60-c,ISO 180 is the Izod method
S-PCGF-PC-TDS-Siddament,1,value,HDT,G035-20,PC,Heat Deflection Temperature,117,117,,°C,=,,,,,ISO 75,,Mechanical Properties,Heat Deflection Temperature | ISO 75 | °C | 117,V008002,confirms,117 °C,high,reader-r1-60-c,load not stated
S-PCGF-PC-TDS-Siddament,2,context,all,,,Recommended Print Parameters,,,,,,,,,,,,Recommended Print Parameters,Recommended Print Parameters,,new,,high,reader-r1-60-c,
S-PCGF-PC-TDS-Siddament,2,setting,nozzle,G035-20,PC,Nozzle Temperature,260-280°C,260,280,°C,,,,,,,,Recommended Print Parameters,- Nozzle Temperature: 260-280°C,P1134,confirms,260-280°C,high,reader-r1-60-c,
S-PCGF-PC-TDS-Siddament,2,setting,bed,G035-20,PC,Print Bed Temperature,90-110°C,90,110,°C,,,,,,,,Recommended Print Parameters,- Print Bed Temperature: 90-110°C,P1134,confirms,90-110°C,high,reader-r1-60-c,
S-PCGF-PC-TDS-Siddament,2,setting,plate,G035-20,PC,Printing Platform,"Tempered Glass, PEI Board, Carbon Fiber Board",,,,,,,,,,,Recommended Print Parameters,"- Printing Platform: Tempered Glass, PEI Board, Carbon Fiber Board",,new,,high,reader-r1-60-c,
S-PCGF-PC-TDS-Siddament,2,setting,nozzle_diameter,G035-20,PC,Nozzle Diameter,0.2-0.6mm,0.2,0.6,mm,,,,,,,,Recommended Print Parameters,- Nozzle Diameter: 0.2-0.6mm,,new,,high,reader-r1-60-c,
S-PCGF-PC-TDS-Siddament,2,setting,fan,G035-20,PC,Model Cooling Fan,50-100%,50,100,%,,,,,,,,Recommended Print Parameters,- Model Cooling Fan: 50-100%,,new,,high,reader-r1-60-c,
S-PCGF-PC-TDS-Siddament,2,setting,other,G035-20,PC,Layer Height,0.12-0.3mm,0.12,0.3,mm,,,,,,,,Recommended Print Parameters,- Layer Height: 0.12-0.3mm,,new,,high,reader-r1-60-c,
S-PCGF-PC-TDS-Siddament,2,setting,print_speed,G035-20,PC,Printing Speed,50-200mm/s,50,200,mm/s,,,,,,,,Recommended Print Parameters,- Printing Speed: 50-200mm/s,,new,,high,reader-r1-60-c,
S-PCGF-PC-TDS-Siddament,2,setting,other,G035-20,PC,Retraction Length,0.8-1.2mm,0.8,1.2,mm,,,,,,,,Recommended Print Parameters,- Retraction Length: 0.8-1.2mm,,new,,high,reader-r1-60-c,
S-PCGF-PC-TDS-Siddament,2,setting,other,G035-20,PC,Retraction Speed,30-40mm/s,30,40,mm/s,,,,,,,,Recommended Print Parameters,- Retraction Speed: 30-40mm/s,,new,,high,reader-r1-60-c,
S-PCGF-PC-TDS-Siddament,2,setting,other,G035-20,PC,Supporting Material,"Self-supporting, PVA",,,,,,,,,,,Recommended Print Parameters,"- Supporting Material: Self-supporting, PVA",,new,,high,reader-r1-60-c,
S-PCGF-PC-TDS-Siddament,2,setting,enclosure,G035-20,PC,Seal the Box,Yes,,,,,,,,,,,Recommended Print Parameters,- Seal the Box: Yes,P1134,confirms,Seal the Box: Yes,high,reader-r1-60-c,
