source_id,page,kind,field,grade_id,product,label,raw,number_lo,number_hi,unit,operator,direction,specimen,moisture,post_processing,standard,test_conditions,table_heading,quote,held_id,verdict,held_value,confidence,reader,note
R-SUNLU-9ecc53a5-f50a-4687-97fc-fab43b1db35b,1,identity,grade,G014-03,WOOD,Product Name,WOOD,,,,,,,,,,,,Product Name: WOOD,,new,,high,reader-r1-69-c,
R-SUNLU-9ecc53a5-f50a-4687-97fc-fab43b1db35b,1,identity,polymer,G014-03,WOOD,Product features,PLA with a wood-like texture and natural wood scent,,,,,,,,,,,Product features,"PLA with a wood-like texture and natural wood scent, available in wood-tone colors.",,new,,high,reader-r1-69-c,
R-SUNLU-9ecc53a5-f50a-4687-97fc-fab43b1db35b,1,value,Tensile strength (endpoint unspecified),G014-03,WOOD,(X-Y) Tensile Strength,33±6 MPa,33,,MPa,=,X-Y,,,,ISO 527/2,rate=50 mm/min,Mechanical,(X-Y) Tensile Strength | ISO 527/2 | 50 mm/min | MPa | 33±6,V004572,confirms,33 ± 6 MPa,high,reader-r1-69-c,
R-SUNLU-9ecc53a5-f50a-4687-97fc-fab43b1db35b,1,value,Tensile modulus,G014-03,WOOD,(X-Y) Young’s Modulus,/,,,MPa,,X-Y,,,,ISO 527/2,rate=1 mm/min,Mechanical,(X-Y) Young’s Modulus | ISO 527/2 | 1 mm/min | MPa | /,,new,,high,reader-r1-69-c,cell holds only a slash: no value published
R-SUNLU-9ecc53a5-f50a-4687-97fc-fab43b1db35b,1,value,Elongation at break,G014-03,WOOD,(X-Y) Elongation at break,10±5 %,10,,%,=,X-Y,,,,ISO 527/2,rate=50 mm/min,Mechanical,(X-Y) Elongation at break | ISO 527/2 | 50 mm/min | % | 10±5,V004573,confirms,10 ± 5 %,high,reader-r1-69-c,
R-SUNLU-9ecc53a5-f50a-4687-97fc-fab43b1db35b,1,value,Flexural strength,G014-03,WOOD,(X-Y) Flexural Strength,55±5 MPa,55,,MPa,=,X-Y,,,,ISO 178,rate=2 mm/min,Mechanical,(X-Y) Flexural Strength | ISO 178 | 2 mm/min | MPa | 55±5,V004574,confirms,55 ± 5 MPa,high,reader-r1-69-c,
R-SUNLU-9ecc53a5-f50a-4687-97fc-fab43b1db35b,1,value,Flexural modulus,G014-03,WOOD,(X-Y) Flexural Modulus,3040±200 MPa,3040,,MPa,=,X-Y,,,,ISO 178,rate=2 mm/min,Mechanical,(X-Y) Flexural Modulus | ISO 178 | 2 mm/min | MPa | 3040±200,V004575,confirms,3040 ± 200 MPa,high,reader-r1-69-c,
R-SUNLU-9ecc53a5-f50a-4687-97fc-fab43b1db35b,1,value,Izod impact strength,G014-03,WOOD,(X-Y) Izod Impact Strength of Notched Specimen,6±3 KJ/m²,6,,KJ/m²,=,X-Y,,,,ISO 180,temp=23℃,Mechanical,(X-Y) Izod Impact Strength of Notched | ISO 180 | 23℃ | 6±3,V004576,confirms,6 ± 3 KJ/m2,high,reader-r1-69-c,notched specimen
R-SUNLU-9ecc53a5-f50a-4687-97fc-fab43b1db35b,1,value,Izod impact strength,G014-03,WOOD,(Z-X) Izod Impact Strength of Unnotched Specimen,2.8±1 KJ/m²,2.8,,KJ/m²,=,Z-X,,,,ISO 180,temp=23℃,Mechanical,(Z-X) Izod Impact Strength of Unnotched | ISO 180 | 23℃ | 2.8±1,V004577,confirms,2.8 ± 1 KJ/m2,high,reader-r1-69-c,unnotched specimen
R-SUNLU-9ecc53a5-f50a-4687-97fc-fab43b1db35b,1,value,Hardness,G014-03,WOOD,Shore Hardness,77,77,,HA/HD,=,,,,,ISO 868,temp=23℃,Mechanical,Shore Hardness | ISO 868 | 23℃ | HA/HD | 77,V004578,confirms,77,high,reader-r1-69-c,unit printed HA/HD: scale not stated
R-SUNLU-9ecc53a5-f50a-4687-97fc-fab43b1db35b,1,value,HDT,G014-03,WOOD,(X-Y) Heat Distortion (HDT),55±3 ℃,55,,℃,=,X-Y,,,,ISO 75,load=0.45 MPa,Thermal,(X-Y) Heat Distortion (HDT) | ISO 75 | 0.45 MPa | ℃ | 55±3,V004579,confirms,55 ± 3 ℃,high,reader-r1-69-c,
R-SUNLU-9ecc53a5-f50a-4687-97fc-fab43b1db35b,1,value,Glass transition temperature,G014-03,WOOD,Glass Transition (Tg),60 ℃,60,,℃,=,,,,,ISO 11357-2,rate=10 ℃/min,Thermal,Glass Transition (Tg) | ISO 11357-2 | 10 ℃/min | ℃ | 60,V004580,confirms,60 ℃,high,reader-r1-69-c,
R-SUNLU-9ecc53a5-f50a-4687-97fc-fab43b1db35b,1,value,Melting temperature,G014-03,WOOD,Melting Temperature,164 ℃,164,,℃,=,,,,,ISO 11357-3,rate=10 ℃/min,Thermal,Melting Temperature | ISO 11357-3 | 10 ℃/min | ℃ | 164,V004581,confirms,164 ℃,high,reader-r1-69-c,
R-SUNLU-9ecc53a5-f50a-4687-97fc-fab43b1db35b,1,value,Decomposition temperature,G014-03,WOOD,@5%Decomposition Temp.,≥355 ℃,355,,℃,,,,,,ISO 11358,rate=20 ℃/min,Thermal,@5%Decomposition Temp. | ISO 11358 | 20 ℃/min | ℃ | ≥355,,new,,high,reader-r1-69-c,printed with a greater-or-equal sign (not > or <)
R-SUNLU-9ecc53a5-f50a-4687-97fc-fab43b1db35b,1,value,Vicat softening temperature,G014-03,WOOD,Vicat Softening Temp.,54 ℃,54,,℃,=,,,,,ISO 306,load=5kg; rate=50℃/h,Thermal,"Vicat Softening Temp. | ISO 306 | 5kg, 50℃/h | ℃ | 54",V004582,confirms,54 ℃,high,reader-r1-69-c,
R-SUNLU-9ecc53a5-f50a-4687-97fc-fab43b1db35b,1,value,Mould shrinkage,G014-03,WOOD,Moulding Shrinkage,0.1-0.3 %,0.1,0.3,%,=,,,,,ISO 294,temp=23℃,Thermal,Moulding Shrinkage | ISO 294 | 23℃ | % | 0.1-0.3,,new,,high,reader-r1-69-c,
R-SUNLU-9ecc53a5-f50a-4687-97fc-fab43b1db35b,1,value,Coefficient of thermal expansion,G014-03,WOOD,Coefficient of Thermal Exp.,101×10-6 ㎛/(m·℃),101,,㎛/(m·℃),=,,,,,ISO 11359-2,,Thermal,Coefficient of Thermal Exp. | ISO 11359-2 | 101×10-6,,new,,medium,reader-r1-69-c,value printed with a power of ten (×10-6) beside unit ㎛/(m·℃)
R-SUNLU-9ecc53a5-f50a-4687-97fc-fab43b1db35b,1,value,Melt mass-flow rate,G014-03,WOOD,Melt Mass-flow Rate,3.8±1.5 g/10 min,3.8,,g/10 min,=,,,,,ISO 1133,temp=190℃; load=2.16 kg,Others,Melt Mass-flow Rate | ISO 1133 | 190℃/2.16 kg | g/10 min | 3.8±1.5,V004583,confirms,3.8 ± 1.5 g/10 min,high,reader-r1-69-c,
R-SUNLU-9ecc53a5-f50a-4687-97fc-fab43b1db35b,1,value,Density,G014-03,WOOD,Density,1.17 g/cm³,1.17,,g/cm³,=,,,,,ISO 1183,temp=23℃,Others,Density | ISO 1183 | 23℃ | 1.17,V004584,confirms,1.17 g/cm3,high,reader-r1-69-c,
R-SUNLU-9ecc53a5-f50a-4687-97fc-fab43b1db35b,1,value,Volume resistivity,G014-03,WOOD,Volume Resistivity,2.90E+15 ohm-cm,2.90E+15,,ohm-cm,=,,,,,IEC 60093,,Others,Volume Resistivity | IEC 60093 | - | ohm-cm | 2.90E+15,,new,,high,reader-r1-69-c,
R-SUNLU-9ecc53a5-f50a-4687-97fc-fab43b1db35b,1,value,Relative permittivity,G014-03,WOOD,Permittivity,1.51,1.51,,,=,,,,,IEC 60250,freq=1 kHz,Others,Permittivity | IEC 60250 | 1 kHz | 1.51,,new,,high,reader-r1-69-c,no unit printed
R-SUNLU-9ecc53a5-f50a-4687-97fc-fab43b1db35b,1,value,unmapped:Flammability,G014-03,WOOD,Flammability,HB,,,Class,,,,,,UL 94,thickness=1.5 mm,Others,Flammability | UL 94 | 1.5 mm | Class | HB,,new,,high,reader-r1-69-c,
R-SUNLU-9ecc53a5-f50a-4687-97fc-fab43b1db35b,1,value,unmapped:Chemical resistance Weak Acid (pH 3-6),G014-03,WOOD,Weak Acid (pH 3-6),Good,,,,,,,,,,,Chemical,Weak Acid (pH 3-6) | Good,,new,,high,reader-r1-69-c,
R-SUNLU-9ecc53a5-f50a-4687-97fc-fab43b1db35b,1,value,unmapped:Chemical resistance Strong Acid (pH<3),G014-03,WOOD,Strong Acid (pH<3),Bad,,,,,,,,,,,Chemical,Strong Acid (pH<3) | Bad,,new,,high,reader-r1-69-c,
R-SUNLU-9ecc53a5-f50a-4687-97fc-fab43b1db35b,1,value,unmapped:Chemical resistance Weak Bases (pH 8-10),G014-03,WOOD,Weak Bases (pH 8-10),Good,,,,,,,,,,,Chemical,Weak Bases (pH 8-10) | Good,,new,,high,reader-r1-69-c,
R-SUNLU-9ecc53a5-f50a-4687-97fc-fab43b1db35b,1,value,unmapped:Chemical resistance Strong Bases (pH >10),G014-03,WOOD,Strong Bases (pH >10),Bad,,,,,,,,,,,Chemical,Strong Bases (pH >10) | Bad,,new,,high,reader-r1-69-c,
R-SUNLU-9ecc53a5-f50a-4687-97fc-fab43b1db35b,2,value,unmapped:Chemical resistance Deionized Water,G014-03,WOOD,Deionized Water,Good,,,,,,,,,,,Chemical,Deionized Water | Good,,new,,high,reader-r1-69-c,
R-SUNLU-9ecc53a5-f50a-4687-97fc-fab43b1db35b,2,value,unmapped:Chemical resistance Alcohol,G014-03,WOOD,Alcohol,Normal,,,,,,,,,,,Chemical,Alcohol | Normal,,new,,high,reader-r1-69-c,
R-SUNLU-9ecc53a5-f50a-4687-97fc-fab43b1db35b,2,value,unmapped:Chemical resistance Ketone,G014-03,WOOD,Ketone,Bad,,,,,,,,,,,Chemical,Ketone | Bad,,new,,high,reader-r1-69-c,
R-SUNLU-9ecc53a5-f50a-4687-97fc-fab43b1db35b,2,value,unmapped:Chemical resistance Petroleum Fuels,G014-03,WOOD,Petroleum Fuels,Good,,,,,,,,,,,Chemical,Petroleum Fuels | Good,,new,,high,reader-r1-69-c,
R-SUNLU-9ecc53a5-f50a-4687-97fc-fab43b1db35b,2,value,unmapped:Chemical resistance Ester,G014-03,WOOD,Ester,Good,,,,,,,,,,,Chemical,Ester | Good,,new,,high,reader-r1-69-c,
R-SUNLU-9ecc53a5-f50a-4687-97fc-fab43b1db35b,2,setting,nozzle,G014-03,WOOD,Nozzle Temp.,200-220 ℃,200,220,℃,,,,,,,,Recommended Printing Parameters,Nozzle Temp. | 200-220,P0410,confirms,200-220,high,reader-r1-69-c,
R-SUNLU-9ecc53a5-f50a-4687-97fc-fab43b1db35b,2,setting,print_speed,G014-03,WOOD,Nozzle Temp. Speed,≤230 mm/s,230,,mm/s,,,,,,,,Recommended Printing Parameters,Speed | mm/s | ≤230,,new,,high,reader-r1-69-c,printed with a less-or-equal sign
R-SUNLU-9ecc53a5-f50a-4687-97fc-fab43b1db35b,2,setting,bed,G014-03,WOOD,Plate Temp.,50-60℃,50,60,℃,,,,,,,,Recommended Printing Parameters,Plate Temp. | 50-60℃,P0410,confirms,50-60℃,high,reader-r1-69-c,
R-SUNLU-9ecc53a5-f50a-4687-97fc-fab43b1db35b,2,setting,plate,G014-03,WOOD,Plate Material,Textured PEI Build Plate,,,,,,,,,,,Recommended Printing Parameters,Plate Material | Textured PEI Build Plate,P0410,confirms,Textured PEI Build Plate,high,reader-r1-69-c,
R-SUNLU-9ecc53a5-f50a-4687-97fc-fab43b1db35b,2,setting,other,G014-03,WOOD,Plate Treatment,No processing required,,,,,,,,,,,Recommended Printing Parameters,Plate Treatment | No processing required,,new,,high,reader-r1-69-c,
R-SUNLU-9ecc53a5-f50a-4687-97fc-fab43b1db35b,2,setting,fan,G014-03,WOOD,Cooling Fan,Open☑/Close☐,,,,,,,,,,,Recommended Printing Parameters,Cooling Fan | Open☑/Close☐,,new,,high,reader-r1-69-c,Open box is ticked
R-SUNLU-9ecc53a5-f50a-4687-97fc-fab43b1db35b,2,setting,other,G014-03,WOOD,Raft Distance,0.2-0.4mm,0.2,0.4,mm,,,,,,,,Recommended Printing Parameters,Raft Distance | 0.2-0.4mm,,new,,high,reader-r1-69-c,
R-SUNLU-9ecc53a5-f50a-4687-97fc-fab43b1db35b,2,setting,other,G014-03,WOOD,Retraction Distance,0.8-1.2mm,0.8,1.2,mm,,,,,,,,Recommended Printing Parameters,Retraction Distance | 0.8-1.2mm,,new,,high,reader-r1-69-c,
R-SUNLU-9ecc53a5-f50a-4687-97fc-fab43b1db35b,2,setting,other,G014-03,WOOD,Retraction Speed,30-40mm/s,30,40,mm/s,,,,,,,,Recommended Printing Parameters,Retraction Speed | 30-40mm/s,,new,,high,reader-r1-69-c,
R-SUNLU-9ecc53a5-f50a-4687-97fc-fab43b1db35b,2,setting,chamber,G014-03,WOOD,Room Temp.,Room Temperature,,,,,,,,,,,Recommended Printing Parameters,Room Temp. | Room Temperature,P0410,confirms,Room Temperature,high,reader-r1-69-c,
R-SUNLU-9ecc53a5-f50a-4687-97fc-fab43b1db35b,2,setting,other,G014-03,WOOD,Supported Material,PVA,,,,,,,,,,,Recommended Printing Parameters,Supported Material | PVA,,new,,high,reader-r1-69-c,
R-SUNLU-9ecc53a5-f50a-4687-97fc-fab43b1db35b,2,setting,drying,G014-03,WOOD,Drying Temp.,50℃,50,,℃,,,,,,,,Recommended Printing Parameters,Drying Temp. | 50℃,P0410,confirms,50℃,high,reader-r1-69-c,no hours printed
R-SUNLU-9ecc53a5-f50a-4687-97fc-fab43b1db35b,2,none,,,,,,,,,,,,,,,,,,,,,high,reader-r1-69-c,specimen drawings (tensile and flexural) on this page; printing parameters transcribed above
R-SUNLU-9ecc53a5-f50a-4687-97fc-fab43b1db35b,3,context,all,G014-03,WOOD,Note [1],,,,,,,printed,,,,speed=160-220mm/s; temp=220 °C; infill=100%; raster=90°,Note,"[1] Test specimens were printed at a printing speed of 160-220mm/s and a printing temperature of 220 °C. Infill: 100%, with a 90° raster orientation.",,new,,high,reader-r1-69-c,
R-SUNLU-9ecc53a5-f50a-4687-97fc-fab43b1db35b,3,context,all,G014-03,WOOD,Note [2],,,,,,,,,,,,Note,[2] The typical values represent average laboratory data and are provided for reference only. They do not constitute product specifications. Results may vary depending on different printers.,,new,,high,reader-r1-69-c,
R-SUNLU-9ecc53a5-f50a-4687-97fc-fab43b1db35b,4,none,,,,,,,,,,,,,,,,,,,,,high,reader-r1-69-c,safety and handling text continued and legal disclaimer
R-SUNLU-a47cd225-7892-4788-9c73-bd27bfd791f5,1,identity,grade,G001-40,PLA Matte Dual-Color,Product Name,PLA Matte Dual-Color,,,,,,,,,,,,Product Name: PLA Matte Dual-Color,,new,,high,reader-r1-69-c,
R-SUNLU-a47cd225-7892-4788-9c73-bd27bfd791f5,1,identity,polymer,G001-40,PLA Matte Dual-Color,Product features,PLA with a matte plastic-like finish producing models with two colors,,,,,,,,,,,Product features,"PLA with a matte, plastic-like finish, producing models with two colors on different surfaces after printing.",,new,,high,reader-r1-69-c,
R-SUNLU-a47cd225-7892-4788-9c73-bd27bfd791f5,1,value,Tensile strength (endpoint unspecified),G001-40,PLA Matte Dual-Color,(X-Y) Tensile Strength,39±6 MPa,39,,MPa,=,X-Y,,,,ISO 527/2,rate=50 mm/min,Mechanical,(X-Y) Tensile Strength | ISO 527/2 | 50 mm/min | MPa | 39±6,V004609,confirms,39 ± 6 MPa,high,reader-r1-69-c,
R-SUNLU-a47cd225-7892-4788-9c73-bd27bfd791f5,1,value,Tensile modulus,G001-40,PLA Matte Dual-Color,(X-Y) Young’s Modulus,/,,,MPa,,X-Y,,,,ISO 527/2,rate=1 mm/min,Mechanical,(X-Y) Young’s Modulus | ISO 527/2 | 1 mm/min | MPa | /,,new,,high,reader-r1-69-c,cell holds only a slash: no value published
R-SUNLU-a47cd225-7892-4788-9c73-bd27bfd791f5,1,value,Elongation at break,G001-40,PLA Matte Dual-Color,(X-Y) Elongation at break,15±5 %,15,,%,=,X-Y,,,,ISO 527/2,rate=50 mm/min,Mechanical,(X-Y) Elongation at break | ISO 527/2 | 50 mm/min | % | 15±5,V004610,confirms,15 ± 5 %,high,reader-r1-69-c,
R-SUNLU-a47cd225-7892-4788-9c73-bd27bfd791f5,1,value,Flexural strength,G001-40,PLA Matte Dual-Color,(X-Y) Flexural Strength,72±6 MPa,72,,MPa,=,X-Y,,,,ISO 178,rate=2 mm/min,Mechanical,(X-Y) Flexural Strength | ISO 178 | 2 mm/min | MPa | 72±6,V004611,confirms,72 ± 6 MPa,high,reader-r1-69-c,
R-SUNLU-a47cd225-7892-4788-9c73-bd27bfd791f5,1,value,Flexural modulus,G001-40,PLA Matte Dual-Color,(X-Y) Flexural Modulus,3700±400 MPa,3700,,MPa,=,X-Y,,,,ISO 178,rate=2 mm/min,Mechanical,(X-Y) Flexural Modulus | ISO 178 | 2 mm/min | MPa | 3700±400,V004612,confirms,3700 ± 400 MPa,high,reader-r1-69-c,
R-SUNLU-a47cd225-7892-4788-9c73-bd27bfd791f5,1,value,Izod impact strength,G001-40,PLA Matte Dual-Color,(X-Y) Izod Impact Strength of Notched Specimen,5±2 KJ/m²,5,,KJ/m²,=,X-Y,,,,ISO 180,temp=23℃,Mechanical,(X-Y) Izod Impact Strength of Notched | ISO 180 | 23℃ | 5±2,V004613,confirms,5 ± 2 KJ/m2,high,reader-r1-69-c,notched specimen
R-SUNLU-a47cd225-7892-4788-9c73-bd27bfd791f5,1,value,Izod impact strength,G001-40,PLA Matte Dual-Color,(Z-X) Izod Impact Strength of Unnotched Specimen,4.5±2 KJ/m²,4.5,,KJ/m²,=,Z-X,,,,ISO 180,temp=23℃,Mechanical,(Z-X) Izod Impact Strength of Unnotched | ISO 180 | 23℃ | 4.5±2,V004614,confirms,4.5 ± 2 KJ/m2,high,reader-r1-69-c,unnotched specimen
R-SUNLU-a47cd225-7892-4788-9c73-bd27bfd791f5,1,value,Hardness,G001-40,PLA Matte Dual-Color,Shore Hardness,83,83,,HA/HD,=,,,,,ISO 868,temp=23℃,Mechanical,Shore Hardness | ISO 868 | 23℃ | HA/HD | 83,V004615,confirms,83,high,reader-r1-69-c,unit printed HA/HD: scale not stated
R-SUNLU-a47cd225-7892-4788-9c73-bd27bfd791f5,1,value,HDT,G001-40,PLA Matte Dual-Color,(X-Y) Heat Distortion (HDT),55±5 ℃,55,,℃,=,X-Y,,,,ISO 75,load=0.45 MPa,Thermal,(X-Y) Heat Distortion (HDT) | ISO 75 | 0.45 MPa | ℃ | 55±5,V004616,confirms,55 ± 5 ℃,high,reader-r1-69-c,
R-SUNLU-a47cd225-7892-4788-9c73-bd27bfd791f5,1,value,Glass transition temperature,G001-40,PLA Matte Dual-Color,Glass Transition (Tg),58.8 ℃,58.8,,℃,=,,,,,ISO 11357-2,rate=10 ℃/min,Thermal,Glass Transition (Tg) | ISO 11357-2 | 10 ℃/min | ℃ | 58.8,V004617,confirms,58.8 ℃,high,reader-r1-69-c,
R-SUNLU-a47cd225-7892-4788-9c73-bd27bfd791f5,1,value,Melting temperature,G001-40,PLA Matte Dual-Color,Melting Temperature,162.6 ℃,162.6,,℃,=,,,,,ISO 11357-3,rate=10 ℃/min,Thermal,Melting Temperature | ISO 11357-3 | 10 ℃/min | ℃ | 162.6,V004618,confirms,162.6 ℃,high,reader-r1-69-c,
R-SUNLU-a47cd225-7892-4788-9c73-bd27bfd791f5,1,value,Decomposition temperature,G001-40,PLA Matte Dual-Color,@5%Decomposition Temp.,≥374 ℃,374,,℃,,,,,,ISO 11358,rate=20 ℃/min,Thermal,@5%Decomposition Temp. | ISO 11358 | 20 ℃/min | ℃ | ≥374,,new,,high,reader-r1-69-c,printed with a greater-or-equal sign (not > or <)
R-SUNLU-a47cd225-7892-4788-9c73-bd27bfd791f5,1,value,Vicat softening temperature,G001-40,PLA Matte Dual-Color,Vicat Softening Temp.,54 ℃,54,,℃,=,,,,,ISO 306,load=5kg; rate=50℃/h,Thermal,"Vicat Softening Temp. | ISO 306 | 5kg, 50℃/h | ℃ | 54",V004619,confirms,54 ℃,high,reader-r1-69-c,
R-SUNLU-a47cd225-7892-4788-9c73-bd27bfd791f5,1,value,Mould shrinkage,G001-40,PLA Matte Dual-Color,Moulding Shrinkage,0.1-0.3 %,0.1,0.3,%,=,,,,,ISO 294,temp=23℃,Thermal,Moulding Shrinkage | ISO 294 | 23℃ | % | 0.1-0.3,,new,,high,reader-r1-69-c,
R-SUNLU-a47cd225-7892-4788-9c73-bd27bfd791f5,1,value,Coefficient of thermal expansion,G001-40,PLA Matte Dual-Color,Coefficient of Thermal Exp.,101×10-6 ㎛/(m·℃),101,,㎛/(m·℃),=,,,,,ISO 11359-2,,Thermal,Coefficient of Thermal Exp. | ISO 11359-2 | 101×10-6,,new,,medium,reader-r1-69-c,value printed with a power of ten (×10-6) beside unit ㎛/(m·℃)
R-SUNLU-a47cd225-7892-4788-9c73-bd27bfd791f5,1,value,Melt mass-flow rate,G001-40,PLA Matte Dual-Color,Melt Mass-flow Rate,5.5±1.5 g/10 min,5.5,,g/10 min,=,,,,,ISO 1133,temp=190℃; load=2.16 kg,Others,Melt Mass-flow Rate | ISO 1133 | 190℃/2.16 kg | g/10 min | 5.5±1.5,V004620,confirms,5.5 ± 1.5 g/10 min,high,reader-r1-69-c,
R-SUNLU-a47cd225-7892-4788-9c73-bd27bfd791f5,1,value,Density,G001-40,PLA Matte Dual-Color,Density,1.31 g/cm³,1.31,,g/cm³,=,,,,,ISO 1183,temp=23℃,Others,Density | ISO 1183 | 23℃ | 1.31,V004621,confirms,1.31 g/cm3,high,reader-r1-69-c,
R-SUNLU-a47cd225-7892-4788-9c73-bd27bfd791f5,1,value,Volume resistivity,G001-40,PLA Matte Dual-Color,Volume Resistivity,2.90E+15 ohm-cm,2.90E+15,,ohm-cm,=,,,,,IEC 60093,,Others,Volume Resistivity | IEC 60093 | - | ohm-cm | 2.90E+15,,new,,high,reader-r1-69-c,
R-SUNLU-a47cd225-7892-4788-9c73-bd27bfd791f5,1,value,Relative permittivity,G001-40,PLA Matte Dual-Color,Permittivity,1.51,1.51,,,=,,,,,IEC 60250,freq=1 kHz,Others,Permittivity | IEC 60250 | 1 kHz | 1.51,,new,,high,reader-r1-69-c,no unit printed
R-SUNLU-a47cd225-7892-4788-9c73-bd27bfd791f5,1,value,unmapped:Flammability,G001-40,PLA Matte Dual-Color,Flammability,HB,,,Class,,,,,,UL 94,thickness=1.5 mm,Others,Flammability | UL 94 | 1.5 mm | Class | HB,,new,,high,reader-r1-69-c,
R-SUNLU-a47cd225-7892-4788-9c73-bd27bfd791f5,1,value,unmapped:Chemical resistance Weak Acid (pH 3-6),G001-40,PLA Matte Dual-Color,Weak Acid (pH 3-6),Good,,,,,,,,,,,Chemical,Weak Acid (pH 3-6) | Good,,new,,high,reader-r1-69-c,
R-SUNLU-a47cd225-7892-4788-9c73-bd27bfd791f5,1,value,unmapped:Chemical resistance Strong Acid (pH<3),G001-40,PLA Matte Dual-Color,Strong Acid (pH<3),Bad,,,,,,,,,,,Chemical,Strong Acid (pH<3) | Bad,,new,,high,reader-r1-69-c,
R-SUNLU-a47cd225-7892-4788-9c73-bd27bfd791f5,1,value,unmapped:Chemical resistance Weak Bases (pH 8-10),G001-40,PLA Matte Dual-Color,Weak Bases (pH 8-10),Good,,,,,,,,,,,Chemical,Weak Bases (pH 8-10) | Good,,new,,high,reader-r1-69-c,
R-SUNLU-a47cd225-7892-4788-9c73-bd27bfd791f5,1,value,unmapped:Chemical resistance Strong Bases (pH >10),G001-40,PLA Matte Dual-Color,Strong Bases (pH >10),Bad,,,,,,,,,,,Chemical,Strong Bases (pH >10) | Bad,,new,,high,reader-r1-69-c,
R-SUNLU-a47cd225-7892-4788-9c73-bd27bfd791f5,2,value,unmapped:Chemical resistance Deionized Water,G001-40,PLA Matte Dual-Color,Deionized Water,Good,,,,,,,,,,,Chemical,Deionized Water | Good,,new,,high,reader-r1-69-c,
R-SUNLU-a47cd225-7892-4788-9c73-bd27bfd791f5,2,value,unmapped:Chemical resistance Alcohol,G001-40,PLA Matte Dual-Color,Alcohol,Normal,,,,,,,,,,,Chemical,Alcohol | Normal,,new,,high,reader-r1-69-c,
R-SUNLU-a47cd225-7892-4788-9c73-bd27bfd791f5,2,value,unmapped:Chemical resistance Ketone,G001-40,PLA Matte Dual-Color,Ketone,Bad,,,,,,,,,,,Chemical,Ketone | Bad,,new,,high,reader-r1-69-c,
R-SUNLU-a47cd225-7892-4788-9c73-bd27bfd791f5,2,value,unmapped:Chemical resistance Petroleum Fuels,G001-40,PLA Matte Dual-Color,Petroleum Fuels,Good,,,,,,,,,,,Chemical,Petroleum Fuels | Good,,new,,high,reader-r1-69-c,
R-SUNLU-a47cd225-7892-4788-9c73-bd27bfd791f5,2,value,unmapped:Chemical resistance Ester,G001-40,PLA Matte Dual-Color,Ester,Good,,,,,,,,,,,Chemical,Ester | Good,,new,,high,reader-r1-69-c,
R-SUNLU-a47cd225-7892-4788-9c73-bd27bfd791f5,2,setting,nozzle,G001-40,PLA Matte Dual-Color,Nozzle Temp. (row 1),205-215 ℃,205,215,℃,,,,,,,,Recommended Printing Parameters,Nozzle Temp. | 205-215 | 50-100,P0412,confirms,205-215; 215-245,high,reader-r1-69-c,two nozzle rows each with its own speed; held profile holds both
R-SUNLU-a47cd225-7892-4788-9c73-bd27bfd791f5,2,setting,print_speed,G001-40,PLA Matte Dual-Color,Nozzle Temp. Speed (row 1),50-100 mm/s,50,100,mm/s,,,,,,,,Recommended Printing Parameters,205-215 | 50-100,,new,,high,reader-r1-69-c,speed beside nozzle 205-215
R-SUNLU-a47cd225-7892-4788-9c73-bd27bfd791f5,2,setting,nozzle,G001-40,PLA Matte Dual-Color,Nozzle Temp. (row 2),215-245 ℃,215,245,℃,,,,,,,,Recommended Printing Parameters,Nozzle Temp. | 215-245 | 100-230,P0412,confirms,205-215; 215-245,high,reader-r1-69-c,second nozzle row
R-SUNLU-a47cd225-7892-4788-9c73-bd27bfd791f5,2,setting,print_speed,G001-40,PLA Matte Dual-Color,Nozzle Temp. Speed (row 2),100-230 mm/s,100,230,mm/s,,,,,,,,Recommended Printing Parameters,215-245 | 100-230,,new,,high,reader-r1-69-c,speed beside nozzle 215-245
R-SUNLU-a47cd225-7892-4788-9c73-bd27bfd791f5,2,setting,bed,G001-40,PLA Matte Dual-Color,Plate Temp.,50-60℃,50,60,℃,,,,,,,,Recommended Printing Parameters,Plate Temp. | 50-60℃,P0412,confirms,50-60℃,high,reader-r1-69-c,
R-SUNLU-a47cd225-7892-4788-9c73-bd27bfd791f5,2,setting,plate,G001-40,PLA Matte Dual-Color,Plate Material,PEI 纹理板,,,,,,,,,,,Recommended Printing Parameters,Plate Material | PEI 纹理板,,new,,high,reader-r1-69-c,Chinese: textured PEI plate
R-SUNLU-a47cd225-7892-4788-9c73-bd27bfd791f5,2,setting,other,G001-40,PLA Matte Dual-Color,Plate Treatment,无需处理,,,,,,,,,,,Recommended Printing Parameters,Plate Treatment | 无需处理,,new,,high,reader-r1-69-c,Chinese: no treatment needed
R-SUNLU-a47cd225-7892-4788-9c73-bd27bfd791f5,2,setting,fan,G001-40,PLA Matte Dual-Color,Cooling Fan,开☑/关☐,,,,,,,,,,,Recommended Printing Parameters,Cooling Fan | 开☑/关☐,,new,,high,reader-r1-69-c,open (开) box is ticked
R-SUNLU-a47cd225-7892-4788-9c73-bd27bfd791f5,2,setting,other,G001-40,PLA Matte Dual-Color,Raft Distance,0.2-0.4mm,0.2,0.4,mm,,,,,,,,Recommended Printing Parameters,Raft Distance | 0.2-0.4mm,,new,,high,reader-r1-69-c,
R-SUNLU-a47cd225-7892-4788-9c73-bd27bfd791f5,2,setting,other,G001-40,PLA Matte Dual-Color,Retraction Distance,0.8-1.2mm,0.8,1.2,mm,,,,,,,,Recommended Printing Parameters,Retraction Distance | 0.8-1.2mm,,new,,high,reader-r1-69-c,
R-SUNLU-a47cd225-7892-4788-9c73-bd27bfd791f5,2,setting,other,G001-40,PLA Matte Dual-Color,Retraction Speed,30-40mm/s,30,40,mm/s,,,,,,,,Recommended Printing Parameters,Retraction Speed | 30-40mm/s,,new,,high,reader-r1-69-c,
R-SUNLU-a47cd225-7892-4788-9c73-bd27bfd791f5,2,setting,chamber,G001-40,PLA Matte Dual-Color,Room Temp.,常温,,,,,,,,,,,Recommended Printing Parameters,Room Temp. | 常温,P0412,confirms,常温,high,reader-r1-69-c,Chinese: normal (room) temperature
R-SUNLU-a47cd225-7892-4788-9c73-bd27bfd791f5,2,setting,other,G001-40,PLA Matte Dual-Color,Supported Material,PVA,,,,,,,,,,,Recommended Printing Parameters,Supported Material | PVA,,new,,high,reader-r1-69-c,
R-SUNLU-a47cd225-7892-4788-9c73-bd27bfd791f5,2,setting,drying,G001-40,PLA Matte Dual-Color,Drying Temp.,50℃,50,,℃,,,,,,,,Recommended Printing Parameters,Drying Temp. | 50℃,P0412,confirms,50℃,high,reader-r1-69-c,no hours printed
R-SUNLU-a47cd225-7892-4788-9c73-bd27bfd791f5,2,none,,,,,,,,,,,,,,,,,,,,,high,reader-r1-69-c,specimen drawings (tensile and flexural) on this page; printing parameters transcribed above
R-SUNLU-a47cd225-7892-4788-9c73-bd27bfd791f5,3,context,all,G001-40,PLA Matte Dual-Color,Note [1],,,,,,,printed,,,,speed=160-270 mm/s; temp=220°C; infill=100%; raster=90°,Note,"[1] Test specimens were printed at a printing speed of 160-270 mm/s and a printing temperature of 220°C. Infill: 100%, with a 90° raster orientation.",,new,,high,reader-r1-69-c,
R-SUNLU-a47cd225-7892-4788-9c73-bd27bfd791f5,3,context,all,G001-40,PLA Matte Dual-Color,Note [2],,,,,,,,,,,,Note,[2] The typical values represent average laboratory data and are provided for reference only. They do not constitute product specifications. Results may vary depending on different printers.,,new,,high,reader-r1-69-c,
R-SUNLU-a47cd225-7892-4788-9c73-bd27bfd791f5,4,none,,,,,,,,,,,,,,,,,,,,,high,reader-r1-69-c,safety and handling text continued and legal disclaimer
R-SUNLU-ABS-FR-TDS-0,1,identity,grade,G027-14,ABS FR,Title,ABS FR,,,,,,,,,,,,ABS FR,,new,,high,reader-r1-69-c,
R-SUNLU-ABS-FR-TDS-0,1,identity,other,G027-14,ABS FR,Product features,UL94@1.6mm V-0 flame retardant material; High toughness,,,,,,,,,,,Product features,UL94@1.6mm V-0 flame retardant material | High toughness,,new,,high,reader-r1-69-c,
R-SUNLU-ABS-FR-TDS-0,1,value,Tensile strength (endpoint unspecified),G027-14,ABS FR,Tensile Strength（X-Y）,33 MPa,33,,MPa,=,X-Y,,,,ISO527/2,rate=50mm/min,Mechanical,Tensile Strength（X-Y） | ISO527/2 | 50mm/min | MPa | 33,V008577,confirms,33 MPa,high,reader-r1-69-c,
R-SUNLU-ABS-FR-TDS-0,1,value,Tensile modulus,G027-14,ABS FR,Young’s Modulus（X-Y）,/,,,MPa,,X-Y,,,,ISO527/2,rate=1mm/min,Mechanical,Young’s Modulus（X-Y） | ISO527/2 | 1mm/min | MPa | /,,new,,high,reader-r1-69-c,cell holds only a slash: no value published
R-SUNLU-ABS-FR-TDS-0,1,value,Elongation at break,G027-14,ABS FR,Elongation at break（X-Y）,10 %,10,,%,=,X-Y,,,,ISO527/2,rate=50mm/min,Mechanical,Elongation at break（X-Y） | ISO527/2 | 50mm/min | % | 10,V008578,confirms,10 %,high,reader-r1-69-c,
R-SUNLU-ABS-FR-TDS-0,1,value,Flexural strength,G027-14,ABS FR,Flexural Strength（X-Y）,54 MPa,54,,MPa,=,X-Y,,,,ISO178,rate=2mm/min,Mechanical,Flexural Strength（X-Y） | ISO178 | 2mm/min | MPa | 54,V008579,confirms,54 MPa,high,reader-r1-69-c,
R-SUNLU-ABS-FR-TDS-0,1,value,Flexural modulus,G027-14,ABS FR,Flexural Modulus（X-Y）,2154 MPa,2154,,MPa,=,X-Y,,,,ISO178,rate=2mm/min,Mechanical,Flexural Modulus（X-Y） | ISO178 | 2mm/min | MPa | 2154,V008580,confirms,2154 MPa,high,reader-r1-69-c,
R-SUNLU-ABS-FR-TDS-0,1,value,Izod impact strength,G027-14,ABS FR,IZOD Impact Notched（X-Y）,13 KJ/m²,13,,KJ/m²,=,X-Y,,,,ISO180,temp=23℃,Mechanical,IZOD Impact Notched（X-Y） | ISO180 | 23℃ | KJ/m | 13,V008581,confirms,13 KJ/m2,high,reader-r1-69-c,notched
R-SUNLU-ABS-FR-TDS-0,1,value,Izod impact strength,G027-14,ABS FR,IZOD Impact Notched (Z-X),20 KJ/m²,20,,KJ/m²,=,Z-X,,,,ISO180,temp=23℃,Mechanical,IZOD Impact Notched (Z-X) | ISO180 | 23℃ | KJ/m | 20,V008582,confirms,20 KJ/m2,high,reader-r1-69-c,notched
R-SUNLU-ABS-FR-TDS-0,1,value,Hardness,G027-14,ABS FR,Shore hardness,72 HD,72,,HD,=,,,,,ISO868,temp=23℃,Mechanical,Shore hardness | ISO868 | 23℃ | HD | 72,,new,,high,reader-r1-69-c,
R-SUNLU-ABS-FR-TDS-0,1,value,HDT,G027-14,ABS FR,Heat Deflection (HDT),84 ℃,84,,℃,=,,,,,ISO75,load=0.45MPa,Thermal,Heat Deflection (HDT) | ISO75 | 0.45MPa | ℃ | 84,V008583,confirms,84 ℃,high,reader-r1-69-c,
R-SUNLU-ABS-FR-TDS-0,1,value,Glass transition temperature,G027-14,ABS FR,Glass Transition(Tg),/,,,℃,,,,,,ISO11357-3,rate=10℃/min,Thermal,Glass Transition(Tg) | ISO11357-3 | 10℃/min | ℃ | /,,new,,high,reader-r1-69-c,cell holds only a slash
R-SUNLU-ABS-FR-TDS-0,1,value,Melting temperature,G027-14,ABS FR,Melting Point,132 ℃,132,,℃,=,,,,,ISO11357-3,rate=10℃/min,Thermal,Melting Point | ISO11357-3 | 10℃/min | ℃ | 132,V008584,confirms,132 ℃,high,reader-r1-69-c,
R-SUNLU-ABS-FR-TDS-0,1,value,Decomposition temperature,G027-14,ABS FR,@5%Decomposition Temp.,≥375 ℃,375,,℃,,,,,,ISO11358,rate=20℃/min,Thermal,@5%Decomposition Temp. | ISO11358 | 20℃/min | ℃ | ≥375,V008585,confirms,375 ℃,high,reader-r1-69-c,page prints ≥375: held value drops the bound
R-SUNLU-ABS-FR-TDS-0,1,value,Vicat softening temperature,G027-14,ABS FR,Vicat Softening Temp.,/,,,℃,,,,,,ISO306,load=5kg; rate=50℃/h,Thermal,"Vicat Softening Temp. | ISO306 | 5kg,50℃/h | ℃ | /",,new,,high,reader-r1-69-c,cell holds only a slash
R-SUNLU-ABS-FR-TDS-0,1,value,Mould shrinkage,G027-14,ABS FR,Mold Shrinkage,0.4-0.9 %,0.4,0.9,%,=,,,,,ISO294,temp=23℃,Thermal,Mold Shrinkage | ISO294 | 23℃ | % | 0.4-0.9,V008586,confirms,0.4-0.9 %,high,reader-r1-69-c,
R-SUNLU-ABS-FR-TDS-0,1,value,Coefficient of thermal expansion,G027-14,ABS FR,Coefficient of Thermal Exp.,60.7 ㎛/(m·℃),60.7,,㎛/(m·℃),=,,,,,ISO11359-2,,Thermal,Coefficient of Thermal Exp. | ISO11359-2 | 60.7,,new,,high,reader-r1-69-c,
R-SUNLU-ABS-FR-TDS-0,1,value,Melt mass-flow rate,G027-14,ABS FR,Melt Flow Rate,1.7 g/10min,1.7,,g/10min,=,,,,,ISO1133,temp=190℃; load=2.16kg,Others,Melt Flow Rate | ISO1133 | 190℃/2.16kg | g/10min | 1.7,V008587,confirms,1.7 g/10min,high,reader-r1-69-c,
R-SUNLU-ABS-FR-TDS-0,1,value,Density,G027-14,ABS FR,Density,1.10 g/cm³,1.10,,g/cm³,=,,,,,ISO1183,temp=23℃,Others,Density | ISO1183 | 23℃ | 1.10,V008588,confirms,1.10 g/cm3,high,reader-r1-69-c,
R-SUNLU-ABS-FR-TDS-0,1,value,Volume resistivity,G027-14,ABS FR,Volume Resistivity,6.75*10^14 ohm-cm,6.75,,ohm-cm,=,,,,,IEC60093,,Others,Volume Resistivity | IEC60093 | - | ohm-cm | 6.75*10,,new,,medium,reader-r1-69-c,value printed as 6.75*10 with superscript 14 (a power of ten)
R-SUNLU-ABS-FR-TDS-0,1,value,Relative permittivity,G027-14,ABS FR,Dielectric Constant,2.64,2.64,,,=,,,,,IEC60250,freq=1kHz,Others,Dielectric Constant | IEC60250 | 1kHz | 2.64,,new,,high,reader-r1-69-c,no unit printed
R-SUNLU-ABS-FR-TDS-0,1,value,unmapped:Flammability,G027-14,ABS FR,Flammability,V-0,,,Class,,,,,,UL94,thickness=1.5mm,Others,Flammability | UL94 | 1.5mm | Class | V-0,,new,,high,reader-r1-69-c,
R-SUNLU-ABS-FR-TDS-0,1,value,unmapped:Chemical resistance Weak Acid (pH 3-6),G027-14,ABS FR,Weak Acid (pH 3-6),Excellent,,,,,,,,,,,Chemical resistance,Weak Acid (pH 3-6) | Excellent,,new,,high,reader-r1-69-c,
R-SUNLU-ABS-FR-TDS-0,1,value,unmapped:Chemical resistance Strong Acid (pH<3),G027-14,ABS FR,Strong Acid (pH<3),Fair,,,,,,,,,,,Chemical resistance,Strong Acid (pH<3) | Fair,,new,,high,reader-r1-69-c,
R-SUNLU-ABS-FR-TDS-0,1,value,unmapped:Chemical resistance Weak Bases (pH 8-10),G027-14,ABS FR,Weak Bases (pH 8-10),Excellent,,,,,,,,,,,Chemical resistance,Weak Bases （pH 8-10) | Excellent,,new,,high,reader-r1-69-c,
R-SUNLU-ABS-FR-TDS-0,1,value,unmapped:Chemical resistance Strong Bases (pH >10),G027-14,ABS FR,Strong Bases (pH >10),Excellent,,,,,,,,,,,Chemical resistance,Strong Bases (pH >10) | Excellent,,new,,high,reader-r1-69-c,
R-SUNLU-ABS-FR-TDS-0,1,value,unmapped:Chemical resistance Deionized Water,G027-14,ABS FR,Deionized Water,Excellent,,,,,,,,,,,Chemical resistance,Deionized Water | Excellent,,new,,high,reader-r1-69-c,
R-SUNLU-ABS-FR-TDS-0,1,value,unmapped:Chemical resistance Alcohol,G027-14,ABS FR,Alcohol,Good,,,,,,,,,,,Chemical resistance,Alcohol | Good,,new,,high,reader-r1-69-c,
R-SUNLU-ABS-FR-TDS-0,1,value,unmapped:Chemical resistance Ketone,G027-14,ABS FR,Ketone,Poor,,,,,,,,,,,Chemical resistance,Ketone | Poor,,new,,high,reader-r1-69-c,
R-SUNLU-ABS-FR-TDS-0,1,value,unmapped:Chemical resistance Petroleum Fuels,G027-14,ABS FR,Petroleum Fuels,Good,,,,,,,,,,,Chemical resistance,Petroleum Fuels | Good,,new,,high,reader-r1-69-c,
R-SUNLU-ABS-FR-TDS-0,2,value,unmapped:Chemical resistance Ester,G027-14,ABS FR,Ester,Fair,,,,,,,,,,,Chemical resistance,Ester | Fair,,new,,high,reader-r1-69-c,
R-SUNLU-ABS-FR-TDS-0,2,setting,nozzle,G027-14,ABS FR,Nozzle Print Temp. (row 1),240-250 ℃,240,250,℃,,,,,,,,Recommended Printing Parameters,Nozzle Print Temp. | 240-250 | 50-100,P0798,confirms,240-250; 250-260,high,reader-r1-69-c,two nozzle rows each with its own speed; held profile holds both
R-SUNLU-ABS-FR-TDS-0,2,setting,print_speed,G027-14,ABS FR,Nozzle Print Temp. Speed (row 1),50-100 mm/s,50,100,mm/s,,,,,,,,Recommended Printing Parameters,240-250 | 50-100,,new,,high,reader-r1-69-c,
R-SUNLU-ABS-FR-TDS-0,2,setting,nozzle,G027-14,ABS FR,Nozzle Print Temp. (row 2),250-260 ℃,250,260,℃,,,,,,,,Recommended Printing Parameters,250-260 | 100-00,P0798,confirms,240-250; 250-260,high,reader-r1-69-c,
R-SUNLU-ABS-FR-TDS-0,2,setting,print_speed,G027-14,ABS FR,Nozzle Print Temp. Speed (row 2),100-00 mm/s,100,,mm/s,,,,,,,,Recommended Printing Parameters,250-260 | 100-00,,new,,medium,reader-r1-69-c,printed as 100-00 (apparent typo for 100-200 or similar); upper end not readable as a number
R-SUNLU-ABS-FR-TDS-0,2,setting,bed,G027-14,ABS FR,Print Platform Temp.,80-100℃,80,100,℃,,,,,,,,Recommended Printing Parameters,Print Platform Temp. | 80-100℃,P0798,confirms,80-100℃,high,reader-r1-69-c,
R-SUNLU-ABS-FR-TDS-0,2,setting,plate,G027-14,ABS FR,Print Platform Material,Normal,,,,,,,,,,,Recommended Printing Parameters,Print Platform Material | Normal,,new,,high,reader-r1-69-c,
R-SUNLU-ABS-FR-TDS-0,2,setting,other,G027-14,ABS FR,Print Platform Treatment,GLUE,,,,,,,,,,,Recommended Printing Parameters,Print Platform Treatment | GLUE,,new,,high,reader-r1-69-c,
R-SUNLU-ABS-FR-TDS-0,2,setting,fan,G027-14,ABS FR,Cool Fan,On☑/Off☐,,,,,,,,,,,Recommended Printing Parameters,Cool Fan | On☑/Off☐,,new,,high,reader-r1-69-c,On box is ticked
R-SUNLU-ABS-FR-TDS-0,2,setting,other,G027-14,ABS FR,Raft Distance,0.4-0.6mm,0.4,0.6,mm,,,,,,,,Recommended Printing Parameters,Raft Distance | 0.4-0.6mm,,new,,high,reader-r1-69-c,
R-SUNLU-ABS-FR-TDS-0,2,setting,other,G027-14,ABS FR,Retraction Distance,0.8-1.2mm,0.8,1.2,mm,,,,,,,,Recommended Printing Parameters,Retraction Distance | 0.8-1.2mm,,new,,high,reader-r1-69-c,
R-SUNLU-ABS-FR-TDS-0,2,setting,other,G027-14,ABS FR,Retraction Speed,30-40mm/s,30,40,mm/s,,,,,,,,Recommended Printing Parameters,Retraction Speed | 30-40mm/s,,new,,high,reader-r1-69-c,
R-SUNLU-ABS-FR-TDS-0,2,setting,chamber,G027-14,ABS FR,Room Temp.,Normal temperature,,,,,,,,,,,Recommended Printing Parameters,Room Temp. | Normal temperature,P0798,confirms,Normal temperature,high,reader-r1-69-c,
R-SUNLU-ABS-FR-TDS-0,2,setting,other,G027-14,ABS FR,Support Material,PVA,,,,,,,,,,,Recommended Printing Parameters,Support Material | PVA,,new,,high,reader-r1-69-c,
R-SUNLU-ABS-FR-TDS-0,2,setting,drying,G027-14,ABS FR,Drying Temp.,50℃,50,,℃,,,,,,,,Recommended Printing Parameters,Drying Temp. | 50℃,P0798,confirms,50℃,high,reader-r1-69-c,no hours printed
R-SUNLU-ABS-FR-TDS-0,2,none,,,,,,,,,,,,,,,,,,,,,high,reader-r1-69-c,specimen drawings (tensile and flexural) on this page; printing parameters transcribed above
R-SUNLU-ABS-FR-TDS-0,3,context,all,G027-14,ABS FR,Note [1],,,,,,,printed,,,,speed=45 mm/s; temp=240 ℃; infill=100%; raster=90 degrees,Note,"[1] Test the spline printing speed 45 mm/s,print temperature 240 ℃,Fill 100%,the cabling mode is 90 degrees",,new,,high,reader-r1-69-c,
R-SUNLU-ABS-FR-TDS-0,3,context,all,G027-14,ABS FR,Note [2],,,,,,,,,,,,Note,"[2] Typical value refers to the laboratory average data, only for use as a reference, not as the standard of the product, different printers have different printing.",,new,,high,reader-r1-69-c,
R-SUNLU-ABS-FR-TDS-0,4,none,,,,,,,,,,,,,,,,,,,,,high,reader-r1-69-c,legal disclaimer only
R-SUNLU-bbd3e778-b424-49b7-b203-058327f2f6fc,1,identity,grade,G001-41,PLA Rainbow,Product Name,PLA Rainbow,,,,,,,,,,,,Product Name: PLA Rainbow,,new,,high,reader-r1-69-c,
R-SUNLU-bbd3e778-b424-49b7-b203-058327f2f6fc,1,identity,other,G001-41,PLA Rainbow,Product features,High flowability enabling fast printing at lower temperatures; available in multiple colors,,,,,,,,,,,Product features,"High flowability, enabling fast printing at lower temperatures. Available in multiple colors.",,new,,high,reader-r1-69-c,
R-SUNLU-bbd3e778-b424-49b7-b203-058327f2f6fc,1,identity,other,G001-41,PLA Rainbow,Points for attention,Drying can help reduce stringing.,,,,,,,,,,,Points for attention,Drying can help reduce stringing.,,new,,high,reader-r1-69-c,
R-SUNLU-bbd3e778-b424-49b7-b203-058327f2f6fc,1,value,Tensile strength (endpoint unspecified),G001-41,PLA Rainbow,(X-Y) Tensile Strength,50±5 MPa,50,,MPa,=,X-Y,,,,ISO 527/2,rate=50 mm/min,Mechanical,(X-Y) Tensile Strength | ISO 527/2 | 50 mm/min | MPa | 50±5,V004710,confirms,50 ± 5 MPa,high,reader-r1-69-c,
R-SUNLU-bbd3e778-b424-49b7-b203-058327f2f6fc,1,value,Tensile modulus,G001-41,PLA Rainbow,(X-Y) Young’s Modulus,/,,,MPa,,X-Y,,,,ISO 527/2,rate=1 mm/min,Mechanical,(X-Y) Young’s Modulus | ISO 527/2 | 1 mm/min | MPa | /,,new,,high,reader-r1-69-c,cell holds only a slash: no value published
R-SUNLU-bbd3e778-b424-49b7-b203-058327f2f6fc,1,value,Elongation at break,G001-41,PLA Rainbow,(X-Y) Elongation at break,10±3 %,10,,%,=,X-Y,,,,ISO 527/2,rate=50 mm/min,Mechanical,(X-Y) Elongation at break | ISO 527/2 | 50 mm/min | % | 10±3,V004711,confirms,10 ± 3 %,high,reader-r1-69-c,
R-SUNLU-bbd3e778-b424-49b7-b203-058327f2f6fc,1,value,Flexural strength,G001-41,PLA Rainbow,(X-Y) Flexural Strength,85±6 MPa,85,,MPa,=,X-Y,,,,ISO 178,rate=2 mm/min,Mechanical,(X-Y) Flexural Strength | ISO 178 | 2 mm/min | MPa | 85±6,V004712,confirms,85 ± 6 MPa,high,reader-r1-69-c,
R-SUNLU-bbd3e778-b424-49b7-b203-058327f2f6fc,1,value,Flexural modulus,G001-41,PLA Rainbow,(X-Y) Flexural Modulus,2900±300 MPa,2900,,MPa,=,X-Y,,,,ISO 178,rate=2 mm/min,Mechanical,(X-Y) Flexural Modulus | ISO 178 | 2 mm/min | MPa | 2900±300,V004713,confirms,2900 ± 300 MPa,high,reader-r1-69-c,
R-SUNLU-bbd3e778-b424-49b7-b203-058327f2f6fc,1,value,Izod impact strength,G001-41,PLA Rainbow,(X-Y) Izod Impact Strength of Notched Specimen,6.5±2.5 KJ/m²,6.5,,KJ/m²,=,X-Y,,,,ISO 180,temp=23℃,Mechanical,(X-Y) Izod Impact Strength of Notched | ISO 180 | 23℃ | 6.5±2.5,V004714,confirms,6.5 ± 2.5 KJ/m2,high,reader-r1-69-c,notched specimen
R-SUNLU-bbd3e778-b424-49b7-b203-058327f2f6fc,1,value,Izod impact strength,G001-41,PLA Rainbow,(Z-X) Izod Impact Strength of Unnotched Specimen,8±3 KJ/m²,8,,KJ/m²,=,Z-X,,,,ISO 180,temp=23℃,Mechanical,(Z-X) Izod Impact Strength of Unnotched | ISO 180 | 23℃ | 8±3,V004715,confirms,8 ± 3 KJ/m2,high,reader-r1-69-c,unnotched specimen
R-SUNLU-bbd3e778-b424-49b7-b203-058327f2f6fc,1,value,Hardness,G001-41,PLA Rainbow,Shore Hardness,83.5,83.5,,HA/HD,=,,,,,ISO 868,temp=23℃,Mechanical,Shore Hardness | ISO 868 | 23℃ | HA/HD | 83.5,V004716,confirms,83.5,high,reader-r1-69-c,unit printed HA/HD: scale not stated
R-SUNLU-bbd3e778-b424-49b7-b203-058327f2f6fc,1,value,HDT,G001-41,PLA Rainbow,(X-Y) Heat Distortion (HDT),57±3 ℃,57,,℃,=,X-Y,,,,ISO 75,load=0.45 MPa,Thermal,(X-Y) Heat Distortion (HDT) | ISO 75 | 0.45 MPa | ℃ | 57±3,V004717,confirms,57 ± 3 ℃,high,reader-r1-69-c,
R-SUNLU-bbd3e778-b424-49b7-b203-058327f2f6fc,1,value,Glass transition temperature,G001-41,PLA Rainbow,Glass Transition (Tg),63 ℃,63,,℃,=,,,,,ISO 11357-2,rate=10 ℃/min,Thermal,Glass Transition (Tg) | ISO 11357-2 | 10 ℃/min | ℃ | 63,V004718,confirms,63 ℃,high,reader-r1-69-c,
R-SUNLU-bbd3e778-b424-49b7-b203-058327f2f6fc,1,value,Melting temperature,G001-41,PLA Rainbow,Melting Temperature,164 ℃,164,,℃,=,,,,,ISO 11357-3,rate=10 ℃/min,Thermal,Melting Temperature | ISO 11357-3 | 10 ℃/min | ℃ | 164,V004719,confirms,164 ℃,high,reader-r1-69-c,
R-SUNLU-bbd3e778-b424-49b7-b203-058327f2f6fc,1,value,Decomposition temperature,G001-41,PLA Rainbow,@5%Decomposition Temp.,≥374 ℃,374,,℃,,,,,,ISO 11358,rate=20 ℃/min,Thermal,@5%Decomposition Temp. | ISO 11358 | 20 ℃/min | ℃ | ≥374,,new,,high,reader-r1-69-c,printed with a greater-or-equal sign (not > or <)
R-SUNLU-bbd3e778-b424-49b7-b203-058327f2f6fc,1,value,Vicat softening temperature,G001-41,PLA Rainbow,Vicat Softening Temp.,54 ℃,54,,℃,=,,,,,ISO 306,load=5kg; rate=50℃/h,Thermal,"Vicat Softening Temp. | ISO 306 | 5kg, 50℃/h | ℃ | 54",V004720,confirms,54 ℃,high,reader-r1-69-c,
R-SUNLU-bbd3e778-b424-49b7-b203-058327f2f6fc,1,value,Mould shrinkage,G001-41,PLA Rainbow,Moulding Shrinkage,0.1-0.3 %,0.1,0.3,%,=,,,,,ISO 294,temp=23℃,Thermal,Moulding Shrinkage | ISO 294 | 23℃ | % | 0.1-0.3,,new,,high,reader-r1-69-c,
R-SUNLU-bbd3e778-b424-49b7-b203-058327f2f6fc,1,value,Coefficient of thermal expansion,G001-41,PLA Rainbow,Coefficient of Thermal Exp.,101 × 10-6 ㎛/(m·℃),101,,㎛/(m·℃),=,,,,,ISO 11359-2,,Thermal,Coefficient of Thermal Exp. | ISO 11359-2 | 101 × 10-6,,new,,medium,reader-r1-69-c,value printed with a power of ten (×10-6) beside unit ㎛/(m·℃)
R-SUNLU-bbd3e778-b424-49b7-b203-058327f2f6fc,1,value,Melt mass-flow rate,G001-41,PLA Rainbow,Melt Mass-flow Rate,5±2 g/10 min,5,,g/10 min,=,,,,,ISO 1133,temp=190℃; load=2.16 kg,Others,Melt Mass-flow Rate | ISO 1133 | 190℃/2.16 kg | g/10 min | 5±2,V004721,confirms,5 ± 2 g/10 min,high,reader-r1-69-c,
R-SUNLU-bbd3e778-b424-49b7-b203-058327f2f6fc,1,value,Density,G001-41,PLA Rainbow,Density,1.21 g/cm³,1.21,,g/cm³,=,,,,,ISO 1183,temp=23℃,Others,Density | ISO 1183 | 23℃ | 1.21,V004722,confirms,1.21 g/cm3,high,reader-r1-69-c,
R-SUNLU-bbd3e778-b424-49b7-b203-058327f2f6fc,1,value,Volume resistivity,G001-41,PLA Rainbow,Volume Resistivity,2.90E+15 ohm-cm,2.90E+15,,ohm-cm,=,,,,,IEC 60093,,Others,Volume Resistivity | IEC 60093 | - | ohm-cm | 2.90E+15,,new,,high,reader-r1-69-c,
R-SUNLU-bbd3e778-b424-49b7-b203-058327f2f6fc,1,value,Relative permittivity,G001-41,PLA Rainbow,Permittivity,1.51,1.51,,,=,,,,,IEC 60250,freq=1 kHz,Others,Permittivity | IEC 60250 | 1 kHz | 1.51,,new,,high,reader-r1-69-c,no unit printed
R-SUNLU-bbd3e778-b424-49b7-b203-058327f2f6fc,1,value,unmapped:Flammability,G001-41,PLA Rainbow,Flammability,HB,,,Class,,,,,,UL 94,thickness=1.5 mm,Others,Flammability | UL 94 | 1.5 mm | Class | HB,,new,,high,reader-r1-69-c,
R-SUNLU-bbd3e778-b424-49b7-b203-058327f2f6fc,1,value,unmapped:Chemical resistance Weak Acid (pH 3-6),G001-41,PLA Rainbow,Weak Acid (pH 3-6),Good,,,,,,,,,,,Chemical,Weak Acid (pH 3-6) | Good,,new,,high,reader-r1-69-c,
R-SUNLU-bbd3e778-b424-49b7-b203-058327f2f6fc,1,value,unmapped:Chemical resistance Strong Acid (pH<3),G001-41,PLA Rainbow,Strong Acid (pH<3),Bad,,,,,,,,,,,Chemical,Strong Acid (pH<3) | Bad,,new,,high,reader-r1-69-c,
R-SUNLU-bbd3e778-b424-49b7-b203-058327f2f6fc,2,value,unmapped:Chemical resistance Weak Bases (pH 8-10),G001-41,PLA Rainbow,Weak Bases (pH 8-10),Good,,,,,,,,,,,Chemical,Weak Bases (pH 8-10) | Good,,new,,high,reader-r1-69-c,
R-SUNLU-bbd3e778-b424-49b7-b203-058327f2f6fc,2,value,unmapped:Chemical resistance Strong Bases (pH >10),G001-41,PLA Rainbow,Strong Bases (pH >10),Bad,,,,,,,,,,,Chemical,Strong Bases (pH >10) | Bad,,new,,high,reader-r1-69-c,
R-SUNLU-bbd3e778-b424-49b7-b203-058327f2f6fc,2,value,unmapped:Chemical resistance Deionized Water,G001-41,PLA Rainbow,Deionized Water,Good,,,,,,,,,,,Chemical,Deionized Water | Good,,new,,high,reader-r1-69-c,
R-SUNLU-bbd3e778-b424-49b7-b203-058327f2f6fc,2,value,unmapped:Chemical resistance Alcohol,G001-41,PLA Rainbow,Alcohol,Normal,,,,,,,,,,,Chemical,Alcohol | Normal,,new,,high,reader-r1-69-c,
R-SUNLU-bbd3e778-b424-49b7-b203-058327f2f6fc,2,value,unmapped:Chemical resistance Ketone,G001-41,PLA Rainbow,Ketone,Bad,,,,,,,,,,,Chemical,Ketone | Bad,,new,,high,reader-r1-69-c,
R-SUNLU-bbd3e778-b424-49b7-b203-058327f2f6fc,2,value,unmapped:Chemical resistance Petroleum Fuels,G001-41,PLA Rainbow,Petroleum Fuels,Good,,,,,,,,,,,Chemical,Petroleum Fuels | Good,,new,,high,reader-r1-69-c,
R-SUNLU-bbd3e778-b424-49b7-b203-058327f2f6fc,2,value,unmapped:Chemical resistance Ester,G001-41,PLA Rainbow,Ester,Good,,,,,,,,,,,Chemical,Ester | Good,,new,,high,reader-r1-69-c,
R-SUNLU-bbd3e778-b424-49b7-b203-058327f2f6fc,2,setting,nozzle,G001-41,PLA Rainbow,Nozzle Temp. (row 1),185-195 ℃,185,195,℃,,,,,,,,Recommended Printing Parameters,Nozzle Temp. | 185-195 | 50-100,P0420,confirms,185-195; 195-225,high,reader-r1-69-c,two nozzle rows each with its own speed; held profile holds both
R-SUNLU-bbd3e778-b424-49b7-b203-058327f2f6fc,2,setting,print_speed,G001-41,PLA Rainbow,Nozzle Temp. Speed (row 1),50-100 mm/s,50,100,mm/s,,,,,,,,Recommended Printing Parameters,185-195 | 50-100,,new,,high,reader-r1-69-c,
R-SUNLU-bbd3e778-b424-49b7-b203-058327f2f6fc,2,setting,nozzle,G001-41,PLA Rainbow,Nozzle Temp. (row 2),195-225 ℃,195,225,℃,,,,,,,,Recommended Printing Parameters,195-225 | 100-200,P0420,confirms,185-195; 195-225,high,reader-r1-69-c,
R-SUNLU-bbd3e778-b424-49b7-b203-058327f2f6fc,2,setting,print_speed,G001-41,PLA Rainbow,Nozzle Temp. Speed (row 2),100-200 mm/s,100,200,mm/s,,,,,,,,Recommended Printing Parameters,195-225 | 100-200,,new,,high,reader-r1-69-c,
R-SUNLU-bbd3e778-b424-49b7-b203-058327f2f6fc,2,setting,bed,G001-41,PLA Rainbow,Plate Temp.,50-60℃,50,60,℃,,,,,,,,Recommended Printing Parameters,Plate Temp. | 50-60℃,P0420,confirms,50-60℃,high,reader-r1-69-c,
R-SUNLU-bbd3e778-b424-49b7-b203-058327f2f6fc,2,setting,plate,G001-41,PLA Rainbow,Plate Material,Textured PEI Build Plate,,,,,,,,,,,Recommended Printing Parameters,Plate Material | Textured PEI Build Plate,P0420,confirms,Textured PEI Build Plate,high,reader-r1-69-c,
R-SUNLU-bbd3e778-b424-49b7-b203-058327f2f6fc,2,setting,other,G001-41,PLA Rainbow,Plate Treatment,No processing required,,,,,,,,,,,Recommended Printing Parameters,Plate Treatment | No processing required,,new,,high,reader-r1-69-c,
R-SUNLU-bbd3e778-b424-49b7-b203-058327f2f6fc,2,setting,fan,G001-41,PLA Rainbow,Cooling Fan,Open☑/Close☐,,,,,,,,,,,Recommended Printing Parameters,Cooling Fan | Open☑/Close☐,,new,,high,reader-r1-69-c,Open box is ticked
R-SUNLU-bbd3e778-b424-49b7-b203-058327f2f6fc,2,setting,other,G001-41,PLA Rainbow,Raft Distance,0.2-0.4mm,0.2,0.4,mm,,,,,,,,Recommended Printing Parameters,Raft Distance | 0.2-0.4mm,,new,,high,reader-r1-69-c,
R-SUNLU-bbd3e778-b424-49b7-b203-058327f2f6fc,2,setting,other,G001-41,PLA Rainbow,Retraction Distance,0.8-1.2mm,0.8,1.2,mm,,,,,,,,Recommended Printing Parameters,Retraction Distance | 0.8-1.2mm,,new,,high,reader-r1-69-c,
R-SUNLU-bbd3e778-b424-49b7-b203-058327f2f6fc,2,setting,other,G001-41,PLA Rainbow,Retraction Speed,30-40mm/s,30,40,mm/s,,,,,,,,Recommended Printing Parameters,Retraction Speed | 30-40mm/s,,new,,high,reader-r1-69-c,
R-SUNLU-bbd3e778-b424-49b7-b203-058327f2f6fc,2,setting,chamber,G001-41,PLA Rainbow,Room Temp.,Room Temperature,,,,,,,,,,,Recommended Printing Parameters,Room Temp. | Room Temperature,P0420,confirms,Room Temperature,high,reader-r1-69-c,
R-SUNLU-bbd3e778-b424-49b7-b203-058327f2f6fc,2,setting,other,G001-41,PLA Rainbow,Supported Material,PVA,,,,,,,,,,,Recommended Printing Parameters,Supported Material | PVA,,new,,high,reader-r1-69-c,
R-SUNLU-bbd3e778-b424-49b7-b203-058327f2f6fc,2,setting,drying,G001-41,PLA Rainbow,Drying Temp.,50℃,50,,℃,,,,,,,,Recommended Printing Parameters,Drying Temp. | 50℃,P0420,confirms,50℃,high,reader-r1-69-c,no hours printed
R-SUNLU-bbd3e778-b424-49b7-b203-058327f2f6fc,2,none,,,,,,,,,,,,,,,,,,,,,high,reader-r1-69-c,tensile specimen drawing; printing parameters transcribed above
R-SUNLU-bbd3e778-b424-49b7-b203-058327f2f6fc,3,context,all,G001-41,PLA Rainbow,Note [1],,,,,,,printed,,,,speed=100-260 mm/s; temp=220 °C; infill=100%; raster=90°,Note,"[1] Test specimens were printed at a printing speed of 100-260 mm/s and a printing temperature of 220 °C. Infill: 100%, with a 90° raster orientation.",,new,,high,reader-r1-69-c,
R-SUNLU-bbd3e778-b424-49b7-b203-058327f2f6fc,3,context,all,G001-41,PLA Rainbow,Note [2],,,,,,,,,,,,Note,[2] The typical values represent average laboratory data and are provided for reference only. They do not constitute product specifications. Results may vary depending on different printers.,,new,,high,reader-r1-69-c,
R-SUNLU-bbd3e778-b424-49b7-b203-058327f2f6fc,4,none,,,,,,,,,,,,,,,,,,,,,high,reader-r1-69-c,safety and handling text continued and legal disclaimer
R-SUNLU-bbf6d99b-179f-4eee-a7d6-505d125658cd,1,identity,grade,G001-36,PLA Lite,Product Name,PLA Lite,,,,,,,,,,,,Product Name: PLA Lite,,new,,high,reader-r1-69-c,
R-SUNLU-bbf6d99b-179f-4eee-a7d6-505d125658cd,1,identity,other,G001-36,PLA Lite,Product features,"Fast printing, available in multiple colors.",,,,,,,,,,,Product features,"Fast printing, available in multiple colors.",,new,,high,reader-r1-69-c,
R-SUNLU-bbf6d99b-179f-4eee-a7d6-505d125658cd,1,value,Tensile strength (endpoint unspecified),G001-36,PLA Lite,(X-Y) Tensile Strength,27±4 MPa,27,,MPa,=,X-Y,,,,ISO 527/2,rate=50 mm/min,Mechanical,(X-Y) Tensile Strength | ISO 527/2 | 50 mm/min | MPa | 27±4,V004357,confirms,27 ± 4 MPa,high,reader-r1-69-c,
R-SUNLU-bbf6d99b-179f-4eee-a7d6-505d125658cd,1,value,Tensile modulus,G001-36,PLA Lite,(X-Y) Young’s Modulus,/,,,MPa,,X-Y,,,,ISO 527/2,rate=1 mm/min,Mechanical,(X-Y) Young’s Modulus | ISO 527/2 | 1 mm/min | MPa | /,,new,,high,reader-r1-69-c,cell holds only a slash: no value published
R-SUNLU-bbf6d99b-179f-4eee-a7d6-505d125658cd,1,value,Elongation at break,G001-36,PLA Lite,(X-Y) Elongation at break,20±7 %,20,,%,=,X-Y,,,,ISO 527/2,rate=50 mm/min,Mechanical,(X-Y) Elongation at break | ISO 527/2 | 50 mm/min | % | 20±7,V004358,confirms,20 ± 7 %,high,reader-r1-69-c,
R-SUNLU-bbf6d99b-179f-4eee-a7d6-505d125658cd,1,value,Flexural strength,G001-36,PLA Lite,(X-Y) Flexural Strength,50±6 MPa,50,,MPa,=,X-Y,,,,ISO 178,rate=2 mm/min,Mechanical,(X-Y) Flexural Strength | ISO 178 | 2 mm/min | MPa | 50±6,V004359,confirms,50 ± 6 MPa,high,reader-r1-69-c,
R-SUNLU-bbf6d99b-179f-4eee-a7d6-505d125658cd,1,value,Flexural modulus,G001-36,PLA Lite,(X-Y) Flexural Modulus,3300±400 MPa,3300,,MPa,=,X-Y,,,,ISO 178,rate=2 mm/min,Mechanical,(X-Y) Flexural Modulus | ISO 178 | 2 mm/min | MPa | 3300±400,V004360,confirms,3300 ± 400 MPa,high,reader-r1-69-c,
R-SUNLU-bbf6d99b-179f-4eee-a7d6-505d125658cd,1,value,Izod impact strength,G001-36,PLA Lite,(X-Y) Izod Impact Strength of Notched Specimen,8±3 KJ/m²,8,,KJ/m²,=,X-Y,,,,ISO 180,temp=23℃,Mechanical,(X-Y) Izod Impact Strength of Notched | ISO 180 | 23℃ | 8±3,V004361,confirms,8 ± 3 KJ/m2,high,reader-r1-69-c,notched specimen
R-SUNLU-bbf6d99b-179f-4eee-a7d6-505d125658cd,1,value,Izod impact strength,G001-36,PLA Lite,(Z-X) Izod Impact Strength of Unnotched Specimen,5±2 KJ/m²,5,,KJ/m²,=,Z-X,,,,ISO 180,temp=23℃,Mechanical,(Z-X) Izod Impact Strength of Unnotched | ISO 180 | 23℃ | 5±2,V004362,confirms,5 ± 2 KJ/m2,high,reader-r1-69-c,unnotched specimen
R-SUNLU-bbf6d99b-179f-4eee-a7d6-505d125658cd,1,value,Hardness,G001-36,PLA Lite,Shore Hardness,80.5,80.5,,HA/HD,=,,,,,ISO 868,temp=23℃,Mechanical,Shore Hardness | ISO 868 | 23℃ | HA/HD | 80.5,V004363,confirms,80.5,high,reader-r1-69-c,unit printed HA/HD: scale not stated
R-SUNLU-bbf6d99b-179f-4eee-a7d6-505d125658cd,1,value,HDT,G001-36,PLA Lite,(X-Y) Heat Distortion (HDT),55±3 ℃,55,,℃,=,X-Y,,,,ISO 75,load=0.45 MPa,Thermal,(X-Y) Heat Distortion (HDT) | ISO 75 | 0.45 MPa | ℃ | 55±3,V004364,confirms,55 ± 3 ℃,high,reader-r1-69-c,
R-SUNLU-bbf6d99b-179f-4eee-a7d6-505d125658cd,1,value,Glass transition temperature,G001-36,PLA Lite,Glass Transition (Tg),56 ℃,56,,℃,=,,,,,ISO 11357-2,rate=10 ℃/min,Thermal,Glass Transition (Tg) | ISO 11357-2 | 10 ℃/min | ℃ | 56,V004365,confirms,56 ℃,high,reader-r1-69-c,
R-SUNLU-bbf6d99b-179f-4eee-a7d6-505d125658cd,1,value,Melting temperature,G001-36,PLA Lite,Melting Temperature,158 ℃,158,,℃,=,,,,,ISO 11357-3,rate=10 ℃/min,Thermal,Melting Temperature | ISO 11357-3 | 10 ℃/min | ℃ | 158,V004366,confirms,158 ℃,high,reader-r1-69-c,
R-SUNLU-bbf6d99b-179f-4eee-a7d6-505d125658cd,1,value,Decomposition temperature,G001-36,PLA Lite,@5%Decomposition Temp.,/,,,℃,,,,,,ISO 11358,rate=20 ℃/min,Thermal,@5%Decomposition Temp. | ISO 11358 | 20 ℃/min | ℃ | /,,new,,high,reader-r1-69-c,cell holds only a slash
R-SUNLU-bbf6d99b-179f-4eee-a7d6-505d125658cd,1,value,Vicat softening temperature,G001-36,PLA Lite,Vicat Softening Temp.,/,,,℃,,,,,,ISO 306,load=5kg; rate=50℃/h,Thermal,"Vicat Softening Temp. | ISO 306 | 5kg, 50℃/h | ℃ | /",,new,,high,reader-r1-69-c,cell holds only a slash
R-SUNLU-bbf6d99b-179f-4eee-a7d6-505d125658cd,1,value,Mould shrinkage,G001-36,PLA Lite,Moulding Shrinkage,/,,,%,,,,,,ISO 294,temp=23℃,Thermal,Moulding Shrinkage | ISO 294 | 23℃ | % | /,,new,,high,reader-r1-69-c,cell holds only a slash
R-SUNLU-bbf6d99b-179f-4eee-a7d6-505d125658cd,1,value,Coefficient of thermal expansion,G001-36,PLA Lite,Coefficient of Thermal Exp.,/,,,㎛/(m·℃),,,,,,ISO 11359-2,,Thermal,Coefficient of Thermal Exp. | ISO 11359-2 | /,,new,,high,reader-r1-69-c,cell holds only a slash
R-SUNLU-bbf6d99b-179f-4eee-a7d6-505d125658cd,1,value,Melt mass-flow rate,G001-36,PLA Lite,Melt Mass-flow Rate,6±2 g/10 min,6,,g/10 min,=,,,,,ISO 1133,temp=190℃; load=2.16 kg,Others,Melt Mass-flow Rate | ISO 1133 | 190℃/2.16 kg | g/10 min | 6±2,V004367,confirms,6 ± 2 g/10 min,high,reader-r1-69-c,
R-SUNLU-bbf6d99b-179f-4eee-a7d6-505d125658cd,1,value,Density,G001-36,PLA Lite,Density,1.36 g/cm³,1.36,,g/cm³,=,,,,,ISO 1183,temp=23℃,Others,Density | ISO 1183 | 23℃ | 1.36,V004368,confirms,1.36 g/cm3,high,reader-r1-69-c,
R-SUNLU-bbf6d99b-179f-4eee-a7d6-505d125658cd,1,value,Volume resistivity,G001-36,PLA Lite,Volume Resistivity,/,,,ohm-cm,,,,,,IEC 60093,,Others,Volume Resistivity | IEC 60093 | - | ohm-cm | /,,new,,high,reader-r1-69-c,cell holds only a slash
R-SUNLU-bbf6d99b-179f-4eee-a7d6-505d125658cd,1,value,Relative permittivity,G001-36,PLA Lite,Permittivity,/,,,,,,,,,IEC 60250,freq=1 kHz,Others,Permittivity | IEC 60250 | 1 kHz | /,,new,,high,reader-r1-69-c,cell holds only a slash
R-SUNLU-bbf6d99b-179f-4eee-a7d6-505d125658cd,1,value,unmapped:Flammability,G001-36,PLA Lite,Flammability,/,,,Class,,,,,,UL 94,thickness=1.5 mm,Others,Flammability | UL 94 | 1.5 mm | Class | /,,new,,high,reader-r1-69-c,cell holds only a slash
R-SUNLU-bbf6d99b-179f-4eee-a7d6-505d125658cd,1,value,unmapped:Chemical resistance Weak Acid (pH 3-6),G001-36,PLA Lite,Weak Acid (pH 3-6),Good,,,,,,,,,,,Chemical,Weak Acid (pH 3-6) | Good,,new,,high,reader-r1-69-c,
R-SUNLU-bbf6d99b-179f-4eee-a7d6-505d125658cd,1,value,unmapped:Chemical resistance Strong Acid (pH<3),G001-36,PLA Lite,Strong Acid (pH<3),Bad,,,,,,,,,,,Chemical,Strong Acid (pH<3) | Bad,,new,,high,reader-r1-69-c,
R-SUNLU-bbf6d99b-179f-4eee-a7d6-505d125658cd,1,value,unmapped:Chemical resistance Weak Bases (pH 8-10),G001-36,PLA Lite,Weak Bases (pH 8-10),Good,,,,,,,,,,,Chemical,Weak Bases (pH 8-10) | Good,,new,,high,reader-r1-69-c,
R-SUNLU-bbf6d99b-179f-4eee-a7d6-505d125658cd,2,value,unmapped:Chemical resistance Strong Bases (pH >10),G001-36,PLA Lite,Strong Bases (pH >10),Bad,,,,,,,,,,,Chemical,Strong Bases (pH >10) | Bad,,new,,high,reader-r1-69-c,
R-SUNLU-bbf6d99b-179f-4eee-a7d6-505d125658cd,2,value,unmapped:Chemical resistance Deionized Water,G001-36,PLA Lite,Deionized Water,Good,,,,,,,,,,,Chemical,Deionized Water | Good,,new,,high,reader-r1-69-c,
R-SUNLU-bbf6d99b-179f-4eee-a7d6-505d125658cd,2,value,unmapped:Chemical resistance Alcohol,G001-36,PLA Lite,Alcohol,Normal,,,,,,,,,,,Chemical,Alcohol | Normal,,new,,high,reader-r1-69-c,
R-SUNLU-bbf6d99b-179f-4eee-a7d6-505d125658cd,2,value,unmapped:Chemical resistance Ketone,G001-36,PLA Lite,Ketone,Bad,,,,,,,,,,,Chemical,Ketone | Bad,,new,,high,reader-r1-69-c,
R-SUNLU-bbf6d99b-179f-4eee-a7d6-505d125658cd,2,value,unmapped:Chemical resistance Petroleum Fuels,G001-36,PLA Lite,Petroleum Fuels,Good,,,,,,,,,,,Chemical,Petroleum Fuels | Good,,new,,high,reader-r1-69-c,
R-SUNLU-bbf6d99b-179f-4eee-a7d6-505d125658cd,2,value,unmapped:Chemical resistance Ester,G001-36,PLA Lite,Ester,Good,,,,,,,,,,,Chemical,Ester | Good,,new,,high,reader-r1-69-c,
R-SUNLU-bbf6d99b-179f-4eee-a7d6-505d125658cd,2,setting,nozzle,G001-36,PLA Lite,Nozzle Temp.,200-260 ℃,200,260,℃,,,,,,,,Recommended Printing Parameters,Nozzle Temp. | 200-260 | ≤450,P0397,confirms,200-260,high,reader-r1-69-c,
R-SUNLU-bbf6d99b-179f-4eee-a7d6-505d125658cd,2,setting,print_speed,G001-36,PLA Lite,Nozzle Temp. Speed,≤450 mm/s,450,,mm/s,,,,,,,,Recommended Printing Parameters,200-260 | ≤450,,new,,high,reader-r1-69-c,printed with a less-or-equal sign
R-SUNLU-bbf6d99b-179f-4eee-a7d6-505d125658cd,2,setting,bed,G001-36,PLA Lite,Plate Temp.,50-60℃,50,60,℃,,,,,,,,Recommended Printing Parameters,Plate Temp. | 50-60℃,P0397,confirms,50-60℃,high,reader-r1-69-c,
R-SUNLU-bbf6d99b-179f-4eee-a7d6-505d125658cd,2,setting,plate,G001-36,PLA Lite,Plate Material,Textured PEI Build Plate,,,,,,,,,,,Recommended Printing Parameters,Plate Material | Textured PEI Build Plate,P0397,confirms,Textured PEI Build Plate,high,reader-r1-69-c,
R-SUNLU-bbf6d99b-179f-4eee-a7d6-505d125658cd,2,setting,other,G001-36,PLA Lite,Plate Treatment,No processing required,,,,,,,,,,,Recommended Printing Parameters,Plate Treatment | No processing required,,new,,high,reader-r1-69-c,
R-SUNLU-bbf6d99b-179f-4eee-a7d6-505d125658cd,2,setting,fan,G001-36,PLA Lite,Cooling Fan,Open☑/Close☐,,,,,,,,,,,Recommended Printing Parameters,Cooling Fan | Open☑/Close☐,,new,,high,reader-r1-69-c,Open box is ticked
R-SUNLU-bbf6d99b-179f-4eee-a7d6-505d125658cd,2,setting,other,G001-36,PLA Lite,Raft Distance,0.2-0.4mm,0.2,0.4,mm,,,,,,,,Recommended Printing Parameters,Raft Distance | 0.2-0.4mm,,new,,high,reader-r1-69-c,
R-SUNLU-bbf6d99b-179f-4eee-a7d6-505d125658cd,2,setting,other,G001-36,PLA Lite,Retraction Distance,0.8-1.2mm,0.8,1.2,mm,,,,,,,,Recommended Printing Parameters,Retraction Distance | 0.8-1.2mm,,new,,high,reader-r1-69-c,
R-SUNLU-bbf6d99b-179f-4eee-a7d6-505d125658cd,2,setting,other,G001-36,PLA Lite,Retraction Speed,30-40mm/s,30,40,mm/s,,,,,,,,Recommended Printing Parameters,Retraction Speed | 30-40mm/s,,new,,high,reader-r1-69-c,
R-SUNLU-bbf6d99b-179f-4eee-a7d6-505d125658cd,2,setting,chamber,G001-36,PLA Lite,Room Temp.,Room Temperature,,,,,,,,,,,Recommended Printing Parameters,Room Temp. | Room Temperature,P0397,confirms,Room Temperature,high,reader-r1-69-c,
R-SUNLU-bbf6d99b-179f-4eee-a7d6-505d125658cd,2,setting,other,G001-36,PLA Lite,Supported Material,PVA,,,,,,,,,,,Recommended Printing Parameters,Supported Material | PVA,,new,,high,reader-r1-69-c,
R-SUNLU-bbf6d99b-179f-4eee-a7d6-505d125658cd,2,setting,drying,G001-36,PLA Lite,Drying Temp.,50℃,50,,℃,,,,,,,,Recommended Printing Parameters,Drying Temp. | 50℃,P0397,confirms,50℃,high,reader-r1-69-c,no hours printed
R-SUNLU-bbf6d99b-179f-4eee-a7d6-505d125658cd,2,none,,,,,,,,,,,,,,,,,,,,,high,reader-r1-69-c,tensile specimen drawing; printing parameters transcribed above
R-SUNLU-bbf6d99b-179f-4eee-a7d6-505d125658cd,3,context,all,G001-36,PLA Lite,Note [1],,,,,,,printed,,,,speed=160-220 mm/s; temp=220 °C; infill=100%; raster=90°,Note,"[1] Test specimens were printed at a printing speed of 160-220 mm/s and a printing temperature of 220 °C. Infill: 100%, with a 90° raster orientation.",,new,,high,reader-r1-69-c,
R-SUNLU-bbf6d99b-179f-4eee-a7d6-505d125658cd,3,context,all,G001-36,PLA Lite,Note [2],,,,,,,,,,,,Note,[2] The typical values represent average laboratory data and are provided for reference only. They do not constitute product specifications. Results may vary depending on different printers.,,new,,high,reader-r1-69-c,
R-SUNLU-bbf6d99b-179f-4eee-a7d6-505d125658cd,4,none,,,,,,,,,,,,,,,,,,,,,high,reader-r1-69-c,safety and handling text continued and legal disclaimer
R-SUNLU-c7dd1bd8-a2c5-4908-bc1c-479ca23cbd3b,1,identity,grade,G039-18,TPU 90A,Product Name,TPU 90A,,,,,,,,,,,,Product Name:TPU 90A,,new,,high,reader-r1-69-c,
R-SUNLU-c7dd1bd8-a2c5-4908-bc1c-479ca23cbd3b,1,identity,other,G039-18,TPU 90A,Product features,99.9% antibacterial effectiveness; UV-resistant,,,,,,,,,,,Product features,99.9% antibacterial effectiveness | UV-resistant,,new,,high,reader-r1-69-c,
R-SUNLU-c7dd1bd8-a2c5-4908-bc1c-479ca23cbd3b,1,identity,other,G039-18,TPU 90A,Points for attention,Avoid high-infill printing,,,,,,,,,,,Points for attention,Avoid high-infill printing,,new,,high,reader-r1-69-c,
R-SUNLU-c7dd1bd8-a2c5-4908-bc1c-479ca23cbd3b,1,value,Tensile strength (endpoint unspecified),G039-18,TPU 90A,(X-Y) Tensile Strength,30±3 MPa,30,,MPa,=,X-Y,,,,ISO 527/2,rate=50 mm/min,Mechanical,(X-Y) Tensile Strength | ISO 527/2 | 50 mm/min | MPa | 30±3,V004468,confirms,30 ± 3 MPa,high,reader-r1-69-c,
R-SUNLU-c7dd1bd8-a2c5-4908-bc1c-479ca23cbd3b,1,value,Tensile modulus,G039-18,TPU 90A,(X-Y) Young’s Modulus,/,,,MPa,,X-Y,,,,ISO 527/2,rate=1 mm/min,Mechanical,(X-Y) Young’s Modulus | ISO 527/2 | 1 mm/min | MPa | /,,new,,high,reader-r1-69-c,cell holds only a slash
R-SUNLU-c7dd1bd8-a2c5-4908-bc1c-479ca23cbd3b,1,value,Elongation at break,G039-18,TPU 90A,(X-Y) Elongation at break,≥1000 %,1000,,%,>,X-Y,,,,ISO 527/2,rate=50 mm/min,Mechanical,(X-Y) Elongation at break | ISO 527/2 | 50 mm/min | % | ≥ 1000,V004469,mismatch,1000 %,high,reader-r1-69-c,page prints a lower bound (≥1000; operator > used for the bound); held row has 1000 % as a point value
R-SUNLU-c7dd1bd8-a2c5-4908-bc1c-479ca23cbd3b,1,value,Flexural strength,G039-18,TPU 90A,(X-Y) Flexural Strength,/,,,MPa,,X-Y,,,,ISO 178,rate=2 mm/min,Mechanical,(X-Y) Flexural Strength | ISO 178 | 2 mm/min | MPa | /,,new,,high,reader-r1-69-c,cell holds only a slash
R-SUNLU-c7dd1bd8-a2c5-4908-bc1c-479ca23cbd3b,1,value,Flexural modulus,G039-18,TPU 90A,(X-Y) Flexural Modulus,/,,,MPa,,X-Y,,,,ISO 178,rate=2 mm/min,Mechanical,(X-Y) Flexural Modulus | ISO 178 | 2 mm/min | MPa | /,,new,,high,reader-r1-69-c,cell holds only a slash
R-SUNLU-c7dd1bd8-a2c5-4908-bc1c-479ca23cbd3b,1,value,Izod impact strength,G039-18,TPU 90A,(X-Y) Izod Impact Strength of Notched Specimen,/,,,KJ/m²,,X-Y,,,,ISO 180,temp=23℃,Mechanical,(X-Y) Izod Impact Strength of Notched | ISO 180 | 23℃ | /,,new,,high,reader-r1-69-c,cell holds only a slash; notched specimen
R-SUNLU-c7dd1bd8-a2c5-4908-bc1c-479ca23cbd3b,1,value,Izod impact strength,G039-18,TPU 90A,(Z-X) Izod Impact Strength of Unnotched Specimen,/,,,KJ/m²,,Z-X,,,,ISO 180,temp=23℃,Mechanical,(Z-X) Izod Impact Strength of Unnotched | ISO 180 | 23℃ | /,,new,,high,reader-r1-69-c,cell holds only a slash; unnotched specimen
R-SUNLU-c7dd1bd8-a2c5-4908-bc1c-479ca23cbd3b,1,value,Hardness,G039-18,TPU 90A,Shore Hardness,90A±2,90,,Shore A,=,,,,,ISO 868,temp=23℃,Mechanical,Shore Hardness | ISO 868 | 23℃ | HA/HD | 90A±2,V004470,confirms,90,high,reader-r1-69-c,page prints 90A±2 (scale A and tolerance); held value is 90 only
R-SUNLU-c7dd1bd8-a2c5-4908-bc1c-479ca23cbd3b,1,value,HDT,G039-18,TPU 90A,(X-Y) Heat Distortion (HDT),36±2 ℃,36,,℃,=,X-Y,,,,ISO 75,load=0.45 MPa,Thermal,(X-Y) Heat Distortion (HDT) | ISO 75 | 0.45 MPa | ℃ | 36±2,V004471,confirms,36 ± 2 ℃,high,reader-r1-69-c,
R-SUNLU-c7dd1bd8-a2c5-4908-bc1c-479ca23cbd3b,1,value,Glass transition temperature,G039-18,TPU 90A,Glass Transition (Tg),/,,,℃,,,,,,ISO 11357-2,rate=10 ℃/min,Thermal,Glass Transition (Tg) | ISO 11357-2 | 10 ℃/min | ℃ | /,,new,,high,reader-r1-69-c,cell holds only a slash
R-SUNLU-c7dd1bd8-a2c5-4908-bc1c-479ca23cbd3b,1,value,Melting temperature,G039-18,TPU 90A,Melting Temperature,/,,,℃,,,,,,ISO 11357-3,rate=10 ℃/min,Thermal,Melting Temperature | ISO 11357-3 | 10 ℃/min | ℃ | /,,new,,high,reader-r1-69-c,cell holds only a slash
R-SUNLU-c7dd1bd8-a2c5-4908-bc1c-479ca23cbd3b,1,value,Decomposition temperature,G039-18,TPU 90A,@5%Decomposition Temp.,/,,,℃,,,,,,ISO 11358,rate=20 ℃/min,Thermal,@5%Decomposition Temp. | ISO 11358 | 20 ℃/min | ℃ | /,,new,,high,reader-r1-69-c,cell holds only a slash
R-SUNLU-c7dd1bd8-a2c5-4908-bc1c-479ca23cbd3b,1,value,Vicat softening temperature,G039-18,TPU 90A,Vicat Softening Temp.,/,,,℃,,,,,,ISO 306,load=5kg; rate=50℃/h,Thermal,"Vicat Softening Temp. | ISO 306 | 5kg, 50℃/h | ℃ | /",,new,,high,reader-r1-69-c,cell holds only a slash
R-SUNLU-c7dd1bd8-a2c5-4908-bc1c-479ca23cbd3b,1,value,Mould shrinkage,G039-18,TPU 90A,Moulding Shrinkage,/,,,%,,,,,,ISO 294,temp=23℃,Thermal,Moulding Shrinkage | ISO 294 | 23℃ | % | /,,new,,high,reader-r1-69-c,cell holds only a slash
R-SUNLU-c7dd1bd8-a2c5-4908-bc1c-479ca23cbd3b,1,value,Coefficient of thermal expansion,G039-18,TPU 90A,Coefficient of Thermal Exp.,/,,,㎛/(m·℃),,,,,,ISO 11359-2,,Thermal,Coefficient of Thermal Exp. | ISO 11359-2 | /,,new,,high,reader-r1-69-c,cell holds only a slash
R-SUNLU-c7dd1bd8-a2c5-4908-bc1c-479ca23cbd3b,1,value,Melt mass-flow rate,G039-18,TPU 90A,Melt Mass-flow Rate,32±5 g/10 min,32,,g/10 min,=,,,,,ISO 1133,temp=210℃; load=2.16kg,Others,Melt Mass-flow Rate | ISO 1133 | 210℃/2.16kg | g/10 min | 32±5,V004472,confirms,32 ± 5 g/10 min,high,reader-r1-69-c,
R-SUNLU-c7dd1bd8-a2c5-4908-bc1c-479ca23cbd3b,1,value,Density,G039-18,TPU 90A,Density,1.17 ± 0.02 g/cm³,1.17,,g/cm³,=,,,,,ISO 1183,temp=23℃,Others,Density | ISO 1183 | 23℃ | 1.17 ± 0.02,V004473,confirms,1.17 ± 0.02 g/cm3,high,reader-r1-69-c,
R-SUNLU-c7dd1bd8-a2c5-4908-bc1c-479ca23cbd3b,1,value,Volume resistivity,G039-18,TPU 90A,Volume Resistivity,/,,,ohm-cm,,,,,,IEC 60093,,Others,Volume Resistivity | IEC 60093 | - | ohm-cm | /,,new,,high,reader-r1-69-c,cell holds only a slash
R-SUNLU-c7dd1bd8-a2c5-4908-bc1c-479ca23cbd3b,1,value,Relative permittivity,G039-18,TPU 90A,Permittivity,/,,,,,,,,,IEC 60250,freq=1 kHz,Others,Permittivity | IEC 60250 | 1 kHz | /,,new,,high,reader-r1-69-c,cell holds only a slash
R-SUNLU-c7dd1bd8-a2c5-4908-bc1c-479ca23cbd3b,1,value,unmapped:Flammability,G039-18,TPU 90A,Flammability,/,,,Class,,,,,,UL 94,thickness=1.5 mm,Others,Flammability | UL 94 | 1.5 mm | Class | /,,new,,high,reader-r1-69-c,cell holds only a slash
R-SUNLU-c7dd1bd8-a2c5-4908-bc1c-479ca23cbd3b,1,value,unmapped:Chemical resistance Weak Acid (pH 3-6),G039-18,TPU 90A,Weak Acid (pH 3-6),Good,,,,,,,,,,,Chemical,Weak Acid (pH 3-6) | Good,,new,,high,reader-r1-69-c,
R-SUNLU-c7dd1bd8-a2c5-4908-bc1c-479ca23cbd3b,2,value,unmapped:Chemical resistance Strong Acid (pH<3),G039-18,TPU 90A,Strong Acid (pH<3),Normal,,,,,,,,,,,Chemical,Strong Acid (pH<3) | Normal,,new,,high,reader-r1-69-c,
R-SUNLU-c7dd1bd8-a2c5-4908-bc1c-479ca23cbd3b,2,value,unmapped:Chemical resistance Weak Bases (pH 8-10),G039-18,TPU 90A,Weak Bases (pH 8-10),Normal,,,,,,,,,,,Chemical,Weak Bases (pH 8-10) | Normal,,new,,high,reader-r1-69-c,
R-SUNLU-c7dd1bd8-a2c5-4908-bc1c-479ca23cbd3b,2,value,unmapped:Chemical resistance Strong Bases (pH >10),G039-18,TPU 90A,Strong Bases (pH >10),Bad,,,,,,,,,,,Chemical,Strong Bases (pH >10) | Bad,,new,,high,reader-r1-69-c,
R-SUNLU-c7dd1bd8-a2c5-4908-bc1c-479ca23cbd3b,2,value,unmapped:Chemical resistance Deionized Water,G039-18,TPU 90A,Deionized Water,Good,,,,,,,,,,,Chemical,Deionized Water | Good,,new,,high,reader-r1-69-c,
R-SUNLU-c7dd1bd8-a2c5-4908-bc1c-479ca23cbd3b,2,value,unmapped:Chemical resistance Alcohol,G039-18,TPU 90A,Alcohol,Good,,,,,,,,,,,Chemical,Alcohol | Good,,new,,high,reader-r1-69-c,
R-SUNLU-c7dd1bd8-a2c5-4908-bc1c-479ca23cbd3b,2,value,unmapped:Chemical resistance Ketone,G039-18,TPU 90A,Ketone,Bad,,,,,,,,,,,Chemical,Ketone | Bad,,new,,high,reader-r1-69-c,
R-SUNLU-c7dd1bd8-a2c5-4908-bc1c-479ca23cbd3b,2,value,unmapped:Chemical resistance Petroleum Fuels,G039-18,TPU 90A,Petroleum Fuels,Excellent,,,,,,,,,,,Chemical,Petroleum Fuels | Excellent,,new,,high,reader-r1-69-c,
R-SUNLU-c7dd1bd8-a2c5-4908-bc1c-479ca23cbd3b,2,value,unmapped:Chemical resistance Ester,G039-18,TPU 90A,Ester,/,,,,,,,,,,,Chemical,Ester | /,,new,,high,reader-r1-69-c,cell holds only a slash
R-SUNLU-c7dd1bd8-a2c5-4908-bc1c-479ca23cbd3b,2,setting,nozzle,G039-18,TPU 90A,Nozzle Temp.,220-240 ℃,220,240,℃,,,,,,,,Recommended Printing Parameters,Nozzle Temp. | 220-240 | ≤40,P0401,confirms,220-240,high,reader-r1-69-c,
R-SUNLU-c7dd1bd8-a2c5-4908-bc1c-479ca23cbd3b,2,setting,print_speed,G039-18,TPU 90A,Nozzle Temp. Speed,≤40 mm/s,40,,mm/s,,,,,,,,Recommended Printing Parameters,220-240 | ≤40,,new,,high,reader-r1-69-c,printed with a less-or-equal sign
R-SUNLU-c7dd1bd8-a2c5-4908-bc1c-479ca23cbd3b,2,setting,bed,G039-18,TPU 90A,Plate Temp.,30-60℃,30,60,℃,,,,,,,,Recommended Printing Parameters,Plate Temp. | 30-60℃,P0401,confirms,30-60℃,high,reader-r1-69-c,
R-SUNLU-c7dd1bd8-a2c5-4908-bc1c-479ca23cbd3b,2,setting,plate,G039-18,TPU 90A,Plate Material,Standard,,,,,,,,,,,Recommended Printing Parameters,Plate Material | Standard,P0401,confirms,Standard,high,reader-r1-69-c,
R-SUNLU-c7dd1bd8-a2c5-4908-bc1c-479ca23cbd3b,2,setting,other,G039-18,TPU 90A,Plate Treatment,/,,,,,,,,,,,Recommended Printing Parameters,Plate Treatment | /,,new,,high,reader-r1-69-c,cell holds only a slash
R-SUNLU-c7dd1bd8-a2c5-4908-bc1c-479ca23cbd3b,2,setting,fan,G039-18,TPU 90A,Cooling Fan,Open☑/Close☐,,,,,,,,,,,Recommended Printing Parameters,Cooling Fan | Open☑/Close☐,,new,,high,reader-r1-69-c,Open box is ticked
R-SUNLU-c7dd1bd8-a2c5-4908-bc1c-479ca23cbd3b,2,setting,other,G039-18,TPU 90A,Raft Distance,0.1-0.2mm,0.1,0.2,mm,,,,,,,,Recommended Printing Parameters,Raft Distance | 0.1-0.2mm,,new,,high,reader-r1-69-c,
R-SUNLU-c7dd1bd8-a2c5-4908-bc1c-479ca23cbd3b,2,setting,other,G039-18,TPU 90A,Retraction Distance,0.8mm,0.8,,mm,,,,,,,,Recommended Printing Parameters,Retraction Distance | 0.8mm,,new,,high,reader-r1-69-c,
R-SUNLU-c7dd1bd8-a2c5-4908-bc1c-479ca23cbd3b,2,setting,other,G039-18,TPU 90A,Retraction Speed,≤40mm/s,40,,mm/s,,,,,,,,Recommended Printing Parameters,Retraction Speed | ≤40mm/s,,new,,high,reader-r1-69-c,printed with a less-or-equal sign
R-SUNLU-c7dd1bd8-a2c5-4908-bc1c-479ca23cbd3b,2,setting,chamber,G039-18,TPU 90A,Room Temp.,Room Temperature,,,,,,,,,,,Recommended Printing Parameters,Room Temp. | Room Temperature,P0401,confirms,Room Temperature,high,reader-r1-69-c,
R-SUNLU-c7dd1bd8-a2c5-4908-bc1c-479ca23cbd3b,2,setting,other,G039-18,TPU 90A,Supported Material,/,,,,,,,,,,,Recommended Printing Parameters,Supported Material | /,,new,,high,reader-r1-69-c,cell holds only a slash
R-SUNLU-c7dd1bd8-a2c5-4908-bc1c-479ca23cbd3b,2,setting,drying,G039-18,TPU 90A,Drying Temp.,60-70℃,60,70,℃,,,,,,,,Recommended Printing Parameters,Drying Temp. | 60-70℃,P0401,confirms,60-70℃,high,reader-r1-69-c,no hours printed; held typed Drying °C is 70 (upper end of the printed range)
R-SUNLU-c7dd1bd8-a2c5-4908-bc1c-479ca23cbd3b,2,none,,,,,,,,,,,,,,,,,,,,,high,reader-r1-69-c,tensile specimen heading only; printing parameters transcribed above
R-SUNLU-c7dd1bd8-a2c5-4908-bc1c-479ca23cbd3b,3,context,all,G039-18,TPU 90A,Note [1],,,,,,,printed,,,,speed=1=40 mm/s; temp=230 °C; infill=100%; raster=90°,Note,"[1] Test specimens were printed at a printing speed of 1=40 mm/s and a printing temperature of 230 °C. Infill: 100%, with a 90° raster orientation.",,new,,medium,reader-r1-69-c,speed printed as 1=40 mm/s (apparent typo for ≤40); copied as printed
R-SUNLU-c7dd1bd8-a2c5-4908-bc1c-479ca23cbd3b,3,context,all,G039-18,TPU 90A,Note [2],,,,,,,,,,,,Note,[2] The typical values represent average laboratory data and are provided for reference only. They do not constitute product specifications. Results may vary depending on different printers.,,new,,high,reader-r1-69-c,
R-SUNLU-c7dd1bd8-a2c5-4908-bc1c-479ca23cbd3b,4,none,,,,,,,,,,,,,,,,,,,,,high,reader-r1-69-c,safety and handling text continued and legal disclaimer
R-SUNLU-cc96ba09-b739-4afb-851f-bcdd5f02dc2b,1,identity,grade,G015-02,PLA Galaxy,Product Name,PLA Galaxy,,,,,,,,,,,,Product Name: PLA Galaxy,,new,,high,reader-r1-69-c,
R-SUNLU-cc96ba09-b739-4afb-851f-bcdd5f02dc2b,1,identity,other,G015-02,PLA Galaxy,Product features,"PLA with an iridescent color-shifting effect from every angle, available in multiple colors.",,,,,,,,,,,Product features,"PLA with an iridescent color-shifting effect from every angle, available in multiple colors.",,new,,high,reader-r1-69-c,
R-SUNLU-cc96ba09-b739-4afb-851f-bcdd5f02dc2b,1,value,Tensile strength (endpoint unspecified),G015-02,PLA Galaxy,(X-Y) Tensile Strength,43.3±6 MPa,43.3,,MPa,=,X-Y,,,,ISO 527/2,rate=50 mm/min,Mechanical,(X-Y) Tensile Strength | ISO 527/2 | 50 mm/min | MPa | 43.3±6,V004747,confirms,43.3 ± 6 MPa,high,reader-r1-69-c,
R-SUNLU-cc96ba09-b739-4afb-851f-bcdd5f02dc2b,1,value,Tensile modulus,G015-02,PLA Galaxy,(X-Y) Young’s Modulus,/,,,MPa,,X-Y,,,,ISO 527/2,rate=1 mm/min,Mechanical,(X-Y) Young’s Modulus | ISO 527/2 | 1 mm/min | MPa | /,,new,,high,reader-r1-69-c,cell holds only a slash
R-SUNLU-cc96ba09-b739-4afb-851f-bcdd5f02dc2b,1,value,Elongation at break,G015-02,PLA Galaxy,(X-Y) Elongation at break,16.3±5 %,16.3,,%,=,X-Y,,,,ISO 527/2,rate=50 mm/min,Mechanical,(X-Y) Elongation at break | ISO 527/2 | 50 mm/min | % | 16.3±5,V004748,confirms,16.3 ± 5 %,high,reader-r1-69-c,
R-SUNLU-cc96ba09-b739-4afb-851f-bcdd5f02dc2b,1,value,Flexural strength,G015-02,PLA Galaxy,(X-Y) Flexural Strength,80.3±10 MPa,80.3,,MPa,=,X-Y,,,,ISO 178,rate=2 mm/min,Mechanical,(X-Y) Flexural Strength | ISO 178 | 2 mm/min | MPa | 80.3±10,V004749,confirms,80.3 ± 10 MPa,high,reader-r1-69-c,
R-SUNLU-cc96ba09-b739-4afb-851f-bcdd5f02dc2b,1,value,Flexural modulus,G015-02,PLA Galaxy,(X-Y) Flexural Modulus,3273±300 MPa,3273,,MPa,=,X-Y,,,,ISO 178,rate=2 mm/min,Mechanical,(X-Y) Flexural Modulus | ISO 178 | 2 mm/min | MPa | 3273±300,V004750,confirms,3273 ± 300 MPa,high,reader-r1-69-c,
R-SUNLU-cc96ba09-b739-4afb-851f-bcdd5f02dc2b,1,value,Izod impact strength,G015-02,PLA Galaxy,(X-Y) Izod Impact Strength of Notched Specimen,3.8±2 KJ/m²,3.8,,KJ/m²,=,X-Y,,,,ISO 180,temp=23℃,Mechanical,(X-Y) Izod Impact Strength of Notched | ISO 180 | 23℃ | 3.8±2,V004751,confirms,3.8 ± 2 KJ/m2,high,reader-r1-69-c,notched specimen
R-SUNLU-cc96ba09-b739-4afb-851f-bcdd5f02dc2b,1,value,Izod impact strength,G015-02,PLA Galaxy,(Z-X) Izod Impact Strength of Unnotched Specimen,15±5 KJ/m²,15,,KJ/m²,=,Z-X,,,,ISO 180,temp=23℃,Mechanical,(Z-X) Izod Impact Strength of Unnotched | ISO 180 | 23℃ | 15±5,V004752,confirms,15 ± 5 KJ/m2,high,reader-r1-69-c,unnotched specimen
R-SUNLU-cc96ba09-b739-4afb-851f-bcdd5f02dc2b,1,value,Hardness,G015-02,PLA Galaxy,Shore Hardness,82D,82,,Shore D,=,,,,,ISO 868,temp=23℃,Mechanical,Shore Hardness | ISO 868 | 23℃ | HA/HD | 82D,V004753,confirms,82,high,reader-r1-69-c,page prints 82D (Shore D scale); held value is 82 with no scale. A Shore D of 82 on a PLA sheet is unusual but is what the page prints
R-SUNLU-cc96ba09-b739-4afb-851f-bcdd5f02dc2b,1,value,HDT,G015-02,PLA Galaxy,(X-Y) Heat Distortion (HDT),54.6±3 ℃,54.6,,℃,=,X-Y,,,,ISO 75,load=0.45 MPa,Thermal,(X-Y) Heat Distortion (HDT) | ISO 75 | 0.45 MPa | ℃ | 54.6±3,V004754,confirms,54.6 ± 3 ℃,high,reader-r1-69-c,
R-SUNLU-cc96ba09-b739-4afb-851f-bcdd5f02dc2b,1,value,Glass transition temperature,G015-02,PLA Galaxy,Glass Transition (Tg),60.9 ℃,60.9,,℃,=,,,,,ISO 11357-2,rate=10 ℃/min,Thermal,Glass Transition (Tg) | ISO 11357-2 | 10 ℃/min | ℃ | 60.9,V004755,confirms,60.9 ℃,high,reader-r1-69-c,
R-SUNLU-cc96ba09-b739-4afb-851f-bcdd5f02dc2b,1,value,Melting temperature,G015-02,PLA Galaxy,Melting Temperature,167 ℃,167,,℃,=,,,,,ISO 11357-3,rate=10 ℃/min,Thermal,Melting Temperature | ISO 11357-3 | 10 ℃/min | ℃ | 167,V004756,confirms,167 ℃,high,reader-r1-69-c,
R-SUNLU-cc96ba09-b739-4afb-851f-bcdd5f02dc2b,1,value,Decomposition temperature,G015-02,PLA Galaxy,@5%Decomposition Temp.,/,,,℃,,,,,,ISO 11358,rate=20 ℃/min,Thermal,@5%Decomposition Temp. | ISO 11358 | 20 ℃/min | ℃ | /,,new,,high,reader-r1-69-c,cell holds only a slash
R-SUNLU-cc96ba09-b739-4afb-851f-bcdd5f02dc2b,1,value,Vicat softening temperature,G015-02,PLA Galaxy,Vicat Softening Temp.,/,,,℃,,,,,,ISO 306,load=5kg; rate=50℃/h,Thermal,"Vicat Softening Temp. | ISO 306 | 5kg, 50℃/h | ℃ | /",,new,,high,reader-r1-69-c,cell holds only a slash
R-SUNLU-cc96ba09-b739-4afb-851f-bcdd5f02dc2b,1,value,Mould shrinkage,G015-02,PLA Galaxy,Moulding Shrinkage,/,,,%,,,,,,ISO 294,temp=23℃,Thermal,Moulding Shrinkage | ISO 294 | 23℃ | % | /,,new,,high,reader-r1-69-c,cell holds only a slash
R-SUNLU-cc96ba09-b739-4afb-851f-bcdd5f02dc2b,1,value,Coefficient of thermal expansion,G015-02,PLA Galaxy,Coefficient of Thermal Exp.,/,,,㎛/(m·℃),,,,,,ISO 11359-2,,Thermal,Coefficient of Thermal Exp. | ISO 11359-2 | /,,new,,high,reader-r1-69-c,cell holds only a slash
R-SUNLU-cc96ba09-b739-4afb-851f-bcdd5f02dc2b,1,value,Melt mass-flow rate,G015-02,PLA Galaxy,Melt Mass-flow Rate,5.46±2.5 g/10 min,5.46,,g/10 min,=,,,,,ISO 1133,temp=190℃; load=2.16 kg,Others,Melt Mass-flow Rate | ISO 1133 | 190℃/2.16 kg | g/10 min | 5.46±2.5,V004757,confirms,5.46 ± 2.5 g/10 min,high,reader-r1-69-c,
R-SUNLU-cc96ba09-b739-4afb-851f-bcdd5f02dc2b,1,value,Density,G015-02,PLA Galaxy,Density,1.22 g/cm³,1.22,,g/cm³,=,,,,,ISO 1183,temp=23℃,Others,Density | ISO 1183 | 23℃ | 1.22,V004758,confirms,1.22 g/cm3,high,reader-r1-69-c,
R-SUNLU-cc96ba09-b739-4afb-851f-bcdd5f02dc2b,1,value,Volume resistivity,G015-02,PLA Galaxy,Volume Resistivity,/,,,ohm-cm,,,,,,IEC 60093,,Others,Volume Resistivity | IEC 60093 | - | ohm-cm | /,,new,,high,reader-r1-69-c,cell holds only a slash
R-SUNLU-cc96ba09-b739-4afb-851f-bcdd5f02dc2b,1,value,Relative permittivity,G015-02,PLA Galaxy,Permittivity,/,,,,,,,,,IEC 60250,freq=1 kHz,Others,Permittivity | IEC 60250 | 1 kHz | /,,new,,high,reader-r1-69-c,cell holds only a slash
R-SUNLU-cc96ba09-b739-4afb-851f-bcdd5f02dc2b,1,value,unmapped:Flammability,G015-02,PLA Galaxy,Flammability,HB,,,Class,,,,,,UL 94,thickness=1.5 mm,Others,Flammability | UL 94 | 1.5 mm | Class | HB,,new,,high,reader-r1-69-c,
R-SUNLU-cc96ba09-b739-4afb-851f-bcdd5f02dc2b,1,value,unmapped:Chemical resistance Weak Acid (pH 3-6),G015-02,PLA Galaxy,Weak Acid (pH 3-6),Good,,,,,,,,,,,Chemical,Weak Acid (pH 3-6) | Good,,new,,high,reader-r1-69-c,
R-SUNLU-cc96ba09-b739-4afb-851f-bcdd5f02dc2b,1,value,unmapped:Chemical resistance Strong Acid (pH<3),G015-02,PLA Galaxy,Strong Acid (pH<3),Bad,,,,,,,,,,,Chemical,Strong Acid (pH<3) | Bad,,new,,high,reader-r1-69-c,
R-SUNLU-cc96ba09-b739-4afb-851f-bcdd5f02dc2b,1,value,unmapped:Chemical resistance Weak Bases (pH 8-10),G015-02,PLA Galaxy,Weak Bases (pH 8-10),Good,,,,,,,,,,,Chemical,Weak Bases (pH 8-10) | Good,,new,,high,reader-r1-69-c,
R-SUNLU-cc96ba09-b739-4afb-851f-bcdd5f02dc2b,2,value,unmapped:Chemical resistance Strong Bases (pH >10),G015-02,PLA Galaxy,Strong Bases (pH >10),Good,,,,,,,,,,,Chemical,Strong Bases (pH >10) | Good,,new,,high,reader-r1-69-c,
R-SUNLU-cc96ba09-b739-4afb-851f-bcdd5f02dc2b,2,value,unmapped:Chemical resistance Deionized Water,G015-02,PLA Galaxy,Deionized Water,Excellent,,,,,,,,,,,Chemical,Deionized Water | Excellent,,new,,high,reader-r1-69-c,
R-SUNLU-cc96ba09-b739-4afb-851f-bcdd5f02dc2b,2,value,unmapped:Chemical resistance Alcohol,G015-02,PLA Galaxy,Alcohol,Normal,,,,,,,,,,,Chemical,Alcohol | Normal,,new,,high,reader-r1-69-c,
R-SUNLU-cc96ba09-b739-4afb-851f-bcdd5f02dc2b,2,value,unmapped:Chemical resistance Ketone,G015-02,PLA Galaxy,Ketone,Normal,,,,,,,,,,,Chemical,Ketone | Normal,,new,,high,reader-r1-69-c,
R-SUNLU-cc96ba09-b739-4afb-851f-bcdd5f02dc2b,2,value,unmapped:Chemical resistance Petroleum Fuels,G015-02,PLA Galaxy,Petroleum Fuels,Excellent,,,,,,,,,,,Chemical,Petroleum Fuels | Excellent,,new,,high,reader-r1-69-c,
R-SUNLU-cc96ba09-b739-4afb-851f-bcdd5f02dc2b,2,value,unmapped:Chemical resistance Ester,G015-02,PLA Galaxy,Ester,Excellent,,,,,,,,,,,Chemical,Ester | Excellent,,new,,high,reader-r1-69-c,
R-SUNLU-cc96ba09-b739-4afb-851f-bcdd5f02dc2b,2,setting,nozzle,G015-02,PLA Galaxy,Nozzle Temp.,200-230 ℃,200,230,℃,,,,,,,,Recommended Printing Parameters,Nozzle Temp. | 200-230 | <250mm/s,P0423,confirms,200-230,high,reader-r1-69-c,
R-SUNLU-cc96ba09-b739-4afb-851f-bcdd5f02dc2b,2,setting,print_speed,G015-02,PLA Galaxy,Nozzle Temp. Speed,<250mm/s,250,,mm/s,<,,,,,,,Recommended Printing Parameters,200-230 | <250mm/s,,new,,high,reader-r1-69-c,
R-SUNLU-cc96ba09-b739-4afb-851f-bcdd5f02dc2b,2,setting,bed,G015-02,PLA Galaxy,Plate Temp.,50-60℃,50,60,℃,,,,,,,,Recommended Printing Parameters,Plate Temp. | 50-60℃,P0423,confirms,50-60℃,high,reader-r1-69-c,
R-SUNLU-cc96ba09-b739-4afb-851f-bcdd5f02dc2b,2,setting,plate,G015-02,PLA Galaxy,late Material,Textured PEI Build Plate,,,,,,,,,,,Recommended Printing Parameters,late Material | Textured PEI Build Plate,P0423,mismatch,No processing required,high,reader-r1-69-c,"row label printed as ""late Material"" (first letter missing); page value is Textured PEI Build Plate; held Plate is the Plate Treatment text instead"
R-SUNLU-cc96ba09-b739-4afb-851f-bcdd5f02dc2b,2,setting,other,G015-02,PLA Galaxy,Plate Treatment,No processing required,,,,,,,,,,,Recommended Printing Parameters,Plate Treatment | No processing required,,new,,high,reader-r1-69-c,
R-SUNLU-cc96ba09-b739-4afb-851f-bcdd5f02dc2b,2,setting,fan,G015-02,PLA Galaxy,Cooling Fan,Open☑/Close☐,,,,,,,,,,,Recommended Printing Parameters,Cooling Fan | Open☑/Close☐,,new,,high,reader-r1-69-c,Open box is ticked
R-SUNLU-cc96ba09-b739-4afb-851f-bcdd5f02dc2b,2,setting,other,G015-02,PLA Galaxy,Raft Distance,0.2-0.4mm,0.2,0.4,mm,,,,,,,,Recommended Printing Parameters,Raft Distance | 0.2-0.4mm,,new,,high,reader-r1-69-c,
R-SUNLU-cc96ba09-b739-4afb-851f-bcdd5f02dc2b,2,setting,other,G015-02,PLA Galaxy,Retraction Distance,0.8-1.2mm,0.8,1.2,mm,,,,,,,,Recommended Printing Parameters,Retraction Distance | 0.8-1.2mm,,new,,high,reader-r1-69-c,
R-SUNLU-cc96ba09-b739-4afb-851f-bcdd5f02dc2b,2,setting,other,G015-02,PLA Galaxy,Retraction Speed,30-40mm/s,30,40,mm/s,,,,,,,,Recommended Printing Parameters,Retraction Speed | 30-40mm/s,,new,,high,reader-r1-69-c,
R-SUNLU-cc96ba09-b739-4afb-851f-bcdd5f02dc2b,2,setting,chamber,G015-02,PLA Galaxy,Room Temp.,Room Temperature,,,,,,,,,,,Recommended Printing Parameters,Room Temp. | Room Temperature,P0423,confirms,Room Temperature,high,reader-r1-69-c,
R-SUNLU-cc96ba09-b739-4afb-851f-bcdd5f02dc2b,2,setting,other,G015-02,PLA Galaxy,Supported Material,PVA,,,,,,,,,,,Recommended Printing Parameters,Supported Material | PVA,,new,,high,reader-r1-69-c,
R-SUNLU-cc96ba09-b739-4afb-851f-bcdd5f02dc2b,2,setting,drying,G015-02,PLA Galaxy,Drying Temp.,50℃,50,,℃,,,,,,,,Recommended Printing Parameters,Drying Temp. | 50℃,P0423,confirms,50℃,high,reader-r1-69-c,no hours printed
R-SUNLU-cc96ba09-b739-4afb-851f-bcdd5f02dc2b,2,none,,,,,,,,,,,,,,,,,,,,,high,reader-r1-69-c,tensile specimen drawing; printing parameters transcribed above
R-SUNLU-cc96ba09-b739-4afb-851f-bcdd5f02dc2b,3,context,all,G015-02,PLA Galaxy,Note [1],,,,,,,printed,,,,speed=160-260 mm/s; temp=220 °C; infill=100%; raster=90°,Note,"[1] Test specimens were printed at a printing speed of 160-260 mm/s and a printing temperature of 220 °C. Infill: 100%, with a 90° raster orientation.",,new,,high,reader-r1-69-c,
R-SUNLU-cc96ba09-b739-4afb-851f-bcdd5f02dc2b,3,context,all,G015-02,PLA Galaxy,Note [2],,,,,,,,,,,,Note,[2] The typical values represent average laboratory data and are provided for reference only. They do not constitute product specifications. Results may vary depending on different printers.,,new,,high,reader-r1-69-c,
R-SUNLU-cc96ba09-b739-4afb-851f-bcdd5f02dc2b,4,none,,,,,,,,,,,,,,,,,,,,,high,reader-r1-69-c,safety and handling text continued and legal disclaimer
R-SUNLU-ccf53a55-5b58-49fa-b1d9-08f94c0a4b28,1,identity,grade,G020-20,High Speed Matte PETG,Product Name,High Speed Matte PETG,,,,,,,,,,,,Product Name: High Speed Matte PETG,,new,,high,reader-r1-69-c,
R-SUNLU-ccf53a55-5b58-49fa-b1d9-08f94c0a4b28,1,identity,other,G020-20,High Speed Matte PETG,Product features,Supports printing speeds up to 470 mm/s.,,,,,,,,,,,Product features,Supports printing speeds up to 470 mm/s.,,new,,high,reader-r1-69-c,
R-SUNLU-ccf53a55-5b58-49fa-b1d9-08f94c0a4b28,1,value,Tensile strength (endpoint unspecified),G020-20,High Speed Matte PETG,(X-Y) Tensile Strength,46±5 MPa,46,,MPa,=,X-Y,,,,ISO 527/2,rate=50 mm/min,Mechanical,(X-Y) Tensile Strength | ISO 527/2 | 50 mm/min | MPa | 46±5,V004735,confirms,46 ± 5 MPa,high,reader-r1-69-c,
R-SUNLU-ccf53a55-5b58-49fa-b1d9-08f94c0a4b28,1,value,Tensile modulus,G020-20,High Speed Matte PETG,(X-Y) Young’s Modulus,/,,,MPa,,X-Y,,,,ISO 527/2,rate=1 mm/min,Mechanical,(X-Y) Young’s Modulus | ISO 527/2 | 1 mm/min | MPa | /,,new,,high,reader-r1-69-c,cell holds only a slash
R-SUNLU-ccf53a55-5b58-49fa-b1d9-08f94c0a4b28,1,value,Elongation at break,G020-20,High Speed Matte PETG,(X-Y) Elongation at break,14±5 %,14,,%,=,X-Y,,,,ISO 527/2,rate=50 mm/min,Mechanical,(X-Y) Elongation at break | ISO 527/2 | 50 mm/min | % | 14±5,V004736,confirms,14 ± 5 %,high,reader-r1-69-c,
R-SUNLU-ccf53a55-5b58-49fa-b1d9-08f94c0a4b28,1,value,Flexural strength,G020-20,High Speed Matte PETG,(X-Y) Flexural Strength,75±6 MPa,75,,MPa,=,X-Y,,,,ISO 178,rate=2 mm/min,Mechanical,(X-Y) Flexural Strength | ISO 178 | 2 mm/min | MPa | 75±6,V004737,confirms,75 ± 6 MPa,high,reader-r1-69-c,
R-SUNLU-ccf53a55-5b58-49fa-b1d9-08f94c0a4b28,1,value,Flexural modulus,G020-20,High Speed Matte PETG,(X-Y) Flexural Modulus,2650±200 MPa,2650,,MPa,=,X-Y,,,,ISO 178,rate=2 mm/min,Mechanical,(X-Y) Flexural Modulus | ISO 178 | 2 mm/min | MPa | 2650±200,V004738,confirms,2650 ± 200 MPa,high,reader-r1-69-c,
R-SUNLU-ccf53a55-5b58-49fa-b1d9-08f94c0a4b28,1,value,Izod impact strength,G020-20,High Speed Matte PETG,(X-Y) Izod Impact Strength of Notched Specimen,3±1.5 KJ/m²,3,,KJ/m²,=,X-Y,,,,ISO 180,temp=23℃,Mechanical,(X-Y) Izod Impact Strength of Notched | ISO 180 | 23℃ | 3±1.5,V004739,confirms,3 ± 1.5 KJ/m2,high,reader-r1-69-c,notched specimen
R-SUNLU-ccf53a55-5b58-49fa-b1d9-08f94c0a4b28,1,value,Izod impact strength,G020-20,High Speed Matte PETG,(Z-X) Izod Impact Strength of Unnotched Specimen,4.5±2 KJ/m²,4.5,,KJ/m²,=,Z-X,,,,ISO 180,temp=23℃,Mechanical,(Z-X) Izod Impact Strength of Unnotched | ISO 180 | 23℃ | 4.5±2,V004740,confirms,4.5 ± 2 KJ/m2,high,reader-r1-69-c,unnotched specimen
R-SUNLU-ccf53a55-5b58-49fa-b1d9-08f94c0a4b28,1,value,Hardness,G020-20,High Speed Matte PETG,Shore Hardness,79,79,,HA/HD,=,,,,,ISO 868,temp=23℃,Mechanical,Shore Hardness | ISO 868 | 23℃ | HA/HD | 79,V004741,confirms,79,high,reader-r1-69-c,unit printed HA/HD: scale not stated
R-SUNLU-ccf53a55-5b58-49fa-b1d9-08f94c0a4b28,1,value,HDT,G020-20,High Speed Matte PETG,(X-Y) Heat Distortion (HDT),70±2 ℃,70,,℃,=,X-Y,,,,ISO 75,load=0.45 MPa,Thermal,(X-Y) Heat Distortion (HDT) | ISO 75 | 0.45 MPa | ℃ | 70±2,V004742,confirms,70 ± 2 ℃,high,reader-r1-69-c,
R-SUNLU-ccf53a55-5b58-49fa-b1d9-08f94c0a4b28,1,value,Glass transition temperature,G020-20,High Speed Matte PETG,Glass Transition (Tg),65.5 ℃,65.5,,℃,=,,,,,ISO 11357-2,rate=10 ℃/min,Thermal,Glass Transition (Tg) | ISO 11357-2 | 10 ℃/min | ℃ | 65.5,V004743,confirms,65.5 ℃,high,reader-r1-69-c,
R-SUNLU-ccf53a55-5b58-49fa-b1d9-08f94c0a4b28,1,value,Melting temperature,G020-20,High Speed Matte PETG,Melting Temperature,128 ℃,128,,℃,=,,,,,ISO 11357-3,rate=10 ℃/min,Thermal,Melting Temperature | ISO 11357-3 | 10 ℃/min | ℃ | 128,V004744,confirms,128 ℃,high,reader-r1-69-c,
R-SUNLU-ccf53a55-5b58-49fa-b1d9-08f94c0a4b28,1,value,Decomposition temperature,G020-20,High Speed Matte PETG,@5%Decomposition Temp.,≥423 ℃,423,,℃,,,,,,ISO 11358,rate=20 ℃/min,Thermal,@5%Decomposition Temp. | ISO 11358 | 20 ℃/min | ℃ | ≥423,,new,,high,reader-r1-69-c,printed with a greater-or-equal sign (not > or <)
R-SUNLU-ccf53a55-5b58-49fa-b1d9-08f94c0a4b28,1,value,Vicat softening temperature,G020-20,High Speed Matte PETG,Vicat Softening Temp.,/,,,℃,,,,,,ISO 306,load=5kg; rate=50℃/h,Thermal,"Vicat Softening Temp. | ISO 306 | 5kg, 50℃/h | ℃ | /",,new,,high,reader-r1-69-c,cell holds only a slash
R-SUNLU-ccf53a55-5b58-49fa-b1d9-08f94c0a4b28,1,value,Mould shrinkage,G020-20,High Speed Matte PETG,Moulding Shrinkage,/,,,%,,,,,,ISO 294,temp=23℃,Thermal,Moulding Shrinkage | ISO 294 | 23℃ | % | /,,new,,high,reader-r1-69-c,cell holds only a slash
R-SUNLU-ccf53a55-5b58-49fa-b1d9-08f94c0a4b28,1,value,Coefficient of thermal expansion,G020-20,High Speed Matte PETG,Coefficient of Thermal Exp.,/,,,㎛/(m·℃),,,,,,ISO 11359-2,,Thermal,Coefficient of Thermal Exp. | ISO 11359-2 | /,,new,,high,reader-r1-69-c,cell holds only a slash
R-SUNLU-ccf53a55-5b58-49fa-b1d9-08f94c0a4b28,1,value,Melt mass-flow rate,G020-20,High Speed Matte PETG,Melt Mass-flow Rate,4.4±2 g/10 min,4.4,,g/10 min,=,,,,,ISO 1133,temp=210℃; load=2.16 kg,Others,Melt Mass-flow Rate | ISO 1133 | 210℃/2.16 kg | g/10 min | 4.4±2,V004745,confirms,4.4 ± 2 g/10 min,high,reader-r1-69-c,
R-SUNLU-ccf53a55-5b58-49fa-b1d9-08f94c0a4b28,1,value,Density,G020-20,High Speed Matte PETG,Density,1.28 g/cm³,1.28,,g/cm³,=,,,,,ISO 1183,temp=23℃,Others,Density | ISO 1183 | 23℃ | 1.28,V004746,confirms,1.28 g/cm3,high,reader-r1-69-c,
R-SUNLU-ccf53a55-5b58-49fa-b1d9-08f94c0a4b28,1,value,Volume resistivity,G020-20,High Speed Matte PETG,Volume Resistivity,1.0E+15 ohm-cm,1.0E+15,,ohm-cm,=,,,,,IEC 60093,,Others,Volume Resistivity | IEC 60093 | - | ohm-cm | 1.0E+15,,new,,high,reader-r1-69-c,
R-SUNLU-ccf53a55-5b58-49fa-b1d9-08f94c0a4b28,1,value,Relative permittivity,G020-20,High Speed Matte PETG,Permittivity,2.6,2.6,,,=,,,,,IEC 60250,freq=1 kHz,Others,Permittivity | IEC 60250 | 1 kHz | 2.6,,new,,high,reader-r1-69-c,no unit printed
R-SUNLU-ccf53a55-5b58-49fa-b1d9-08f94c0a4b28,1,value,unmapped:Flammability,G020-20,High Speed Matte PETG,Flammability,HB,,,Class,,,,,,UL 94,thickness=1.5 mm,Others,Flammability | UL 94 | 1.5 mm | Class | HB,,new,,high,reader-r1-69-c,
R-SUNLU-ccf53a55-5b58-49fa-b1d9-08f94c0a4b28,1,value,unmapped:Chemical resistance Weak Acid (pH 3-6),G020-20,High Speed Matte PETG,Weak Acid (pH 3-6),Good,,,,,,,,,,,Chemical,Weak Acid (pH 3-6) | Good,,new,,high,reader-r1-69-c,
R-SUNLU-ccf53a55-5b58-49fa-b1d9-08f94c0a4b28,1,value,unmapped:Chemical resistance Strong Acid (pH<3),G020-20,High Speed Matte PETG,Strong Acid (pH<3),Bad,,,,,,,,,,,Chemical,Strong Acid (pH<3) | Bad,,new,,high,reader-r1-69-c,
R-SUNLU-ccf53a55-5b58-49fa-b1d9-08f94c0a4b28,1,value,unmapped:Chemical resistance Weak Bases (pH 8-10),G020-20,High Speed Matte PETG,Weak Bases (pH 8-10),Good,,,,,,,,,,,Chemical,Weak Bases (pH 8-10) | Good,,new,,high,reader-r1-69-c,
R-SUNLU-ccf53a55-5b58-49fa-b1d9-08f94c0a4b28,2,value,unmapped:Chemical resistance Strong Bases (pH >10),G020-20,High Speed Matte PETG,Strong Bases (pH >10),Bad,,,,,,,,,,,Chemical,Strong Bases (pH >10) | Bad,,new,,high,reader-r1-69-c,
R-SUNLU-ccf53a55-5b58-49fa-b1d9-08f94c0a4b28,2,value,unmapped:Chemical resistance Deionized Water,G020-20,High Speed Matte PETG,Deionized Water,Good,,,,,,,,,,,Chemical,Deionized Water | Good,,new,,high,reader-r1-69-c,
R-SUNLU-ccf53a55-5b58-49fa-b1d9-08f94c0a4b28,2,value,unmapped:Chemical resistance Alcohol,G020-20,High Speed Matte PETG,Alcohol,Good,,,,,,,,,,,Chemical,Alcohol | Good,,new,,high,reader-r1-69-c,
R-SUNLU-ccf53a55-5b58-49fa-b1d9-08f94c0a4b28,2,value,unmapped:Chemical resistance Ketone,G020-20,High Speed Matte PETG,Ketone,Bad,,,,,,,,,,,Chemical,Ketone | Bad,,new,,high,reader-r1-69-c,
R-SUNLU-ccf53a55-5b58-49fa-b1d9-08f94c0a4b28,2,value,unmapped:Chemical resistance Petroleum Fuels,G020-20,High Speed Matte PETG,Petroleum Fuels,Good,,,,,,,,,,,Chemical,Petroleum Fuels | Good,,new,,high,reader-r1-69-c,
R-SUNLU-ccf53a55-5b58-49fa-b1d9-08f94c0a4b28,2,value,unmapped:Chemical resistance Ester,G020-20,High Speed Matte PETG,Ester,Good,,,,,,,,,,,Chemical,Ester | Good,,new,,high,reader-r1-69-c,
R-SUNLU-ccf53a55-5b58-49fa-b1d9-08f94c0a4b28,2,setting,nozzle,G020-20,High Speed Matte PETG,Nozzle Temp.,240-260 ℃,240,260,℃,,,,,,,,Recommended Printing Parameters,Nozzle Temp. | 240-260 | ≤400,P0422,confirms,240-260,high,reader-r1-69-c,
R-SUNLU-ccf53a55-5b58-49fa-b1d9-08f94c0a4b28,2,setting,print_speed,G020-20,High Speed Matte PETG,Nozzle Temp. Speed,≤400 mm/s,400,,mm/s,,,,,,,,Recommended Printing Parameters,240-260 | ≤400,,new,,high,reader-r1-69-c,printed with a less-or-equal sign
R-SUNLU-ccf53a55-5b58-49fa-b1d9-08f94c0a4b28,2,setting,bed,G020-20,High Speed Matte PETG,Plate Temp.,60-70℃,60,70,℃,,,,,,,,Recommended Printing Parameters,Plate Temp. | 60-70℃,P0422,confirms,60-70℃,high,reader-r1-69-c,
R-SUNLU-ccf53a55-5b58-49fa-b1d9-08f94c0a4b28,2,setting,plate,G020-20,High Speed Matte PETG,Plate Material,Textured PEI Build Plate,,,,,,,,,,,Recommended Printing Parameters,Plate Material | Textured PEI Build Plate,P0422,confirms,Textured PEI Build Plate,high,reader-r1-69-c,
R-SUNLU-ccf53a55-5b58-49fa-b1d9-08f94c0a4b28,2,setting,other,G020-20,High Speed Matte PETG,Plate Treatment,No processing required,,,,,,,,,,,Recommended Printing Parameters,Plate Treatment | No processing required,,new,,high,reader-r1-69-c,
R-SUNLU-ccf53a55-5b58-49fa-b1d9-08f94c0a4b28,2,setting,fan,G020-20,High Speed Matte PETG,Cooling Fan,Open☑/Close☐,,,,,,,,,,,Recommended Printing Parameters,Cooling Fan | Open☑/Close☐,,new,,high,reader-r1-69-c,Open box is ticked
R-SUNLU-ccf53a55-5b58-49fa-b1d9-08f94c0a4b28,2,setting,other,G020-20,High Speed Matte PETG,Raft Distance,0.2-0.4mm,0.2,0.4,mm,,,,,,,,Recommended Printing Parameters,Raft Distance | 0.2-0.4mm,,new,,high,reader-r1-69-c,
R-SUNLU-ccf53a55-5b58-49fa-b1d9-08f94c0a4b28,2,setting,other,G020-20,High Speed Matte PETG,Retraction Distance,0.8-1.2mm,0.8,1.2,mm,,,,,,,,Recommended Printing Parameters,Retraction Distance | 0.8-1.2mm,,new,,high,reader-r1-69-c,
R-SUNLU-ccf53a55-5b58-49fa-b1d9-08f94c0a4b28,2,setting,other,G020-20,High Speed Matte PETG,Retraction Speed,30-40mm/s,30,40,mm/s,,,,,,,,Recommended Printing Parameters,Retraction Speed | 30-40mm/s,,new,,high,reader-r1-69-c,
R-SUNLU-ccf53a55-5b58-49fa-b1d9-08f94c0a4b28,2,setting,chamber,G020-20,High Speed Matte PETG,Room Temp.,Room Temperature,,,,,,,,,,,Recommended Printing Parameters,Room Temp. | Room Temperature,P0422,confirms,Room Temperature,high,reader-r1-69-c,
R-SUNLU-ccf53a55-5b58-49fa-b1d9-08f94c0a4b28,2,setting,other,G020-20,High Speed Matte PETG,Supported Material,PVA,,,,,,,,,,,Recommended Printing Parameters,Supported Material | PVA,,new,,high,reader-r1-69-c,
R-SUNLU-ccf53a55-5b58-49fa-b1d9-08f94c0a4b28,2,setting,drying,G020-20,High Speed Matte PETG,Drying Temp.,60-65℃,60,65,℃,,,,,,,,Recommended Printing Parameters,Drying Temp. | 60-65℃,P0422,confirms,60-65℃,high,reader-r1-69-c,no hours printed; held typed Drying °C is 65 (upper end of the printed range)
R-SUNLU-ccf53a55-5b58-49fa-b1d9-08f94c0a4b28,2,none,,,,,,,,,,,,,,,,,,,,,high,reader-r1-69-c,tensile specimen drawing; printing parameters transcribed above
R-SUNLU-ccf53a55-5b58-49fa-b1d9-08f94c0a4b28,3,context,all,G020-20,High Speed Matte PETG,Note [1],,,,,,,printed,,,,speed=160 mm/s; temp=255 °C; infill=100%; raster=90°,Note,"[1] Test specimens were printed at a printing speed of 160 mm/s and a printing temperature of 255 °C. Infill: 100%, with a 90° raster orientation.",,new,,high,reader-r1-69-c,
R-SUNLU-ccf53a55-5b58-49fa-b1d9-08f94c0a4b28,3,context,all,G020-20,High Speed Matte PETG,Note [2],,,,,,,,,,,,Note,[2] The typical values represent average laboratory data and are provided for reference only. They do not constitute product specifications. Results may vary depending on different printers.,,new,,high,reader-r1-69-c,
R-SUNLU-ccf53a55-5b58-49fa-b1d9-08f94c0a4b28,4,none,,,,,,,,,,,,,,,,,,,,,high,reader-r1-69-c,safety and handling text continued and legal disclaimer
R-SUNLU-COVERAGE-20261001-73edc6fa27c1,1,identity,grade,G039-18,TPU 90A,Title,TPU 90A,,,,,,,,,,,,TPU 90A,,new,,high,reader-r1-69-c,
R-SUNLU-COVERAGE-20261001-73edc6fa27c1,1,identity,polymer,G039-18,TPU 90A,Description,SUNLU TPU 90A は優れた耐摩耗性を備え、靭性と柔軟性のバランスに優れており、機能性フレキシブル部品や保護コンポーネントに適しています。,,,,,,,,,,,,SUNLU TPU 90A は優れた耐摩耗性を備え、靭性と柔軟性のバランスに優れており、機能性フレキシブル部品や保護コンポーネントに適しています。,,new,,high,reader-r1-69-c,Japanese product text; polymer TPU from the product name
R-SUNLU-COVERAGE-20261001-73edc6fa27c1,1,identity,diameter,G039-18,TPU 90A,直径,1.75mm 2.85mm 3.00mm,,,,,,,,,,,仕様,直径： | 1.75mm 2.85mm 3.00mm,,new,,high,reader-r1-69-c,diameters offered
R-SUNLU-COVERAGE-20261001-73edc6fa27c1,1,identity,diameter,G039-18,TPU 90A,Filament diameter tolerance,1.75 ± 0.02 mm,1.75,,mm,,,,,,,,,1.75 ± 0.02 mmの径公差で、幅広いプリンターとの高い互換性を実現しています,,new,,high,reader-r1-69-c,
R-SUNLU-COVERAGE-20261001-73edc6fa27c1,1,identity,colour,G039-18,TPU 90A,カラー,灰色,,,,,,,,,,,仕様,カラー： 灰色,,new,,high,reader-r1-69-c,Japanese: gray (spec table shows one colour)
R-SUNLU-COVERAGE-20261001-73edc6fa27c1,1,value,Tensile strength (endpoint unspecified),G039-18,TPU 90A,Tensile Strength（MPa）,40±6 MPa,40,,MPa,=,,,,,,,Mechanical Properties,Tensile Strength（MPa）  40±6,,new,,high,reader-r1-69-c,no direction or standard printed
R-SUNLU-COVERAGE-20261001-73edc6fa27c1,1,value,Flexural strength,G039-18,TPU 90A,Flexural Strength（MPa）,65±6 MPa,65,,MPa,=,,,,,,,Mechanical Properties,Flexural Strength（MPa）  65±6,,new,,high,reader-r1-69-c,no direction or standard printed
R-SUNLU-COVERAGE-20261001-73edc6fa27c1,1,value,Izod impact strength,G039-18,TPU 90A,Notched Izod Impact Strength（kJ/m²）,5±3 kJ/m²,5,,kJ/m²,=,,,,,,,Mechanical Properties,Notched Izod Impact Strength（kJ/m²）  5±3,,new,,high,reader-r1-69-c,notched
R-SUNLU-COVERAGE-20261001-73edc6fa27c1,1,value,Elongation at break,G039-18,TPU 90A,Elongation at Break（%）,10±5 %,10,,%,=,,,,,,,Mechanical Properties,Elongation at Break（%）  10±5,,new,,high,reader-r1-69-c,no direction or standard printed
R-SUNLU-COVERAGE-20261001-73edc6fa27c1,1,value,Hardness,G039-18,TPU 90A,Shore Hardness（HA/HD）,80,80,,HA/HD,=,,,,,,,Mechanical Properties,Shore Hardness（HA/HD）  80,,new,,high,reader-r1-69-c,scale not stated (unit printed HA/HD)
R-SUNLU-COVERAGE-20261001-73edc6fa27c1,1,value,Density,G039-18,TPU 90A,Density（g/cm³）,1.23 g/cm³,1.23,,g/cm³,=,,,,,,,Physical Properties,Density（g/cm³）  1.23,,new,,high,reader-r1-69-c,
R-SUNLU-COVERAGE-20261001-73edc6fa27c1,1,value,Melt mass-flow rate,G039-18,TPU 90A,Melt Flow Index（g/10 min）,6.9±3 g/10 min,6.9,,g/10 min,=,,,,,,,Physical Properties,Melt Flow Index（g/10 min）  6.9±3,,new,,high,reader-r1-69-c,no temperature or load printed
R-SUNLU-COVERAGE-20261001-73edc6fa27c1,1,value,Mould shrinkage,G039-18,TPU 90A,Shrinkage（%）,0.1-0.3 %,0.1,0.3,%,=,,,,,,,Physical Properties,Shrinkage（%）  0.1-0.3,,new,,high,reader-r1-69-c,
R-SUNLU-COVERAGE-20261001-73edc6fa27c1,1,value,HDT,G039-18,TPU 90A,Heat Deflection Temperature（℃）,55±5 ℃,55,,℃,=,,,,,,,Physical Properties,Heat Deflection Temperature（℃）  55±5,,new,,high,reader-r1-69-c,no load printed
R-SUNLU-COVERAGE-20261001-73edc6fa27c1,1,value,Vicat softening temperature,G039-18,TPU 90A,Vicat Softening Temperature（℃）,54 ℃,54,,℃,=,,,,,,,Physical Properties,Vicat Softening Temperature（℃）  54,,new,,high,reader-r1-69-c,
R-SUNLU-COVERAGE-20261001-73edc6fa27c1,1,setting,nozzle,G039-18,TPU 90A,Nozzle Temperature & Print Speed,220-240℃,220,240,℃,,,,,,,,Print Settings,Nozzle Temperature & Print Speed  220-240℃/≤40mm/s,,new,,high,reader-r1-69-c,
R-SUNLU-COVERAGE-20261001-73edc6fa27c1,1,setting,print_speed,G039-18,TPU 90A,Nozzle Temperature & Print Speed,≤40mm/s,40,,mm/s,,,,,,,,Print Settings,Nozzle Temperature & Print Speed  220-240℃/≤40mm/s,,new,,high,reader-r1-69-c,printed with a less-or-equal sign
R-SUNLU-COVERAGE-20261001-73edc6fa27c1,1,setting,bed,G039-18,TPU 90A,Bed Temperature,30-60℃,30,60,℃,,,,,,,,Print Settings,Bed Temperature  30-60℃,,new,,high,reader-r1-69-c,
R-SUNLU-COVERAGE-20261001-73edc6fa27c1,1,setting,other,G039-18,TPU 90A,Retraction Distance,0.8mm,0.8,,mm,,,,,,,,Print Settings,Retraction Distance  0.8mm,,new,,high,reader-r1-69-c,
R-SUNLU-COVERAGE-20261001-73edc6fa27c1,1,setting,other,G039-18,TPU 90A,Retraction Speed,≤40mm/s,40,,mm/s,,,,,,,,Print Settings,Retraction Speed  ≤40mm/s,,new,,high,reader-r1-69-c,printed with a less-or-equal sign
R-SUNLU-d7bcafe0-f102-4dcb-a87a-59f458f0358d,1,identity,grade,G094-04,PC/ABS,Product Name,PC/ABS,,,,,,,,,,,,Product Name: PC/ABS,,new,,high,reader-r1-69-c,
R-SUNLU-d7bcafe0-f102-4dcb-a87a-59f458f0358d,1,identity,other,G094-04,PC/ABS,Product features,High heat resistance and high toughness.; Good adhesion with metal coatings suitable for plastic electroplating.,,,,,,,,,,,Product features,"High heat resistance and high toughness. | Good adhesion with metal coatings, suitable for plastic electroplating.",,new,,high,reader-r1-69-c,
R-SUNLU-d7bcafe0-f102-4dcb-a87a-59f458f0358d,1,setting,enclosure,G094-04,PC/ABS,Points for attention,Enclosed-chamber printing with a chamber temperature of 90–100 °C,90,100,°C,,,,,,,,Points for attention,"Enclosed-chamber printing with a chamber temperature of 90–100 °C, using LAC spray adhesive.",P0402,confirms,Enclosed-chamber printing with a chamber temperature of 90–100 °C,high,reader-r1-69-c,
R-SUNLU-d7bcafe0-f102-4dcb-a87a-59f458f0358d,1,value,Tensile strength (endpoint unspecified),G094-04,PC/ABS,(X-Y) Tensile Strength,38±3 MPa,38,,MPa,=,X-Y,,,,ISO 527/2,rate=50 mm/min,Mechanical,(X-Y) Tensile Strength | ISO 527/2 | 50 mm/min | MPa | 38±3,V004474,confirms,38 ± 3 MPa,high,reader-r1-69-c,
R-SUNLU-d7bcafe0-f102-4dcb-a87a-59f458f0358d,1,value,Tensile modulus,G094-04,PC/ABS,(X-Y) Young’s Modulus,/,,,MPa,,X-Y,,,,ISO 527/2,rate=1 mm/min,Mechanical,(X-Y) Young’s Modulus | ISO 527/2 | 1 mm/min | MPa | /,,new,,high,reader-r1-69-c,cell holds only a slash
R-SUNLU-d7bcafe0-f102-4dcb-a87a-59f458f0358d,1,value,Elongation at break,G094-04,PC/ABS,(X-Y) Elongation at break,8±2 %,8,,%,=,X-Y,,,,ISO 527/2,rate=50 mm/min,Mechanical,(X-Y) Elongation at break | ISO 527/2 | 50 mm/min | % | 8±2,V004475,confirms,8 ± 2 %,high,reader-r1-69-c,
R-SUNLU-d7bcafe0-f102-4dcb-a87a-59f458f0358d,1,value,Flexural strength,G094-04,PC/ABS,(X-Y) Flexural Strength,70±3 MPa,70,,MPa,=,X-Y,,,,ISO 178,rate=2 mm/min,Mechanical,(X-Y) Flexural Strength | ISO 178 | 2 mm/min | MPa | 70±3,V004476,confirms,70 ± 3 MPa,high,reader-r1-69-c,
R-SUNLU-d7bcafe0-f102-4dcb-a87a-59f458f0358d,1,value,Flexural modulus,G094-04,PC/ABS,(X-Y) Flexural Modulus,2300±200 MPa,2300,,MPa,=,X-Y,,,,ISO 178,rate=2 mm/min,Mechanical,(X-Y) Flexural Modulus | ISO 178 | 2 mm/min | MPa | 2300±200,V004477,confirms,2300 ± 200 MPa,high,reader-r1-69-c,
R-SUNLU-d7bcafe0-f102-4dcb-a87a-59f458f0358d,1,value,Izod impact strength,G094-04,PC/ABS,(X-Y) Izod Impact Strength of Notched Specimen,15±3 KJ/m²,15,,KJ/m²,=,X-Y,,,,ISO 180,temp=23℃,Mechanical,(X-Y) Izod Impact Strength of Notched | ISO 180 | 23℃ | 15±3,V004478,confirms,15 ± 3 KJ/m2,high,reader-r1-69-c,notched specimen
R-SUNLU-d7bcafe0-f102-4dcb-a87a-59f458f0358d,1,value,Izod impact strength,G094-04,PC/ABS,(Z-X) Izod Impact Strength of Unnotched Specimen,/,,,KJ/m²,,Z-X,,,,ISO 180,temp=23℃,Mechanical,(Z-X) Izod Impact Strength of Unnotched | ISO 180 | 23℃ | /,,new,,high,reader-r1-69-c,cell holds only a slash; unnotched specimen
R-SUNLU-d7bcafe0-f102-4dcb-a87a-59f458f0358d,1,value,Hardness,G094-04,PC/ABS,Shore Hardness,80D,80,,Shore D,=,,,,,ISO 868,temp=23℃,Mechanical,Shore Hardness | ISO 868 | 23℃ | HA/HD | 80D,V004479,confirms,80,high,reader-r1-69-c,page prints 80D (Shore D scale); held value is 80 with no scale
R-SUNLU-d7bcafe0-f102-4dcb-a87a-59f458f0358d,1,value,HDT,G094-04,PC/ABS,(X-Y) Heat Distortion (HDT),102±2 ℃,102,,℃,=,X-Y,,,,ISO 75,load=0.45 MPa,Thermal,(X-Y) Heat Distortion (HDT) | ISO 75 | 0.45 MPa | ℃ | 102±2,V004480,confirms,102 ± 2 ℃,high,reader-r1-69-c,
R-SUNLU-d7bcafe0-f102-4dcb-a87a-59f458f0358d,1,value,Glass transition temperature,G094-04,PC/ABS,Glass Transition (Tg),106 ℃,106,,℃,=,,,,,ISO 11357-2,rate=10 ℃/min,Thermal,Glass Transition (Tg) | ISO 11357-2 | 10 ℃/min | ℃ | 106,V004481,confirms,106 ℃,high,reader-r1-69-c,
R-SUNLU-d7bcafe0-f102-4dcb-a87a-59f458f0358d,1,value,Melting temperature,G094-04,PC/ABS,Melting Temperature,/,,,℃,,,,,,ISO 11357-3,rate=10 ℃/min,Thermal,Melting Temperature | ISO 11357-3 | 10 ℃/min | ℃ | /,,new,,high,reader-r1-69-c,cell holds only a slash
R-SUNLU-d7bcafe0-f102-4dcb-a87a-59f458f0358d,1,value,Decomposition temperature,G094-04,PC/ABS,@5%Decomposition Temp.,/,,,℃,,,,,,ISO 11358,rate=20 ℃/min,Thermal,@5%Decomposition Temp. | ISO 11358 | 20 ℃/min | ℃ | /,,new,,high,reader-r1-69-c,cell holds only a slash
R-SUNLU-d7bcafe0-f102-4dcb-a87a-59f458f0358d,1,value,Vicat softening temperature,G094-04,PC/ABS,Vicat Softening Temp.,/,,,℃,,,,,,ISO 306,load=5kg; rate=50℃/h,Thermal,"Vicat Softening Temp. | ISO 306 | 5kg, 50℃/h | ℃ | /",,new,,high,reader-r1-69-c,cell holds only a slash
R-SUNLU-d7bcafe0-f102-4dcb-a87a-59f458f0358d,1,value,Mould shrinkage,G094-04,PC/ABS,Moulding Shrinkage,/,,,%,,,,,,ISO 294,temp=23℃,Thermal,Moulding Shrinkage | ISO 294 | 23℃ | % | /,,new,,high,reader-r1-69-c,cell holds only a slash
R-SUNLU-d7bcafe0-f102-4dcb-a87a-59f458f0358d,1,value,Coefficient of thermal expansion,G094-04,PC/ABS,Coefficient of Thermal Exp.,/,,,㎛/(m·℃),,,,,,ISO 11359-2,,Thermal,Coefficient of Thermal Exp. | ISO 11359-2 | /,,new,,high,reader-r1-69-c,cell holds only a slash
R-SUNLU-d7bcafe0-f102-4dcb-a87a-59f458f0358d,1,value,Melt mass-flow rate,G094-04,PC/ABS,Melt Mass-flow Rate,22±5 g/10 min,22,,g/10 min,=,,,,,ISO 1133,temp=260℃; load=5 kg,其 他 Others,Melt Mass-flow Rate | ISO 1133 | 260℃/5 kg | g/10 min | 22±5,V004482,confirms,22 ± 5 g/10 min,high,reader-r1-69-c,
R-SUNLU-d7bcafe0-f102-4dcb-a87a-59f458f0358d,1,value,Density,G094-04,PC/ABS,Density,1.081 g/cm³,1.081,,g/cm³,=,,,,,ISO 1183,temp=23℃,其 他 Others,Density | ISO 1183 | 23℃ | 1.081,V004483,confirms,1.081 g/cm3,high,reader-r1-69-c,
R-SUNLU-d7bcafe0-f102-4dcb-a87a-59f458f0358d,1,value,Volume resistivity,G094-04,PC/ABS,Volume Resistivity,1.0*10^15 ohm-cm,1.0,,ohm-cm,=,,,,,IEC 60093,,其 他 Others,Volume Resistivity | IEC 60093 | - | ohm-cm | 1.0*10,,new,,medium,reader-r1-69-c,value printed as 1.0*10 with superscript 15 (a power of ten)
R-SUNLU-d7bcafe0-f102-4dcb-a87a-59f458f0358d,1,value,Relative permittivity,G094-04,PC/ABS,Permittivity,2.80,2.80,,,=,,,,,IEC 60250,freq=1 kHz,其 他 Others,Permittivity | IEC 60250 | 1 kHz | 2.80,,new,,high,reader-r1-69-c,no unit printed
R-SUNLU-d7bcafe0-f102-4dcb-a87a-59f458f0358d,1,value,unmapped:Flammability,G094-04,PC/ABS,Flammability,HB,,,Class,,,,,,UL 94,thickness=1.5 mm,其 他 Others,Flammability | UL 94 | 1.5 mm | Class | HB,,new,,high,reader-r1-69-c,
R-SUNLU-d7bcafe0-f102-4dcb-a87a-59f458f0358d,2,value,unmapped:Chemical resistance Weak Acid (pH 3-6),G094-04,PC/ABS,Weak Acid (pH 3-6),Bad,,,,,,,,,,,Chemical,Weak Acid (pH 3-6) | Bad,,new,,high,reader-r1-69-c,
R-SUNLU-d7bcafe0-f102-4dcb-a87a-59f458f0358d,2,value,unmapped:Chemical resistance Strong Acid (pH<3),G094-04,PC/ABS,Strong Acid (pH<3),Bad,,,,,,,,,,,Chemical,Strong Acid (pH<3) | Bad,,new,,high,reader-r1-69-c,
R-SUNLU-d7bcafe0-f102-4dcb-a87a-59f458f0358d,2,value,unmapped:Chemical resistance Weak Bases (pH 8-10),G094-04,PC/ABS,Weak Bases (pH 8-10),Normal,,,,,,,,,,,Chemical,Weak Bases (pH 8-10) | Normal,,new,,high,reader-r1-69-c,
R-SUNLU-d7bcafe0-f102-4dcb-a87a-59f458f0358d,2,value,unmapped:Chemical resistance Strong Bases (pH >10),G094-04,PC/ABS,Strong Bases (pH >10),Bad,,,,,,,,,,,Chemical,Strong Bases (pH >10) | Bad,,new,,high,reader-r1-69-c,
R-SUNLU-d7bcafe0-f102-4dcb-a87a-59f458f0358d,2,value,unmapped:Chemical resistance Deionized Water,G094-04,PC/ABS,Deionized Water,Excellent,,,,,,,,,,,Chemical,Deionized Water | Excellent,,new,,high,reader-r1-69-c,
R-SUNLU-d7bcafe0-f102-4dcb-a87a-59f458f0358d,2,value,unmapped:Chemical resistance Alcohol,G094-04,PC/ABS,Alcohol,Bad,,,,,,,,,,,Chemical,Alcohol | Bad,,new,,high,reader-r1-69-c,
R-SUNLU-d7bcafe0-f102-4dcb-a87a-59f458f0358d,2,value,unmapped:Chemical resistance Ketone,G094-04,PC/ABS,Ketone,Bad,,,,,,,,,,,Chemical,Ketone | Bad,,new,,high,reader-r1-69-c,
R-SUNLU-d7bcafe0-f102-4dcb-a87a-59f458f0358d,2,value,unmapped:Chemical resistance Petroleum Fuels,G094-04,PC/ABS,Petroleum Fuels,Bad,,,,,,,,,,,Chemical,Petroleum Fuels | Bad,,new,,high,reader-r1-69-c,
R-SUNLU-d7bcafe0-f102-4dcb-a87a-59f458f0358d,2,value,unmapped:Chemical resistance Ester,G094-04,PC/ABS,Ester,Bad,,,,,,,,,,,Chemical,Ester | Bad,,new,,high,reader-r1-69-c,
R-SUNLU-d7bcafe0-f102-4dcb-a87a-59f458f0358d,2,setting,nozzle,G094-04,PC/ABS,Nozzle Temp.,260-280 ℃,260,280,℃,,,,,,,,Recommended Printing Parameters,Nozzle Temp. | 260-280 | ≤230,P0402,confirms,260-280,high,reader-r1-69-c,
R-SUNLU-d7bcafe0-f102-4dcb-a87a-59f458f0358d,2,setting,print_speed,G094-04,PC/ABS,Nozzle Temp. Speed,≤230 mm/s,230,,mm/s,,,,,,,,Recommended Printing Parameters,260-280 | ≤230,,new,,high,reader-r1-69-c,printed with a less-or-equal sign
R-SUNLU-d7bcafe0-f102-4dcb-a87a-59f458f0358d,2,setting,bed,G094-04,PC/ABS,Plate Temp.,100-110℃,100,110,℃,,,,,,,,Recommended Printing Parameters,Plate Temp. | 100-110℃,P0402,confirms,100-110℃,high,reader-r1-69-c,
R-SUNLU-d7bcafe0-f102-4dcb-a87a-59f458f0358d,2,setting,plate,G094-04,PC/ABS,Plate Material,Standard,,,,,,,,,,,Recommended Printing Parameters,Plate Material | Standard,P0402,confirms,Standard,high,reader-r1-69-c,
R-SUNLU-d7bcafe0-f102-4dcb-a87a-59f458f0358d,2,setting,other,G094-04,PC/ABS,Plate Treatment,Print with LAC spray adhesive,,,,,,,,,,,Recommended Printing Parameters,Plate Treatment | Print with LAC spray adhesive,,new,,high,reader-r1-69-c,
R-SUNLU-d7bcafe0-f102-4dcb-a87a-59f458f0358d,2,setting,fan,G094-04,PC/ABS,Cooling Fan,Open☑/Close☐,,,,,,,,,,,Recommended Printing Parameters,Cooling Fan | Open☑/Close☐,,new,,high,reader-r1-69-c,Open box is ticked
R-SUNLU-d7bcafe0-f102-4dcb-a87a-59f458f0358d,2,setting,other,G094-04,PC/ABS,Raft Distance,0.2-0.4mm,0.2,0.4,mm,,,,,,,,Recommended Printing Parameters,Raft Distance | 0.2-0.4mm,,new,,high,reader-r1-69-c,
R-SUNLU-d7bcafe0-f102-4dcb-a87a-59f458f0358d,2,setting,other,G094-04,PC/ABS,Retraction Distance,0.8-1.2mm,0.8,1.2,mm,,,,,,,,Recommended Printing Parameters,Retraction Distance | 0.8-1.2mm,,new,,high,reader-r1-69-c,
R-SUNLU-d7bcafe0-f102-4dcb-a87a-59f458f0358d,2,setting,other,G094-04,PC/ABS,Retraction Speed,30-40mm/s,30,40,mm/s,,,,,,,,Recommended Printing Parameters,Retraction Speed | 30-40mm/s,,new,,high,reader-r1-69-c,
R-SUNLU-d7bcafe0-f102-4dcb-a87a-59f458f0358d,2,setting,chamber,G094-04,PC/ABS,Room Temp.,90-100℃,90,100,℃,,,,,,,,Recommended Printing Parameters,Room Temp. | 90-100℃,P0402,confirms,90-100,high,reader-r1-69-c,row label is Room Temp. but the value is a chamber range
R-SUNLU-d7bcafe0-f102-4dcb-a87a-59f458f0358d,2,setting,other,G094-04,PC/ABS,Supported Material,-,,,,,,,,,,,Recommended Printing Parameters,Supported Material | -,,new,,high,reader-r1-69-c,cell holds only a dash
R-SUNLU-d7bcafe0-f102-4dcb-a87a-59f458f0358d,2,setting,drying,G094-04,PC/ABS,Drying Temp.,70-80℃,70,80,℃,,,,,,,,Recommended Printing Parameters,Drying Temp. | 70-80℃,P0402,confirms,70-80℃,high,reader-r1-69-c,no hours printed; held typed Drying °C is 80 (upper end of the printed range)
R-SUNLU-d7bcafe0-f102-4dcb-a87a-59f458f0358d,2,none,,,,,,,,,,,,,,,,,,,,,high,reader-r1-69-c,tensile specimen heading only; printing parameters transcribed above
R-SUNLU-d7bcafe0-f102-4dcb-a87a-59f458f0358d,3,context,all,G094-04,PC/ABS,Note [1],,,,,,,printed,,,,speed=200-250 mm/s; temp=260 °C; infill=100%; raster=90°,Note,"[1] Test specimens were printed at a printing speed of 200-250 mm/s and a printing temperature of 260 °C. Infill: 100%, with a 90° raster orientation.",,new,,high,reader-r1-69-c,
R-SUNLU-d7bcafe0-f102-4dcb-a87a-59f458f0358d,3,context,all,G094-04,PC/ABS,Note [2],,,,,,,,,,,,Note,[2] The typical values represent average laboratory data and are provided for reference only. They do not constitute product specifications. Results may vary depending on different printers.,,new,,high,reader-r1-69-c,
R-SUNLU-d7bcafe0-f102-4dcb-a87a-59f458f0358d,4,none,,,,,,,,,,,,,,,,,,,,,high,reader-r1-69-c,safety and handling text continued and legal disclaimer
R-SUNLU-e5f16b43-cef6-4f3e-ad93-3cc86f93f7e4,1,identity,grade,G051-06,PA6-GF,Product Name,PA6-GF,,,,,,,,,,,,Product Name: PA6-GF,,new,,high,reader-r1-69-c,
R-SUNLU-e5f16b43-cef6-4f3e-ad93-3cc86f93f7e4,1,identity,other,G051-06,PA6-GF,Product features,"Low warping and cracking, with high strength.",,,,,,,,,,,Product features,"Low warping and cracking, with high strength.",,new,,high,reader-r1-69-c,
R-SUNLU-e5f16b43-cef6-4f3e-ad93-3cc86f93f7e4,1,identity,other,G051-06,PA6-GF,Points for attention,Keep the filament dry during printing.,,,,,,,,,,,Points for attention,Keep the filament dry during printing.,,new,,high,reader-r1-69-c,
R-SUNLU-e5f16b43-cef6-4f3e-ad93-3cc86f93f7e4,1,value,Tensile strength (endpoint unspecified),G051-06,PA6-GF,(X-Y) Tensile Strength,89±8 MPa,89,,MPa,=,X-Y,,,,ISO 527/2,rate=50 mm/min,Mechanical,(X-Y) Tensile Strength | ISO 527/2 | 50 mm/min | MPa | 89±8,V004585,confirms,89 ± 8 MPa,high,reader-r1-69-c,
R-SUNLU-e5f16b43-cef6-4f3e-ad93-3cc86f93f7e4,1,value,Tensile modulus,G051-06,PA6-GF,(X-Y) Young’s Modulus,/,,,MPa,,X-Y,,,,ISO 527/2,rate=1 mm/min,Mechanical,(X-Y) Young’s Modulus | ISO 527/2 | 1 mm/min | MPa | /,,new,,high,reader-r1-69-c,cell holds only a slash
R-SUNLU-e5f16b43-cef6-4f3e-ad93-3cc86f93f7e4,1,value,Elongation at break,G051-06,PA6-GF,(X-Y) Elongation at break,12.5±3 %,12.5,,%,=,X-Y,,,,ISO 527/2,rate=50 mm/min,Mechanical,(X-Y) Elongation at break | ISO 527/2 | 50 mm/min | % | 12.5±3,V004586,confirms,12.5 ± 3 %,high,reader-r1-69-c,
R-SUNLU-e5f16b43-cef6-4f3e-ad93-3cc86f93f7e4,1,value,Flexural strength,G051-06,PA6-GF,(X-Y) Flexural Strength,176±8 MPa,176,,MPa,=,X-Y,,,,ISO 178,rate=2 mm/min,Mechanical,(X-Y) Flexural Strength | ISO 178 | 2 mm/min | MPa | 176±8,V004587,confirms,176 ± 8 MPa,high,reader-r1-69-c,
R-SUNLU-e5f16b43-cef6-4f3e-ad93-3cc86f93f7e4,1,value,Flexural modulus,G051-06,PA6-GF,(X-Y) Flexural Modulus,6130±300 MPa,6130,,MPa,=,X-Y,,,,ISO 178,rate=2 mm/min,Mechanical,(X-Y) Flexural Modulus | ISO 178 | 2 mm/min | MPa | 6130±300,V004588,confirms,6130 ± 300 MPa,high,reader-r1-69-c,
R-SUNLU-e5f16b43-cef6-4f3e-ad93-3cc86f93f7e4,1,value,Izod impact strength,G051-06,PA6-GF,(X-Y) Izod Impact Strength of Notched Specimen,10.5±2.5 KJ/m²,10.5,,KJ/m²,=,X-Y,,,,ISO 180,temp=23℃,Mechanical,(X-Y) Izod Impact Strength of Notched | ISO 180 | 23℃ | 10.5±2.5,V004589,confirms,10.5 ± 2.5 KJ/m2,high,reader-r1-69-c,notched specimen
R-SUNLU-e5f16b43-cef6-4f3e-ad93-3cc86f93f7e4,1,value,Izod impact strength,G051-06,PA6-GF,(Z-X) Izod Impact Strength of Unnotched Specimen,2.9±1 KJ/m²,2.9,,KJ/m²,=,Z-X,,,,ISO 180,temp=23℃,Mechanical,(Z-X) Izod Impact Strength of Unnotched | ISO 180 | 23℃ | 2.9±1,V004590,confirms,2.9 ± 1 KJ/m2,high,reader-r1-69-c,unnotched specimen
R-SUNLU-e5f16b43-cef6-4f3e-ad93-3cc86f93f7e4,1,value,Hardness,G051-06,PA6-GF,Shore Hardness,82.5,82.5,,HA/HD,=,,,,,ISO 868,temp=23℃,Mechanical,Shore Hardness | ISO 868 | 23℃ | HA/HD | 82.5,V004591,confirms,82.5,high,reader-r1-69-c,unit printed HA/HD: scale not stated
R-SUNLU-e5f16b43-cef6-4f3e-ad93-3cc86f93f7e4,1,value,HDT,G051-06,PA6-GF,(X-Y) Heat Distortion (HDT),205.2±3 ℃,205.2,,℃,=,X-Y,,,,ISO 75,load=0.45 MPa,Thermal,(X-Y) Heat Distortion (HDT) | ISO 75 | 0.45 MPa | ℃ | 205.2±3,V004592,confirms,205.2 ± 3 ℃,high,reader-r1-69-c,
R-SUNLU-e5f16b43-cef6-4f3e-ad93-3cc86f93f7e4,1,value,Glass transition temperature,G051-06,PA6-GF,Glass Transition (Tg),65 ℃,65,,℃,=,,,,,ISO 11357-2,rate=10 ℃/min,Thermal,Glass Transition (Tg) | ISO 11357-2 | 10 ℃/min | ℃ | 65,V004593,confirms,65 ℃,high,reader-r1-69-c,
R-SUNLU-e5f16b43-cef6-4f3e-ad93-3cc86f93f7e4,1,value,Melting temperature,G051-06,PA6-GF,Melting Temperature,225 ℃,225,,℃,=,,,,,ISO 11357-3,rate=10 ℃/min,Thermal,Melting Temperature | ISO 11357-3 | 10 ℃/min | ℃ | 225,V004594,confirms,225 ℃,high,reader-r1-69-c,
R-SUNLU-e5f16b43-cef6-4f3e-ad93-3cc86f93f7e4,1,value,Decomposition temperature,G051-06,PA6-GF,@5%Decomposition Temp.,≥330 ℃,330,,℃,,,,,,ISO 11358,rate=20 ℃/min,Thermal,@5%Decomposition Temp. | ISO 11358 | 20 ℃/min | ℃ | ≥330,,new,,high,reader-r1-69-c,printed with a greater-or-equal sign (not > or <)
R-SUNLU-e5f16b43-cef6-4f3e-ad93-3cc86f93f7e4,1,value,Vicat softening temperature,G051-06,PA6-GF,Vicat Softening Temp.,/,,,℃,,,,,,ISO 306,load=5kg; rate=50℃/h,Thermal,"Vicat Softening Temp. | ISO 306 | 5kg, 50℃/h | ℃ | /",,new,,high,reader-r1-69-c,cell holds only a slash
R-SUNLU-e5f16b43-cef6-4f3e-ad93-3cc86f93f7e4,1,value,Mould shrinkage,G051-06,PA6-GF,Moulding Shrinkage,/,,,%,,,,,,ISO 294,temp=23℃,Thermal,Moulding Shrinkage | ISO 294 | 23℃ | % | /,,new,,high,reader-r1-69-c,cell holds only a slash
R-SUNLU-e5f16b43-cef6-4f3e-ad93-3cc86f93f7e4,1,value,Coefficient of thermal expansion,G051-06,PA6-GF,Coefficient of Thermal Exp.,/,,,㎛/(m·℃),,,,,,ISO 11359-2,,Thermal,Coefficient of Thermal Exp. | ISO 11359-2 | /,,new,,high,reader-r1-69-c,cell holds only a slash
R-SUNLU-e5f16b43-cef6-4f3e-ad93-3cc86f93f7e4,1,value,Melt mass-flow rate,G051-06,PA6-GF,Melt Mass-flow Rate,12.2±3 g/10 min,12.2,,g/10 min,=,,,,,ISO 1133,temp=250℃; load=2.16 kg,Others,Melt Mass-flow Rate | ISO 1133 | 250℃/2.16 kg | g/10 min | 12.2±3,V004595,confirms,12.2 ± 3 g/10 min,high,reader-r1-69-c,
R-SUNLU-e5f16b43-cef6-4f3e-ad93-3cc86f93f7e4,1,value,Density,G051-06,PA6-GF,Density,1.269 g/cm³,1.269,,g/cm³,=,,,,,ISO 1183,temp=23℃,Others,Density | ISO 1183 | 23℃ | 1.269,V004596,confirms,1.269 g/cm3,high,reader-r1-69-c,
R-SUNLU-e5f16b43-cef6-4f3e-ad93-3cc86f93f7e4,1,value,Volume resistivity,G051-06,PA6-GF,Volume Resistivity,1.05×10^15 ohm-cm,1.05,,ohm-cm,=,,,,,IEC 60093,,Others,Volume Resistivity | IEC 60093 | - | ohm-cm | 1.05×10,,new,,medium,reader-r1-69-c,value printed as 1.05×10 with superscript 15 (a power of ten)
R-SUNLU-e5f16b43-cef6-4f3e-ad93-3cc86f93f7e4,1,value,Relative permittivity,G051-06,PA6-GF,Permittivity,3.4,3.4,,,=,,,,,IEC 60250,freq=1 kHz,Others,Permittivity | IEC 60250 | 1 kHz | 3.4,,new,,high,reader-r1-69-c,no unit printed
R-SUNLU-e5f16b43-cef6-4f3e-ad93-3cc86f93f7e4,1,value,unmapped:Flammability,G051-06,PA6-GF,Flammability,HB,,,Class,,,,,,UL 94,thickness=1.5 mm,Others,Flammability | UL 94 | 1.5 mm | Class | HB,,new,,high,reader-r1-69-c,
R-SUNLU-e5f16b43-cef6-4f3e-ad93-3cc86f93f7e4,1,value,unmapped:Chemical resistance Weak Acid (pH 3-6),G051-06,PA6-GF,Weak Acid (pH 3-6),Good,,,,,,,,,,,Chemical,Weak Acid (pH 3-6) | Good,,new,,high,reader-r1-69-c,
R-SUNLU-e5f16b43-cef6-4f3e-ad93-3cc86f93f7e4,1,value,unmapped:Chemical resistance Strong Acid (pH<3),G051-06,PA6-GF,Strong Acid (pH<3),Bad,,,,,,,,,,,Chemical,Strong Acid (pH<3) | Bad,,new,,high,reader-r1-69-c,
R-SUNLU-e5f16b43-cef6-4f3e-ad93-3cc86f93f7e4,2,value,unmapped:Chemical resistance Weak Bases (pH 8-10),G051-06,PA6-GF,Weak Bases (pH 8-10),Excellent,,,,,,,,,,,Chemical,Weak Bases (pH 8-10) | Excellent,,new,,high,reader-r1-69-c,
R-SUNLU-e5f16b43-cef6-4f3e-ad93-3cc86f93f7e4,2,value,unmapped:Chemical resistance Strong Bases (pH >10),G051-06,PA6-GF,Strong Bases (pH >10),Good,,,,,,,,,,,Chemical,Strong Bases (pH >10) | Good,,new,,high,reader-r1-69-c,
R-SUNLU-e5f16b43-cef6-4f3e-ad93-3cc86f93f7e4,2,value,unmapped:Chemical resistance Deionized Water,G051-06,PA6-GF,Deionized Water,Excellent,,,,,,,,,,,Chemical,Deionized Water | Excellent,,new,,high,reader-r1-69-c,
R-SUNLU-e5f16b43-cef6-4f3e-ad93-3cc86f93f7e4,2,value,unmapped:Chemical resistance Alcohol,G051-06,PA6-GF,Alcohol,Normal,,,,,,,,,,,Chemical,Alcohol | Normal,,new,,high,reader-r1-69-c,
R-SUNLU-e5f16b43-cef6-4f3e-ad93-3cc86f93f7e4,2,value,unmapped:Chemical resistance Ketone,G051-06,PA6-GF,Ketone,Normal,,,,,,,,,,,Chemical,Ketone | Normal,,new,,high,reader-r1-69-c,
R-SUNLU-e5f16b43-cef6-4f3e-ad93-3cc86f93f7e4,2,value,unmapped:Chemical resistance Petroleum Fuels,G051-06,PA6-GF,Petroleum Fuels,Excellent,,,,,,,,,,,Chemical,Petroleum Fuels | Excellent,,new,,high,reader-r1-69-c,
R-SUNLU-e5f16b43-cef6-4f3e-ad93-3cc86f93f7e4,2,value,unmapped:Chemical resistance Ester,G051-06,PA6-GF,Ester,Excellent,,,,,,,,,,,Chemical,Ester | Excellent,,new,,high,reader-r1-69-c,
R-SUNLU-e5f16b43-cef6-4f3e-ad93-3cc86f93f7e4,2,setting,nozzle,G051-06,PA6-GF,Nozzle Temp.,270-290 ℃,270,290,℃,,,,,,,,Recommended Printing Parameters,Nozzle Temp. | 270-290 | <130,P0411,confirms,270-290,high,reader-r1-69-c,
R-SUNLU-e5f16b43-cef6-4f3e-ad93-3cc86f93f7e4,2,setting,print_speed,G051-06,PA6-GF,Nozzle Temp. Speed,<130 mm/s,130,,mm/s,<,,,,,,,Recommended Printing Parameters,270-290 | <130,,new,,high,reader-r1-69-c,
R-SUNLU-e5f16b43-cef6-4f3e-ad93-3cc86f93f7e4,2,setting,bed,G051-06,PA6-GF,Plate Temp.,60-70℃,60,70,℃,,,,,,,,Recommended Printing Parameters,Plate Temp. | 60-70℃,P0411,confirms,60-70℃,high,reader-r1-69-c,
R-SUNLU-e5f16b43-cef6-4f3e-ad93-3cc86f93f7e4,2,setting,plate,G051-06,PA6-GF,Plate Material,Textured PEI Build Plate,,,,,,,,,,,Recommended Printing Parameters,Plate Material | Textured PEI Build Plate,P0411,confirms,Textured PEI Build Plate,high,reader-r1-69-c,
R-SUNLU-e5f16b43-cef6-4f3e-ad93-3cc86f93f7e4,2,setting,other,G051-06,PA6-GF,Plate Treatment,Glue stick / LAC spray adhesive,,,,,,,,,,,Recommended Printing Parameters,Plate Treatment | Glue stick / LAC spray adhesive,,new,,high,reader-r1-69-c,
R-SUNLU-e5f16b43-cef6-4f3e-ad93-3cc86f93f7e4,2,setting,fan,G051-06,PA6-GF,Cooling Fan,Open☑/Close☐,,,,,,,,,,,Recommended Printing Parameters,Cooling Fan | Open☑/Close☐,,new,,high,reader-r1-69-c,Open box is ticked
R-SUNLU-e5f16b43-cef6-4f3e-ad93-3cc86f93f7e4,2,setting,other,G051-06,PA6-GF,Raft Distance,0.2-0.4mm,0.2,0.4,mm,,,,,,,,Recommended Printing Parameters,Raft Distance | 0.2-0.4mm,,new,,high,reader-r1-69-c,
R-SUNLU-e5f16b43-cef6-4f3e-ad93-3cc86f93f7e4,2,setting,other,G051-06,PA6-GF,Retraction Distance,0.8-1.2mm,0.8,1.2,mm,,,,,,,,Recommended Printing Parameters,Retraction Distance | 0.8-1.2mm,,new,,high,reader-r1-69-c,
R-SUNLU-e5f16b43-cef6-4f3e-ad93-3cc86f93f7e4,2,setting,other,G051-06,PA6-GF,Retraction Speed,30mm/s,30,,mm/s,,,,,,,,Recommended Printing Parameters,Retraction Speed | 30mm/s,,new,,high,reader-r1-69-c,
R-SUNLU-e5f16b43-cef6-4f3e-ad93-3cc86f93f7e4,2,setting,chamber,G051-06,PA6-GF,Room Temp.,Room Temperature,,,,,,,,,,,Recommended Printing Parameters,Room Temp. | Room Temperature,P0411,confirms,Room Temperature,high,reader-r1-69-c,
R-SUNLU-e5f16b43-cef6-4f3e-ad93-3cc86f93f7e4,2,setting,other,G051-06,PA6-GF,Supported Material,/,,,,,,,,,,,Recommended Printing Parameters,Supported Material | /,,new,,high,reader-r1-69-c,cell holds only a slash
R-SUNLU-e5f16b43-cef6-4f3e-ad93-3cc86f93f7e4,2,setting,drying,G051-06,PA6-GF,Drying Temp.,80-110℃,80,110,℃,,,,,,,,Recommended Printing Parameters,Drying Temp. | 80-110℃,P0411,confirms,80-110℃,high,reader-r1-69-c,no hours printed; held typed Drying °C is 110 (upper end of the printed range)
R-SUNLU-e5f16b43-cef6-4f3e-ad93-3cc86f93f7e4,2,none,,,,,,,,,,,,,,,,,,,,,high,reader-r1-69-c,tensile specimen drawing; printing parameters transcribed above
R-SUNLU-e5f16b43-cef6-4f3e-ad93-3cc86f93f7e4,3,context,all,G051-06,PA6-GF,Note [1],,,,,,,printed,,,,speed=60mm/s; temp=265 °C; infill=100%; raster=90°,Note,"[1] Test specimens were printed at a printing speed of 60mm/s and a printing temperature of 265 °C. Infill: 100%, with a 90° raster orientation.",,new,,high,reader-r1-69-c,
R-SUNLU-e5f16b43-cef6-4f3e-ad93-3cc86f93f7e4,3,context,all,G051-06,PA6-GF,Note [2],,,,,,,,,,,,Note,[2] The typical values represent average laboratory data and are provided for reference only. They do not constitute product specifications. Results may vary depending on different printers.,,new,,high,reader-r1-69-c,
R-SUNLU-e5f16b43-cef6-4f3e-ad93-3cc86f93f7e4,4,none,,,,,,,,,,,,,,,,,,,,,high,reader-r1-69-c,safety and handling text continued and legal disclaimer
R-SUNLU-e8b9c06a-4b93-46cb-9532-d9deb185a7c8,1,identity,grade,G039-19,TPU 95A,Product Name,TPU 95A,,,,,,,,,,,,Product Name: TPU 95A,,new,,high,reader-r1-69-c,
R-SUNLU-e8b9c06a-4b93-46cb-9532-d9deb185a7c8,1,identity,other,G039-19,TPU 95A,Product features,"Has good flexibility and a rubber-like texture, available in multiple colors.",,,,,,,,,,,Product features,"Has good flexibility and a rubber-like texture, available in multiple colors.",,new,,high,reader-r1-69-c,
R-SUNLU-e8b9c06a-4b93-46cb-9532-d9deb185a7c8,1,value,Tensile strength (endpoint unspecified),G039-19,TPU 95A,(X-Y) Tensile Strength,31±3 MPa,31,,MPa,=,X-Y,,,,ISO 527/2,rate=50 mm/min,Mechanical,(X-Y) Tensile Strength | ISO 527/2 | 50 mm/min | MPa | 31±3,V004770,confirms,31 ± 3 MPa,high,reader-r1-69-c,
R-SUNLU-e8b9c06a-4b93-46cb-9532-d9deb185a7c8,1,value,Tensile modulus,G039-19,TPU 95A,(X-Y) Young’s Modulus,/,,,MPa,,X-Y,,,,ISO 527/2,rate=1 mm/min,Mechanical,(X-Y) Young’s Modulus | ISO 527/2 | 1 mm/min | MPa | /,,new,,high,reader-r1-69-c,cell holds only a slash
R-SUNLU-e8b9c06a-4b93-46cb-9532-d9deb185a7c8,1,value,Elongation at break,G039-19,TPU 95A,(X-Y) Elongation at break,> 900 %,900,,%,>,X-Y,,,,ISO 527/2,rate=50 mm/min,Mechanical,(X-Y) Elongation at break | ISO 527/2 | 50 mm/min | % | ＞ 900,V004771,mismatch,900 %,high,reader-r1-69-c,page prints a lower bound (> 900); held row has 900 % as a point value
R-SUNLU-e8b9c06a-4b93-46cb-9532-d9deb185a7c8,1,value,Flexural strength,G039-19,TPU 95A,(X-Y) Flexural Strength,/,,,MPa,,X-Y,,,,ISO 178,rate=2 mm/min,Mechanical,(X-Y) Flexural Strength | ISO 178 | 2 mm/min | MPa | /,,new,,high,reader-r1-69-c,cell holds only a slash
R-SUNLU-e8b9c06a-4b93-46cb-9532-d9deb185a7c8,1,value,Flexural modulus,G039-19,TPU 95A,(X-Y) Flexural Modulus,/,,,MPa,,X-Y,,,,ISO 178,rate=2 mm/min,Mechanical,(X-Y) Flexural Modulus | ISO 178 | 2 mm/min | MPa | /,,new,,high,reader-r1-69-c,cell holds only a slash
R-SUNLU-e8b9c06a-4b93-46cb-9532-d9deb185a7c8,1,value,Izod impact strength,G039-19,TPU 95A,(X-Y) Izod Impact Strength of Notched Specimen,47±5 KJ/m²,47,,KJ/m²,=,X-Y,,,,ISO 180,temp=23℃,Mechanical,(X-Y) Izod Impact Strength of Notched | ISO 180 | 23℃ | 47±5,V004772,confirms,47 ± 5 KJ/m2,high,reader-r1-69-c,notched specimen
R-SUNLU-e8b9c06a-4b93-46cb-9532-d9deb185a7c8,1,value,Izod impact strength,G039-19,TPU 95A,(Z-X) Izod Impact Strength of Unnotched Specimen,38±5 KJ/m²,38,,KJ/m²,=,Z-X,,,,ISO 180,temp=23℃,Mechanical,(Z-X) Izod Impact Strength of Unnotched | ISO 180 | 23℃ | 38±5,V004773,confirms,38 ± 5 KJ/m2,high,reader-r1-69-c,unnotched specimen
R-SUNLU-e8b9c06a-4b93-46cb-9532-d9deb185a7c8,1,value,Hardness,G039-19,TPU 95A,Shore Hardness,95,95,,HA/HD,=,,,,,ISO 868,temp=23℃,Mechanical,Shore Hardness | ISO 868 | 23℃ | HA/HD | 95,V004774,confirms,95,high,reader-r1-69-c,unit printed HA/HD: scale not stated
R-SUNLU-e8b9c06a-4b93-46cb-9532-d9deb185a7c8,1,value,HDT,G039-19,TPU 95A,(X-Y) Heat Distortion (HDT),/,,,℃,,X-Y,,,,ISO 75,load=0.45 MPa,Thermal,(X-Y) Heat Distortion (HDT) | ISO 75 | 0.45 MPa | ℃ | /,,new,,high,reader-r1-69-c,cell holds only a slash
R-SUNLU-e8b9c06a-4b93-46cb-9532-d9deb185a7c8,1,value,Glass transition temperature,G039-19,TPU 95A,Glass Transition (Tg),/,,,℃,,,,,,ISO 11357-2,rate=10 ℃/min,Thermal,Glass Transition (Tg) | ISO 11357-2 | 10 ℃/min | ℃ | /,,new,,high,reader-r1-69-c,cell holds only a slash
R-SUNLU-e8b9c06a-4b93-46cb-9532-d9deb185a7c8,1,value,Melting temperature,G039-19,TPU 95A,Melting Temperature,/,,,℃,,,,,,ISO 11357-3,rate=10 ℃/min,Thermal,Melting Temperature | ISO 11357-3 | 10 ℃/min | ℃ | /,,new,,high,reader-r1-69-c,cell holds only a slash
R-SUNLU-e8b9c06a-4b93-46cb-9532-d9deb185a7c8,1,value,Decomposition temperature,G039-19,TPU 95A,@5%Decomposition Temp.,≥300 ℃,300,,℃,,,,,,ISO 11358,rate=20 ℃/min,Thermal,@5%Decomposition Temp. | ISO 11358 | 20 ℃/min | ℃ | ≥300,,new,,high,reader-r1-69-c,printed with a greater-or-equal sign (not > or <)
R-SUNLU-e8b9c06a-4b93-46cb-9532-d9deb185a7c8,1,value,Vicat softening temperature,G039-19,TPU 95A,Vicat Softening Temp.,/,,,℃,,,,,,ISO 306,load=5kg; rate=50℃/h,Thermal,"Vicat Softening Temp. | ISO 306 | 5kg, 50℃/h | ℃ | /",,new,,high,reader-r1-69-c,cell holds only a slash
R-SUNLU-e8b9c06a-4b93-46cb-9532-d9deb185a7c8,1,value,Mould shrinkage,G039-19,TPU 95A,Moulding Shrinkage,/,,,%,,,,,,ISO 294,temp=23℃,Thermal,Moulding Shrinkage | ISO 294 | 23℃ | % | /,,new,,high,reader-r1-69-c,cell holds only a slash
R-SUNLU-e8b9c06a-4b93-46cb-9532-d9deb185a7c8,1,value,Coefficient of thermal expansion,G039-19,TPU 95A,Coefficient of Thermal Exp.,/,,,㎛/(m·℃),,,,,,ISO 11359-2,,Thermal,Coefficient of Thermal Exp. | ISO 11359-2 | /,,new,,high,reader-r1-69-c,cell holds only a slash
R-SUNLU-e8b9c06a-4b93-46cb-9532-d9deb185a7c8,1,value,Melt mass-flow rate,G039-19,TPU 95A,Melt Mass-flow Rate,28±3 g/10 min,28,,g/10 min,=,,,,,ISO 1133,temp=190℃; load=2.16 kg,Others,Melt Mass-flow Rate | ISO 1133 | 190℃/2.16 kg | g/10 min | 28±3,V004775,confirms,28 ± 3 g/10 min,high,reader-r1-69-c,
R-SUNLU-e8b9c06a-4b93-46cb-9532-d9deb185a7c8,1,value,Density,G039-19,TPU 95A,Density,1.21 g/cm³,1.21,,g/cm³,=,,,,,ISO 1183,temp=23℃,Others,Density | ISO 1183 | 23℃ | 1.21,V004776,confirms,1.21 g/cm3,high,reader-r1-69-c,
R-SUNLU-e8b9c06a-4b93-46cb-9532-d9deb185a7c8,1,value,Volume resistivity,G039-19,TPU 95A,Volume Resistivity,1.05×10^12 ohm-cm,1.05,,ohm-cm,=,,,,,IEC 60093,,Others,Volume Resistivity | IEC 60093 | - | ohm-cm | 1.05×10,,new,,medium,reader-r1-69-c,value printed as 1.05×10 with superscript 12 (a power of ten)
R-SUNLU-e8b9c06a-4b93-46cb-9532-d9deb185a7c8,1,value,Relative permittivity,G039-19,TPU 95A,Permittivity,3.4,3.4,,,=,,,,,IEC 60250,freq=1 kHz,Others,Permittivity | IEC 60250 | 1 kHz | 3.4,,new,,high,reader-r1-69-c,no unit printed
R-SUNLU-e8b9c06a-4b93-46cb-9532-d9deb185a7c8,1,value,unmapped:Flammability,G039-19,TPU 95A,Flammability,HB,,,Class,,,,,,UL 94,thickness=1.5 mm,Others,Flammability | UL 94 | 1.5 mm | Class | HB,,new,,high,reader-r1-69-c,
R-SUNLU-e8b9c06a-4b93-46cb-9532-d9deb185a7c8,1,value,unmapped:Chemical resistance Weak Acid (pH 3-6),G039-19,TPU 95A,Weak Acid (pH 3-6),Bad,,,,,,,,,,,Chemical,Weak Acid (pH 3-6) | Bad,,new,,high,reader-r1-69-c,
R-SUNLU-e8b9c06a-4b93-46cb-9532-d9deb185a7c8,1,value,unmapped:Chemical resistance Strong Acid (pH<3),G039-19,TPU 95A,Strong Acid (pH<3),Bad,,,,,,,,,,,Chemical,Strong Acid (pH<3) | Bad,,new,,high,reader-r1-69-c,
R-SUNLU-e8b9c06a-4b93-46cb-9532-d9deb185a7c8,1,value,unmapped:Chemical resistance Weak Bases (pH 8-10),G039-19,TPU 95A,Weak Bases (pH 8-10),Good,,,,,,,,,,,Chemical,Weak Bases (pH 8-10) | Good,,new,,high,reader-r1-69-c,
R-SUNLU-e8b9c06a-4b93-46cb-9532-d9deb185a7c8,2,value,unmapped:Chemical resistance Strong Bases (pH >10),G039-19,TPU 95A,Strong Bases (pH >10),Good,,,,,,,,,,,Chemical,Strong Bases (pH >10) | Good,,new,,high,reader-r1-69-c,
R-SUNLU-e8b9c06a-4b93-46cb-9532-d9deb185a7c8,2,value,unmapped:Chemical resistance Deionized Water,G039-19,TPU 95A,Deionized Water,Excellent,,,,,,,,,,,Chemical,Deionized Water | Excellent,,new,,high,reader-r1-69-c,
R-SUNLU-e8b9c06a-4b93-46cb-9532-d9deb185a7c8,2,value,unmapped:Chemical resistance Alcohol,G039-19,TPU 95A,Alcohol,Good,,,,,,,,,,,Chemical,Alcohol | Good,,new,,high,reader-r1-69-c,
R-SUNLU-e8b9c06a-4b93-46cb-9532-d9deb185a7c8,2,value,unmapped:Chemical resistance Ketone,G039-19,TPU 95A,Ketone,Bad,,,,,,,,,,,Chemical,Ketone | Bad,,new,,high,reader-r1-69-c,
R-SUNLU-e8b9c06a-4b93-46cb-9532-d9deb185a7c8,2,value,unmapped:Chemical resistance Petroleum Fuels,G039-19,TPU 95A,Petroleum Fuels,Good,,,,,,,,,,,Chemical,Petroleum Fuels | Good,,new,,high,reader-r1-69-c,
R-SUNLU-e8b9c06a-4b93-46cb-9532-d9deb185a7c8,2,value,unmapped:Chemical resistance Ester,G039-19,TPU 95A,Ester,Normal,,,,,,,,,,,Chemical,Ester | Normal,,new,,high,reader-r1-69-c,
R-SUNLU-e8b9c06a-4b93-46cb-9532-d9deb185a7c8,2,setting,nozzle,G039-19,TPU 95A,Nozzle Temp. (row 1),190-210 ℃,190,210,℃,,,,,,,,Recommended Printing Parameters,Nozzle Temp. | 190-210 | 50-80,P0425,confirms,190-210; 210-230,high,reader-r1-69-c,two nozzle rows each with its own speed; held profile holds both
R-SUNLU-e8b9c06a-4b93-46cb-9532-d9deb185a7c8,2,setting,print_speed,G039-19,TPU 95A,Nozzle Temp. Speed (row 1),50-80 mm/s,50,80,mm/s,,,,,,,,Recommended Printing Parameters,190-210 | 50-80,,new,,high,reader-r1-69-c,
R-SUNLU-e8b9c06a-4b93-46cb-9532-d9deb185a7c8,2,setting,nozzle,G039-19,TPU 95A,Nozzle Temp. (row 2),210-230 ℃,210,230,℃,,,,,,,,Recommended Printing Parameters,210-230 | 80-120,P0425,confirms,190-210; 210-230,high,reader-r1-69-c,
R-SUNLU-e8b9c06a-4b93-46cb-9532-d9deb185a7c8,2,setting,print_speed,G039-19,TPU 95A,Nozzle Temp. Speed (row 2),80-120 mm/s,80,120,mm/s,,,,,,,,Recommended Printing Parameters,210-230 | 80-120,,new,,high,reader-r1-69-c,
R-SUNLU-e8b9c06a-4b93-46cb-9532-d9deb185a7c8,2,setting,bed,G039-19,TPU 95A,Plate Temp.,50-60℃,50,60,℃,,,,,,,,Recommended Printing Parameters,Plate Temp. | 50-60℃,P0425,confirms,50-60℃,high,reader-r1-69-c,
R-SUNLU-e8b9c06a-4b93-46cb-9532-d9deb185a7c8,2,setting,plate,G039-19,TPU 95A,Plate Material,Textured PEI Build Plate,,,,,,,,,,,Recommended Printing Parameters,Plate Material | Textured PEI Build Plate,P0425,confirms,Textured PEI Build Plate,high,reader-r1-69-c,
R-SUNLU-e8b9c06a-4b93-46cb-9532-d9deb185a7c8,2,setting,other,G039-19,TPU 95A,Plate Treatment,No processing required,,,,,,,,,,,Recommended Printing Parameters,Plate Treatment | No processing required,,new,,high,reader-r1-69-c,
R-SUNLU-e8b9c06a-4b93-46cb-9532-d9deb185a7c8,2,setting,fan,G039-19,TPU 95A,Cooling Fan,Open☑/Close☐,,,,,,,,,,,Recommended Printing Parameters,Cooling Fan | Open☑/Close☐,,new,,high,reader-r1-69-c,Open box is ticked
R-SUNLU-e8b9c06a-4b93-46cb-9532-d9deb185a7c8,2,setting,other,G039-19,TPU 95A,Raft Distance,0.2-0.4mm,0.2,0.4,mm,,,,,,,,Recommended Printing Parameters,Raft Distance | 0.2-0.4mm,,new,,high,reader-r1-69-c,
R-SUNLU-e8b9c06a-4b93-46cb-9532-d9deb185a7c8,2,setting,other,G039-19,TPU 95A,Retraction Distance,0.8-1.2mm,0.8,1.2,mm,,,,,,,,Recommended Printing Parameters,Retraction Distance | 0.8-1.2mm,,new,,high,reader-r1-69-c,
R-SUNLU-e8b9c06a-4b93-46cb-9532-d9deb185a7c8,2,setting,other,G039-19,TPU 95A,Retraction Speed,30-40mm/s,30,40,mm/s,,,,,,,,Recommended Printing Parameters,Retraction Speed | 30-40mm/s,,new,,high,reader-r1-69-c,
R-SUNLU-e8b9c06a-4b93-46cb-9532-d9deb185a7c8,2,setting,chamber,G039-19,TPU 95A,Room Temp.,Room Temperature,,,,,,,,,,,Recommended Printing Parameters,Room Temp. | Room Temperature,P0425,confirms,Room Temperature,high,reader-r1-69-c,
R-SUNLU-e8b9c06a-4b93-46cb-9532-d9deb185a7c8,2,setting,other,G039-19,TPU 95A,Supported Material,PVA,,,,,,,,,,,Recommended Printing Parameters,Supported Material | PVA,,new,,high,reader-r1-69-c,
R-SUNLU-e8b9c06a-4b93-46cb-9532-d9deb185a7c8,2,setting,drying,G039-19,TPU 95A,Drying Temp.,50-60℃,50,60,℃,,,,,,,,Recommended Printing Parameters,Drying Temp. | 50-60℃,P0425,confirms,50-60℃,high,reader-r1-69-c,no hours printed; held typed Drying °C is 60 (upper end of the printed range)
R-SUNLU-e8b9c06a-4b93-46cb-9532-d9deb185a7c8,2,none,,,,,,,,,,,,,,,,,,,,,high,reader-r1-69-c,tensile specimen drawing; printing parameters transcribed above
R-SUNLU-e8b9c06a-4b93-46cb-9532-d9deb185a7c8,3,context,all,G039-19,TPU 95A,Note [1],,,,,,,printed,,,,speed=45mm/s; temp=230 °C; infill=100%; raster=90°,Note,"[1] Test specimens were printed at a printing speed of 45mm/s and a printing temperature of 230 °C. Infill: 100%, with a 90° raster orientation.",,new,,high,reader-r1-69-c,
R-SUNLU-e8b9c06a-4b93-46cb-9532-d9deb185a7c8,3,context,all,G039-19,TPU 95A,Note [2],,,,,,,,,,,,Note,[2] The typical values represent average laboratory data and are provided for reference only. They do not constitute product specifications. Results may vary depending on different printers.,,new,,high,reader-r1-69-c,
R-SUNLU-e8b9c06a-4b93-46cb-9532-d9deb185a7c8,4,none,,,,,,,,,,,,,,,,,,,,,high,reader-r1-69-c,safety and handling text continued and legal disclaimer
