source_id,page,kind,field,grade_id,product,label,raw,number_lo,number_hi,unit,operator,direction,specimen,moisture,post_processing,standard,test_conditions,table_heading,quote,held_id,verdict,held_value,confidence,reader,note
X-3DXSTAT-ESD-PA12-TDS-v1,1,value,Density,G064-01,3DXSTAT ESD-Safe Nylon 12 (PA12),Density,1.14 g/cc,1.14,,g/cc,=,,,,,ISO 1183,,Physical Properties,Density ISO 1183 g/cc 1.14 | Physical Properties Standard Unit Typical Value,V001200,confirms,1.14 g/cc,high,reader-r1-02,
X-3DXSTAT-ESD-PA12-TDS-v1,1,value,Tensile break strength,G064-01,3DXSTAT ESD-Safe Nylon 12 (PA12),"Tensile Strength, Break",68 MPa,68,,MPa,=,,,,,ISO 527,,Mechanical Properties,"Tensile Strength, Break ISO 527 MPa 68",V001201,confirms,68 MPa,high,reader-r1-02,
X-3DXSTAT-ESD-PA12-TDS-v1,1,value,Tensile modulus,G064-01,3DXSTAT ESD-Safe Nylon 12 (PA12),Tensile Modulus,6900 MPa,6900,,MPa,=,,,,,ISO 527,,Mechanical Properties,Tensile Modulus ISO 527 MPa 6900,V001202,confirms,6900 MPa,high,reader-r1-02,
X-3DXSTAT-ESD-PA12-TDS-v1,1,value,Elongation at break,G064-01,3DXSTAT ESD-Safe Nylon 12 (PA12),"Tensile Elongation, Break",3.8 %,3.8,,%,=,,,,,ISO 527,,Mechanical Properties,"Tensile Elongation, Break ISO 527 % 3.8",V001203,confirms,3.8 %,high,reader-r1-02,
X-3DXSTAT-ESD-PA12-TDS-v1,1,value,Flexural strength,G064-01,3DXSTAT ESD-Safe Nylon 12 (PA12),Flexural Strength,81 MPa,81,,MPa,=,,,,,ISO 178,,Mechanical Properties,Flexural Strength ISO 178 MPa 81,V001204,confirms,81 MPa,high,reader-r1-02,
X-3DXSTAT-ESD-PA12-TDS-v1,1,value,Flexural modulus,G064-01,3DXSTAT ESD-Safe Nylon 12 (PA12),Flexural Modulus,6700 MPa,6700,,MPa,=,,,,,ISO 178,,Mechanical Properties,Flexural Modulus ISO 178 MPa 6700,V001205,confirms,6700 MPa,high,reader-r1-02,
X-3DXSTAT-ESD-PA12-TDS-v1,1,value,Glass transition temperature,G064-01,3DXSTAT ESD-Safe Nylon 12 (PA12),Glass Transition Temperature (Tg),158 °C,158,,°C,=,,,,,DSC,,Thermal Properties,Glass Transition Temperature (Tg) DSC °C 158,V001206,confirms,158 °C,high,reader-r1-02,
X-3DXSTAT-ESD-PA12-TDS-v1,1,value,HDT,G064-01,3DXSTAT ESD-Safe Nylon 12 (PA12),Deflection Temperature at 0.45 MPa (66psi),142 °C,142,,°C,=,,,,,ISO 75,load=0.45 MPa (66psi),Thermal Properties,Deflection Temperature at 0.45 MPa (66psi) ISO 75 °C 142,V001207,confirms,142 °C,high,reader-r1-02,
X-3DXSTAT-ESD-PA12-TDS-v1,1,value,Surface resistivity,G064-01,3DXSTAT ESD-Safe Nylon 12 (PA12),Surface Resistance,>10^3 - 10^7 Ohm/sq,,,Ohm/sq,=,,,,,ASTM D257,,Electrical Property,Surface Resistance ASTM D257 Ohm/sq >10 3 - 10 7 | Electrical Property Standard Unit Typical Value,,new,,high,reader-r1-02,"printed as >10 superscript 3 - 10 superscript 7; exponents not entered as numbers; label says Surface Resistance, unit Ohm/sq"
X-3DXSTAT-ESD-PA12-TDS-v1,1,context,physical,G064-01,3DXSTAT ESD-Safe Nylon 12 (PA12),Please note,Extrusion temperatures play a large role in surface resistance of a printed part,,,,,,,,,,,Electrical Property,Please note: Extrusion temperatures play a large role in surface resistance of a printed part. Higher extrusion temperatures yield lower surface resistance values.,,new,,high,reader-r1-02,footnote under electrical table; no print specimen/moisture condition stated
X-3DXSTAT-ESD-PA12-TDS-v1,1,setting,nozzle_diameter,G064-01,3DXSTAT ESD-Safe Nylon 12 (PA12),Recommended Nozzle Diameter,Minimum 0.4mm,0.4,,mm,>,,,,,,,Basic Printing Recommendations,Recommended Nozzle Diameter: Minimum 0.4mm,,new,,high,reader-r1-02,
X-3DXSTAT-ESD-PA12-TDS-v1,1,setting,other,G064-01,3DXSTAT ESD-Safe Nylon 12 (PA12),Layer Height,0.25mm or 60% of nozzle diameter,0.25,,mm,,,,,,,,Basic Printing Recommendations,Layer Height: 0.25mm or 60% of nozzle diameter,,new,,high,reader-r1-02,
X-3DXSTAT-ESD-PA12-TDS-v1,1,setting,nozzle,G064-01,3DXSTAT ESD-Safe Nylon 12 (PA12),Extrusion Temp,265 - 285°C,265,285,°C,,,,,,,,Basic Printing Recommendations,Extrusion Temp: 265 - 285°C,P0082,confirms,265-285 °C,high,reader-r1-02,
X-3DXSTAT-ESD-PA12-TDS-v1,1,setting,bed,G064-01,3DXSTAT ESD-Safe Nylon 12 (PA12),Bed Temp,90-110°C,90,110,°C,,,,,,,,Basic Printing Recommendations,Bed Temp: 90-110°C,P0082,confirms,90-110 °C,high,reader-r1-02,
X-3DXSTAT-ESD-PA12-TDS-v1,1,identity,polymer,G064-01,3DXSTAT ESD-Safe Nylon 12 (PA12),title,ESD-Safe Nylon 12 (PA12),,,,,,,,,,,,3DXSTAT™ ESD-Safe Nylon 12 (PA12) 3D Filament,,new,,high,reader-r1-02,
X-3DXTECH-PRINT-20260928-4c7905791366,1,setting,nozzle,G096-01,FLUORX™ PVDF,Extruder Temp,245-265C,245,265,°C,,,,,,,,Print Recommendations,Extruder Temp | 245-265C,P1290,confirms,245-265C,high,reader-r1-02,unit printed as C
X-3DXTECH-PRINT-20260928-4c7905791366,1,setting,bed,G096-01,FLUORX™ PVDF,Bed Temp,90-110C,90,110,°C,,,,,,,,Print Recommendations,Bed Temp | 90-110C,P1290,confirms,90-110C,high,reader-r1-02,unit printed as C
X-3DXTECH-PRINT-20260928-4c7905791366,1,setting,chamber,G096-01,FLUORX™ PVDF,Heated Chamber,Recommended,,,,,,,,,,,Print Recommendations,Heated Chamber | Recommended,P1290,confirms,Recommended,high,reader-r1-02,
X-3DXTECH-PRINT-20260928-4c7905791366,1,setting,nozzle_diameter,G096-01,FLUORX™ PVDF,Nozzle Specs,No special concerns,,,,,,,,,,,Print Recommendations,Nozzle Specs | No special concerns,,new,,high,reader-r1-02,
X-3DXTECH-PRINT-20260928-4c7905791366,1,setting,other,G096-01,FLUORX™ PVDF,Layer Height,No special concerns,,,,,,,,,,,Print Recommendations,Layer Height | No special concerns,,new,,high,reader-r1-02,
X-3DXTECH-PRINT-20260928-4c7905791366,1,setting,drying,G096-01,FLUORX™ PVDF,Drying Specs,Not required,,,,,,,,,,,Print Recommendations,Drying Specs | Not required,P1290,confirms,No drying needed!,high,reader-r1-02,"held text ""No drying needed!"" is the Benefits bullet ""Non-hygroscopic, does not absorb moisture. No drying needed!"""
X-3DXTECH-PRINT-20260928-4c7905791366,1,setting,drying,G096-01,FLUORX™ PVDF,Benefits,"Non-hygroscopic, does not absorb moisture. No drying needed!",,,,,,,,,,,Benefits of FLUORX™ PVDF,"Non-hygroscopic, does not absorb moisture. No drying needed!",,new,,high,reader-r1-02,
X-3DXTECH-PRINT-20260928-4c7905791366,1,value,Continuous service temperature,G096-01,FLUORX™ PVDF,High Thermal Properties,130C CUT,130,,°C,=,,,,,,,Benefits of FLUORX™ PVDF,High Thermal Properties: 130C CUT,,new,,high,reader-r1-02,"CUT as printed; also ""Rated for uses up to 130C""; unit printed as C"
X-3DXTECH-PRINT-20260928-4c7905791366,1,value,unmapped:Flame rating of base resin,G096-01,FLUORX™ PVDF,Low smoke and flame characteristics,base resin rated V-0,,,,,,,,,,,Benefits of FLUORX™ PVDF,Low smoke and flame characteristics with a base resin rated V-0,,new,,high,reader-r1-02,"UL94-style rating of the base resin, not stated for filament"
X-3DXTECH-PRINT-20260928-4c7905791366,1,identity,polymer,G096-01,FLUORX™ PVDF,FluorX PVDF,PVDF [Polyvinylidene fluoride],,,,,,,,,,,,PVDF [Polyvinylidene fluoride] is a high-performance polymer which offers exceptional thermal and chemical resistances.,,new,,high,reader-r1-02,
X-3DXTECH-PRINT-20260928-4c7905791366,1,identity,colour,G096-01,FLUORX™ PVDF,Natural,Natural,,,,,,,,,,,,Natural,,new,,high,reader-r1-02,
X-3DXTECH-PRINT-20260928-4c7905791366,1,identity,diameter,G096-01,FLUORX™ PVDF,Variants,1.75mm; 2.85mm (sold out or unavailable),,,,,,,,,,,,1.75mm Variant sold out or unavailable | 2.85mm Variant sold out or unavailable,,new,,high,reader-r1-02,
X-3DXTECH-PRINT-20260928-55ca40b64fa1,1,context,all,,,,This data was generated on actual 3D printed ISO specimen,,,,,,printed,,,,,3DXTech Technical and Safety Data Sheets,This data was generated on actual 3D printed ISO specimen and tested by our resin company partners.,,new,,high,reader-r1-02,index page of TDS/SDS links; no values or print settings of its own
X-3DXTECH-PRINT-20260928-55ca40b64fa1,1,setting,other,G064-01,3DXSTAT ESD-Nylon 12,PRINTING DIFFICULTY LEVEL,N/A,,,,,,,,,,,MATERIAL TDS SDS PRINTING DIFFICULTY LEVEL*,3DXSTAT ESD-Nylon 12 N/A N/A,,new,,high,reader-r1-02,difficulty level is N/A for this row; TDS/SDS columns are link marks
X-ECOMAX-3DXMAX-PCASA-TDS-v3,1,value,Density,G119-01,3DXMAX® PC/ASA,Density,1.15 g/cc,1.15,,g/cc,=,,printed,,,ISO 1183,,Physical Properties,Density ISO 1183 g/cc 1.15 | Physical Properties Standard Unit Typical Value,V003238,confirms,1.15 g/cc,high,reader-r1-02,
X-ECOMAX-3DXMAX-PCASA-TDS-v3,1,value,Tensile break strength,G119-01,3DXMAX® PC/ASA,"Tensile Strength, Break",55 MPa,55,,MPa,=,XY Flat,printed,,,ISO 527,,Mechanical Properties,"Tensile Strength, Break ISO 527 MPa 55 | Mechanical Properties Standard Unit Typical Value",V003239,confirms,55 MPa,high,reader-r1-02,
X-ECOMAX-3DXMAX-PCASA-TDS-v3,1,value,Tensile modulus,G119-01,3DXMAX® PC/ASA,Tensile Modulus,2100 MPa,2100,,MPa,=,XY Flat,printed,,,ISO 527,,Mechanical Properties,Tensile Modulus ISO 527 MPa 2100 | Mechanical Properties Standard Unit Typical Value,V003240,confirms,2100 MPa,high,reader-r1-02,
X-ECOMAX-3DXMAX-PCASA-TDS-v3,1,value,Elongation at break,G119-01,3DXMAX® PC/ASA,"Tensile Elongation, Break",35 %,35,,%,=,XY Flat,printed,,,ISO 527,,Mechanical Properties,"Tensile Elongation, Break ISO 527 % 35 | Mechanical Properties Standard Unit Typical Value",V003241,confirms,35 %,high,reader-r1-02,
X-ECOMAX-3DXMAX-PCASA-TDS-v3,1,value,Flexural strength,G119-01,3DXMAX® PC/ASA,Flexural Strength,85 MPa,85,,MPa,=,XY Flat,printed,,,ISO 178,,Mechanical Properties,Flexural Strength ISO 178 MPa 85 | Mechanical Properties Standard Unit Typical Value,V003242,confirms,85 MPa,high,reader-r1-02,
X-ECOMAX-3DXMAX-PCASA-TDS-v3,1,value,Flexural modulus,G119-01,3DXMAX® PC/ASA,Flexural Modulus,2205 MPa,2205,,MPa,=,XY Flat,printed,,,ISO 178,,Mechanical Properties,Flexural Modulus ISO 178 MPa 2205 | Mechanical Properties Standard Unit Typical Value,V003243,confirms,2205 MPa,high,reader-r1-02,
X-ECOMAX-3DXMAX-PCASA-TDS-v3,1,value,Glass transition temperature,G119-01,3DXMAX® PC/ASA,Glass Transition Temperature (Tg),126 °C,126,,°C,=,,printed,,,DSC,,Thermal Properties,Glass Transition Temperature (Tg) DSC °C 126 | Thermal Properties Standard Unit Typical Value,V003244,confirms,126 °C,high,reader-r1-02,
X-ECOMAX-3DXMAX-PCASA-TDS-v3,1,value,HDT,G119-01,3DXMAX® PC/ASA,Deflection Temperature at 0.45 MPa (66psi),112 °C,112,,°C,=,,printed,,,ISO 75,load=0.45 MPa (66psi),Thermal Properties,Deflection Temperature at 0.45 MPa (66psi) ISO 75 °C 112 | Thermal Properties Standard Unit Typical Value,V003245,confirms,112 °C,high,reader-r1-02,
X-ECOMAX-3DXMAX-PCASA-TDS-v3,1,value,Surface resistivity,G119-01,3DXMAX® PC/ASA,Surface Resistance,>10^13 Ohm/sq,,,Ohm/sq,>,,printed,,,ASTM D257,,Electrical Property,Surface Resistance ASTM D257 Ohm/sq >10 13 | Electrical Property Standard Unit Typical Value,,new,,high,reader-r1-02,printed as >10 superscript 13; exponent not entered as number; label Surface Resistance
X-ECOMAX-3DXMAX-PCASA-TDS-v3,1,context,all,G119-01,3DXMAX® PC/ASA,,Printed Specimen Conditions,,,,,XY Flat,printed,,,,"Printer=Open Source FDM/FFF; Nozzle=0.4mm; Layer Height=0.25mm; Infill=100%, +/- 45°; Extrusion Temp=265°C; Bed Temp=110°C; Specimen Orientation=XY Flat",Printed Specimen Conditions,"Printed Specimen Conditions | Printer: Open Source FDM/FFF | Nozzle: 0.4mm | Layer Height: 0.25mm | Infill: 100%, +/- 45° | Extrusion Temp: 265°C | Bed Temp: 110°C | Specimen Orientation: XY Flat",,new,,high,reader-r1-02,heading and conditions apply to every value in the tables above
X-ECOMAX-3DXMAX-PCASA-TDS-v3,1,setting,other,G119-01,3DXMAX® PC/ASA,Printer,Open Source FDM/FFF,,,,,,,,,,,Printed Specimen Conditions,Printer: Open Source FDM/FFF,P0251,new,,high,reader-r1-02,"printed-specimen condition, not a print recommendation"
X-ECOMAX-3DXMAX-PCASA-TDS-v3,1,setting,nozzle_diameter,G119-01,3DXMAX® PC/ASA,Nozzle,0.4mm,0.4,,mm,,,,,,,,Printed Specimen Conditions,Nozzle: 0.4mm,P0251,new,,high,reader-r1-02,"printed-specimen condition, not a print recommendation"
X-ECOMAX-3DXMAX-PCASA-TDS-v3,1,setting,other,G119-01,3DXMAX® PC/ASA,Layer Height,0.25mm,0.25,,mm,,,,,,,,Printed Specimen Conditions,Layer Height: 0.25mm,P0251,new,,high,reader-r1-02,"printed-specimen condition, not a print recommendation"
X-ECOMAX-3DXMAX-PCASA-TDS-v3,1,setting,other,G119-01,3DXMAX® PC/ASA,Infill,"100%, +/- 45°",100,,%,,,,,,,,Printed Specimen Conditions,"Infill: 100%, +/- 45°",P0251,new,,high,reader-r1-02,"printed-specimen condition, not a print recommendation"
X-ECOMAX-3DXMAX-PCASA-TDS-v3,1,setting,nozzle,G119-01,3DXMAX® PC/ASA,Extrusion Temp,265°C,265,,°C,,,,,,,,Printed Specimen Conditions,Extrusion Temp: 265°C,P0251,new,,high,reader-r1-02,"printed-specimen condition, not a print recommendation"
X-ECOMAX-3DXMAX-PCASA-TDS-v3,1,setting,bed,G119-01,3DXMAX® PC/ASA,Bed Temp,110°C,110,,°C,,,,,,,,Printed Specimen Conditions,Bed Temp: 110°C,P0251,new,,high,reader-r1-02,"printed-specimen condition, not a print recommendation"
X-ECOMAX-3DXMAX-PCASA-TDS-v3,1,setting,other,G119-01,3DXMAX® PC/ASA,Specimen Orientation,XY Flat,,,,,,,,,,,Printed Specimen Conditions,Specimen Orientation: XY Flat,P0251,new,,high,reader-r1-02,"printed-specimen condition, not a print recommendation"
X-ECOMAX-3DXMAX-PCASA-TDS-v3,1,identity,grade,G119-01,3DXMAX® PC/ASA,3DXMAX® PC/ASA 3D Printing Filament,3DXMAX® PC/ASA 3D Printing Filament,,,,,,,,,,,,3DXMAX® PC/ASA 3D Printing Filament,,new,,high,reader-r1-02,
X-ECOMAX-3DXSTAT-ESD-PC-v3-TDS,1,value,Density,G116-01,3DXSTAT™ ESD-PC,Density,1.24 g/cc,1.24,,g/cc,=,,printed,,,ISO 1183,,Physical Properties,Density ISO 1183 g/cc 1.24 | Physical Properties Standard Unit Typical Value,V003149,confirms,1.24 g/cc,high,reader-r1-02,
X-ECOMAX-3DXSTAT-ESD-PC-v3-TDS,1,value,Tensile break strength,G116-01,3DXSTAT™ ESD-PC,"Tensile Strength, Break",68 MPa,68,,MPa,=,XY Flat,printed,,,ISO 527,,Mechanical Properties,"Tensile Strength, Break ISO 527 MPa 68 | Mechanical Properties Standard Unit Typical Value",V003150,confirms,68 MPa,high,reader-r1-02,
X-ECOMAX-3DXSTAT-ESD-PC-v3-TDS,1,value,Tensile modulus,G116-01,3DXSTAT™ ESD-PC,Tensile Modulus,2300 MPa,2300,,MPa,=,XY Flat,printed,,,ISO 527,,Mechanical Properties,Tensile Modulus ISO 527 MPa 2300 | Mechanical Properties Standard Unit Typical Value,V003151,confirms,2300 MPa,high,reader-r1-02,
X-ECOMAX-3DXSTAT-ESD-PC-v3-TDS,1,value,Elongation at break,G116-01,3DXSTAT™ ESD-PC,"Tensile Elongation, Break",6 %,6,,%,=,XY Flat,printed,,,ISO 527,,Mechanical Properties,"Tensile Elongation, Break ISO 527 % 6 | Mechanical Properties Standard Unit Typical Value",V003152,confirms,6 %,high,reader-r1-02,
X-ECOMAX-3DXSTAT-ESD-PC-v3-TDS,1,value,Flexural strength,G116-01,3DXSTAT™ ESD-PC,Flexural Strength,95 MPa,95,,MPa,=,XY Flat,printed,,,ISO 178,,Mechanical Properties,Flexural Strength ISO 178 MPa 95 | Mechanical Properties Standard Unit Typical Value,V003153,confirms,95 MPa,high,reader-r1-02,
X-ECOMAX-3DXSTAT-ESD-PC-v3-TDS,1,value,Flexural modulus,G116-01,3DXSTAT™ ESD-PC,Flexural Modulus,2310 MPa,2310,,MPa,=,XY Flat,printed,,,ISO 178,,Mechanical Properties,Flexural Modulus ISO 178 MPa 2310 | Mechanical Properties Standard Unit Typical Value,V003154,confirms,2310 MPa,high,reader-r1-02,
X-ECOMAX-3DXSTAT-ESD-PC-v3-TDS,1,value,Glass transition temperature,G116-01,3DXSTAT™ ESD-PC,Glass Transition Temperature (Tg),143 °C,143,,°C,=,,printed,,,DSC,,Thermal Properties,Glass Transition Temperature (Tg) DSC °C 143 | Thermal Properties Standard Unit Typical Value,V003155,confirms,143 °C,high,reader-r1-02,
X-ECOMAX-3DXSTAT-ESD-PC-v3-TDS,1,value,HDT,G116-01,3DXSTAT™ ESD-PC,Deflection Temperature at 0.45 MPa (66psi),135 °C,135,,°C,=,,printed,,,ISO 75,load=0.45 MPa (66psi),Thermal Properties,Deflection Temperature at 0.45 MPa (66psi) ISO 75 °C 135 | Thermal Properties Standard Unit Typical Value,V003156,confirms,135 °C,high,reader-r1-02,
X-ECOMAX-3DXSTAT-ESD-PC-v3-TDS,1,value,Surface resistivity,G116-01,3DXSTAT™ ESD-PC,Surface Resistance,>10^7 - 10^9<,,,Ohm/sq,>,,printed,,,ASTM D257,,Electrical Property,Surface Resistance ASTM D257 Ohm/sq >10 7 - 10 9 <,,new,,high,reader-r1-02,printed as >10 superscript 7 - 10 superscript 9 <; exponents not entered as numbers; label Surface Resistance
X-ECOMAX-3DXSTAT-ESD-PC-v3-TDS,1,context,all,G116-01,3DXSTAT™ ESD-PC,,Printed Specimen Conditions,,,,,XY Flat,printed,,,,"Printer=Open Source FDM/FFF; Nozzle=0.4mm; Layer Height=0.25mm; Infill=100%, +/- 45°; Extrusion Temp=295°C; Bed Temp=130°C; Specimen Orientation=XY Flat",Printed Specimen Conditions,"Printed Specimen Conditions | Printer: Open Source FDM/FFF | Nozzle: 0.4mm | Layer Height: 0.25mm | Infill: 100%, +/- 45° | Extrusion Temp: 295°C | Bed Temp: 130°C | Specimen Orientation: XY Flat",,new,,high,reader-r1-02,heading and conditions apply to every value in the tables above
X-ECOMAX-3DXSTAT-ESD-PC-v3-TDS,1,setting,other,G116-01,3DXSTAT™ ESD-PC,Printer,Open Source FDM/FFF,,,,,,,,,,,Printed Specimen Conditions,Printer: Open Source FDM/FFF,P0240,new,,high,reader-r1-02,"printed-specimen condition, not a print recommendation"
X-ECOMAX-3DXSTAT-ESD-PC-v3-TDS,1,setting,nozzle_diameter,G116-01,3DXSTAT™ ESD-PC,Nozzle,0.4mm,0.4,,mm,,,,,,,,Printed Specimen Conditions,Nozzle: 0.4mm,P0240,new,,high,reader-r1-02,"printed-specimen condition, not a print recommendation"
X-ECOMAX-3DXSTAT-ESD-PC-v3-TDS,1,setting,other,G116-01,3DXSTAT™ ESD-PC,Layer Height,0.25mm,0.25,,mm,,,,,,,,Printed Specimen Conditions,Layer Height: 0.25mm,P0240,new,,high,reader-r1-02,"printed-specimen condition, not a print recommendation"
X-ECOMAX-3DXSTAT-ESD-PC-v3-TDS,1,setting,other,G116-01,3DXSTAT™ ESD-PC,Infill,"100%, +/- 45°",100,,%,,,,,,,,Printed Specimen Conditions,"Infill: 100%, +/- 45°",P0240,new,,high,reader-r1-02,"printed-specimen condition, not a print recommendation"
X-ECOMAX-3DXSTAT-ESD-PC-v3-TDS,1,setting,nozzle,G116-01,3DXSTAT™ ESD-PC,Extrusion Temp,295°C,295,,°C,,,,,,,,Printed Specimen Conditions,Extrusion Temp: 295°C,P0240,new,,high,reader-r1-02,"printed-specimen condition, not a print recommendation"
X-ECOMAX-3DXSTAT-ESD-PC-v3-TDS,1,setting,bed,G116-01,3DXSTAT™ ESD-PC,Bed Temp,130°C,130,,°C,,,,,,,,Printed Specimen Conditions,Bed Temp: 130°C,P0240,new,,high,reader-r1-02,"printed-specimen condition, not a print recommendation"
X-ECOMAX-3DXSTAT-ESD-PC-v3-TDS,1,setting,other,G116-01,3DXSTAT™ ESD-PC,Specimen Orientation,XY Flat,,,,,,,,,,,Printed Specimen Conditions,Specimen Orientation: XY Flat,P0240,new,,high,reader-r1-02,"printed-specimen condition, not a print recommendation"
X-ECOMAX-3DXSTAT-ESD-PC-v3-TDS,1,identity,grade,G116-01,3DXSTAT™ ESD-PC,3DXSTAT™ ESD-PC 3D Printing Filament,3DXSTAT™ ESD-PC 3D Printing Filament,,,,,,,,,,,,3DXSTAT™ ESD-PC 3D Printing Filament,,new,,high,reader-r1-02,
X-ECOMAX-3DXSTAT-ESD-PPS-v3-TDS,1,value,Density,G124-01,3DXSTAT™ ESD-PPS,Density,1.34 g/cc,1.34,,g/cc,=,,printed,,,ISO 1183,,Physical Properties,Density ISO 1183 g/cc 1.34 | Physical Properties Standard Unit Typical Value,V003310,confirms,1.34 g/cc,high,reader-r1-02,
X-ECOMAX-3DXSTAT-ESD-PPS-v3-TDS,1,value,Tensile break strength,G124-01,3DXSTAT™ ESD-PPS,"Tensile Strength, Break",55 MPa,55,,MPa,=,XY Flat,printed,,,ISO 527,,Mechanical Properties,"Tensile Strength, Break ISO 527 MPa 55 | Mechanical Properties Standard Unit Typical Value",V003311,confirms,55 MPa,high,reader-r1-02,
X-ECOMAX-3DXSTAT-ESD-PPS-v3-TDS,1,value,Tensile modulus,G124-01,3DXSTAT™ ESD-PPS,Tensile Modulus,2600 MPa,2600,,MPa,=,XY Flat,printed,,,ISO 527,,Mechanical Properties,Tensile Modulus ISO 527 MPa 2600 | Mechanical Properties Standard Unit Typical Value,V003312,confirms,2600 MPa,high,reader-r1-02,
X-ECOMAX-3DXSTAT-ESD-PPS-v3-TDS,1,value,Elongation at break,G124-01,3DXSTAT™ ESD-PPS,"Tensile Elongation, Break",8 %,8,,%,=,XY Flat,printed,,,ISO 527,,Mechanical Properties,"Tensile Elongation, Break ISO 527 % 8 | Mechanical Properties Standard Unit Typical Value",V003313,confirms,8 %,high,reader-r1-02,
X-ECOMAX-3DXSTAT-ESD-PPS-v3-TDS,1,value,Flexural strength,G124-01,3DXSTAT™ ESD-PPS,Flexural Strength,55 MPa,55,,MPa,=,XY Flat,printed,,,ISO 178,,Mechanical Properties,Flexural Strength ISO 178 MPa 55 | Mechanical Properties Standard Unit Typical Value,V003314,confirms,55 MPa,high,reader-r1-02,
X-ECOMAX-3DXSTAT-ESD-PPS-v3-TDS,1,value,Flexural modulus,G124-01,3DXSTAT™ ESD-PPS,Flexural Modulus,2650 MPa,2650,,MPa,=,XY Flat,printed,,,ISO 178,,Mechanical Properties,Flexural Modulus ISO 178 MPa 2650 | Mechanical Properties Standard Unit Typical Value,V003315,confirms,2650 MPa,high,reader-r1-02,
X-ECOMAX-3DXSTAT-ESD-PPS-v3-TDS,1,value,Glass transition temperature,G124-01,3DXSTAT™ ESD-PPS,Glass Transition Temperature (Tg),83 °C,83,,°C,=,,printed,,,DSC,,Thermal Properties,Glass Transition Temperature (Tg) DSC °C 83 | Thermal Properties Standard Unit Typical Value,V003316,confirms,83 °C,high,reader-r1-02,
X-ECOMAX-3DXSTAT-ESD-PPS-v3-TDS,1,value,HDT,G124-01,3DXSTAT™ ESD-PPS,Deflection Temperature at 0.45 MPa (66psi),93 °C,93,,°C,=,,printed,,,ISO 75,load=0.45 MPa (66psi),Thermal Properties,Deflection Temperature at 0.45 MPa (66psi) ISO 75 °C 93 | Thermal Properties Standard Unit Typical Value,V003317,confirms,93 °C,high,reader-r1-02,
X-ECOMAX-3DXSTAT-ESD-PPS-v3-TDS,1,value,Surface resistivity,G124-01,3DXSTAT™ ESD-PPS,Surface Resistance,>10^7 - 10^9<,,,Ohm/sq,>,,printed,,,ASTM D257,,Electrical Property,Surface Resistance ASTM D257 Ohm/sq >10 7 - 10 9 <,,new,,high,reader-r1-02,printed as >10 superscript 7 - 10 superscript 9 <; exponents not entered as numbers; label Surface Resistance
X-ECOMAX-3DXSTAT-ESD-PPS-v3-TDS,1,context,all,G124-01,3DXSTAT™ ESD-PPS,,Printed Specimen Conditions,,,,,XY Flat,printed,,,,"Printer=Open Source FDM/FFF; Nozzle=0.4mm; Layer Height=0.25mm; Infill=100%, +/- 45°; Extrusion Temp=345°C; Bed Temp=130°C; Specimen Orientation=XY Flat",Printed Specimen Conditions,"Printed Specimen Conditions | Printer: Open Source FDM/FFF | Nozzle: 0.4mm | Layer Height: 0.25mm | Infill: 100%, +/- 45° | Extrusion Temp: 345°C | Bed Temp: 130°C | Specimen Orientation: XY Flat",,new,,high,reader-r1-02,heading and conditions apply to every value in the tables above
X-ECOMAX-3DXSTAT-ESD-PPS-v3-TDS,1,setting,other,G124-01,3DXSTAT™ ESD-PPS,Printer,Open Source FDM/FFF,,,,,,,,,,,Printed Specimen Conditions,Printer: Open Source FDM/FFF,P0260,new,,high,reader-r1-02,"printed-specimen condition, not a print recommendation"
X-ECOMAX-3DXSTAT-ESD-PPS-v3-TDS,1,setting,nozzle_diameter,G124-01,3DXSTAT™ ESD-PPS,Nozzle,0.4mm,0.4,,mm,,,,,,,,Printed Specimen Conditions,Nozzle: 0.4mm,P0260,new,,high,reader-r1-02,"printed-specimen condition, not a print recommendation"
X-ECOMAX-3DXSTAT-ESD-PPS-v3-TDS,1,setting,other,G124-01,3DXSTAT™ ESD-PPS,Layer Height,0.25mm,0.25,,mm,,,,,,,,Printed Specimen Conditions,Layer Height: 0.25mm,P0260,new,,high,reader-r1-02,"printed-specimen condition, not a print recommendation"
X-ECOMAX-3DXSTAT-ESD-PPS-v3-TDS,1,setting,other,G124-01,3DXSTAT™ ESD-PPS,Infill,"100%, +/- 45°",100,,%,,,,,,,,Printed Specimen Conditions,"Infill: 100%, +/- 45°",P0260,new,,high,reader-r1-02,"printed-specimen condition, not a print recommendation"
X-ECOMAX-3DXSTAT-ESD-PPS-v3-TDS,1,setting,nozzle,G124-01,3DXSTAT™ ESD-PPS,Extrusion Temp,345°C,345,,°C,,,,,,,,Printed Specimen Conditions,Extrusion Temp: 345°C,P0260,new,,high,reader-r1-02,"printed-specimen condition, not a print recommendation"
X-ECOMAX-3DXSTAT-ESD-PPS-v3-TDS,1,setting,bed,G124-01,3DXSTAT™ ESD-PPS,Bed Temp,130°C,130,,°C,,,,,,,,Printed Specimen Conditions,Bed Temp: 130°C,P0260,new,,high,reader-r1-02,"printed-specimen condition, not a print recommendation"
X-ECOMAX-3DXSTAT-ESD-PPS-v3-TDS,1,setting,other,G124-01,3DXSTAT™ ESD-PPS,Specimen Orientation,XY Flat,,,,,,,,,,,Printed Specimen Conditions,Specimen Orientation: XY Flat,P0260,new,,high,reader-r1-02,"printed-specimen condition, not a print recommendation"
X-ECOMAX-3DXSTAT-ESD-PPS-v3-TDS,1,identity,grade,G124-01,3DXSTAT™ ESD-PPS,3DXSTAT™ ESD-PPS 3D Printing Filament,3DXSTAT™ ESD-PPS 3D Printing Filament,,,,,,,,,,,,3DXSTAT™ ESD-PPS 3D Printing Filament,,new,,high,reader-r1-02,
X-ECOMAX-3DXSTAT-ESD-PVDF-v3-TDS,1,value,Density,G120-01,3DXSTAT™ ESD-PVDF,Density,1.84 g/cc,1.84,,g/cc,=,,printed,,,ISO 1183,,Physical Properties,Density ISO 1183 g/cc 1.84 | Physical Properties Standard Unit Typical Value,V003246,confirms,1.84 g/cc,high,reader-r1-02,
X-ECOMAX-3DXSTAT-ESD-PVDF-v3-TDS,1,value,Tensile break strength,G120-01,3DXSTAT™ ESD-PVDF,"Tensile Strength, Break",55 MPa,55,,MPa,=,XY Flat,printed,,,ISO 527,,Mechanical Properties,"Tensile Strength, Break ISO 527 MPa 55 | Mechanical Properties Standard Unit Typical Value",V003247,confirms,55 MPa,high,reader-r1-02,
X-ECOMAX-3DXSTAT-ESD-PVDF-v3-TDS,1,value,Tensile modulus,G120-01,3DXSTAT™ ESD-PVDF,Tensile Modulus,2635 MPa,2635,,MPa,=,XY Flat,printed,,,ISO 527,,Mechanical Properties,Tensile Modulus ISO 527 MPa 2635 | Mechanical Properties Standard Unit Typical Value,V003248,confirms,2635 MPa,high,reader-r1-02,
X-ECOMAX-3DXSTAT-ESD-PVDF-v3-TDS,1,value,Elongation at break,G120-01,3DXSTAT™ ESD-PVDF,"Tensile Elongation, Break",10 %,10,,%,=,XY Flat,printed,,,ISO 527,,Mechanical Properties,"Tensile Elongation, Break ISO 527 % 10 | Mechanical Properties Standard Unit Typical Value",V003249,confirms,10 %,high,reader-r1-02,
X-ECOMAX-3DXSTAT-ESD-PVDF-v3-TDS,1,value,Flexural strength,G120-01,3DXSTAT™ ESD-PVDF,Flexural Strength,55 MPa,55,,MPa,=,XY Flat,printed,,,ISO 178,,Mechanical Properties,Flexural Strength ISO 178 MPa 55 | Mechanical Properties Standard Unit Typical Value,V003250,confirms,55 MPa,high,reader-r1-02,
X-ECOMAX-3DXSTAT-ESD-PVDF-v3-TDS,1,value,Flexural modulus,G120-01,3DXSTAT™ ESD-PVDF,Flexural Modulus,1900 MPa,1900,,MPa,=,XY Flat,printed,,,ISO 178,,Mechanical Properties,Flexural Modulus ISO 178 MPa 1900 | Mechanical Properties Standard Unit Typical Value,V003251,confirms,1900 MPa,high,reader-r1-02,
X-ECOMAX-3DXSTAT-ESD-PVDF-v3-TDS,1,value,Glass transition temperature,G120-01,3DXSTAT™ ESD-PVDF,Glass Transition Temperature (Tg),158 °C,158,,°C,=,,printed,,,DSC,,Thermal Properties,Glass Transition Temperature (Tg) DSC °C 158 | Thermal Properties Standard Unit Typical Value,V003252,confirms,158 °C,high,reader-r1-02,
X-ECOMAX-3DXSTAT-ESD-PVDF-v3-TDS,1,value,HDT,G120-01,3DXSTAT™ ESD-PVDF,Deflection Temperature at 0.45 MPa (66psi),177 °C,177,,°C,=,,printed,,,ISO 75,load=0.45 MPa (66psi),Thermal Properties,Deflection Temperature at 0.45 MPa (66psi) ISO 75 °C 177 | Thermal Properties Standard Unit Typical Value,V003253,confirms,177 °C,high,reader-r1-02,
X-ECOMAX-3DXSTAT-ESD-PVDF-v3-TDS,1,value,Surface resistivity,G120-01,3DXSTAT™ ESD-PVDF,Surface Resistance,>10^7 - 10^9<,,,Ohm/sq,>,,printed,,,ASTM D257,,Electrical Property,Surface Resistance ASTM D257 Ohm/sq >10 7 - 10 9 <,,new,,high,reader-r1-02,printed as >10 superscript 7 - 10 superscript 9 <; exponents not entered as numbers; label Surface Resistance
X-ECOMAX-3DXSTAT-ESD-PVDF-v3-TDS,1,context,all,G120-01,3DXSTAT™ ESD-PVDF,,Printed Specimen Conditions,,,,,XY Flat,printed,,,,"Printer=Open Source FDM/FFF; Nozzle=0.4mm; Layer Height=0.25mm; Infill=100%, +/- 45°; Extrusion Temp=275°C; Bed Temp=120°C; Specimen Orientation=XY Flat",Printed Specimen Conditions,"Printed Specimen Conditions | Printer: Open Source FDM/FFF | Nozzle: 0.4mm | Layer Height: 0.25mm | Infill: 100%, +/- 45° | Extrusion Temp: 275°C | Bed Temp: 120°C | Specimen Orientation: XY Flat",,new,,high,reader-r1-02,heading and conditions apply to every value in the tables above
X-ECOMAX-3DXSTAT-ESD-PVDF-v3-TDS,1,setting,other,G120-01,3DXSTAT™ ESD-PVDF,Printer,Open Source FDM/FFF,,,,,,,,,,,Printed Specimen Conditions,Printer: Open Source FDM/FFF,P0252,new,,high,reader-r1-02,"printed-specimen condition, not a print recommendation"
X-ECOMAX-3DXSTAT-ESD-PVDF-v3-TDS,1,setting,nozzle_diameter,G120-01,3DXSTAT™ ESD-PVDF,Nozzle,0.4mm,0.4,,mm,,,,,,,,Printed Specimen Conditions,Nozzle: 0.4mm,P0252,new,,high,reader-r1-02,"printed-specimen condition, not a print recommendation"
X-ECOMAX-3DXSTAT-ESD-PVDF-v3-TDS,1,setting,other,G120-01,3DXSTAT™ ESD-PVDF,Layer Height,0.25mm,0.25,,mm,,,,,,,,Printed Specimen Conditions,Layer Height: 0.25mm,P0252,new,,high,reader-r1-02,"printed-specimen condition, not a print recommendation"
X-ECOMAX-3DXSTAT-ESD-PVDF-v3-TDS,1,setting,other,G120-01,3DXSTAT™ ESD-PVDF,Infill,"100%, +/- 45°",100,,%,,,,,,,,Printed Specimen Conditions,"Infill: 100%, +/- 45°",P0252,new,,high,reader-r1-02,"printed-specimen condition, not a print recommendation"
X-ECOMAX-3DXSTAT-ESD-PVDF-v3-TDS,1,setting,nozzle,G120-01,3DXSTAT™ ESD-PVDF,Extrusion Temp,275°C,275,,°C,,,,,,,,Printed Specimen Conditions,Extrusion Temp: 275°C,P0252,new,,high,reader-r1-02,"printed-specimen condition, not a print recommendation"
X-ECOMAX-3DXSTAT-ESD-PVDF-v3-TDS,1,setting,bed,G120-01,3DXSTAT™ ESD-PVDF,Bed Temp,120°C,120,,°C,,,,,,,,Printed Specimen Conditions,Bed Temp: 120°C,P0252,new,,high,reader-r1-02,"printed-specimen condition, not a print recommendation"
X-ECOMAX-3DXSTAT-ESD-PVDF-v3-TDS,1,setting,other,G120-01,3DXSTAT™ ESD-PVDF,Specimen Orientation,XY Flat,,,,,,,,,,,Printed Specimen Conditions,Specimen Orientation: XY Flat,P0252,new,,high,reader-r1-02,"printed-specimen condition, not a print recommendation"
X-ECOMAX-3DXSTAT-ESD-PVDF-v3-TDS,1,identity,grade,G120-01,3DXSTAT™ ESD-PVDF,3DXSTAT™ ESD-PVDF 3D Printing Filament,3DXSTAT™ ESD-PVDF 3D Printing Filament,,,,,,,,,,,,3DXSTAT™ ESD-PVDF 3D Printing Filament,,new,,high,reader-r1-02,
X-ECOMAX-3DXSTAT-ESD-TPU-90A-TDS-v1-1,1,value,Density,G126-01,3DXSTAT™ ESD-TPU (90A),Density,1.18 g/cc,1.18,,g/cc,=,,printed,,,ISO 2781,,Physical Properties,Density ISO 2781 g/cc 1.18 | Physical Properties Standard Unit Typical Value,V003326,confirms,1.18 g/cc,high,reader-r1-02,
X-ECOMAX-3DXSTAT-ESD-TPU-90A-TDS-v1-1,1,value,Tensile yield strength,G126-01,3DXSTAT™ ESD-TPU (90A),"Tensile Strength, Yield",12 MPa,12,,MPa,=,XY Flat,printed,,,ISO 527,,Material Properties,"Tensile Strength, Yield ISO 527 MPa 12 | Material Properties Standard Unit Typical Value",V003327,confirms,12 MPa,high,reader-r1-02,
X-ECOMAX-3DXSTAT-ESD-TPU-90A-TDS-v1-1,1,value,Elongation at yield,G126-01,3DXSTAT™ ESD-TPU (90A),"Tensile Elongation, Yield",>300 %,300,,%,>,XY Flat,printed,,,ISO 527,,Material Properties,"Tensile Elongation, Yield ISO 527 % >300 | Material Properties Standard Unit Typical Value",,new,,high,reader-r1-02,
X-ECOMAX-3DXSTAT-ESD-TPU-90A-TDS-v1-1,1,value,Flexural strength,G126-01,3DXSTAT™ ESD-TPU (90A),Flexural Strength,31 MPa,31,,MPa,=,XY Flat,printed,,,ISO 178,,Material Properties,Flexural Strength ISO 178 MPa 31 | Material Properties Standard Unit Typical Value,V003328,confirms,31 MPa,high,reader-r1-02,
X-ECOMAX-3DXSTAT-ESD-TPU-90A-TDS-v1-1,1,value,Abrasion loss,G126-01,3DXSTAT™ ESD-TPU (90A),Abrasion Loss,25 mm³,25,,mm³,=,,printed,,,ISO 4649-A,,Material Properties,Abrasion Loss ISO 4649-A mm 3 25 | Material Properties Standard Unit Typical Value,,new,,high,reader-r1-02,printed unit mm with superscript 3
X-ECOMAX-3DXSTAT-ESD-TPU-90A-TDS-v1-1,1,value,Hardness,G126-01,3DXSTAT™ ESD-TPU (90A),Shore Hardness,90A,90,,,=,,printed,,,ISO 868,,Material Properties,Shore Hardness ISO 868 - 90A | Material Properties Standard Unit Typical Value,,new,,high,reader-r1-02,"unit column prints ""-""; value printed 90A (Shore A)"
X-ECOMAX-3DXSTAT-ESD-TPU-90A-TDS-v1-1,1,value,Surface resistivity,G126-01,3DXSTAT™ ESD-TPU (90A),Surface Resistance,>10^2 - 10^3<,,,Ohm/sq,>,,printed,,,ASTM D257,,Electrical Property,Surface Resistance ASTM D257 Ohm/sq >10 2 - 10 3 <,,new,,high,reader-r1-02,printed as >10 superscript 2 - 10 superscript 3 <; exponents not entered as numbers; label Surface Resistance
X-ECOMAX-3DXSTAT-ESD-TPU-90A-TDS-v1-1,1,context,all,G126-01,3DXSTAT™ ESD-TPU (90A),,Printed Specimen Conditions,,,,,XY Flat,printed,,,,"Printer=Open Source FDM/FFF; Nozzle=0.4mm; Layer Height=0.25mm; Infill=100%, +/- 45°; Extrusion Temp=260°C; Bed Temp=60°C; Specimen Orientation=XY Flat",Printed Specimen Conditions,"Printed Specimen Conditions | Printer: Open Source FDM/FFF | Nozzle: 0.4mm | Layer Height: 0.25mm | Infill: 100%, +/- 45° | Extrusion Temp: 260°C | Bed Temp: 60°C | Specimen Orientation: XY Flat",,new,,high,reader-r1-02,heading and conditions apply to every value in the tables above
X-ECOMAX-3DXSTAT-ESD-TPU-90A-TDS-v1-1,1,setting,other,G126-01,3DXSTAT™ ESD-TPU (90A),Printer,Open Source FDM/FFF,,,,,,,,,,,Printed Specimen Conditions,Printer: Open Source FDM/FFF,P0262,new,,high,reader-r1-02,"printed-specimen condition, not a print recommendation"
X-ECOMAX-3DXSTAT-ESD-TPU-90A-TDS-v1-1,1,setting,nozzle_diameter,G126-01,3DXSTAT™ ESD-TPU (90A),Nozzle,0.4mm,0.4,,mm,,,,,,,,Printed Specimen Conditions,Nozzle: 0.4mm,P0262,new,,high,reader-r1-02,"printed-specimen condition, not a print recommendation"
X-ECOMAX-3DXSTAT-ESD-TPU-90A-TDS-v1-1,1,setting,other,G126-01,3DXSTAT™ ESD-TPU (90A),Layer Height,0.25mm,0.25,,mm,,,,,,,,Printed Specimen Conditions,Layer Height: 0.25mm,P0262,new,,high,reader-r1-02,"printed-specimen condition, not a print recommendation"
X-ECOMAX-3DXSTAT-ESD-TPU-90A-TDS-v1-1,1,setting,other,G126-01,3DXSTAT™ ESD-TPU (90A),Infill,"100%, +/- 45°",100,,%,,,,,,,,Printed Specimen Conditions,"Infill: 100%, +/- 45°",P0262,new,,high,reader-r1-02,"printed-specimen condition, not a print recommendation"
X-ECOMAX-3DXSTAT-ESD-TPU-90A-TDS-v1-1,1,setting,nozzle,G126-01,3DXSTAT™ ESD-TPU (90A),Extrusion Temp,260°C,260,,°C,,,,,,,,Printed Specimen Conditions,Extrusion Temp: 260°C,P0262,new,,high,reader-r1-02,"printed-specimen condition, not a print recommendation"
X-ECOMAX-3DXSTAT-ESD-TPU-90A-TDS-v1-1,1,setting,bed,G126-01,3DXSTAT™ ESD-TPU (90A),Bed Temp,60°C,60,,°C,,,,,,,,Printed Specimen Conditions,Bed Temp: 60°C,P0262,new,,high,reader-r1-02,"printed-specimen condition, not a print recommendation"
X-ECOMAX-3DXSTAT-ESD-TPU-90A-TDS-v1-1,1,setting,other,G126-01,3DXSTAT™ ESD-TPU (90A),Specimen Orientation,XY Flat,,,,,,,,,,,Printed Specimen Conditions,Specimen Orientation: XY Flat,P0262,new,,high,reader-r1-02,"printed-specimen condition, not a print recommendation"
X-ECOMAX-3DXSTAT-ESD-TPU-90A-TDS-v1-1,1,identity,grade,G126-01,3DXSTAT™ ESD-TPU (90A),3DXSTAT™ ESD-TPU (90A) 3D Printing Filament,3DXSTAT™ ESD-TPU (90A) 3D Printing Filament,,,,,,,,,,,,3DXSTAT™ ESD-TPU (90A) 3D Printing Filament,,new,,high,reader-r1-02,
X-ECOMAX-CarbonX-CF-PC-ABS-TDS-v1-1,1,value,Density,G128-01,CarbonX™ Carbon Fiber PC/ABS,Density,1.24 g/cc,1.24,,g/cc,=,,printed,,,ISO 1183,,Physical Properties,Density ISO 1183 g/cc 1.24 | Physical Properties Standard Unit Typical Value,V003377,confirms,1.24 g/cc,high,reader-r1-02,
X-ECOMAX-CarbonX-CF-PC-ABS-TDS-v1-1,1,value,Tensile break strength,G128-01,CarbonX™ Carbon Fiber PC/ABS,"Tensile Strength, Break",62 MPa,62,,MPa,=,XY Flat,printed,,,ISO 527,,Mechanical Properties,"Tensile Strength, Break ISO 527 MPa 62 | Mechanical Properties Standard Unit Typical Value",V003378,confirms,62 MPa,high,reader-r1-02,
X-ECOMAX-CarbonX-CF-PC-ABS-TDS-v1-1,1,value,Tensile modulus,G128-01,CarbonX™ Carbon Fiber PC/ABS,Tensile Modulus,5900 MPa,5900,,MPa,=,XY Flat,printed,,,ISO 527,,Mechanical Properties,Tensile Modulus ISO 527 MPa 5900 | Mechanical Properties Standard Unit Typical Value,V003379,confirms,5900 MPa,high,reader-r1-02,
X-ECOMAX-CarbonX-CF-PC-ABS-TDS-v1-1,1,value,Elongation at break,G128-01,CarbonX™ Carbon Fiber PC/ABS,"Tensile Elongation, Break",2 %,2,,%,=,XY Flat,printed,,,ISO 527,,Mechanical Properties,"Tensile Elongation, Break ISO 527 % 2 | Mechanical Properties Standard Unit Typical Value",V003380,confirms,2 %,high,reader-r1-02,
X-ECOMAX-CarbonX-CF-PC-ABS-TDS-v1-1,1,value,Flexural strength,G128-01,CarbonX™ Carbon Fiber PC/ABS,Flexural Strength,80 MPa,80,,MPa,=,XY Flat,printed,,,ISO 178,,Mechanical Properties,Flexural Strength ISO 178 MPa 80 | Mechanical Properties Standard Unit Typical Value,V003381,confirms,80 MPa,high,reader-r1-02,
X-ECOMAX-CarbonX-CF-PC-ABS-TDS-v1-1,1,value,Flexural modulus,G128-01,CarbonX™ Carbon Fiber PC/ABS,Flexural Modulus,5420 MPa,5420,,MPa,=,XY Flat,printed,,,ISO 178,,Mechanical Properties,Flexural Modulus ISO 178 MPa 5420 | Mechanical Properties Standard Unit Typical Value,V003382,confirms,5420 MPa,high,reader-r1-02,
X-ECOMAX-CarbonX-CF-PC-ABS-TDS-v1-1,1,value,Glass transition temperature,G128-01,CarbonX™ Carbon Fiber PC/ABS,Glass Transition Temperature (Tg),137 °C,137,,°C,=,,printed,,,DSC,,Thermal Properties,Glass Transition Temperature (Tg) DSC °C 137 | Thermal Properties Standard Unit Typical Value,V003383,confirms,137 °C,high,reader-r1-02,
X-ECOMAX-CarbonX-CF-PC-ABS-TDS-v1-1,1,value,HDT,G128-01,CarbonX™ Carbon Fiber PC/ABS,Deflection Temperature at 0.45 MPa (66psi),130 °C,130,,°C,=,,printed,,,ISO 75,load=0.45 MPa (66psi),Thermal Properties,Deflection Temperature at 0.45 MPa (66psi) ISO 75 °C 130 | Thermal Properties Standard Unit Typical Value,V003384,confirms,130 °C,high,reader-r1-02,
X-ECOMAX-CarbonX-CF-PC-ABS-TDS-v1-1,1,value,Surface resistivity,G128-01,CarbonX™ Carbon Fiber PC/ABS,Surface Resistance,>10^9,,,Ohm/sq,>,,printed,,,ASTM D257,,Electrical Property,Surface Resistance ASTM D257 Ohm/sq >10 9,,new,,high,reader-r1-02,printed as >10 superscript 9; exponent not entered as number; label Surface Resistance
X-ECOMAX-CarbonX-CF-PC-ABS-TDS-v1-1,1,context,all,G128-01,CarbonX™ Carbon Fiber PC/ABS,,Printed Specimen Conditions,,,,,XY Flat,printed,,,,"Printer=Open Source FDM/FFF; Nozzle=0.4mm; Layer Height=0.25mm; Infill=100%, +/- 45°; Extrusion Temp=285°C; Bed Temp=120°C; Specimen Orientation=XY Flat",Printed Specimen Conditions,"Printed Specimen Conditions | Printer: Open Source FDM/FFF | Nozzle: 0.4mm | Layer Height: 0.25mm | Infill: 100%, +/- 45° | Extrusion Temp: 285°C | Bed Temp: 120°C | Specimen Orientation: XY Flat",,new,,high,reader-r1-02,heading and conditions apply to every value in the tables above
X-ECOMAX-CarbonX-CF-PC-ABS-TDS-v1-1,1,setting,other,G128-01,CarbonX™ Carbon Fiber PC/ABS,Printer,Open Source FDM/FFF,,,,,,,,,,,Printed Specimen Conditions,Printer: Open Source FDM/FFF,P0269,new,,high,reader-r1-02,"printed-specimen condition, not a print recommendation"
X-ECOMAX-CarbonX-CF-PC-ABS-TDS-v1-1,1,setting,nozzle_diameter,G128-01,CarbonX™ Carbon Fiber PC/ABS,Nozzle,0.4mm,0.4,,mm,,,,,,,,Printed Specimen Conditions,Nozzle: 0.4mm,P0269,new,,high,reader-r1-02,"printed-specimen condition, not a print recommendation"
X-ECOMAX-CarbonX-CF-PC-ABS-TDS-v1-1,1,setting,other,G128-01,CarbonX™ Carbon Fiber PC/ABS,Layer Height,0.25mm,0.25,,mm,,,,,,,,Printed Specimen Conditions,Layer Height: 0.25mm,P0269,new,,high,reader-r1-02,"printed-specimen condition, not a print recommendation"
X-ECOMAX-CarbonX-CF-PC-ABS-TDS-v1-1,1,setting,other,G128-01,CarbonX™ Carbon Fiber PC/ABS,Infill,"100%, +/- 45°",100,,%,,,,,,,,Printed Specimen Conditions,"Infill: 100%, +/- 45°",P0269,new,,high,reader-r1-02,"printed-specimen condition, not a print recommendation"
X-ECOMAX-CarbonX-CF-PC-ABS-TDS-v1-1,1,setting,nozzle,G128-01,CarbonX™ Carbon Fiber PC/ABS,Extrusion Temp,285°C,285,,°C,,,,,,,,Printed Specimen Conditions,Extrusion Temp: 285°C,P0269,new,,high,reader-r1-02,"printed-specimen condition, not a print recommendation"
X-ECOMAX-CarbonX-CF-PC-ABS-TDS-v1-1,1,setting,bed,G128-01,CarbonX™ Carbon Fiber PC/ABS,Bed Temp,120°C,120,,°C,,,,,,,,Printed Specimen Conditions,Bed Temp: 120°C,P0269,new,,high,reader-r1-02,"printed-specimen condition, not a print recommendation"
X-ECOMAX-CarbonX-CF-PC-ABS-TDS-v1-1,1,setting,other,G128-01,CarbonX™ Carbon Fiber PC/ABS,Specimen Orientation,XY Flat,,,,,,,,,,,Printed Specimen Conditions,Specimen Orientation: XY Flat,P0269,new,,high,reader-r1-02,"printed-specimen condition, not a print recommendation"
X-ECOMAX-CarbonX-CF-PC-ABS-TDS-v1-1,1,identity,grade,G128-01,CarbonX™ Carbon Fiber PC/ABS,CarbonX™ Carbon Fiber PC/ABS 3D Printing Filament,CarbonX™ Carbon Fiber PC/ABS 3D Printing Filament,,,,,,,,,,,,CarbonX™ Carbon Fiber PC/ABS 3D Printing Filament,,new,,high,reader-r1-02,
X-ECOMAX-CarbonX-CF-PLA-TDS-v3,1,value,Density,G018-04,CarbonX™ CF-PLA,Density,1.29 g/cc,1.29,,g/cc,=,,printed,,,ISO 1183,,Physical Properties,Density ISO 1183 g/cc 1.29 | Physical Properties Standard Unit Typical Value,V003302,confirms,1.29 g/cc,high,reader-r1-02,
X-ECOMAX-CarbonX-CF-PLA-TDS-v3,1,value,Tensile break strength,G018-04,CarbonX™ CF-PLA,"Tensile Strength, Break",48 MPa,48,,MPa,=,XY Flat,printed,,,ISO 527,,Mechanical Properties,"Tensile Strength, Break ISO 527 MPa 48 | Mechanical Properties Standard Unit Typical Value",V003303,confirms,48 MPa,high,reader-r1-02,
X-ECOMAX-CarbonX-CF-PLA-TDS-v3,1,value,Tensile modulus,G018-04,CarbonX™ CF-PLA,Tensile Modulus,4950 MPa,4950,,MPa,=,XY Flat,printed,,,ISO 527,,Mechanical Properties,Tensile Modulus ISO 527 MPa 4950 | Mechanical Properties Standard Unit Typical Value,V003304,confirms,4950 MPa,high,reader-r1-02,
X-ECOMAX-CarbonX-CF-PLA-TDS-v3,1,value,Elongation at break,G018-04,CarbonX™ CF-PLA,"Tensile Elongation, Break",2 %,2,,%,=,XY Flat,printed,,,ISO 527,,Mechanical Properties,"Tensile Elongation, Break ISO 527 % 2 | Mechanical Properties Standard Unit Typical Value",V003305,confirms,2 %,high,reader-r1-02,
X-ECOMAX-CarbonX-CF-PLA-TDS-v3,1,value,Flexural strength,G018-04,CarbonX™ CF-PLA,Flexural Strength,89 MPa,89,,MPa,=,XY Flat,printed,,,ISO 178,,Mechanical Properties,Flexural Strength ISO 178 MPa 89 | Mechanical Properties Standard Unit Typical Value,V003306,confirms,89 MPa,high,reader-r1-02,
X-ECOMAX-CarbonX-CF-PLA-TDS-v3,1,value,Flexural modulus,G018-04,CarbonX™ CF-PLA,Flexural Modulus,6320 MPa,6320,,MPa,=,XY Flat,printed,,,ISO 178,,Mechanical Properties,Flexural Modulus ISO 178 MPa 6320 | Mechanical Properties Standard Unit Typical Value,V003307,confirms,6320 MPa,high,reader-r1-02,
X-ECOMAX-CarbonX-CF-PLA-TDS-v3,1,value,Glass transition temperature,G018-04,CarbonX™ CF-PLA,Glass Transition Temperature (Tg),60 °C,60,,°C,=,,printed,,,DSC,,Thermal Properties,Glass Transition Temperature (Tg) DSC °C 60 | Thermal Properties Standard Unit Typical Value,V003308,confirms,60 °C,high,reader-r1-02,
X-ECOMAX-CarbonX-CF-PLA-TDS-v3,1,value,HDT,G018-04,CarbonX™ CF-PLA,Deflection Temperature at 0.45 MPa (66psi),91 °C,91,,°C,=,,printed,,,ISO 75,load=0.45 MPa (66psi),Thermal Properties,Deflection Temperature at 0.45 MPa (66psi) ISO 75 °C 91 | Thermal Properties Standard Unit Typical Value,V003309,confirms,91 °C,high,reader-r1-02,
X-ECOMAX-CarbonX-CF-PLA-TDS-v3,1,value,Surface resistivity,G018-04,CarbonX™ CF-PLA,Surface Resistance,>10^9,,,Ohm/sq,>,,printed,,,ASTM D257,,Electrical Property,Surface Resistance ASTM D257 Ohm/sq >10 9,,new,,high,reader-r1-02,printed as >10 superscript 9; exponent not entered as number; label Surface Resistance
X-ECOMAX-CarbonX-CF-PLA-TDS-v3,1,context,all,G018-04,CarbonX™ CF-PLA,,Printed Specimen Conditions,,,,,XY Flat,printed,,,,"Printer=Open Source FDM/FFF; Nozzle=0.4mm; Layer Height=0.25mm; Infill=100%, +/- 45°; Extrusion Temp=215°C; Bed Temp=23°C; Specimen Orientation=XY Flat",Printed Specimen Conditions,"Printed Specimen Conditions | Printer: Open Source FDM/FFF | Nozzle: 0.4mm | Layer Height: 0.25mm | Infill: 100%, +/- 45° | Extrusion Temp: 215°C | Bed Temp: 23°C | Specimen Orientation: XY Flat",,new,,high,reader-r1-02,heading and conditions apply to every value in the tables above
X-ECOMAX-CarbonX-CF-PLA-TDS-v3,1,setting,other,G018-04,CarbonX™ CF-PLA,Printer,Open Source FDM/FFF,,,,,,,,,,,Printed Specimen Conditions,Printer: Open Source FDM/FFF,P0259,new,,high,reader-r1-02,"printed-specimen condition, not a print recommendation"
X-ECOMAX-CarbonX-CF-PLA-TDS-v3,1,setting,nozzle_diameter,G018-04,CarbonX™ CF-PLA,Nozzle,0.4mm,0.4,,mm,,,,,,,,Printed Specimen Conditions,Nozzle: 0.4mm,P0259,new,,high,reader-r1-02,"printed-specimen condition, not a print recommendation"
X-ECOMAX-CarbonX-CF-PLA-TDS-v3,1,setting,other,G018-04,CarbonX™ CF-PLA,Layer Height,0.25mm,0.25,,mm,,,,,,,,Printed Specimen Conditions,Layer Height: 0.25mm,P0259,new,,high,reader-r1-02,"printed-specimen condition, not a print recommendation"
X-ECOMAX-CarbonX-CF-PLA-TDS-v3,1,setting,other,G018-04,CarbonX™ CF-PLA,Infill,"100%, +/- 45°",100,,%,,,,,,,,Printed Specimen Conditions,"Infill: 100%, +/- 45°",P0259,new,,high,reader-r1-02,"printed-specimen condition, not a print recommendation"
X-ECOMAX-CarbonX-CF-PLA-TDS-v3,1,setting,nozzle,G018-04,CarbonX™ CF-PLA,Extrusion Temp,215°C,215,,°C,,,,,,,,Printed Specimen Conditions,Extrusion Temp: 215°C,P0259,new,,high,reader-r1-02,"printed-specimen condition, not a print recommendation"
X-ECOMAX-CarbonX-CF-PLA-TDS-v3,1,setting,bed,G018-04,CarbonX™ CF-PLA,Bed Temp,23°C,23,,°C,,,,,,,,Printed Specimen Conditions,Bed Temp: 23°C,P0259,new,,high,reader-r1-02,"printed-specimen condition, not a print recommendation"
X-ECOMAX-CarbonX-CF-PLA-TDS-v3,1,setting,other,G018-04,CarbonX™ CF-PLA,Specimen Orientation,XY Flat,,,,,,,,,,,Printed Specimen Conditions,Specimen Orientation: XY Flat,P0259,new,,high,reader-r1-02,"printed-specimen condition, not a print recommendation"
X-ECOMAX-CarbonX-CF-PLA-TDS-v3,1,identity,grade,G018-04,CarbonX™ CF-PLA,CarbonX™ CF-PLA 3D Printing Filament,CarbonX™ CF-PLA 3D Printing Filament,,,,,,,,,,,,CarbonX™ CF-PLA 3D Printing Filament,,new,,high,reader-r1-02,
X-ECOMAX-ESD-TPC-92A-v3,1,value,Density,G114-01,3DXSTAT™ ESD-TPC (90A),Density,1.28 g/cc,1.28,,g/cc,=,,printed,,,ISO 1183,,Physical Properties,Density ISO 1183 g/cc 1.28 | Physical Properties Standard Unit Typical Value,V003134,confirms,1.28 g/cc,high,reader-r1-02,
X-ECOMAX-ESD-TPC-92A-v3,1,value,Tensile break strength,G114-01,3DXSTAT™ ESD-TPC (90A),"Tensile Strength, Break",70 MPa,70,,MPa,=,XY Flat,printed,,,ISO 527,,Mechanical Properties,"Tensile Strength, Break ISO 527 MPa 70 | Mechanical Properties Standard Unit Typical Value",V003135,confirms,70 MPa,high,reader-r1-02,
X-ECOMAX-ESD-TPC-92A-v3,1,value,Tensile modulus,G114-01,3DXSTAT™ ESD-TPC (90A),Tensile Modulus,1400 MPa,1400,,MPa,=,XY Flat,printed,,,ISO 527,,Mechanical Properties,Tensile Modulus ISO 527 MPa 1400 | Mechanical Properties Standard Unit Typical Value,V003136,confirms,1400 MPa,high,reader-r1-02,
X-ECOMAX-ESD-TPC-92A-v3,1,value,Elongation at break,G114-01,3DXSTAT™ ESD-TPC (90A),"Tensile Elongation, Break",>300 %,300,,%,>,XY Flat,printed,,,ISO 527,,Mechanical Properties,"Tensile Elongation, Break ISO 527 % >300 | Mechanical Properties Standard Unit Typical Value",,new,,high,reader-r1-02,
X-ECOMAX-ESD-TPC-92A-v3,1,value,Flexural strength,G114-01,3DXSTAT™ ESD-TPC (90A),Flexural Strength,50 MPa,50,,MPa,=,XY Flat,printed,,,ISO 178,,Mechanical Properties,Flexural Strength ISO 178 MPa 50 | Mechanical Properties Standard Unit Typical Value,V003137,confirms,50 MPa,high,reader-r1-02,
X-ECOMAX-ESD-TPC-92A-v3,1,value,Flexural modulus,G114-01,3DXSTAT™ ESD-TPC (90A),Flexural Modulus,1450 MPa,1450,,MPa,=,XY Flat,printed,,,ISO 178,,Mechanical Properties,Flexural Modulus ISO 178 MPa 1450 | Mechanical Properties Standard Unit Typical Value,V003138,confirms,1450 MPa,high,reader-r1-02,
X-ECOMAX-ESD-TPC-92A-v3,1,value,Glass transition temperature,G114-01,3DXSTAT™ ESD-TPC (90A),Glass Transition Temperature (Tg),80 °C,80,,°C,=,,printed,,,DSC,,Thermal Properties,Glass Transition Temperature (Tg) DSC °C 80 | Thermal Properties Standard Unit Typical Value,V003139,confirms,80 °C,high,reader-r1-02,
X-ECOMAX-ESD-TPC-92A-v3,1,value,HDT,G114-01,3DXSTAT™ ESD-TPC (90A),Deflection Temperature at 0.45 MPa (66psi),50 °C,50,,°C,=,,printed,,,ISO 75,load=0.45 MPa (66psi),Thermal Properties,Deflection Temperature at 0.45 MPa (66psi) ISO 75 °C 50 | Thermal Properties Standard Unit Typical Value,V003140,confirms,50 °C,high,reader-r1-02,
X-ECOMAX-ESD-TPC-92A-v3,1,value,Surface resistivity,G114-01,3DXSTAT™ ESD-TPC (90A),Surface Resistance,>10^7 - 10^9<,,,Ohm/sq,>,,printed,,,ASTM D257,,Electrical Property,Surface Resistance ASTM D257 Ohm/sq >10 7 - 10 9 <,,new,,high,reader-r1-02,printed as >10 superscript 7 - 10 superscript 9 <; exponents not entered as numbers; label Surface Resistance
X-ECOMAX-ESD-TPC-92A-v3,1,context,all,G114-01,3DXSTAT™ ESD-TPC (90A),,Printed Specimen Conditions,,,,,XY Flat,printed,,,,"Printer=Open Source FDM/FFF; Nozzle=0.4mm; Layer Height=0.25mm; Infill=100%, +/- 45°; Extrusion Temp=255°C; Bed Temp=70°C; Specimen Orientation=XY Flat",Printed Specimen Conditions,"Printed Specimen Conditions | Printer: Open Source FDM/FFF | Nozzle: 0.4mm | Layer Height: 0.25mm | Infill: 100%, +/- 45° | Extrusion Temp: 255°C | Bed Temp: 70°C | Specimen Orientation: XY Flat",,new,,high,reader-r1-02,heading and conditions apply to every value in the tables above
X-ECOMAX-ESD-TPC-92A-v3,1,setting,other,G114-01,3DXSTAT™ ESD-TPC (90A),Printer,Open Source FDM/FFF,,,,,,,,,,,Printed Specimen Conditions,Printer: Open Source FDM/FFF,P0238,new,,high,reader-r1-02,"printed-specimen condition, not a print recommendation"
X-ECOMAX-ESD-TPC-92A-v3,1,setting,nozzle_diameter,G114-01,3DXSTAT™ ESD-TPC (90A),Nozzle,0.4mm,0.4,,mm,,,,,,,,Printed Specimen Conditions,Nozzle: 0.4mm,P0238,new,,high,reader-r1-02,"printed-specimen condition, not a print recommendation"
X-ECOMAX-ESD-TPC-92A-v3,1,setting,other,G114-01,3DXSTAT™ ESD-TPC (90A),Layer Height,0.25mm,0.25,,mm,,,,,,,,Printed Specimen Conditions,Layer Height: 0.25mm,P0238,new,,high,reader-r1-02,"printed-specimen condition, not a print recommendation"
X-ECOMAX-ESD-TPC-92A-v3,1,setting,other,G114-01,3DXSTAT™ ESD-TPC (90A),Infill,"100%, +/- 45°",100,,%,,,,,,,,Printed Specimen Conditions,"Infill: 100%, +/- 45°",P0238,new,,high,reader-r1-02,"printed-specimen condition, not a print recommendation"
X-ECOMAX-ESD-TPC-92A-v3,1,setting,nozzle,G114-01,3DXSTAT™ ESD-TPC (90A),Extrusion Temp,255°C,255,,°C,,,,,,,,Printed Specimen Conditions,Extrusion Temp: 255°C,P0238,new,,high,reader-r1-02,"printed-specimen condition, not a print recommendation"
X-ECOMAX-ESD-TPC-92A-v3,1,setting,bed,G114-01,3DXSTAT™ ESD-TPC (90A),Bed Temp,70°C,70,,°C,,,,,,,,Printed Specimen Conditions,Bed Temp: 70°C,P0238,new,,high,reader-r1-02,"printed-specimen condition, not a print recommendation"
X-ECOMAX-ESD-TPC-92A-v3,1,setting,other,G114-01,3DXSTAT™ ESD-TPC (90A),Specimen Orientation,XY Flat,,,,,,,,,,,Printed Specimen Conditions,Specimen Orientation: XY Flat,P0238,new,,high,reader-r1-02,"printed-specimen condition, not a print recommendation"
X-ECOMAX-ESD-TPC-92A-v3,1,identity,grade,G114-01,3DXSTAT™ ESD-TPC (90A),3DXSTAT™ ESD-TPC (90A) 3D Printing Filament,3DXSTAT™ ESD-TPC (90A) 3D Printing Filament,,,,,,,,,,,,3DXSTAT™ ESD-TPC (90A) 3D Printing Filament,,new,,high,reader-r1-02,
X-ECOMAX-THERMAX-PPE-PS-TDS-v1,1,value,Density,G130-01,THERMAX® PPE/PS,Density,1.1 g/cc,1.1,,g/cc,=,,printed,,,ISO 1183,,Physical Properties,Density ISO 1183 g/cc 1.1 | Physical Properties Standard Unit Typical Value,V004082,confirms,1.10 g/cc,high,reader-r1-02,
X-ECOMAX-THERMAX-PPE-PS-TDS-v1,1,value,Tensile break strength,G130-01,THERMAX® PPE/PS,"Tensile Strength, Break",67 MPa,67,,MPa,=,XY Flat,printed,,,ISO 527,,Mechanical Properties,"Tensile Strength, Break ISO 527 MPa 67 | Mechanical Properties Standard Unit Typical Value",V004083,confirms,67 MPa,high,reader-r1-02,
X-ECOMAX-THERMAX-PPE-PS-TDS-v1,1,value,Tensile modulus,G130-01,THERMAX® PPE/PS,Tensile Modulus,2250 MPa,2250,,MPa,=,XY Flat,printed,,,ISO 527,,Mechanical Properties,Tensile Modulus ISO 527 MPa 2250 | Mechanical Properties Standard Unit Typical Value,V004084,confirms,2250 MPa,high,reader-r1-02,
X-ECOMAX-THERMAX-PPE-PS-TDS-v1,1,value,Elongation at break,G130-01,THERMAX® PPE/PS,"Tensile Elongation, Break",12 %,12,,%,=,XY Flat,printed,,,ISO 527,,Mechanical Properties,"Tensile Elongation, Break ISO 527 % 12 | Mechanical Properties Standard Unit Typical Value",V004085,confirms,12 %,high,reader-r1-02,
X-ECOMAX-THERMAX-PPE-PS-TDS-v1,1,value,Flexural strength,G130-01,THERMAX® PPE/PS,Flexural Strength,85 MPa,85,,MPa,=,XY Flat,printed,,,ISO 178,,Mechanical Properties,Flexural Strength ISO 178 MPa 85 | Mechanical Properties Standard Unit Typical Value,V004086,confirms,85 MPa,high,reader-r1-02,
X-ECOMAX-THERMAX-PPE-PS-TDS-v1,1,value,Flexural modulus,G130-01,THERMAX® PPE/PS,Flexural Modulus,2300 MPa,2300,,MPa,=,XY Flat,printed,,,ISO 178,,Mechanical Properties,Flexural Modulus ISO 178 MPa 2300 | Mechanical Properties Standard Unit Typical Value,V004087,confirms,2300 MPa,high,reader-r1-02,
X-ECOMAX-THERMAX-PPE-PS-TDS-v1,1,value,Glass transition temperature,G130-01,THERMAX® PPE/PS,Glass Transition Temperature (Tg),128 °C,128,,°C,=,,printed,,,DSC,,Thermal Properties,Glass Transition Temperature (Tg) DSC °C 128 | Thermal Properties Standard Unit Typical Value,V004088,confirms,128 °C,high,reader-r1-02,
X-ECOMAX-THERMAX-PPE-PS-TDS-v1,1,value,HDT,G130-01,THERMAX® PPE/PS,Deflection Temperature at 1.8 MPa,112 °C,112,,°C,=,,printed,,,ISO 75,load=1.8 MPa,Thermal Properties,Deflection Temperature at 1.8 MPa ISO 75 °C 112 | Thermal Properties Standard Unit Typical Value,V004089,confirms,112 °C,high,reader-r1-02,
X-ECOMAX-THERMAX-PPE-PS-TDS-v1,1,value,Surface resistivity,G130-01,THERMAX® PPE/PS,Surface Resistance,>10^13,,,Ohm/sq,>,,printed,,,ASTM D257,,Electrical Property,Surface Resistance ASTM D257 Ohm/sq >10 13,,new,,high,reader-r1-02,printed as >10 superscript 13; exponent not entered as number; label Surface Resistance
X-ECOMAX-THERMAX-PPE-PS-TDS-v1,1,context,all,G130-01,THERMAX® PPE/PS,,Printed Specimen Conditions,,,,,XY Flat,printed,,,,"Printer=Open Source FDM/FFF; Nozzle=0.4mm; Layer Height=0.25mm; Infill=100%, +/- 45°; Extrusion Temp=310°C; Bed Temp=120°C; Specimen Orientation=XY Flat",Printed Specimen Conditions,"Printed Specimen Conditions | Printer: Open Source FDM/FFF | Nozzle: 0.4mm | Layer Height: 0.25mm | Infill: 100%, +/- 45° | Extrusion Temp: 310°C | Bed Temp: 120°C | Specimen Orientation: XY Flat",,new,,high,reader-r1-02,heading and conditions apply to every value in the tables above
X-ECOMAX-THERMAX-PPE-PS-TDS-v1,1,setting,other,G130-01,THERMAX® PPE/PS,Printer,Open Source FDM/FFF,,,,,,,,,,,Printed Specimen Conditions,Printer: Open Source FDM/FFF,P0370,new,,high,reader-r1-02,"printed-specimen condition, not a print recommendation"
X-ECOMAX-THERMAX-PPE-PS-TDS-v1,1,setting,nozzle_diameter,G130-01,THERMAX® PPE/PS,Nozzle,0.4mm,0.4,,mm,,,,,,,,Printed Specimen Conditions,Nozzle: 0.4mm,P0370,new,,high,reader-r1-02,"printed-specimen condition, not a print recommendation"
X-ECOMAX-THERMAX-PPE-PS-TDS-v1,1,setting,other,G130-01,THERMAX® PPE/PS,Layer Height,0.25mm,0.25,,mm,,,,,,,,Printed Specimen Conditions,Layer Height: 0.25mm,P0370,new,,high,reader-r1-02,"printed-specimen condition, not a print recommendation"
X-ECOMAX-THERMAX-PPE-PS-TDS-v1,1,setting,other,G130-01,THERMAX® PPE/PS,Infill,"100%, +/- 45°",100,,%,,,,,,,,Printed Specimen Conditions,"Infill: 100%, +/- 45°",P0370,new,,high,reader-r1-02,"printed-specimen condition, not a print recommendation"
X-ECOMAX-THERMAX-PPE-PS-TDS-v1,1,setting,nozzle,G130-01,THERMAX® PPE/PS,Extrusion Temp,310°C,310,,°C,,,,,,,,Printed Specimen Conditions,Extrusion Temp: 310°C,P0370,new,,high,reader-r1-02,"printed-specimen condition, not a print recommendation"
X-ECOMAX-THERMAX-PPE-PS-TDS-v1,1,setting,bed,G130-01,THERMAX® PPE/PS,Bed Temp,120°C,120,,°C,,,,,,,,Printed Specimen Conditions,Bed Temp: 120°C,P0370,new,,high,reader-r1-02,"printed-specimen condition, not a print recommendation"
X-ECOMAX-THERMAX-PPE-PS-TDS-v1,1,setting,other,G130-01,THERMAX® PPE/PS,Specimen Orientation,XY Flat,,,,,,,,,,,Printed Specimen Conditions,Specimen Orientation: XY Flat,P0370,new,,high,reader-r1-02,"printed-specimen condition, not a print recommendation"
X-ECOMAX-THERMAX-PPE-PS-TDS-v1,1,identity,grade,G130-01,THERMAX® PPE/PS,THERMAX® PPE/PS 3D Printing Filament [Polyphenylene Ether + Polystyrene],THERMAX® PPE/PS 3D Printing Filament [Polyphenylene Ether + Polystyrene],,,,,,,,,,,,THERMAX® PPE/PS 3D Printing Filament [Polyphenylene Ether + Polystyrene],,new,,high,reader-r1-02,
X-ECOMAX-TriStat-ESD-PC-TDS-v1,1,value,Density,G116-02,TriStat™ ESD-PC Model Material,Density,1.22 g/cc,1.22,,g/cc,=,,,,,ISO 1183,,Physical Properties,Density ISO 1183 g/cc 1.22 | Physical Properties Standard Unit Metric,V010721,confirms,1.22 g/cc,high,reader-r1-02,
X-ECOMAX-TriStat-ESD-PC-TDS-v1,1,value,Tensile break strength,G116-02,TriStat™ ESD-PC Model Material,"Tensile Strength, Break",53 MPa,53,,MPa,=,XY Flat,,,,ISO 527,,Mechanical Properties,"Tensile Strength, Break ISO 527 MPa 53 | Mechanical Properties Standard Unit Metric",,new,,high,reader-r1-02,text layer shows no value for this row; read from image
X-ECOMAX-TriStat-ESD-PC-TDS-v1,1,value,Tensile modulus,G116-02,TriStat™ ESD-PC Model Material,Tensile Modulus,2010 MPa,2010,,MPa,=,XY Flat,,,,ISO 527,,Mechanical Properties,Tensile Modulus ISO 527 MPa 2010 | Mechanical Properties Standard Unit Metric,,new,,high,reader-r1-02,text layer reads 0010; image prints 2010
X-ECOMAX-TriStat-ESD-PC-TDS-v1,1,value,Elongation at break,G116-02,TriStat™ ESD-PC Model Material,"Tensile Elongation, Break",3 %,3,,%,=,XY Flat,,,,ISO 527,,Mechanical Properties,"Tensile Elongation, Break ISO 527 % 3 | Mechanical Properties Standard Unit Metric",V010722,confirms,3 %,high,reader-r1-02,
X-ECOMAX-TriStat-ESD-PC-TDS-v1,1,value,Flexural strength,G116-02,TriStat™ ESD-PC Model Material,Flexural Strength,84 MPa,84,,MPa,=,XY Flat,,,,ISO 178,,Mechanical Properties,Flexural Strength ISO 178 MPa 84 | Mechanical Properties Standard Unit Metric,V010723,confirms,84 MPa,high,reader-r1-02,
X-ECOMAX-TriStat-ESD-PC-TDS-v1,1,value,Flexural modulus,G116-02,TriStat™ ESD-PC Model Material,Flexural Modulus,2430 MPa,2430,,MPa,=,XY Flat,,,,ISO 178,,Mechanical Properties,Flexural Modulus ISO 178 MPa 2430 | Mechanical Properties Standard Unit Metric,V010724,confirms,2430 MPa,high,reader-r1-02,
X-ECOMAX-TriStat-ESD-PC-TDS-v1,1,value,Glass transition temperature,G116-02,TriStat™ ESD-PC Model Material,Glass Transition Temperature (Tg),160 °C,160,,°C,=,,,,,DSC,,Thermal Properties,Glass Transition Temperature (Tg) DSC °C 160 | Thermal Properties Standard Unit Metric,V010725,confirms,160 °C,high,reader-r1-02,
X-ECOMAX-TriStat-ESD-PC-TDS-v1,1,value,HDT,G116-02,TriStat™ ESD-PC Model Material,Deflection Temperature at 0.45 MPa (66psi),141 °C,141,,°C,=,,,,,ISO 75,load=0.45 MPa (66psi),Thermal Properties,Deflection Temperature at 0.45 MPa (66psi) ISO 75 °C 141 | Thermal Properties Standard Unit Metric,,new,,high,reader-r1-02,
X-ECOMAX-TriStat-ESD-PC-TDS-v1,1,value,Surface resistivity,G116-02,TriStat™ ESD-PC Model Material,Surface Resistance,10^7 Ohm/sq,,,Ohm/sq,=,,,,,IEC 60093,,Electrical Properties,Surface Resistance IEC 60093 Ohm/sq 10 7 | Electrical Properties Standard Unit Metric,,new,,high,reader-r1-02,printed as 10 superscript 7; exponent not entered as number; label Surface Resistance
X-ECOMAX-TriStat-ESD-PC-TDS-v1,1,context,all,G116-02,TriStat™ ESD-PC Model Material,,Specimen Conditions,,,,,XY Flat,,,,,"Printer=Fortus® 400mc; Layer Height=0.013"" / 0.33mm; Infill Density=Solid; Specimen Orientation=XY Flat",Specimen Conditions,"Specimen Conditions | Printer: Fortus® 400mc | Layer Height: 0.013"" / 0.33mm | Infill Density: Solid | Specimen Orientation: XY Flat",,new,,high,reader-r1-02,"heading says Specimen Conditions, not Printed Specimen Conditions; value column headed Metric"
X-ECOMAX-TriStat-ESD-PC-TDS-v1,1,setting,other,G116-02,TriStat™ ESD-PC Model Material,Printer,Fortus® 400mc,,,,,,,,,,,Specimen Conditions,Printer: Fortus® 400mc,,new,,high,reader-r1-02,specimen condition
X-ECOMAX-TriStat-ESD-PC-TDS-v1,1,setting,other,G116-02,TriStat™ ESD-PC Model Material,Layer Height,"0.013"" / 0.33mm",0.33,,mm,,,,,,,,Specimen Conditions,"Layer Height: 0.013"" / 0.33mm",,new,,high,reader-r1-02,specimen condition; also printed 0.013 inch
X-ECOMAX-TriStat-ESD-PC-TDS-v1,1,setting,other,G116-02,TriStat™ ESD-PC Model Material,Infill Density,Solid,,,,,,,,,,,Specimen Conditions,Infill Density: Solid,,new,,high,reader-r1-02,specimen condition
X-ECOMAX-TriStat-ESD-PC-TDS-v1,1,setting,other,G116-02,TriStat™ ESD-PC Model Material,Specimen Orientation,XY Flat,,,,,,,,,,,Specimen Conditions,Specimen Orientation: XY Flat,,new,,high,reader-r1-02,specimen condition
X-ECOMAX-TriStat-ESD-PC-TDS-v1,1,identity,grade,G116-02,TriStat™ ESD-PC Model Material,title,TriStat™ ESD-PC Model Material,,,,,,,,,,,,Technical Data Sheet: TriStat™ ESD-PC Model Material,,new,,high,reader-r1-02,
X-ECOMAX-TriStat-ESD-PC-TDS-v1,1,identity,other,G116-02,TriStat™ ESD-PC Model Material,header,Triton 3D OEM Compatible 3D Printing Consumables,,,,,,,,,,,,OEM Compatible 3D Printing Consumables,,new,,high,reader-r1-02,
X-ECOMAX-wearx-tds-FW-PA6-Copolymer-v1-0,1,value,Density,G049-09,WearX™ Wear Resistant PA6 Copolymer,Density,1.18 g/cc,1.18,,g/cc,=,,,,,ISO 1183,,Physical Properties,Density ISO 1183 g/cc 1.18 | Physical Properties Standard Unit Metric,V011183,confirms,1.18 g/cc,high,reader-r1-02,
X-ECOMAX-wearx-tds-FW-PA6-Copolymer-v1-0,1,value,Tensile break strength,G049-09,WearX™ Wear Resistant PA6 Copolymer,"Tensile Strength, Break",62 MPa,62,,MPa,=,,,,,ISO 527,,Mechanical Properties,"Tensile Strength, Break ISO 527 MPa 62 | Mechanical Properties Standard Unit Metric",V011184,confirms,62 MPa,high,reader-r1-02,
X-ECOMAX-wearx-tds-FW-PA6-Copolymer-v1-0,1,value,Tensile modulus,G049-09,WearX™ Wear Resistant PA6 Copolymer,Tensile Modulus,2458 MPa,2458,,MPa,=,,,,,ISO 527,,Mechanical Properties,Tensile Modulus ISO 527 MPa 2458 | Mechanical Properties Standard Unit Metric,V011185,confirms,2458 MPa,high,reader-r1-02,
X-ECOMAX-wearx-tds-FW-PA6-Copolymer-v1-0,1,value,Elongation at break,G049-09,WearX™ Wear Resistant PA6 Copolymer,"Tensile Elongation, Break",18 %,18,,%,=,,,,,ISO 527,,Mechanical Properties,"Tensile Elongation, Break ISO 527 % 18 | Mechanical Properties Standard Unit Metric",V011186,confirms,18 %,high,reader-r1-02,
X-ECOMAX-wearx-tds-FW-PA6-Copolymer-v1-0,1,value,Flexural strength,G049-09,WearX™ Wear Resistant PA6 Copolymer,Flexural Strength,70 MPa,70,,MPa,=,,,,,ISO 178,,Mechanical Properties,Flexural Strength ISO 178 MPa 70 | Mechanical Properties Standard Unit Metric,V011187,confirms,70 MPa,high,reader-r1-02,
X-ECOMAX-wearx-tds-FW-PA6-Copolymer-v1-0,1,value,Flexural modulus,G049-09,WearX™ Wear Resistant PA6 Copolymer,Flexural Modulus,2215 MPa,2215,,MPa,=,,,,,ISO 178,,Mechanical Properties,Flexural Modulus ISO 178 MPa 2215 | Mechanical Properties Standard Unit Metric,V011188,confirms,2215 MPa,high,reader-r1-02,
X-ECOMAX-wearx-tds-FW-PA6-Copolymer-v1-0,1,value,Melting temperature,G049-09,WearX™ Wear Resistant PA6 Copolymer,Melt Temperature (Tm),198 °C,198,,°C,=,,,,,DSC,,Thermal Properties,Melt Temperature (Tm) DSC °C 198 | Thermal Properties Standard Unit Metric,V011189,confirms,198 °C,high,reader-r1-02,
X-ECOMAX-wearx-tds-FW-PA6-Copolymer-v1-0,1,value,Glass transition temperature,G049-09,WearX™ Wear Resistant PA6 Copolymer,Glass Transition Temperature (Tg),76 °C,76,,°C,=,,,,,DSC,,Thermal Properties,Glass Transition Temperature (Tg) DSC °C 76 | Thermal Properties Standard Unit Metric,V011190,confirms,76 °C,high,reader-r1-02,
X-ECOMAX-wearx-tds-FW-PA6-Copolymer-v1-0,1,value,HDT,G049-09,WearX™ Wear Resistant PA6 Copolymer,Deflection Temperature at 0.45 MPa (66psi),143 °C,143,,°C,=,,,,,ISO 75,load=0.45 MPa (66psi),Thermal Properties,Deflection Temperature at 0.45 MPa (66psi) ISO 75 °C 143 | Thermal Properties Standard Unit Metric,V011191,confirms,143 °C,high,reader-r1-02,
X-ECOMAX-wearx-tds-FW-PA6-Copolymer-v1-0,1,value,unmapped:Wear Rate,G049-09,WearX™ Wear Resistant PA6 Copolymer,Wear Rate,12 µm/km,12,,µm/km,=,,,,,ISO 7148-2,,Wear Properties,Wear Rate ISO 7148-2 μm/km 12 | Wear Properties Standard Unit Typical Value,,new,,high,reader-r1-02,
X-ECOMAX-wearx-tds-FW-PA6-Copolymer-v1-0,1,value,unmapped:Dynamic Coefficient of Friction,G049-09,WearX™ Wear Resistant PA6 Copolymer,Dynamic Coefficient of Friction,0.35-0.55,0.35,0.55,,=,,,,,ISO 7148-2,,Wear Properties,Dynamic Coefficient of Friction ISO 7148-2 - 0.35-0.55 | Wear Properties Standard Unit Typical Value,,new,,high,reader-r1-02,"unit column prints ""-"""
X-ECOMAX-wearx-tds-FW-PA6-Copolymer-v1-0,1,value,Surface resistivity,G049-09,WearX™ Wear Resistant PA6 Copolymer,Surface Resistance,>10^13 Ohm/sq,,,Ohm/sq,>,,,,,ASTM D257,,Electrical Property,Surface Resistance ASTM D257 Ohm/sq >10 13 | Electrical Property Standard Unit Typical Value,,new,,high,reader-r1-02,printed as >10 superscript 13; exponent not entered as number; label Surface Resistance
X-ECOMAX-wearx-tds-FW-PA6-Copolymer-v1-0,1,setting,nozzle_diameter,G049-09,WearX™ Wear Resistant PA6 Copolymer,Nozzle,0.2mm or larger,0.2,,mm,>,,,,,,,Printed Part Recommendations,Nozzle: 0.2mm or larger,,new,,high,reader-r1-02,"printed ""or larger"""
X-ECOMAX-wearx-tds-FW-PA6-Copolymer-v1-0,1,setting,other,G049-09,WearX™ Wear Resistant PA6 Copolymer,Layer Height,0.15mm or larger,0.15,,mm,>,,,,,,,Printed Part Recommendations,Layer Height: 0.15mm or larger,,new,,high,reader-r1-02,"printed ""or larger"""
X-ECOMAX-wearx-tds-FW-PA6-Copolymer-v1-0,1,setting,other,G049-09,WearX™ Wear Resistant PA6 Copolymer,Extrusion Multiplier,0.95-1.0,0.95,1.0,,,,,,,,,Printed Part Recommendations,Extrusion Multiplier: 0.95-1.0,,new,,high,reader-r1-02,
X-ECOMAX-wearx-tds-FW-PA6-Copolymer-v1-0,1,setting,nozzle,G049-09,WearX™ Wear Resistant PA6 Copolymer,Extrusion Temp,260-275°C,260,275,°C,,,,,,,,Printed Part Recommendations,Extrusion Temp: 260-275°C,P1169,confirms,260-275°C,high,reader-r1-02,
X-ECOMAX-wearx-tds-FW-PA6-Copolymer-v1-0,1,setting,bed,G049-09,WearX™ Wear Resistant PA6 Copolymer,Print Bed Temp,80-95°C,80,95,°C,,,,,,,,Printed Part Recommendations,Print Bed Temp: 80-95°C,P1169,confirms,80-95°C,high,reader-r1-02,
X-ECOMAX-wearx-tds-FW-PA6-Copolymer-v1-0,1,setting,enclosure,G049-09,WearX™ Wear Resistant PA6 Copolymer,Print Bed Enclosure,Recommended,,,,,,,,,,,Printed Part Recommendations,Print Bed Enclosure: Recommended,P1169,confirms,Recommended,high,reader-r1-02,
X-ECOMAX-wearx-tds-FW-PA6-Copolymer-v1-0,1,setting,drying,G049-09,WearX™ Wear Resistant PA6 Copolymer,Drying Recommendations,90°C for 4-6 Hours,90,,°C,,,,,,,hours=4-6,Printed Part Recommendations,Drying Recommendations: 90°C for 4-6 Hours,P1169,confirms,90°C,high,reader-r1-02,held profile has Drying hours Not published; page prints 4-6 Hours
X-ECOMAX-wearx-tds-FW-PA6-Copolymer-v1-0,1,identity,polymer,G049-09,WearX™ Wear Resistant PA6 Copolymer,title,WearX™ Wear Resistant PA6 Copolymer 3D Filament,,,,,,,,,,,,Technical Data Sheet: WearX™ Wear Resistant PA6 Copolymer 3D Filament,,new,,high,reader-r1-02,
X-FLUORX-PVDF-TDS-v3,1,value,Density,G096-01,FluorX™ PVDF,Density,1.71 g/cc,1.71,,g/cc,=,,printed,,,ISO 1183,,Physical Properties,Density ISO 1183 g/cc 1.71 | Physical Properties Standard Unit Typical Value,V001603,confirms,1.71 g/cc,high,reader-r1-02,
X-FLUORX-PVDF-TDS-v3,1,value,Tensile break strength,G096-01,FluorX™ PVDF,"Tensile Strength, Break",51 MPa,51,,MPa,=,XY Flat,printed,,,ISO 527,,Mechanical Properties,"Tensile Strength, Break ISO 527 MPa 51 | Mechanical Properties Standard Unit Typical Value",V001604,confirms,51 MPa,high,reader-r1-02,
X-FLUORX-PVDF-TDS-v3,1,value,Tensile modulus,G096-01,FluorX™ PVDF,Tensile Modulus,2450 MPa,2450,,MPa,=,XY Flat,printed,,,ISO 527,,Mechanical Properties,Tensile Modulus ISO 527 MPa 2450 | Mechanical Properties Standard Unit Typical Value,V001605,confirms,2450 MPa,high,reader-r1-02,
X-FLUORX-PVDF-TDS-v3,1,value,Elongation at break,G096-01,FluorX™ PVDF,"Tensile Elongation, Break",25 %,25,,%,=,XY Flat,printed,,,ISO 527,,Mechanical Properties,"Tensile Elongation, Break ISO 527 % 25 | Mechanical Properties Standard Unit Typical Value",V001606,confirms,25 %,high,reader-r1-02,
X-FLUORX-PVDF-TDS-v3,1,value,Flexural strength,G096-01,FluorX™ PVDF,Flexural Strength,50 MPa,50,,MPa,=,XY Flat,printed,,,ISO 178,,Mechanical Properties,Flexural Strength ISO 178 MPa 50 | Mechanical Properties Standard Unit Typical Value,V001607,confirms,50 MPa,high,reader-r1-02,
X-FLUORX-PVDF-TDS-v3,1,value,Flexural modulus,G096-01,FluorX™ PVDF,Flexural Modulus,1800 MPa,1800,,MPa,=,XY Flat,printed,,,ISO 178,,Mechanical Properties,Flexural Modulus ISO 178 MPa 1800 | Mechanical Properties Standard Unit Typical Value,V001608,confirms,1800 MPa,high,reader-r1-02,
X-FLUORX-PVDF-TDS-v3,1,value,Melting temperature,G096-01,FluorX™ PVDF,Melting Point,170 °C,170,,°C,=,,printed,,,ISO 11357,,Thermal Properties,Melting Point ISO 11357 °C 170 | Thermal Properties Standard Unit Typical Value,V001609,confirms,170 °C,high,reader-r1-02,
X-FLUORX-PVDF-TDS-v3,1,value,HDT,G096-01,FluorX™ PVDF,Deflection Temperature at 0.45 MPa (66psi),158 °C,158,,°C,=,,printed,,,ISO 75,load=0.45 MPa (66psi),Thermal Properties,Deflection Temperature at 0.45 MPa (66psi) ISO 75 °C 158 | Thermal Properties Standard Unit Typical Value,V001610,confirms,158 °C,high,reader-r1-02,
X-FLUORX-PVDF-TDS-v3,1,value,unmapped:Flamability Rating (*Base Resin),G096-01,FluorX™ PVDF,Flamability Rating (*Base Resin),V-0 @1.5mm,,,,,,,,,UL 94,,Fire Testing*,Flamability Rating (*Base Resin) UL 94 - V-0 @1.5mm | Fire Testing* Standard Unit Typical Value,,new,,high,reader-r1-02,"rating is for the base resin (asterisk in heading and label); unit column prints ""-""; thickness 1.5mm printed in value cell"
X-FLUORX-PVDF-TDS-v3,1,context,all,G096-01,FluorX™ PVDF,,Printed Specimen Conditions,,,,,XY Flat,printed,,,,"Printer=Open Source FDM/FFF; Nozzle=0.4mm; Layer Height=0.25mm; Infill=100%, +/- 45°; Extrusion Temp=255-275°C; Bed Temp=70-110 °C; Specimen Orientation=XY Flat",Printed Specimen Conditions,"Printed Specimen Conditions | Printer: Open Source FDM/FFF | Nozzle: 0.4mm | Layer Height: 0.25mm | Infill: 100%, +/- 45° | Extrusion Temp: 255-275°C | Bed Temp: 70-110 °C | Specimen Orientation: XY Flat",,new,,high,reader-r1-02,heading and conditions apply to every value in the tables above
X-FLUORX-PVDF-TDS-v3,1,setting,other,G096-01,FluorX™ PVDF,Printer,Open Source FDM/FFF,,,,,,,,,,,Printed Specimen Conditions,Printer: Open Source FDM/FFF,P0122,new,,high,reader-r1-02,"printed-specimen condition, not a print recommendation"
X-FLUORX-PVDF-TDS-v3,1,setting,nozzle_diameter,G096-01,FluorX™ PVDF,Nozzle,0.4mm,0.4,,mm,,,,,,,,Printed Specimen Conditions,Nozzle: 0.4mm,P0122,new,,high,reader-r1-02,"printed-specimen condition, not a print recommendation"
X-FLUORX-PVDF-TDS-v3,1,setting,other,G096-01,FluorX™ PVDF,Layer Height,0.25mm,0.25,,mm,,,,,,,,Printed Specimen Conditions,Layer Height: 0.25mm,P0122,new,,high,reader-r1-02,"printed-specimen condition, not a print recommendation"
X-FLUORX-PVDF-TDS-v3,1,setting,other,G096-01,FluorX™ PVDF,Infill,"100%, +/- 45°",100,,%,,,,,,,,Printed Specimen Conditions,"Infill: 100%, +/- 45°",P0122,new,,high,reader-r1-02,"printed-specimen condition, not a print recommendation"
X-FLUORX-PVDF-TDS-v3,1,setting,nozzle,G096-01,FluorX™ PVDF,Extrusion Temp,255-275°C,255,275,°C,,,,,,,,Printed Specimen Conditions,Extrusion Temp: 255-275°C,P0122,new,,high,reader-r1-02,"printed-specimen condition, not a print recommendation"
X-FLUORX-PVDF-TDS-v3,1,setting,bed,G096-01,FluorX™ PVDF,Bed Temp,70-110 °C,70,110,°C,,,,,,,,Printed Specimen Conditions,Bed Temp: 70-110 °C,P0122,new,,high,reader-r1-02,"printed-specimen condition, not a print recommendation"
X-FLUORX-PVDF-TDS-v3,1,setting,other,G096-01,FluorX™ PVDF,Specimen Orientation,XY Flat,,,,,,,,,,,Printed Specimen Conditions,Specimen Orientation: XY Flat,P0122,new,,high,reader-r1-02,"printed-specimen condition, not a print recommendation"
X-FLUORX-PVDF-TDS-v3,1,identity,grade,G096-01,FluorX™ PVDF,FluorX™ PVDF 3D Printing Filament,FluorX™ PVDF 3D Printing Filament,,,,,,,,,,,,FluorX™ PVDF 3D Printing Filament,,new,,high,reader-r1-02,
X-Hyperlite-PP-TDS-v1,1,value,Density,G103-01,HyperLite™ PP,Density,0.81 g/cc,0.81,,g/cc,=,,printed,,,ISO 1183,,Physical Properties,Density ISO 1183 g/cc 0.81 | Physical Properties Standard Unit Typical Value,V002226,confirms,0.81 g/cc,high,reader-r1-02,
X-Hyperlite-PP-TDS-v1,1,value,Tensile break strength,G103-01,HyperLite™ PP,"Tensile Strength, Break",38 MPa,38,,MPa,=,XY Flat,printed,,,ISO 527,,Mechanical Properties,"Tensile Strength, Break ISO 527 MPa 38 | Mechanical Properties Standard Unit Typical Value",V002227,confirms,38 MPa,high,reader-r1-02,
X-Hyperlite-PP-TDS-v1,1,value,Tensile modulus,G103-01,HyperLite™ PP,Tensile Modulus,1650 MPa,1650,,MPa,=,XY Flat,printed,,,ISO 527,,Mechanical Properties,Tensile Modulus ISO 527 MPa 1650 | Mechanical Properties Standard Unit Typical Value,V002228,confirms,1650 MPa,high,reader-r1-02,
X-Hyperlite-PP-TDS-v1,1,value,Elongation at break,G103-01,HyperLite™ PP,"Tensile Elongation, Break",13 %,13,,%,=,XY Flat,printed,,,ISO 527,,Mechanical Properties,"Tensile Elongation, Break ISO 527 % 13 | Mechanical Properties Standard Unit Typical Value",V002229,confirms,13 %,high,reader-r1-02,
X-Hyperlite-PP-TDS-v1,1,value,Flexural strength,G103-01,HyperLite™ PP,Flexural Strength,41 MPa,41,,MPa,=,XY Flat,printed,,,ISO 178,,Mechanical Properties,Flexural Strength ISO 178 MPa 41 | Mechanical Properties Standard Unit Typical Value,V002230,confirms,41 MPa,high,reader-r1-02,
X-Hyperlite-PP-TDS-v1,1,value,Flexural modulus,G103-01,HyperLite™ PP,Flexural Modulus,1532 MPa,1532,,MPa,=,XY Flat,printed,,,ISO 178,,Mechanical Properties,Flexural Modulus ISO 178 MPa 1532 | Mechanical Properties Standard Unit Typical Value,V002231,confirms,1532 MPa,high,reader-r1-02,
X-Hyperlite-PP-TDS-v1,1,value,HDT,G103-01,HyperLite™ PP,Deflection Temperature at 0.45 MPa (66psi),94 °C,94,,°C,=,,printed,,,ISO 75,load=0.45 MPa (66psi),Thermal Properties,Deflection Temperature at 0.45 MPa (66psi) ISO 75 °C 94 | Thermal Properties Standard Unit Typical Value,V002232,confirms,94 °C,high,reader-r1-02,
X-Hyperlite-PP-TDS-v1,1,value,Surface resistivity,G103-01,HyperLite™ PP,Surface Resistance,>10^13 Ohm/sq,,,Ohm/sq,>,,printed,,,ASTM D257,,Electrical Property,Surface Resistance ASTM D257 Ohm/sq >10 13 | Electrical Property Standard Unit Typical Value,,new,,high,reader-r1-02,"printed as >10 superscript 13; exponent not entered as number; label Surface Resistance; sheet names no grade, two products (G082-01, G103-01) are filed to it"
X-Hyperlite-PP-TDS-v1,1,context,all,G103-01,HyperLite™ PP,,Printed Specimen Conditions,,,,,XY Flat,printed,,,,"Printer=Open Source FDM/FFF; Nozzle=0.4mm; Layer Height=0.25mm; Infill=100%, +/- 45°; Extrusion Temp=235°C; Bed Temp=60°C; Specimen Orientation=XY Flat",Printed Specimen Conditions,"Printed Specimen Conditions | Printer: Open Source FDM/FFF | Nozzle: 0.4mm | Layer Height: 0.25mm | Infill: 100%, +/- 45° | Extrusion Temp: 235°C | Bed Temp: 60°C | Specimen Orientation: XY Flat",,new,,high,reader-r1-02,heading and conditions apply to every value in the tables above
X-Hyperlite-PP-TDS-v1,1,setting,other,G103-01,HyperLite™ PP,Printer,Open Source FDM/FFF,,,,,,,,,,,Printed Specimen Conditions,Printer: Open Source FDM/FFF,P0172,new,,high,reader-r1-02,"printed-specimen condition, not a print recommendation"
X-Hyperlite-PP-TDS-v1,1,setting,nozzle_diameter,G103-01,HyperLite™ PP,Nozzle,0.4mm,0.4,,mm,,,,,,,,Printed Specimen Conditions,Nozzle: 0.4mm,P0172,new,,high,reader-r1-02,"printed-specimen condition, not a print recommendation"
X-Hyperlite-PP-TDS-v1,1,setting,other,G103-01,HyperLite™ PP,Layer Height,0.25mm,0.25,,mm,,,,,,,,Printed Specimen Conditions,Layer Height: 0.25mm,P0172,new,,high,reader-r1-02,"printed-specimen condition, not a print recommendation"
X-Hyperlite-PP-TDS-v1,1,setting,other,G103-01,HyperLite™ PP,Infill,"100%, +/- 45°",100,,%,,,,,,,,Printed Specimen Conditions,"Infill: 100%, +/- 45°",P0172,new,,high,reader-r1-02,"printed-specimen condition, not a print recommendation"
X-Hyperlite-PP-TDS-v1,1,setting,nozzle,G103-01,HyperLite™ PP,Extrusion Temp,235°C,235,,°C,,,,,,,,Printed Specimen Conditions,Extrusion Temp: 235°C,P0172,new,,high,reader-r1-02,"printed-specimen condition, not a print recommendation"
X-Hyperlite-PP-TDS-v1,1,setting,bed,G103-01,HyperLite™ PP,Bed Temp,60°C,60,,°C,,,,,,,,Printed Specimen Conditions,Bed Temp: 60°C,P0172,new,,high,reader-r1-02,"printed-specimen condition, not a print recommendation"
X-Hyperlite-PP-TDS-v1,1,setting,other,G103-01,HyperLite™ PP,Specimen Orientation,XY Flat,,,,,,,,,,,Printed Specimen Conditions,Specimen Orientation: XY Flat,P0172,new,,high,reader-r1-02,"printed-specimen condition, not a print recommendation"
X-Hyperlite-PP-TDS-v1,1,identity,grade,G103-01,HyperLite™ PP,HyperLite™ PP 3D Printing Filament,HyperLite™ PP 3D Printing Filament,,,,,,,,,,,,HyperLite™ PP 3D Printing Filament,,new,,high,reader-r1-02,
X-Hyperlite-PP-TDS-v1,1,value,Density,G082-01,HyperLite™ PP,Density,0.81 g/cc,0.81,,g/cc,=,,printed,,,ISO 1183,,Physical Properties,Density ISO 1183 g/cc 0.81 | Physical Properties Standard Unit Typical Value,V001490,confirms,0.81 g/cc,high,reader-r1-02,
X-Hyperlite-PP-TDS-v1,1,value,Tensile break strength,G082-01,HyperLite™ PP,"Tensile Strength, Break",38 MPa,38,,MPa,=,XY Flat,printed,,,ISO 527,,Mechanical Properties,"Tensile Strength, Break ISO 527 MPa 38 | Mechanical Properties Standard Unit Typical Value",V001491,confirms,38 MPa,high,reader-r1-02,
X-Hyperlite-PP-TDS-v1,1,value,Tensile modulus,G082-01,HyperLite™ PP,Tensile Modulus,1650 MPa,1650,,MPa,=,XY Flat,printed,,,ISO 527,,Mechanical Properties,Tensile Modulus ISO 527 MPa 1650 | Mechanical Properties Standard Unit Typical Value,V001492,confirms,1650 MPa,high,reader-r1-02,
X-Hyperlite-PP-TDS-v1,1,value,Elongation at break,G082-01,HyperLite™ PP,"Tensile Elongation, Break",13 %,13,,%,=,XY Flat,printed,,,ISO 527,,Mechanical Properties,"Tensile Elongation, Break ISO 527 % 13 | Mechanical Properties Standard Unit Typical Value",V001493,confirms,13 %,high,reader-r1-02,
X-Hyperlite-PP-TDS-v1,1,value,Flexural strength,G082-01,HyperLite™ PP,Flexural Strength,41 MPa,41,,MPa,=,XY Flat,printed,,,ISO 178,,Mechanical Properties,Flexural Strength ISO 178 MPa 41 | Mechanical Properties Standard Unit Typical Value,V001494,confirms,41 MPa,high,reader-r1-02,
X-Hyperlite-PP-TDS-v1,1,value,Flexural modulus,G082-01,HyperLite™ PP,Flexural Modulus,1532 MPa,1532,,MPa,=,XY Flat,printed,,,ISO 178,,Mechanical Properties,Flexural Modulus ISO 178 MPa 1532 | Mechanical Properties Standard Unit Typical Value,V001495,confirms,1532 MPa,high,reader-r1-02,
X-Hyperlite-PP-TDS-v1,1,value,HDT,G082-01,HyperLite™ PP,Deflection Temperature at 0.45 MPa (66psi),94 °C,94,,°C,=,,printed,,,ISO 75,load=0.45 MPa (66psi),Thermal Properties,Deflection Temperature at 0.45 MPa (66psi) ISO 75 °C 94 | Thermal Properties Standard Unit Typical Value,V001496,confirms,94 °C,high,reader-r1-02,
X-MAXG-PCTG-TDS-v1-0,1,value,Density,G088-01,MAX-G™ PCTG,Density,1.23 g/cc,1.23,,g/cc,=,,printed,,,ISO 1183,,Physical Properties,Density ISO 1183 g/cc 1.23 | Physical Properties Standard Unit Typical Value,V001523,confirms,1.23 g/cc,high,reader-r1-02,
X-MAXG-PCTG-TDS-v1-0,1,value,Tensile break strength,G088-01,MAX-G™ PCTG,"Tensile Strength, Break",45 MPa,45,,MPa,=,XY Flat,printed,,,ISO 527,,Mechanical Properties,"Tensile Strength, Break ISO 527 MPa 45 | Mechanical Properties Standard Unit Typical Value",V001524,confirms,45 MPa,high,reader-r1-02,
X-MAXG-PCTG-TDS-v1-0,1,value,Tensile modulus,G088-01,MAX-G™ PCTG,Tensile Modulus,1755 MPa,1755,,MPa,=,XY Flat,printed,,,ISO 527,,Mechanical Properties,Tensile Modulus ISO 527 MPa 1755 | Mechanical Properties Standard Unit Typical Value,V001525,confirms,1755 MPa,high,reader-r1-02,
X-MAXG-PCTG-TDS-v1-0,1,value,Elongation at break,G088-01,MAX-G™ PCTG,"Tensile Elongation, Break",24 %,24,,%,=,XY Flat,printed,,,ISO 527,,Mechanical Properties,"Tensile Elongation, Break ISO 527 % 24 | Mechanical Properties Standard Unit Typical Value",V001526,confirms,24 %,high,reader-r1-02,
X-MAXG-PCTG-TDS-v1-0,1,value,Flexural strength,G088-01,MAX-G™ PCTG,Flexural Strength,72 MPa,72,,MPa,=,XY Flat,printed,,,ISO 178,,Mechanical Properties,Flexural Strength ISO 178 MPa 72 | Mechanical Properties Standard Unit Typical Value,V001527,confirms,72 MPa,high,reader-r1-02,
X-MAXG-PCTG-TDS-v1-0,1,value,Flexural modulus,G088-01,MAX-G™ PCTG,Flexural Modulus,1600 MPa,1600,,MPa,=,XY Flat,printed,,,ISO 178,,Mechanical Properties,Flexural Modulus ISO 178 MPa 1600 | Mechanical Properties Standard Unit Typical Value,V001528,confirms,1600 MPa,high,reader-r1-02,
X-MAXG-PCTG-TDS-v1-0,1,value,Izod impact strength,G088-01,MAX-G™ PCTG,Izod Impact Stregth,8 kJ/m²,8,,kJ/m²,=,XY Flat,printed,,,ISO 180/A,,Mechanical Properties,Izod Impact Stregth ISO 180/A kJ/M 2 8 | Mechanical Properties Standard Unit Typical Value,V001529,confirms,8 kJ/m2,high,reader-r1-02,"label misspelled ""Stregth"" on sheet; unit printed kJ/M with superscript 2"
X-MAXG-PCTG-TDS-v1-0,1,value,Glass transition temperature,G088-01,MAX-G™ PCTG,Glass Transition Temperature (Tg),78 °C,78,,°C,=,,printed,,,DSC,,Thermal Properties,Glass Transition Temperature (Tg) DSC °C 78 | Thermal Properties Standard Unit Typical Value,V001530,confirms,78 °C,high,reader-r1-02,
X-MAXG-PCTG-TDS-v1-0,1,value,HDT,G088-01,MAX-G™ PCTG,Deflection Temperature at 0.45 MPa (66psi),76 °C,76,,°C,=,,printed,,,ISO 75,load=0.45 MPa (66psi),Thermal Properties,Deflection Temperature at 0.45 MPa (66psi) ISO 75 °C 76 | Thermal Properties Standard Unit Typical Value,V001531,confirms,76 °C,high,reader-r1-02,
X-MAXG-PCTG-TDS-v1-0,1,value,Surface resistivity,G088-01,MAX-G™ PCTG,Surface Resistance,>10^13 Ohm/sq,,,Ohm/sq,>,,printed,,,ASTM D257,,Electrical Property,Surface Resistance ASTM D257 Ohm/sq >10 13 | Electrical Property Standard Unit Typical Value,,new,,high,reader-r1-02,printed as >10 superscript 13; exponent not entered as number; label Surface Resistance
X-MAXG-PCTG-TDS-v1-0,1,context,all,G088-01,MAX-G™ PCTG,,Printed Specimen Conditions,,,,,XY Flat,printed,,,,"Printer=Open Source FDM/FFF; Nozzle=0.4mm; Layer Height=0.25mm; Infill=100%, +/- 45°; Extrusion Temp=275°C; Bed Temp=90°C; Specimen Orientation=XY Flat",Printed Specimen Conditions,"Printed Specimen Conditions | Printer: Open Source FDM/FFF | Nozzle: 0.4mm | Layer Height: 0.25mm | Infill: 100%, +/- 45° | Extrusion Temp: 275°C | Bed Temp: 90°C | Specimen Orientation: XY Flat",,new,,high,reader-r1-02,heading and conditions apply to every value in the tables above
X-MAXG-PCTG-TDS-v1-0,1,setting,other,G088-01,MAX-G™ PCTG,Printer,Open Source FDM/FFF,,,,,,,,,,,Printed Specimen Conditions,Printer: Open Source FDM/FFF,P0110,new,,high,reader-r1-02,"printed-specimen condition, not a print recommendation"
X-MAXG-PCTG-TDS-v1-0,1,setting,nozzle_diameter,G088-01,MAX-G™ PCTG,Nozzle,0.4mm,0.4,,mm,,,,,,,,Printed Specimen Conditions,Nozzle: 0.4mm,P0110,new,,high,reader-r1-02,"printed-specimen condition, not a print recommendation"
X-MAXG-PCTG-TDS-v1-0,1,setting,other,G088-01,MAX-G™ PCTG,Layer Height,0.25mm,0.25,,mm,,,,,,,,Printed Specimen Conditions,Layer Height: 0.25mm,P0110,new,,high,reader-r1-02,"printed-specimen condition, not a print recommendation"
X-MAXG-PCTG-TDS-v1-0,1,setting,other,G088-01,MAX-G™ PCTG,Infill,"100%, +/- 45°",100,,%,,,,,,,,Printed Specimen Conditions,"Infill: 100%, +/- 45°",P0110,new,,high,reader-r1-02,"printed-specimen condition, not a print recommendation"
X-MAXG-PCTG-TDS-v1-0,1,setting,nozzle,G088-01,MAX-G™ PCTG,Extrusion Temp,275°C,275,,°C,,,,,,,,Printed Specimen Conditions,Extrusion Temp: 275°C,P0110,new,,high,reader-r1-02,"printed-specimen condition, not a print recommendation"
X-MAXG-PCTG-TDS-v1-0,1,setting,bed,G088-01,MAX-G™ PCTG,Bed Temp,90°C,90,,°C,,,,,,,,Printed Specimen Conditions,Bed Temp: 90°C,P0110,new,,high,reader-r1-02,"printed-specimen condition, not a print recommendation"
X-MAXG-PCTG-TDS-v1-0,1,setting,other,G088-01,MAX-G™ PCTG,Specimen Orientation,XY Flat,,,,,,,,,,,Printed Specimen Conditions,Specimen Orientation: XY Flat,P0110,new,,high,reader-r1-02,"printed-specimen condition, not a print recommendation"
X-MAXG-PCTG-TDS-v1-0,1,identity,grade,G088-01,MAX-G™ PCTG,MAX-G™ PCTG 3D Printing Filament,MAX-G™ PCTG 3D Printing Filament,,,,,,,,,,,,MAX-G™ PCTG 3D Printing Filament,,new,,high,reader-r1-02,
R-3DJAKE-SILK-TDS-4,1,context,all,G008-33,PLA Silk,Property of 3D printed specimens,Property of 3D printed specimens,,,,,,printed,,,,,Properties,Property of 3D printed specimens Test condition PLA Silk,,new,,high,reader-r1-02,column heading of the properties table
R-3DJAKE-SILK-TDS-4,1,value,Tensile modulus,G008-33,PLA Silk,Tensile modulus [MPa],"3,3 MPa",3.3,,MPa,=,,printed,,,,rate=1 mm/min,Properties,"Tensile modulus [MPa] 1 mm/min 3,3 | Property of 3D printed specimens Test condition PLA Silk",,new,,high,reader-r1-02,"value 3,3 under unit [MPa] as printed; flexural modulus is 2,8 GPa, so unit looks wrong on the sheet"
R-3DJAKE-SILK-TDS-4,1,value,Tensile strength (endpoint unspecified),G008-33,PLA Silk,Tensile strength [MPa],"59,0 MPa",59.0,,MPa,=,,printed,,,,rate=50 mm/min,Properties,"Tensile strength [MPa] 50 mm/min 59,0 | Property of 3D printed specimens Test condition PLA Silk",,new,,high,reader-r1-02,
R-3DJAKE-SILK-TDS-4,1,value,Elongation at break,G008-33,PLA Silk,Strain at break (Tensile) [%],"4,2 %",4.2,,%,=,,printed,,,,rate=50 mm/min,Properties,"Strain at break (Tensile) [%] 50 mm/min 4,2 | Property of 3D printed specimens Test condition PLA Silk",,new,,high,reader-r1-02,
R-3DJAKE-SILK-TDS-4,1,value,Tensile strain at strength,G008-33,PLA Silk,Strain at tensile strength [%],"3,8 %",3.8,,%,=,,printed,,,,rate=50 mm/min,Properties,"Strain at tensile strength [%] 50 mm/min 3,8 | Property of 3D printed specimens Test condition PLA Silk",,new,,high,reader-r1-02,
R-3DJAKE-SILK-TDS-4,1,value,Flexural modulus,G008-33,PLA Silk,Flexural modulus [GPa],"2,8 GPa",2.8,,GPa,=,,printed,,,,rate=2 mm/min,Properties,"Flexural modulus [GPa] 2 mm/min 2,8 | Property of 3D printed specimens Test condition PLA Silk",,new,,high,reader-r1-02,
R-3DJAKE-SILK-TDS-4,1,value,Flexural strength,G008-33,PLA Silk,Flexural strength [MPa],"73,6 MPa",73.6,,MPa,=,,printed,,,,rate=2 mm/min,Properties,"Flexural strength [MPa] 2 mm/min 73,6 | Property of 3D printed specimens Test condition PLA Silk",,new,,high,reader-r1-02,
R-3DJAKE-SILK-TDS-4,1,value,unmapped:Flexural strain at flexural strength,G008-33,PLA Silk,Flexural strain at flexural strength [%],"3,3 %",3.3,,%,=,,printed,,,,rate=2 mm/min,Properties,"Flexural strain at flexural strength [%] 2 mm/min 3,3 | Property of 3D printed specimens Test condition PLA Silk",,new,,high,reader-r1-02,
R-3DJAKE-SILK-TDS-4,1,value,Flexural elongation at break,G008-33,PLA Silk,Strain at break (Flexural) [%],"3,3 %",3.3,,%,=,,printed,,,,rate=2 mm/min,Properties,"Strain at break (Flexural) [%] 2 mm/min 3,3 | Property of 3D printed specimens Test condition PLA Silk",,new,,high,reader-r1-02,
R-3DJAKE-SILK-TDS-4,1,value,Charpy strength,G008-33,PLA Silk,Charpy unnotched [kJ/m2],"10,4 kJ/m²",10.4,,kJ/m²,=,,printed,,,,temp=23 °C; notch=unnotched,Properties,"Charpy unnotched [kJ/m ] 23 °C 10,4 | Property of 3D printed specimens Test condition PLA Silk",,new,,high,reader-r1-02,superscript 2 on m
R-3DJAKE-SILK-TDS-4,1,setting,other,G008-33,PLA Silk,3D printer,Creality Ender 3,,,,,,,,,,,Test specimens print settings,3D printer: Creality Ender 3,,new,,high,reader-r1-02,"specimen print setting, not a recommendation"
R-3DJAKE-SILK-TDS-4,1,setting,other,G008-33,PLA Silk,Slicer,Cura,,,,,,,,,,,Test specimens print settings,Slicer: Cura,,new,,high,reader-r1-02,"specimen print setting, not a recommendation"
R-3DJAKE-SILK-TDS-4,1,setting,nozzle_diameter,G008-33,PLA Silk,Nozzle,"0,4 mm",0.4,,mm,,,,,,,,Test specimens print settings,"Nozzle: 0,4 mm",,new,,high,reader-r1-02,"specimen print setting, not a recommendation"
R-3DJAKE-SILK-TDS-4,1,setting,other,G008-33,PLA Silk,Infill,20 %,20,,%,,,,,,,,Test specimens print settings,Infill: 20 %,,new,,high,reader-r1-02,"specimen print setting, not a recommendation"
R-3DJAKE-SILK-TDS-4,1,setting,other,G008-33,PLA Silk,Shells,2,2,,,,,,,,,,Test specimens print settings,Shells: 2,,new,,high,reader-r1-02,"specimen print setting, not a recommendation"
R-3DJAKE-SILK-TDS-4,1,setting,other,G008-33,PLA Silk,Layer height,"0,2 mm",0.2,,mm,,,,,,,,Test specimens print settings,"Layer height: 0,2 mm",,new,,high,reader-r1-02,"specimen print setting, not a recommendation"
R-3DJAKE-SILK-TDS-4,1,setting,nozzle,G008-33,PLA Silk,Nozzle temperature,230 °C,230,,°C,,,,,,,,Test specimens print settings,Nozzle temperature: 230 °C,,new,,high,reader-r1-02,"specimen print setting, not a recommendation"
R-3DJAKE-SILK-TDS-4,1,setting,bed,G008-33,PLA Silk,Bed temperature,55 °C,55,,°C,,,,,,,,Test specimens print settings,Bed temperature: 55 °C,,new,,high,reader-r1-02,"specimen print setting, not a recommendation"
R-3DJAKE-SILK-TDS-4,1,setting,print_speed,G008-33,PLA Silk,Print speed,50 mm/s,50,,mm/s,,,,,,,,Test specimens print settings,Print speed: 50 mm/s,,new,,high,reader-r1-02,"specimen print setting, not a recommendation"
R-3DJAKE-SILK-TDS-4,1,setting,nozzle,G008-33,PLA Silk,Nozzle temperature,210 – 240°C,210,240,°C,,,,,,,,Printing Recommendations,Nozzle temperature: 210 – 240°C,P1229,confirms,210 – 240°C,high,reader-r1-02,
R-3DJAKE-SILK-TDS-4,1,setting,bed,G008-33,PLA Silk,Heated bed,Not required (recommended 70-80 °C),70,80,°C,,,,,,,,Printing Recommendations,Heated bed: Not required (recommended 70-80 °C),P1229,confirms,Not required (recommended 70-80 °C),high,reader-r1-02,
R-3DJAKE-SILK-TDS-4,1,setting,print_speed,G008-33,PLA Silk,Print speed,50 – 100 mm/s,50,100,mm/s,,,,,,,,Printing Recommendations,Print speed: 50 – 100 mm/s,,new,,high,reader-r1-02,
R-3DJAKE-SILK-TDS-4,1,setting,plate,G008-33,PLA Silk,Build platform,"Blue tape, Kapton tape, Glass bed",,,,,,,,,,,Printing Recommendations,"Build platform: Blue tape, Kapton tape, Glass bed",,new,,high,reader-r1-02,
R-3DJAKE-SILK-TDS-4,1,identity,polymer,G008-33,PLA Silk,Polylactide,Polylactide,,,,,,,,,,,,SILK TDS Polylactide,,new,,high,reader-r1-02,
R-3DJAKE-SILK-TDS-4,1,identity,grade,G008-33,PLA Silk,Product Description,AzureFilm PLA Silk (Polylactide),,,,,,,,,,,,AzureFilm PLA Silk (Polylactide) is a filament with good mechanical properties and excellent,,new,,high,reader-r1-02,
XP-3dxstat-esd-pc-1,1,setting,nozzle,G116-01,3DXSTAT™ ESD-PC,Extruder Temp,260-300C,260,300,°C,,,,,,,,Print Recommendations,Extruder Temp | 260-300C,,new,,high,reader-r1-02,unit printed as C
XP-3dxstat-esd-pc-1,1,setting,bed,G116-01,3DXSTAT™ ESD-PC,Bed Temp,110-120C,110,120,°C,,,,,,,,Print Recommendations,Bed Temp | 110-120C,,new,,high,reader-r1-02,unit printed as C
XP-3dxstat-esd-pc-1,1,setting,chamber,G116-01,3DXSTAT™ ESD-PC,Heated Chamber,Recommended,,,,,,,,,,,Print Recommendations,Heated Chamber | Recommended,,new,,high,reader-r1-02,
XP-3dxstat-esd-pc-1,1,setting,nozzle_diameter,G116-01,3DXSTAT™ ESD-PC,Nozzle Specs,No special concerns,,,,,,,,,,,Print Recommendations,Nozzle Specs | No special concerns,,new,,high,reader-r1-02,
XP-3dxstat-esd-pc-1,1,setting,other,G116-01,3DXSTAT™ ESD-PC,Layer Height,No special concerns,,,,,,,,,,,Print Recommendations,Layer Height | No special concerns,,new,,high,reader-r1-02,
XP-3dxstat-esd-pc-1,1,setting,drying,G116-01,3DXSTAT™ ESD-PC,Drying Specs,120C for 4 hours,120,,°C,,,,,,,hours=4,Print Recommendations,Drying Specs | 120C for 4 hours,,new,,high,reader-r1-02,unit printed as C
XP-3dxstat-esd-pc-1,1,value,Glass transition temperature,G116-01,3DXSTAT™ ESD-PC,High thermal properties,Tg of 147C,147,,°C,=,,,,,,,Benefits of 3DXSTAT™ ESD-PC,High thermal properties including a Tg of 147C,,new,,high,reader-r1-02,unit printed as C
XP-3dxstat-esd-pc-1,1,setting,nozzle,G116-01,3DXSTAT™ ESD-PC,Wide processing range,265-300C,265,300,°C,,,,,,,,Benefits of 3DXSTAT™ ESD-PC,Wide processing range of 265-300C,,new,,high,reader-r1-02,differs from Print Recommendations Extruder Temp 260-300C on the same page
XP-3dxstat-esd-pc-1,1,value,Surface resistivity,G116-01,3DXSTAT™ ESD-PC,Target surface resistance,10 4 -10 9 Ohm,4,9,Ohm,,,,,,,,3DXSTAT ESD-PC,Target surface resistance of 10 4 -10 9 Ohm.,,new,,medium,reader-r1-02,"exponents of 10 printed as 4 and 9 (superscript lost in text); target range, not a measurement; number fields hold the exponents"
XP-3dxstat-esd-pc-1,1,identity,polymer,G116-01,3DXSTAT™ ESD-PC,3DXSTAT™ ESD-PC,ESD-Safe compound with multi-wall carbon nanotube,,,,,,,,,,,,3DXSTAT ESD PC is an advanced ESD-Safe compound designed for use in critical applications which require electrostatic discharge (ESD) protection.,,new,,high,reader-r1-02,
XP-3dxstat-esd-pc-1,1,identity,filler,G116-01,3DXSTAT™ ESD-PC,multi-wall carbon nanotube,multi-wall carbon nanotube technology,,,,,,,,,,,,Made using cutting-edge multi-wall carbon nanotube technology,,new,,high,reader-r1-02,
XP-3dxstat-esd-pc-1,1,identity,colour,G116-01,3DXSTAT™ ESD-PC,Black,Black,,,,,,,,,,,,Black,,new,,high,reader-r1-02,
XP-3dxstat-esd-pc-1,1,identity,diameter,G116-01,3DXSTAT™ ESD-PC,Variant,1.75mm (sold out or unavailable); 750g,,,,,,,,,,,,1.75mm Variant sold out or unavailable | 750g Variant sold out or unavailable,,new,,high,reader-r1-02,
XP-amidex-e2-84-a2-nylon-12,1,setting,nozzle,G052-01,AMIDEX™ NYLON 12,Extruder Temp,275-300 C,275,300,°C,,,,,,,,Print Recommendations,Extruder Temp | 275-300 C,,new,,high,reader-r1-02,unit printed as C
XP-amidex-e2-84-a2-nylon-12,1,setting,bed,G052-01,AMIDEX™ NYLON 12,Bed Temp,60-100 C,60,100,°C,,,,,,,,Print Recommendations,Bed Temp | 60-100 C,,new,,high,reader-r1-02,unit printed as C
XP-amidex-e2-84-a2-nylon-12,1,setting,chamber,G052-01,AMIDEX™ NYLON 12,Heated Chamber,Not Required,,,,,,,,,,,Print Recommendations,Heated Chamber | Not Required,,new,,high,reader-r1-02,
XP-amidex-e2-84-a2-nylon-12,1,setting,nozzle_diameter,G052-01,AMIDEX™ NYLON 12,Nozzle Specs,No special concerns,,,,,,,,,,,Print Recommendations,Nozzle Specs | No special concerns,,new,,high,reader-r1-02,
XP-amidex-e2-84-a2-nylon-12,1,setting,other,G052-01,AMIDEX™ NYLON 12,Layer Height,No special concerns,,,,,,,,,,,Print Recommendations,Layer Height | No special concerns,,new,,high,reader-r1-02,
XP-amidex-e2-84-a2-nylon-12,1,setting,drying,G052-01,AMIDEX™ NYLON 12,Drying Specs,80C for 4 hours,80,,°C,,,,,,,hours=4,Print Recommendations,Drying Specs | 80C for 4 hours,,new,,high,reader-r1-02,unit printed as C
XP-amidex-e2-84-a2-nylon-12,1,identity,polymer,G052-01,AMIDEX™ NYLON 12,AMIDEX™ Nylon 12,Nylon 12,,,,,,,,,,,,AmideX Nylon 12 was developed for easy printing while offering impressive mechanical properties that make it a superior solution to complex problems.,,new,,high,reader-r1-02,
XP-amidex-e2-84-a2-nylon-12,1,identity,filler,G052-01,AMIDEX™ NYLON 12,without fillers,without fillers,,,,,,,,,,,,Excellent printability and dimensional stability without fillers,,new,,high,reader-r1-02,
XP-amidex-e2-84-a2-nylon-12,1,identity,colour,G052-01,AMIDEX™ NYLON 12,Black,Black,,,,,,,,,,,,Black,,new,,high,reader-r1-02,
XP-amidex-e2-84-a2-nylon-12,1,identity,diameter,G052-01,AMIDEX™ NYLON 12,Variant,1.75mm (sold out or unavailable); 750g,,,,,,,,,,,,1.75mm Variant sold out or unavailable | 750g Variant sold out or unavailable,,new,,high,reader-r1-02,
XP-carbonx-pla-cf-1,1,setting,nozzle,G018-04,CARBONX™ PLA+CF,Extruder Temp,190-220 C,190,220,°C,,,,,,,,Print Recommendations,Extruder Temp | 190-220 C,,new,,high,reader-r1-02,unit printed as C
XP-carbonx-pla-cf-1,1,setting,bed,G018-04,CARBONX™ PLA+CF,Bed Temp,23-60 C,23,60,°C,,,,,,,,Print Recommendations,Bed Temp | 23-60 C,,new,,high,reader-r1-02,unit printed as C
XP-carbonx-pla-cf-1,1,setting,chamber,G018-04,CARBONX™ PLA+CF,Heated Chamber,Not Required,,,,,,,,,,,Print Recommendations,Heated Chamber | Not Required,,new,,high,reader-r1-02,
XP-carbonx-pla-cf-1,1,setting,hardened_nozzle,G018-04,CARBONX™ PLA+CF,Nozzle Specs,Hardened Steel with .4mm diameter minimum,,,,,,,,,,,Print Recommendations,Nozzle Specs | Hardened Steel with .4mm diameter minimum,,new,,high,reader-r1-02,also gives nozzle diameter minimum .4mm
XP-carbonx-pla-cf-1,1,setting,nozzle_diameter,G018-04,CARBONX™ PLA+CF,Nozzle Specs,Hardened Steel with .4mm diameter minimum,0.4,,mm,>,,,,,,,Print Recommendations,Nozzle Specs | Hardened Steel with .4mm diameter minimum,,new,,high,reader-r1-02,
XP-carbonx-pla-cf-1,1,setting,other,G018-04,CARBONX™ PLA+CF,Layer Height,0.25mm or higher,0.25,,mm,>,,,,,,,Print Recommendations,Layer Height | 0.25mm or higher,,new,,high,reader-r1-02,
XP-carbonx-pla-cf-1,1,setting,drying,G018-04,CARBONX™ PLA+CF,Drying Specs,65C for 4 hours,65,,°C,,,,,,,hours=4,Print Recommendations,Drying Specs | 65C for 4 hours,,new,,high,reader-r1-02,unit printed as C
XP-carbonx-pla-cf-1,1,setting,bed,G018-04,CARBONX™ PLA+CF,Benefits,"Ideal for printing without a heated bed, no enclosure required",,,,,,,,,,,Benefits of CARBONX™ PLA+CF,"Ideal for printing without a heated bed, no enclosure required",,new,,high,reader-r1-02,
XP-carbonx-pla-cf-1,1,setting,hardened_nozzle,G018-04,CARBONX™ PLA+CF,Tips,Strongly recommend this material to be printed through a hardened steel nozzle rather than a softer metal.,,,,,,,,,,,Tips from Our Engineers,Strongly recommend this material to be printed through a hardened steel nozzle rather than a softer metal.,,new,,high,reader-r1-02,
XP-carbonx-pla-cf-1,1,identity,polymer,G018-04,CARBONX™ PLA+CF,CarbonX PLA+CF,"3D printing filament made with NatureWorks biopolymer, reinforced with carbon fiber",,,,,,,,,,,,"CarbonX PLA+CF is a 3D printing filament made with NatureWorks biopolymer, reinforced with carbon fiber.",,new,,high,reader-r1-02,
XP-carbonx-pla-cf-1,1,identity,filler,G018-04,CARBONX™ PLA+CF,carbon fiber,carbon fiber,,,,,,,,,,,,Carbon fiber reinforcement increases stiffness and dimensional stability,,new,,high,reader-r1-02,
XP-carbonx-pla-cf-1,1,identity,colour,G018-04,CARBONX™ PLA+CF,Black,Black,,,,,,,,,,,,Black,,new,,high,reader-r1-02,
XP-carbonx-pla-cf-1,1,identity,diameter,G018-04,CARBONX™ PLA+CF,Variant,2.85mm; 750g; 2kg (all sold out or unavailable),,,,,,,,,,,,2.85mm Variant sold out or unavailable | 750g Variant sold out or unavailable | 2kg Variant sold out or unavailable,,new,,high,reader-r1-02,
XP-fluorx-pvdf-1-2,1,setting,nozzle,G096-01,FLUORX™ PVDF,Extruder Temp,245-265C,245,265,°C,,,,,,,,Print Recommendations,Extruder Temp | 245-265C,,new,,high,reader-r1-02,unit printed as C
XP-fluorx-pvdf-1-2,1,setting,bed,G096-01,FLUORX™ PVDF,Bed Temp,90-110C,90,110,°C,,,,,,,,Print Recommendations,Bed Temp | 90-110C,,new,,high,reader-r1-02,unit printed as C
XP-fluorx-pvdf-1-2,1,setting,chamber,G096-01,FLUORX™ PVDF,Heated Chamber,Recommended,,,,,,,,,,,Print Recommendations,Heated Chamber | Recommended,,new,,high,reader-r1-02,
XP-fluorx-pvdf-1-2,1,setting,nozzle_diameter,G096-01,FLUORX™ PVDF,Nozzle Specs,No special concerns,,,,,,,,,,,Print Recommendations,Nozzle Specs | No special concerns,,new,,high,reader-r1-02,
XP-fluorx-pvdf-1-2,1,setting,other,G096-01,FLUORX™ PVDF,Layer Height,No special concerns,,,,,,,,,,,Print Recommendations,Layer Height | No special concerns,,new,,high,reader-r1-02,
XP-fluorx-pvdf-1-2,1,setting,drying,G096-01,FLUORX™ PVDF,Drying Specs,Not required,,,,,,,,,,,Print Recommendations,Drying Specs | Not required,,new,,high,reader-r1-02,
XP-fluorx-pvdf-1-2,1,value,Continuous service temperature,G096-01,FLUORX™ PVDF,High Thermal Properties,130C CUT,130,,°C,=,,,,,,,Benefits of FLUORX™ PVDF,High Thermal Properties: 130C CUT,,new,,high,reader-r1-02,"CUT as printed; also ""Rated for uses up to 130C""; unit printed as C"
XP-fluorx-pvdf-1-2,1,setting,drying,G096-01,FLUORX™ PVDF,Benefits,"Non-hygroscopic, does not absorb moisture. No drying needed!",,,,,,,,,,,Benefits of FLUORX™ PVDF,"Non-hygroscopic, does not absorb moisture. No drying needed!",,new,,high,reader-r1-02,
XP-fluorx-pvdf-1-2,1,value,unmapped:Flame rating of base resin,G096-01,FLUORX™ PVDF,Low smoke and flame characteristics,base resin rated V-0,,,,,,,,,,,Benefits of FLUORX™ PVDF,Low smoke and flame characteristics with a base resin rated V-0,,new,,high,reader-r1-02,
XP-fluorx-pvdf-1-2,1,identity,polymer,G096-01,FLUORX™ PVDF,FluorX PVDF,PVDF [Polyvinylidene fluoride],,,,,,,,,,,,PVDF [Polyvinylidene fluoride] is a high-performance polymer which offers exceptional thermal and chemical resistances.,,new,,high,reader-r1-02,
XP-fluorx-pvdf-1-2,1,identity,colour,G096-01,FLUORX™ PVDF,Natural,Natural,,,,,,,,,,,,Natural,,new,,high,reader-r1-02,
XP-fluorx-pvdf-1-2,1,identity,diameter,G096-01,FLUORX™ PVDF,Variant,1.75mm; 2.85mm; 750g (all sold out or unavailable),,,,,,,,,,,,1.75mm Variant sold out or unavailable | 2.85mm Variant sold out or unavailable | 750g Variant sold out or unavailable,,new,,high,reader-r1-02,
XP-max-g-pctg-1-2,1,setting,nozzle,G088-01,MAX-G™ PCTG,Extruder Temp,250-270C,250,270,°C,,,,,,,,Print Recommendations,Extruder Temp | 250-270C,,new,,high,reader-r1-02,unit printed as C
XP-max-g-pctg-1-2,1,setting,bed,G088-01,MAX-G™ PCTG,Bed Temp,70-90C,70,90,°C,,,,,,,,Print Recommendations,Bed Temp | 70-90C,,new,,high,reader-r1-02,unit printed as C
XP-max-g-pctg-1-2,1,setting,chamber,G088-01,MAX-G™ PCTG,Heated Chamber,Not required,,,,,,,,,,,Print Recommendations,Heated Chamber | Not required,,new,,high,reader-r1-02,
XP-max-g-pctg-1-2,1,setting,nozzle_diameter,G088-01,MAX-G™ PCTG,Nozzle Specs,No special concerns,,,,,,,,,,,Print Recommendations,Nozzle Specs | No special concerns,,new,,high,reader-r1-02,
XP-max-g-pctg-1-2,1,setting,other,G088-01,MAX-G™ PCTG,Layer Height,No special concerns,,,,,,,,,,,Print Recommendations,Layer Height | No special concerns,,new,,high,reader-r1-02,
XP-max-g-pctg-1-2,1,setting,drying,G088-01,MAX-G™ PCTG,Drying Specs,65C for 4 hours,65,,°C,,,,,,,hours=4,Print Recommendations,Drying Specs | 65C for 4 hours,,new,,high,reader-r1-02,unit printed as C
XP-max-g-pctg-1-2,1,setting,nozzle,G088-01,MAX-G™ PCTG,Wide range of processing,250-270C,250,270,°C,,,,,,,,Benefits of MAX-G™ PCTG,Wide range of processing from 250-270C,,new,,high,reader-r1-02,unit printed as C
XP-max-g-pctg-1-2,1,value,unmapped:Moisture absorption relative to ABS,G088-01,MAX-G™ PCTG,Low moisture absorption,3x lower than ABS,,,,,,,,,,,Benefits of MAX-G™ PCTG,"Low moisture absorption, 3x lower than ABS",,new,,high,reader-r1-02,comparative statement; no absolute value
XP-max-g-pctg-1-2,1,identity,polymer,G088-01,MAX-G™ PCTG,MAX-G PCTG,PCTG polyester,,,,,,,,,,,,MAX-G PCTG is an excellent alternative to the ever-popular PETG. Both PCTG and PETG are polyesters and great printing materials,,new,,high,reader-r1-02,
XP-max-g-pctg-1-2,1,identity,colour,G088-01,MAX-G™ PCTG,Dark Grey,Dark Grey; Black; Natural; White,,,,,,,,,,,,Dark Grey | Black | Dark Grey | Natural | White,,new,,high,reader-r1-02,
XP-max-g-pctg-1-2,1,identity,diameter,G088-01,MAX-G™ PCTG,Variant,1.75mm; 2.85mm; 750g; 2kg; 2.5kg (all sold out or unavailable),,,,,,,,,,,,1.75mm Variant sold out or unavailable | 2.85mm Variant sold out or unavailable | 750g Variant sold out or unavailable | 2kg Variant sold out or unavailable | 2.5kg Variant sold out or unavailable,,new,,high,reader-r1-02,
XP-thermax-ppe-ps-1,1,setting,nozzle,G130-01,THERMAX™ PPE/PS,Extruder Temp,290-320C,290,320,°C,,,,,,,,Print Recommendations,Extruder Temp | 290-320C,,new,,high,reader-r1-02,unit printed as C
XP-thermax-ppe-ps-1,1,setting,bed,G130-01,THERMAX™ PPE/PS,Bed Temp,90-110C,90,110,°C,,,,,,,,Print Recommendations,Bed Temp | 90-110C,,new,,high,reader-r1-02,unit printed as C
XP-thermax-ppe-ps-1,1,setting,chamber,G130-01,THERMAX™ PPE/PS,Heated Chamber,Recommended 50-80C if possible,50,80,°C,,,,,,,,Print Recommendations,Heated Chamber | Recommended 50-80C if possible,,new,,high,reader-r1-02,unit printed as C
XP-thermax-ppe-ps-1,1,setting,nozzle_diameter,G130-01,THERMAX™ PPE/PS,Nozzle Specs,No special concerns,,,,,,,,,,,Print Recommendations,Nozzle Specs | No special concerns,,new,,high,reader-r1-02,
XP-thermax-ppe-ps-1,1,setting,other,G130-01,THERMAX™ PPE/PS,Layer Height,No special concerns,,,,,,,,,,,Print Recommendations,Layer Height | No special concerns,,new,,high,reader-r1-02,
XP-thermax-ppe-ps-1,1,setting,drying,G130-01,THERMAX™ PPE/PS,Drying Specs,80C for 4 hours,80,,°C,,,,,,,hours=4,Print Recommendations,Drying Specs | 80C for 4 hours,,new,,high,reader-r1-02,unit printed as C
XP-thermax-ppe-ps-1,1,value,HDT,G130-01,THERMAX™ PPE/PS,High thermal properties,HDT of 120C,120,,°C,=,,,,,,,Benefits of THERMAX™ PPE/PS,High thermal properties with an HDT of 120C,,new,,high,reader-r1-02,unit printed as C; no standard or load printed
XP-thermax-ppe-ps-1,1,value,unmapped:Flame retardant rating UL94,G130-01,THERMAX™ PPE/PS,Flame retardant,UL94 V-0,,,,,,,,,,,Benefits of THERMAX™ PPE/PS,Flame retardant rated UL94 V-0,,new,,high,reader-r1-02,
XP-thermax-ppe-ps-1,1,value,unmapped:UV resistance rating UL 746C,G130-01,THERMAX™ PPE/PS,UV resistance,F1 per UL 746C,,,,,,,,,,,Benefits of THERMAX™ PPE/PS,"UV resistance making it suitable for outdoor applications, rated F1 per UL 746C",,new,,high,reader-r1-02,
XP-thermax-ppe-ps-1,1,identity,polymer,G130-01,THERMAX™ PPE/PS,ThermaX PPE+PS,polyphenylene ether alloy,,,,,,,,,,,,"ThermaX PPE-PS is a polyphenylene ether alloy which exhibits exceptional thermal, mechanical, and chemical resistance properties.",,new,,high,reader-r1-02,
XP-thermax-ppe-ps-1,1,identity,colour,G130-01,THERMAX™ PPE/PS,Black,Black,,,,,,,,,,,,Black,,new,,high,reader-r1-02,
XP-thermax-ppe-ps-1,1,identity,diameter,G130-01,THERMAX™ PPE/PS,Variant,1.75mm; 750g (sold out or unavailable),,,,,,,,,,,,1.75mm Variant sold out or unavailable | 750g Variant sold out or unavailable,,new,,high,reader-r1-02,
R-3DJAKE-3DJAKE-TDS-PLAx-CF-25-02,1,value,Tensile strength (endpoint unspecified),G018-16,PLAx CF,Tensile strength,45 MPa,45,,MPa,=,FDM H,,,,ISO 527,,Material properties,Tensile strength 45 52 MPa ISO 527 | Properties FDM H Injection Method,V011683,confirms,45 MPa,high,reader-r1-02,
R-3DJAKE-3DJAKE-TDS-PLAx-CF-25-02,1,value,Tensile strength (endpoint unspecified),G018-16,PLAx CF,Tensile strength,52 MPa,52,,MPa,=,,Injection,,,ISO 527,,Material properties,Tensile strength 45 52 MPa ISO 527 | Properties FDM H Injection Method,V011684,confirms,52 MPa,high,reader-r1-02,
R-3DJAKE-3DJAKE-TDS-PLAx-CF-25-02,1,value,Elongation at break,G018-16,PLAx CF,Elongation at break,7 %,7,,%,=,FDM H,,,,ISO 527,,Material properties,Elongation at break 7 8 % ISO 527 | Properties FDM H Injection Method,V011685,confirms,7 %,high,reader-r1-02,
R-3DJAKE-3DJAKE-TDS-PLAx-CF-25-02,1,value,Elongation at break,G018-16,PLAx CF,Elongation at break,8 %,8,,%,=,,Injection,,,ISO 527,,Material properties,Elongation at break 7 8 % ISO 527 | Properties FDM H Injection Method,V011686,confirms,8 %,high,reader-r1-02,
R-3DJAKE-3DJAKE-TDS-PLAx-CF-25-02,1,value,Flexural strength,G018-16,PLAx CF,Flexural strength,92 MPa,92,,MPa,=,,Injection,,,ISO 178,,Material properties,Flexural strength 92 MPa ISO 178 | Properties FDM H Injection Method,V009105,confirms,92 MPa,high,reader-r1-02,single value sits under the Injection column
R-3DJAKE-3DJAKE-TDS-PLAx-CF-25-02,1,value,Flexural modulus,G018-16,PLAx CF,Flexural modulus,4200 MPa,4200,,MPa,=,,Injection,,,ISO 178,,Material properties,Flexural modulus 4200 MPa ISO 178 | Properties FDM H Injection Method,V009106,confirms,4200 MPa,high,reader-r1-02,single value sits under the Injection column
R-3DJAKE-3DJAKE-TDS-PLAx-CF-25-02,1,value,Izod impact strength,G018-16,PLAx CF,Izod Impact strength notched,4 kJ/m²,4,,kJ/m²,=,FDM H,,,,ISO 180,notch=notched,Material properties,"Izod Impact strength notched 4 4,5 kJ/m² ISO 180 | Properties FDM H Injection Method",V011687,confirms,4 kJ/m²,high,reader-r1-02,
R-3DJAKE-3DJAKE-TDS-PLAx-CF-25-02,1,value,Izod impact strength,G018-16,PLAx CF,Izod Impact strength notched,"4,5 kJ/m²",4.5,,kJ/m²,=,,Injection,,,ISO 180,notch=notched,Material properties,"Izod Impact strength notched 4 4,5 kJ/m² ISO 180 | Properties FDM H Injection Method",V011688,confirms,"4,5 kJ/m²",high,reader-r1-02,
R-3DJAKE-3DJAKE-TDS-PLAx-CF-25-02,1,value,Izod impact strength,G018-16,PLAx CF,Izod Impact strength unnotched,17 kJ/m²,17,,kJ/m²,=,FDM H,,,,ISO 180,notch=unnotched,Material properties,Izod Impact strength unnotched 17 28 kJ/m² ISO 180 | Properties FDM H Injection Method,V011689,confirms,17 kJ/m²,high,reader-r1-02,
R-3DJAKE-3DJAKE-TDS-PLAx-CF-25-02,1,value,Izod impact strength,G018-16,PLAx CF,Izod Impact strength unnotched,28 kJ/m²,28,,kJ/m²,=,,Injection,,,ISO 180,notch=unnotched,Material properties,Izod Impact strength unnotched 17 28 kJ/m² ISO 180 | Properties FDM H Injection Method,V011690,confirms,28 kJ/m²,high,reader-r1-02,
R-3DJAKE-3DJAKE-TDS-PLAx-CF-25-02,1,value,HDT,G018-16,PLAx CF,HDT A,54 °C,54,,°C,=,,Injection,,,ISO 75,,Material properties,HDT A 54 °C ISO 75 | Properties FDM H Injection Method,V009107,confirms,54 °C,high,reader-r1-02,single value sits under the Injection column; HDT A
R-3DJAKE-3DJAKE-TDS-PLAx-CF-25-02,1,value,Density,G018-16,PLAx CF,Density,"1,19 g/cm³",1.19,,g/cm³,=,,Injection,,,ISO 1183,,Material properties,"Density 1,19 g/cm³ ISO 1183 | Properties FDM H Injection Method",V009108,confirms,"1,19 g/cm³",high,reader-r1-02,single value sits under the Injection column
R-3DJAKE-3DJAKE-TDS-PLAx-CF-25-02,1,setting,nozzle,G018-16,PLAx CF,Print temperature,225°C ± 10,225,,°C,,,,,,,,Print settings,Print temperature 225°C ± 10,P0873,confirms,225°C ± 10,high,reader-r1-02,
R-3DJAKE-3DJAKE-TDS-PLAx-CF-25-02,1,setting,bed,G018-16,PLAx CF,Bed temp,65°C ± 10,65,,°C,,,,,,,,Print settings,Bed temp 65°C ± 10,P0873,confirms,65°C ± 10,high,reader-r1-02,
R-3DJAKE-3DJAKE-TDS-PLAx-CF-25-02,1,setting,plate,G018-16,PLAx CF,Printing Surface,textured PEI sheet,,,,,,,,,,,Print settings,Printing Surface textured PEI sheet,P0873,confirms,textured PEI sheet,high,reader-r1-02,
R-3DJAKE-3DJAKE-TDS-PLAx-CF-25-02,1,setting,fan,G018-16,PLAx CF,Fan Speed,max. 60%,60,,%,<,,,,,,,Print settings,Fan Speed max. 60%,,new,,high,reader-r1-02,"printed as ""max. 60%"""
R-3DJAKE-3DJAKE-TDS-PLAx-CF-25-02,1,setting,hardened_nozzle,G018-16,PLAx CF,Nozzle,hardened,,,,,,,,,,,Print settings,Nozzle hardened,P0873,confirms,TRUE,high,reader-r1-02,
R-3DJAKE-3DJAKE-TDS-PLAx-CF-25-02,1,setting,drying,G018-16,PLAx CF,Storage and drying,Pre-dry material for 3-6 hours at 50°C (max.),50,,°C,,,,,,,hours=3-6,Storage and drying,Pre-dry material for 3-6 hours at 50°C (max.).,P0873,confirms,Pre-dry material for 3-6 hours at 50°C (max.).,high,reader-r1-02,
R-3DJAKE-3DJAKE-TDS-PLAx-CF-25-02,1,setting,other,G018-16,PLAx CF,Storage,Store between 18 to 25 °C in a dry area away from sunlight,18,25,°C,,,,,,,,Storage and drying,Store between 18 to 25 °C in a dry area away from sunlight.,,new,,high,reader-r1-02,
R-3DJAKE-3DJAKE-TDS-PLAx-CF-25-02,1,identity,polymer,G018-16,PLAx CF,PLAx CF,10% carbon fiber reinforced modified PLA,,,,,,,,,,,,Nobufil PLAx CF is a sustainable 10% carbon fiber reinforced modified PLA made from recycled,,new,,high,reader-r1-02,
R-3DJAKE-3DJAKE-TDS-PLAx-CF-25-02,1,identity,filler,G018-16,PLAx CF,PLAx CF,10% carbon fiber,10,,%,,,,,,,,,10% carbon fiber reinforced modified PLA,,new,,high,reader-r1-02,
R-3DJAKE-3DJAKE-TDS-PLAx-CF-25-02,1,identity,grade,G018-16,PLAx CF,PLAx CF,Nobufil PLAx CF,,,,,,,,,,,,Nobufil PLAx CF is a sustainable,,new,,high,reader-r1-02,
X-Hyperlite-PP-TDS-v1,1,setting,nozzle,G082-01,HyperLite™ PP,Extrusion Temp,235°C,235,,°C,,,,,,,,Printed Specimen Conditions,Extrusion Temp: 235°C,P0103,new,,high,reader-r1-02,"printed-specimen condition, not a print recommendation; held profile P0103 holds no temperatures; same sheet is filed to G103-01 too"
