gate,SourceID,GradeID,MaterialID,like,Profile,Nozzle °C,Bed °C,Chamber °C,Enclosure,Drying,Nozzle diameter,Plate,Abrasion / clogging,Locator,quote,Nozzle state,Nozzle min °C,Nozzle max °C,Nozzle requirement,Bed state,Bed min °C,Bed max °C,Bed requirement,Chamber state,Chamber min °C,Chamber max °C,Chamber requirement,Enclosure state,Drying state,Drying °C,Drying hours,Hardened nozzle,parsed_vs_read,cause,quote_view,grade_from,reader,rows,note
ready,D-3D4MAKERS-ABS-KEVLAR-PAGE,G106-02,M106,P0597,Manufacturer published guidance,260°C (250-270 °C),100°C,Not published,Not published,Not published,Not published,Not published,Not published,p. 1: Print Temperature; p. 1: Bed Temperature,Print Temperature: 260°C (250-270 °C). | Bed Temperature: 100°C,range,250,270,required,range,100,100,required,unknown,Not applicable,Not applicable,unknown,unknown,unknown,Not applicable,Not applicable,Not published,agrees,gap-fill,line,reader,reader-r1-01,batch-01.csv#51 batch-01.csv#52,2 setting(s) read from p. 1.
ready,D-3D4MAKERS-FACILAN-HT-FILAMENT-PAGE,G066-06,M066,P0645,Manufacturer published guidance,240 - 250 °C,75 - 85 °C,Not published,Not published,Not published,Not published,PEI sheet / Glass,Not published,p. 1: Bed Temperature; p. 1: Adhesion; p. 1: Print Temperature,Bed Temperature: 75 - 85 °C | Adhesion: PEI sheet / Glass | Print Temperature: 240 - 250 °C,range,240,250,required,range,75,85,required,unknown,Not applicable,Not applicable,unknown,unknown,unknown,Not applicable,Not applicable,Not published,agrees,gap-fill,line,reader,reader-r1-01,batch-01.csv#66 batch-01.csv#67 batch-01.csv#68,3 setting(s) read from p. 1.
ready,D-3D4MAKERS-FACILAN-PCL-100-FILAMENT-PAGE,G149-02,M149,P1000,Manufacturer published guidance,around 120°C,30-45°C,Not published,Not published,Not published,Not published,"Ultimaker Adhesion sheets, Avery Mailing labels L7567-25, PEI Sheets",Not published,p. 1: print temperature (description); p. 1: Bed Temperature; p. 1: Adhesion,"a print temperature of around 120°C | Bed Temperature: 30-45°C | Adhesion: Ultimaker Adhesion sheets, Avery Mailing labels L7567-25, PEI Sheets",range,120,120,required,range,30,45,required,unknown,Not applicable,Not applicable,unknown,unknown,unknown,Not applicable,Not applicable,Not published,agrees,gap-fill,line,reader,reader-r1-01,batch-01.csv#75 batch-01.csv#87 batch-01.csv#88,3 setting(s) read from p. 1.
ready,R-3D4MAKERS-PRINT-20260928-8d7352c2d77f,G149-02,M149,P1000,Manufacturer published guidance,around 120°C,30-45°C,Not published,Not published,Not published,Not published,"Ultimaker Adhesion sheets, Avery Mailing labels L7567-25, PEI Sheets",Not published,p. 1: print temperature (description); p. 1: Bed Temperature; p. 1: Adhesion,"a print temperature of around 120°C | Bed Temperature: 30-45°C | Adhesion: Ultimaker Adhesion sheets, Avery Mailing labels L7567-25, PEI Sheets",range,120,120,required,range,30,45,required,unknown,Not applicable,Not applicable,unknown,unknown,unknown,Not applicable,Not applicable,Not published,agrees,gap-fill,line,reader,reader-r1-01,batch-01.csv#100 batch-01.csv#112 batch-01.csv#113,3 setting(s) read from p. 1.
ready,D-3DJAKE-ECOPLA-CF-DARK-GREY-PAGE,G018-19,M018,P0989,Manufacturer published guidance,210 - 240 °C,20 - 60 °C,Not published,Not published,Not published,Not published,Not published,Not published,p. 1: Recommended processing temperature; p. 1: Recommended heating temperature,Recommended processing temperature: 210 - 240 °C | Recommended heating temperature: 20 - 60 °C,range,210,240,required,range,20,60,required,unknown,Not applicable,Not applicable,unknown,unknown,unknown,Not applicable,Not applicable,Not published,agrees,gap-fill,line,reader,reader-r1-01,batch-01.csv#191 batch-01.csv#192,2 setting(s) read from p. 1.
ready,D-3DJAKE-NICEBIO-BLACK-PAGE,G168-02,M168,P1165,Manufacturer published guidance,200-230 ° C,0 - 60 °C,Not published,Not published,Not published,Not published,Not published,Not published,p. 1: Recommended processing temperature; p. 1: Recommended heating temperature,Recommended processing temperature: 200-230 ° C | Recommended heating temperature: 0 - 60 °C,range,200,230,required,range,0,60,required,unknown,Not applicable,Not applicable,unknown,unknown,unknown,Not applicable,Not applicable,Not published,agrees,gap-fill,line,reader,reader-r1-01,batch-01.csv#196 batch-01.csv#197,2 setting(s) read from p. 1.
ready,D-3DJAKE-PCTG-BLACK-1-PAGE,G088-08,M088,P1092,Manufacturer published guidance,250 - 270 °C,90 - 110 °C,Not published,Not published,Not published,Not published,Not published,Not published,p. 1: Recommended processing temperature; p. 1: Recommended heating temperature,Recommended processing temperature: 250 - 270 °C | Recommended heating temperature: 90 - 110 °C,range,250,270,required,range,90,110,required,unknown,Not applicable,Not applicable,unknown,unknown,unknown,Not applicable,Not applicable,Not published,agrees,gap-fill,line,reader,reader-r1-01,batch-01.csv#203 batch-01.csv#204,2 setting(s) read from p. 1.
ready,R-3DJAKE-EN-TDS-PLA-Graphene-LIGHT,G155-01,M155,P0817,Manufacturer published guidance,Not published,35-45ºC,Not published,Not published,Not published,Not published,Not published,Not published,p. 1: Printing table Temperature,Printing table Temperature 35-45ºC | Processing Temperature Profile,unknown,Not applicable,Not applicable,unknown,range,35,45,required,unknown,Not applicable,Not applicable,unknown,unknown,unknown,Not applicable,Not applicable,Not published,agrees,gap-fill,line,reader,reader-r1-01,batch-01.csv#216,1 setting(s) read from p. 1.
ready,R-3DJAKE-EN-TDS-PLA-Graphene-STRONG,G155-02,M155,P0817,Manufacturer published guidance,Not published,35-45ºC,Not published,Not published,Not published,Not published,Not published,Not published,p. 1: Printing table Temperature,Printing table Temperature 35-45ºC | Processing Temperature Profile,unknown,Not applicable,Not applicable,unknown,range,35,45,required,unknown,Not applicable,Not applicable,unknown,unknown,unknown,Not applicable,Not applicable,Not published,agrees,gap-fill,line,reader,reader-r1-01,batch-01.csv#237,1 setting(s) read from p. 1.
ready,XP-3dxstat-esd-pc-1,G116-01,M116,P0240,Current manufacturer product guidance,260-300C,110-120C,Recommended,Not published,120C for 4 hours,Not published,Not published,Not published,p. 1: Extruder Temp; p. 1: Bed Temp; p. 1: Heated Chamber; p. 1: Drying Specs,Extruder Temp | 260-300C | Bed Temp | 110-120C | Heated Chamber | Recommended | Drying Specs | 120C for 4 hours,range,260,300,required,range,110,120,required,recommended,Not applicable,Not applicable,recommended,unknown,stated,120,4,Not published,agrees,gap-fill,line,reader,reader-r1-02,batch-02.csv#313 batch-02.csv#314 batch-02.csv#315 batch-02.csv#318,4 setting(s) read from p. 1.
ready,XP-amidex-e2-84-a2-nylon-12,G052-01,M052,P0139,Current manufacturer product guidance,275-300 C,60-100 C,Not Required,Not published,80C for 4 hours,Not published,Not published,Not published,p. 1: Extruder Temp; p. 1: Bed Temp; p. 1: Heated Chamber; p. 1: Drying Specs,Extruder Temp | 275-300 C | Bed Temp | 60-100 C | Heated Chamber | Not Required | Drying Specs | 80C for 4 hours,range,275,300,required,range,60,100,required,not-required,Not applicable,Not applicable,none,unknown,stated,80,4,Not published,agrees,gap-fill,line,reader,reader-r1-02,batch-02.csv#326 batch-02.csv#327 batch-02.csv#328 batch-02.csv#331,4 setting(s) read from p. 1.
ready,XP-carbonx-pla-cf-1,G018-04,M018,P0259,Current manufacturer product guidance,190-220 C,23-60 C,Not Required,Not published,65C for 4 hours,Hardened Steel with .4mm diameter minimum,Not published,Hardened Steel with .4mm diameter minimum,p. 1: Extruder Temp; p. 1: Bed Temp; p. 1: Heated Chamber; p. 1: Nozzle Specs; p. 1: Nozzle Specs; p. 1: Drying Specs,Extruder Temp | 190-220 C | Bed Temp | 23-60 C | Heated Chamber | Not Required | Nozzle Specs | Hardened Steel with .4mm diameter minimum | Drying Specs | 65C for 4 hours,range,190,220,required,range,23,60,required,not-required,Not applicable,Not applicable,none,unknown,stated,65,4,TRUE,agrees,gap-fill,line,reader,reader-r1-02,batch-02.csv#336 batch-02.csv#337 batch-02.csv#338 batch-02.csv#339 batch-02.csv#340 batch-02.csv#342,6 setting(s) read from p. 1.
ready,XP-fluorx-pvdf-1-2,G096-01,M096,P0122,Current manufacturer product guidance,245-265C,90-110C,Recommended,Not published,Not required,Not published,Not published,Not published,p. 1: Extruder Temp; p. 1: Bed Temp; p. 1: Heated Chamber; p. 1: Drying Specs,Extruder Temp | 245-265C | Bed Temp | 90-110C | Heated Chamber | Recommended | Drying Specs | Not required,range,245,265,required,range,90,110,required,recommended,Not applicable,Not applicable,recommended,unknown,stated,Not published,Not published,Not published,agrees,gap-fill,line,reader,reader-r1-02,batch-02.csv#349 batch-02.csv#350 batch-02.csv#351 batch-02.csv#354,4 setting(s) read from p. 1.
ready,XP-max-g-pctg-1-2,G088-01,M088,P0110,Current manufacturer product guidance,250-270C,70-90C,Not required,Not published,65C for 4 hours,Not published,Not published,Not published,p. 1: Extruder Temp; p. 1: Bed Temp; p. 1: Heated Chamber; p. 1: Drying Specs,Extruder Temp | 250-270C | Bed Temp | 70-90C | Heated Chamber | Not required | Drying Specs | 65C for 4 hours,range,250,270,required,range,70,90,required,not-required,Not applicable,Not applicable,none,unknown,stated,65,4,Not published,agrees,gap-fill,line,reader,reader-r1-02,batch-02.csv#361 batch-02.csv#362 batch-02.csv#363 batch-02.csv#366,4 setting(s) read from p. 1.
ready,XP-thermax-ppe-ps-1,G130-01,M130,P0370,Current manufacturer product guidance,290-320C,90-110C,Recommended 50-80C if possible,Not published,80C for 4 hours,Not published,Not published,Not published,p. 1: Extruder Temp; p. 1: Bed Temp; p. 1: Heated Chamber; p. 1: Drying Specs,Extruder Temp | 290-320C | Bed Temp | 90-110C | Heated Chamber | Recommended 50-80C if possible | Drying Specs | 80C for 4 hours,range,290,320,required,range,90,110,required,range,50,80,recommended,unknown,stated,80,4,Not published,agrees,gap-fill,line,reader,reader-r1-02,batch-02.csv#372 batch-02.csv#373 batch-02.csv#374 batch-02.csv#377,4 setting(s) read from p. 1.
ready,R-BAMBU-PRIORITY-20261003-693bcb42a47c,G040-01,M162,P0051,Manufacturer published guidance,230,Not published,Not published,Not published,Dry before use for higher printing quality. TPU for AMS must be dried before use and kept moisture-free during the printing process to prevent stringing.,0.2 mm Nozzle NOT Compatible,Not published,Not published,p. 1: Cautions for Use; p. 1: Drying Recommendations; p. 1: Nozzle Temperature (℃),0.2 mm Nozzle NOT Compatible | Dry before use for higher printing quality. TPU for AMS must be dried before use and kept moisture-free during the printing process to prevent stringing. | Nozzle Temperature (℃)  230  230,range,230,230,required,unknown,Not applicable,Not applicable,unknown,unknown,Not applicable,Not applicable,unknown,unknown,stated,Not published,Not published,Not published,agrees,gap-fill,line,reader,reader-r1-03,batch-03.csv#238 batch-03.csv#239 batch-03.csv#240,3 setting(s) read from p. 1.
ready,R-BASF-FORWARD-AM-PRINT-20260928-0270c48dc78a,G038-02,M038,P0158,Manufacturer published guidance,280 - 330 °C,80 - 100 °C,Not published,Not published,Not published,≥ 0.6 mm,"Perforated plate, DimaFix or Magigoo PC glue*",Not published,p. 1: Nozzle Temperature; p. 1: Bed Temperature; p. 1: Bed Material; p. 1: Nozzle Diameter,"Nozzle Temperature: 280 - 330 °C | Bed Temperature: 80 - 100 °C | Bed Material: Perforated plate, DimaFix or Magigoo PC glue* | Nozzle Diameter: ≥ 0.6 mm",range,280,330,required,range,80,100,required,unknown,Not applicable,Not applicable,unknown,unknown,unknown,Not applicable,Not applicable,Not published,agrees,gap-fill,line,reader,reader-r1-03,batch-03.csv#268 batch-03.csv#270 batch-03.csv#271 batch-03.csv#272,4 setting(s) read from p. 1.
ready,R-BASF-FORWARD-AM-PRINT-20260928-cacfb4f14e40,G170-02,M170,P1193,Manufacturer published guidance,260-280 °C,70°C - 90°C,Not published,Not published,printing without pre- drying,≥ 0.4 mm,"PEI, PI or glue",Not published,p. 1: Description; p. 1: Nozzle Temperature; p. 1: Bed Temperature; p. 1: Bed Material; p. 1: Nozzle Diameter,"the material shows a reduced moisture uptake, which allows for printing without pre- drying. | Nozzle Temperature: 260-280 °C | Bed Temperature: 70°C - 90°C | Bed Material: PEI, PI or glue | Nozzle Diameter: ≥ 0.4 mm",range,260,280,required,range,70,90,required,unknown,Not applicable,Not applicable,unknown,unknown,stated,Not published,Not published,Not published,agrees,gap-fill,line,reader,reader-r1-03,batch-03.csv#287 batch-03.csv#288 batch-03.csv#289 batch-03.csv#290 batch-03.csv#291,5 setting(s) read from p. 1.
ready,R-FORWARDAM-ULTRAFUSE-BVOH-EXTENDED-TDS,G076-02,M076,P1152,Manufacturer published guidance,190 – 210°C,60 – 100°C,Not published,Not published,Not published,≥ 0.4 mm,Glass,Not published,p. 3: Nozzle Temperature; p. 3: Bed Temperature; p. 3: Bed Material; p. 3: Nozzle Diameter,Nozzle Temperature | 190 – 210°C | Bed Temperature 60 – 100°C 60°C | Bed Material Glass Glass + PVA glue | Nozzle Diameter ≥ 0.4 mm 0.4 mm,range,190,210,required,range,60,100,required,unknown,Not applicable,Not applicable,unknown,unknown,unknown,Not applicable,Not applicable,Not published,agrees,gap-fill,pieces+line,reader,reader-r1-03,batch-03.csv#402 batch-03.csv#407 batch-03.csv#409 batch-03.csv#411,4 setting(s) read from p. 3.
ready,D-BIGREP-HI-TEMP-CF-PAGE,G169-02,M169,P1188,Manufacturer published guidance,210 - 240 °C,50 - 80 °C,Not published,Not published,60 °C for 6 - 8 hours,Not published,Not published,Not published,p. 1: Nozzle Temperature; p. 1: Print Bed Temperature; p. 1: Drying recommendations,Nozzle Temperature  210 - 240 °C | Print Bed Temperature  50 - 80 °C | Drying recommendations  60 °C for 6 - 8 hours,range,210,240,required,range,50,80,required,unknown,Not applicable,Not applicable,unknown,unknown,stated,60,8,Not published,agrees,gap-fill,line,reader,reader-r1-03,batch-03.csv#522 batch-03.csv#523 batch-03.csv#525,3 setting(s) read from p. 1.
ready,D-COLORFABB-HOW-TO-PRINT-WITH-NGEN-PAGE,G092-02,M092,P0116,Manufacturer published guidance,220-240 °C (ideal bei 230 °C starten),75 °C bis 85 °C,Not published,Not published,Not published,"0,4 mm Düse ist Standard; Messingdüse möglich","Glas, PEI-Platten oder mit Klebestift behandeltes Druckbett",nicht abrasiv; Messingdüse ausreichend,p. 1: Standarddüse; p. 1: Standarddüse; p. 1: Beheiztes Druckbett; p. 1: Druckoberfläche; p. 1: Düsentemperatur,"nGen ist nicht abrasiv und kann problemlos mit einer Messingdüse verwendet werden. Eine 0,4 mm Düse ist Standard, aber auch andere Größen funktionieren je nach Detailanforderung. | nGen ist nicht abrasiv und kann problemlos mit einer Messingdüse verwendet werden. | Empfohlen, besonders bei großen Drucken. 75 °C bis 85 °C sorgen für zuverlässige Haftung und verringern das Verziehen. | Haftet gut auf Glas, PEI-Platten oder mit Klebestift behandeltem Druckbett. Ein sauberes, beheiztes Glasbett oder eine PEI-Platte liefern gute Ergebnisse. | Düsentemperatur: 220-240 °C (ideal bei 230 °C starten)",range,220,240,required,range,75,85,required,unknown,Not applicable,Not applicable,unknown,unknown,unknown,Not applicable,Not applicable,TRUE,agrees,gap-fill,line,reader,reader-r1-04,batch-04.csv#272 batch-04.csv#273 batch-04.csv#274 batch-04.csv#275 batch-04.csv#276,5 setting(s) read from p. 1.
ready,D-COLORFABB-LW-PET-FLEX-NATURAL-PAGE,G141-02,M141,P0508,Manufacturer published guidance,210-260°C,60°C,Not published,Not published,Not published,Not published,Not published,Not published,p. 1: Advised 3D printing temperature; p. 1: Advised Heated bed,Advised 3D printing temperature 210-260°C | Advised Heated bed 60°C,range,210,260,required,range,60,60,required,unknown,Not applicable,Not applicable,unknown,unknown,unknown,Not applicable,Not applicable,Not published,agrees,gap-fill,line,reader,reader-r1-04,batch-04.csv#296 batch-04.csv#298,2 setting(s) read from p. 1.
ready,D-COLORFABB-LW-PET-NATURAL-PAGE,G141-01,M141,P0495,Manufacturer published guidance,210-260°C,60°C,Not published,Not published,Not published,Not published,Not published,Not published,p. 1: Advised 3D printing temperature; p. 1: Advised Heated bed,Advised 3D printing temperature 210-260°C | Advised Heated bed 60°C,range,210,260,required,range,60,60,required,unknown,Not applicable,Not applicable,unknown,unknown,unknown,Not applicable,Not applicable,Not published,agrees,gap-fill,line,reader,reader-r1-04,batch-04.csv#306 batch-04.csv#308,2 setting(s) read from p. 1.
ready,D-COLORFABB-PET-FLEX-MAX-CLEAR-PAGE,G066-05,M066,P0505,Manufacturer published guidance,210-260°C,60°C,Not published,Not published,Not published,Not published,Not published,Not published,p. 1: Advised 3D printing temperature; p. 1: Advised Heated bed,Advised 3D printing temperature 210-260°C | Advised Heated bed 60°C,range,210,260,required,range,60,60,required,unknown,Not applicable,Not applicable,unknown,unknown,unknown,Not applicable,Not applicable,Not published,agrees,gap-fill,line,reader,reader-r1-04,batch-04.csv#317 batch-04.csv#319,2 setting(s) read from p. 1.
ready,D-COLORFABB-PET-HIGH-SPEED-PRO-CLEAR-PAGE,G066-03,M066,P0496,Manufacturer published guidance,230-260°C,60°C,Not published,Not published,Not published,Not published,Not published,Not published,p. 1: Advised 3D printing temperature; p. 1: Advised Heated bed,Advised 3D printing temperature 230-260°C | Advised Heated bed 60°C,range,230,260,required,range,60,60,required,unknown,Not applicable,Not applicable,unknown,unknown,unknown,Not applicable,Not applicable,Not published,agrees,gap-fill,line,reader,reader-r1-04,batch-04.csv#327 batch-04.csv#329,2 setting(s) read from p. 1.
ready,R-COLORFABB-PRINT-20260928-1ff56da73c86,G141-02,M141,P0508,Manufacturer published guidance,210-260°C,60°C,Not published,Not published,Not published,Not published,Not published,Not published,p. 1: Advised 3D printing temperature; p. 1: Advised Heated bed,Advised 3D printing temperature 210-260°C | Advised Heated bed 60°C,range,210,260,required,range,60,60,required,unknown,Not applicable,Not applicable,unknown,unknown,unknown,Not applicable,Not applicable,Not published,agrees,gap-fill,line,reader,reader-r1-04,batch-04.csv#445 batch-04.csv#447,2 setting(s) read from p. 1.
ready,R-COLORFABB-PRINT-20260928-8152c1c7f9f8,G066-05,M066,P0505,Manufacturer published guidance,210-260°C,60°C,Not published,Not published,Not published,Not published,Not published,Not published,p. 1: Advised 3D printing temperature; p. 1: Advised Heated bed,Advised 3D printing temperature 210-260°C | Advised Heated bed 60°C,range,210,260,required,range,60,60,required,unknown,Not applicable,Not applicable,unknown,unknown,unknown,Not applicable,Not applicable,Not published,agrees,gap-fill,line,reader,reader-r1-04,batch-04.csv#454 batch-04.csv#456,2 setting(s) read from p. 1.
ready,R-COLORFABB-PRINT-20260928-25ef08309fc5,G142-01,M142,P0499,Manufacturer published guidance,220-240C,75-85C,Not published,Not published,70C for 4-9 hours,Not published,Not published,Needs hardened steel nozzle to minimize wear,p. 1: Advised 3D printing temperature; p. 1: Advised Heated bed; p. 1: Cons / Please note; p. 1: Drying of nGen-CF10,Advised 3D printing temperature 220-240C | Advised Heated bed 75-85C | Needs hardened steel nozzle to minimize wear | We recommend to use from stainless steel nozzles or nozzles made with hardened copper alloys. | The melt of the material will become easier to control when dried properly at 70C for 4-9 hours depending on the time it has spend exposed to the environment.,range,220,240,required,range,75,85,required,unknown,Not applicable,Not applicable,unknown,unknown,stated,70,9,TRUE,agrees,gap-fill,line,reader,reader-r1-04,batch-04.csv#466 batch-04.csv#468 batch-04.csv#470 batch-04.csv#471,4 setting(s) read from p. 1.
ready,R-COLORFABB-PRINT-20260928-b1b495644f1d,G141-01,M141,P0495,Manufacturer published guidance,210-260°C,60°C,Not published,Not published,Not published,Not published,Not published,Not published,p. 1: Advised 3D printing temperature; p. 1: Advised Heated bed,Advised 3D printing temperature 210-260°C | Advised Heated bed 60°C,range,210,260,required,range,60,60,required,unknown,Not applicable,Not applicable,unknown,unknown,unknown,Not applicable,Not applicable,Not published,agrees,gap-fill,line,reader,reader-r1-04,batch-04.csv#478 batch-04.csv#480,2 setting(s) read from p. 1.
ready,R-COLORFABB-PRINT-20260928-f89c55192e87,G165-01,M165,P1190,Manufacturer published guidance,260C-280C,Not published,Not published,Not published,Not published,Not published,For heated glass plate buildsurface we can recommend using 3DLac for extra adhesion.,Not published,p. 1: Advised 3D printing temperature; p. 1: Advised Heated bed,Advised 3D printing temperature 260C-280C | For heated glass plate buildsurface we can recommend using 3DLac for extra adhesion.,range,260,280,required,unknown,Not applicable,Not applicable,unknown,unknown,Not applicable,Not applicable,unknown,unknown,unknown,Not applicable,Not applicable,Not published,agrees,gap-fill,line,reader,reader-r1-04,batch-04.csv#496 batch-04.csv#499,2 setting(s) read from p. 1.
ready,R-COVERAGE-20261001-fabd692704e9,G143-01,M143,P0512,Manufacturer published guidance,240-260C,80C + buildTak,Not published,Not published,Not published,Not published,buildTak,Not published,p. 1: Advised 3D printing temperature; p. 1: Advised Heated bed; p. 1: Advised Heated bed,Advised 3D printing temperature 240-260C | Advised Heated bed 80C + buildTak,range,240,260,required,range,80,80,required,unknown,Not applicable,Not applicable,unknown,unknown,unknown,Not applicable,Not applicable,Not published,agrees,gap-fill,line,reader,reader-r1-05,batch-05.csv#287 batch-05.csv#289 batch-05.csv#290,3 setting(s) read from p. 1.
ready,D-CREATBOT-PLA-CF-PAGE,G018-17,M018,P0929,Manufacturer published guidance,190-230℃,45-65℃,OFF,Not published,"40-50℃,6-8 H (air blast drying oven)",0.2 / 0.4 / 0.6 / 0.8 / 1.0 mm,3D Printing Spray / PVP Glue Stick / Specialized Adhesive,Not published,p. 1: Drying Conditions Before Printing; p. 1: Nozzle Temperature; p. 1: Nozzle Diameter; p. 1: Print Bed Surface Treatment; p. 1: Print Bed Temperature; p. 1: Chamber Temperature,Drying Conditions Before Printing  40-50℃，6-8 H (air blast drying oven) | Nozzle Temperature  190-230℃ | Nozzle Diameter  0.2 / 0.4 / 0.6 / 0.8 / 1.0 mm | Print Bed Surface Treatment  3D Printing Spray / PVP Glue Stick / Specialized Adhesive | Print Bed Temperature  45-65℃ | Chamber Temperature  OFF,range,190,230,required,range,45,65,required,not-required,Not applicable,Not applicable,none,unknown,stated,50,8,Not published,agrees,gap-fill,line,reader,reader-r1-05,batch-05.csv#324 batch-05.csv#325 batch-05.csv#326 batch-05.csv#327 batch-05.csv#328 batch-05.csv#329,6 setting(s) read from p. 1.
ready,R-DUPONT-ZYTEL-GUIDE,G058-R1,M058,P0001,Manufacturer published guidance,Not published,Not published,Not published,Not published,"the resin must be dried at 80° C to less than 0,2% moisture content before processing",Not published,Not published,Not published,p. 3: Processing,"If excessive moisture absorption has occurred, then the resin must be dried at 80° C to less than 0,2% moisture content before processing.",unknown,Not applicable,Not applicable,unknown,unknown,Not applicable,Not applicable,unknown,unknown,Not applicable,Not applicable,unknown,unknown,stated,80,Not published,Not published,agrees,gap-fill,block,reader,reader-r1-06,batch-06.csv#144,1 setting(s) read from p. 3.
ready,D-ESUN-EPLA-SILK-RAINBOW-PRODUCT-PAGE,G008-12,M008,P0663,Manufacturer published guidance,Not published,45 - 60°C,Not published,Not published,Not published,Not published,Not published,Not published,p. 1: Bed Temperature(°C),Bed Temperature(°C) | 45 - 60°C,unknown,Not applicable,Not applicable,unknown,range,45,60,required,unknown,Not applicable,Not applicable,unknown,unknown,unknown,Not applicable,Not applicable,Not published,agrees,gap-fill,line,reader,reader-r1-07,batch-07.csv#66,1 setting(s) read from p. 1.
ready,R-ESUN-PRIORITY-20261003-be26800125b2,G039-44,M162,P0699,Manufacturer published guidance,Not published,0-60,Not published,Not published,Not published,Not published,Not published,Not published,p. 1: Bed Temperature(°C),Bed Temperature(°C) | 0-60,unknown,Not applicable,Not applicable,unknown,range,0,60,required,unknown,Not applicable,Not applicable,unknown,unknown,unknown,Not applicable,Not applicable,Not published,agrees,gap-fill,line,reader,reader-r1-07,batch-07.csv#101,1 setting(s) read from p. 1.
ready,S-ESUN-PRINT-20260928-76aac354f18d,G039-44,M162,P0699,Manufacturer published guidance,Not published,0-60,Not published,Not published,Not published,Not published,Not published,Not published,p. 1: Bed Temperature(°C),Bed Temperature(°C) | 0-60,unknown,Not applicable,Not applicable,unknown,range,0,60,required,unknown,Not applicable,Not applicable,unknown,unknown,unknown,Not applicable,Not applicable,Not published,agrees,gap-fill,line,reader,reader-r1-07,batch-07.csv#193,1 setting(s) read from p. 1.
ready,R-EXTRUDR-pctg-TDS-de,G088-03,M088,P0372,Manufacturer published guidance,230-270°C,90-110°C,Not published,Not published,Not published,0.4 mm,Not published,Not published,p. 1: Düse; p. 1: Heizbett; p. 1: Vorgeschlagene Einstellungen für Drucker mit 0.4 mm Düse,Düse 230-270°C | Heizbett 90-110°C | Vorgeschlagene Einstellungen für Drucker mit 0.4 mm Düse.,range,230,270,required,range,90,110,required,unknown,Not applicable,Not applicable,unknown,unknown,unknown,Not applicable,Not applicable,Not published,agrees,gap-fill,line,reader,reader-r1-09,batch-09.csv#100 batch-09.csv#101 batch-09.csv#108,3 setting(s) read from p. 1.
ready,R-EXTRUDR-pla-basic-cf-TDS-de-3,G018-07,M018,P0374,Manufacturer published guidance,200-230°C,20-60°C,Not published,Not published,Not published,"mindestens 0,6 mm",Not published,Not published,p. 1: Düse; p. 1: Heizbett; p. 1: Hinweise,"Düse 200-230°C | Heizbett 20-60°C | Für einen zuverlässigen Materialfluss sollte eine Düse von mindestens 0,6 mm verwendet",range,200,230,required,range,20,60,required,unknown,Not applicable,Not applicable,unknown,unknown,unknown,Not applicable,Not applicable,Not published,agrees,gap-fill,line,reader,reader-r1-09,batch-09.csv#156 batch-09.csv#157 batch-09.csv#164,3 setting(s) read from p. 1.
ready,R-EXTRUDR-PRIORITY-20261003-1d34d7823a2a,G126-02,M126,P0393,Manufacturer published guidance,220–250 °C,50 °C,Not published,No,Drying temperature 60 °C; Drying time 6 h,0.4 mm,Not required,Hardened nozzle required: No,p. 1: Nozzle temperature; p. 1: Build plate temperature; p. 1: Surface preparation; p. 1: Enclosed chamber required; p. 1: Hardened nozzle required; p. 1: Recommended settings for printers with a 0.4 mm nozzle; p. 1: Drying,Nozzle temperature 220–250 °C | Build plate temperature 50 °C | Surface preparation Not required | Enclosed chamber required No | Hardened nozzle required No | Recommended settings for printers with a 0.4 mm nozzle. | Drying temperature 60 °C | Drying time 6 h,range,220,250,required,range,50,50,required,unknown,Not applicable,Not applicable,unknown,not-needed,stated,60,6,FALSE,agrees,gap-fill,line,reader,reader-r1-09,batch-09.csv#450 batch-09.csv#451 batch-09.csv#452 batch-09.csv#455 batch-09.csv#456 batch-09.csv#458 batch-09.csv#461,7 setting(s) read from p. 1.
ready,R-EXTRUDR-PRIORITY-20261003-70456e37bf44,G131-01,M131,P0379,Manufacturer published guidance,265–295 °C,110 °C,Not published,Yes,Drying temperature 65 °C; Drying time 8–12 h,0.4 mm,Recommended,Hardened nozzle required: Yes,p. 1: Nozzle temperature; p. 1: Build plate temperature; p. 1: Surface preparation; p. 1: Enclosed chamber required; p. 1: Hardened nozzle required; p. 1: Recommended settings for printers with a 0.4 mm nozzle; p. 1: Drying,Nozzle temperature 265–295 °C | Build plate temperature 110 °C | Surface preparation Recommended | Enclosed chamber required Yes | Hardened nozzle required Yes | Recommended settings for printers with a 0.4 mm nozzle. | Drying temperature 65 °C | Drying time 8–12 h,range,265,295,required,range,110,110,required,unknown,Not applicable,Not applicable,unknown,recommended,stated,65,12,TRUE,agrees,gap-fill,line,reader,reader-r1-09,batch-09.csv#543 batch-09.csv#544 batch-09.csv#545 batch-09.csv#548 batch-09.csv#549 batch-09.csv#551 batch-09.csv#554,7 setting(s) read from p. 1.
ready,R-EXTRUDR-PRIORITY-20261003-b3aff68293fc,G039-16,M162,P0382,Manufacturer published guidance,230–260 °C,50–90 °C,Not published,No,Drying temperature 60 °C; Drying time 12 h,0.4 mm,Not required,Hardened nozzle required: No,p. 1: Nozzle temperature; p. 1: Build plate temperature; p. 1: Surface preparation; p. 1: Enclosed chamber required; p. 1: Hardened nozzle required; p. 1: Recommended settings for printers with a 0.4 mm nozzle; p. 1: Drying,Nozzle temperature 230–260 °C | Build plate temperature 50–90 °C | Surface preparation Not required | Enclosed chamber required No | Hardened nozzle required No | Recommended settings for printers with a 0.4 mm nozzle. | Drying temperature 60 °C | Drying time 12 h,range,230,260,required,range,50,90,required,unknown,Not applicable,Not applicable,unknown,not-needed,stated,60,12,FALSE,agrees,gap-fill,line,reader,reader-r1-09,batch-09.csv#597 batch-09.csv#598 batch-09.csv#599 batch-09.csv#602 batch-09.csv#603 batch-09.csv#605 batch-09.csv#608,7 setting(s) read from p. 1.
ready,D-FABRU-PUREFIL-PLA-SILK-FILAMENT-991-9549-PAGE,G008-10,M008,P0009,Manufacturer published guidance,190-210 ° C,50-70 ° C,Not published,Not published,Not published,Not published,Not published,Not published,p. 1: Nozzle temperature; p. 1: Printing table temperature,Nozzle temperature: 190-210 ° C | Printing table temperature: 50-70 ° C,range,190,210,required,range,50,70,required,unknown,Not applicable,Not applicable,unknown,unknown,unknown,Not applicable,Not applicable,Not published,agrees,gap-fill,line,reader,reader-r1-09,batch-09.csv#731 batch-09.csv#732,2 setting(s) read from p. 1.
ready,D-FABRU-PUREFIL-HDPE-GF20-FILAMENT-169-1313-PAGE,G138-02,M138,P0109,Manufacturer published guidance,240-280 ° C,80-120 ° C,Not published,Not published,Not published,Not published,Not published,Not published,p. 1: Nozzle temperature; p. 1: Printing table temperature,Nozzle temperature: 240-280 ° C | Printing table temperature: 80-120 ° C,range,240,280,required,range,80,120,required,unknown,Not applicable,Not applicable,unknown,unknown,unknown,Not applicable,Not applicable,Not published,agrees,gap-fill,line,reader,reader-r1-09,batch-09.csv#738 batch-09.csv#739,2 setting(s) read from p. 1.
ready,D-FABRU-PUREFIL-PUREFIL-PBT-FILAMENT-285-7080-PAGE,G140-01,M140,P1257,Manufacturer published guidance,240-260 ° C,160-200 ° C,Not published,Not published,Not published,Not published,Not published,Not published,p. 1: Nozzle temperature; p. 1: Printing table temperature,Nozzle temperature: 240-260 ° C | Printing table temperature: 160-200 ° C,range,240,260,required,range,160,200,required,unknown,Not applicable,Not applicable,unknown,unknown,unknown,Not applicable,Not applicable,Not published,agrees,gap-fill,line,reader,reader-r1-09,batch-09.csv#747 batch-09.csv#748,2 setting(s) read from p. 1.
ready,D-FABRU-PUREFIL-PUREFIL-PVC-P-FILAMENT-997-9569-PAGE,G135-01,M135,P0539,Manufacturer published guidance,190-230 ° C,60-80 ° C,Not published,Not published,Not published,Not published,Not published,Not published,p. 1: Nozzle temperature; p. 1: Printing table temperature,Nozzle temperature: 190-230 ° C | Printing table temperature: 60-80 ° C,range,190,230,required,range,60,80,required,unknown,Not applicable,Not applicable,unknown,unknown,unknown,Not applicable,Not applicable,Not published,agrees,gap-fill,line,reader,reader-r1-09,batch-09.csv#756 batch-09.csv#757,2 setting(s) read from p. 1.
ready,D-FABRU-PUREFIL-PUREFIL-SAN-FILAMENT-309-7549-PAGE,G136-02,M136,P0109,Manufacturer published guidance,230-260 ° C,90-110 ° C,Not published,Not published,Not published,Not published,Not published,Not published,p. 1: Nozzle temperature; p. 1: Printing table temperature,Nozzle temperature: 230-260 ° C | Printing table temperature: 90-110 ° C,range,230,260,required,range,90,110,required,unknown,Not applicable,Not applicable,unknown,unknown,unknown,Not applicable,Not applicable,Not published,agrees,gap-fill,line,reader,reader-r1-09,batch-09.csv#767 batch-09.csv#768,2 setting(s) read from p. 1.
ready,D-PUREFIL-TPU-53D-PAGE,G039-24,M162,P0051,Manufacturer published guidance,195-225 ° C,60-80 ° C,Not published,Not published,Not published,Not published,Not published,Not published,p. 1: Nozzle temperature; p. 1: Printing table temperature,Nozzle temperature: 195-225 ° C | Printing table temperature: 60-80 ° C,range,195,225,required,range,60,80,required,unknown,Not applicable,Not applicable,unknown,unknown,unknown,Not applicable,Not applicable,Not published,agrees,gap-fill,line,reader,reader-r1-09,batch-09.csv#775 batch-09.csv#776,2 setting(s) read from p. 1.
ready,R-FABRU-10204-material-data-sheet-TPS-40D-purefil,G170-01,M170,P1162,Manufacturer published guidance,Not published,60-80 °C,60-80 °C,Not published,80 °C,Not published,Not published,Not published,p. 1: Heated bed temperature; p. 1: Build chamber temperature; p. 1: Drying temperature,Heated bed temperature 60-80 °C | Build chamber temperature 60-80 °C | Drying temperature 80 °C,unknown,Not applicable,Not applicable,unknown,range,60,80,required,range,60,80,required,unknown,stated,80,Not published,Not published,agrees,gap-fill,block,reader,reader-r1-10,batch-10.csv#4 batch-10.csv#5 batch-10.csv#6,3 setting(s) read from p. 1.
ready,R-FABRU-10255-Material-data-sheet-TPV-98A-purefil,G167-13,M175,P0109,Manufacturer published guidance,Not published,80-95 °C,60-80 °C,Not published,Not published,Not published,Not published,Not published,p. 1: Heated bed temperature; p. 1: Build chamber temperature,Heated bed temperature 80-95 °C | Build chamber temperature 60-80 °C,unknown,Not applicable,Not applicable,unknown,range,80,95,required,range,60,80,required,unknown,unknown,Not applicable,Not applicable,Not published,agrees,gap-fill,block,reader,reader-r1-10,batch-10.csv#21 batch-10.csv#22,2 setting(s) read from p. 1.
ready,R-FABRU-10857-Material-datasheet-COC-flex-purefil-EN,G137-03,M137,P0890,Manufacturer published guidance,Not published,50-70°C,60-80 °C,Not published,Nicht notwendig,Not published,Not published,Not published,p. 1: Heated bed temperature; p. 1: Chamber temperature; p. 1: Drying temperature,Heated bed temperature 50-70°C | Chamber temperature 60-80 °C | Drying temperature Nicht notwendig,unknown,Not applicable,Not applicable,unknown,range,50,70,required,range,60,80,required,unknown,stated,Not published,Not published,Not published,agrees,gap-fill,block,reader,reader-r1-10,batch-10.csv#39 batch-10.csv#40 batch-10.csv#41,3 setting(s) read from p. 1.
ready,R-FABRU-1636-Fiche-technique-du-mat-riau-PLA-Silk-purefil,G008-10,M008,P0009,Manufacturer published guidance,190-210 ° C,Not published,Not published,Not published,"80 ° C, 2h",Not published,Not published,Not published,p. 1: Température d'impression; p. 1: Température de séchage / Temps de séchage,Température d'impression 190-210 ° C | Température de séchage 80 ° C | Temps de séchage 2h,range,190,210,required,unknown,Not applicable,Not applicable,unknown,unknown,Not applicable,Not applicable,unknown,unknown,stated,80,2,Not published,agrees,gap-fill,block,reader,reader-r1-10,batch-10.csv#54 batch-10.csv#56,2 setting(s) read from p. 1.
ready,R-FABRU-3492-Material-data-sheet-HDPE-GF20-purefil,G138-02,M138,P0109,Manufacturer published guidance,240-280 °C,80-120 °C,Not published,Not published,Not required,Not published,Not published,Not published,p. 1: Printing temperature; p. 1: Heated bed temperature; p. 1: Drying temperature,Printing temperature 240-280 °C | Heated bed temperature 80-120 °C | Drying temperature Not required,range,240,280,required,range,80,120,required,unknown,Not applicable,Not applicable,unknown,unknown,stated,Not published,Not published,Not published,agrees,gap-fill,block,reader,reader-r1-10,batch-10.csv#69 batch-10.csv#70 batch-10.csv#71,3 setting(s) read from p. 1.
ready,R-FABRU-3542-Material-data-sheet-SAN-purefil,G136-02,M136,P0109,Manufacturer published guidance,230-260 °C,90-110 °C,Not published,Not published,"80°C, 4-6h",Not published,Not published,Not published,p. 1: Printing temperature; p. 1: Heated bed temperature; p. 1: Drying temperature / Drying time,Printing temperature 230-260 °C | Heated bed temperature 90-110 °C | Drying temperature 80°C | Drying time 4-6h,range,230,260,required,range,90,110,required,unknown,Not applicable,Not applicable,unknown,unknown,stated,80,6,Not published,agrees,gap-fill,block,reader,reader-r1-10,batch-10.csv#84 batch-10.csv#85 batch-10.csv#86,3 setting(s) read from p. 1.
ready,R-FABRU-4701-material-data-sheet-GreenTEC-Pro-purefil,G001-66,M168,P0889,Manufacturer published guidance,190-250 °C,50-90 °C,Not published,Not published,"80°C, 2h",Not published,Not published,Not published,p. 1: Printing temperature; p. 1: Heated bed temperature; p. 1: Drying temperature / Drying time,Printing temperature 190-250 °C | Heated bed temperature 50-90 °C | Drying temperature 80°C | Drying time 2h,range,190,250,required,range,50,90,required,unknown,Not applicable,Not applicable,unknown,unknown,stated,80,2,Not published,agrees,gap-fill,block,reader,reader-r1-10,batch-10.csv#100 batch-10.csv#101 batch-10.csv#102,3 setting(s) read from p. 1.
ready,R-FABRU-652-Fiche-technique-du-mat-riau-PBT-purefil,G140-01,M140,P1257,Manufacturer published guidance,240-260 °C,160-200 °C,Not published,Not published,"120°C, 2-4h",Not published,Not published,Not published,p. 1: Température d'impression; p. 1: Température du lit chauffé; p. 1: Température de séchage / Temps de séchage,Température d'impression 240-260 °C | Température du lit chauffé 160-200 °C | Température de séchage 120°C | Temps de séchage 2-4h,range,240,260,required,range,160,200,required,unknown,Not applicable,Not applicable,unknown,unknown,stated,120,4,Not published,agrees,gap-fill,block,reader,reader-r1-10,batch-10.csv#115 batch-10.csv#116 batch-10.csv#117,3 setting(s) read from p. 1.
ready,R-FABRU-PUREFIL-10802-Material-datasheet-COC-tough-purefil-EN,G137-01,M137,P0890,Manufacturer published guidance,Not published,Not published,60-80°C,Not published,Not necessary,Not published,Not published,Not published,p. 1: Chamber temperature; p. 1: Drying temperature,Chamber temperature 60-80°C | Drying temperature Not necessary,unknown,Not applicable,Not applicable,unknown,unknown,Not applicable,Not applicable,unknown,range,60,80,required,unknown,stated,Not published,Not published,Not published,agrees,gap-fill,block,reader,reader-r1-10,batch-10.csv#133 batch-10.csv#134,2 setting(s) read from p. 1.
ready,R-FABRU-PUREFIL-109-material-data-sheet-PC-GF10-purefil,G038-03,M038,P0048,Manufacturer published guidance,290-320 °C,120-150 °C,Not published,Not published,"100 °C, 4 h",Not published,Not published,Not published,p. 1: Printing temperature; p. 1: Heated bed temperature; p. 1: Drying temperature / Drying time,Printing temperature 290-320 °C | Heated bed temperature 120-150 °C | Drying temperature 100 °C | Drying time 4 h,range,290,320,required,range,120,150,required,unknown,Not applicable,Not applicable,unknown,unknown,stated,100,4,Not published,agrees,gap-fill,block,reader,reader-r1-10,batch-10.csv#148 batch-10.csv#149 batch-10.csv#150,3 setting(s) read from p. 1.
ready,R-FABRU-PUREFIL-12071-Material-data-sheet-PP-purefil,G082-06,M082,P0103,Manufacturer published guidance,210-260 °C,70-90 °C,Not published,Not published,Pre-drying not necessary,Not published,Not published,Not published,p. 1: Printing temperature; p. 1: Heated bed temperature; p. 1: Trocknungstemperatur,Printing temperature 210-260 °C | Heated bed temperature 70-90 °C | Trocknungstemperatur Pre-drying not necessary,range,210,260,required,range,70,90,required,unknown,Not applicable,Not applicable,unknown,unknown,stated,Not published,Not published,Not published,agrees,gap-fill,block,reader,reader-r1-10,batch-10.csv#164 batch-10.csv#165 batch-10.csv#166,3 setting(s) read from p. 1.
ready,R-FABRU-PUREFIL-1639-material-data-sheet-PLA-Silk-purefil,G008-10,M008,P0009,Manufacturer published guidance,190-210 °C,Not published,Not published,Not published,"60°C, 4h",Not published,Not published,Not published,p. 1: Printing temperature; p. 1: Drying temperature / Drying time,Printing temperature 190-210 °C | Drying temperature 60°C | Drying time 4h,range,190,210,required,unknown,Not applicable,Not applicable,unknown,unknown,Not applicable,Not applicable,unknown,unknown,stated,60,4,Not published,agrees,gap-fill,block,reader,reader-r1-10,batch-10.csv#179 batch-10.csv#181,2 setting(s) read from p. 1.
ready,R-FABRU-PUREFIL-233-Material-data-sheet-TPC-purefil,G046-04,M046,P0059,Manufacturer published guidance,200-240 °C,100-120 °C,Not published,Not published,Not published,Not published,a heatable printing plate is essential,Not published,p. 1: Printing temperature; p. 1: Heated bed temperature; p. 1: Heatable printing plate (General text),"Printing temperature 200-240 °C | Heated bed temperature 100-120 °C | In order to process TPC successfully, a heatable printing plate is essential.",range,200,240,required,range,100,120,required,unknown,Not applicable,Not applicable,unknown,unknown,unknown,Not applicable,Not applicable,Not published,agrees,gap-fill,block+line,reader,reader-r1-10,batch-10.csv#194 batch-10.csv#195 batch-10.csv#196,3 setting(s) read from p. 1.
ready,R-FABRU-PUREFIL-241-Material-data-sheet-TPU-53D-purefil,G039-24,M162,P0051,Manufacturer published guidance,195-235 °C,Not published,Not published,Not published,"80°C, 2-3h",Not published,Not published,Not published,p. 1: Printing temperature; p. 1: Drying temperature / Drying time,Printing temperature 195-235 °C | Drying temperature 80°C | Drying time 2-3h,range,195,235,required,unknown,Not applicable,Not applicable,unknown,unknown,Not applicable,Not applicable,unknown,unknown,stated,80,3,Not published,agrees,gap-fill,block,reader,reader-r1-10,batch-10.csv#210 batch-10.csv#212,2 setting(s) read from p. 1.
ready,R-FABRU-PUREFIL-3493-Materialdatenblatt-HDPE-GF20-purefil,G138-02,M138,P0109,Manufacturer published guidance,240-280 °C,80-120 °C,Not published,Not published,Nicht erforderlich,Not published,Not published,Not published,p. 1: Drucktemperatur; p. 1: Heizbett Temperatur; p. 1: Trocknungstemperatur,Drucktemperatur 240-280 °C | Heizbett Temperatur 80-120 °C | Trocknungstemperatur Nicht erforderlich,range,240,280,required,range,80,120,required,unknown,Not applicable,Not applicable,unknown,unknown,stated,Not published,Not published,Not published,agrees,gap-fill,block,reader,reader-r1-10,batch-10.csv#225 batch-10.csv#226 batch-10.csv#227,3 setting(s) read from p. 1.
ready,R-FABRU-PUREFIL-3514-Material-data-sheet-PA12-purefil,G052-03,M052,P0139,Manufacturer published guidance,250-270 °C,100-120 °C,Not published,Not published,"80°C, 4-12h",Not published,Not published,Not published,p. 1: Printing temperature; p. 1: Heated bed temperature; p. 1: Drying temperature / Drying time,Printing temperature 250-270 °C | Heated bed temperature 100-120 °C | Drying temperature 80°C | Drying time 4-12h,range,250,270,required,range,100,120,required,unknown,Not applicable,Not applicable,unknown,unknown,stated,80,12,Not published,agrees,gap-fill,block,reader,reader-r1-10,batch-10.csv#241 batch-10.csv#242 batch-10.csv#243,3 setting(s) read from p. 1.
ready,R-FABRU-PUREFIL-4706-material-data-sheet-LCP-purefil,G139-01,M139,P1257,Manufacturer published guidance,280-300 °C,120-150 °C,Not published,Not published,"150 °C, 4-6 h",Not published,Not published,Not published,p. 1: Printing temperature; p. 1: Heated bed temperature; p. 1: Drying temperature / Drying time,Printing temperature 280-300 °C | Heated bed temperature 120-150 °C | Drying temperature 150 °C | Drying time 4-6 h,range,280,300,required,range,120,150,required,unknown,Not applicable,Not applicable,unknown,unknown,stated,150,6,Not published,agrees,gap-fill,block,reader,reader-r1-10,batch-10.csv#257 batch-10.csv#258 batch-10.csv#259,3 setting(s) read from p. 1.
ready,R-FABRU-PUREFIL-656-Materialdatenblatt-PBT-purefil,G140-01,M140,P1257,Manufacturer published guidance,240-260 °C,160-200 °C,Not published,Not published,"120°C, 2-4h",Not published,Not published,Not published,p. 1: Drucktemperatur; p. 1: Heizbett Temperatur; p. 1: Trocknungstemperatur / Trocknungsdauer,Drucktemperatur 240-260 °C | Heizbett Temperatur 160-200 °C | Trocknungstemperatur 120°C | Trocknungsdauer 2-4h,range,240,260,required,range,160,200,required,unknown,Not applicable,Not applicable,unknown,unknown,stated,120,4,Not published,agrees,gap-fill,block,reader,reader-r1-10,batch-10.csv#272 batch-10.csv#273 batch-10.csv#274,3 setting(s) read from p. 1.
ready,R-FABRU-PUREFIL-7782-Materialdatenblatt-PVC-P-purefil,G135-01,M135,P0539,Manufacturer published guidance,190-230 °C,60-70 °C,Not published,Not published,nicht notwendig,Not published,Not published,Not published,p. 1: Drucktemperatur; p. 1: Heizbett Temperatur; p. 1: Trocknungstemperatur,Drucktemperatur 190-230 °C | Heizbett Temperatur 60-70 °C | Trocknungstemperatur nicht notwendig,range,190,230,required,range,60,70,required,unknown,Not applicable,Not applicable,unknown,unknown,stated,Not published,Not published,Not published,agrees,gap-fill,block,reader,reader-r1-10,batch-10.csv#289 batch-10.csv#290 batch-10.csv#291,3 setting(s) read from p. 1.
ready,R-FABRU-PUREFIL-787-Materialdatenblatt-SAN-purefil,G136-02,M136,P0109,Manufacturer published guidance,230-260 °C,90-110 °C,Not published,Not published,"80°C, 4-6h",Not published,Not published,Not published,p. 1: Drucktemperatur; p. 1: Heizbett Temperatur; p. 1: Trocknungstemperatur / Trocknungsdauer,Drucktemperatur 230-260 °C | Heizbett Temperatur 90-110 °C | Trocknungstemperatur 80°C | Trocknungsdauer 4-6h,range,230,260,required,range,90,110,required,unknown,Not applicable,Not applicable,unknown,unknown,stated,80,6,Not published,agrees,gap-fill,block,reader,reader-r1-10,batch-10.csv#304 batch-10.csv#305 batch-10.csv#306,3 setting(s) read from p. 1.
ready,D-FIBERLOGY-BVOH-FILAMENT-PAGE,G076-04,M076,P1041,Manufacturer published guidance,190–220°C,60°C,Not published,not required,50°C / 4 hours,Not published,"Smooth PEI, Textured PEI, Glass",Not published,p. 1: Printing temperature; p. 1: Bed temperature; p. 1: Bed material; p. 1: Drying conditions; p. 1: Enclosed chamber,"Printing temperature: 190–220°C | Bed temperature: 60°C | Bed material: Smooth PEI, Textured PEI, Glass | Drying conditions: 50°C / 4 hours | Enclosed chamber: not required",range,190,220,required,range,60,60,required,unknown,Not applicable,Not applicable,unknown,not-needed,stated,50,4,Not published,agrees,gap-fill,line,reader,reader-r1-10,batch-10.csv#330 batch-10.csv#331 batch-10.csv#332 batch-10.csv#333 batch-10.csv#334,5 setting(s) read from p. 1.
ready,D-FIBERLOGY-FIBERFLEX-AERO-FILAMENT-PAGE,G134-01,M134,P0494,Manufacturer published guidance,210-235°C,30-70°C,Not published,not required,60°C / 4 hours,Not published,"Smooth PEI, Glass",Not published,p. 1: Printing temperature; p. 1: Bed temperature; p. 1: Bed; p. 1: Drying conditions; p. 1: Enclosed chamber,"Printing temperature: 210-235°C | Bed temperature: 30-70°C | Bed: Smooth PEI, Glass | Drying conditions: 60°C / 4 hours | Enclosed chamber: not required",range,210,235,required,range,30,70,required,unknown,Not applicable,Not applicable,unknown,not-needed,stated,60,4,Not published,agrees,gap-fill,line,reader,reader-r1-11,batch-11.csv#22 batch-11.csv#23 batch-11.csv#24 batch-11.csv#25 batch-11.csv#26,5 setting(s) read from p. 1.
ready,D-FIBERLOGY-FIBERFLEXCF-FILAMENT-S2-PAGE,G129-07,M129,P1093,Manufacturer published guidance,190–205°C,80°C,Not published,not required,80°C / 4 hours,Not published,Smooth PEI + masking tape or adhesive; Textured PEI + adhesive; Glass + masking tape or adhesive,Not published,p. 1: Printing temperature; p. 1: Bed temperature; p. 1: Bed; p. 1: Drying conditions; p. 1: Enclosed chamber,Printing temperature: 190–205°C | Bed temperature: 80°C | Bed: Smooth PEI + masking tape or adhesive; Textured PEI + adhesive; Glass + masking tape or adhesive | Drying conditions: 80°C / 4 hours | Enclosed chamber: not required,range,190,205,required,range,80,80,required,unknown,Not applicable,Not applicable,unknown,not-needed,stated,80,4,Not published,agrees,gap-fill,line,reader,reader-r1-11,batch-11.csv#40 batch-11.csv#41 batch-11.csv#42 batch-11.csv#43 batch-11.csv#44,5 setting(s) read from p. 1.
ready,D-FIBERLOGY-MATTFLEX-40D-PAGE,G167-04,M046,P1167,Manufacturer published guidance,210–230°C,70°C,Not published,not required,50°C / 4 hours,Not published,Smooth PEI + masking tape or adhesive; Textured PEI + adhesive; Glass + masking tape or adhesive,Not published,p. 1: Printing temperature; p. 1: Bed temperature; p. 1: Build surface; p. 1: Drying conditions; p. 1: Enclosed chamber,Printing temperature: 210–230°C | Bed temperature: 70°C | Build surface: Smooth PEI + masking tape or adhesive; Textured PEI + adhesive; Glass + masking tape or adhesive | Drying conditions: 50°C / 4 hours | Enclosed chamber: not required,range,210,230,required,range,70,70,required,unknown,Not applicable,Not applicable,unknown,not-needed,stated,50,4,Not published,agrees,gap-fill,line,reader,reader-r1-11,batch-11.csv#59 batch-11.csv#60 batch-11.csv#61 batch-11.csv#62 batch-11.csv#63,5 setting(s) read from p. 1.
ready,D-FIBERLOGY-PA12-NYLON-FILAMENT-PAGE,G052-06,M052,P1067,Manufacturer published guidance,255–270°C,110°C,enclosed and heated chamber recommended,required,70°C / 4 hours,Not published,Smooth PEI + adhesive; Textured PEI + adhesive; Glass + adhesive,Not published,p. 1: Description; p. 1: Printing temperature; p. 1: Bed temperature; p. 1: Bed material; p. 1: Drying conditions; p. 1: Enclosed chamber,it is recommended to use a 3D printer with an enclosed and heated chamber when printing with Nylon PA12 | Printing temperature: 255–270°C | Bed temperature: 110°C | Bed material: Smooth PEI + adhesive; Textured PEI + adhesive; Glass + adhesive | Drying conditions: 70°C / 4 hours | Enclosed chamber: required,range,255,270,required,range,110,110,required,unknown,Not applicable,Not applicable,required,recommended,stated,70,4,Not published,agrees,gap-fill,line,reader,reader-r1-11,batch-11.csv#75 batch-11.csv#76 batch-11.csv#77 batch-11.csv#78 batch-11.csv#79 batch-11.csv#80,6 setting(s) read from p. 1.
ready,D-FIBERLOGY-PCTGCF-FILAMENT-PAGE,G144-03,M144,P1060,Manufacturer published guidance,250–270°C,100°C,Not published,not required,60°C / 4 hours,Not published,Smooth PEI + adhesive; Textured PEI; Glass + adhesive,Not published,p. 1: Printing temperature; p. 1: Bed temperature; p. 1: Bed material; p. 1: Drying conditions; p. 1: Enclosed chamber,Printing temperature: 250–270°C | Bed temperature: 100°C | Bed material: Smooth PEI + adhesive; Textured PEI; Glass + adhesive | Drying conditions: 60°C / 4 hours | Enclosed chamber: not required,range,250,270,required,range,100,100,required,unknown,Not applicable,Not applicable,unknown,not-needed,stated,60,4,Not published,agrees,gap-fill,line,reader,reader-r1-11,batch-11.csv#116 batch-11.csv#117 batch-11.csv#118 batch-11.csv#119 batch-11.csv#120,5 setting(s) read from p. 1.
ready,D-FIBERLOGY-PCTGGF-FILAMENT-PAGE,G110-03,M110,P1075,Manufacturer published guidance,250–270°C,100°C,Not published,not required,60°C / 4 hours,Not published,Smooth PEI + adhesive; Textured PEI; Glass + adhesive,Not published,p. 1: Printing temperature; p. 1: Bed temperature; p. 1: Bed material; p. 1: Drying conditions; p. 1: Enclosed chamber,Printing temperature: 250–270°C | Bed temperature: 100°C | Bed material: Smooth PEI + adhesive; Textured PEI; Glass + adhesive | Drying conditions: 60°C / 4 hours | Enclosed chamber: not required,range,250,270,required,range,100,100,required,unknown,Not applicable,Not applicable,unknown,not-needed,stated,60,4,Not published,agrees,gap-fill,line,reader,reader-r1-11,batch-11.csv#134 batch-11.csv#135 batch-11.csv#136 batch-11.csv#137 batch-11.csv#138,5 setting(s) read from p. 1.
ready,D-FIBERLOGY-PLA-MINERAL-FILAMENT-PAGE,G158-01,M158,P1050,Manufacturer published guidance,190–210°C,60°C,Not published,not required,50°C / 6 hours,Not published,"Smooth PEI, Textured PEI, Glass",Not published,p. 1: Printing temperature; p. 1: Bed temperature; p. 1: Bed material; p. 1: Drying conditions; p. 1: Enclosed chamber,"Printing temperature: 190–210°C | Bed temperature: 60°C | Bed material: Smooth PEI, Textured PEI, Glass | Drying conditions: 50°C / 6 hours | Enclosed chamber: not required",range,190,210,required,range,60,60,required,unknown,Not applicable,Not applicable,unknown,not-needed,stated,50,6,Not published,agrees,gap-fill,line,reader,reader-r1-11,batch-11.csv#170 batch-11.csv#171 batch-11.csv#172 batch-11.csv#173 batch-11.csv#174,5 setting(s) read from p. 1.
ready,D-FIBERLOGY-RNYLON-FILAMENT-PAGE,G052-07,M052,P1094,Manufacturer published guidance,255–270°C,110°C,Not published,required,70°C / 4 hours,Not published,Smooth PEI + adhesive; Textured PEI + adhesive; Glass + adhesive,Not published,p. 1: Printing temperature; p. 1: Bed temperature; p. 1: Bed material; p. 1: Drying conditions; p. 1: Enclosed chamber,Printing temperature: 255–270°C | Bed temperature: 110°C | Bed material: Smooth PEI + adhesive; Textured PEI + adhesive; Glass + adhesive | Drying conditions: 70°C / 4 hours | Enclosed chamber: required,range,255,270,required,range,110,110,required,unknown,Not applicable,Not applicable,unknown,recommended,stated,70,4,Not published,agrees,gap-fill,line,reader,reader-r1-11,batch-11.csv#204 batch-11.csv#205 batch-11.csv#206 batch-11.csv#207 batch-11.csv#208,5 setting(s) read from p. 1.
ready,D-FIBERLOGY-RPP-FILAMENT-PAGE,G082-13,M082,P1267,Manufacturer published guidance,220–250°C,Not required when using packing tape,Not published,not required,50°C / 4 hours,Not published,Smooth PEI + packing tape (PP); Glass + packing tape (PP); Powder-coated plate – PP,Not published,p. 1: Printing temperature; p. 1: Bed temperature; p. 1: Build surface; p. 1: Drying conditions; p. 1: Enclosed chamber,Printing temperature: 220–250°C | Bed temperature: Not required when using packing tape | Build surface: Smooth PEI + packing tape (PP); Glass + packing tape (PP); Powder-coated plate – PP | Drying conditions: 50°C / 4 hours | Enclosed chamber: not required,range,220,250,required,not-required,Not applicable,Not applicable,none,unknown,Not applicable,Not applicable,unknown,not-needed,stated,50,4,Not published,agrees,gap-fill,line,reader,reader-r1-11,batch-11.csv#221 batch-11.csv#222 batch-11.csv#223 batch-11.csv#224 batch-11.csv#225,5 setting(s) read from p. 1.
ready,R-FIBERLOGY-PRINT-20260928-715fa20ea047,G052-07,M052,P1094,Manufacturer published guidance,255–270°C,110°C,Not published,required,70°C / 4 hours,Not published,Smooth PEI + adhesive; Textured PEI + adhesive; Glass + adhesive,Not published,p. 1: Printing temperature; p. 1: Bed temperature; p. 1: Bed material; p. 1: Drying conditions; p. 1: Enclosed chamber,Printing temperature: 255–270°C | Bed temperature: 110°C | Bed material: Smooth PEI + adhesive; Textured PEI + adhesive; Glass + adhesive | Drying conditions: 70°C / 4 hours | Enclosed chamber: required,range,255,270,required,range,110,110,required,unknown,Not applicable,Not applicable,unknown,recommended,stated,70,4,Not published,agrees,gap-fill,line,reader,reader-r1-12,batch-12.csv#240 batch-12.csv#241 batch-12.csv#242 batch-12.csv#243 batch-12.csv#244,5 setting(s) read from p. 1.
ready,R-FILAMENT2PRINT-BioFil-PCL,G149-04,M149,P1000,Manufacturer published guidance,Not published,Not published,Not published,Not published,recommended to dry the material prior to usage and to 3D print it directly from a dry box,Not published,Not published,Not published,p. 1: Storage and handling,it is | recommended to dry the material prior to usage and to 3D print it directly from a dry box.,unknown,Not applicable,Not applicable,unknown,unknown,Not applicable,Not applicable,unknown,unknown,Not applicable,Not applicable,unknown,unknown,stated,Not published,Not published,Not published,agrees,gap-fill,line,reader,reader-r1-12,batch-12.csv#356,1 setting(s) read from p. 1.
ready,D-FILLAMENTUM-NYLON-FX256-GUIDE,G164-01,M052,P1160,Manufacturer published guidance,235 – 255 °C,90 – 110 °C,Not published,recommended,80 °C for 3 hours,Not published,"mirror / glass, (PEI)",Not published,p. 1: Printing temperature; p. 1: Heated bed temperature; p. 1: Heated bed surface; p. 1: Heated chamber / enclosure; p. 1: Storing (re-dry),"Printing temperature: 235 – 255 °C | Heated bed temperature: 90 – 110 °C | Heated bed surface: mirror / glass, (PEI) | Heated chamber / enclosure: recommended | The conditions to achieve optimal level of moisture are 80 °C for 3 hours.",range,235,255,required,range,90,110,required,unknown,Not applicable,Not applicable,unknown,recommended,stated,80,3,Not published,agrees,gap-fill,line,reader,reader-r1-13,batch-13.csv#3 batch-13.csv#4 batch-13.csv#7 batch-13.csv#10 batch-13.csv#11,5 setting(s) read from p. 1.
ready,R-FILLAMENTUM-PRIORITY-20261003-3f22b7dd7442,G027-19,M027,P0535,Manufacturer published guidance,Not published,Not published,Not published,Not published,"2 h, 80 °C",Not published,Not published,Not published,p. 2: ABS EXTRAFILL,ABS EXTRAFILL 2 h 80 °C 2 | process instability,unknown,Not applicable,Not applicable,unknown,unknown,Not applicable,Not applicable,unknown,unknown,Not applicable,Not applicable,unknown,unknown,stated,80,2,Not published,agrees,gap-fill,line,reader,reader-r1-13,batch-13.csv#268,1 setting(s) read from p. 2.
ready,R-FILLAMENTUM-PRIORITY-20261003-3f22b7dd7442,G082-07,M082,P0531,Manufacturer published guidance,Not published,Not published,Not published,Not published,"2 h, 80 °C",Not published,Not published,Not published,p. 2: PP 2320,PP 2320 2 h 80 °C 1,unknown,Not applicable,Not applicable,unknown,unknown,Not applicable,Not applicable,unknown,unknown,Not applicable,Not applicable,unknown,unknown,stated,80,2,Not published,agrees,gap-fill,line,reader,reader-r1-13,batch-13.csv#291,1 setting(s) read from p. 2.
ready,D-FORMFUTURA-HIGH-PRECISION-PET-PAGE,G066-01,M066,P0085,Manufacturer published guidance,± 235 – 260° C,± 80 – 90° C,Not published,No,Not published,≥ 0.1mm,Not published,Not published,p. 1: Nozzle size; p. 1: Enclosure needed; p. 1: Print temp; p. 1: Heat bed,Nozzle size: ≥ 0.1mm | Enclosure needed: No | Print temp: ± 235 – 260° C | Heat bed: ± 80 – 90° C,range,235,260,required,range,80,90,required,unknown,Not applicable,Not applicable,unknown,not-needed,unknown,Not applicable,Not applicable,Not published,agrees,gap-fill,line,reader,reader-r1-13,batch-13.csv#444 batch-13.csv#446 batch-13.csv#447 batch-13.csv#449,4 setting(s) read from p. 1.
ready,R-FORMFUTURA-STYX-PA6-TDS,G049-02,M049,P0064,Manufacturer published guidance,Not published,Not published,Not published,Not published,dry the material prior to usage and print directly from a dry box,Not published,Not published,Not published,p. 1: Storage and handling,"To obtain the best parameters of the printed object, it is recommended to dry the material prior to usage and to 3D print it directly from a dry box.",unknown,Not applicable,Not applicable,unknown,unknown,Not applicable,Not applicable,unknown,unknown,Not applicable,Not applicable,unknown,unknown,stated,Not published,Not published,Not published,agrees,gap-fill,line,reader,reader-r1-13,batch-13.csv#471,1 setting(s) read from p. 1.
ready,S-PET-TDS-EasyFil-PET,G066-07,M066,P0085,Manufacturer published guidance,Not published,Not published,Not published,Not published,it is recommended to dry the material prior to usage and to 3D print it directly from a dry box,Not published,Not published,Not published,p. 1: Storage and handling,it is recommended to dry the material prior to usage and to 3D print it directly from a dry box.,unknown,Not applicable,Not applicable,unknown,unknown,Not applicable,Not applicable,unknown,unknown,Not applicable,Not applicable,unknown,unknown,stated,Not published,Not published,Not published,agrees,gap-fill,line,reader,reader-r1-14,batch-14.csv#104,1 setting(s) read from p. 1.
ready,S-PET-TDS-FlexiFil-TPC-30D-0,G046-05,M046,P0059,Manufacturer published guidance,Not published,Not published,Not published,Not published,it is recommended to dry the material prior to usage and to 3D print it directly from a dry box,Not published,Not published,Not published,p. 1: Storage and handling,it is recommended to dry the material prior to usage and to 3D print it directly from a dry box.,unknown,Not applicable,Not applicable,unknown,unknown,Not applicable,Not applicable,unknown,unknown,Not applicable,Not applicable,unknown,unknown,stated,Not published,Not published,Not published,agrees,gap-fill,line,reader,reader-r1-14,batch-14.csv#131,1 setting(s) read from p. 1.
ready,S-PET-TDS-FlexiFil-TPC-40D,G046-06,M046,P0059,Manufacturer published guidance,Not published,Not published,Not published,Not published,it is recommended to dry the material prior to usage and to 3D print it directly from a dry box,Not published,Not published,Not published,p. 1: Storage and handling,it is recommended to dry the material prior to usage and to 3D print it directly from a dry box.,unknown,Not applicable,Not applicable,unknown,unknown,Not applicable,Not applicable,unknown,unknown,Not applicable,Not applicable,unknown,unknown,stated,Not published,Not published,Not published,agrees,gap-fill,line,reader,reader-r1-14,batch-14.csv#144,1 setting(s) read from p. 1.
ready,R-KIMYA-TPC-91A-TDS,G046-02,M046,P0059,Manufacturer published guidance,260°C,60°C,Not published,Not published,Not published,Not published,Not published,Not published,p. 2: EXTRUSION TEMPERATURE; p. 2: BED TEMPERATURE,EXTRUSION TEMPERATURE 260°C | BED TEMPERATURE 60°C,range,260,260,required,range,60,60,required,unknown,Not applicable,Not applicable,unknown,unknown,unknown,Not applicable,Not applicable,Not published,agrees,gap-fill,line,reader,reader-r1-15,batch-15.csv#12 batch-15.csv#13,2 setting(s) read from p. 2.
ready,D-LEHVOSS-LUVOCOM-3F-PAHT-KK-50056-BK-FR,G148-02,M148,P0954,Manufacturer published guidance,265 - 290 °C,Not published,Not published,Not published,"130 °C, 6 - 8 h",Not published,Not published,abbrasion resistant,p. 2: nozzle temperature; p. 2: nozzle material; p. 2: Dehumidifying dryer,nozzle temperature: 265 - 290 °C | nozzle material: abbrasion resistant | Dehumidifying dryer 130 6 - 8,range,265,290,required,unknown,Not applicable,Not applicable,unknown,unknown,Not applicable,Not applicable,unknown,unknown,stated,130,8,TRUE,agrees,gap-fill,line,reader,reader-r1-15,batch-15.csv#42 batch-15.csv#43 batch-15.csv#47,3 setting(s) read from p. 2.
ready,R-COLORFABB-TDS-LUVOCOM-3F-Filaments-9825-NT,G147-01,M147,P0946,Manufacturer published guidance,265 - 290 °C,Not published,printable on non-heated chamber machines,Not published,"110 °C, 6 - 8 h",≥ 0.2 mm,Magigoo PA® or Vision Miner Nano Adhesive,Not published,p. 2: chamber; p. 2: Dehumidifying dryer; p. 2: Printing temperature; p. 2: Nozzle diameter; p. 2: adhesion aid,the ability to be printable on non-heated chamber machines | Dehumidifying dryer 110 6 - 8 | Printing temperature °C 265 - 290 | *when not using profiles from Ultimaker Cura Marketplace | Nozzle diameter mm ≥ 0.2 | Magigoo PA® or Vision Miner Nano Adhesive are recommended,range,265,290,required,unknown,Not applicable,Not applicable,unknown,not-required,Not applicable,Not applicable,none,unknown,stated,110,8,Not published,agrees,gap-fill,line,reader,reader-r1-15,batch-15.csv#125 batch-15.csv#128 batch-15.csv#130 batch-15.csv#133 batch-15.csv#135,5 setting(s) read from p. 2.
ready,R-NANOVIA-COVERAGE-20261001-19c4810bdc29,G081-06,M130,P0721,Manufacturer published guidance,260 to 280°C,between 100 and 140°C,Not published,Not published,Not published,0.5 (>0.4) mm,Not published,Not published,p. 1: heating plate; p. 1: filament extruded at; p. 1: Nozzle,A heating plate is necessary during printing (between 100 and 140°C) | the filament is extruded at a temperature range from 260 to 280°C | Nozzle 0.5 (>0.4) mm,range,260,280,required,range,100,140,required,unknown,Not applicable,Not applicable,unknown,unknown,unknown,Not applicable,Not applicable,Not published,agrees,gap-fill,line,reader,reader-r1-15,batch-15.csv#323 batch-15.csv#324 batch-15.csv#327,3 setting(s) read from p. 1.
ready,R-NANOVIA-COVERAGE-20261001-1d6a8af9c7d8,G081-06,M130,P0721,Manufacturer published guidance,260 - 280 °C,130 - 150 °C,Not published,Not published,Not published,"> 0,4 mm",Not published,Not published,p. 1: T° Extrusion; p. 1: T° Plateau; p. 1: Buse,"T° Extrusion 260 - 280 °C | T° Plateau 130 - 150 °C | Buse > 0,4 mm",range,260,280,required,range,130,150,required,unknown,Not applicable,Not applicable,unknown,unknown,unknown,Not applicable,Not applicable,Not published,agrees,gap-fill,line,reader,reader-r1-15,batch-15.csv#436 batch-15.csv#437 batch-15.csv#439,3 setting(s) read from p. 1.
ready,D-NINJATEK-ARMADILLO-PAGE,G039-39,M162,P0051,Manufacturer published guidance,210°C – 230°C,Not published,Not published,Not published,Not published,Not published,Glue is suggested on bed.,Not published,p. 1: Extruder Temperature; p. 1: Platform Temperature,Extruder Temperature | 210°C – 230°C | Glue is suggested on bed.,range,210,230,required,unknown,Not applicable,Not applicable,unknown,unknown,Not applicable,Not applicable,unknown,unknown,unknown,Not applicable,Not applicable,Not published,agrees,gap-fill,line,reader,reader-r1-16,batch-16.csv#58 batch-16.csv#60,2 setting(s) read from p. 1.
ready,S-PANCHROMA-TM-COPE-PAGE,G091-02,M091,P0163,Manufacturer published guidance,190 – 230 (℃),25 - 60 (˚C),Not published,Not Needed,55˚C for 6h (only if absorbed moisture),Based on 0.4 mm nozzle,PC and Texture PEI (adhesive required for textured PEI for easy removal),Not published,p. 1: Nozzle temperature; p. 1: Build surface treatment; p. 1: Build plate temperature; p. 1: Closure Chamber; p. 1: Drying setting; p. 1: Print settings basis,Nozzle temperature | 190 – 230 (℃) | Build surface treatment | PC and Texture PEI (adhesive required for textured PEI for easy removal) | Build plate temperature | 25 - 60 (˚C) | Closure Chamber | Not Needed | Drying setting | 55˚C for 6h (only if absorbed moisture) | Based on 0.4 mm nozzle.,range,190,230,required,range,25,60,required,unknown,Not applicable,Not applicable,unknown,not-needed,stated,55,6,Not published,agrees,gap-fill,line,reader,reader-r1-16,batch-16.csv#197 batch-16.csv#198 batch-16.csv#199 batch-16.csv#205 batch-16.csv#207 batch-16.csv#209,6 setting(s) read from p. 1.
ready,S-SILK-PLA-PAGE,G008-01,M008,P0162,Manufacturer published guidance,190˚C - 230˚C,25˚C - 60˚C,Not published,Not needed,55˚C for 6h (Only if the material has absorbed moisture),0.4 mm or larger nozzle,glue when needed on PC or textured PEI,Not published,p. 1: Printing Temperature; p. 1: Bed Temperature; p. 1: Drying Settings; p. 1: Enclosure; p. 1: Printing Tips; p. 1: Printing Tips,"Printing Temperature: 190˚C - 230˚C | Bed Temperature: 25˚C - 60˚C | Drying Settings: 55˚C for 6h (Only if the material has absorbed moisture) | Enclosure Not needed | Use standard PLA settings, a 0.4 mm or larger nozzle, and full cooling for the best surface quality. | Use glue when needed on PC or textured PEI and allow the plate to cool before removal.",range,190,230,required,range,25,60,required,unknown,Not applicable,Not applicable,unknown,not-needed,stated,55,6,Not published,agrees,gap-fill,line,reader,reader-r1-16-b,batch-16.csv#489 batch-16.csv#490 batch-16.csv#497 batch-16.csv#501 batch-16.csv#503 batch-16.csv#505,6 setting(s) read from p. 1.
ready,D-RECREUS-FILAFLEX-95-FOAMY-PAGE,G150-01,M150,P0978,Manufacturer published guidance,245-250°C,No heating (room temperature),Not published,Not published,"55°C, 1 h",0.4mm,Not published,Not published,p. 1: Filament Drying Temperature; p. 1: Description foaming temperature; p. 1: Nozzle; p. 1: Bed Temperature (small parts),Filament Drying (CRUCIAL): | Temperature: 55°C | Minimum time: 1 hour | at 245-250°C with 60-70% flow rate | 0.4mm  0.2mm  0.55mm  73%  5.0 mm³/s  248°C | Small parts: No heating (room temperature),range,245,250,required,ambient,Not applicable,Not applicable,required,unknown,Not applicable,Not applicable,unknown,unknown,stated,55,1,Not published,agrees,gap-fill,line,reader,reader-r1-16-b,batch-16.csv#610 batch-16.csv#611 batch-16.csv#616 batch-16.csv#660,4 setting(s) read from p. 1.
ready,R-SIRAYA-COVERAGE-20261001-8af0c76b9d9c,G039-69,M150,P0977,Manufacturer published guidance,230°C - 270°C,30°C - 45°C,Not published,Not published,dry the filament thoroughly in a convection oven at 70°C - 80°C for 4-6 hours before printing,0.4mm - 0.8mm,"Glass, PEI, BuildTak®, Wham Bam PEX, or similar",Not published,p. 1: Wet Filament?; p. 1: Nozzle Temperature; p. 1: Nozzle Diameter; p. 1: Bed Temperature; p. 1: Build Surface,"Wet Filament? If you suspect moisture exposure, dry the filament thoroughly in a convection oven at 70°C - 80°C for 4-6 hours before printing. | Nozzle Temperature  230°C - 270°C  See the table below for how temperature affects hardness and density. Optimal Performance: We've found 260°C It's a great temperature to start your tuning. | Nozzle Diameter  0.4mm - 0.8mm  Standard 0.4mm works great | Bed Temperature  30°C - 45°C  A little heat helps adhesion, but too much can make removal tricky. | Build Surface  Glass, PEI, BuildTak®, Wham Bam PEX, or similar",range,230,270,required,range,30,45,required,unknown,Not applicable,Not applicable,unknown,unknown,stated,80,6,Not published,agrees,gap-fill,line,reader,reader-r1-17,batch-17.csv#575 batch-17.csv#579 batch-17.csv#580 batch-17.csv#581 batch-17.csv#582,5 setting(s) read from p. 1.
ready,D-SPECTRUM-PLA-SILK-RAINBOW-PAGE,G008-24,M008,P0009,Manufacturer published guidance,215-240°C,30-60°C,Not published,not necessary,No,Not published,Not published,Ruby or hardened nozzle recommended: No,p. 1: Nozzle temperature [°C]; p. 1: Bed temperature [°C]; p. 1: Enclosure; p. 1: Drybox recommended; p. 1: Ruby or hardened nozzle recommended,Nozzle temperature [°C] | 215-240°C | Bed temperature [°C] | 30-60°C | Enclosure | not necessary | Drybox recommended | No | Ruby or hardened nozzle recommended,range,215,240,required,range,30,60,required,unknown,Not applicable,Not applicable,unknown,not-needed,stated,Not published,Not published,FALSE,agrees,gap-fill,line,reader,reader-r1-17,batch-17.csv#607 batch-17.csv#608 batch-17.csv#611 batch-17.csv#612 batch-17.csv#613,5 setting(s) read from p. 1.
ready,R-SPECTRUM-PORTFOLIO-2024,G001-69,M001,P0557,Manufacturer published guidance,185-215 °C,0-45 °C,not necessary,Not published,No,Not published,not necessary*,Ruby or hardened nozzle recommended: No,p. 4: Nozzle temp. [°C]; p. 4: Bed temp. [°C]; p. 4: Closed chamber for printing; p. 4: Dry box recommended; p. 4: Ruby or hardened nozzle recommended; p. 4: Adhesive,PLA Premium | 185-215 | 0-45 | not necessary | No | not necessary*,range,185,215,required,range,0,45,required,not-required,Not applicable,Not applicable,none,unknown,stated,Not published,Not published,FALSE,agrees,gap-fill,line,matched:exact:maker-wide,reader-r1-18-b,batch-18.csv#576 batch-18.csv#577 batch-18.csv#581 batch-18.csv#582 batch-18.csv#583 batch-18.csv#584,6 setting(s) read from p. 4.
ready,R-SPECTRUM-PORTFOLIO-2024,G001-15,M001,P0234,Manufacturer published guidance,185-215 °C,0-45 °C,not necessary,Not published,No,Not published,not necessary*,Ruby or hardened nozzle recommended: No,p. 4: Nozzle temp. [°C]; p. 4: Bed temp. [°C]; p. 4: Closed chamber for printing; p. 4: Dry box recommended; p. 4: Ruby or hardened nozzle recommended; p. 4: Adhesive,PLA Crystal | 185-215 | 0-45 | not necessary | No | not necessary*,range,185,215,required,range,0,45,required,not-required,Not applicable,Not applicable,none,unknown,stated,Not published,Not published,FALSE,agrees,gap-fill,line,matched:exact:maker-wide,reader-r1-18-b,batch-18.csv#586 batch-18.csv#587 batch-18.csv#591 batch-18.csv#592 batch-18.csv#593 batch-18.csv#594,6 setting(s) read from p. 4.
ready,R-SPECTRUM-PORTFOLIO-2024,G001-17,M001,P0237,Manufacturer published guidance,185-215 °C,0-60 °C,not necessary,Not published,No,Not published,not necessary*,Ruby or hardened nozzle recommended: No,p. 4: Nozzle temp. [°C]; p. 4: Bed temp. [°C]; p. 4: Closed chamber for printing; p. 4: Dry box recommended; p. 4: Ruby or hardened nozzle recommended; p. 4: Adhesive,Pastello PLA | 185-215 | 0-60 | not necessary | No | not necessary*,range,185,215,required,range,0,60,required,not-required,Not applicable,Not applicable,none,unknown,stated,Not published,Not published,FALSE,agrees,gap-fill,line,matched:exact:maker-wide,reader-r1-18-b,batch-18.csv#596 batch-18.csv#597 batch-18.csv#601 batch-18.csv#602 batch-18.csv#603 batch-18.csv#604,6 setting(s) read from p. 4.
ready,R-SPECTRUM-PORTFOLIO-2024,G001-07,M001,P0190,Manufacturer published guidance,185-230 °C,0-45 °C,not necessary,Not published,No,Not published,not necessary*,Ruby or hardened nozzle recommended: No,p. 4: Nozzle temp. [°C]; p. 4: Bed temp. [°C]; p. 4: Closed chamber for printing; p. 4: Dry box recommended; p. 4: Ruby or hardened nozzle recommended; p. 4: Adhesive,Huracan PLA | 185-230 | 0-45 | not necessary | No | not necessary*,range,185,230,required,range,0,45,required,not-required,Not applicable,Not applicable,none,unknown,stated,Not published,Not published,FALSE,agrees,gap-fill,line,matched:exact:maker-wide,reader-r1-18-b,batch-18.csv#606 batch-18.csv#607 batch-18.csv#611 batch-18.csv#612 batch-18.csv#613 batch-18.csv#614,6 setting(s) read from p. 4.
ready,R-SPECTRUM-PORTFOLIO-2024,G013-02,M013,P0360,Manufacturer published guidance,185-215 °C,0-45 °C,not necessary,Not published,No,Not published,not necessary*,Ruby or hardened nozzle recommended: No,p. 4: Nozzle temp. [°C]; p. 4: Bed temp. [°C]; p. 4: Closed chamber for printing; p. 4: Dry box recommended; p. 4: Ruby or hardened nozzle recommended; p. 4: Adhesive,PLA Glitter | 185-215 | 0-45 | not necessary | No | not necessary*,range,185,215,required,range,0,45,required,not-required,Not applicable,Not applicable,none,unknown,stated,Not published,Not published,FALSE,agrees,gap-fill,line,matched:exact:maker-wide,reader-r1-18-b,batch-18.csv#626 batch-18.csv#627 batch-18.csv#631 batch-18.csv#632 batch-18.csv#633 batch-18.csv#634,6 setting(s) read from p. 4.
ready,R-SPECTRUM-PORTFOLIO-2024,G001-04,M001,P0177,Manufacturer published guidance,190-230 °C,0-45 °C,not necessary,Not published,No,Not published,not necessary*,Not published,p. 4: Nozzle temp. [°C]; p. 4: Bed temp. [°C]; p. 4: Closed chamber for printing; p. 4: Dry box recommended; p. 4: Adhesive,PLA Tough | 190-230 | 0-45 | not necessary | No | not necessary*,range,190,230,required,range,0,45,required,not-required,Not applicable,Not applicable,none,unknown,stated,Not published,Not published,Not published,agrees,gap-fill,line,matched:exact:maker-wide,reader-r1-18-b,batch-18.csv#636 batch-18.csv#637 batch-18.csv#641 batch-18.csv#642 batch-18.csv#644,5 setting(s) read from p. 4.
ready,R-SPECTRUM-PORTFOLIO-2024,G001-06,M001,P0189,Manufacturer published guidance,190-230 °C,0-45 °C,not necessary,Not published,No,Not published,not necessary*,Not published,p. 4: Nozzle temp. [°C]; p. 4: Bed temp. [°C]; p. 4: Closed chamber for printing; p. 4: Dry box recommended; p. 4: Adhesive,PLA MATT | 190-230 | 0-45 | not necessary | No | not necessary*,range,190,230,required,range,0,45,required,not-required,Not applicable,Not applicable,none,unknown,stated,Not published,Not published,Not published,agrees,gap-fill,line,matched:exact:maker-wide,reader-r1-18-b,batch-18.csv#646 batch-18.csv#647 batch-18.csv#651 batch-18.csv#652 batch-18.csv#654,5 setting(s) read from p. 4.
ready,R-SPECTRUM-PORTFOLIO-2024,G001-16,M001,P0235,Manufacturer published guidance,185-230 °C,Not published,not necessary,Not published,Not published,Not published,not necessary*,Not published,p. 4: Nozzle temp. [°C]; p. 4: Closed chamber for printing; p. 4: Adhesive,PLA Pro | 185-230 | not necessary | not necessary*,range,185,230,required,unknown,Not applicable,Not applicable,unknown,not-required,Not applicable,Not applicable,none,unknown,unknown,Not applicable,Not applicable,Not published,agrees,gap-fill,line,matched:exact:maker-wide,reader-r1-18-b,batch-18.csv#657 batch-18.csv#662 batch-18.csv#665,3 setting(s) read from p. 4.
ready,R-SPECTRUM-PORTFOLIO-2024,G008-21,M008,P1220,Manufacturer published guidance,210-240 °C,Not published,not necessary,Not published,Not published,Not published,not necessary*,Not published,p. 4: Nozzle temp. [°C]; p. 4: Closed chamber for printing; p. 4: Adhesive,PLA SILK | 210-240 | not necessary | not necessary*,range,210,240,required,unknown,Not applicable,Not applicable,unknown,not-required,Not applicable,Not applicable,none,unknown,unknown,Not applicable,Not applicable,Not published,agrees,gap-fill,line,matched:exact:maker-wide,reader-r1-18-b,batch-18.csv#667 batch-18.csv#672 batch-18.csv#675,3 setting(s) read from p. 4.
ready,R-SPECTRUM-PORTFOLIO-2024,G016-05,M016,P1231,Manufacturer published guidance,185-225 °C,Not published,not necessary,Not published,Not published,Not published,not necessary*,Not published,p. 4: Nozzle temp. [°C]; p. 4: Closed chamber for printing; p. 4: Adhesive,PLA Glow in the Dark | 185-225 | not necessary | not necessary*,range,185,225,required,unknown,Not applicable,Not applicable,unknown,not-required,Not applicable,Not applicable,none,unknown,unknown,Not applicable,Not applicable,Not published,agrees,gap-fill,line,matched:exact:maker-wide,reader-r1-18-b,batch-18.csv#677 batch-18.csv#682 batch-18.csv#685,3 setting(s) read from p. 4.
ready,R-SPECTRUM-PORTFOLIO-2024,G018-03,M018,P0233,Manufacturer published guidance,190-220 °C,Not published,not necessary,Not published,Not published,Not published,not necessary*,Not published,p. 4: Nozzle temp. [°C]; p. 4: Closed chamber for printing; p. 4: Adhesive,PLA Carbon | 190-220 | not necessary | not necessary*,range,190,220,required,unknown,Not applicable,Not applicable,unknown,not-required,Not applicable,Not applicable,none,unknown,unknown,Not applicable,Not applicable,Not published,agrees,gap-fill,line,matched:exact:maker-wide,reader-r1-18-b,batch-18.csv#687 batch-18.csv#692 batch-18.csv#695,3 setting(s) read from p. 4.
ready,R-SPECTRUM-PORTFOLIO-2024,G012-07,M012,P0012,Manufacturer published guidance,185-225 °C,Not published,not necessary,Not published,Not published,Not published,not necessary*,Not published,p. 4: Nozzle temp. [°C]; p. 4: Closed chamber for printing; p. 4: Adhesive,PLA Stone Age | 185-225 | not necessary | not necessary*,range,185,225,required,unknown,Not applicable,Not applicable,unknown,not-required,Not applicable,Not applicable,none,unknown,unknown,Not applicable,Not applicable,Not published,agrees,gap-fill,line,matched:exact:maker-wide,reader-r1-18-b,batch-18.csv#697 batch-18.csv#702 batch-18.csv#705,3 setting(s) read from p. 4.
ready,R-SPECTRUM-PORTFOLIO-2024,G014-02,M014,P0361,Manufacturer published guidance,190-220 °C,0-45 °C,not necessary,Not published,No,Not published,not necessary*,Not published,p. 4: Nozzle temp. [°C]; p. 4: Bed temp. [°C]; p. 4: Closed chamber for printing; p. 4: Dry box recommended; p. 4: Adhesive,WOOD | 190-220 | 0-45 | not necessary | No | not necessary*,range,190,220,required,range,0,45,required,not-required,Not applicable,Not applicable,none,unknown,stated,Not published,Not published,Not published,agrees,gap-fill,line,matched:exact:maker-wide,reader-r1-18-b,batch-18.csv#727 batch-18.csv#728 batch-18.csv#732 batch-18.csv#733 batch-18.csv#735,5 setting(s) read from p. 4.
ready,R-SPECTRUM-PORTFOLIO-2024,G001-134,M168,P0889,Manufacturer published guidance,190-220 °C,0-45 °C,not necessary,Not published,No,Not published,not necessary*,Not published,p. 4: Nozzle temp. [°C]; p. 4: Bed temp. [°C]; p. 4: Closed chamber for printing; p. 4: Dry box recommended; p. 4: Adhesive,GreenyHT | 190-220 | 0-45 | not necessary | No | not necessary*,range,190,220,required,range,0,45,required,not-required,Not applicable,Not applicable,none,unknown,stated,Not published,Not published,Not published,agrees,gap-fill,line,matched:exact:maker-wide,reader-r1-18-b,batch-18.csv#737 batch-18.csv#738 batch-18.csv#742 batch-18.csv#743 batch-18.csv#745,5 setting(s) read from p. 4.
ready,R-SPECTRUM-PORTFOLIO-2024,G001-10,M001,P0206,Manufacturer published guidance,190-215 °C,Not published,not necessary,Not published,Not published,Not published,not necessary*,Not published,p. 4: Nozzle temp. [°C]; p. 4: Closed chamber for printing; p. 4: Adhesive,rPLA | 190-215 | not necessary | not necessary*,range,190,215,required,unknown,Not applicable,Not applicable,unknown,not-required,Not applicable,Not applicable,none,unknown,unknown,Not applicable,Not applicable,Not published,agrees,gap-fill,line,matched:exact:maker-wide,reader-r1-18-b,batch-18.csv#758 batch-18.csv#763 batch-18.csv#766,3 setting(s) read from p. 4.
ready,R-SPECTRUM-PORTFOLIO-2024,G020-11,M020,P0231,Manufacturer published guidance,230-255 °C,Not published,not necessary,Not published,Not published,Not published,not necessary*,Not published,p. 4: Nozzle temp. [°C]; p. 4: Closed chamber for printing; p. 4: Adhesive,rPETG | 230-255 | not necessary | not necessary*,range,230,255,required,unknown,Not applicable,Not applicable,unknown,not-required,Not applicable,Not applicable,none,unknown,unknown,Not applicable,Not applicable,Not published,agrees,gap-fill,line,reader,reader-r1-18-b,batch-18.csv#768 batch-18.csv#773 batch-18.csv#776,3 setting(s) read from p. 4.
ready,R-SPECTRUM-PORTFOLIO-2024,G027-05,M027,P0220,Manufacturer published guidance,230-255 °C,Not published,Not published,Not published,Not published,Not published,not necessary*,Not published,p. 4: Nozzle temp. [°C]; p. 4: Adhesive,Smart ABS | 230-255 | not necessary*,range,230,255,required,unknown,Not applicable,Not applicable,unknown,unknown,Not applicable,Not applicable,unknown,unknown,unknown,Not applicable,Not applicable,Not published,agrees,gap-fill,line,reader,reader-r1-18-b,batch-18.csv#778 batch-18.csv#786,2 setting(s) read from p. 4.
ready,R-SPECTRUM-PORTFOLIO-2024,G031-03,M031,P0192,Manufacturer published guidance,Not published,Not published,Not published,Not published,Not published,Not published,not necessary*,Ruby or hardened nozzle recommended: No,p. 4: Ruby or hardened nozzle recommended; p. 4: Adhesive,ASA 275 | No | not necessary*,unknown,Not applicable,Not applicable,unknown,unknown,Not applicable,Not applicable,unknown,unknown,Not applicable,Not applicable,unknown,unknown,unknown,Not applicable,Not applicable,FALSE,agrees,gap-fill,line,reader,reader-r1-18-b,batch-18.csv#796 batch-18.csv#797,2 setting(s) read from p. 4.
ready,R-SPECTRUM-PORTFOLIO-2024,G033-04,M033,P0195,Manufacturer published guidance,Not published,Not published,Not published,Not published,No,Not published,not necessary*,Ruby or hardened nozzle recommended: Yes,p. 4: Dry box recommended; p. 4: Ruby or hardened nozzle recommended; p. 4: Adhesive,ASA-X CF10 | No | Yes | not necessary*,unknown,Not applicable,Not applicable,unknown,unknown,Not applicable,Not applicable,unknown,unknown,Not applicable,Not applicable,unknown,unknown,stated,Not published,Not published,TRUE,agrees,gap-fill,line,matched:exact:maker-wide,reader-r1-18-b,batch-18.csv#806 batch-18.csv#807 batch-18.csv#808,3 setting(s) read from p. 4.
ready,R-SPECTRUM-PORTFOLIO-2024,G020-04,M020,P0173,Manufacturer published guidance,Not published,60-80 °C,not necessary,Not published,No,Not published,not necessary*,Ruby or hardened nozzle recommended: No,p. 4: Bed temp. [°C]; p. 4: Closed chamber for printing; p. 4: Dry box recommended; p. 4: Ruby or hardened nozzle recommended; p. 4: Adhesive,PET-G Premium | 60-80 | not necessary | No | not necessary*,unknown,Not applicable,Not applicable,unknown,range,60,80,required,not-required,Not applicable,Not applicable,none,unknown,stated,Not published,Not published,FALSE,agrees,gap-fill,line,matched:exact:maker-wide,reader-r1-18-b,batch-18.csv#833 batch-18.csv#837 batch-18.csv#838 batch-18.csv#839 batch-18.csv#840,5 setting(s) read from p. 4.
ready,R-SPECTRUM-PORTFOLIO-2024,G024-03,M024,P0178,Manufacturer published guidance,Not published,60-80 °C,Not published,Not published,No,Not published,not necessary*,Ruby or hardened nozzle recommended: Yes,p. 4: Bed temp. [°C]; p. 4: Dry box recommended; p. 4: Ruby or hardened nozzle recommended; p. 4: Adhesive,PET-G Carbon | 60-80 | No | Yes | not necessary*,unknown,Not applicable,Not applicable,unknown,range,60,80,required,unknown,Not applicable,Not applicable,unknown,unknown,stated,Not published,Not published,TRUE,agrees,gap-fill,line,matched:exact:maker-wide,reader-r1-18-b,batch-18.csv#853 batch-18.csv#858 batch-18.csv#859 batch-18.csv#860,4 setting(s) read from p. 4.
ready,R-SPECTRUM-PORTFOLIO-2024,G020-09,M020,P0214,Manufacturer published guidance,Not published,Not published,Not published,Not published,Not published,Not published,not necessary*,Ruby or hardened nozzle recommended: No,p. 4: Ruby or hardened nozzle recommended; p. 4: Adhesive,PET-G MATT | No | not necessary*,unknown,Not applicable,Not applicable,unknown,unknown,Not applicable,Not applicable,unknown,unknown,Not applicable,Not applicable,unknown,unknown,unknown,Not applicable,Not applicable,FALSE,agrees,gap-fill,line,matched:exact:maker-wide,reader-r1-18-b,batch-18.csv#880 batch-18.csv#881,2 setting(s) read from p. 4.
ready,R-SPECTRUM-PORTFOLIO-2024,G020-05,M020,P0176,Manufacturer published guidance,Not published,Not published,Not published,Not published,No,Not published,not necessary*,Ruby or hardened nozzle recommended: No,p. 4: Dry box recommended; p. 4: Ruby or hardened nozzle recommended; p. 4: Adhesive,PET-G FR V0 | No | not necessary*,unknown,Not applicable,Not applicable,unknown,unknown,Not applicable,Not applicable,unknown,unknown,Not applicable,Not applicable,unknown,unknown,stated,Not published,Not published,FALSE,agrees,gap-fill,line,matched:exact:maker-wide,reader-r1-18-b,batch-18.csv#890 batch-18.csv#891 batch-18.csv#892,3 setting(s) read from p. 4.
ready,R-SPECTRUM-PORTFOLIO-2024,G090-02,M090,P0114,Manufacturer published guidance,Not published,Not published,Not published,Not published,No,Not published,not necessary*,Ruby or hardened nozzle recommended: Yes,p. 4: Dry box recommended; p. 4: Ruby or hardened nozzle recommended; p. 4: Adhesive,PCTG CF10 | No | Yes | not necessary*,unknown,Not applicable,Not applicable,unknown,unknown,Not applicable,Not applicable,unknown,unknown,Not applicable,Not applicable,unknown,unknown,stated,Not published,Not published,TRUE,agrees,gap-fill,line,matched:exact:maker-wide,reader-r1-18-b,batch-18.csv#921 batch-18.csv#922 batch-18.csv#923,3 setting(s) read from p. 4.
ready,R-SPECTRUM-PORTFOLIO-2024,G110-01,M110,P0209,Manufacturer published guidance,Not published,Not published,Not published,Not published,No,Not published,not necessary*,Ruby or hardened nozzle recommended: Yes,p. 4: Dry box recommended; p. 4: Ruby or hardened nozzle recommended; p. 4: Adhesive,PCTG GF10 | No | Yes | not necessary*,unknown,Not applicable,Not applicable,unknown,unknown,Not applicable,Not applicable,unknown,unknown,Not applicable,Not applicable,unknown,unknown,stated,Not published,Not published,TRUE,agrees,gap-fill,line,matched:exact:maker-wide,reader-r1-18-b,batch-18.csv#932 batch-18.csv#933 batch-18.csv#934,3 setting(s) read from p. 4.
ready,R-SPECTRUM-PORTFOLIO-2024,G039-07,M159,P0215,Manufacturer published guidance,Not published,50-70 °C,not necessary,Not published,No,Not published,not necessary*,Ruby or hardened nozzle recommended: No,p. 4: Bed temp. [°C]; p. 4: Closed chamber for printing; p. 4: Dry box recommended; p. 4: Ruby or hardened nozzle recommended; p. 4: Adhesive,S-Flex 85A | 50-70 | not necessary | No | not necessary*,unknown,Not applicable,Not applicable,unknown,range,50,70,required,not-required,Not applicable,Not applicable,none,unknown,stated,Not published,Not published,FALSE,agrees,gap-fill,line,matched:exact:maker-wide,reader-r1-18-b,batch-18.csv#938 batch-18.csv#942 batch-18.csv#943 batch-18.csv#944 batch-18.csv#945,5 setting(s) read from p. 4.
ready,R-SPECTRUM-PORTFOLIO-2024,G039-04,M160,P0185,Manufacturer published guidance,Not published,50-70 °C,Not published,Not published,No,Not published,not necessary*,Ruby or hardened nozzle recommended: No,p. 4: Bed temp. [°C]; p. 4: Dry box recommended; p. 4: Ruby or hardened nozzle recommended; p. 4: Adhesive,S-Flex 90A | 50-70 | No | not necessary*,unknown,Not applicable,Not applicable,unknown,range,50,70,required,unknown,Not applicable,Not applicable,unknown,unknown,stated,Not published,Not published,FALSE,agrees,gap-fill,line,matched:exact:maker-wide,reader-r1-18-b,batch-18.csv#948 batch-18.csv#953 batch-18.csv#954 batch-18.csv#955,4 setting(s) read from p. 4.
ready,R-SPECTRUM-PORTFOLIO-2024,G039-08,M162,P0226,Manufacturer published guidance,Not published,Not published,Not published,Not published,Not published,Not published,not necessary*,Ruby or hardened nozzle recommended: No,p. 4: Ruby or hardened nozzle recommended; p. 4: Adhesive,S-Flex 98A | No | not necessary*,unknown,Not applicable,Not applicable,unknown,unknown,Not applicable,Not applicable,unknown,unknown,Not applicable,Not applicable,unknown,unknown,unknown,Not applicable,Not applicable,FALSE,agrees,gap-fill,line,matched:exact:maker-wide,reader-r1-18-b,batch-18.csv#964 batch-18.csv#965,2 setting(s) read from p. 4.
ready,R-SPECTRUM-PORTFOLIO-2024,G129-01,M129,P0369,Manufacturer published guidance,Not published,Not published,Not published,Not published,Not published,Not published,not necessary*,Ruby or hardened nozzle recommended: Yes,p. 4: Ruby or hardened nozzle recommended; p. 4: Adhesive,S-Flex Carbon | Yes | not necessary*,unknown,Not applicable,Not applicable,unknown,unknown,Not applicable,Not applicable,unknown,unknown,Not applicable,Not applicable,unknown,unknown,unknown,Not applicable,Not applicable,TRUE,agrees,gap-fill,line,matched:exact:maker-wide,reader-r1-18-b,batch-18.csv#974 batch-18.csv#975,2 setting(s) read from p. 4.
ready,R-SPECTRUM-PORTFOLIO-2024,G049-03,M049,P0218,Manufacturer published guidance,Not published,Not published,Not published,Not published,Not published,Not published,not necessary (1),Ruby or hardened nozzle recommended: No,p. 4: Ruby or hardened nozzle recommended; p. 4: Adhesive,PA6 Low Warp | No | not necessary (1),unknown,Not applicable,Not applicable,unknown,unknown,Not applicable,Not applicable,unknown,unknown,Not applicable,Not applicable,unknown,unknown,unknown,Not applicable,Not applicable,FALSE,agrees,gap-fill,line,reader,reader-r1-18-b,batch-18.csv#984 batch-18.csv#985,2 setting(s) read from p. 4.
ready,R-SPECTRUM-PORTFOLIO-2024,G051-04,M051,P0182,Manufacturer published guidance,250-280 °C,Not published,Not published,Not published,Yes,Not published,not necessary (1),Not published,p. 4: Nozzle temp. [°C]; p. 4: Dry box recommended; p. 4: Adhesive,PA6 Low Warp GF30 | 250-280 | Yes | not necessary (1),range,250,280,required,unknown,Not applicable,Not applicable,unknown,unknown,Not applicable,Not applicable,unknown,unknown,stated,Not published,Not published,Not published,agrees,gap-fill,line,matched:exact:maker-wide,reader-r1-18-b,batch-18.csv#997 batch-18.csv#1003 batch-18.csv#1005,3 setting(s) read from p. 4.
ready,R-SPECTRUM-PORTFOLIO-2024,G035-03,M035,P0203,Manufacturer published guidance,250-290 °C,90-130 °C,Not published,Not published,Yes,Not published,not necessary (2),Not published,p. 4: Nozzle temp. [°C]; p. 4: Bed temp. [°C]; p. 4: Dry box recommended; p. 4: Adhesive,PC 275 | 250-290 | 90-130 | Yes | not necessary (2),range,250,290,required,range,90,130,required,unknown,Not applicable,Not applicable,unknown,unknown,stated,Not published,Not published,Not published,agrees,gap-fill,line,matched:exact:maker-wide,reader-r1-18-b,batch-18.csv#1007 batch-18.csv#1008 batch-18.csv#1013 batch-18.csv#1015,4 setting(s) read from p. 4.
ready,R-SPECTRUM-PORTFOLIO-2024,G050-04,M050,P0210,Manufacturer published guidance,260-290 °C,Not published,not necessary,Not published,Yes,Not published,recommended (1),Ruby or hardened nozzle recommended: Yes,p. 5: Nozzle temp. [°C]; p. 5: Closed chamber for printing; p. 5: Dry box recommended; p. 5: Ruby or hardened nozzle recommended; p. 5: Adhesive,PA6 CF15 | 260-290 | not necessary | Yes | recommended (1),range,260,290,required,unknown,Not applicable,Not applicable,unknown,not-required,Not applicable,Not applicable,none,unknown,stated,Not published,Not published,TRUE,agrees,gap-fill,line,matched:exact:maker-wide,reader-r1-18-b,batch-18.csv#1027 batch-18.csv#1032 batch-18.csv#1033 batch-18.csv#1034 batch-18.csv#1035,5 setting(s) read from p. 5.
ready,R-SPECTRUM-PORTFOLIO-2024,G108-01,M108,P0200,Manufacturer published guidance,260-290 °C,Not published,recommended for larger prints,Not published,Yes,Not published,recommended (1),Ruby or hardened nozzle recommended: Yes,p. 5: Nozzle temp. [°C]; p. 5: Closed chamber for printing; p. 5: Dry box recommended; p. 5: Ruby or hardened nozzle recommended; p. 5: Adhesive,PA6 GK10 | 260-290 | recommended for | larger prints | Yes | recommended (1),range,260,290,required,unknown,Not applicable,Not applicable,unknown,recommended,Not applicable,Not applicable,recommended,unknown,stated,Not published,Not published,TRUE,agrees,gap-fill,line,matched:exact:maker-wide,reader-r1-18-b,batch-18.csv#1039 batch-18.csv#1044 batch-18.csv#1045 batch-18.csv#1046 batch-18.csv#1047,5 setting(s) read from p. 5.
ready,R-SPECTRUM-PORTFOLIO-2024,G104-01,M104,P0184,Manufacturer published guidance,260-290 °C,Not published,not necessary,Not published,Yes,Not published,recommended (1),Ruby or hardened nozzle recommended: Yes,p. 5: Nozzle temp. [°C]; p. 5: Closed chamber for printing; p. 5: Dry box recommended; p. 5: Ruby or hardened nozzle recommended; p. 5: Adhesive,PA6 CS20 FR V0 | 260-290 | not necessary | Yes | recommended (1),range,260,290,required,unknown,Not applicable,Not applicable,unknown,not-required,Not applicable,Not applicable,none,unknown,stated,Not published,Not published,TRUE,agrees,gap-fill,line,matched:exact:maker-wide,reader-r1-18-b,batch-18.csv#1066 batch-18.csv#1071 batch-18.csv#1072 batch-18.csv#1073 batch-18.csv#1074,5 setting(s) read from p. 5.
ready,R-SPECTRUM-PORTFOLIO-2024,G020-08,M020,P0199,Manufacturer published guidance,250-280 °C,100-110 °C,recommended for larger prints,Not published,No,Not published,not necessary*,Ruby or hardened nozzle recommended: No,p. 5: Nozzle temp. [°C]; p. 5: Bed temp. [°C]; p. 5: Closed chamber for printing; p. 5: Dry box recommended; p. 5: Ruby or hardened nozzle recommended; p. 5: Adhesive,PET-G HT100 | 250-280 | 100-110 | recommended for | larger prints | No | not necessary*,range,250,280,required,range,100,110,required,recommended,Not applicable,Not applicable,recommended,unknown,stated,Not published,Not published,FALSE,agrees,gap-fill,line,matched:exact:maker-wide,reader-r1-18-b,batch-18.csv#1075 batch-18.csv#1076 batch-18.csv#1080 batch-18.csv#1081 batch-18.csv#1082 batch-18.csv#1083,6 setting(s) read from p. 5.
ready,R-SPECTRUM-PORTFOLIO-2024,G020-74,M020,P1242,Manufacturer published guidance,240-260 °C,80 °C,recommended,Not published,Yes,Not published,recommended (2),Ruby or hardened nozzle recommended: No,p. 5: Nozzle temp. [°C]; p. 5: Bed temp. [°C]; p. 5: Closed chamber for printing; p. 5: Dry box recommended; p. 5: Ruby or hardened nozzle recommended; p. 5: Adhesive,PET-G FX120 | 240-260 | 80 | recommended | Yes | No | recommended (2),range,240,260,required,range,80,80,required,recommended,Not applicable,Not applicable,recommended,unknown,stated,Not published,Not published,FALSE,agrees,gap-fill,line,matched:exact:maker-wide,reader-r1-18-b,batch-18.csv#1085 batch-18.csv#1086 batch-18.csv#1090 batch-18.csv#1091 batch-18.csv#1092 batch-18.csv#1093,6 setting(s) read from p. 5.
ready,R-SPECTRUM-PORTFOLIO-2024,G067-03,M067,P0224,Manufacturer published guidance,Not published,50-70 °C,not necessary,Not published,No,Not published,not necessary*,Ruby or hardened nozzle recommended: Yes,p. 5: Bed temp. [°C]; p. 5: Closed chamber for printing; p. 5: Dry box recommended; p. 5: Ruby or hardened nozzle recommended; p. 5: Adhesive,PET CF15 | 50-70 | not necessary | No | Yes | not necessary*,unknown,Not applicable,Not applicable,unknown,range,50,70,required,not-required,Not applicable,Not applicable,none,unknown,stated,Not published,Not published,TRUE,agrees,gap-fill,line,matched:exact:maker-wide,reader-r1-18-b,batch-18.csv#1096 batch-18.csv#1100 batch-18.csv#1101 batch-18.csv#1102 batch-18.csv#1103,5 setting(s) read from p. 5.
ready,R-SPECTRUM-PORTFOLIO-2024,G066-02,M066,P0207,Manufacturer published guidance,250-275 °C,Not published,recommended for larger prints,Not published,No,Not published,recommended (2),Ruby or hardened nozzle recommended: No,p. 5: Nozzle temp. [°C]; p. 5: Closed chamber for printing; p. 5: Dry box recommended; p. 5: Ruby or hardened nozzle recommended; p. 5: Adhesive,ecoPET 9021 | 250-275 | recommended for | larger prints | No | recommended (2),range,250,275,required,unknown,Not applicable,Not applicable,unknown,recommended,Not applicable,Not applicable,recommended,unknown,stated,Not published,Not published,FALSE,agrees,gap-fill,line,matched:exact:maker-wide,reader-r1-18-b,batch-18.csv#1105 batch-18.csv#1110 batch-18.csv#1111 batch-18.csv#1112 batch-18.csv#1113,5 setting(s) read from p. 5.
ready,R-SPECTRUM-PORTFOLIO-2024,G027-03,M027,P0191,Manufacturer published guidance,Not published,Not published,Not published,Not published,No,Not published,not necessary*,Ruby or hardened nozzle recommended: No,p. 5: Dry box recommended; p. 5: Ruby or hardened nozzle recommended; p. 5: Adhesive,ABS GP450 | No | not necessary*,unknown,Not applicable,Not applicable,unknown,unknown,Not applicable,Not applicable,unknown,unknown,Not applicable,Not applicable,unknown,unknown,stated,Not published,Not published,FALSE,agrees,gap-fill,line,matched:exact:maker-wide,reader-r1-18-b,batch-18.csv#1121 batch-18.csv#1122 batch-18.csv#1123,3 setting(s) read from p. 5.
ready,R-SPECTRUM-PORTFOLIO-2024,G027-04,M027,P0204,Manufacturer published guidance,Not published,100 °C,Not published,Not published,No,Not published,not necessary*,Ruby or hardened nozzle recommended: No,p. 5: Bed temp. [°C]; p. 5: Dry box recommended; p. 5: Ruby or hardened nozzle recommended; p. 5: Adhesive,ABS Medical | 100 | No | not necessary*,unknown,Not applicable,Not applicable,unknown,range,100,100,required,unknown,Not applicable,Not applicable,unknown,unknown,stated,Not published,Not published,FALSE,agrees,gap-fill,line,matched:exact:maker-wide,reader-r1-18-b,batch-18.csv#1126 batch-18.csv#1131 batch-18.csv#1132 batch-18.csv#1133,4 setting(s) read from p. 5.
ready,R-SPECTRUM-PORTFOLIO-2024,G106-01,M106,P0187,Manufacturer published guidance,250-270 °C,100 °C,recommended for larger prints,Not published,No,Not published,not necessary*,Not published,p. 5: Nozzle temp. [°C]; p. 5: Bed temp. [°C]; p. 5: Closed chamber for printing; p. 5: Dry box recommended; p. 5: Adhesive,ABS Kevlar | 250-270 | 100 | recommended for | larger prints | No | not necessary*,range,250,270,required,range,100,100,required,recommended,Not applicable,Not applicable,recommended,unknown,stated,Not published,Not published,Not published,agrees,gap-fill,line,matched:exact:maker-wide,reader-r1-18-b,batch-18.csv#1135 batch-18.csv#1136 batch-18.csv#1140 batch-18.csv#1141 batch-18.csv#1143,5 setting(s) read from p. 5.
ready,R-SPECTRUM-PORTFOLIO-2024,G113-01,M113,P0236,Manufacturer published guidance,240-270 °C,Not published,recommended for larger prints,Not published,Not published,Not published,not necessary*,Not published,p. 5: Nozzle temp. [°C]; p. 5: Closed chamber for printing; p. 5: Adhesive,ASA Kevlar | 240-270 | recommended for | larger prints | not necessary*,range,240,270,required,unknown,Not applicable,Not applicable,unknown,recommended,Not applicable,Not applicable,recommended,unknown,unknown,Not applicable,Not applicable,Not published,agrees,gap-fill,line,matched:exact:maker-wide,reader-r1-18-b,batch-18.csv#1146 batch-18.csv#1151 batch-18.csv#1154,3 setting(s) read from p. 5.
ready,R-SPECTRUM-PORTFOLIO-2024,G094-03,M094,P0120,Manufacturer published guidance,Not published,Not published,Not published,Not published,Not published,Not published,not necessary*,Ruby or hardened nozzle recommended: No,p. 5: Ruby or hardened nozzle recommended; p. 5: Adhesive,PC/ABS FR V0 | No | not necessary*,unknown,Not applicable,Not applicable,unknown,unknown,Not applicable,Not applicable,unknown,unknown,Not applicable,Not applicable,unknown,unknown,unknown,Not applicable,Not applicable,FALSE,agrees,gap-fill,line,matched:exact:maker-wide,reader-r1-18-b,batch-18.csv#1164 batch-18.csv#1165,2 setting(s) read from p. 5.
ready,R-SPECTRUM-PORTFOLIO-2024,G082-03,M082,P0175,Manufacturer published guidance,Not published,Not published,Not published,Not published,Not published,Not published,necessary (3),Ruby or hardened nozzle recommended: No,p. 5: Ruby or hardened nozzle recommended; p. 5: Adhesive,PP | No | necessary (3),unknown,Not applicable,Not applicable,unknown,unknown,Not applicable,Not applicable,unknown,unknown,Not applicable,Not applicable,unknown,unknown,unknown,Not applicable,Not applicable,FALSE,agrees,gap-fill,line,matched:exact:maker-wide,reader-r1-18-b,batch-18.csv#1174 batch-18.csv#1175,2 setting(s) read from p. 5.
ready,R-SPECTRUM-PORTFOLIO-2024,G112-01,M112,P0228,Manufacturer published guidance,Not published,Not published,Not published,Not published,No,Not published,necessary (4),Ruby or hardened nozzle recommended: No,p. 5: Dry box recommended; p. 5: Ruby or hardened nozzle recommended; p. 5: Adhesive,PC/PTFE | No | necessary (4),unknown,Not applicable,Not applicable,unknown,unknown,Not applicable,Not applicable,unknown,unknown,Not applicable,Not applicable,unknown,unknown,stated,Not published,Not published,FALSE,agrees,gap-fill,line,matched:exact:maker-wide,reader-r1-18-b,batch-18.csv#1184 batch-18.csv#1185 batch-18.csv#1186,3 setting(s) read from p. 5.
ready,R-SPECTRUM-PORTFOLIO-2024,G072-02,M072,P0092,Manufacturer published guidance,Not published,100-120 °C,Not published,Not published,Yes,Not published,necessary (5),Ruby or hardened nozzle recommended: No,p. 5: Bed temp. [°C]; p. 5: Dry box recommended; p. 5: Ruby or hardened nozzle recommended; p. 5: Adhesive,PPS AM230 | 100-120 | Yes | No | necessary (5),unknown,Not applicable,Not applicable,unknown,range,100,120,required,unknown,Not applicable,Not applicable,unknown,unknown,stated,Not published,Not published,FALSE,agrees,gap-fill,line,matched:exact:maker-wide,reader-r1-18-b,batch-18.csv#1190 batch-18.csv#1195 batch-18.csv#1196 batch-18.csv#1197,4 setting(s) read from p. 5.
ready,S-SPECTRUM-pl-tds-spectrum-abs-kevlar,G106-01,M106,P0187,Manufacturer published guidance,250-270°C,100°C,Not published,Not published,niewymagane,"0,4 mm",Not published,Not published,"p. 1: Temperatura dyszy; p. 1: Temperatura stołu; p. 1: Suszarka do filamentu; p. 1: ustawienia oparto na dyszy o średnicy 0,4 mm","Temperatura dyszy 250-270°C | Temperatura stołu 100°C | Suszarka do filamentu niewymagane | * ustawienia oparto na dyszy o średnicy 0,4 mm",range,250,270,required,range,100,100,required,unknown,Not applicable,Not applicable,unknown,unknown,stated,Not published,Not published,Not published,agrees,gap-fill,line,reader,reader-r1-19,batch-19.csv#86 batch-19.csv#87 batch-19.csv#93 batch-19.csv#96,4 setting(s) read from p. 1.
ready,S-SPECTRUM-pl-tds-spectrum-pla-silk-rainbow,G008-24,M008,P0009,Manufacturer published guidance,210-240°C,40-60°C,Not published,Not published,niewymagane,"0,4 mm",Not published,Not published,"p. 1: Temperatura dyszy; p. 1: Temperatura stołu; p. 1: Suszarka do filamentu; p. 1: ustawienia oparto na dyszy o średnicy 0,4 mm","Temperatura dyszy 210-240°C | Temperatura stołu 40-60°C | Suszarka do filamentu niewymagane | * ustawienia oparto na dyszy o średnicy 0,4 mm",range,210,240,required,range,40,60,required,unknown,Not applicable,Not applicable,unknown,unknown,stated,Not published,Not published,Not published,agrees,gap-fill,line,reader,reader-r1-19,batch-19.csv#111 batch-19.csv#112 batch-19.csv#118 batch-19.csv#121,4 setting(s) read from p. 1.
ready,S-SPECTRUM-PRINT-20260928-8e41085d4373,G085-01,M085,P0107,Manufacturer published guidance,260-290°C,80-100°C,Not published,recommended for larger prints,No,Not published,Not published,Ruby or hardened nozzle recommended: No,p. 1: Nozzle temperature [°C]; p. 1: Bed temperature [°C]; p. 1: Enclosure; p. 1: Drybox recommended; p. 1: Ruby or hardened nozzle recommended,Nozzle temperature [°C] 260-290°C | Bed temperature [°C] 80-100°C | Enclosure recommended for larger prints | Drybox recommended No | Ruby or hardened nozzle recommended No,range,260,290,required,range,80,100,required,unknown,Not applicable,Not applicable,unknown,recommended,stated,Not published,Not published,FALSE,agrees,gap-fill,line,reader,reader-r1-19,batch-19.csv#144 batch-19.csv#145 batch-19.csv#148 batch-19.csv#149 batch-19.csv#150,5 setting(s) read from p. 1.
ready,S-SPECTRUM-PRINT-20260928-e6a9efb89400,G108-01,M108,P0200,Manufacturer published guidance,260-290°C,80-100°C,Not published,recommended for larger prints,Yes,Not published,Not published,Ruby or hardened nozzle recommended: Yes,p. 1: Nozzle temperature [°C]; p. 1: Bed temperature [°C]; p. 1: Enclosure; p. 1: Drybox recommended; p. 1: Ruby or hardened nozzle recommended,Nozzle temperature [°C] 260-290°C | Bed temperature [°C] 80-100°C | Enclosure recommended for larger prints | Drybox recommended Yes | Ruby or hardened nozzle recommended Yes,range,260,290,required,range,80,100,required,unknown,Not applicable,Not applicable,unknown,recommended,stated,Not published,Not published,TRUE,agrees,gap-fill,line,reader,reader-r1-19,batch-19.csv#158 batch-19.csv#159 batch-19.csv#162 batch-19.csv#163 batch-19.csv#164,5 setting(s) read from p. 1.
ready,S-SPECTRUM-PRINT-20260928-fbfcc181ccf7,G105-01,M105,P0186,Manufacturer published guidance,240-270°C,75-100°C,Not published,recommended for larger prints,No,0.4mm,Not published,Ruby or hardened nozzle: Yes,p. 1: Nozzle temperature - standard speed; p. 1: Bed temperature; p. 1: Closed chamber; p. 1: Dry box; p. 1: Ruby or hardened nozzle; p. 1: settings are based on a 0.4mm nozzle,Nozzle temperature - standard speed 240-270°C | Bed temperature 75-100°C | Closed chamber recommended for larger prints | Dry box No | Ruby or hardened nozzle Yes | * settings are based on a 0.4mm nozzle,range,240,270,required,range,75,100,required,unknown,Not applicable,Not applicable,unknown,recommended,stated,Not published,Not published,TRUE,agrees,gap-fill,line,reader,reader-r1-19,batch-19.csv#202 batch-19.csv#203 batch-19.csv#207 batch-19.csv#208 batch-19.csv#209 batch-19.csv#213,6 setting(s) read from p. 1.
ready,R-3DJAKE-EN-TDS-PETG-Graphene-Light,G153-02,M153,P1321,Manufacturer published guidance,210-260 ºC,60-70ºC,Not published,Not published,Not published,Not published,Not published,Not published,p. 1: Printing table Temperature; p. 1: optimal extruder temperature,Printing table Temperature 60-70ºC | (1) These are starting points and may need to be optimized. | optimal extruder temperature | 210 | 260,range,210,260,required,range,60,70,required,unknown,Not applicable,Not applicable,unknown,unknown,unknown,Not applicable,Not applicable,Not published,agrees,gap-fill,line+pieces,reader,reader-r1-19,batch-19.csv#230 batch-19.csv#232,2 setting(s) read from p. 1.
ready,R-3DJAKE-EN-TDS-PETG-Graphene-Strong,G153-01,M153,P1323,Manufacturer published guidance,210-260 ºC,60-70ºC,Not published,Not published,Not published,Not published,Not published,Not published,p. 1: Printing table Temperature; p. 1: optimal extruder temperature,Printing table Temperature 60-70ºC | (1) These are starting points and may need to be optimized. | optimal extruder temperature | 210 | 260,range,210,260,required,range,60,70,required,unknown,Not applicable,Not applicable,unknown,unknown,unknown,Not applicable,Not applicable,Not published,agrees,gap-fill,line+pieces,reader,reader-r1-19,batch-19.csv#247 batch-19.csv#249,2 setting(s) read from p. 1.
ready,R-COVERAGE-20261001-3c9c76d4bb7c,G104-01,M104,P0184,Manufacturer published guidance,260-290°C,80-100°C,No heated chamber is required during printing,recommended for larger prints,Yes,Not published,recommended (Magigoo PA),Ruby or hardened nozzle recommended: Yes,p. 1: Nozzle temperature [°C]; p. 1: Bed temperature [°C]; p. 1: Enclosure; p. 1: Drybox recommended; p. 1: Ruby or hardened nozzle recommended; p. 1: Adhesive; p. 1: No heated chamber,Nozzle temperature [°C] | 260-290°C | Bed temperature [°C] | 80-100°C | Enclosure | recommended for larger prints | Drybox recommended | Yes | Ruby or hardened nozzle recommended | Adhesive | recommended (Magigoo PA) | No heated chamber is required during printing and no distortion (shrinkage) occurs.,range,260,290,required,range,80,100,required,not-required,Not applicable,Not applicable,none,recommended,stated,Not published,Not published,TRUE,agrees,gap-fill,line,reader,reader-r1-20,batch-20.csv#2 batch-20.csv#3 batch-20.csv#6 batch-20.csv#7 batch-20.csv#8 batch-20.csv#9 batch-20.csv#13,7 setting(s) read from p. 1.
ready,R-COVERAGE-20261001-28aad1fe7597,G031-37,M031,P0963,Manufacturer published guidance,200 - 240 °C,40 - 60 °C,Not published,Not published,Not published,Not published,Not published,Not published,p. 5: Temperature; p. 5: Hot pad,Temperature 200 - 240 °C | Hot pad 40 - 60 °C,range,200,240,required,range,40,60,required,unknown,Not applicable,Not applicable,unknown,unknown,unknown,Not applicable,Not applicable,Not published,agrees,gap-fill,line,matched:exact:maker-wide,reader-r1-20b,batch-20b.csv#9 batch-20b.csv#10,2 setting(s) read from p. 5.
ready,R-COVERAGE-20261001-28aad1fe7597,G001-69,M001,P0557,Manufacturer published guidance,Not published,Not published,Not published,Not published,No,Not published,Not published,Ruby or hardened nozzle recommended: No,p. 22: Dry box recommended; p. 22: Ruby or hardened nozzle recommended,PLA Premium | No | Dry box recommended | Ruby or hardened nozzle recommended,unknown,Not applicable,Not applicable,unknown,unknown,Not applicable,Not applicable,unknown,unknown,Not applicable,Not applicable,unknown,unknown,stated,Not published,Not published,FALSE,agrees,gap-fill,line,matched:exact:maker-wide,reader-r1-20b,batch-20b.csv#96 batch-20b.csv#97,2 setting(s) read from p. 22.
ready,R-COVERAGE-20261001-28aad1fe7597,G001-16,M001,P0235,Manufacturer published guidance,Not published,Not published,Not published,Not published,No,Not published,Not published,Ruby or hardened nozzle recommended: No,p. 22: Dry box recommended; p. 22: Ruby or hardened nozzle recommended,PLA Pro | No | Dry box recommended | Ruby or hardened nozzle recommended,unknown,Not applicable,Not applicable,unknown,unknown,Not applicable,Not applicable,unknown,unknown,Not applicable,Not applicable,unknown,unknown,stated,Not published,Not published,FALSE,agrees,gap-fill,line,matched:exact:maker-wide,reader-r1-20b,batch-20b.csv#107 batch-20b.csv#108,2 setting(s) read from p. 22.
ready,R-COVERAGE-20261001-28aad1fe7597,G008-03,M008,P0205,Manufacturer published guidance,Not published,Not published,Not published,Not published,No,Not published,Not published,Ruby or hardened nozzle recommended: No,p. 22: Dry box recommended; p. 22: Ruby or hardened nozzle recommended,PLA Magic Silk | No | Dry box recommended | Ruby or hardened nozzle recommended,unknown,Not applicable,Not applicable,unknown,unknown,Not applicable,Not applicable,unknown,unknown,Not applicable,Not applicable,unknown,unknown,stated,Not published,Not published,FALSE,agrees,gap-fill,line,matched:exact:maker-wide,reader-r1-20b,batch-20b.csv#118 batch-20b.csv#119,2 setting(s) read from p. 22.
ready,R-COVERAGE-20261001-28aad1fe7597,G001-17,M001,P0237,Manufacturer published guidance,Not published,Not published,Not published,Not published,No,Not published,not necessary*,Ruby or hardened nozzle recommended: No,p. 22: Dry box recommended; p. 22: Ruby or hardened nozzle recommended; p. 23: Adhesive,Pastello PLA | No | Dry box recommended | Ruby or hardened nozzle recommended | not necessary* | Adhesive,unknown,Not applicable,Not applicable,unknown,unknown,Not applicable,Not applicable,unknown,unknown,Not applicable,Not applicable,unknown,unknown,stated,Not published,Not published,FALSE,agrees,gap-fill,line,matched:exact:maker-wide,reader-r1-20b,batch-20b.csv#151 batch-20b.csv#152 batch-20b.csv#692,"3 setting(s) read from p. 22, p. 23."
ready,R-COVERAGE-20261001-28aad1fe7597,G001-14,M001,P0223,Manufacturer published guidance,Not published,Not published,Not published,Not published,No,Not published,Not published,Ruby or hardened nozzle recommended: No,p. 22: Dry box recommended; p. 22: Ruby or hardened nozzle recommended,FlameGuard PLA | No | Dry box recommended | Ruby or hardened nozzle recommended,unknown,Not applicable,Not applicable,unknown,unknown,Not applicable,Not applicable,unknown,unknown,Not applicable,Not applicable,unknown,unknown,stated,Not published,Not published,FALSE,agrees,gap-fill,line,matched:exact:maker-wide,reader-r1-20b,batch-20b.csv#173 batch-20b.csv#174,2 setting(s) read from p. 22.
ready,R-COVERAGE-20261001-28aad1fe7597,G001-07,M001,P0190,Manufacturer published guidance,Not published,Not published,Not published,Not published,No,Not published,Not published,Ruby or hardened nozzle recommended: No,p. 22: Dry box recommended; p. 22: Ruby or hardened nozzle recommended,Huracan PLA | No | Dry box recommended | Ruby or hardened nozzle recommended,unknown,Not applicable,Not applicable,unknown,unknown,Not applicable,Not applicable,unknown,unknown,Not applicable,Not applicable,unknown,unknown,stated,Not published,Not published,FALSE,agrees,gap-fill,line,matched:exact:maker-wide,reader-r1-20b,batch-20b.csv#184 batch-20b.csv#185,2 setting(s) read from p. 22.
ready,R-COVERAGE-20261001-28aad1fe7597,G001-15,M001,P0234,Manufacturer published guidance,Not published,Not published,Not published,Not published,No,Not published,not necessary*,Ruby or hardened nozzle recommended: No,p. 22: Dry box recommended; p. 22: Ruby or hardened nozzle recommended; p. 23: Adhesive,PLA Crystal | No | Dry box recommended | Ruby or hardened nozzle recommended | not necessary* | Adhesive,unknown,Not applicable,Not applicable,unknown,unknown,Not applicable,Not applicable,unknown,unknown,Not applicable,Not applicable,unknown,unknown,stated,Not published,Not published,FALSE,agrees,gap-fill,line,matched:exact:maker-wide,reader-r1-20b,batch-20b.csv#206 batch-20b.csv#207 batch-20b.csv#727,"3 setting(s) read from p. 22, p. 23."
ready,R-COVERAGE-20261001-28aad1fe7597,G001-04,M001,P0177,Manufacturer published guidance,Not published,Not published,Not published,Not published,No,Not published,Not published,Ruby or hardened nozzle recommended: No,p. 22: Dry box recommended; p. 22: Ruby or hardened nozzle recommended,PLA Tough | No | Dry box recommended | Ruby or hardened nozzle recommended,unknown,Not applicable,Not applicable,unknown,unknown,Not applicable,Not applicable,unknown,unknown,Not applicable,Not applicable,unknown,unknown,stated,Not published,Not published,FALSE,agrees,gap-fill,line,matched:exact:maker-wide,reader-r1-20b,batch-20b.csv#228 batch-20b.csv#229,2 setting(s) read from p. 22.
ready,R-COVERAGE-20261001-28aad1fe7597,G013-02,M013,P0360,Manufacturer published guidance,Not published,Not published,Not published,Not published,No,Not published,Not published,Ruby or hardened nozzle recommended: No,p. 22: Dry box recommended; p. 22: Ruby or hardened nozzle recommended,PLA Glitter | No | Dry box recommended | Ruby or hardened nozzle recommended,unknown,Not applicable,Not applicable,unknown,unknown,Not applicable,Not applicable,unknown,unknown,Not applicable,Not applicable,unknown,unknown,stated,Not published,Not published,FALSE,agrees,gap-fill,line,matched:exact:maker-wide,reader-r1-20b,batch-20b.csv#239 batch-20b.csv#240,2 setting(s) read from p. 22.
ready,R-COVERAGE-20261001-28aad1fe7597,G001-06,M001,P0189,Manufacturer published guidance,Not published,Not published,Not published,Not published,No,Not published,Not published,Ruby or hardened nozzle recommended: No,p. 22: Dry box recommended; p. 22: Ruby or hardened nozzle recommended,PLA MATT | No | Dry box recommended | Ruby or hardened nozzle recommended,unknown,Not applicable,Not applicable,unknown,unknown,Not applicable,Not applicable,unknown,unknown,Not applicable,Not applicable,unknown,unknown,stated,Not published,Not published,FALSE,agrees,gap-fill,line,matched:exact:maker-wide,reader-r1-20b,batch-20b.csv#250 batch-20b.csv#251,2 setting(s) read from p. 22.
ready,R-COVERAGE-20261001-28aad1fe7597,G016-05,M016,P1231,Manufacturer published guidance,Not published,Not published,Not published,Not published,No,Not published,Not published,Ruby or hardened nozzle recommended: No,p. 22: Dry box recommended; p. 22: Ruby or hardened nozzle recommended,PLA Glow in the Dark | No | Dry box recommended | Ruby or hardened nozzle recommended,unknown,Not applicable,Not applicable,unknown,unknown,Not applicable,Not applicable,unknown,unknown,Not applicable,Not applicable,unknown,unknown,stated,Not published,Not published,FALSE,agrees,gap-fill,line,matched:exact:maker-wide,reader-r1-20b,batch-20b.csv#261 batch-20b.csv#262,2 setting(s) read from p. 22.
ready,R-COVERAGE-20261001-28aad1fe7597,G018-03,M018,P0233,Manufacturer published guidance,Not published,Not published,Not published,Not published,No,Not published,Not published,Ruby or hardened nozzle recommended: Yes,p. 22: Dry box recommended; p. 22: Ruby or hardened nozzle recommended,PLA Carbon | No | Dry box recommended | Yes | Ruby or hardened nozzle recommended,unknown,Not applicable,Not applicable,unknown,unknown,Not applicable,Not applicable,unknown,unknown,Not applicable,Not applicable,unknown,unknown,stated,Not published,Not published,TRUE,agrees,gap-fill,line,matched:exact:maker-wide,reader-r1-20b,batch-20b.csv#272 batch-20b.csv#273,2 setting(s) read from p. 22.
ready,R-COVERAGE-20261001-28aad1fe7597,G012-07,M012,P0012,Manufacturer published guidance,Not published,Not published,Not published,Not published,No,Not published,Not published,Ruby or hardened nozzle recommended: No,p. 22: Dry box recommended; p. 22: Ruby or hardened nozzle recommended,PLA Stone Age | No | Dry box recommended | Ruby or hardened nozzle recommended,unknown,Not applicable,Not applicable,unknown,unknown,Not applicable,Not applicable,unknown,unknown,Not applicable,Not applicable,unknown,unknown,stated,Not published,Not published,FALSE,agrees,gap-fill,line,matched:exact:maker-wide,reader-r1-20b,batch-20b.csv#283 batch-20b.csv#284,2 setting(s) read from p. 22.
ready,R-COVERAGE-20261001-28aad1fe7597,G014-02,M014,P0361,Manufacturer published guidance,Not published,Not published,Not published,Not published,No,Not published,not necessary*,Ruby or hardened nozzle recommended: No,p. 22: Dry box recommended; p. 22: Ruby or hardened nozzle recommended; p. 23: Adhesive,WOOD | No | Dry box recommended | Ruby or hardened nozzle recommended | not necessary* | Adhesive,unknown,Not applicable,Not applicable,unknown,unknown,Not applicable,Not applicable,unknown,unknown,Not applicable,Not applicable,unknown,unknown,stated,Not published,Not published,FALSE,agrees,gap-fill,line,matched:exact:maker-wide,reader-r1-20b,batch-20b.csv#316 batch-20b.csv#317 batch-20b.csv#798,"3 setting(s) read from p. 22, p. 23."
ready,R-COVERAGE-20261001-28aad1fe7597,G001-134,M168,P0889,Manufacturer published guidance,Not published,Not published,Not published,Not published,No,Not published,Not published,Ruby or hardened nozzle recommended: No,p. 22: Dry box recommended; p. 22: Ruby or hardened nozzle recommended,GreenyHT | No | Dry box recommended | Ruby or hardened nozzle recommended,unknown,Not applicable,Not applicable,unknown,unknown,Not applicable,Not applicable,unknown,unknown,Not applicable,Not applicable,unknown,unknown,stated,Not published,Not published,FALSE,agrees,gap-fill,line,matched:exact:maker-wide,reader-r1-20b,batch-20b.csv#327 batch-20b.csv#328,2 setting(s) read from p. 22.
ready,R-COVERAGE-20261001-28aad1fe7597,G001-10,M001,P0206,Manufacturer published guidance,Not published,Not published,Not published,Not published,No,Not published,Not published,Ruby or hardened nozzle recommended: No,p. 22: Dry box recommended; p. 22: Ruby or hardened nozzle recommended,rPLA | No | Dry box recommended | Ruby or hardened nozzle recommended,unknown,Not applicable,Not applicable,unknown,unknown,Not applicable,Not applicable,unknown,unknown,Not applicable,Not applicable,unknown,unknown,stated,Not published,Not published,FALSE,agrees,gap-fill,line,matched:exact:maker-wide,reader-r1-20b,batch-20b.csv#349 batch-20b.csv#350,2 setting(s) read from p. 22.
ready,R-COVERAGE-20261001-28aad1fe7597,G020-11,M020,P0231,Manufacturer published guidance,Not published,Not published,Not published,Not published,No,Not published,not necessary*,Ruby or hardened nozzle recommended: No,p. 22: Dry box recommended; p. 22: Ruby or hardened nozzle recommended; p. 23: Adhesive,rPETG | No | Dry box recommended | Ruby or hardened nozzle recommended | not necessary* | Adhesive,unknown,Not applicable,Not applicable,unknown,unknown,Not applicable,Not applicable,unknown,unknown,Not applicable,Not applicable,unknown,unknown,stated,Not published,Not published,FALSE,agrees,gap-fill,line,matched:exact:maker-wide,reader-r1-20b,batch-20b.csv#360 batch-20b.csv#361 batch-20b.csv#827,"3 setting(s) read from p. 22, p. 23."
ready,R-COVERAGE-20261001-28aad1fe7597,G027-05,M027,P0220,Manufacturer published guidance,Not published,Not published,Not published,Not published,No,Not published,Not published,Ruby or hardened nozzle recommended: No,p. 22: Dry box recommended; p. 22: Ruby or hardened nozzle recommended,Smart ABS | No | Dry box recommended | Ruby or hardened nozzle recommended,unknown,Not applicable,Not applicable,unknown,unknown,Not applicable,Not applicable,unknown,unknown,Not applicable,Not applicable,unknown,unknown,stated,Not published,Not published,FALSE,agrees,gap-fill,line,matched:exact:maker-wide,reader-r1-20b,batch-20b.csv#371 batch-20b.csv#372,2 setting(s) read from p. 22.
ready,R-COVERAGE-20261001-28aad1fe7597,G031-03,M031,P0192,Manufacturer published guidance,Not published,Not published,Not published,Not published,No,Not published,Not published,Ruby or hardened nozzle recommended: No,p. 22: Dry box recommended; p. 22: Ruby or hardened nozzle recommended,ASA 275 | No | Dry box recommended | Ruby or hardened nozzle recommended,unknown,Not applicable,Not applicable,unknown,unknown,Not applicable,Not applicable,unknown,unknown,Not applicable,Not applicable,unknown,unknown,stated,Not published,Not published,FALSE,agrees,gap-fill,line,matched:exact:maker-wide,reader-r1-20b,batch-20b.csv#382 batch-20b.csv#383,2 setting(s) read from p. 22.
ready,R-COVERAGE-20261001-28aad1fe7597,G033-04,M033,P0195,Manufacturer published guidance,Not published,Not published,Not published,Not published,No,Not published,Not published,Ruby or hardened nozzle recommended: Yes,p. 22: Dry box recommended; p. 22: Ruby or hardened nozzle recommended,ASA-X CF10 | No | Dry box recommended | Yes | Ruby or hardened nozzle recommended,unknown,Not applicable,Not applicable,unknown,unknown,Not applicable,Not applicable,unknown,unknown,Not applicable,Not applicable,unknown,unknown,stated,Not published,Not published,TRUE,agrees,gap-fill,line,matched:exact:maker-wide,reader-r1-20b,batch-20b.csv#404 batch-20b.csv#405,2 setting(s) read from p. 22.
ready,R-COVERAGE-20261001-28aad1fe7597,G020-07,M020,P0196,Manufacturer published guidance,245-270°C for high speed,Not published,Not published,Not published,No,Not published,Not published,Ruby or hardened nozzle recommended: No,p. 22: Dry box recommended; p. 22: Ruby or hardened nozzle recommended; p. 22: Nozzle temp. [°C],PET-G Premium High Speed | No | Dry box recommended | Ruby or hardened nozzle recommended | ** 245-270°C for high speed,range,245,270,required,unknown,Not applicable,Not applicable,unknown,unknown,Not applicable,Not applicable,unknown,unknown,stated,Not published,Not published,FALSE,agrees,gap-fill,line,matched:exact:maker-wide,reader-r1-20b,batch-20b.csv#437 batch-20b.csv#438 batch-20b.csv#641,3 setting(s) read from p. 22.
ready,R-COVERAGE-20261001-28aad1fe7597,G020-04,M020,P0173,Manufacturer published guidance,Not published,Not published,Not published,Not published,No,Not published,Not published,Ruby or hardened nozzle recommended: No,p. 22: Dry box recommended; p. 22: Ruby or hardened nozzle recommended,PET-G Premium | No | Dry box recommended | Ruby or hardened nozzle recommended,unknown,Not applicable,Not applicable,unknown,unknown,Not applicable,Not applicable,unknown,unknown,Not applicable,Not applicable,unknown,unknown,stated,Not published,Not published,FALSE,agrees,gap-fill,line,matched:exact:maker-wide,reader-r1-20b,batch-20b.csv#448 batch-20b.csv#449,2 setting(s) read from p. 22.
ready,R-COVERAGE-20261001-28aad1fe7597,G024-03,M024,P0178,Manufacturer published guidance,Not published,Not published,Not published,Not published,No,Not published,Not published,Ruby or hardened nozzle recommended: Yes,p. 22: Dry box recommended; p. 22: Ruby or hardened nozzle recommended,PET-G Carbon | No | Dry box recommended | Yes | Ruby or hardened nozzle recommended,unknown,Not applicable,Not applicable,unknown,unknown,Not applicable,Not applicable,unknown,unknown,Not applicable,Not applicable,unknown,unknown,stated,Not published,Not published,TRUE,agrees,gap-fill,line,matched:exact:maker-wide,reader-r1-20b,batch-20b.csv#470 batch-20b.csv#471,2 setting(s) read from p. 22.
ready,R-COVERAGE-20261001-28aad1fe7597,G020-09,M020,P0214,Manufacturer published guidance,Not published,Not published,Not published,Not published,No,Not published,Not published,Ruby or hardened nozzle recommended: No,p. 22: Dry box recommended; p. 22: Ruby or hardened nozzle recommended,PET-G MATT | No | Dry box recommended | Ruby or hardened nozzle recommended,unknown,Not applicable,Not applicable,unknown,unknown,Not applicable,Not applicable,unknown,unknown,Not applicable,Not applicable,unknown,unknown,stated,Not published,Not published,FALSE,agrees,gap-fill,line,matched:exact:maker-wide,reader-r1-20b,batch-20b.csv#492 batch-20b.csv#493,2 setting(s) read from p. 22.
ready,R-COVERAGE-20261001-28aad1fe7597,G020-05,M020,P0176,Manufacturer published guidance,Not published,Not published,Not published,Not published,No,Not published,Not published,Ruby or hardened nozzle recommended: No,p. 22: Dry box recommended; p. 22: Ruby or hardened nozzle recommended,PET-G FR V0 | No | Dry box recommended | Ruby or hardened nozzle recommended,unknown,Not applicable,Not applicable,unknown,unknown,Not applicable,Not applicable,unknown,unknown,Not applicable,Not applicable,unknown,unknown,stated,Not published,Not published,FALSE,agrees,gap-fill,line,matched:exact:maker-wide,reader-r1-20b,batch-20b.csv#503 batch-20b.csv#504,2 setting(s) read from p. 22.
ready,R-COVERAGE-20261001-28aad1fe7597,G090-02,M090,P0114,Manufacturer published guidance,Not published,Not published,Not published,Not published,No,Not published,Not published,Ruby or hardened nozzle recommended: Yes,p. 22: Dry box recommended; p. 22: Ruby or hardened nozzle recommended,PCTG CF10 | No | Dry box recommended | Yes | Ruby or hardened nozzle recommended,unknown,Not applicable,Not applicable,unknown,unknown,Not applicable,Not applicable,unknown,unknown,Not applicable,Not applicable,unknown,unknown,stated,Not published,Not published,TRUE,agrees,gap-fill,line,matched:exact:maker-wide,reader-r1-20b,batch-20b.csv#536 batch-20b.csv#537,2 setting(s) read from p. 22.
ready,R-COVERAGE-20261001-28aad1fe7597,G110-01,M110,P0209,Manufacturer published guidance,Not published,Not published,Not published,Not published,No,Not published,not necessary*,Ruby or hardened nozzle recommended: Yes,p. 22: Dry box recommended; p. 22: Ruby or hardened nozzle recommended; p. 23: Adhesive,PCTG GF10 | No | Dry box recommended | Yes | Ruby or hardened nozzle recommended | not necessary* | Adhesive,unknown,Not applicable,Not applicable,unknown,unknown,Not applicable,Not applicable,unknown,unknown,Not applicable,Not applicable,unknown,unknown,stated,Not published,Not published,TRUE,agrees,gap-fill,line,matched:exact:maker-wide,reader-r1-20b,batch-20b.csv#547 batch-20b.csv#548 batch-20b.csv#956,"3 setting(s) read from p. 22, p. 23."
ready,R-COVERAGE-20261001-28aad1fe7597,G039-07,M159,P0215,Manufacturer published guidance,Not published,Not published,Not published,Not published,No,Not published,Not published,Ruby or hardened nozzle recommended: No,p. 22: Dry box recommended; p. 22: Ruby or hardened nozzle recommended,S-Flex 85A | No | Dry box recommended | Ruby or hardened nozzle recommended,unknown,Not applicable,Not applicable,unknown,unknown,Not applicable,Not applicable,unknown,unknown,Not applicable,Not applicable,unknown,unknown,stated,Not published,Not published,FALSE,agrees,gap-fill,line,matched:exact:maker-wide,reader-r1-20b,batch-20b.csv#558 batch-20b.csv#559,2 setting(s) read from p. 22.
ready,R-COVERAGE-20261001-28aad1fe7597,G039-04,M160,P0185,Manufacturer published guidance,Not published,Not published,Not published,Not published,No,Not published,Not published,Ruby or hardened nozzle recommended: No,p. 22: Dry box recommended; p. 22: Ruby or hardened nozzle recommended,S-Flex 90A | No | Dry box recommended | Ruby or hardened nozzle recommended,unknown,Not applicable,Not applicable,unknown,unknown,Not applicable,Not applicable,unknown,unknown,Not applicable,Not applicable,unknown,unknown,stated,Not published,Not published,FALSE,agrees,gap-fill,line,matched:exact:maker-wide,reader-r1-20b,batch-20b.csv#569 batch-20b.csv#570,2 setting(s) read from p. 22.
ready,R-COVERAGE-20261001-28aad1fe7597,G039-08,M162,P0226,Manufacturer published guidance,Not published,Not published,Not published,Not published,No,Not published,Not published,Ruby or hardened nozzle recommended: No,p. 22: Dry box recommended; p. 22: Ruby or hardened nozzle recommended,S-Flex 98A | No | Dry box recommended | Ruby or hardened nozzle recommended,unknown,Not applicable,Not applicable,unknown,unknown,Not applicable,Not applicable,unknown,unknown,Not applicable,Not applicable,unknown,unknown,stated,Not published,Not published,FALSE,agrees,gap-fill,line,matched:exact:maker-wide,reader-r1-20b,batch-20b.csv#580 batch-20b.csv#581,2 setting(s) read from p. 22.
ready,R-COVERAGE-20261001-28aad1fe7597,G129-01,M129,P0369,Manufacturer published guidance,Not published,Not published,Not published,Not published,Yes,Not published,Not published,Ruby or hardened nozzle recommended: Yes,p. 22: Dry box recommended; p. 22: Ruby or hardened nozzle recommended,S-Flex Carbon | Yes | Dry box recommended | Ruby or hardened nozzle recommended,unknown,Not applicable,Not applicable,unknown,unknown,Not applicable,Not applicable,unknown,unknown,Not applicable,Not applicable,unknown,unknown,stated,Not published,Not published,TRUE,agrees,gap-fill,line,matched:exact:maker-wide,reader-r1-20b,batch-20b.csv#591 batch-20b.csv#592,2 setting(s) read from p. 22.
ready,R-COVERAGE-20261001-28aad1fe7597,G049-03,M049,P0218,Manufacturer published guidance,Not published,Not published,Not published,Not published,Yes,Not published,Not published,Ruby or hardened nozzle recommended: No,p. 22: Dry box recommended; p. 22: Ruby or hardened nozzle recommended,PA6 Low Warp | Yes | Dry box recommended | No | Ruby or hardened nozzle recommended,unknown,Not applicable,Not applicable,unknown,unknown,Not applicable,Not applicable,unknown,unknown,Not applicable,Not applicable,unknown,unknown,stated,Not published,Not published,FALSE,agrees,gap-fill,line,matched:exact:maker-wide,reader-r1-20b,batch-20b.csv#602 batch-20b.csv#603,2 setting(s) read from p. 22.
ready,R-COVERAGE-20261001-28aad1fe7597,G050-03,M050,P0183,Manufacturer published guidance,Not published,Not published,Not published,Not published,Yes,Not published,Not published,Ruby or hardened nozzle recommended: Yes,p. 22: Dry box recommended; p. 22: Ruby or hardened nozzle recommended,PA6 Low Warp CF15S | Yes | Dry box recommended | Ruby or hardened nozzle recommended,unknown,Not applicable,Not applicable,unknown,unknown,Not applicable,Not applicable,unknown,unknown,Not applicable,Not applicable,unknown,unknown,stated,Not published,Not published,TRUE,agrees,gap-fill,line,matched:exact:maker-wide,reader-r1-20b,batch-20b.csv#613 batch-20b.csv#614,2 setting(s) read from p. 22.
ready,R-COVERAGE-20261001-28aad1fe7597,G051-04,M051,P0182,Manufacturer published guidance,Not published,Not published,Not published,Not published,Yes,Not published,Not published,Ruby or hardened nozzle recommended: Yes,p. 22: Dry box recommended; p. 22: Ruby or hardened nozzle recommended,PA6 Low Warp GF30 | Yes | Dry box recommended | Ruby or hardened nozzle recommended,unknown,Not applicable,Not applicable,unknown,unknown,Not applicable,Not applicable,unknown,unknown,Not applicable,Not applicable,unknown,unknown,stated,Not published,Not published,TRUE,agrees,gap-fill,line,matched:exact:maker-wide,reader-r1-20b,batch-20b.csv#624 batch-20b.csv#625,2 setting(s) read from p. 22.
ready,R-COVERAGE-20261001-28aad1fe7597,G053-03,M053,P0070,Manufacturer published guidance,Not published,Not published,Not published,Not published,Yes,Not published,Not published,Ruby or hardened nozzle recommended: Yes,p. 22: Dry box recommended; p. 22: Ruby or hardened nozzle recommended,PA12 CF15 | Yes | Dry box recommended | Ruby or hardened nozzle recommended,unknown,Not applicable,Not applicable,unknown,unknown,Not applicable,Not applicable,unknown,unknown,Not applicable,Not applicable,unknown,unknown,stated,Not published,Not published,TRUE,agrees,gap-fill,line,matched:exact:maker-wide,reader-r1-20b,batch-20b.csv#635 batch-20b.csv#636,2 setting(s) read from p. 22.
ready,R-COVERAGE-20261001-28aad1fe7597,G035-03,M035,P0203,Manufacturer published guidance,Not published,Not published,Not published,Not published,Yes,Not published,not necessary (2),Ruby or hardened nozzle recommended: No,p. 24: Dry box recommended; p. 24: Ruby or hardened nozzle recommended; p. 25: Adhesive,PC 275 | Yes | Dry box recommended | No | Ruby or hardened nozzle recommended | not necessary (2) | Adhesive,unknown,Not applicable,Not applicable,unknown,unknown,Not applicable,Not applicable,unknown,unknown,Not applicable,Not applicable,unknown,unknown,stated,Not published,Not published,FALSE,agrees,gap-fill,line,matched:exact:maker-wide,reader-r1-20b,batch-20b.csv#1022 batch-20b.csv#1023 batch-20b.csv#1298,"3 setting(s) read from p. 24, p. 25."
ready,R-COVERAGE-20261001-28aad1fe7597,G037-02,M037,P0046,Manufacturer published guidance,Not published,Not published,Not published,Not published,Yes,Not published,Not published,Ruby or hardened nozzle recommended: Yes,p. 24: Dry box recommended; p. 24: Ruby or hardened nozzle recommended,PC CF | Yes | Dry box recommended | Ruby or hardened nozzle recommended,unknown,Not applicable,Not applicable,unknown,unknown,Not applicable,Not applicable,unknown,unknown,Not applicable,Not applicable,unknown,unknown,stated,Not published,Not published,TRUE,agrees,gap-fill,line,matched:exact:maker-wide,reader-r1-20b,batch-20b.csv#1033 batch-20b.csv#1034,2 setting(s) read from p. 24.
ready,R-COVERAGE-20261001-28aad1fe7597,G164-03,M055,P1163,Manufacturer published guidance,Not published,Not published,Not published,Not published,Yes,Not published,Not published,Ruby or hardened nozzle recommended: No,p. 24: Dry box recommended; p. 24: Ruby or hardened nozzle recommended,ThermaTech PA | Yes | Dry box recommended | No | Ruby or hardened nozzle recommended,unknown,Not applicable,Not applicable,unknown,unknown,Not applicable,Not applicable,unknown,unknown,Not applicable,Not applicable,unknown,unknown,stated,Not published,Not published,FALSE,agrees,gap-fill,line,matched:exact:maker-wide,reader-r1-20b,batch-20b.csv#1052 batch-20b.csv#1053,2 setting(s) read from p. 24.
ready,R-COVERAGE-20261001-28aad1fe7597,G049-04,M049,P0221,Manufacturer published guidance,Not published,Not published,Not published,Not published,Yes,Not published,recommended (1),Ruby or hardened nozzle recommended: No,p. 24: Dry box recommended; p. 24: Ruby or hardened nozzle recommended; p. 25: Adhesive,PA6 Neat NT | Yes | Dry box recommended | No | Ruby or hardened nozzle recommended | recommended (1) | Adhesive,unknown,Not applicable,Not applicable,unknown,unknown,Not applicable,Not applicable,unknown,unknown,Not applicable,Not applicable,unknown,unknown,stated,Not published,Not published,FALSE,agrees,gap-fill,line,matched:exact:maker-wide,reader-r1-20b,batch-20b.csv#1063 batch-20b.csv#1064 batch-20b.csv#1323,"3 setting(s) read from p. 24, p. 25."
ready,R-COVERAGE-20261001-28aad1fe7597,G049-01,M049,P0064,Manufacturer published guidance,Not published,Not published,Not published,Not published,Yes,Not published,Not published,Ruby or hardened nozzle recommended: No,p. 24: Dry box recommended; p. 24: Ruby or hardened nozzle recommended,PA6 Neat BK | Yes | Dry box recommended | No | Ruby or hardened nozzle recommended,unknown,Not applicable,Not applicable,unknown,unknown,Not applicable,Not applicable,unknown,unknown,Not applicable,Not applicable,unknown,unknown,stated,Not published,Not published,FALSE,agrees,gap-fill,line,matched:exact:maker-wide,reader-r1-20b,batch-20b.csv#1074 batch-20b.csv#1075,2 setting(s) read from p. 24.
ready,R-COVERAGE-20261001-28aad1fe7597,G050-04,M050,P0210,Manufacturer published guidance,Not published,Not published,Not published,Not published,Yes,Not published,Not published,Ruby or hardened nozzle recommended: Yes,p. 24: Dry box recommended; p. 24: Ruby or hardened nozzle recommended,PA6 CF15 | Yes | Dry box recommended | Ruby or hardened nozzle recommended,unknown,Not applicable,Not applicable,unknown,unknown,Not applicable,Not applicable,unknown,unknown,Not applicable,Not applicable,unknown,unknown,stated,Not published,Not published,TRUE,agrees,gap-fill,line,matched:exact:maker-wide,reader-r1-20b,batch-20b.csv#1085 batch-20b.csv#1086,2 setting(s) read from p. 24.
ready,R-COVERAGE-20261001-28aad1fe7597,G108-01,M108,P0200,Manufacturer published guidance,Not published,Not published,Not published,Not published,Yes,Not published,Not published,Ruby or hardened nozzle recommended: Yes,p. 24: Dry box recommended; p. 24: Ruby or hardened nozzle recommended,PA6 GK10 | Yes | Dry box recommended | Ruby or hardened nozzle recommended,unknown,Not applicable,Not applicable,unknown,unknown,Not applicable,Not applicable,unknown,unknown,Not applicable,Not applicable,unknown,unknown,stated,Not published,Not published,TRUE,agrees,gap-fill,line,matched:exact:maker-wide,reader-r1-20b,batch-20b.csv#1096 batch-20b.csv#1097,2 setting(s) read from p. 24.
ready,R-COVERAGE-20261001-28aad1fe7597,G104-01,M104,P0184,Manufacturer published guidance,Not published,Not published,Not published,Not published,Yes,Not published,Not published,Ruby or hardened nozzle recommended: Yes,p. 24: Dry box recommended; p. 24: Ruby or hardened nozzle recommended,PA6 CS20 FR V0 | Yes | Dry box recommended | Ruby or hardened nozzle recommended,unknown,Not applicable,Not applicable,unknown,unknown,Not applicable,Not applicable,unknown,unknown,Not applicable,Not applicable,unknown,unknown,stated,Not published,Not published,TRUE,agrees,gap-fill,line,matched:exact:maker-wide,reader-r1-20b,batch-20b.csv#1107 batch-20b.csv#1108,2 setting(s) read from p. 24.
ready,R-COVERAGE-20261001-28aad1fe7597,G020-08,M020,P0199,Manufacturer published guidance,Not published,Not published,Not published,Not published,No,Not published,Not published,Ruby or hardened nozzle recommended: No,p. 24: Dry box recommended; p. 24: Ruby or hardened nozzle recommended,PET-G HT100 | No | Dry box recommended | Ruby or hardened nozzle recommended,unknown,Not applicable,Not applicable,unknown,unknown,Not applicable,Not applicable,unknown,unknown,Not applicable,Not applicable,unknown,unknown,stated,Not published,Not published,FALSE,agrees,gap-fill,line,matched:exact:maker-wide,reader-r1-20b,batch-20b.csv#1118 batch-20b.csv#1119,2 setting(s) read from p. 24.
ready,R-COVERAGE-20261001-28aad1fe7597,G020-74,M020,P1242,Manufacturer published guidance,Not published,Not published,Not published,Not published,Yes,Not published,Not published,Ruby or hardened nozzle recommended: No,p. 24: Dry box recommended; p. 24: Ruby or hardened nozzle recommended,PET-G FX120 | Yes | Dry box recommended | No | Ruby or hardened nozzle recommended,unknown,Not applicable,Not applicable,unknown,unknown,Not applicable,Not applicable,unknown,unknown,Not applicable,Not applicable,unknown,unknown,stated,Not published,Not published,FALSE,agrees,gap-fill,line,matched:exact:maker-wide,reader-r1-20b,batch-20b.csv#1129 batch-20b.csv#1130,2 setting(s) read from p. 24.
ready,R-COVERAGE-20261001-28aad1fe7597,G067-03,M067,P0224,Manufacturer published guidance,Not published,Not published,Not published,Not published,No,Not published,Not published,Ruby or hardened nozzle recommended: Yes,p. 24: Dry box recommended; p. 24: Ruby or hardened nozzle recommended,PET CF15 | No | Dry box recommended | Yes | Ruby or hardened nozzle recommended,unknown,Not applicable,Not applicable,unknown,unknown,Not applicable,Not applicable,unknown,unknown,Not applicable,Not applicable,unknown,unknown,stated,Not published,Not published,TRUE,agrees,gap-fill,line,matched:exact:maker-wide,reader-r1-20b,batch-20b.csv#1140 batch-20b.csv#1141,2 setting(s) read from p. 24.
ready,R-COVERAGE-20261001-28aad1fe7597,G027-03,M027,P0191,Manufacturer published guidance,Not published,Not published,Not published,Not published,No,Not published,Not published,Ruby or hardened nozzle recommended: No,p. 24: Dry box recommended; p. 24: Ruby or hardened nozzle recommended,ABS GP450 | No | Dry box recommended | Ruby or hardened nozzle recommended,unknown,Not applicable,Not applicable,unknown,unknown,Not applicable,Not applicable,unknown,unknown,Not applicable,Not applicable,unknown,unknown,stated,Not published,Not published,FALSE,agrees,gap-fill,line,matched:exact:maker-wide,reader-r1-20b,batch-20b.csv#1151 batch-20b.csv#1152,2 setting(s) read from p. 24.
ready,R-COVERAGE-20261001-28aad1fe7597,G027-04,M027,P0204,Manufacturer published guidance,Not published,Not published,Not published,Not published,No,Not published,Not published,Ruby or hardened nozzle recommended: No,p. 24: Dry box recommended; p. 24: Ruby or hardened nozzle recommended,ABS Medical | No | Dry box recommended | Ruby or hardened nozzle recommended,unknown,Not applicable,Not applicable,unknown,unknown,Not applicable,Not applicable,unknown,unknown,Not applicable,Not applicable,unknown,unknown,stated,Not published,Not published,FALSE,agrees,gap-fill,line,matched:exact:maker-wide,reader-r1-20b,batch-20b.csv#1162 batch-20b.csv#1163,2 setting(s) read from p. 24.
ready,R-COVERAGE-20261001-28aad1fe7597,G106-01,M106,P0187,Manufacturer published guidance,Not published,Not published,Not published,Not published,No,Not published,Not published,Ruby or hardened nozzle recommended: Yes,p. 24: Dry box recommended; p. 24: Ruby or hardened nozzle recommended,ABS Kevlar | No | Dry box recommended | Yes | Ruby or hardened nozzle recommended,unknown,Not applicable,Not applicable,unknown,unknown,Not applicable,Not applicable,unknown,unknown,Not applicable,Not applicable,unknown,unknown,stated,Not published,Not published,TRUE,agrees,gap-fill,line,matched:exact:maker-wide,reader-r1-20b,batch-20b.csv#1173 batch-20b.csv#1174,2 setting(s) read from p. 24.
ready,R-COVERAGE-20261001-28aad1fe7597,G113-01,M113,P0236,Manufacturer published guidance,Not published,Not published,Not published,Not published,No,Not published,Not published,Ruby or hardened nozzle recommended: Yes,p. 24: Dry box recommended; p. 24: Ruby or hardened nozzle recommended,ASA Kevlar | No | Dry box recommended | Yes | Ruby or hardened nozzle recommended,unknown,Not applicable,Not applicable,unknown,unknown,Not applicable,Not applicable,unknown,unknown,Not applicable,Not applicable,unknown,unknown,stated,Not published,Not published,TRUE,agrees,gap-fill,line,matched:exact:maker-wide,reader-r1-20b,batch-20b.csv#1184 batch-20b.csv#1185,2 setting(s) read from p. 24.
ready,R-COVERAGE-20261001-28aad1fe7597,G094-03,M094,P0120,Manufacturer published guidance,Not published,Not published,Not published,Not published,No,Not published,Not published,Ruby or hardened nozzle recommended: No,p. 24: Dry box recommended; p. 24: Ruby or hardened nozzle recommended,PC/ABS FR V0 | No | Dry box recommended | Ruby or hardened nozzle recommended,unknown,Not applicable,Not applicable,unknown,unknown,Not applicable,Not applicable,unknown,unknown,Not applicable,Not applicable,unknown,unknown,stated,Not published,Not published,FALSE,agrees,gap-fill,line,matched:exact:maker-wide,reader-r1-20b,batch-20b.csv#1195 batch-20b.csv#1196,2 setting(s) read from p. 24.
ready,R-COVERAGE-20261001-28aad1fe7597,G082-03,M082,P0175,Manufacturer published guidance,Not published,Not published,Not published,Not published,No,Not published,necessary (3),Ruby or hardened nozzle recommended: No,p. 24: Dry box recommended; p. 24: Ruby or hardened nozzle recommended; p. 25: Adhesive,PP | No | Dry box recommended | Ruby or hardened nozzle recommended | necessary (3) | Adhesive,unknown,Not applicable,Not applicable,unknown,unknown,Not applicable,Not applicable,unknown,unknown,Not applicable,Not applicable,unknown,unknown,stated,Not published,Not published,FALSE,agrees,gap-fill,line,matched:exact:maker-wide,reader-r1-20b,batch-20b.csv#1206 batch-20b.csv#1207 batch-20b.csv#1425,"3 setting(s) read from p. 24, p. 25."
ready,R-COVERAGE-20261001-28aad1fe7597,G112-01,M112,P0228,Manufacturer published guidance,Not published,Not published,Not published,Not published,No,Not published,Not published,Ruby or hardened nozzle recommended: No,p. 24: Dry box recommended; p. 24: Ruby or hardened nozzle recommended,PC/PTFE | No | Dry box recommended | Ruby or hardened nozzle recommended,unknown,Not applicable,Not applicable,unknown,unknown,Not applicable,Not applicable,unknown,unknown,Not applicable,Not applicable,unknown,unknown,stated,Not published,Not published,FALSE,agrees,gap-fill,line,matched:exact:maker-wide,reader-r1-20b,batch-20b.csv#1217 batch-20b.csv#1218,2 setting(s) read from p. 24.
ready,R-COVERAGE-20261001-28aad1fe7597,G072-02,M072,P0092,Manufacturer published guidance,Not published,Not published,Not published,Not published,Yes,Not published,Not published,Ruby or hardened nozzle recommended: No,p. 24: Dry box recommended; p. 24: Ruby or hardened nozzle recommended,PPS AM230 | Yes | Dry box recommended | No | Ruby or hardened nozzle recommended,unknown,Not applicable,Not applicable,unknown,unknown,Not applicable,Not applicable,unknown,unknown,Not applicable,Not applicable,unknown,unknown,stated,Not published,Not published,FALSE,agrees,gap-fill,line,matched:exact:maker-wide,reader-r1-20b,batch-20b.csv#1228 batch-20b.csv#1229,2 setting(s) read from p. 24.
ready,R-SUNLU-9c709eea-12c7-4a05-b5cd-227c63c700b8,G149-03,M149,P1000,Manufacturer published guidance,Not published,/,Room Temperature,Not published,/,Not published,/,Not published,p. 2: Plate Temp.; p. 2: Plate Material; p. 2: Room Temp.; p. 2: Drying Temp.,Plate Temp. | / | Plate Material | Room Temp. | Room Temperature | Drying Temp.,unknown,Not applicable,Not applicable,unknown,unknown,Not applicable,Not applicable,required,ambient,Not applicable,Not applicable,required,unknown,stated,Not published,Not published,Not published,agrees,gap-fill,line,reader,reader-r1-21,batch-21.csv#483 batch-21.csv#484 batch-21.csv#490 batch-21.csv#492,4 setting(s) read from p. 2.
ready,R-SUNLU-COVERAGE-20261001-5b7089593d2d,G149-03,M149,P1000,Manufacturer published guidance,超低熔点，低打印温度，确保打印过程安全,该材料无需热床即可成功打印,Not published,Not published,Not published,Not published,Not published,Not published,p. 1: 无需热床，几乎不翘边; p. 1: 超低熔点，低打印温度,无需热床，几乎不翘边 | 该材料无需热床即可成功打印，减少了对设备的依赖。 | 超低熔点，低打印温度，确保打印过程安全,unknown,Not applicable,Not applicable,required,unknown,Not applicable,Not applicable,required,unknown,Not applicable,Not applicable,unknown,unknown,unknown,Not applicable,Not applicable,Not published,agrees,gap-fill,line,reader,reader-r1-21,batch-21.csv#508 batch-21.csv#509,2 setting(s) read from p. 1.
ready,R-SUNLU-COVERAGE-20261001-816dc4c0cc18,G149-03,M149,P1000,Manufacturer published guidance,Not published,/,常温,Not published,/,Not published,/,Not published,p. 2: 打印平台温度 Print Platform Temp.; p. 2: 打印平台材料 Print Platform Material; p. 2: 环境温度 Room Temp.; p. 2: 烘干温度 Drying Temp.,打印平台温度 Print Platform Temp. | / | 打印平台材料 Print Platform Material | 环境温度 Room Temp. | 常温 | 烘干温度 Drying Temp.,unknown,Not applicable,Not applicable,unknown,unknown,Not applicable,Not applicable,required,ambient,Not applicable,Not applicable,required,unknown,stated,Not published,Not published,Not published,agrees,gap-fill,line,reader,reader-r1-21,batch-21.csv#562 batch-21.csv#563 batch-21.csv#569 batch-21.csv#571,4 setting(s) read from p. 2.
ready,R-SUNLU-PRINT-20260928-3f8a4687e9e2,G082-04,M082,P1153,Manufacturer published guidance,Not published,40℃,Not published,Not published,Not published,Not published,Not published,Not published,p. 1: Bed Temperature,Bed Temperature  40℃,unknown,Not applicable,Not applicable,unknown,range,40,40,required,unknown,Not applicable,Not applicable,unknown,unknown,unknown,Not applicable,Not applicable,Not published,agrees,gap-fill,line,reader,reader-r1-22,batch-22.csv#168,1 setting(s) read from p. 1.
ready,R-SUNLU-PRINT-20260928-41d3588b228c,G082-05,M082,P0418,Manufacturer published guidance,210-230℃ / ≤30mm/s,50-60℃,Not published,Not published,Not published,Not published,Not published,Not published,p. 1: Nozzle Temperature & Print Speed; p. 1: Bed Temperature,Nozzle Temperature & Print Speed  210-230℃ / ≤30mm/s | Bed Temperature  50-60℃,range,210,230,required,range,50,60,required,unknown,Not applicable,Not applicable,unknown,unknown,unknown,Not applicable,Not applicable,Not published,agrees,gap-fill,line,reader,reader-r1-22,batch-22.csv#186 batch-22.csv#188,2 setting(s) read from p. 1.
ready,D-YOUSU-PP-PAGE,G082-08,M082,P0647,Manufacturer published guidance,225℃-235℃,85℃,Not published,Not published,Not published,≥0.04mm,Clear Build Film,Not published,p. 1: Hot End Temperature; p. 1: Bed Temperature; p. 1: Nozzle; p. 1: Bed surface,Hot End Temperature:225℃-235℃ | Bed Temperature:85℃ | Nozzle:≥0.04mm | Bed surface:Clear Build Film,range,225,235,required,range,85,85,required,unknown,Not applicable,Not applicable,unknown,unknown,unknown,Not applicable,Not applicable,Not published,agrees,gap-fill,line,reader,reader-r1-22,batch-22.csv#315 batch-22.csv#316 batch-22.csv#318 batch-22.csv#319,4 setting(s) read from p. 1.
ready,D-3D4MAKERS-ABS-ESD-PAGE,G030-04,M030,P0608,Manufacturer published guidance,260°C (250-270 °C),100°C,Not published,Not published,"80°C, 2-4 hours",Not published,Not published,Not published,p. 1: Print Temperature; p. 1: Bed Temperature; p. 1: Drying Recommendations,"Print Temperature: 260°C (250-270 °C). | Bed Temperature: 100°C | Drying Recommendations: 80°C, 2-4 hours",range,250,270,required,range,100,100,required,unknown,Not applicable,Not applicable,unknown,unknown,stated,80,4,Not published,agrees,gap-fill,line,reader,reader-r1-23,batch-23.csv#141 batch-23.csv#142 batch-23.csv#144,3 setting(s) read from p. 1.
ready,D-3D4MAKERS-FACILAN-C8-FILAMENT-PAGE,G001-177,M001,P1007,Manufacturer published guidance,195 °C (180-210°C),35-50 °C,Not published,Not published,Not published,Not published,Magigoo Original on glass or a PEI Sheet,Not published,p. 1: Bed Temperature; p. 1: Adhesion; p. 1: Print Temperature,Bed Temperature : 35-50 °C | Adhesion : Magigoo Original on glass or a PEI Sheet | Print Temperature : 195 °C (180-210°C).,range,180,210,required,range,35,50,required,unknown,Not applicable,Not applicable,unknown,unknown,unknown,Not applicable,Not applicable,Not published,agrees,gap-fill,line,reader,reader-r1-23,batch-23.csv#155 batch-23.csv#156 batch-23.csv#157,3 setting(s) read from p. 1.
ready,D-3D4MAKERS-PETG-CARBON-PAGE,G024-10,M024,P0610,Manufacturer published guidance,250°C (240-280 °C),70°C (60-80 °C),Not published,Not published,Not published,Not published,Not published,We advise to use a hardened steel nozzle.,p. 1: Abrasive; p. 1: Print Temperature; p. 1: Bed Temperature,Abrasive please be aware of the wear of carbon filled filaments. We advise to use a hardened steel nozzle. | Print Temperature: 250°C (240-280 °C) | Bed Temperature: 70°C (60-80 °C),range,240,280,required,range,60,80,required,unknown,Not applicable,Not applicable,unknown,unknown,unknown,Not applicable,Not applicable,TRUE,agrees,gap-fill,line,reader,reader-r1-23,batch-23.csv#161 batch-23.csv#171 batch-23.csv#172,3 setting(s) read from p. 1.
ready,D-3D4MAKERS-PETG-FILAMENT-PAGE,G020-34,M020,P0667,Manufacturer published guidance,220 - 240°C,60 - 80°C,Not published,Not published,Not published,Not published,Magigoo Original on glass or a PEI Sheet,Not published,p. 1: Printer nozzle temperature; p. 1: Heated bed temperature; p. 1: Bed Adhesion,Printer nozzle temperature  220 - 240°C | Heated bed temperature  60 - 80°C | Bed Adhesion  Magigoo Original on glass or a PEI Sheet,range,220,240,required,range,60,80,required,unknown,Not applicable,Not applicable,unknown,unknown,unknown,Not applicable,Not applicable,Not published,agrees,gap-fill,line,reader,reader-r1-23,batch-23.csv#185 batch-23.csv#186 batch-23.csv#187,3 setting(s) read from p. 1.
ready,D-3D4MAKERS-PLA-FILAMENT-PAGE,G001-95,M001,P0697,Manufacturer published guidance,180 - 220°C,20 - 60°C,Not published,Not published,Not published,Not published,Magigoo Original on glass or a PEI Sheet,Not published,p. 1: Printer nozzle temperature; p. 1: Heated bed temperature; p. 1: Bed Adhesion,Printer nozzle temperature  180 - 220°C | Heated bed temperature  20 - 60°C | Bed Adhesion  Magigoo Original on glass or a PEI Sheet,range,180,220,required,range,20,60,required,unknown,Not applicable,Not applicable,unknown,unknown,unknown,Not applicable,Not applicable,Not published,agrees,gap-fill,line,reader,reader-r1-23,batch-23.csv#193 batch-23.csv#194 batch-23.csv#195,3 setting(s) read from p. 1.
ready,D-3DJAKE-ABS-CF-BLACK-1-PAGE,G029-10,M029,P0923,Manufacturer published guidance,220 - 250 °C,100-110 ° C,Not published,a closed build chamber is required,Not published,A minimum nozzle diameter of 0.6 mm,Not published,a hardened nozzle (e.g. steel or ruby) is strongly recommended,p. 1: Recommended processing temperature; p. 1: Recommended heating temperature; p. 1: Important Information; p. 1: Important Information; p. 1: Important Information,"Recommended processing temperature: 220 - 250 °C | Recommended heating temperature: 100-110 ° C | ► Important Information: Carbon fibres are highly abrasive, so a hardened nozzle (e.g. steel or ruby) is strongly recommended. | A minimum nozzle diameter of 0.6 mm should be used to prevent clogging and ensure clean extrusion. | For optimal printing results, a closed build chamber is required.",range,220,250,required,range,100,110,required,unknown,Not applicable,Not applicable,unknown,recommended,unknown,Not applicable,Not applicable,TRUE,agrees,gap-fill,line,reader,reader-r1-23-b,batch-23.csv#458 batch-23.csv#459 batch-23.csv#460 batch-23.csv#461 batch-23.csv#462,5 setting(s) read from p. 1.
ready,D-3DJAKE-ASA-BLACK-PAGE,G031-37,M031,P0963,Manufacturer published guidance,210 - 250 °C,60 - 100 °C,Not published,Not published,Not published,Not published,Not published,Not published,p. 1: Recommended processing temperature; p. 1: Recommended heating temperature,Recommended processing temperature: 210 - 250 °C | Recommended heating temperature: 60 - 100 °C,range,210,250,required,range,60,100,required,unknown,Not applicable,Not applicable,unknown,unknown,unknown,Not applicable,Not applicable,Not published,agrees,gap-fill,line,reader,reader-r1-23-b,batch-23.csv#469 batch-23.csv#470,2 setting(s) read from p. 1.
ready,D-3DJAKE-ASA-CF-BLACK-2-PAGE,G033-16,M033,P0924,Manufacturer published guidance,240 - 260 °C,110 °C,Not published,Not published,Not published,Not published,Not published,Not published,p. 1: Recommended processing temperature; p. 1: Recommended heating temperature,Recommended processing temperature: 240 - 260 °C | Recommended heating temperature: 110 °C,range,240,260,required,range,110,110,required,unknown,Not applicable,Not applicable,unknown,unknown,unknown,Not applicable,Not applicable,Not published,agrees,gap-fill,line,reader,reader-r1-23-b,batch-23.csv#477 batch-23.csv#478,2 setting(s) read from p. 1.
ready,D-3DJAKE-EASYPETG-BLACK-PAGE,G020-66,M020,P1030,Manufacturer published guidance,230 - 250 ° C,60 - 90 °C,Not published,Not published,Not published,Not published,Not published,Not published,p. 1: Recommended processing temperature; p. 1: Recommended heating temperature,Recommended processing temperature: 230 - 250 ° C | Recommended heating temperature: 60 - 90 °C,range,230,250,required,range,60,90,required,unknown,Not applicable,Not applicable,unknown,unknown,unknown,Not applicable,Not applicable,Not published,agrees,gap-fill,line,reader,reader-r1-23-b,batch-23.csv#484 batch-23.csv#485,2 setting(s) read from p. 1.
ready,D-3DJAKE-MATTEPLA-BLACK-PAGE,G001-174,M001,P0998,Manufacturer published guidance,200-230 ° C,0 - 60 °C,Not published,Not published,Not published,Not published,Not published,Not published,p. 1: Recommended processing temperature; p. 1: Recommended heating temperature,Recommended processing temperature: 200-230 ° C | Recommended heating temperature: 0 - 60 °C,range,200,230,required,range,0,60,required,unknown,Not applicable,Not applicable,unknown,unknown,unknown,Not applicable,Not applicable,Not published,agrees,gap-fill,line,reader,reader-r1-23-b,batch-23.csv#497 batch-23.csv#498,2 setting(s) read from p. 1.
ready,R-3DJAKE-PRINT-20260928-e2f72ffa8080,G029-10,M029,P0923,Manufacturer published guidance,220 - 250 °C,100-110 ° C,Not published,a closed build chamber is required,Not published,A minimum nozzle diameter of 0.6 mm,Not published,a hardened nozzle (e.g. steel or ruby) is strongly recommended,p. 1: Recommended processing temperature; p. 1: Recommended heating temperature; p. 1: Important Information; p. 1: Important Information; p. 1: Important Information,"Recommended processing temperature: 220 - 250 °C | Recommended heating temperature: 100-110 ° C | ► Important Information: Carbon fibres are highly abrasive, so a hardened nozzle (e.g. steel or ruby) is strongly recommended. | A minimum nozzle diameter of 0.6 mm should be used to prevent clogging and ensure clean extrusion. | For optimal printing results, a closed build chamber is required.",range,220,250,required,range,100,110,required,unknown,Not applicable,Not applicable,unknown,recommended,unknown,Not applicable,Not applicable,TRUE,agrees,gap-fill,line,reader,reader-r1-24,batch-24.csv#34 batch-24.csv#35 batch-24.csv#36 batch-24.csv#37 batch-24.csv#38,5 setting(s) read from p. 1.
ready,R-3DJAKE-3DJAKE-TDS-ABS-Prime-pptx,G027-39,M027,P0032,Manufacturer published guidance,Not published,90 °C,Not published,Not published,Not published,Not published,Textured PEI,Not published,p. 1: Bed temp.; p. 1: Bed surface,Bed temp. | AF | 90 | °C | Bed surface | / | Textured PEI,unknown,Not applicable,Not applicable,unknown,range,90,90,required,unknown,Not applicable,Not applicable,unknown,unknown,unknown,Not applicable,Not applicable,Not published,agrees,gap-fill,line,reader,reader-r1-25,batch-25.csv#136 batch-25.csv#139,2 setting(s) read from p. 1.
ready,R-3DJAKE-3DJAKE-TDS-ASA-Prime-pptx,G031-29,M031,P0038,Manufacturer published guidance,Not published,90 °C,Not published,Not published,Not published,Not published,Textured PEI,Not published,p. 1: Bed temp.; p. 1: Bed surface,Bed temp. | AF | 90 | °C | Bed surface | / | Textured PEI,unknown,Not applicable,Not applicable,unknown,range,90,90,required,unknown,Not applicable,Not applicable,unknown,unknown,unknown,Not applicable,Not applicable,Not published,agrees,gap-fill,line,reader,reader-r1-25,batch-25.csv#216 batch-25.csv#219,2 setting(s) read from p. 1.
ready,R-3DJAKE-3DJAKE-TDS-PETG,G020-54,M020,P0871,Manufacturer published guidance,220-240 °C,80-90 °C,Not published,Not published,Not published,Not published,Not published,Not published,p. 1: Printing temp.; p. 1: Bed temp.,Printing temp. AF 220-240 °C | Bed temp. AF 80-90 °C,range,220,240,required,range,80,90,required,unknown,Not applicable,Not applicable,unknown,unknown,unknown,Not applicable,Not applicable,Not published,agrees,gap-fill,line,reader,reader-r1-25-b,batch-25.csv#413 batch-25.csv#414,2 setting(s) read from p. 1.
ready,R-3DJAKE-3DJAKE-TDS-PLA-MATTE,G001-118,M001,P0001,Manufacturer published guidance,205-225 °C,60 °C,Not published,Not published,Not published,Not published,Not published,Not published,p. 1: Printing temp.; p. 1: Bed temp.,Printing temp. AF 205-225 °C | Bed temp. AF 60 °C,range,205,225,required,range,60,60,required,unknown,Not applicable,Not applicable,unknown,unknown,unknown,Not applicable,Not applicable,Not published,agrees,gap-fill,line,reader,reader-r1-25-b,batch-25.csv#518 batch-25.csv#519,2 setting(s) read from p. 1.
ready,XP-3dxmax-r-asa,G031-05,M031,P0257,Current manufacturer product guidance,235-255C,90-110C,Recommended,Not published,80C for 4 hours,Not published,Not published,No special concerns,p. 1: Extruder Temp; p. 1: Bed Temp; p. 1: Heated Chamber; p. 1: Nozzle Specs; p. 1: Drying Specs,Extruder Temp | 235-255C | Bed Temp | 90-110C | Heated Chamber | Recommended | Nozzle Specs | No special concerns | Drying Specs | 80C for 4 hours,range,235,255,required,range,90,110,required,recommended,Not applicable,Not applicable,recommended,unknown,stated,80,4,FALSE,agrees,gap-fill,line,reader,reader-r1-27-b,batch-27.csv#86 batch-27.csv#87 batch-27.csv#88 batch-27.csv#89 batch-27.csv#91,5 setting(s) read from p. 1.
ready,XP-3dxmax-r-pc,G035-05,M035,P0254,Current manufacturer product guidance,280-310C,110-120C,Recommended,Not published,"120C for 4+ hours, 4 h",Not published,Not published,No special concerns,p. 1: Wide processing range; p. 1: Bed Temp; p. 1: Heated Chamber; p. 1: Nozzle Specs; p. 1: Drying Specs,Wide processing range of 280-310C | Bed Temp | 110-120C | Heated Chamber | Recommended | Nozzle Specs | No special concerns | Drying Specs | 120C for 4+ hours,range,280,310,required,range,110,120,required,recommended,Not applicable,Not applicable,recommended,unknown,stated,120,4,FALSE,agrees,gap-fill,line,reader,reader-r1-27-b,batch-27.csv#96 batch-27.csv#98 batch-27.csv#99 batch-27.csv#100 batch-27.csv#102,5 setting(s) read from p. 1.
ready,XP-3dxstat-esd-abs-1-2,G030-01,M030,P0036,Current manufacturer product guidance,220-240°C,100-110°C,Recommended,Not published,80°C for 4 hours,Not published,Not published,No special concerns,p. 1: Extruder Temp; p. 1: Bed Temp; p. 1: Heated Chamber; p. 1: Nozzle Specs; p. 1: Drying Specs,Extruder Temp | 220-240°C | Bed Temp | 100-110°C | Heated Chamber | Recommended | Nozzle Specs | No special concerns | Drying Specs | 80°C for 4 hours,range,220,240,required,range,100,110,required,recommended,Not applicable,Not applicable,recommended,unknown,stated,80,4,FALSE,agrees,gap-fill,line,reader,reader-r1-27-b,batch-27.csv#107 batch-27.csv#108 batch-27.csv#109 batch-27.csv#110 batch-27.csv#112,5 setting(s) read from p. 1.
ready,XP-carbonx-abs-cf-1-2,G029-01,M029,P0034,Current manufacturer product guidance,220-240C,100-110C,Recommended,Not published,80C for 4 hours,.4mm diameter minimum,Not published,Hardened Steel with .4mm diameter minimum,p. 1: Extruder Temp; p. 1: Bed Temp; p. 1: Heated Chamber; p. 1: Nozzle Specs; p. 1: Nozzle Specs; p. 1: Drying Specs,Extruder Temp | 220-240C | Bed Temp | 100-110C | Heated Chamber | Recommended | Nozzle Specs | Hardened Steel with .4mm diameter minimum | Drying Specs | 80C for 4 hours,range,220,240,required,range,100,110,required,recommended,Not applicable,Not applicable,recommended,unknown,stated,80,4,TRUE,agrees,gap-fill,line,reader,reader-r1-27-b,batch-27.csv#117 batch-27.csv#118 batch-27.csv#119 batch-27.csv#120 batch-27.csv#121 batch-27.csv#123,6 setting(s) read from p. 1.
ready,XP-carbonx-asa-cf-1,G033-02,M033,P0040,Current manufacturer product guidance,235-255C,90-110C,Recommended,Not published,80C for 4 hours,.4mm diameter minimum,Not published,Hardened Steel with .4mm diameter minimum,p. 1: Extruder Temp; p. 1: Bed Temp; p. 1: Heated Chamber; p. 1: Nozzle Specs; p. 1: Nozzle Specs; p. 1: Drying Specs,Extruder Temp | 235-255C | Bed Temp | 90-110C | Heated Chamber | Recommended | Nozzle Specs | Hardened Steel with .4mm diameter minimum | Drying Specs | 80C for 4 hours,range,235,255,required,range,90,110,required,recommended,Not applicable,Not applicable,recommended,unknown,stated,80,4,TRUE,agrees,gap-fill,line,reader,reader-r1-27-b,batch-27.csv#129 batch-27.csv#130 batch-27.csv#131 batch-27.csv#132 batch-27.csv#133 batch-27.csv#135,6 setting(s) read from p. 1.
ready,XP-carbonx-ezpc-cf-1,G037-04,M037,P0267,Current manufacturer product guidance,260-280°C,80-100C,Recommended,Not published,80C for 4 hours,.4mm diameter minimum,Not published,Hardened Steel with .4mm diameter minimum,p. 1: Wide processing range; p. 1: Bed Temp; p. 1: Heated Chamber; p. 1: Nozzle Specs; p. 1: Nozzle Specs; p. 1: Drying Specs,Wide processing range of 260-280°C (suitable for most desktop printers) | Bed Temp | 80-100C | Heated Chamber | Recommended | Nozzle Specs | Hardened Steel with .4mm diameter minimum | Drying Specs | 80C for 4 hours,range,260,280,required,range,80,100,required,recommended,Not applicable,Not applicable,recommended,unknown,stated,80,4,TRUE,agrees,gap-fill,line,reader,reader-r1-27-b,batch-27.csv#139 batch-27.csv#142 batch-27.csv#143 batch-27.csv#144 batch-27.csv#145 batch-27.csv#147,6 setting(s) read from p. 1.
ready,XP-carbonx-htn-cf,G070-05,M070,P0248,Current manufacturer product guidance,285°-315 C,110-120° C,Recommended,Not published,120C for 4 hours,.4mm diameter minimum,Not published,Hardened Steel with .4mm diameter minimum,p. 1: Extruder Temp; p. 1: Bed Temp; p. 1: Heated Chamber; p. 1: Nozzle Specs; p. 1: Nozzle Specs; p. 1: Drying Specs,Extruder Temp | 285°-315 C | Bed Temp | 110-120° C | Heated Chamber | Recommended | Nozzle Specs | Hardened Steel with .4mm diameter minimum | Drying Specs | 120C for 4 hours,range,285,315,required,range,110,120,required,recommended,Not applicable,Not applicable,recommended,unknown,stated,120,4,TRUE,agrees,gap-fill,line,reader,reader-r1-27-b,batch-27.csv#155 batch-27.csv#156 batch-27.csv#157 batch-27.csv#158 batch-27.csv#159 batch-27.csv#161,6 setting(s) read from p. 1.
ready,XP-carbonx-nylon-12-cf-1-2,G053-01,M053,P0068,Current manufacturer product guidance,265-285C,90-110C,Recommended,Not published,90C for 4 hours,0.4mm diameter minimum,Not published,Not published,p. 1: Extruder Temp; p. 1: Bed Temp; p. 1: Heated Chamber; p. 1: Drying Specs; p. 1: Nozzle Specs,Extruder Temp | 265-285C | Bed Temp | 90-110C | Heated Chamber | Recommended | Drying Specs | 90C for 4 hours | Nozzle Specs | 0.4mm diameter minimum,range,265,285,required,range,90,110,required,recommended,Not applicable,Not applicable,recommended,unknown,stated,90,4,Not published,agrees,gap-fill,line,reader,reader-r1-27-b,batch-27.csv#166 batch-27.csv#167 batch-27.csv#168 batch-27.csv#170 batch-27.csv#171,5 setting(s) read from p. 1.
ready,XP-carbonx-nylon-6-cf-1,G050-10,M050,P0566,Current manufacturer product guidance,240-270C,80-110C,"Not required, but improves layer bonding",Not published,90C for 4 hours,.4mm diameter minimum,Not published,Hardened Steel with .4mm diameter minimum,p. 1: Extruder Temp; p. 1: Bed Temp; p. 1: Heated Chamber; p. 1: Nozzle Specs; p. 1: Nozzle Specs; p. 1: Drying Specs,"Extruder Temp | 240-270C | Bed Temp | 80-110C | Heated Chamber | Not required, but improves layer bonding | Nozzle Specs | Hardened Steel with .4mm diameter minimum | Drying Specs | 90C for 4 hours",range,240,270,required,range,80,110,required,not-required,Not applicable,Not applicable,none,unknown,stated,90,4,TRUE,agrees,gap-fill,line,reader,reader-r1-27-b,batch-27.csv#174 batch-27.csv#175 batch-27.csv#176 batch-27.csv#177 batch-27.csv#178 batch-27.csv#180,6 setting(s) read from p. 1.
ready,XP-carbonx-pc-cf-1-2,G037-01,M037,P0045,Current manufacturer product guidance,280-310C,110-120C,Recommended,Not published,120C for 4 hours,.4mm diameter minimum,Not published,Hardened Steel with .4mm diameter minimum,p. 1: Wide processing range; p. 1: Bed Temp; p. 1: Heated Chamber; p. 1: Nozzle Specs; p. 1: Nozzle Specs; p. 1: Drying Specs,Wide processing range of 280-310C | Bed Temp | 110-120C | Heated Chamber | Recommended | Nozzle Specs | Hardened Steel with .4mm diameter minimum | Drying Specs | 120C for 4 hours,range,280,310,required,range,110,120,required,recommended,Not applicable,Not applicable,recommended,unknown,stated,120,4,TRUE,agrees,gap-fill,line,reader,reader-r1-27-b,batch-27.csv#183 batch-27.csv#186 batch-27.csv#187 batch-27.csv#188 batch-27.csv#189 batch-27.csv#191,6 setting(s) read from p. 1.
ready,XP-carbonx-petg-cf-1,G024-05,M024,P0243,Current manufacturer product guidance,230-270°C,70-90C,Not Required,Not published,65C for 4 hours,.4mm diameter minimum,Not published,A hardened steel nozzle is required for printing CarbonX PETG+CF.,p. 1: Wide processing range; p. 1: Tips from Our Engineers; p. 1: Bed Temp; p. 1: Heated Chamber; p. 1: Nozzle Specs; p. 1: Drying Specs,Wide processing range from 230-270°C | Carbon fiber filaments are abrasive and will accelerate wear on standard brass nozzles. A hardened steel nozzle is required for printing CarbonX PETG+CF. | Bed Temp | 70-90C | Heated Chamber | Not Required | Nozzle Specs | Hardened Steel with .4mm diameter minimum | Drying Specs | 65C for 4 hours,range,230,270,required,range,70,90,required,not-required,Not applicable,Not applicable,none,unknown,stated,65,4,TRUE,agrees,gap-fill,line,reader,reader-r1-27-b,batch-27.csv#193 batch-27.csv#195 batch-27.csv#197 batch-27.csv#198 batch-27.csv#200 batch-27.csv#202,6 setting(s) read from p. 1.
ready,XP-ecomax-r-pla-2,G001-01,M001,P0001,Current manufacturer product guidance,190-220C,23-60C,Not required,no enclosure required,45C for 4 hours,Not published,Not published,No special concerns,p. 1: Benefits; p. 1: Extruder Temp; p. 1: Bed Temp; p. 1: Heated Chamber; p. 1: Nozzle Specs; p. 1: Drying Specs,"Ideal for printing without a heated bed, no enclosure required | Extruder Temp | 190-220C | Bed Temp | 23-60C | Heated Chamber | Not required | Nozzle Specs | No special concerns | Drying Specs | 45C for 4 hours",range,190,220,required,range,23,60,required,not-required,Not applicable,Not applicable,none,not-needed,stated,45,4,FALSE,agrees,gap-fill,line,reader,reader-r1-27-b,batch-27.csv#204 batch-27.csv#205 batch-27.csv#206 batch-27.csv#207 batch-27.csv#208 batch-27.csv#210,6 setting(s) read from p. 1.
ready,XP-ecomax-r-tough-pla,G001-18,M001,P0247,Current manufacturer product guidance,200-230C,23-60C,Not required,no enclosure required,65C for 4 hours,Not published,Not published,No special concerns,p. 1: Benefits; p. 1: Extruder Temp; p. 1: Bed Temp; p. 1: Heated Chamber; p. 1: Nozzle Specs; p. 1: Drying Specs,"Ideal for printing without a heated bed, no enclosure required | Extruder Temp | 200-230C | Bed Temp | 23-60C | Heated Chamber | Not required | Nozzle Specs | No special concerns | Drying Specs | 65C for 4 hours",range,200,230,required,range,23,60,required,not-required,Not applicable,Not applicable,none,not-needed,stated,65,4,FALSE,agrees,gap-fill,line,reader,reader-r1-27-b,batch-27.csv#212 batch-27.csv#213 batch-27.csv#214 batch-27.csv#215 batch-27.csv#216 batch-27.csv#218,6 setting(s) read from p. 1.
ready,XP-ezpc-polycarbonate-1,G035-04,M035,P0244,Current manufacturer product guidance,255-275C,90-110C,Recommended,Not published,"80C for 4+ hours, 4 h",Not published,Not published,No special concerns,p. 1: Extruder Temp; p. 1: Bed Temp; p. 1: Heated Chamber; p. 1: Nozzle Specs; p. 1: Drying Specs,Extruder Temp | 255-275C | Bed Temp | 90-110C | Heated Chamber | Recommended | Nozzle Specs | No special concerns | Drying Specs | 80C for 4+ hours,range,255,275,required,range,90,110,required,recommended,Not applicable,Not applicable,recommended,unknown,stated,80,4,FALSE,agrees,gap-fill,line,reader,reader-r1-27-b,batch-27.csv#223 batch-27.csv#224 batch-27.csv#225 batch-27.csv#226 batch-27.csv#228,5 setting(s) read from p. 1.
ready,XP-simubone-r,G001-178,M001,P1011,Current manufacturer product guidance,220-240C,23-60C,Not required,Not published,65C for 4 hours,Not published,Not published,No special concerns,p. 1: Extruder Temp; p. 1: Bed Temp; p. 1: Heated Chamber; p. 1: Nozzle Specs; p. 1: Drying Specs,Extruder Temp | 220-240C | Bed Temp | 23-60C | Heated Chamber | Not required | Nozzle Specs | No special concerns | Drying Specs | 65C for 4 hours,range,220,240,required,range,23,60,required,not-required,Not applicable,Not applicable,none,unknown,stated,65,4,FALSE,agrees,gap-fill,line,reader,reader-r1-27-b,batch-27.csv#230 batch-27.csv#231 batch-27.csv#232 batch-27.csv#233 batch-27.csv#235,5 setting(s) read from p. 1.
ready,XP-triton-abs,G027-57,M027,P0032,Current manufacturer product guidance,Not published,Not published,Recommended,Not published,80C for 4 hours,Not published,Not published,No special concerns,p. 1: Heated Chamber; p. 1: Nozzle Specs; p. 1: Drying Specs,Heated Chamber | Recommended | Nozzle Specs | No special concerns | Drying Specs | 80C for 4 hours,unknown,Not applicable,Not applicable,unknown,unknown,Not applicable,Not applicable,unknown,recommended,Not applicable,Not applicable,recommended,unknown,stated,80,4,FALSE,agrees,gap-fill,line,reader,reader-r1-27-b,batch-27.csv#237 batch-27.csv#238 batch-27.csv#240,3 setting(s) read from p. 1.
ready,R-3DJAKE-PLA-TDS-7,G001-153,M001,P0920,Manufacturer published guidance,200 – 230°C,Not required (recommended 50-60 °C),Not published,Not published,Not published,Not published,"Blue tape, Kapton tape, Glass bed, Wood bed",Not published,p. 1: Nozzle temperature; p. 1: Heated bed; p. 1: Build platform,"Nozzle temperature: 200 – 230°C | Heated bed: Not required (recommended 50-60 °C) | Build platform: Blue tape, Kapton tape, Glass bed, Wood bed",range,200,230,required,range,50,60,none,unknown,Not applicable,Not applicable,unknown,unknown,unknown,Not applicable,Not applicable,Not published,agrees,gap-fill,line,reader,reader-r1-28-b,batch-28.csv#65 batch-28.csv#66 batch-28.csv#68,3 setting(s) read from p. 1.
ready,B-PC-PLA-Pure-TDS,G001-183,M001,P1101,Manufacturer published guidance,190 - 230 °C,Not published,Not published,Not published,"Blast Drying Oven: 50 °C, 8 h","0.2, 0.4, 0.6, 0.8 mm",Textured PEI Plate / Smooth PEI Plate/Cool Plate Supertack,Not published,p. 1: Drying Settings before Printing; p. 1: Nozzle Size; p. 1: Nozzle Temperature; p. 1: Build Plate Type,"Drying Settings before Printing | Blast Drying Oven: 50 °C, 8 h | Nozzle Size 0.2, 0.4, 0.6, 0.8 mm | Nozzle Temperature 190 - 230 °C | Build Plate Type Textured PEI Plate / Smooth PEI Plate/Cool Plate Supertack",range,190,230,required,unknown,Not applicable,Not applicable,unknown,unknown,Not applicable,Not applicable,unknown,unknown,stated,50,8,Not published,agrees,gap-fill,pieces+line,reader,reader-r1-28-b,batch-28.csv#195 batch-28.csv#203 batch-28.csv#204 batch-28.csv#205,4 setting(s) read from p. 1.
ready,R-BAMBU-PRIORITY-20261003-1a684f125817,G041-01,M161,P0052,Manufacturer published guidance,Not published,Not published,Not published,Not published,recommended further drying before use and after storage,Not published,Not published,Not published,p. 1: Drying Recommendations,"TPU 95A HF is highly sensitive to humidity. To achieve optimal printing performance, it is recommended further drying before use and after storage.",unknown,Not applicable,Not applicable,unknown,unknown,Not applicable,Not applicable,unknown,unknown,Not applicable,Not applicable,unknown,unknown,stated,Not published,Not published,Not published,agrees,gap-fill,line,reader,reader-r1-29-b,batch-29.csv#76,1 setting(s) read from p. 1.
ready,R-BAMBU-PRIORITY-20261003-b02fd3e64625,G035-01,M035,P0043,Manufacturer published guidance,Not published,Not published,Not published,Enclosure Printers Required,Dry out before use,Not published,Not published,Not published,p. 1: Cautions for Use; p. 1: Cautions for Use,Enclosure Printers Required | Dry out before use,unknown,Not applicable,Not applicable,unknown,unknown,Not applicable,Not applicable,unknown,unknown,Not applicable,Not applicable,unknown,recommended,stated,Not published,Not published,Not published,agrees,gap-fill,line,reader,reader-r1-29-b,batch-29.csv#82 batch-29.csv#83,2 setting(s) read from p. 1.
ready,R-BAMBU-PRIORITY-20261003-f50ef28e766c,G032-01,M032,P0039,Manufacturer published guidance,240 - 280 °C,Not published,Not published,Enclosure Printers Required,Dry Out Before Use,0.4 mm,Not published,Not published,p. 1: Cautions for Use; p. 1: Cautions for Use; p. 1: Printing Temperature; p. 1: Nozzle Type,Enclosure Printers Required | Dry Out Before Use | Printing Temperature | 240 - 280 °C | Specimen Test: Nozzle Type: 0.4 mm,range,240,280,required,unknown,Not applicable,Not applicable,unknown,unknown,Not applicable,Not applicable,unknown,recommended,stated,Not published,Not published,Not published,agrees,gap-fill,line,reader,reader-r1-29-b,batch-29.csv#90 batch-29.csv#91 batch-29.csv#97 batch-29.csv#105,4 setting(s) read from p. 1.
ready,R-FORWARDAM-PAHT-CF15-TDS-v4-0,G048-02,M048,P0732,Manufacturer published guidance,Not published,Not published,Not published,Not published,80 °C in a hot air dryer or vacuum oven for at least 4 to 16 hours.,"≥ 0,6 mm, Ruby or hardened",PEI or Glass,works in any FFF printer with a hardened nozzle,p. 1: Product Description; p. 2: Bed Material; p. 2: Nozzle Diameter; p. 2: Drying recommendations,"It works in any FFF printer with a hardened nozzle. | Bed Material PEI or Glass | Nozzle Diameter ≥ 0,6 mm, Ruby or hardened | 80 °C in a hot air dryer or vacuum oven for at least 4 to 16 hours.",unknown,Not applicable,Not applicable,unknown,unknown,Not applicable,Not applicable,unknown,unknown,Not applicable,Not applicable,unknown,unknown,stated,80,16,TRUE,agrees,gap-fill,line,reader,reader-r1-30,batch-30.csv#5 batch-30.csv#16 batch-30.csv#18 batch-30.csv#23,"4 setting(s) read from p. 1, p. 2."
ready,D-BIGREP-ABS-PAGE,G027-23,M027,P0605,Manufacturer published guidance,230 - 260 °C,Not published,Not published,Not published,Not published,Not published,"Kapton (additional adhesion using glue, e.g. Magigoo) | BigRep SWITCHPLATE",Not published,p. 2: Nozzle Temperature; p. 2: Surface Adhesion,"Nozzle Temperature | 230 | 260 | Kapton (additional adhesion using glue, e.g. Magigoo) | BigRep SWITCHPLATE",range,230,260,required,unknown,Not applicable,Not applicable,unknown,unknown,Not applicable,Not applicable,unknown,unknown,unknown,Not applicable,Not applicable,Not published,agrees,gap-fill,pieces+line,reader,reader-r1-30,batch-30.csv#130 batch-30.csv#133,2 setting(s) read from p. 2.
ready,D-BIGREP-RPLA-PAGE,G001-189,M001,P1102,Manufacturer published guidance,200 - 230 °C,50 - 70 °C,Not published,Not published,50 °C for 4 - 6 hours,Not published,Not published,Not published,p. 1: Nozzle Temperature; p. 1: Print Bed Temperature; p. 1: Drying recommendations,Nozzle Temperature 200 - 230 °C | Print Bed Temperature 50 - 70 °C | Drying recommendations 50 °C for 4 - 6 hours,range,200,230,required,range,50,70,required,unknown,Not applicable,Not applicable,unknown,unknown,stated,50,6,Not published,agrees,gap-fill,line,reader,reader-r1-30,batch-30.csv#169 batch-30.csv#170 batch-30.csv#172,3 setting(s) read from p. 1.
ready,D-COLORFABB-STONEFILL-PAGE,G001-180,M001,P1033,Manufacturer published guidance,195-220C*,50-60C,Not published,Not published,Requires drying from time to time to reduce stringing and oozing.,Not published,Not published,Not published,p. 1: Advised 3D printing temperature; p. 1: Advised Heated bed; p. 1: Cons,Advised 3D printing temperature 195-220C* | Advised Heated bed 50-60C | Cons Requires drying from time to time to reduce stringing and oozing.,range,195,220,required,range,50,60,required,unknown,Not applicable,Not applicable,unknown,unknown,stated,Not published,Not published,Not published,agrees,gap-fill,line,reader,reader-r1-30,batch-30.csv#312 batch-30.csv#314 batch-30.csv#316,3 setting(s) read from p. 1.
ready,D-COLORFABB-XT-PAGE,G089-03,M089,P0980,Manufacturer published guidance,240-260C,60-70C,Not published,Not published,Not published,Not published,print on a heated bed; build plate cooled to about 20-30 C before removing the part,Not published,p. 1: Advised 3D printing temperature; p. 1: Advised Heated bed; p. 1: Build platform,"Advised 3D printing temperature 240-260C | Advised Heated bed 60-70C | Build platform For colorFabb_XT we advice to print on a heated bed. After printing, the build plate needs to cool down to about 20-30 C at which point you can remove the printed part.",range,240,260,required,range,60,70,required,unknown,Not applicable,Not applicable,unknown,unknown,unknown,Not applicable,Not applicable,Not published,agrees,gap-fill,line,reader,reader-r1-30,batch-30.csv#321 batch-30.csv#323 batch-30.csv#324,3 setting(s) read from p. 1.
ready,R-COLORFABB-Files-colorFabb,G001-62,M001,P0526,Manufacturer published guidance,215-225 °C,Not published,Not published,Not published,Not published,Not published,Not published,Not published,p. 2: Nozzle Temp.,Nozzle Temp. | 215 | 225,range,215,225,required,unknown,Not applicable,Not applicable,unknown,unknown,Not applicable,Not applicable,unknown,unknown,unknown,Not applicable,Not applicable,Not published,agrees,gap-fill,pieces,reader,reader-r1-30,batch-30.csv#493,1 setting(s) read from p. 2.
ready,R-COLORFABB-PRINT-20260928-66635037e973,G164-06,M164,P1170,Manufacturer published guidance,265C-290C,Not published,Not published,Not published,drying temperature set at 70-80C for 4-6 hours,Not published,3DLac for extra adhesion,Not published,p. 1: Advised 3D printing temperature; p. 1: Heated glass plate buildsurface; p. 1: Drying,"Advised 3D printing temperature 265C-290C | For heated glass plate buildsurface we can recommend using 3DLac for extra adhesion. | Drying is advised using filament dryers, drying temperature set at 70-80C for 4-6 hours.",range,265,290,required,unknown,Not applicable,Not applicable,unknown,unknown,Not applicable,Not applicable,unknown,unknown,stated,80,6,Not published,agrees,gap-fill,line,reader,reader-r1-31,batch-31.csv#7 batch-31.csv#10 batch-31.csv#12,3 setting(s) read from p. 1.
ready,R-COLORFABB-PRINT-20260928-7293b4d77f79,G164-02,M164,P1179,Manufacturer published guidance,265-290℃,Not published,Not published,Not published,The material can be dried at 100-110c for 3-6 hours.,Not published,3DLac for extra adhesion,Not published,p. 1: Advised 3D printing temperature; p. 1: Heated glass plate build surface; p. 1: Drying,Advised 3D printing temperature 265-290℃ | For heated glass plate build surface we can recommend using 3DLac for extra adhesion. | The material can be dried at 100-110c for 3-6 hours.,range,265,290,required,unknown,Not applicable,Not applicable,unknown,unknown,Not applicable,Not applicable,unknown,unknown,stated,110,6,Not published,agrees,gap-fill,line,reader,reader-r1-31,batch-31.csv#18 batch-31.csv#21 batch-31.csv#23,3 setting(s) read from p. 1.
ready,R-COLORFABB-PRINT-20260928-889899362b76,G090-03,M090,P1027,Manufacturer published guidance,240-260C,60-70C,Not published,Not published,Not published,Not published,Not published,Not published,p. 1: Advised 3D printing temperature; p. 1: Advised Heated bed,Advised 3D printing temperature 240-260C | Advised Heated bed 60-70C,range,240,260,required,range,60,70,required,unknown,Not applicable,Not applicable,unknown,unknown,unknown,Not applicable,Not applicable,Not published,agrees,gap-fill,line,reader,reader-r1-31,batch-31.csv#29 batch-31.csv#31,2 setting(s) read from p. 1.
ready,R-ERYONE-PRINT-20260928-3266824b2135,G029-04,M029,P0438,Manufacturer published guidance,240-280ºC,90-110ºC,Not published,Not published,Not published,Not published,Not published,Not published,p. 1: Extruder temperature; p. 1: Platform temperature,Extruder temperature: 240-280ºC | Platform temperature: 90-110ºC,range,240,280,required,range,90,110,required,unknown,Not applicable,Not applicable,unknown,unknown,unknown,Not applicable,Not applicable,Not published,agrees,gap-fill,line,reader,reader-r1-34,batch-34.csv#30 batch-34.csv#31,2 setting(s) read from p. 1.
ready,R-ERYONE-PRINT-20260928-9e82297a5891,G025-02,M025,P0168,Manufacturer published guidance,250-280℃,60-70℃,Not published,closed printing,"60℃-70℃,4-8H",Not published,"glass, PEI, spring steel plate",Not published,p. 1: Nozzle temperature; p. 1: Build plate temperature; p. 1: Bed material; p. 1: Sealed printing; p. 1: Drying conditions,"Nozzle temperature  250-280℃ | Build plate temperature  60-70℃ | Bed material  glass, PEI, spring steel plate | Sealed printing  closed printing | Drying conditions  60℃-70℃，4-8H",range,250,280,required,range,60,70,required,unknown,Not applicable,Not applicable,unknown,recommended,stated,70,8,Not published,agrees,gap-fill,line,reader,reader-r1-34,batch-34.csv#41 batch-34.csv#42 batch-34.csv#45 batch-34.csv#47 batch-34.csv#49,5 setting(s) read from p. 1.
ready,R-ESSENTIUM-TDS-Essentium-TPU-95A-Z,G039-59,M161,P0049,Manufacturer published guidance,230 – 250,50 – 80,Not published,Not published,Not published,0.8,Glass,Not published,"p. 1: Nozzle Temperature, ºC; p. 1: Bed Temperature, ºC; p. 1: Bed Material; p. 2: Nozzle Size, mm","Nozzle Temperature, ºC 230 – 250 | Bed Temperature, ºC 50 – 80 | Bed Material Glass | Nozzle Size, mm 0.8",range,230,250,required,range,50,80,required,unknown,Not applicable,Not applicable,unknown,unknown,unknown,Not applicable,Not applicable,Not published,agrees,gap-fill,line,reader,reader-r1-34,batch-34.csv#150 batch-34.csv#151 batch-34.csv#156 batch-34.csv#182,"4 setting(s) read from p. 1, p. 2."
ready,D-ESUN-EPLA-LITE-PRODUCT-PAGE,G004-01,M001,P0161,Manufacturer published guidance,Not published,45-60℃,Not published,Not published,Not published,Not published,Not published,Not published,p. 1: Bed Temperature(°C),Bed Temperature(°C) | 45-60℃,unknown,Not applicable,Not applicable,unknown,range,45,60,required,unknown,Not applicable,Not applicable,unknown,unknown,unknown,Not applicable,Not applicable,Not published,agrees,gap-fill,line,reader,reader-r1-34,batch-34.csv#205,1 setting(s) read from p. 1.
ready,R-ESUN-PRIORITY-20261003-0da78e0ff9ef,G027-22,M027,P0594,Manufacturer published guidance,260-270°C,Not published,Not published,Not published,Not published,Not published,Not published,Not published,p. 1: melted and extruded at high temperatures,After being melted and extruded at high temperatures (260-270°C),range,260,270,required,unknown,Not applicable,Not applicable,unknown,unknown,Not applicable,Not applicable,unknown,unknown,unknown,Not applicable,Not applicable,Not published,agrees,gap-fill,line,reader,reader-r1-34,batch-34.csv#212,1 setting(s) read from p. 1.
ready,R-ESUN-PRIORITY-20261003-e4a67e70f66b,G027-22,M027,P0594,Manufacturer published guidance,Not published,95-110℃,Not published,enclosed-chamber printing,Not published,Not published,Not published,Not published,p. 1: Bed Temperature(°C); p. 1: Printing Recommendation,Bed Temperature(°C) | 95-110℃ | Printing Recommendation | enclosed-chamber printing,unknown,Not applicable,Not applicable,unknown,range,95,110,required,unknown,Not applicable,Not applicable,unknown,recommended,unknown,Not applicable,Not applicable,Not published,agrees,gap-fill,line,reader,reader-r1-34,batch-34.csv#236 batch-34.csv#240,2 setting(s) read from p. 1.
ready,S-ESUN-PRINT-20260928-c1f77dd37a8b,G045-01,M045,P0057,Manufacturer published guidance,Not published,60-90℃,Not published,Not published,Dry at70℃/>6H,Not published,Not published,Not published,p. 1: Bed Temperature(°C); p. 1: Printing Recommendation,Bed Temperature(°C) | 60-90℃ | Printing Recommendation | Dry at70℃/＞6H,unknown,Not applicable,Not applicable,unknown,range,60,90,required,unknown,Not applicable,Not applicable,unknown,unknown,stated,70,6,Not published,agrees,gap-fill,line,reader,reader-r1-34,batch-34.csv#290 batch-34.csv#294,2 setting(s) read from p. 1.
ready,R-EXTRUDR-durapro-abs-TDS-fr,G027-11,M027,P0388,Manufacturer published guidance,220-250°C,100-110°C,Not published,Not published,Not published,"buse de 0,4 mm",Not published,Not published,p. 1: Buse; p. 1: Plateau chauffant; p. 1: Paramètres recommandés,"Buse 220-250°C | Plateau chauffant 100-110°C | Paramètres recommandés pour les imprimantes avec une buse de 0,4 mm. Max. 50 % de hauteur de couche.",range,220,250,required,range,100,110,required,unknown,Not applicable,Not applicable,unknown,unknown,unknown,Not applicable,Not applicable,Not published,agrees,gap-fill,line,reader,reader-r1-37,batch-37.csv#264 batch-37.csv#265 batch-37.csv#272,3 setting(s) read from p. 1.
ready,R-EXTRUDR-durapro-asa-gf-TDS-fr,G034-05,M034,P0373,Manufacturer published guidance,230-270°C,110°C,Not published,Not published,Not published,"buse de 0,5 mm",Not published,Not published,p. 1: Buse; p. 1: Plateau chauffant; p. 1: Paramètres recommandés,"Buse 230-270°C | Plateau chauffant 110°C | Paramètres recommandés pour les imprimantes avec une buse de 0,5 mm. Max. 50 % de hauteur de couche.",range,230,270,required,range,110,110,required,unknown,Not applicable,Not applicable,unknown,unknown,unknown,Not applicable,Not applicable,Not published,agrees,gap-fill,line,reader,reader-r1-37,batch-37.csv#397 batch-37.csv#398 batch-37.csv#405,3 setting(s) read from p. 1.
ready,R-EXTRUDR-durapro-pa12-cf-TDS-it,G053-04,M053,P0395,Manufacturer published guidance,260-290 °C,110 °C,Not published,Not published,Not published,"ugello da 0,5 mm",Not published,Not published,p. 2: Ugello; p. 2: Piano riscaldato; p. 2: Impostazioni consigliate,"Ugello 260-290 °C | Piano riscaldato 110 °C | Impostazioni consigliate per stampanti con ugello da 0,5 mm. Altezza massima livello 50%.",range,260,290,required,range,110,110,required,unknown,Not applicable,Not applicable,unknown,unknown,unknown,Not applicable,Not applicable,Not published,agrees,gap-fill,line,reader,reader-r1-37,batch-37.csv#535 batch-37.csv#536 batch-37.csv#543,3 setting(s) read from p. 2.
ready,R-EXTRUDR-durapro-pc-fr-v0-TDS-de,G035-11,M035,P0389,Manufacturer published guidance,260-290 °C,110 °C,Not published,Not published,Not published,0.4 mm Düse,Not published,Not published,p. 2: Düse; p. 2: Heizbett; p. 2: Vorgeschlagene Einstellungen,Düse 260-290 °C | Heizbett 110 °C | Vorgeschlagene Einstellungen für Drucker mit 0.4 mm Düse. Max. 50% Layerhöhe.,range,260,290,required,range,110,110,required,unknown,Not applicable,Not applicable,unknown,unknown,unknown,Not applicable,Not applicable,Not published,agrees,gap-fill,line,reader,reader-r1-37,batch-37.csv#704 batch-37.csv#705 batch-37.csv#712,3 setting(s) read from p. 2.
ready,R-EXTRUDR-durapro-pc-pbt-TDS-de,G095-02,M095,P0384,Manufacturer published guidance,260-290 °C,110 °C,Not published,Not published,Not published,0.4 mm Düse,Not published,Not published,p. 2: Düse; p. 2: Heizbett; p. 2: Vorgeschlagene Einstellungen,Düse 260-290 °C | Heizbett 110 °C | Vorgeschlagene Einstellungen für Drucker mit 0.4 mm Düse. Max. 50% Layerhöhe.,range,260,290,required,range,110,110,required,unknown,Not applicable,Not applicable,unknown,unknown,unknown,Not applicable,Not applicable,Not published,agrees,gap-fill,line,reader,reader-r1-37,batch-37.csv#768 batch-37.csv#769 batch-37.csv#776,3 setting(s) read from p. 2.
ready,R-EXTRUDR-flex-semisoft-TDS-de,G039-15,M159,P0377,Manufacturer published guidance,220-250°C,50-90°C,Not published,Not published,Not published,0.4 mm Düse,Not published,Not published,p. 1: Düse; p. 1: Heizbett; p. 1: Vorgeschlagene Einstellungen für Drucker mit 0.4 mm Düse,Düse 220-250°C | Heizbett 50-90°C | Vorgeschlagene Einstellungen für Drucker mit 0.4 mm Düse.,range,220,250,required,range,50,90,required,unknown,Not applicable,Not applicable,unknown,unknown,unknown,Not applicable,Not applicable,Not published,agrees,gap-fill,line,reader,reader-r1-38-b,batch-38.csv#76 batch-38.csv#77 batch-38.csv#84,3 setting(s) read from p. 1.
ready,R-EXTRUDR-pla-nx2-matt-TDS-it,G001-33,M001,P0386,Manufacturer published guidance,200-230°C,20-60°C,Not published,no,Not published,"ugello da 0,4 mm",Not published,Not published,"p. 1: Ugello; p. 1: Piano riscaldato; p. 1: Spazio chiuso; p. 1: Impostazioni consigliate per stampanti con ugello da 0,4 mm","Ugello 200-230°C | Piano riscaldato 20-60°C | Spazio chiuso no | Impostazioni consigliate per stampanti con ugello da 0,4",range,200,230,required,range,20,60,required,unknown,Not applicable,Not applicable,unknown,not-needed,unknown,Not applicable,Not applicable,Not published,agrees,gap-fill,line,reader,reader-r1-38-b,batch-38.csv#407 batch-38.csv#408 batch-38.csv#412 batch-38.csv#415,4 setting(s) read from p. 1.
ready,R-EXTRUDR-xpetg-cf-TDS-fr,G024-09,M024,P0803,Manufacturer published guidance,220-250°C,60-90°C,Not published,Not published,Not published,"buse de 0,4 mm",Not published,Not published,"p. 1: Buse; p. 1: Plateau chauffant; p. 1: Paramètres recommandés pour les imprimantes avec une buse de 0,4 mm","Buse 220-250°C | Plateau chauffant 60-90°C | une buse de 0,4 mm. Max. 50 % de hauteur de couche.",range,220,250,required,range,60,90,required,unknown,Not applicable,Not applicable,unknown,unknown,unknown,Not applicable,Not applicable,Not published,agrees,gap-fill,line,reader,reader-r1-38-b,batch-38.csv#689 batch-38.csv#690 batch-38.csv#697,3 setting(s) read from p. 1.
ready,R-EXTRUDR-PRIORITY-20261003-49ca17b00573,G020-17,M020,P0380,Manufacturer published guidance,210–230 °C,60–90 °C,Not published,For larger components,"60 °C, 0–6 h",0.4 mm nozzle,Not published,Hardened nozzle required: No,p. 1: Nozzle temperature; p. 1: Build plate temperature; p. 1: Enclosed chamber required; p. 1: Hardened nozzle required; p. 1: Recommended settings for printers with a 0.4 mm nozzle; p. 1: Drying temperature,Nozzle temperature 210–230 °C | Build plate temperature 60–90 °C | Enclosed chamber required For larger components | Hardened nozzle required No | Recommended settings for printers with a 0.4 mm nozzle. Max. 50% layer height. | Drying temperature 60 °C | Drying time 0–6 h,range,210,230,required,range,60,90,required,unknown,Not applicable,Not applicable,unknown,recommended,stated,60,6,FALSE,agrees,gap-fill,line,reader,reader-r1-38-b,batch-38.csv#730 batch-38.csv#731 batch-38.csv#735 batch-38.csv#736 batch-38.csv#738 batch-38.csv#739,6 setting(s) read from p. 1.
ready,D-FABRU-PUREFIL-ASA-FILAMENT-152-1155-PAGE,G031-26,M031,P0038,Manufacturer published guidance,210-260 ° C,80-100 ° C,Not published,Not published,Not published,Not published,Not published,Not published,p. 1: Nozzle temperature; p. 1: Printing table temperature,Nozzle temperature: 210-260 ° C | Printing table temperature: 80-100 ° C,range,210,260,required,range,80,100,required,unknown,Not applicable,Not applicable,unknown,unknown,unknown,Not applicable,Not applicable,Not published,agrees,gap-fill,line,reader,reader-r1-39,batch-39.csv#265 batch-39.csv#266,2 setting(s) read from p. 1.
ready,D-FABRU-PUREFIL-PUREFIL-ABS-GF10-FILAMENT-291-7091-PAGE,G028-11,M028,P1245,Manufacturer published guidance,240-260 ° C,80-110 ° C,Not published,Not published,Not published,Not published,Not published,hardened steel nozzle recommended for large objects,p. 1: Nozzle temperature; p. 1: Printing table temperature; p. 1: Description,Nozzle temperature: 240-260 ° C | Printing table temperature: 80-110 ° C | We therefore recommend using a hardened steel nozzle to print large objects.,range,240,260,required,range,80,110,required,unknown,Not applicable,Not applicable,unknown,unknown,unknown,Not applicable,Not applicable,TRUE,agrees,gap-fill,line,reader,reader-r1-39,batch-39.csv#271 batch-39.csv#272 batch-39.csv#273,3 setting(s) read from p. 1.
ready,D-FABRU-PUREFIL-PUREFIL-ASA-CF10-FILAMENT-996-9565-PAGE,G033-08,M033,P0040,Manufacturer published guidance,210-260 ° C,90-110°C,Not published,Not published,Not published,Not published,Not published,Not published,p. 1: Nozzle temperature; p. 1: Printing table temperature,Nozzle temperature: 210-260 ° C | Printing table temperature: 90-110°C,range,210,260,required,range,90,110,required,unknown,Not applicable,Not applicable,unknown,unknown,unknown,Not applicable,Not applicable,Not published,agrees,gap-fill,line,reader,reader-r1-39,batch-39.csv#278 batch-39.csv#279,2 setting(s) read from p. 1.
ready,D-FABRU-PUREFIL-PUREFIL-PA12-CF15-FILAMENT-310-7552-PAGE,G053-12,M053,P1259,Manufacturer published guidance,255-275 ° C,100-120 ° C,Not published,Not published,Not published,Not published,Not published,hardened steel nozzles minimise increased wear,p. 1: Nozzle temperature; p. 1: Printing table temperature; p. 1: Description,Nozzle temperature: 255-275 ° C | Printing table temperature: 100-120 ° C | The increased wear in the pressure nozzle must be taken into account and can be minimized by using hardened steel nozzles.,range,255,275,required,range,100,120,required,unknown,Not applicable,Not applicable,unknown,unknown,unknown,Not applicable,Not applicable,TRUE,agrees,gap-fill,line,reader,reader-r1-39,batch-39.csv#284 batch-39.csv#285 batch-39.csv#286,3 setting(s) read from p. 1.
ready,D-FABRU-PUREFIL-PUREFIL-PETG-FILAMENT-750-8958-PAGE,G020-57,M020,P0021,Manufacturer published guidance,210-260 ° C,50-80 ° C,Not published,Not published,dried in the oven at 80°C for 2h-4h,Not published,Not published,Not published,p. 1: Nozzle temperature; p. 1: Printing table temperature; p. 1: Description,Nozzle temperature: 210-260 ° C | Printing table temperature: 50-80 ° C | it can be dried in the oven at 80°C for 2h-4h,range,210,260,required,range,50,80,required,unknown,Not applicable,Not applicable,unknown,unknown,stated,80,4,Not published,agrees,gap-fill,line,reader,reader-r1-39,batch-39.csv#290 batch-39.csv#291 batch-39.csv#292,3 setting(s) read from p. 1.
ready,D-FABRU-PUREFIL-PUREFIL-PLA-FILAMENT-329-7710-PAGE,G001-68,M001,P0001,Manufacturer published guidance,190-230 ° C,50-70 ° C,Not published,Not published,Not published,Not published,Not published,Not published,p. 1: Nozzle temperature; p. 1: Printing table temperature,Nozzle temperature: 190-230 ° C | Printing table temperature: 50-70 ° C,range,190,230,required,range,50,70,required,unknown,Not applicable,Not applicable,unknown,unknown,unknown,Not applicable,Not applicable,Not published,agrees,gap-fill,line,reader,reader-r1-39,batch-39.csv#297 batch-39.csv#298,2 setting(s) read from p. 1.
ready,R-FABRU-16-material-datat-sheet-ASA-purefil,G031-26,M031,P0038,Manufacturer published guidance,210-260 °C,80-100 °C,Not published,Not published,80 °C | 2-4 h,Not published,Not published,Not published,p. 1: Printing temperature; p. 1: Heated bed temperature; p. 1: Drying temperature / Drying time,Printing temperature 210-260 °C | Heated bed temperature 80-100 °C | Drying temperature 80 °C | Drying time 2-4 h,range,210,260,required,range,80,100,required,unknown,Not applicable,Not applicable,unknown,unknown,stated,80,4,Not published,agrees,gap-fill,block,reader,reader-r1-39,batch-39.csv#301 batch-39.csv#302 batch-39.csv#303,3 setting(s) read from p. 1.
ready,R-FABRU-2187-Material-data-sheet-PETG-purefil,G020-57,M020,P0021,Manufacturer published guidance,210-260 °C,50-80 °C,Not published,Not published,65°C | 2-4h,Not published,Not published,Not published,p. 1: Printing temperature; p. 1: Heated bed temperature; p. 1: Drying temperature / Drying time,Printing temperature 210-260 °C | Heated bed temperature 50-80 °C | Drying temperature 65°C | Drying time 2-4h,range,210,260,required,range,50,80,required,unknown,Not applicable,Not applicable,unknown,unknown,stated,65,4,Not published,agrees,gap-fill,block,reader,reader-r1-39,batch-39.csv#317 batch-39.csv#318 batch-39.csv#319,3 setting(s) read from p. 1.
ready,R-FABRU-220-Material-data-sheet-PVA-purefil,G075-08,M075,P0096,Manufacturer published guidance,190-220 °C,"not absolutely necessary, recommended 60-90°C",Not published,Not published,Not published,Not published,Not published,Not published,p. 1: Printing temperature; p. 1: Heated bed temperature,"Printing temperature | 190-220 °C | Heated bed temperature | not absolutely necessary, recommended 60-90°C",range,190,220,required,range,60,90,required,unknown,Not applicable,Not applicable,unknown,unknown,unknown,Not applicable,Not applicable,Not published,agrees,gap-fill,pieces,reader,reader-r1-39,batch-39.csv#333 batch-39.csv#334,2 setting(s) read from p. 1.
ready,R-FABRU-4691-material-data-sheet-PLA-purefil,G001-68,M001,P0001,Manufacturer published guidance,190-230 °C,"Nicht benötigt, 50 °C empfohlen",Not published,Not published,60°C | 4h,Not published,Not published,Not published,p. 1: Printing temperature; p. 1: Heated bed temperature; p. 1: Drying temperature / Drying time,"Printing temperature 190-230 °C | Heated bed temperature Nicht benötigt, 50 °C empfohlen | Drying temperature 60°C | Drying time 4h",range,190,230,required,range,50,50,required,unknown,Not applicable,Not applicable,unknown,unknown,stated,60,4,Not published,agrees,gap-fill,block,reader,reader-r1-39,batch-39.csv#385 batch-39.csv#386 batch-39.csv#387,3 setting(s) read from p. 1.
ready,R-FABRU-7738-Fiche-technique-du-mat-riau-ASA-CF10-purefil,G033-08,M033,P0040,Manufacturer published guidance,210-260 °C,90-110 °C,Not published,Not published,80 °C | 2-4 h,Not published,Not published,Not published,p. 1: Température d'impression; p. 1: Température du lit chauffant; p. 1: Température de séchage / Temps de séchage,Température d'impression 210-260 °C | Température du lit chauffant 90-110 °C | Température de séchage 80 °C | Temps de séchage 2-4 h,range,210,260,required,range,90,110,required,unknown,Not applicable,Not applicable,unknown,unknown,stated,80,4,Not published,agrees,gap-fill,block,single-product,reader-r1-39,batch-39.csv#404 batch-39.csv#405 batch-39.csv#406,3 setting(s) read from p. 1.
ready,R-FABRU-PUREFIL-17-Materialdatenblatt-ASA-purefil,G031-26,M031,P0038,Manufacturer published guidance,210-260 °C,80-100 °C,Not published,Not published,80 °C | 2-4 h,Not published,Not published,Not published,p. 1: Drucktemperatur; p. 1: Heizbett Temperatur; p. 1: Trocknungstemperatur / Trocknungsdauer,Drucktemperatur 210-260 °C | Heizbett Temperatur 80-100 °C | Trocknungstemperatur 80 °C | Trocknungsdauer 2-4 h,range,210,260,required,range,80,100,required,unknown,Not applicable,Not applicable,unknown,unknown,stated,80,4,Not published,agrees,gap-fill,block,single-product,reader-r1-39,batch-39.csv#419 batch-39.csv#420 batch-39.csv#421,3 setting(s) read from p. 1.
ready,R-FABRU-PUREFIL-2186-Materialdatenblatt-PETG-purefil,G020-57,M020,P0021,Manufacturer published guidance,210-260 °C,50-80 °C,Not published,Not published,im Backofen bei 80°C 2h-4h getrocknet werden,Not published,Not published,Not published,p. 1: Drucktemperatur; p. 1: Heizbett Temperatur; p. 1: Allgemein,Drucktemperatur | 210-260 °C | Heizbett Temperatur | 50-80 °C | kann dieses z.B. im Backofen bei 80°C 2h-4h getrocknet werden,range,210,260,required,range,50,80,required,unknown,Not applicable,Not applicable,unknown,unknown,stated,80,4,Not published,agrees,gap-fill,pieces+line,single-product,reader-r1-39,batch-39.csv#435 batch-39.csv#436 batch-39.csv#438,3 setting(s) read from p. 1.
ready,R-FABRU-PUREFIL-3-material-data-sheet-ABS-purefil,G027-17,M027,P0032,Manufacturer published guidance,210-260 °C,80-110 °C,Not published,Needs a warm room or a closed printing chamber,80°C | 2-4h,Not published,Not published,Not published,p. 1: Printing temperature; p. 1: Heated bed temperature; p. 1: Drying temperature / Drying time; p. 1: disadvantageous,Printing temperature 210-260 °C | Heated bed temperature 80-110 °C | Drying temperature 80°C | Drying time 2-4h | - Needs a warm room or a closed printing | chamber,range,210,260,required,range,80,110,required,unknown,Not applicable,Not applicable,unknown,recommended,stated,80,4,Not published,agrees,gap-fill,block+line,reader,reader-r1-39,batch-39.csv#452 batch-39.csv#453 batch-39.csv#454 batch-39.csv#455,4 setting(s) read from p. 1.
ready,R-FABRU-PUREFIL-35-material-data-sheet-HIPS-purefil,G081-03,M081,P0101,Manufacturer published guidance,210-260 °C,70-100 °C,Not published,Not published,75 °C | 2 h,Not published,Not published,Not published,p. 1: Printing temperature; p. 1: Heated bed temperature; p. 1: Drying temperature / Drying time,Printing temperature 210-260 °C | Heated bed temperature 70-100 °C | Drying temperature 75 °C | Drying time 2 h,range,210,260,required,range,70,100,required,unknown,Not applicable,Not applicable,unknown,unknown,stated,75,2,Not published,agrees,gap-fill,block,reader,reader-r1-39,batch-39.csv#470 batch-39.csv#471 batch-39.csv#472,3 setting(s) read from p. 1.
ready,R-FABRU-PUREFIL-3512-material-data-sheet-PC-purefil,G035-14,M035,P0043,Manufacturer published guidance,290-320 °C,120-150 °C,Not published,Not published,120 °C | 3-5 h,Not published,Not published,Not published,p. 1: Printing temperature; p. 1: Heated bed temperature; p. 1: Drying temperature / Drying time,Printing temperature 290-320 °C | Heated bed temperature 120-150 °C | Drying temperature 120 °C | Drying time 3-5 h,range,290,320,required,range,120,150,required,unknown,Not applicable,Not applicable,unknown,unknown,stated,120,5,Not published,agrees,gap-fill,block,reader,reader-r1-39,batch-39.csv#487 batch-39.csv#488 batch-39.csv#489,3 setting(s) read from p. 1.
ready,R-FABRU-PUREFIL-43-material-data-sheet-wood-filament-purefil,G014-06,M014,P0014,Manufacturer published guidance,190-230 °C,"Nicht benötigt, 50 °C empfohlen",Not published,Not published,60 °C; 2-4 h,Not published,Not published,Not published,p. 1: Printing temperature; p. 1: Heated bed temperature; p. 1: Drying temperature / Drying time,"Printing temperature 190-230 °C | Heated bed temperature Nicht benötigt, 50 °C empfohlen | Drying temperature 60 °C | Drying time 2-4 h",range,190,230,required,range,50,50,required,unknown,Not applicable,Not applicable,unknown,unknown,stated,60,4,Not published,agrees,gap-fill,block,reader,reader-r1-40,batch-40.csv#3 batch-40.csv#4 batch-40.csv#5,3 setting(s) read from p. 1.
ready,R-FABRU-PUREFIL-58-Korkfilament-purefil-Material-Data-en,G014-05,M014,P0014,Manufacturer published guidance,190-230 °C,"Not required, 50 °C recommended",Not published,Not published,60 °C; 2-4 hours,Not published,Not published,Not published,p. 1: Printing Temperature; p. 1: Heated Bed Temperature; p. 1: Drying Temperature / Drying Time,"Printing Temperature: 190-230 °C | Heated Bed Temperature: Not required, 50 °C recommended | Drying Temperature: 60 °C | Drying Time: 2-4 hours",range,190,230,required,range,50,50,none,unknown,Not applicable,Not applicable,unknown,unknown,stated,60,4,Not published,agrees,gap-fill,block,reader,reader-r1-40,batch-40.csv#18 batch-40.csv#19 batch-40.csv#20,3 setting(s) read from p. 1.
ready,R-FABRU-PUREFIL-680-Materialdatenblatt-ABS-GF10-purefil,G028-11,M028,P1245,Manufacturer published guidance,240-260 °C,80-110 °C,Not published,Not published,80°C; 2-4h,Not published,Not published,Not published,p. 1: Drucktemperatur; p. 1: Heizbett Temperatur; p. 1: Trocknungstemperatur / Trocknungsdauer,Drucktemperatur 240-260 °C | Heizbett Temperatur 80-110 °C | Trocknungstemperatur 80°C | Trocknungsdauer 2-4h,range,240,260,required,range,80,110,required,unknown,Not applicable,Not applicable,unknown,unknown,stated,80,4,Not published,agrees,gap-fill,block,reader,reader-r1-40,batch-40.csv#35 batch-40.csv#36 batch-40.csv#37,3 setting(s) read from p. 1.
ready,R-FABRU-PUREFIL-749-Materialdatenblatt-PLA-purefil,G001-68,M001,P0001,Manufacturer published guidance,190-230 °C,"Nicht benötigt, 50 °C empfohlen",Not published,Not published,60°C; 4h,Not published,Not published,Not published,p. 1: Drucktemperatur; p. 1: Heizbett Temperatur; p. 1: Trocknungstemperatur / Trocknungsdauer,"Drucktemperatur 190-230 °C | Heizbett Temperatur Nicht benötigt, 50 °C empfohlen | Trocknungstemperatur 60°C | Trocknungsdauer 4h",range,190,230,required,range,50,50,required,unknown,Not applicable,Not applicable,unknown,unknown,stated,60,4,Not published,agrees,gap-fill,block,reader,reader-r1-40,batch-40.csv#50 batch-40.csv#51 batch-40.csv#53,3 setting(s) read from p. 1.
ready,R-FABRU-PUREFIL-7739-Scheda-tecnica-del-materiale-ASA-CF10-purefil,G033-08,M033,P0040,Manufacturer published guidance,210-260 °C,90-110 °C,Not published,Not published,Not published,Not published,Not published,Not published,p. 1: Temperatura di stampa; p. 1: Temperatura del piano riscaldato,Temperatura di stampa | 210-260 °C | Temperatura del piano riscaldato | 90-110 °C,range,210,260,required,range,90,110,required,unknown,Not applicable,Not applicable,unknown,unknown,unknown,Not applicable,Not applicable,Not published,agrees,gap-fill,pieces,reader,reader-r1-40,batch-40.csv#66 batch-40.csv#67,2 setting(s) read from p. 1.
ready,R-FABRU-PUREFIL-804-Materialdatenblatt-PA12-CF15-purefil,G053-12,M053,P1259,Manufacturer published guidance,255-275 °C,100-120 °C,Not published,Not published,80°C; 4-16h,Not published,Not published,Not published,p. 1: Drucktemperatur; p. 1: Heizbett Temperatur; p. 1: Trocknungstemperatur / Trocknungsdauer,Drucktemperatur 255-275 °C | Heizbett Temperatur 100-120 °C | Trocknungstemperatur 80°C | Trocknungsdauer 4-16h,range,255,275,required,range,100,120,required,unknown,Not applicable,Not applicable,unknown,unknown,stated,80,16,Not published,agrees,gap-fill,block,reader,reader-r1-40,batch-40.csv#82 batch-40.csv#83 batch-40.csv#84,3 setting(s) read from p. 1.
ready,R-FABRU-PUREFIL-82-material-data-sheet-LW-PLA-purefil,G017-08,M017,P0017,Manufacturer published guidance,200-260 °C,50-70 °C,Not published,Not published,80°C; 2-4h,The component is designed for a 0.4mm nozzle,Not published,Not published,p. 1: Printing temperature; p. 1: Heated bed temperature; p. 1: Drying temperature / Drying time; p. 2: Processing,Printing temperature 200-260 °C | Heated bed temperature 50-70 °C | Drying temperature 80°C | Drying time 2-4h | The component is designed for a 0.4mm nozzle.,range,200,260,required,range,50,70,required,unknown,Not applicable,Not applicable,unknown,unknown,stated,80,4,Not published,agrees,gap-fill,block+line,reader,reader-r1-40,batch-40.csv#97 batch-40.csv#99 batch-40.csv#100 batch-40.csv#115,"4 setting(s) read from p. 1, p. 2."
ready,R-FABRU-PUREFIL-8503-Material-data-sheet-PLA-purefil,G001-56,M001,P0001,Manufacturer published guidance,210-250 °C,70-90°C,Not published,Not published,60°C; 2-4h,Not published,Not published,Not published,p. 1: Printing temperature; p. 1: Heated bed temperature; p. 1: Drying temperature / Drying time,Printing temperature 210-250 °C | Heated bed temperature 70-90°C | Drying temperature 60°C | Drying time 2-4h,range,210,250,required,range,70,90,required,unknown,Not applicable,Not applicable,unknown,unknown,stated,60,4,Not published,agrees,gap-fill,block,reader,reader-r1-40,batch-40.csv#119 batch-40.csv#120 batch-40.csv#121,3 setting(s) read from p. 1.
ready,R-FABRU-PUREFIL-88-material-data-sheet-MABS-purefil,G027-18,M027,P0032,Manufacturer published guidance,210-260 °C,80-110 °C,Not published,Not published,90°C; 2-4 h,Not published,Not published,Not published,p. 1: Printing temperature; p. 1: Heated bed temperature; p. 1: Drying temperature / Drying time,Printing temperature 210-260 °C | Heated bed temperature 80-110 °C | Drying temperature 90°C | Drying time 2-4 h,range,210,260,required,range,80,110,required,unknown,Not applicable,Not applicable,unknown,unknown,stated,90,4,Not published,agrees,gap-fill,block,reader,reader-r1-40,batch-40.csv#134 batch-40.csv#135 batch-40.csv#136,3 setting(s) read from p. 1.
ready,D-FIBERLOGY-ABS-FILAMENT-PAGE,G027-53,M027,P1043,Manufacturer published guidance,250–265°C,100°C,Not published,recommended,60°C / 4h,Not published,Smooth PEI + adhesive; Textured PEI; Glass + adhesive,Not published,p. 1: Printing temperature; p. 1: Bed temperature; p. 1: Bed; p. 1: Drying conditions; p. 1: Enclosed chamber,Printing temperature: 250–265°C | Bed temperature: 100°C | Bed: Smooth PEI + adhesive; Textured PEI; Glass + adhesive | Drying conditions: 60°C / 4h | Enclosed chamber: recommended,range,250,265,required,range,100,100,required,unknown,Not applicable,Not applicable,unknown,recommended,stated,60,4,Not published,agrees,gap-fill,line,reader,reader-r1-40,batch-40.csv#150 batch-40.csv#151 batch-40.csv#152 batch-40.csv#153 batch-40.csv#154,5 setting(s) read from p. 1.
ready,D-FIBERLOGY-ABS-PLUS-FILAMENT-PAGE,G027-54,M027,P1053,Manufacturer published guidance,250–270°C,100°C,Not published,recommended,60°C / 4 hours,Not published,Smooth PEI + adhesive; Textured PEI; Glass + adhesive,Not published,p. 1: Printing temperature; p. 1: Bed temperature; p. 1: Bed material; p. 1: Drying conditions; p. 1: Enclosed chamber,Printing temperature: 250–270°C | Bed temperature: 100°C | Bed material: Smooth PEI + adhesive; Textured PEI; Glass + adhesive | Drying conditions: 60°C / 4 hours | Enclosed chamber: recommended,range,250,270,required,range,100,100,required,unknown,Not applicable,Not applicable,unknown,recommended,stated,60,4,Not published,agrees,gap-fill,line,reader,reader-r1-40,batch-40.csv#167 batch-40.csv#168 batch-40.csv#169 batch-40.csv#170 batch-40.csv#171,5 setting(s) read from p. 1.
ready,D-FIBERLOGY-ABSGF-FILAMENT-PAGE,G028-07,M028,P0492,Manufacturer published guidance,270–285°C,90°C,Not published,recommended,60°C / 4 hours,Not published,Smooth PEI + adhesive; Textured PEI; Glass + adhesive,Not published,p. 1: Printing temperature; p. 1: Bed temperature; p. 1: Bed material; p. 1: Drying conditions; p. 1: Enclosed chamber,Printing temperature: 270–285°C | Bed temperature: 90°C | Bed material: Smooth PEI + adhesive; Textured PEI; Glass + adhesive | Drying conditions: 60°C / 4 hours | Enclosed chamber: recommended,range,270,285,required,range,90,90,required,unknown,Not applicable,Not applicable,unknown,recommended,stated,60,4,Not published,agrees,gap-fill,line,reader,reader-r1-40,batch-40.csv#183 batch-40.csv#184 batch-40.csv#185 batch-40.csv#186 batch-40.csv#187,5 setting(s) read from p. 1.
ready,D-FIBERLOGY-ASA-FILAMENT-PAGE,G031-40,M031,P1057,Manufacturer published guidance,255–270°C,110°C,Not published,recommended,80°C / 4 hours,Not published,Smooth PEI + adhesive; Textured PEI; Glass + adhesive,Not published,p. 1: Printing temperature; p. 1: Bed temperature; p. 1: Bed material; p. 1: Drying conditions; p. 1: Enclosed chamber,Printing temperature: 255–270°C | Bed temperature: 110°C | Bed material: Smooth PEI + adhesive; Textured PEI; Glass + adhesive | Drying conditions: 80°C / 4 hours | Enclosed chamber: recommended,range,255,270,required,range,110,110,required,unknown,Not applicable,Not applicable,unknown,recommended,stated,80,4,Not published,agrees,gap-fill,line,reader,reader-r1-40,batch-40.csv#200 batch-40.csv#201 batch-40.csv#202 batch-40.csv#203 batch-40.csv#204,5 setting(s) read from p. 1.
ready,D-FIBERLOGY-ASA-MATTE-FILAMENT-PAGE,G031-41,M031,P1087,Manufacturer published guidance,255–270°C,110°C,Not published,recommended,80°C / 4 hours,Not published,Smooth PEI + adhesive; Textured PEI; Glass + adhesive,Not published,p. 1: Printing temperature; p. 1: Bed temperature; p. 1: Bed material; p. 1: Drying conditions; p. 1: Enclosed chamber,Printing temperature: 255–270°C | Bed temperature: 110°C | Bed material: Smooth PEI + adhesive; Textured PEI; Glass + adhesive | Drying conditions: 80°C / 4 hours | Enclosed chamber: recommended,range,255,270,required,range,110,110,required,unknown,Not applicable,Not applicable,unknown,recommended,stated,80,4,Not published,agrees,gap-fill,line,reader,reader-r1-40,batch-40.csv#216 batch-40.csv#217 batch-40.csv#218 batch-40.csv#219 batch-40.csv#220,5 setting(s) read from p. 1.
ready,D-FIBERLOGY-CPE-HT-S2-FILAMENT-PAGE,G089-05,M089,P1064,Manufacturer published guidance,260–280°C,120°C,Not published,not required,80°C / 4 hours,Not published,Smooth PEI + adhesive; Textured PEI; Glass + adhesive,Not published,p. 1: Printing temperature; p. 1: Bed temperature; p. 1: Bed material; p. 1: Drying conditions; p. 1: Enclosed chamber,Printing temperature: 260–280°C | Bed temperature: 120°C | Bed material: Smooth PEI + adhesive; Textured PEI; Glass + adhesive | Drying conditions: 80°C / 4 hours | Enclosed chamber: not required,range,260,280,required,range,120,120,required,unknown,Not applicable,Not applicable,unknown,not-needed,stated,80,4,Not published,agrees,gap-fill,line,reader,reader-r1-40,batch-40.csv#232 batch-40.csv#233 batch-40.csv#234 batch-40.csv#235 batch-40.csv#236,5 setting(s) read from p. 1.
ready,D-FIBERLOGY-EASY-ABS-FILAMENT-PAGE,G027-55,M027,P1054,Manufacturer published guidance,235–255°C,100°C,Not published,recommended,60°C / 4 hours,Not published,Smooth PEI + adhesive; Textured PEI; Glass + adhesive,Not published,p. 1: Printing temperature; p. 1: Bed temperature; p. 1: Bed material; p. 1: Drying conditions; p. 1: Enclosed chamber,Printing temperature: 235–255°C | Bed temperature: 100°C | Bed material: Smooth PEI + adhesive; Textured PEI; Glass + adhesive | Drying conditions: 60°C / 4 hours | Enclosed chamber: recommended,range,235,255,required,range,100,100,required,unknown,Not applicable,Not applicable,unknown,recommended,stated,60,4,Not published,agrees,gap-fill,line,reader,reader-r1-40,batch-40.csv#250 batch-40.csv#251 batch-40.csv#252 batch-40.csv#253 batch-40.csv#254,5 setting(s) read from p. 1.
ready,D-FIBERLOGY-EASY-PETG-FILAMENT-PAGE,G020-68,M020,P1047,Manufacturer published guidance,220–250°C,90°C,Not published,not required,60°C / 4 hours,Not published,Smooth PEI + adhesive; Textured PEI; Glass + adhesive,Not published,p. 1: Printing temperature; p. 1: Bed temperature; p. 1: Bed material; p. 1: Drying conditions; p. 1: Enclosed chamber,Printing temperature: 220–250°C | Bed temperature: 90°C | Bed material: Smooth PEI + adhesive; Textured PEI; Glass + adhesive | Drying conditions: 60°C / 4 hours | Enclosed chamber: not required,range,220,250,required,range,90,90,required,unknown,Not applicable,Not applicable,unknown,not-needed,stated,60,4,Not published,agrees,gap-fill,line,reader,reader-r1-40,batch-40.csv#264 batch-40.csv#265 batch-40.csv#266 batch-40.csv#267 batch-40.csv#268,5 setting(s) read from p. 1.
ready,D-FIBERLOGY-FIBERSATIN-PAGE,G001-175,M001,P1003,Manufacturer published guidance,200–230°C,60°C,Not published,not required,40°C / 4 hours,Not published,"Smooth PEI, Textured PEI, Glass",Not published,p. 1: Printing temperature; p. 1: Bed temperature; p. 1: Bed material; p. 1: Drying conditions; p. 1: Enclosed chamber,"Printing temperature: 200–230°C | Bed temperature: 60°C | Bed material: Smooth PEI, Textured PEI, Glass | Drying conditions: 40°C / 4 hours | Enclosed chamber: not required",range,200,230,required,range,60,60,required,unknown,Not applicable,Not applicable,unknown,not-needed,stated,40,4,Not published,agrees,gap-fill,line,reader,reader-r1-40,batch-40.csv#329 batch-40.csv#330 batch-40.csv#331 batch-40.csv#332 batch-40.csv#333,5 setting(s) read from p. 1.
ready,D-FIBERLOGY-FIBERSILK-PAGE,G001-171,M001,P0984,Manufacturer published guidance,210–230°C,60°C,Not published,not required,40°C / 4 hours,Not published,Smooth PEI + masking tape or adhesive; Textured PEI + adhesive; Glass + masking tape or adhesive,Not published,p. 1: Printing temperature; p. 1: Bed temperature; p. 1: Build surface; p. 1: Drying conditions; p. 1: Enclosed chamber,Printing temperature: 210–230°C | Bed temperature: 60°C | Build surface: Smooth PEI + masking tape or adhesive; Textured PEI + adhesive; Glass + masking tape or adhesive | Drying conditions: 40°C / 4 hours | Enclosed chamber: not required,range,210,230,required,range,60,60,required,unknown,Not applicable,Not applicable,unknown,not-needed,stated,40,4,Not published,agrees,gap-fill,line,reader,reader-r1-40,batch-40.csv#345 batch-40.csv#346 batch-40.csv#347 batch-40.csv#348 batch-40.csv#349,5 setting(s) read from p. 1.
ready,D-FIBERLOGY-FIBERSMOOTH-PAGE,G093-06,M093,P1097,Manufacturer published guidance,215–225°C,75°C,Not published,not required,40°C / 4 hours,Not published,Smooth PEI + adhesive; Textured PEI; Glass + adhesive,Not published,p. 1: Printing temperature; p. 1: Bed temperature; p. 1: Bed material; p. 1: Drying conditions; p. 1: Enclosed chamber,Printing temperature: 215–225°C | Bed temperature: 75°C | Bed material: Smooth PEI + adhesive; Textured PEI; Glass + adhesive | Drying conditions: 40°C / 4 hours | Enclosed chamber: not required,range,215,225,required,range,75,75,required,unknown,Not applicable,Not applicable,unknown,not-needed,stated,40,4,Not published,agrees,gap-fill,line,reader,reader-r1-40,batch-40.csv#361 batch-40.csv#362 batch-40.csv#363 batch-40.csv#364 batch-40.csv#365,5 setting(s) read from p. 1.
ready,D-FIBERLOGY-FIBERWOOD-PAGE,G014-20,M014,P1095,Manufacturer published guidance,190–210°C,60°C,Not published,not required,50°C / 6 hours,Not published,"Smooth PEI, Textured PEI, Glass",Not published,p. 1: Printing temperature; p. 1: Bed temperature; p. 1: Bed material; p. 1: Drying conditions; p. 1: Enclosed chamber,"Printing temperature: 190–210°C | Bed temperature: 60°C | Bed material: Smooth PEI, Textured PEI, Glass | Drying conditions: 50°C / 6 hours | Enclosed chamber: not required",range,190,210,required,range,60,60,required,unknown,Not applicable,Not applicable,unknown,not-needed,stated,50,6,Not published,agrees,gap-fill,line,reader,reader-r1-40,batch-40.csv#379 batch-40.csv#380 batch-40.csv#381 batch-40.csv#382 batch-40.csv#383,5 setting(s) read from p. 1.
ready,D-FIBERLOGY-FIBERWOOD-S2-PAGE,G014-20,M014,P1095,Manufacturer published guidance,190–210°C,60°C,Not published,not required,50°C / 6 hours,Not published,"Smooth PEI, Textured PEI, Glass",Not published,p. 1: Printing temperature; p. 1: Bed temperature; p. 1: Bed material; p. 1: Drying conditions; p. 1: Enclosed chamber,"Printing temperature: 190–210°C | Bed temperature: 60°C | Bed material: Smooth PEI, Textured PEI, Glass | Drying conditions: 50°C / 6 hours | Enclosed chamber: not required",range,190,210,required,range,60,60,required,unknown,Not applicable,Not applicable,unknown,not-needed,stated,50,6,Not published,agrees,gap-fill,line,reader,reader-r1-40,batch-40.csv#396 batch-40.csv#397 batch-40.csv#398 batch-40.csv#399 batch-40.csv#400,5 setting(s) read from p. 1.
ready,D-FIBERLOGY-FIBERWORKS-PETG-FILAMENT-PAGE,G020-25,M020,P0488,Manufacturer published guidance,240–260°C,70°C,Not published,not required,60°C / 4 hours,Not published,Smooth PEI + adhesive; Textured PEI; Glass + adhesive,Not published,p. 1: Printing temperature; p. 1: Bed temperature; p. 1: Bed material; p. 1: Drying conditions; p. 1: Enclosed chamber,Printing temperature: 240–260°C | Bed temperature: 70°C | Bed material: Smooth PEI + adhesive; Textured PEI; Glass + adhesive | Drying conditions: 60°C / 4 hours | Enclosed chamber: not required,range,240,260,required,range,70,70,required,unknown,Not applicable,Not applicable,unknown,not-needed,stated,60,4,Not published,agrees,gap-fill,line,reader,reader-r1-41,batch-41.csv#4 batch-41.csv#5 batch-41.csv#6 batch-41.csv#7 batch-41.csv#8,5 setting(s) read from p. 1.
ready,D-FIBERLOGY-FIBERWORKS-PLA-FILAMENT-PAGE,G001-53,M001,P0489,Manufacturer published guidance,200°C – 230°C,50°C – 70°C,Not published,not required,50°C / 4h,Not published,"Smooth PEI, Textured PEI, Glass",Not published,p. 1: Printing temperature; p. 1: Bed temperature; p. 1: Bed material; p. 1: Drying conditions; p. 1: Enclosed chamber,"Printing temperature: 200°C – 230°C | Bed temperature: 50°C – 70°C | Bed material: Smooth PEI, Textured PEI, Glass | Drying conditions: 50°C / 4h | Enclosed chamber: not required",range,200,230,required,range,50,70,required,unknown,Not applicable,Not applicable,unknown,not-needed,stated,50,4,Not published,agrees,gap-fill,line,reader,reader-r1-41,batch-41.csv#18 batch-41.csv#19 batch-41.csv#20 batch-41.csv#21 batch-41.csv#22,5 setting(s) read from p. 1.
ready,D-FIBERLOGY-HIPS-FILAMENT-PAGE,G081-11,M081,P1046,Manufacturer published guidance,230–245°C,100°C,Not published,not required,60°C / 4 hours,Not published,Smooth PEI + adhesive; Textured PEI; Glass + adhesive,Not published,p. 1: Printing temperature; p. 1: Bed temperature; p. 1: Bed material; p. 1: Drying conditions; p. 1: Enclosed chamber,Printing temperature: 230–245°C | Bed temperature: 100°C | Bed material: Smooth PEI + adhesive; Textured PEI; Glass + adhesive | Drying conditions: 60°C / 4 hours | Enclosed chamber: not required,range,230,245,required,range,100,100,required,unknown,Not applicable,Not applicable,unknown,not-needed,stated,60,4,Not published,agrees,gap-fill,line,reader,reader-r1-41,batch-41.csv#33 batch-41.csv#34 batch-41.csv#35 batch-41.csv#36 batch-41.csv#37,5 setting(s) read from p. 1.
ready,D-FIBERLOGY-HS-PLA-CLEAR-FILAMENT-S2-PAGE,G001-186,M001,P1065,Manufacturer published guidance,220–250°C,60°C,Not published,not required,50°C / 4 hours,Not published,"Smooth PEI, Textured PEI, Glass",Not published,p. 1: Printing temperature; p. 1: Bed temperature; p. 1: Bed material; p. 1: Drying conditions; p. 1: Enclosed chamber,"Printing temperature: 220–250°C | Bed temperature: 60°C | Bed material: Smooth PEI, Textured PEI, Glass | Drying conditions: 50°C / 4 hours | Enclosed chamber: not required",range,220,250,required,range,60,60,required,unknown,Not applicable,Not applicable,unknown,not-needed,stated,50,4,Not published,agrees,gap-fill,line,reader,reader-r1-41,batch-41.csv#51 batch-41.csv#52 batch-41.csv#53 batch-41.csv#54 batch-41.csv#55,5 setting(s) read from p. 1.
ready,D-FIBERLOGY-MATTE-PLA-FILAMENT-PAGE,G001-187,M001,P1078,Manufacturer published guidance,nozzle temperature 200–230°C,build plate 60°C,Not published,not required,50°C / 4 hours,Not published,"Smooth PEI, Textured PEI, Glass",Not published,p. 1: Print parameters (description); p. 1: Print parameters (description); p. 1: Bed material; p. 1: Drying conditions; p. 1: Enclosed chamber,"Print parameters: nozzle temperature 200–230°C | Print parameters: nozzle temperature 200–230°C, build plate 60°C, no enclosed chamber required. | Bed material: Smooth PEI, Textured PEI, Glass | Drying conditions: 50°C / 4 hours | Enclosed chamber: not required",range,200,230,required,range,60,60,required,unknown,Not applicable,Not applicable,unknown,not-needed,stated,50,4,Not published,agrees,gap-fill,line,reader,reader-r1-41,batch-41.csv#67 batch-41.csv#68 batch-41.csv#71 batch-41.csv#72 batch-41.csv#73,5 setting(s) read from p. 1.
ready,D-FIBERLOGY-NYLON-PA12GF-FILAMENT-PAGE,G054-03,M054,P1059,Manufacturer published guidance,255–270°C,110°C,Not published,does not require a heated print chamber,80°C / 4 hours,Not published,Smooth PEI + adhesive; Textured PEI + adhesive; Glass + adhesive,steel or ruby nozzles recommended,p. 1: Description; p. 1: Description; p. 1: Printing temperature; p. 1: Bed temperature; p. 1: Bed material; p. 1: Drying conditions,"Due to the high abrasiveness of glass fiber , it is recommended to use steel or ruby nozzles during printing to prevent excessive wear on standard brass nozzles. | Unlike many engineering nylons, PA12+GF15 does not require a heated print chamber | Printing temperature: 255–270°C | Bed temperature: 110°C | Bed material: Smooth PEI + adhesive; Textured PEI + adhesive; Glass + adhesive | Drying conditions: 80°C / 4 hours",range,255,270,required,range,110,110,required,unknown,Not applicable,Not applicable,unknown,not-needed,stated,80,4,TRUE,agrees,gap-fill,line,reader,reader-r1-41,batch-41.csv#85 batch-41.csv#86 batch-41.csv#87 batch-41.csv#88 batch-41.csv#89 batch-41.csv#90,6 setting(s) read from p. 1.
ready,D-FIBERLOGY-PC-ABS-FILAMENT-PAGE,G094-11,M094,P1048,Manufacturer published guidance,260–280°C,100°C,Not published,recommended,70°C / 4 hours,Not published,Smooth PEI + adhesive; Textured PEI; Glass + adhesive,Not published,p. 1: Printing temperature; p. 1: Bed temperature; p. 1: Bed material; p. 1: Drying conditions; p. 1: Enclosed chamber,Printing temperature: 260–280°C | Bed temperature: 100°C | Bed material: Smooth PEI + adhesive; Textured PEI; Glass + adhesive | Drying conditions: 70°C / 4 hours | Enclosed chamber: recommended,range,260,280,required,range,100,100,required,unknown,Not applicable,Not applicable,unknown,recommended,stated,70,4,Not published,agrees,gap-fill,line,reader,reader-r1-41,batch-41.csv#125 batch-41.csv#126 batch-41.csv#127 batch-41.csv#128 batch-41.csv#129,5 setting(s) read from p. 1.
ready,D-FIBERLOGY-PETG-FR-V0-FILAMENT-PAGE,G020-67,M020,P1044,Manufacturer published guidance,220–250°C,90°C,Not published,does not require an enclosed printer,60°C / 4 hours,Not published,Smooth PEI + adhesive; Textured PEI; Glass + adhesive,Not published,p. 1: Description; p. 1: Printing temperature; p. 1: Bed temperature; p. 1: Bed material; p. 1: Drying conditions,The filament is easy to use and does not require an enclosed printer or a special nozzle. | Printing temperature: 220–250°C | Bed temperature: 90°C | Bed material: Smooth PEI + adhesive; Textured PEI; Glass + adhesive | Drying conditions: 60°C / 4 hours,range,220,250,required,range,90,90,required,unknown,Not applicable,Not applicable,unknown,not-needed,stated,60,4,Not published,agrees,gap-fill,line,reader,reader-r1-41,batch-41.csv#144 batch-41.csv#146 batch-41.csv#147 batch-41.csv#148 batch-41.csv#149,5 setting(s) read from p. 1.
ready,D-FIBERLOGY-PETGCF-FILAMENT-PAGE,G024-23,M024,P1045,Manufacturer published guidance,230–260°C,90°C,Not published,does not require an enclosed printer,60°C / 4 hours,Not published,Smooth PEI + adhesive; Textured PEI; Glass + adhesive,reinforced steel or ruby nozzle recommended,p. 1: Description; p. 1: Description; p. 1: Printing temperature; p. 1: Bed temperature; p. 1: Bed material; p. 1: Drying conditions,The only recommendation is to use a reinforced steel or ruby nozzle to counteract the abrasiveness of the carbon fibers. | PETG+CF remains easy to use—it does not require an enclosed printer or complicated settings. | Printing temperature: 230–260°C | Bed temperature: 90°C | Bed material: Smooth PEI + adhesive; Textured PEI; Glass + adhesive | Drying conditions: 60°C / 4 hours,range,230,260,required,range,90,90,required,unknown,Not applicable,Not applicable,unknown,not-needed,stated,60,4,TRUE,agrees,gap-fill,line,reader,reader-r1-41,batch-41.csv#185 batch-41.csv#186 batch-41.csv#187 batch-41.csv#188 batch-41.csv#189 batch-41.csv#190,6 setting(s) read from p. 1.
ready,D-FIBERLOGY-PLA-IMPACT-FILAMENT-PAGE,G001-55,M001,P0493,Manufacturer published guidance,220–245°C,60°C,Not published,Not published,50°C / 4 hours,Not published,"Smooth PEI, Textured PEI, Glass",Not published,p. 1: Printing temperature; p. 1: Bed temperature; p. 1: Bed material; p. 1: Drying conditions,"Printing temperature: 220–245°C | Bed temperature: 60°C | Bed material: Smooth PEI, Textured PEI, Glass | Drying conditions: 50°C / 4 hours",range,220,245,required,range,60,60,required,unknown,Not applicable,Not applicable,unknown,unknown,stated,50,4,Not published,agrees,gap-fill,line,reader,reader-r1-41,batch-41.csv#205 batch-41.csv#206 batch-41.csv#207 batch-41.csv#208,4 setting(s) read from p. 1.
ready,D-FIBERLOGY-PLA-VELVET-FILAMENT-S2-PAGE,G001-54,M001,P0491,Manufacturer published guidance,200–230°C,50–70°C,Not published,not required,50°C / 4 hours,Not published,PEI,Not published,p. 1: Printing temperature; p. 1: Bed temperature; p. 1: Bed material; p. 1: Drying conditions; p. 1: Enclosed chamber,Printing temperature: 200–230°C | Bed temperature: 50–70°C | Bed material: PEI | Drying conditions: 50°C / 4 hours | Enclosed chamber: not required,range,200,230,required,range,50,70,required,unknown,Not applicable,Not applicable,unknown,not-needed,stated,50,4,Not published,agrees,gap-fill,line,reader,reader-r1-41,batch-41.csv#222 batch-41.csv#223 batch-41.csv#224 batch-41.csv#225 batch-41.csv#226,5 setting(s) read from p. 1.
ready,D-FIBERLOGY-RABS-FILAMENT-S2-PAGE,G027-52,M027,P1040,Manufacturer published guidance,220–250°C,100°C,Not published,recommended,60°C / 4 hours,Not published,Smooth PEI + adhesive; Textured PEI; Glass + adhesive,Not published,p. 1: Printing temperature; p. 1: Bed temperature; p. 1: Bed material; p. 1: Drying conditions; p. 1: Enclosed chamber,Printing temperature: 220–250°C | Bed temperature: 100°C | Bed material: Smooth PEI + adhesive; Textured PEI; Glass + adhesive | Drying conditions: 60°C / 4 hours | Enclosed chamber: recommended,range,220,250,required,range,100,100,required,unknown,Not applicable,Not applicable,unknown,recommended,stated,60,4,Not published,agrees,gap-fill,line,reader,reader-r1-41,batch-41.csv#240 batch-41.csv#241 batch-41.csv#242 batch-41.csv#243 batch-41.csv#244,5 setting(s) read from p. 1.
ready,D-FIBERLOGY-RPETG-FILAMENT-S2-PAGE,G020-71,M020,P1062,Manufacturer published guidance,220–250°C,90°C,Not published,not required,60°C / 4 hours,Not published,Smooth PEI + adhesive; Textured PEI; Glass + adhesive,Not published,p. 1: Printing temperature; p. 1: Bed temperature; p. 1: Bed material; p. 1: Drying conditions; p. 1: Enclosed chamber,Printing temperature: 220–250°C | Bed temperature: 90°C | Bed material: Smooth PEI + adhesive; Textured PEI; Glass + adhesive | Drying conditions: 60°C / 4 hours | Enclosed chamber: not required,range,220,250,required,range,90,90,required,unknown,Not applicable,Not applicable,unknown,not-needed,stated,60,4,Not published,agrees,gap-fill,line,reader,reader-r1-41,batch-41.csv#257 batch-41.csv#258 batch-41.csv#259 batch-41.csv#260 batch-41.csv#261,5 setting(s) read from p. 1.
ready,D-FIBERLOGY-RPLA-FILAMENT-PAGE,G001-185,M001,P1063,Manufacturer published guidance,210–230°C,60°C,Not published,not required,50°C / 4 hours,Not published,"Smooth PEI, Textured PEI, Glass",Not published,p. 1: Printing temperature; p. 1: Bed temperature; p. 1: Bed material; p. 1: Drying conditions; p. 1: Enclosed chamber,"Printing temperature: 210–230°C | Bed temperature: 60°C | Bed material: Smooth PEI, Textured PEI, Glass | Drying conditions: 50°C / 4 hours | Enclosed chamber: not required",range,210,230,required,range,60,60,required,unknown,Not applicable,Not applicable,unknown,not-needed,stated,50,4,Not published,agrees,gap-fill,line,reader,reader-r1-41,batch-41.csv#277 batch-41.csv#278 batch-41.csv#279 batch-41.csv#280 batch-41.csv#281,5 setting(s) read from p. 1.
ready,R-FILAMENT2PRINT-Eco-Coffee,G014-16,M014,P0014,Manufacturer published guidance,200 – 230 °C,40 – 60 °C,Not published,Not published,Not published,"≥ 0,6 mm",Not published,Not published,p. 1: Temperatura de impresión; p. 1: Temperatura de la cama; p. 1: Recomendaciones de boquillas,"Temperatura de impresión 200 – 230 °C | Temperatura de la cama 40 – 60 °C | Recomendaciones de boquillas ≥ 0,6 mm",range,200,230,required,range,40,60,required,unknown,Not applicable,Not applicable,unknown,unknown,unknown,Not applicable,Not applicable,Not published,agrees,gap-fill,line,reader,reader-r1-43,batch-43.csv#294 batch-43.csv#295 batch-43.csv#300,3 setting(s) read from p. 1.
ready,R-FILLAMENTUM-CPE-HG100-TDS,G089-01,M089,P0112,Manufacturer published guidance,255–275 °C,70–85 °C,Not published,Not published,"60 °C, 3–4 hours",Not published,Not published,Not published,p. 1: Print temperature; p. 1: Hot pad; p. 1: Conditions to re-dry,"Print temperature 255–275 ˚C | Hot pad 70–85 ˚C | Conditions to re-dry 60 ˚C, 3–4 hours | Moisture sensitive! Keep in protective bag.",range,255,275,required,range,70,85,required,unknown,Not applicable,Not applicable,unknown,unknown,stated,60,4,Not published,agrees,gap-fill,line,reader,reader-r1-43,batch-43.csv#409 batch-43.csv#410 batch-43.csv#412,3 setting(s) read from p. 1.
ready,D-FORMFUTURA-REFORM-RPET-PAGE,G020-62,M020,P0947,Manufacturer published guidance,± 230 – 255° C,± 60 – 80° C,Not published,No / Recommended,Not published,≥ 0.15mm,EasyFix Nr. I,Not published,p. 1: Nozzle size; p. 1: Adhesive; p. 1: Print temp; p. 1: Heat bed; p. 1: Enclosure,Nozzle size: ≥ 0.15mm | Adhesive: EasyFix Nr. I | Print temp: ± 230 – 255° C | Heat bed: ± 60 – 80° C | Enclosure: No / Recommended,range,230,255,required,range,60,80,required,unknown,Not applicable,Not applicable,unknown,recommended,unknown,Not applicable,Not applicable,Not published,agrees,gap-fill,line,reader,reader-r1-45,batch-45.csv#305 batch-45.csv#307 batch-45.csv#308 batch-45.csv#311 batch-45.csv#312,5 setting(s) read from p. 1.
ready,D-FORMFUTURA-REFORM-RTITAN-PAGE,G027-51,M027,P1039,Manufacturer published guidance,± 245 – 265° C,± 80 – 90° C,Not published,No / Recommended,Not published,≥ 0.15mm,EasyFix Nr. I,Not published,p. 1: Nozzle size; p. 1: Adhesive; p. 1: Print temp; p. 1: Heat bed; p. 1: Enclosure,Nozzle size: ≥ 0.15mm | Adhesive: EasyFix Nr. I | Print temp: ± 245 – 265° C | Heat bed: ± 80 – 90° C | Enclosure: No / Recommended,range,245,265,required,range,80,90,required,unknown,Not applicable,Not applicable,unknown,recommended,unknown,Not applicable,Not applicable,Not published,agrees,gap-fill,line,reader,reader-r1-45,batch-45.csv#319 batch-45.csv#321 batch-45.csv#322 batch-45.csv#325 batch-45.csv#326,5 setting(s) read from p. 1.
ready,S-PET-formfutura-tds-carbonfilcf03,G024-13,M024,P0027,Manufacturer published guidance,Not published,Not published,Not published,Not published,it is recommended to dry the material prior to usage and to 3D print it directly from a dry box,Not published,Not published,Not published,p. 1: Storage and handling,To obtain the best parameters of the printed object | it is recommended to dry the material prior to usage and to 3D print it directly from a dry box.,unknown,Not applicable,Not applicable,unknown,unknown,Not applicable,Not applicable,unknown,unknown,Not applicable,Not applicable,unknown,unknown,stated,Not published,Not published,Not published,agrees,gap-fill,line,reader,reader-r1-45,batch-45.csv#378,1 setting(s) read from p. 1.
ready,S-PET-formfutura-tds-highprecisionpla,G001-158,M001,P0001,Manufacturer published guidance,Not published,Not published,Not published,Not published,it is recommended to dry the material prior to usage and to 3D print it directly from a dry box,Not published,Not published,Not published,p. 1: Storage and handling,To obtain the best parameters of the printed object | it is recommended to dry the material prior to usage and to 3D print it directly from a dry box.,unknown,Not applicable,Not applicable,unknown,unknown,Not applicable,Not applicable,unknown,unknown,Not applicable,Not applicable,unknown,unknown,stated,Not published,Not published,Not published,agrees,gap-fill,line,reader,reader-r1-45,batch-45.csv#421,1 setting(s) read from p. 1.
ready,S-PET-formfutura-tds-kratospc,G035-21,M035,P0043,Manufacturer published guidance,Not published,Not published,Not published,open printer for small(er) parts; closed chamber recommended for large(r) parts,pre-dry the filament at 75°C for approximately 24 hours before usage,Not published,Not published,Not published,p. 1: Pre-drying Kratos PC; p. 1: Enclosure recommended for large(r) prints,Kratos PC is a hygroscopic filament and therefore it is necessary to pre-dry the filament at 75°C for approximately 24 hours before usage. | Kratos PC can be 3D printed on open printers without a closed chamber for small(er) parts. For large(r) parts we de recommend to use a 3D printer with closed chamber.,unknown,Not applicable,Not applicable,unknown,unknown,Not applicable,Not applicable,unknown,unknown,Not applicable,Not applicable,unknown,not-needed,stated,75,24,Not published,agrees,gap-fill,line,reader,reader-r1-45,batch-45.csv#435 batch-45.csv#437,2 setting(s) read from p. 1.
ready,S-PET-TDS-LimoSolve,G081-12,M081,P0101,Manufacturer published guidance,± 220 - 260° C,Not published,Not published,Not published,Not published,Not published,Not published,Not published,p. 1: Print temperature,Print temperature ± 220 - 260° C,range,220,260,required,unknown,Not applicable,Not applicable,unknown,unknown,Not applicable,Not applicable,unknown,unknown,unknown,Not applicable,Not applicable,Not published,agrees,gap-fill,line,reader,reader-r1-46,batch-46.csv#296,1 setting(s) read from p. 1.
ready,S-PET-TDS-MagicFil-Thermo-PLA,G001-190,M001,P0001,Manufacturer published guidance,± 180 - 220° C,Not published,Not published,Not published,Not published,Not published,Not published,Not published,p. 1: Print temperature,Print temperature ± 180 - 220° C,range,180,220,required,unknown,Not applicable,Not applicable,unknown,unknown,Not applicable,Not applicable,unknown,unknown,unknown,Not applicable,Not applicable,Not published,agrees,gap-fill,line,reader,reader-r1-46,batch-46.csv#310,1 setting(s) read from p. 1.
ready,S-PET-TDS-ReForm-rPLA,G001-194,M001,P0001,Manufacturer published guidance,± 180 - 220° C,Not published,Not published,Not published,Not published,Not published,Not published,Not published,p. 1: Print temperature,Print temperature ± 180 - 220° C,range,180,220,required,unknown,Not applicable,Not applicable,unknown,unknown,Not applicable,Not applicable,unknown,unknown,unknown,Not applicable,Not applicable,Not published,agrees,gap-fill,line,reader,reader-r1-47,batch-47.csv#98,1 setting(s) read from p. 1.
ready,I-PLA-HS-PLA-Matte-TDS,G001-168,M001,P0001,Manufacturer published guidance,190-220,Not published,Not published,Not published,Not published,Not published,Not published,Not published,p. 1: Print temperature,Print temperature | 190-220,range,190,220,required,unknown,Not applicable,Not applicable,unknown,unknown,Not applicable,Not applicable,unknown,unknown,unknown,Not applicable,Not applicable,Not published,agrees,gap-fill,pieces,reader,reader-r1-48,batch-48.csv#212,1 setting(s) read from p. 1.
ready,I-PLA-PA12-CF-TDS,G053-13,M053,P0068,Manufacturer published guidance,270-290 ℃,80℃,Not published,Not published,Not published,Not published,Not published,Not published,p. 1: Print temperature (specimens); p. 1: heat bed (specimens),At 270-290 ℃ print temperature | heat bed 80℃,range,270,290,required,range,80,80,required,unknown,Not applicable,Not applicable,unknown,unknown,unknown,Not applicable,Not applicable,Not published,agrees,gap-fill,line,reader,reader-r1-48,batch-48.csv#284 batch-48.csv#285,2 setting(s) read from p. 1.
ready,I-PLA-PAHT-CF-TDS,G048-05,M048,P0063,Manufacturer published guidance,280°C to 310°C,Not published,Not published,Not published,Not published,Not published,Not published,hardened steel nozzle,p. 1: Wide compatibility; p. 1: Wide compatibility,requiring a sealed box and hardened steel nozzle at 280°C to 310°C | requiring a sealed box and hardened steel nozzle,range,280,310,required,unknown,Not applicable,Not applicable,unknown,unknown,Not applicable,Not applicable,unknown,unknown,unknown,Not applicable,Not applicable,TRUE,agrees,gap-fill,line,reader,reader-r1-48,batch-48.csv#299 batch-48.csv#301,2 setting(s) read from p. 1.
ready,I-PLA-PDS-TDS,G001-166,M001,P0001,Manufacturer published guidance,190-210,Not published,Not published,Not published,Not published,Not published,Not published,Not published,p. 1: print temperature,print temperature ℃ DSC 190-210,range,190,210,required,unknown,Not applicable,Not applicable,unknown,unknown,Not applicable,Not applicable,unknown,unknown,unknown,Not applicable,Not applicable,Not published,agrees,gap-fill,line,reader,reader-r1-48,batch-48.csv#324,1 setting(s) read from p. 1.
ready,D-MATTERHACKERS-NYLONG-PAGE,G054-02,M054,P1022,Manufacturer published guidance,Not published,65°C,Not published,Not published,Not published,Not published,"Garolite is preferred, glass with Magigoo if Garolite is unavailable","Olsson Ruby is best, Hardened Steel is sufficient.",p. 1: Recommended nozzle; p. 1: Bed temperature; p. 1: Bed surface,"Recommended nozzle: Olsson Ruby is best, Hardened Steel is sufficient. | Bed temperature: 65°C | Bed surface: Garolite is preferred, glass with Magigoo if Garolite is unavailable",unknown,Not applicable,Not applicable,unknown,range,65,65,required,unknown,Not applicable,Not applicable,unknown,unknown,unknown,Not applicable,Not applicable,TRUE,agrees,gap-fill,line,reader,reader-r1-49-b,batch-49.csv#117 batch-49.csv#118 batch-49.csv#119,3 setting(s) read from p. 1.
ready,R-MATTERHACKERS-PRINT-20260928-287fb08e4373,G054-02,M054,P1022,Manufacturer published guidance,Not published,65°C,Not published,Not published,Not published,Not published,"Garolite is preferred, glass with Magigoo if Garolite is unavailable","Olsson Ruby is best, Hardened Steel is sufficient.",p. 1: Recommended nozzle; p. 1: Bed temperature; p. 1: Bed surface,"Recommended nozzle: Olsson Ruby is best, Hardened Steel is sufficient. | Bed temperature: 65°C | Bed surface: Garolite is preferred, glass with Magigoo if Garolite is unavailable",unknown,Not applicable,Not applicable,unknown,range,65,65,required,unknown,Not applicable,Not applicable,unknown,unknown,unknown,Not applicable,Not applicable,TRUE,agrees,gap-fill,line,reader,reader-r1-49-b,batch-49.csv#167 batch-49.csv#168 batch-49.csv#169,3 setting(s) read from p. 1.
ready,R-POLYMAKER-PRIORITY-20261002-1b7d35606338,G020-16,M020,P0322,Manufacturer published guidance,230˚C - 260˚C,70˚C - 80˚C,Not published,Not needed,65˚C for 6h (Only if the material has absorbed moisture),Not published,suitable adhesive as a release layer,Not published,p. 1: Printing Temperature; p. 1: Bed Temperature; p. 1: Drying Settings; p. 1: Enclosure; p. 1: Printing Tips,Printing Temperature: 230˚C - 260˚C | Bed Temperature: 70˚C - 80˚C | Drying Settings: 65˚C for 6h (Only if the material has absorbed moisture) | Enclosure Not needed | Use a suitable adhesive as a release layer and let the build plate cool before removing the part.,range,230,260,required,range,70,80,required,unknown,Not applicable,Not applicable,unknown,not-needed,stated,65,6,Not published,agrees,gap-fill,line,reader,reader-r1-51,batch-51.csv#171 batch-51.csv#172 batch-51.csv#175 batch-51.csv#181 batch-51.csv#187,5 setting(s) read from p. 1.
ready,R-POLYMAKER-PRIORITY-20261002-8c3c83807f63,G039-11,M160,P0056,Manufacturer published guidance,210 – 230 (℃),25 - 60 (˚C),Not published,No Needed,70˚C for 8h,Based on 0.4 mm nozzle,PC and Texture PEI (Glue when needed),Not published,p. 3: Nozzle temperature; p. 3: Build surface treatment; p. 3: Build plate temperature; p. 3: Closure Chamber; p. 3: Drying setting; p. 3: Footnote,Nozzle temperature 210 – 230 (℃) | Build surface treatment PC and Texture PEI (Glue when needed) | Build plate temperature 25 - 60 (˚C) | Closure Chamber No Needed | Drying setting 70˚C for 8h | * Based on 0.4 mm nozzle. Printing conditions may vary with different nozzle diameters,range,210,230,required,range,25,60,required,unknown,Not applicable,Not applicable,unknown,not-needed,stated,70,8,Not published,agrees,gap-fill,line,reader,reader-r1-51,batch-51.csv#261 batch-51.csv#262 batch-51.csv#263 batch-51.csv#268 batch-51.csv#270 batch-51.csv#272,6 setting(s) read from p. 3.
ready,R-POLYMAKER-PRIORITY-20261002-bc61cf2013c2,G039-12,M161,P0274,Manufacturer published guidance,200˚C - 220˚C,25˚C - 50˚C,Not published,Not needed,70˚C for 8h (Only if the material has absorbed moisture),Not published,Not published,Not published,p. 1: Printing Temperature; p. 1: Bed Temperature; p. 1: Drying Settings; p. 1: Enclosure,Printing Temperature: 200˚C - 220˚C | Bed Temperature: 25˚C - 50˚C | Drying Settings: 70˚C for 8h (Only if the material has absorbed moisture) | Enclosure Not needed,range,200,220,required,range,25,50,required,unknown,Not applicable,Not applicable,unknown,not-needed,stated,70,8,Not published,agrees,gap-fill,line,reader,reader-r1-51,batch-51.csv#280 batch-51.csv#281 batch-51.csv#284 batch-51.csv#290,4 setting(s) read from p. 1.
ready,R-POLYMAKER-PRIORITY-20261002-bd52e168c6e3,G039-11,M160,P0056,Manufacturer published guidance,210˚C - 230˚C,25˚C - 60˚C,Not published,Not needed,70˚C for 8h (Only if the material has absorbed moisture),Not published,Not published,Not published,p. 1: Printing Temperature; p. 1: Bed Temperature; p. 1: Drying Settings; p. 1: Enclosure,Printing Temperature: 210˚C - 230˚C | Bed Temperature: 25˚C - 60˚C | Drying Settings: 70˚C for 8h (Only if the material has absorbed moisture) | Enclosure Not needed,range,210,230,required,range,25,60,required,unknown,Not applicable,Not applicable,unknown,not-needed,stated,70,8,Not published,agrees,gap-fill,line,reader,reader-r1-51,batch-51.csv#306 batch-51.csv#307 batch-51.csv#310 batch-51.csv#318,4 setting(s) read from p. 1.
ready,R-POLYMAKER-PRIORITY-20261002-e2d172d8d9f3,G027-07,M027,P0288,Manufacturer published guidance,270˚C - 300˚C,120˚C,Not published,🚨Actively Heated Enclosure Required.,70˚C for 6h (Only if the material has absorbed moisture),Not published,You can use Magigoo Original to help with build plate adhesion,No. ABS Max contains no abrasive fillers and prints well with standard nozzles.,p. 1: Printing Requirements; p. 1: Does ABS Max require a hardened nozzle?; p. 1: Printing Requirements; p. 1: Printing Temperature; p. 1: Bed Temperature; p. 1: Drying Settings,🚨Actively Heated Enclosure Required. | No. ABS Max contains no abrasive fillers and prints well with standard nozzles. | And that's all! You can use Magigoo Original to help with build plate adhesion | Printing Temperature: 270˚C - 300˚C | Bed Temperature: 120˚C | Drying Settings: 70˚C for 6h (Only if the material has absorbed moisture),range,270,300,required,range,120,120,required,unknown,Not applicable,Not applicable,unknown,recommended,stated,70,6,TRUE,agrees,gap-fill,line,reader,reader-r1-51,batch-51.csv#332 batch-51.csv#335 batch-51.csv#337 batch-51.csv#338 batch-51.csv#339 batch-51.csv#342,6 setting(s) read from p. 1.
ready,R-POLYMAKER-PRIORITY-20261003-56f939384206,G035-06,M035,P0276,Manufacturer published guidance,250˚C - 270˚C,90˚C - 105˚C,Minimum 70˚C chamber temp highly recommended.,Enclosed printer that can trap heat required.,75˚C for 6h (Only if the material has absorbed moisture),Not published,Magigoo PC highly recommended to help with bed adhesion.,Not published,p. 1: Printing Requirements; p. 1: Printing Requirements; p. 1: Printing Requirements; p. 1: Printing Temperature; p. 1: Bed Temperature; p. 1: Drying Settings,Enclosed printer that can trap heat required. | Actively heated chamber highly recommended. Minimum 70˚C chamber temp highly recommended. | Magigoo PC highly recommended to help with bed adhesion. | Printing Temperature: 250˚C - 270˚C | Bed Temperature: 90˚C - 105˚C | Drying Settings: 75˚C for 6h (Only if the material has absorbed moisture),range,250,270,required,range,90,105,required,range,70,70,required,recommended,stated,75,6,Not published,agrees,gap-fill,line,reader,reader-r1-51,batch-51.csv#371 batch-51.csv#372 batch-51.csv#376 batch-51.csv#377 batch-51.csv#378 batch-51.csv#381,6 setting(s) read from p. 1.
ready,R-POLYMAKER-WIKI-POLYDISSOLVE-S1,G075-11,M075,P1034,Manufacturer published guidance,215 – 225 (℃),25 - 60 (˚C),Not published,No Needed,use a heated filament dryer on the lowest setting for the entirety of your print,Not published,PC and Texture PEI (Glue when needed),Not published,p. 1: Nozzle temperature; p. 1: Build surface treatment; p. 1: Build plate temperature; p. 1: Closure Chamber; p. 1: Print Tips (drying),Nozzle temperature | 215 – 225 (℃) | Build surface treatment | PC and Texture PEI (Glue when needed) | Build plate temperature | 25 - 60 (˚C) | Closure Chamber | No Needed | You should use a heated filament dryer on the lowest setting for the entirety of your print.,range,215,225,required,range,25,60,required,unknown,Not applicable,Not applicable,unknown,not-needed,stated,Not published,Not published,Not published,agrees,gap-fill,line,reader,reader-r1-52,batch-52.csv#7 batch-52.csv#8 batch-52.csv#9 batch-52.csv#14 batch-52.csv#16,5 setting(s) read from p. 1.
ready,S-POLYFLEX-TPU95-PAGE,G039-13,M161,P0049,Manufacturer published guidance,210˚C - 230˚C,25˚C - 60˚C,Not published,Not published,65˚C for 8h (Only if the material has absorbed moisture),Not published,Not published,Not published,p. 1: Printing Temperature; p. 1: Bed Temperature; p. 1: Drying Settings,Printing Temperature: 210˚C - 230˚C | Bed Temperature: 25˚C - 60˚C | Drying Settings: 65˚C for 8h (Only if the material has absorbed moisture),range,210,230,required,range,25,60,required,unknown,Not applicable,Not applicable,unknown,unknown,stated,65,8,Not published,agrees,gap-fill,line,reader,reader-r1-54-b,batch-54.csv#577 batch-54.csv#578 batch-54.csv#585,3 setting(s) read from p. 1.
ready,S-POLYMAKER-ABS-MAX-PAGE,G027-07,M027,P0288,Manufacturer published guidance,270?C - 300?C,120?C,Not published,Not published,Not published,Not published,Not published,No. ABS Max contains no abrasive fillers and prints well with standard nozzles.,p. 1: Printing Temperature; p. 1: Bed Temperature; p. 1: Does ABS Max require a hardened nozzle?,Printing Temperature: 270?C - 300?C | Bed Temperature: 120?C | Does ABS Max require a hardened nozzle? No. ABS Max contains no abrasive fillers and prints well with standard nozzles.,range,270,300,required,range,120,120,required,unknown,Not applicable,Not applicable,unknown,unknown,unknown,Not applicable,Not applicable,TRUE,agrees,gap-fill,line,reader,reader-r1-54-c,batch-54.csv#609 batch-54.csv#610 batch-54.csv#620,3 setting(s) read from p. 1.
ready,PR-pla-2,G001-144,M001,P1199,Manufacturer published guidance,Not published,40–60 °C Heated Bed Optional,Not published,Enclosure not required,Not published,Not published,PEI Glass plate Painter’s tape Glue stick,Not published,p. 1: Bed Temperature; p. 1: Enclosure; p. 1: Print Surface,Bed Temperature: 40–60 °C Heated Bed Optional | Enclosure not required | Print Surface PEI Glass plate Painter’s tape Glue stick,unknown,Not applicable,Not applicable,unknown,range,40,60,required,unknown,Not applicable,Not applicable,unknown,not-needed,unknown,Not applicable,Not applicable,Not published,agrees,gap-fill,line,reader,reader-r1-54-c,batch-54.csv#700 batch-54.csv#701 batch-54.csv#702,3 setting(s) read from p. 1.
ready,PR-prusament-petg,G020-29,M020,P0580,Manufacturer published guidance,Not published,Not published,Not published,Enclosure not required,Not published,Not published,PEI Glass plate Painter’s tape Glue stick,Not published,p. 1: Enclosure; p. 1: Print Surface,Enclosure not required | Print Surface PEI Glass plate Painter’s tape Glue stick,unknown,Not applicable,Not applicable,unknown,unknown,Not applicable,Not applicable,unknown,unknown,Not applicable,Not applicable,unknown,not-needed,unknown,Not applicable,Not applicable,Not published,agrees,gap-fill,line,reader,reader-r1-54-c,batch-54.csv#714 batch-54.csv#715,2 setting(s) read from p. 1.
ready,PR-prusament-petg-recycled,G020-59,M020,P1238,Manufacturer published guidance,Not published,Not published,Not published,Enclosure not required,Not published,Not published,PEI Glass plate Painter’s tape Glue stick,Not published,p. 1: Enclosure; p. 1: Print Surface,Enclosure not required | Print Surface PEI Glass plate Painter’s tape Glue stick,unknown,Not applicable,Not applicable,unknown,unknown,Not applicable,Not applicable,unknown,unknown,Not applicable,Not applicable,unknown,not-needed,unknown,Not applicable,Not applicable,Not published,agrees,gap-fill,line,reader,reader-r1-54-c,batch-54.csv#729 batch-54.csv#730,2 setting(s) read from p. 1.
ready,PR-prusament-petg-v0,G020-47,M020,P0783,Manufacturer published guidance,Not published,Not published,Not published,Enclosure not required,drying it before use for 6 hours at 55 °C,Not published,PEI Glass plate Painter’s tape Glue stick,Not published,p. 1: Enclosure; p. 1: Print Surface; p. 1: Drying filament,"Enclosure not required | Print Surface PEI Glass plate Painter’s tape Glue stick | If you can’t keep the filament dry, we suggest drying it before use for 6 hours at 55 °C.",unknown,Not applicable,Not applicable,unknown,unknown,Not applicable,Not applicable,unknown,unknown,Not applicable,Not applicable,unknown,not-needed,stated,55,6,Not published,agrees,gap-fill,line,reader,reader-r1-54-c,batch-54.csv#745 batch-54.csv#746 batch-54.csv#751,3 setting(s) read from p. 1.
ready,PR-prusament-pla-high-speed,G001-87,M001,P0634,Manufacturer published guidance,Not published,Not published,Not published,Not necessary,Not published,0.4 mm brass high-flow (CHT) nozzle,"Smooth PEI, Satin, TXT",Not published,p. 1: Nozzle; p. 1: Recommended Steel Sheet; p. 1: Enclosure,"0.4 mm brass high-flow (CHT) nozzle | Recommended Steel Sheet Smooth PEI, Satin, TXT | Enclosure Not necessary",unknown,Not applicable,Not applicable,unknown,unknown,Not applicable,Not applicable,unknown,unknown,Not applicable,Not applicable,unknown,not-needed,unknown,Not applicable,Not applicable,Not published,agrees,gap-fill,line,reader,reader-r1-54-c,batch-54.csv#765 batch-54.csv#767 batch-54.csv#768,3 setting(s) read from p. 1.
ready,PR-prusament-pla-recycled,G001-90,M001,P0661,Manufacturer published guidance,Not published,40–60 °C Heated Bed Optional,Not published,Enclosure not required,Not published,Not published,PEI Glass plate Painter’s tape Glue stick,Not published,p. 1: Bed Temperature; p. 1: Enclosure; p. 1: Print Surface,Bed Temperature: 40–60 °C Heated Bed Optional | Enclosure not required | Print Surface PEI Glass plate Painter’s tape Glue stick,unknown,Not applicable,Not applicable,unknown,range,40,60,required,unknown,Not applicable,Not applicable,unknown,not-needed,unknown,Not applicable,Not applicable,Not published,agrees,gap-fill,line,reader,reader-r1-54-c,batch-54.csv#781 batch-54.csv#782 batch-54.csv#783,3 setting(s) read from p. 1.
ready,PR-prusament-pvb,G093-01,M093,P0117,Manufacturer published guidance,Not published,65–85 °C Heated Bed required,Not published,Enclosure not required,let it dry for 4 hours at 60 °C before printing,Possibility of using 0.8mm nozzle,Smooth PEI or satin print sheet,Not published,p. 1: Bed Temperature; p. 1: Enclosure; p. 1: Print Surface; p. 1: Possibility of using 0.8mm nozzle; p. 1: Keep the filament dry,Bed Temperature: 65–85 °C Heated Bed required | Enclosure not required | Print Surface Smooth PEI or satin print sheet | Possibility of using 0.8mm nozzle | Always put the spool back inside the bag with silica gel or let it dry for 4 hours at 60 °C before printing!,unknown,Not applicable,Not applicable,unknown,range,65,85,required,unknown,Not applicable,Not applicable,unknown,not-needed,stated,60,4,Not published,agrees,gap-fill,line,reader,reader-r1-54-c,batch-54.csv#796 batch-54.csv#797 batch-54.csv#798 batch-54.csv#802 batch-54.csv#803,5 setting(s) read from p. 1.
ready,PR-prusament-rpla,G001-77,M001,P0592,Manufacturer published guidance,Not published,40–60 °C,Not published,not required,Not published,Not published,PEI Glass plate Painter’s tape Glue stick,Not published,p. 1: Bed Temperature; p. 1: Enclosure; p. 1: Print Surface,Bed  Temperature: 40–60 °C Heated Bed Optional | Enclosure not required | Print Surface  PEI Glass plate Painter’s tape Glue stick,unknown,Not applicable,Not applicable,unknown,range,40,60,required,unknown,Not applicable,Not applicable,unknown,not-needed,unknown,Not applicable,Not applicable,Not published,agrees,gap-fill,line,reader,reader-r1-55,batch-55.csv#4 batch-55.csv#5 batch-55.csv#6,3 setting(s) read from p. 1.
ready,R-QIDI-FILAMENT-GUIDE,G028-10,M028,P1126,Manufacturer published guidance,250-270°C,Textured PEI plate (90-110°C) / Smooth PEI plate with glue (90-110°C),Not published,Not published,Required,0.4–0.8 mm / Hardened steel nozzle or harder,Not published,Not published,p. 1: Is drying highly recommended?; p. 1: Recommended hardware settings; p. 1: Bed Temperature & Type; p. 1: Extruder heat range,Dry Out Before Use | Is drying highly recommended? | Required | Nozzle Size/Material | Recommended hardware settings | 0.4–0.8 mm / Hardened steel nozzle or harder | Build Plate | Bed Temperature & Type | Textured PEI plate (90-110°C) / Smooth PEI plate with glue (90-110°C) | Nozzle Temperature | Extruder heat range | 250-270°C,range,250,270,required,range,90,110,required,unknown,Not applicable,Not applicable,unknown,unknown,stated,Not published,Not published,Not published,agrees,gap-fill,line,reader,reader-r1-56-c,batch-56.csv#427 batch-56.csv#499 batch-56.csv#549 batch-56.csv#621,4 setting(s) read from p. 1.
ready,R-QIDI-FILAMENT-GUIDE,G031-25,M031,P1246,Manufacturer published guidance,240-260°C,Textured PEI plate (80-110°C) / Smooth PEI plate with glue (80-110°C),Not published,Not published,Optional,0.2-0.8 mm / All Material,Not published,Not published,p. 1: Is drying highly recommended?; p. 1: Recommended hardware settings; p. 1: Bed Temperature & Type; p. 1: Extruder heat range,Dry Out Before Use | Is drying highly recommended? | Optional | Nozzle Size/Material | Recommended hardware settings | 0.2-0.8 mm / All Material | Build Plate | Bed Temperature & Type | Textured PEI plate (80-110°C) / Smooth PEI plate with glue (80-110°C) | Nozzle Temperature | Extruder heat range | 240-260°C,range,240,260,required,range,80,110,required,unknown,Not applicable,Not applicable,unknown,unknown,stated,Not published,Not published,Not published,agrees,gap-fill,line,matched:exact:maker-wide,reader-r1-56-c,batch-56.csv#430 batch-56.csv#503 batch-56.csv#552 batch-56.csv#624,4 setting(s) read from p. 1.
ready,R-QIDI-FILAMENT-GUIDE,G032-04,M032,P1248,Manufacturer published guidance,240-280°C,Textured PEI plate (80-110°C) / Smooth PEI plate with glue (80-110°C),Not published,Not published,Optional,0.4-0.8 mm / All Material,Not published,Not published,p. 1: Is drying highly recommended?; p. 1: Recommended hardware settings; p. 1: Bed Temperature & Type; p. 1: Extruder heat range,Dry Out Before Use | Is drying highly recommended? | Optional | Nozzle Size/Material | Recommended hardware settings | 0.4-0.8 mm / All Material | Build Plate | Bed Temperature & Type | Textured PEI plate (80-110°C) / Smooth PEI plate with glue (80-110°C) | Nozzle Temperature | Extruder heat range | 240-280°C,range,240,280,required,range,80,110,required,unknown,Not applicable,Not applicable,unknown,unknown,stated,Not published,Not published,Not published,agrees,gap-fill,line,matched:exact:maker-wide,reader-r1-56-c,batch-56.csv#431 batch-56.csv#504 batch-56.csv#553 batch-56.csv#625,4 setting(s) read from p. 1.
ready,R-QIDI-FILAMENT-GUIDE,G033-14,M033,P0760,Manufacturer published guidance,250-280°C,Textured PEI plate (90-110°C) / Smooth PEI plate with glue (90-110°C),Not published,Not published,Required,0.4–0.8 mm / Hardened steel nozzle or harder,Not published,Not published,p. 1: Is drying highly recommended?; p. 1: Recommended hardware settings; p. 1: Bed Temperature & Type; p. 1: Extruder heat range,Dry Out Before Use | Is drying highly recommended? | Required | Nozzle Size/Material | Recommended hardware settings | 0.4–0.8 mm / Hardened steel nozzle or harder | Build Plate | Bed Temperature & Type | Textured PEI plate (90-110°C) / Smooth PEI plate with glue (90-110°C) | Nozzle Temperature | Extruder heat range | 250-280°C,range,250,280,required,range,90,110,required,unknown,Not applicable,Not applicable,unknown,unknown,stated,Not published,Not published,Not published,agrees,gap-fill,line,matched:exact:maker-wide,reader-r1-56-c,batch-56.csv#432 batch-56.csv#505 batch-56.csv#554 batch-56.csv#626,4 setting(s) read from p. 1.
ready,R-QIDI-FILAMENT-GUIDE,G045-07,M045,P0762,Manufacturer published guidance,230-260°C,Textured PEI plate (60-100°C) / Smooth PEI plate with release glue (60-100°C),Not published,Not published,Required,0.2-0.8 mm / All Material,Not published,Not published,p. 1: Is drying highly recommended?; p. 1: Recommended hardware settings; p. 1: Bed Temperature & Type; p. 1: Extruder heat range,Dry Out Before Use | Is drying highly recommended? | Required | Nozzle Size/Material | Recommended hardware settings | 0.2-0.8 mm / All Material | Build Plate | Bed Temperature & Type | Textured PEI plate (60-100°C) / Smooth PEI plate with release glue (60-100°C) | Nozzle Temperature | Extruder heat range | 230-260°C,range,230,260,required,range,60,100,required,unknown,Not applicable,Not applicable,unknown,unknown,stated,Not published,Not published,Not published,agrees,gap-fill,line,matched:exact:maker-wide,reader-r1-56-c,batch-56.csv#438 batch-56.csv#515 batch-56.csv#560 batch-56.csv#632,4 setting(s) read from p. 1.
ready,R-QIDI-FILAMENT-GUIDE,G068-05,M068,P1145,Manufacturer published guidance,280-320°C,Textured PEI plate with PVP glue (60-80°C) / Smooth PEI plate with PVP glue (60-80°C),Not published,Not published,Required,0.4–0.8 mm / Hardened steel nozzle or harder,Not published,Not published,p. 1: Is drying highly recommended?; p. 1: Recommended hardware settings; p. 1: Bed Temperature & Type; p. 1: Extruder heat range,Dry Out Before Use | Is drying highly recommended? | Required | Nozzle Size/Material | Recommended hardware settings | 0.4–0.8 mm / Hardened steel nozzle or harder | Build Plate | Bed Temperature & Type | Textured PEI plate with PVP glue (60-80°C) / Smooth PEI plate with PVP glue (60-80°C) | Nozzle Temperature | Extruder heat range | 280-320°C,range,280,320,required,range,60,80,required,unknown,Not applicable,Not applicable,unknown,unknown,stated,Not published,Not published,Not published,agrees,gap-fill,line,matched:exact:maker-wide,reader-r1-56-c,batch-56.csv#440 batch-56.csv#518 batch-56.csv#562 batch-56.csv#634,4 setting(s) read from p. 1.
ready,R-QIDI-FILAMENT-GUIDE,G024-16,M024,P0758,Manufacturer published guidance,240-270°C,Not published,Not published,Not published,Required,0.4–0.8 mm / Hardened steel nozzle or harder,Not published,Not published,p. 1: Is drying highly recommended?; p. 1: Recommended hardware settings; p. 1: Extruder heat range,Dry Out Before Use | Is drying highly recommended? | Required | Nozzle Size/Material | Recommended hardware settings | 0.4–0.8 mm / Hardened steel nozzle or harder | Nozzle Temperature | Extruder heat range | 240-270°C,range,240,270,required,unknown,Not applicable,Not applicable,unknown,unknown,Not applicable,Not applicable,unknown,unknown,stated,Not published,Not published,Not published,agrees,gap-fill,line,reader,reader-r1-56-c,batch-56.csv#442 batch-56.csv#521 batch-56.csv#636,3 setting(s) read from p. 1.
ready,R-QIDI-FILAMENT-GUIDE,G025-04,M025,P0759,Manufacturer published guidance,250-275°C,Not published,Not published,Not published,Required,0.4–0.8 mm / Hardened steel nozzle or harder,Not published,Not published,p. 1: Is drying highly recommended?; p. 1: Recommended hardware settings; p. 1: Extruder heat range,Dry Out Before Use | Is drying highly recommended? | Required | Nozzle Size/Material | Recommended hardware settings | 0.4–0.8 mm / Hardened steel nozzle or harder | Nozzle Temperature | Extruder heat range | 250-275°C,range,250,275,required,unknown,Not applicable,Not applicable,unknown,unknown,Not applicable,Not applicable,unknown,unknown,stated,Not published,Not published,Not published,agrees,gap-fill,line,reader,reader-r1-56-c,batch-56.csv#443 batch-56.csv#523 batch-56.csv#637,3 setting(s) read from p. 1.
ready,R-QIDI-FILAMENT-GUIDE,G020-44,M020,P0761,Manufacturer published guidance,235-275°C,Not published,Not published,Not published,Optional,0.2-0.8 mm / All Material,Not published,Not published,p. 1: Is drying highly recommended?; p. 1: Recommended hardware settings; p. 1: Extruder heat range,Dry Out Before Use | Is drying highly recommended? | Optional | Nozzle Size/Material | Recommended hardware settings | 0.2-0.8 mm / All Material | Nozzle Temperature | Extruder heat range | 235-275°C,range,235,275,required,unknown,Not applicable,Not applicable,unknown,unknown,Not applicable,Not applicable,unknown,unknown,stated,Not published,Not published,Not published,agrees,gap-fill,line,reader,reader-r1-56-c,batch-56.csv#444 batch-56.csv#525 batch-56.csv#638,3 setting(s) read from p. 1.
ready,R-QIDI-FILAMENT-GUIDE,G018-13,M018,P1113,Manufacturer published guidance,210-240°C,Not published,Not published,Not published,Required,0.4–0.8 mm / Hardened steel nozzle or harder,Not published,Not published,p. 1: Is drying highly recommended?; p. 1: Recommended hardware settings; p. 1: Extruder heat range,Dry Out Before Use | Is drying highly recommended? | Required | Nozzle Size/Material | Recommended hardware settings | 0.4–0.8 mm / Hardened steel nozzle or harder | Nozzle Temperature | Extruder heat range | 210-240°C,range,210,240,required,unknown,Not applicable,Not applicable,unknown,unknown,Not applicable,Not applicable,unknown,unknown,stated,Not published,Not published,Not published,agrees,gap-fill,line,matched:exact:maker-wide,reader-r1-56-c,batch-56.csv#448 batch-56.csv#529 batch-56.csv#642,3 setting(s) read from p. 1.
ready,R-QIDI-FILAMENT-GUIDE,G039-50,M161,P1138,Manufacturer published guidance,210-230°C,Textured PEI plate (35-50°C) / Smooth PEI plate with release glue (35-50°C),Not published,Not published,Required,0.2-0.8 mm / All Material,Not published,Not published,p. 1: Is drying highly recommended?; p. 1: Recommended hardware settings; p. 1: Bed Temperature & Type; p. 1: Extruder heat range,Dry Out Before Use | Is drying highly recommended? | Required | Nozzle Size/Material | Recommended hardware settings | 0.2-0.8 mm / All Material | Build Plate | Bed Temperature & Type | Textured PEI plate (35-50°C) / Smooth PEI plate with release glue (35-50°C) | Nozzle Temperature | Extruder heat range | 210-230°C,range,210,230,required,range,35,50,required,unknown,Not applicable,Not applicable,unknown,unknown,stated,Not published,Not published,Not published,agrees,gap-fill,line,matched:exact:maker-wide,reader-r1-56-c,batch-56.csv#460 batch-56.csv#545 batch-56.csv#582 batch-56.csv#654,4 setting(s) read from p. 1.
ready,R-QIDI-PRINT-20260928-1988d9088956,G045-07,M045,P0762,Manufacturer published guidance,230-260°C,Textured PEI plate (60-100°C) / Smooth PEI plate with release glue (60-100°C),Not published,Not published,Required,0.2-0.8 mm / All Material,Textured PEI plate / Smooth PEI plate with release glue,Not published,p. 1: Is drying highly recommended?; p. 1: Nozzle Size/Material; p. 1: Bed Temperature & Type; p. 1: Bed Temperature & Type; p. 1: Extruder heat range,Dry Out Before Use | Is drying highly recommended? | Required | Nozzle Size/Material | Recommended hardware settings | 0.2-0.8 mm / All Material | Build Plate | Bed Temperature & Type | Textured PEI plate (60-100°C) / Smooth PEI plate with release glue (60-100°C) | Nozzle Temperature | Extruder heat range | 230-260°C,range,230,260,required,range,60,100,required,unknown,Not applicable,Not applicable,unknown,unknown,stated,Not published,Not published,Not published,agrees,gap-fill,line,reader,reader-r1-57,batch-57.csv#150 batch-57.csv#152 batch-57.csv#154 batch-57.csv#155 batch-57.csv#158,5 setting(s) read from p. 1.
ready,R-QIDI-PRINT-20260928-2c4a151ce07e,G059-02,M059,P0922,Manufacturer published guidance,280-300°C,Textured PEI plate with PVP glue (40-70°C) / Smooth PEI plate with PVP glue (40-70°C),Not published,Not published,Required,0.4–0.8 mm / Hardened steel nozzle or harder,Textured PEI plate with PVP glue / Smooth PEI plate with PVP glue,Hardened steel nozzle or harder,p. 1: Is drying highly recommended?; p. 1: Nozzle Size/Material; p. 1: Nozzle Size/Material; p. 1: Bed Temperature & Type; p. 1: Bed Temperature & Type; p. 1: Extruder heat range,Dry Out Before Use | Is drying highly recommended? | Required | Nozzle Size/Material | Recommended hardware settings | 0.4–0.8 mm / Hardened steel nozzle or harder | Build Plate | Bed Temperature & Type | Textured PEI plate with PVP glue (40-70°C) / Smooth PEI plate with PVP glue (40-70°C) | Nozzle Temperature | Extruder heat range | 280-300°C,range,280,300,required,range,40,70,required,unknown,Not applicable,Not applicable,unknown,unknown,stated,Not published,Not published,TRUE,agrees,gap-fill,line,single-product,reader-r1-57,batch-57.csv#170 batch-57.csv#172 batch-57.csv#173 batch-57.csv#174 batch-57.csv#175 batch-57.csv#178,6 setting(s) read from p. 1.
ready,D-RAISE3D-Raise3D-Premium-PVA-TDS-V2-1-2021-06,G075-09,M075,P0096,Manufacturer published guidance,Not published,Not published,Not published,Not published,"Once unpacked, please ensure the material is properly dried before print",Not published,Not published,Not published,p. 2: Packaging & Storage: drying,"Once unpacked, please ensure the material is properly dried before print, in order to avoid any printing issue.",unknown,Not applicable,Not applicable,unknown,unknown,Not applicable,Not applicable,unknown,unknown,Not applicable,Not applicable,unknown,unknown,stated,Not published,Not published,Not published,agrees,gap-fill,line,reader,reader-r1-59-c,batch-59.csv#341,1 setting(s) read from p. 2.
ready,D-RECREUS-PLA-PAGE,G001-188,M001,P1209,Manufacturer published guidance,200°C,60°C,PLA prints well in room temperature,Enclosure is not recommended for PLA,Not published,Not published,PEI sheet works excellent; Glass bed with proper cleaning; Textured surfaces for better adhesion; Clean surface with IPA before printing,Not published,p. 1: Temperature for 0.4mm nozzle; p. 1: Bed Temperature First Layer; p. 1: Build Surface Recommendations; p. 1: Temperature Control Tips; p. 1: Temperature Control Tips,Nozzle Layer Height Line Width Volumetric Speed Temperature | 0.4mm 0.2mm 0.42mm 12.0 mm³/s 200°C | Bed Temperature: | First Layer: 60°C | PEI sheet works excellent | Glass bed with proper cleaning | Textured surfaces for better adhesion | Clean surface with IPA before printing | Enclosure is not recommended for PLA | PLA prints well in room temperature,range,200,200,required,range,60,60,required,ambient,Not applicable,Not applicable,required,recommended,unknown,Not applicable,Not applicable,Not published,agrees,gap-fill,line,reader,reader-r1-59-c,batch-59.csv#378 batch-59.csv#410 batch-59.csv#414 batch-59.csv#423 batch-59.csv#424,5 setting(s) read from p. 1.
ready,X-RECREUS-PET-G-TDS-2023,G020-70,M020,P1239,Manufacturer published guidance,230 - 260ºC,40-70ºC,Not published,Not published,Not published,0.1-0.4 mm or higher,Not published,Not published,p. 2: Printing temperatures; p. 2: Hot-bed temperature; p. 2: Minimal nozzle diameter,Printing temperatures | 230 - 260ºC | Hot-bed temperature | 40-70ºC | Minimal nozzle diameter | 0.1-0.4 mm or higher,range,230,260,required,range,40,70,required,unknown,Not applicable,Not applicable,unknown,unknown,unknown,Not applicable,Not applicable,Not published,agrees,gap-fill,line,reader,reader-r1-59-c,batch-59.csv#549 batch-59.csv#551 batch-59.csv#553,3 setting(s) read from p. 2.
ready,S-SIDDAMENT-PRINT-20260928-6200f886fd3f,G029-07,M029,P1127,Manufacturer published guidance,240-260°C,90-110°C,Not published,Required,60-70°C / 6-8 hours,Not published,Not published,Hardened Nozzle: Required,p. 1: Hotend; p. 1: Heated Bed; p. 1: Enclosure; p. 1: Hardened Nozzle; p. 1: Drying,🌡️ Hotend 240-260°C ? | ♨️ Heated Bed 90-110°C | 🏠 Enclosure Required ? | 🛠️ Hardened Nozzle Required ? | 💨 Drying 60-70°C / 6-8 hours ?,range,240,260,required,range,90,110,required,unknown,Not applicable,Not applicable,unknown,recommended,stated,70,8,TRUE,agrees,gap-fill,line,reader,reader-r1-61-b,batch-61.csv#231 batch-61.csv#232 batch-61.csv#233 batch-61.csv#234 batch-61.csv#235,5 setting(s) read from p. 1.
ready,D-SIRAYA-TECH-PRINT-20260928-2a59ac01371f,G069-02,M069,P1146,Manufacturer published guidance,280-300°C,70-80°C,Not published,Use an enclosure to maintain consistent temperature and reduce potential warping especially for larger prints,Dry in oven at 80-100°C for 4-6 hours,0.4-1.0mm,PEI sheet or PVP glue coating,harden steel nozzle is not needed,p. 1: Preparing for Printing; p. 1: Preparing for Printing; p. 1: Hardware Requirements - Nozzle; p. 1: Hardware Requirements - Nozzle Diameter; p. 1: Nozzle Temperature; p. 1: Bed Temperature; p. 1: Storage,"Ensure proper bed adhesion using a PEI sheet or PVP glue coating to prevent warping. | Use an enclosure to maintain consistent temperature and reduce potential warping, especially for larger prints. | Nozzle: High quality metal nozzle, harden steel nozzle is not needed; | Nozzle Diameter: 0.4-1.0mm; | Nozzle Temperature 280-300°C | Bed Temperature 70-80°C | Dry in oven at 80-100°C for 4-6 hours",range,280,300,required,range,70,80,required,unknown,Not applicable,Not applicable,unknown,recommended,stated,100,6,FALSE,agrees,gap-fill,line,reader,reader-r1-61-c,batch-61.csv#633 batch-61.csv#634 batch-61.csv#636 batch-61.csv#637 batch-61.csv#639 batch-61.csv#640 batch-61.csv#648,7 setting(s) read from p. 1.
ready,D-SIRAYA-TECH-PRINT-20260928-9c9cd82ced8e,G045-10,M045,P1031,Manufacturer published guidance,230-260°C,60-100°C.,Not published,Recommended,Use a dedicated filament dryer or convection oven at 70-75°C for 4-6 hours,≥ 0.2 mm (≥ 0.4mm is recommended for ease of use),"Glass, PEI Film, or PC Film",Not published,p. 1: Drying; p. 1: Nozzle; p. 1: Enclosure; p. 1: Build Surface; p. 1: Nozzle Temp; p. 1: Build Plate Temp,"Dry the filament thoroughly before every print. Use a dedicated filament dryer or convection oven at 70-75°C for 4-6 hours. | Nozzle ≥ 0.2 mm (≥ 0.4mm is recommended for ease of use) | Enclosure Recommended | Build Surface Glass, PEI Film, or PC Film | Nozzle Temp 230-260°C | Build Plate Temp 60-100°C.",range,230,260,required,range,60,100,required,unknown,Not applicable,Not applicable,unknown,recommended,stated,75,6,Not published,agrees,gap-fill,line,reader,reader-r1-61-c,batch-61.csv#670 batch-61.csv#671 batch-61.csv#672 batch-61.csv#674 batch-61.csv#677 batch-61.csv#678,6 setting(s) read from p. 1.
ready,D-SIRAYA-TECH-PRINT-20260928-ecad245ccb7b,G045-09,M045,P1017,Manufacturer published guidance,230°C - 270°C,60°C - 100°C,Not published,Not published,"70°C - 75°C, 4-6 hours",0.4mm or 0.6mm,"Glass, PEI Film, or PC Film",Not published,p. 1: Dry Steps; p. 1: Nozzle Temperature; p. 1: Nozzle Diameter; p. 1: Bed Temperature; p. 1: Build Surface,"Dry Steps  Put the filament in a dedicated dryer or convection oven. Dry 4-6 hours at 70°C - 75°C before printing. | Nozzle Temperature  230°C - 270°C  Check the following table to see how temperature affects hardness and foaming. | Nozzle Diameter  0.4mm or 0.6mm  A 0.6mm nozzle is recommended to achieve the best foaming effect and most consistent results. | Bed Temperature  60°C - 100°C  Hot beds are crucial for preventing warping and improving adhesion, especially for larger prints. | Build Surface  Glass, PEI Film, or PC Film  Ensure your build surface is clean. For PEI, a release agent like a glue stick is advised to prevent bonding too strongly.",range,230,270,required,range,60,100,required,unknown,Not applicable,Not applicable,unknown,unknown,stated,75,6,Not published,agrees,gap-fill,line,reader,reader-r1-62,batch-62.csv#30 batch-62.csv#32 batch-62.csv#33 batch-62.csv#34 batch-62.csv#43,5 setting(s) read from p. 1.
ready,R-SIRAYA-COVERAGE-20260930-c2563ad36bc5,G151-01,M151,P0994,Manufacturer published guidance,220 - 250°C,40 - 60°C,Not published,Not published,"Dry at 50-60°C for 6+ hours before printing., 6 h",0.4mm or larger,Not published,Hardened Steel / Ruby / Tungsten Carbide (0.4mm or larger),p. 1: Nozzle Requirement; p. 1: Nozzle Requirement; p. 1: Printing Temperature; p. 1: Bed Temperature; p. 1: Method,Nozzle Requirement: Hardened Steel / Ruby / Tungsten Carbide (0.4mm or larger) | Printing Temperature: 220 - 250°C | Bed Temperature: 40 - 60°C | Method: Dry at 50-60°C for 6+ hours before printing.,range,220,250,required,range,40,60,required,unknown,Not applicable,Not applicable,unknown,unknown,stated,60,6,TRUE,agrees,gap-fill,line,reader,reader-r1-62,batch-62.csv#86 batch-62.csv#87 batch-62.csv#88 batch-62.csv#89 batch-62.csv#92,5 setting(s) read from p. 1.
ready,D-SPECTRUM-PLA-NATURE-PAGE,G001-141,M001,P0001,Manufacturer published guidance,185-230°C,0-50°C,Not published,not necessary,No,Not published,"not necessary (for increased adhesion or to prevent warping: Dimafix, 3DLac, Magigoo)",Ruby or hardened nozzle recommended: No,p. 1: Nozzle temperature [°C]; p. 1: Bed temperature [°C]; p. 1: Enclosure; p. 1: Drybox recommended; p. 1: Ruby or hardened nozzle recommended; p. 1: Adhesive,"Nozzle temperature [°C] | 185-230°C | Bed temperature [°C] | 0-50°C | Enclosure | not necessary | Drybox recommended | No | Ruby or hardened nozzle recommended | Adhesive | not necessary (for increased adhesion or to prevent warping: Dimafix, 3DLac, Magigoo)",range,185,230,required,range,0,50,required,unknown,Not applicable,Not applicable,unknown,not-needed,stated,Not published,Not published,FALSE,agrees,gap-fill,line,reader,reader-r1-62,batch-62.csv#106 batch-62.csv#107 batch-62.csv#110 batch-62.csv#111 batch-62.csv#112 batch-62.csv#113,6 setting(s) read from p. 1.
ready,D-SPECTRUM-PLA-STONE-PAGE,G012-07,M012,P0012,Manufacturer published guidance,185-230°C,0-50°C,Not published,not necessary,No,printing nozzles with diameters of 0.4mm or more,"not necessary (for increased adhesion or to prevent warping: Dimafix, 3DLac, Magigoo)",Ruby or hardened nozzle recommended: No,p. 1: Tip; p. 1: Nozzle temperature [°C]; p. 1: Bed temperature [°C]; p. 1: Enclosure; p. 1: Drybox recommended; p. 1: Ruby or hardened nozzle recommended; p. 1: Adhesive,"A major aspect is the use of printing nozzles with diameters of 0.4mm or more. | Nozzle temperature [°C] | 185-230°C | Bed temperature [°C] | 0-50°C | Enclosure | not necessary | Drybox recommended | No | Ruby or hardened nozzle recommended | Adhesive | not necessary (for increased adhesion or to prevent warping: Dimafix, 3DLac, Magigoo)",range,185,230,required,range,0,50,required,unknown,Not applicable,Not applicable,unknown,not-needed,stated,Not published,Not published,FALSE,agrees,gap-fill,line,reader,reader-r1-62,batch-62.csv#117 batch-62.csv#118 batch-62.csv#119 batch-62.csv#122 batch-62.csv#123 batch-62.csv#124 batch-62.csv#125,7 setting(s) read from p. 1.
ready,S-SPECTRUM-de-tds-spectrum-pla-stone-age,G012-07,M012,P0012,Manufacturer published guidance,185-225°C,0-45°C,Not published,Not published,nicht notwendig,≥ 0.4 mm,Not published,Not published,p. 1: Druckkopftemperatur; p. 1: Heizbetttemperatur; p. 1: Filament Trockner; p. 1: Empfohlene Düse,"Druckkopftemperatur 185-225°C | Heizbetttemperatur 0-45°C | Filament Trockner nicht notwendig | Empfohlene Düse ≥ 0.4 mm | * Einstellungen basieren auf einer Düse mit dem Durchmesser von 0,4 mm",range,185,225,required,range,0,45,required,unknown,Not applicable,Not applicable,unknown,unknown,stated,Not published,Not published,Not published,agrees,gap-fill,line,reader,reader-r1-62,batch-62.csv#140 batch-62.csv#141 batch-62.csv#147 batch-62.csv#149,4 setting(s) read from p. 1.
ready,S-SPECTRUM-pl-tds-spectrum-high-speed,G001-05,M001,P0179,Manufacturer published guidance,190 - 215°C,0 - 60°C,Not published,Not published,niewymagane,"0,4 mm",Not published,Not published,"p. 1: Temperatura dyszy - druk standardowy; p. 1: Temperatura stołu; p. 1: Suszarka do filamentu; p. 1: * ustawienia oparto na dyszy o średnicy 0,4 mm","Temperatura dyszy - druk standardowy 190 - 215°C | Temperatura stołu 0 - 60°C | Suszarka do filamentu niewymagane | * ustawienia oparto na dyszy o średnicy 0,4 mm",range,190,215,required,range,0,60,required,unknown,Not applicable,Not applicable,unknown,unknown,stated,Not published,Not published,Not published,agrees,gap-fill,line,reader,reader-r1-65-c,batch-65.csv#93 batch-65.csv#95 batch-65.csv#101 batch-65.csv#103,4 setting(s) read from p. 1.
ready,S-SPECTRUM-pl-tds-spectrum-petg-carbon,G024-03,M024,P0178,Manufacturer published guidance,230-255°C,60-80°C,Not published,Not published,niewymagane,"0,4 mm",Not published,Not published,"p. 1: Temperatura dyszy; p. 1: Temperatura stołu; p. 1: Suszarka do filamentu; p. 1: * ustawienia oparto na dyszy o średnicy 0,4 mm","Temperatura dyszy 230-255°C | Temperatura stołu 60-80°C | Suszarka do filamentu niewymagane | * ustawienia oparto na dyszy o średnicy 0,4 mm",range,230,255,required,range,60,80,required,unknown,Not applicable,Not applicable,unknown,unknown,stated,Not published,Not published,Not published,agrees,gap-fill,line,reader,reader-r1-65-c,batch-65.csv#116 batch-65.csv#117 batch-65.csv#123 batch-65.csv#125,4 setting(s) read from p. 1.
ready,S-SPECTRUM-pl-tds-spectrum-petg-frv0,G020-05,M020,P0176,Manufacturer published guidance,230-255°C,60-80°C,Not published,Not published,niewymagane,"0,4 mm",Not published,Not published,"p. 1: Temperatura dyszy; p. 1: Temperatura stołu; p. 1: Suszarka do filamentu; p. 1: * ustawienia oparto na dyszy o średnicy 0,4 mm","Temperatura dyszy 230-255°C | Temperatura stołu 60-80°C | Suszarka do filamentu niewymagane | * ustawienia oparto na dyszy o średnicy 0,4 mm",range,230,255,required,range,60,80,required,unknown,Not applicable,Not applicable,unknown,unknown,stated,Not published,Not published,Not published,agrees,gap-fill,line,reader,reader-r1-65-c,batch-65.csv#147 batch-65.csv#148 batch-65.csv#154 batch-65.csv#156,4 setting(s) read from p. 1.
ready,S-SPECTRUM-pl-tds-spectrum-pla-nature,G001-141,M001,P0001,Manufacturer published guidance,185-215°C,0-45°C,Not published,Not published,niewymagane,"0,4 mm",Not published,Not published,"p. 1: Temperatura dyszy; p. 1: Temperatura stołu; p. 1: Suszarka do filamentu; p. 1: * ustawienia oparto na dyszy o średnicy 0,4 mm","Temperatura dyszy 185-215°C | Temperatura stołu 0-45°C | Suszarka do filamentu niewymagane | * ustawienia oparto na dyszy o średnicy 0,4 mm",range,185,215,required,range,0,45,required,unknown,Not applicable,Not applicable,unknown,unknown,stated,Not published,Not published,Not published,agrees,gap-fill,line,reader,reader-r1-65-c,batch-65.csv#173 batch-65.csv#174 batch-65.csv#180 batch-65.csv#182,4 setting(s) read from p. 1.
ready,S-SPECTRUM-pl-tds-spectrum-rpla,G001-10,M001,P0206,Manufacturer published guidance,190-215°C,40-50°C,Not published,Not published,niewymagane,"0,4 mm",Not published,Not published,"p. 1: Temperatura dyszy; p. 1: Temperatura stołu; p. 1: Suszarka do filamentu; p. 1: * ustawienia oparto na dyszy o średnicy 0,4 mm","Temperatura dyszy 190-215°C | Temperatura stołu 40-50°C | Suszarka do filamentu niewymagane | * ustawienia oparto na dyszy o średnicy 0,4 mm",range,190,215,required,range,40,50,required,unknown,Not applicable,Not applicable,unknown,unknown,stated,Not published,Not published,Not published,agrees,gap-fill,line,reader,reader-r1-65-c,batch-65.csv#197 batch-65.csv#198 batch-65.csv#204 batch-65.csv#206,4 setting(s) read from p. 1.
ready,R-STRATASYS-mds-fdm-asa-0826a,G031-33,M031,P0038,Manufacturer published guidance,Not published,Not published,Not published,Not published,Not published,Not published,"F123 Standard Build Trays; F770/F870 Build Sheets 0.38 x 762 x 1,041 mm (0.015 x 30 x 41 in.); Fortus Low Temperature Build Sheets 0.51 x 660 x 965 mm and 0.51 x 406 x 470 mm; F3300 Low Temperature Build Sheets 0.51 x 660 x 711 mm",Standard Fortus 450mc head or hardened Fortus 450mc head (requires hardened system upgrade),p. 3: Build Sheet; p. 4: Fortus 450mc system requirement,"F123 Standard Build Trays | F770/F870 Build Sheets • 0.38 x 762 x 1,041 mm (0.015 x 30 x 41 in.) | Fortus Low Temperature Build Sheets • 0.51 x 660 x 965 mm (0.02 x 26 x 38 in.) • 0.51 x 406 x 470 mm (0.02 x 16 x 18.5 in.) | F3300 Low Temperature Build Sheets • 0.51 x 660 x 711 mm (0.02 x 26 x 28 in.) | Fortus 450mc | Standard Fortus 450mc head or hardened Fortus 450mc head (requires hardened system upgrade)",unknown,Not applicable,Not applicable,unknown,unknown,Not applicable,Not applicable,unknown,unknown,Not applicable,Not applicable,unknown,unknown,unknown,Not applicable,Not applicable,TRUE,agrees,gap-fill,line+block,reader,reader-r1-66-c,batch-66.csv#139 batch-66.csv#141,"2 setting(s) read from p. 3, p. 4."
ready,R-STRATASYS-mds-fdm-pa6-66-gf30-fr-0726a,G051-11,M051,P0066,Manufacturer published guidance,Not published,Not published,Not published,Not published,Not published,Not published,Fortus Nylon Build Sheets 0.51 x 660 x 965 mm (0.02 x 26 x 38 in.) and 0.51 x 406 x 470 mm (0.02 x 16 x 18.5 in.),Hardened machine upgrade; Hardened Fortus 450mc head,p. 3: Build Sheet; p. 3: System Requirements Fortus 450mc,Fortus Nylon Build Sheets | 0.51 x 660 x 965 mm (0.02 x 26 x 38 in.) | 0.51 x 406 x 470 mm (0.02 x 16 x 18.5 in.) | Fortus 450mc | Hardened machine upgrade | Hardened Fortus 450mc head,unknown,Not applicable,Not applicable,unknown,unknown,Not applicable,Not applicable,unknown,unknown,Not applicable,Not applicable,unknown,unknown,unknown,Not applicable,Not applicable,TRUE,agrees,gap-fill,line,reader,reader-r1-66-c,batch-66.csv#234 batch-66.csv#235,2 setting(s) read from p. 3.
ready,D-SUNLU-TPU-95A-PAGE,G039-19,M161,P0425,Manufacturer published guidance,190-210℃/50-80mm/s,50-60℃,Not published,Not published,Not published,Not published,Not published,Not published,p. 1: Nozzle Temperature & Print Speed; p. 1: Bed Temperature,Nozzle Temperature & Print Speed  190-210℃/50-80mm/s 210-230℃/80-120mm/s | Bed Temperature  50-60℃,range,190,210,required,range,50,60,required,unknown,Not applicable,Not applicable,unknown,unknown,unknown,Not applicable,Not applicable,Not published,agrees,gap-fill,line,reader,reader-r1-67-c,batch-67.csv#289 batch-67.csv#293,2 setting(s) read from p. 1.
ready,D-SUNLU-TPU-TDS-2024-06,G039-19,M161,P0425,Manufacturer published guidance,190-210 ℃ / 50-80 mm/s,50-60℃,室温,Not published,50℃,Not published,常规,Not published,p. 2: 喷嘴打印温度 Nozzle Print Temp.; p. 2: 打印平台温度 Print Platform Temp.; p. 2: 打印平台材料 Print Platform Material; p. 2: 环境温度 Room Temp.; p. 2: 烘干温度 Drying Temp.,喷嘴打印温度 Nozzle Print Temp. | 190-210 | 50-80 | 打印平台温度 Print Platform Temp. 50-60℃ | 打印平台材料 Print Platform Material 常规 | 环境温度 Room Temp. 室温 | 烘干温度 Drying Temp. 50℃,range,190,210,required,range,50,60,required,unknown,Not applicable,Not applicable,required,unknown,stated,50,Not published,Not published,agrees,gap-fill,line,reader,reader-r1-67-c,batch-67.csv#329 batch-67.csv#333 batch-67.csv#334 batch-67.csv#340 batch-67.csv#342,5 setting(s) read from p. 2.
ready,R-SUNLU-COVERAGE-20261001-73edc6fa27c1,G039-18,M160,P0401,Manufacturer published guidance,220-240℃,30-60℃,Not published,Not published,Not published,Not published,Not published,Not published,p. 1: Nozzle Temperature & Print Speed; p. 1: Bed Temperature,Nozzle Temperature & Print Speed  220-240℃/≤40mm/s | Bed Temperature  30-60℃,range,220,240,required,range,30,60,required,unknown,Not applicable,Not applicable,unknown,unknown,unknown,Not applicable,Not applicable,Not published,agrees,gap-fill,line,reader,reader-r1-69-c,batch-69.csv#401 batch-69.csv#403,2 setting(s) read from p. 1.
ready,R-ULTIMAKER-MakerBot-Nylon-092020,G164-05,M164,P1170,Manufacturer published guidance,Not published,Not published,Print real ABS with 100 C Heated Chamber.,Not published,Not published,Not published,Not published,Not published,p. 2: METHOD heated chamber,Print real ABS with 100 C Heated Chamber.,unknown,Not applicable,Not applicable,unknown,unknown,Not applicable,Not applicable,unknown,range,100,100,required,unknown,unknown,Not applicable,Not applicable,Not published,agrees,gap-fill,line,reader,reader-r1-71-c,batch-71.csv#288,1 setting(s) read from p. 2.
ready,R-ULTIMAKER-MAKERBOT-MakerBot-Precision-ASA-3-092020,G031-21,M031,P0038,Manufacturer published guidance,Not published,Not published,Print real ABS with 100 C Heated Chamber.,Not published,Not published,Not published,Not published,Not published,p. 2: METHOD heated chamber,Print real ABS with 100 C Heated Chamber.,unknown,Not applicable,Not applicable,unknown,unknown,Not applicable,Not applicable,unknown,range,100,100,required,unknown,unknown,Not applicable,Not applicable,Not published,agrees,gap-fill,line,reader,reader-r1-71-c,batch-71.csv#310,1 setting(s) read from p. 2.
ready,R-ULTIMAKER-MAKERBOT-Tough-One-Sheet,G027-21,M027,P0032,Manufacturer published guidance,215°C,Not published,Not published,Not published,Not published,Not published,Not published,Not published,p. 2: Nozzle Temp,Nozzle Temp 419°F 215°C,range,215,215,required,unknown,Not applicable,Not applicable,unknown,unknown,Not applicable,Not applicable,unknown,unknown,unknown,Not applicable,Not applicable,Not published,agrees,gap-fill,line,reader,reader-r1-71-c,batch-71.csv#335,1 setting(s) read from p. 2.
ready,R-ULTIMAKER-Method-Filament-PETG,G020-60,M020,P0021,Manufacturer published guidance,230 °C,Not published,Not published,Not published,Not published,Not published,apply a layer of glue to the build plate before printing,Not published,p. 1: Default printing temperature; p. 1: Build plate adhesion,"The default printing temperature is 230 °C. | Method PETG ships with a glue stick included in the box. To ensure optimal adhesion of PETG, it is recommended to apply a layer of glue to the build plate before printing.",range,230,230,required,unknown,Not applicable,Not applicable,unknown,unknown,Not applicable,Not applicable,unknown,unknown,unknown,Not applicable,Not applicable,Not published,agrees,gap-fill,line,reader,reader-r1-71-c,batch-71.csv#346 batch-71.csv#347,2 setting(s) read from p. 1.
ready,R-YOUSU-PRINT-20260928-1a7852d7c84a,G087-03,M087,P1270,Manufacturer published guidance,180 °C - 195 °C,40-60 °C,Not published,Not published,Not published,Not published,Not published,Not published,p. 1: Hot-end temperature; p. 1: Heated-bed temperature,Hot-end temperature  180 °C - 195 °C | Heated-bed temperature  40-60 °C,range,180,195,required,range,40,60,required,unknown,Not applicable,Not applicable,unknown,unknown,unknown,Not applicable,Not applicable,Not published,agrees,gap-fill,line,single-product,reader-r1-71-c,batch-71.csv#379 batch-71.csv#380,2 setting(s) read from p. 1.
