gate,table,id,column,expect,value,source,quote,note,parsed_vs_read,cause,quote_view,grade_from,reader,rows,GradeID
ready,profiles,P0597,Plate,Not published,Carbon fiber / glass / pei sheet,R-3D4MAKERS-TDS-ABS-Kevlar-filament-3D4Makers-V1,Bed Adhesion Carbon fiber / glass / pei sheet | PRINT RECOMMENDATIONS,"p. 1, ""Bed Adhesion"": the page prints ""Carbon fiber / glass / pei sheet"" (reader reader-r1-01, text).",agrees,gap-fill,line,reader,reader-r1-01,batch-01.csv#136,G106-02
ready,profiles,P0645,Plate,Not published,PEI Sheet / Glass,R-3D4MAKERS-TDS-Facilan-HT-ElogioAM-v1-4,Bed Adhesion PEI Sheet / Glass | PRINT RECOMMENDATIONS,"p. 1, ""Bed Adhesion"": the page prints ""PEI Sheet / Glass"" (reader reader-r1-01, text).",agrees,gap-fill,line,reader,reader-r1-01,batch-01.csv#154,G066-06
ready,profiles,P1000,Plate,Not published,Smoothpaper / PEI Sheet,R-3D4MAKERS-TDS-Facilan-PCL100-filament-V1-4,Bed Adhesion Smoothpaper / PEI Sheet | PRINT RECOMMENDATIONS,"p. 1, ""Bed Adhesion"": the page prints ""Smoothpaper / PEI Sheet"" (reader reader-r1-01, text).",agrees,gap-fill,line,reader,reader-r1-01,batch-01.csv#178,G149-02
ready,profiles,P0877,Nozzle diameter,Not published,0.4mm,R-3DJAKE-3DJAKE-ANYCUBIC-TDS-PLA-silk-V3-0,"*Based on a 0.4mm nozzle, printing conditions may vary with different nozzle diameters","p. 2, ""Based on a 0.4mm nozzle"": the page prints ""0.4mm"" (reader reader-r1-01, text).",agrees,gap-fill,line,reader,reader-r1-01,batch-01.csv#329,G008-17
ready,profiles,P0869,Abrasion / clogging,Not published,slightly more abrasive than standard PLA; be prepared to replace your nozzle ... or upgrade to a wear-resistant nozzle,R-3DJAKE-3DJAKE-TDS-Original-CarbonFiber-PLA-1-0-1,This filament is slightly more abrasive than standard PLA. Be prepared to replace your nozzle and do 1st layer adjustment after prolonged use or upgrade to a wear-resistant nozzle for less maintenance.,"p. 1, ""Description"": the page prints ""slightly more abrasive than standard PLA; be prepared to replace your nozzle ... or upgrade to a wear-resistant nozzle"" (reader reader-r1-01, text).",agrees,gap-fill,line,reader,reader-r1-01,batch-01.csv#513,G018-15
ready,profiles,P0082,Nozzle diameter,Not published,Minimum 0.4mm,X-3DXSTAT-ESD-PA12-TDS-v1,Recommended Nozzle Diameter: Minimum 0.4mm,"p. 1, ""Recommended Nozzle Diameter"": the page prints ""Minimum 0.4mm"" (reader reader-r1-02, text).",agrees,gap-fill,line,reader,reader-r1-02,batch-02.csv#12,G064-01
ready,profiles,P1169,Nozzle diameter,Not published,0.2mm or larger,X-ECOMAX-wearx-tds-FW-PA6-Copolymer-v1-0,Nozzle: 0.2mm or larger,"p. 1, ""Nozzle"": the page prints ""0.2mm or larger"" (reader reader-r1-02, text).",agrees,gap-fill,line,reader,reader-r1-02,batch-02.csv#219,G049-09
ready,profiles,P1229,Plate,Not published,"Blue tape, Kapton tape, Glass bed",R-3DJAKE-SILK-TDS-4,"Build platform: Blue tape, Kapton tape, Glass bed","p. 1, ""Build platform"": the page prints ""Blue tape, Kapton tape, Glass bed"" (reader reader-r1-02, text).",agrees,gap-fill,line,reader,reader-r1-02,batch-02.csv#310,G008-33
ready,profiles,P1193,Plate,Not published,"PEI, PI or glue",R-BASF-Ultrafuse-TPS-90A-TDS-EN-v1-1,"Bed Material PEI, PI or glue","p. 2, ""Bed Material"": the page prints ""PEI, PI or glue"" (reader reader-r1-03, text).",agrees,gap-fill,line,reader,reader-r1-03,batch-03.csv#350,G170-02
ready,profiles,P1152,Plate,Not published,Glass,S-BVOH-ULTRAFUSE-TDS-v1-3,Bed Material Glass,"p. 2, ""Bed Material"": the page prints ""Glass"" (reader reader-r1-03, text).",agrees,gap-fill,line,reader,reader-r1-03,batch-03.csv#454,G076-02
ready,profiles,P1152,Nozzle diameter,Not published,≥ 0.4 mm,S-BVOH-ULTRAFUSE-TDS-v1-3,Nozzle Diameter ≥ 0.4 mm,"p. 2, ""Nozzle Diameter"": the page prints ""≥ 0.4 mm"" (reader reader-r1-03, text).",agrees,gap-fill,line,reader,reader-r1-03,batch-03.csv#455,G076-02
ready,profiles,P0059,Plate,Not published,PP adhesive,S-TPC,Bed Material PP adhesive,"p. 2, ""Bed Material"": the page prints ""PP adhesive"" (reader reader-r1-03, text).",agrees,gap-fill,line,single-product,reader-r1-03,batch-03.csv#497,G046-01
ready,profiles,P0097,Plate,Not published,"Kapton (additional adhesion using glue, e.g. Magigoo)",S-BVOH,"Surface Adhesion | Kapton (additional adhesion using glue, e.g. Magigoo)","p. 2, ""Surface Adhesion"": the page prints ""Kapton (additional adhesion using glue, e.g. Magigoo)"" (reader reader-r1-04, text).",agrees,gap-fill,line,reader,reader-r1-04,batch-04.csv#87,G076-01
ready,profiles,P1268,Plate,Not published,adhesion solution stick for glass-filled polyolefin filaments / Polyolefin adhesive solution,R-BRASKEM-FL300PE-PDS,"**Traditional bed adhesive solutions used for PLA and ABS (such as blue tape, glue sticks, hair spray) will not properly adhere PE to the built plate.","p. 1, ""Bed substrate (first layer)"": the page prints ""adhesion solution stick for glass-filled polyolefin filaments / Polyolefin adhesive solution"" (reader reader-r1-04, text).",agrees,gap-fill,line,reader,reader-r1-04,batch-04.csv#254,G085-02
ready,profiles,P0528,Nozzle diameter,Not published,0.4mm,R-COLORFABB-TDS-E-colorFabb-nGen-CF10,"The reported properties are an average of a batch of 3D printed specimens. The specimens have been printed in XY plane, using 0.15mm layerheight, 100% infill, 0.4mm nozzle, 230 °C nozzle temperature and 80 °C bed temperature.","p. 2, ""Notes"": the page prints ""0.4mm"" (reader reader-r1-05, text).",agrees,gap-fill,line,reader,reader-r1-05,batch-05.csv#60,G142-01
ready,profiles,P0495,Nozzle diameter,Not published,0.4 mm,R-COLORFABB-TDS-LW-PET,0.4 mm nozzle,"p. 2, ""Notes"": the page prints ""0.4 mm"" (reader reader-r1-05, text).",agrees,gap-fill,line,reader,reader-r1-05,batch-05.csv#98,G141-01
ready,profiles,P1356,Nozzle diameter,Not published,0.4 mm,R-COLORFABB-TDS-LW-PET,0.4 mm nozzle,"p. 2, ""Notes"": the page prints ""0.4 mm"" (reader reader-r1-05, text).",agrees,gap-fill,line,reader,reader-r1-05,batch-05.csv#98,G141-01
ready,profiles,P0508,Nozzle diameter,Not published,0.4 mm,R-COLORFABB-TDS-LW-PET-FLEX,0.4 mm nozzle,"p. 2, ""Notes"": the page prints ""0.4 mm"" (reader reader-r1-05, text).",agrees,gap-fill,line,reader,reader-r1-05,batch-05.csv#135,G141-02
ready,profiles,P1358,Nozzle diameter,Not published,0.4 mm,R-COLORFABB-TDS-LW-PET-FLEX,0.4 mm nozzle,"p. 2, ""Notes"": the page prints ""0.4 mm"" (reader reader-r1-05, text).",agrees,gap-fill,line,reader,reader-r1-05,batch-05.csv#135,G141-02
ready,profiles,P0499,Nozzle diameter,Not published,"0,4 mm",R-COLORFABB-TDS-nGen-CF10,"100% infill, 0,4 mm nozzle,","p. 2, ""Notes"": the page prints ""0,4 mm"" (reader reader-r1-05, text).",agrees,gap-fill,line,reader,reader-r1-05,batch-05.csv#162,G142-01
ready,profiles,P0505,Plate,Not published,Adhesion spray (3D lac),R-COLORFABB-TDS-PET-FLEX-MAX,Bed / surface modification | Adhesion spray (3D lac),"p. 2, ""Bed / surface modification"": the page prints ""Adhesion spray (3D lac)"" (reader reader-r1-05, visual-only).",agrees,gap-fill,pieces,reader,reader-r1-05,batch-05.csv#184,G066-05
ready,profiles,P0505,Nozzle diameter,Not published,"0,4 mm",R-COLORFABB-TDS-PET-FLEX-MAX,"100% infill, 0,4 mm nozzle,","p. 2, ""Notes"": the page prints ""0,4 mm"" (reader reader-r1-05, text).",agrees,gap-fill,line,reader,reader-r1-05,batch-05.csv#187,G066-05
ready,profiles,P0496,Plate,Not published,Adhesion spray (3D lac),R-COLORFABB-TDS-PET-HIGH-SPEED-PRO,Bed / surface modification Adhesion spray (3D lac),"p. 2, ""Bed / surface modification"": the page prints ""Adhesion spray (3D lac)"" (reader reader-r1-05, text).",agrees,gap-fill,line,reader,reader-r1-05,batch-05.csv#209,G066-03
ready,profiles,P0496,Nozzle diameter,Not published,"0,4 mm",R-COLORFABB-TDS-PET-HIGH-SPEED-PRO,"100% infill, 0,4 mm nozzle,","p. 2, ""Notes"": the page prints ""0,4 mm"" (reader reader-r1-05, text).",agrees,gap-fill,line,reader,reader-r1-05,batch-05.csv#212,G066-03
ready,profiles,P0504,Plate,Not published,Adhesion spray (3D lac),R-COLORFABB-TDS-PET-ULTRA-HIGH-SPEED,Bed / surface modification Adhesion spray (3D lac),"p. 2, ""Bed / surface modification"": the page prints ""Adhesion spray (3D lac)"" (reader reader-r1-05, text).",agrees,gap-fill,line,reader,reader-r1-05,batch-05.csv#234,G066-04
ready,profiles,P0504,Nozzle diameter,Not published,"0,4 mm",R-COLORFABB-TDS-PET-ULTRA-HIGH-SPEED,"100% infill, 0,4 mm nozzle,","p. 2, ""Notes"": the page prints ""0,4 mm"" (reader reader-r1-05, text).",agrees,gap-fill,line,reader,reader-r1-05,batch-05.csv#237,G066-04
ready,profiles,P0928,Nozzle diameter,Not published,"0,4 mm",R-COLORFABB-TDS-PLA-PHA,"100% infill, 0,4 mm nozzle,","p. 2, ""Notes"": the page prints ""0,4 mm"" (reader reader-r1-05, text).",agrees,gap-fill,line,reader,reader-r1-05,batch-05.csv#275,G145-01
ready,profiles,P0929,Plate,Not published,3D Printing Spray / PVP Glue Stick / Specialized Adhesive,R-FILAMENT2PRINT-CreatBot-PLA,Print bed surface treatment 3D Printing Spray / PVP Glue Stick / Specialized Adhesive,"p. 1, ""Print Bed Surface Treatment"": the page prints ""3D Printing Spray / PVP Glue Stick / Specialized Adhesive"" (reader reader-r1-05, text).",agrees,gap-fill,line,reader,reader-r1-05,batch-05.csv#360,G018-17
ready,profiles,P0512,Nozzle diameter,Not published,"0,4 mm",R-COLORFABB-TDS-E-ColorFabb-nGen-FLEX,"100% infill, 0,4 mm nozzle,","p. 2, ""Notes"": the page prints ""0,4 mm"" (reader reader-r1-05, text).",agrees,gap-fill,line,reader,reader-r1-05,batch-05.csv#481,G143-01
ready,profiles,P0428,Plate,Not published,"glass, PEI, spring steel plate",R-ERYONE-eryone-silk-pla-tds,"Bed material | glass, PEI, spring steel plate","p. 1, ""Bed material"": the page prints ""glass, PEI, spring steel plate"" (reader reader-r1-06, text).",agrees,gap-fill,line,reader,reader-r1-06,batch-06.csv#5,G008-06
ready,profiles,P0450,Plate,Not published,"glass, PEI, spring steel plate",R-ERYONE-eryone-pla-cf-tds,"Bed material | glass, PEI, spring steel plate","p. 1, ""Bed material"": the page prints ""glass, PEI, spring steel plate"" (reader reader-r1-06, text).",agrees,gap-fill,line,reader,reader-r1-06,batch-06.csv#33,G018-09
ready,profiles,P1222,Plate,Not published,"glass, PEI, spring steel plate",R-ERYONE-eryone-silk-pla-dual-color-tds,"Bed material | glass, PEI, spring steel plate","p. 1, ""Bed material"": the page prints ""glass, PEI, spring steel plate"" (reader reader-r1-06, text).",agrees,gap-fill,line,reader,reader-r1-06,batch-06.csv#61,G008-23
ready,profiles,P0433,Plate,Not published,"glass, PEI, spring steel plate",R-ERYONE-eryone-hyper-speed-dual-color-silk-pla-tds,"Bed material | glass, PEI, spring steel plate","p. 1, ""Bed material"": the page prints ""glass, PEI, spring steel plate"" (reader reader-r1-06, text).",agrees,gap-fill,line,reader,reader-r1-06,batch-06.csv#89,G008-08
ready,profiles,P1221,Plate,Not published,"glass, PEI, spring steel plate",R-ERYONE-eryone-hyper-speed-triple-color-silk-pla-tds,"Bed material | glass, PEI, spring steel plate","p. 1, ""Bed material"": the page prints ""glass, PEI, spring steel plate"" (reader reader-r1-06, text).",agrees,gap-fill,line,reader,reader-r1-06,batch-06.csv#117,G008-22
ready,profiles,P1219,Plate,Not published,"glass, PEI, spring steel plate",R-ERYONE-eryone-silk-pla-tri-color-tds,"Bed material | glass, PEI, spring steel plate","p. 1, ""Bed material"": the page prints ""glass, PEI, spring steel plate"" (reader reader-r1-07, text).",agrees,gap-fill,line,reader,reader-r1-07,batch-07.csv#6,G008-20
ready,profiles,P0432,Plate,Not published,"glass, PEI, spring steel plate",R-ERYONE-eryone-silk-rainbow-pla-tds,"Bed material | glass, PEI, spring steel plate","p. 1, ""Bed material"": the page prints ""glass, PEI, spring steel plate"" (reader reader-r1-07, text).",agrees,gap-fill,line,reader,reader-r1-07,batch-07.csv#35,G008-07
ready,profiles,P1287,Abrasion / clogging,Not published,use a hardened steel nozzle,S-ESUN-PRINT-20260928-333834d1b9db,Printing Recommendation | Dry at70℃/>12h，use a hardened steel nozzle，enclosed-chamber printing,"p. 1, ""Printing Recommendation"": the page prints ""use a hardened steel nozzle"" (reader reader-r1-07, text).",agrees,gap-fill,line,reader,reader-r1-07,batch-07.csv#132,G156-01
ready,profiles,P1104,Plate,Not published,PEI,S-ESUN-PLA-Silk-TDS-2025-06-19,Build Platform Type | PEI,"p. 2, ""Build Platform Type"": the page prints ""PEI"" (reader reader-r1-07, text).",agrees,gap-fill,line,reader,reader-r1-07,batch-07.csv#177,G008-02
ready,profiles,P0663,Nozzle diameter,Not published,Based on 0.4 mm nozzle and Simplify 3D v.4.1.2. Printing conditions may vary with different nozzle diameters,S-PEBA-79f73c22-1,Based on 0.4 mm nozzle and Simplify 3D v.4.1.2. Printing conditions may vary with different nozzle diameters,"p. 2, ""Footnote"": the page prints ""Based on 0.4 mm nozzle and Simplify 3D v.4.1.2. Printing conditions may vary with different nozzle diameters"" (reader reader-r1-07, text).",agrees,gap-fill,line,reader,reader-r1-07,batch-07.csv#258,G008-12
ready,profiles,P0604,Nozzle diameter,Not published,Based on 0.4 mm nozzle and Simplify 3D v.4.1.2. Printing conditions may vary with different nozzle diameters,S-PEBA-ePLA-CF-TDS,Based on 0.4 mm nozzle and Simplify 3D v.4.1.2. Printing conditions may vary with different nozzle diameters,"p. 2, ""Footnote"": the page prints ""Based on 0.4 mm nozzle and Simplify 3D v.4.1.2. Printing conditions may vary with different nozzle diameters"" (reader reader-r1-07, text).",agrees,gap-fill,line,reader,reader-r1-07,batch-07.csv#286,G018-11
ready,profiles,P1029,Nozzle diameter,Not published,Based on 0.4 mm nozzle and Simplify 3D v.4.1.2. Printing conditions may vary with different nozzle diameters,S-PEBA-eSUN-ePA-CF-Filament-TDS-V4-0,Based on 0.4 mm nozzle and Simplify 3D v.4.1.2. Printing conditions may vary with different nozzle diameters,"p. 2, ""Footnote"": the page prints ""Based on 0.4 mm nozzle and Simplify 3D v.4.1.2. Printing conditions may vary with different nozzle diameters"" (reader reader-r1-07, text).",agrees,gap-fill,line,reader,reader-r1-07,batch-07.csv#314,G156-01
ready,profiles,P1029,Abrasion / clogging,Not published,It is recommended to use hardened steel nozzles or ruby nozzles.,S-PEBA-eSUN-ePA-CF-Filament-TDS-V4-0,3.ePA-CF is very easy to grind nozzles and extruder gears. It is recommended to use hardened steel nozzles or ruby nozzles.,"p. 2, ""Notes 3"": the page prints ""It is recommended to use hardened steel nozzles or ruby nozzles."" (reader reader-r1-07, text).",agrees,gap-fill,line,reader,reader-r1-07,batch-07.csv#319,G156-01
ready,profiles,P0599,Nozzle diameter,Not published,Based on 0.4 mm nozzle and Simplify 3D v.4.1.2. Printing conditions may vary with different nozzle diameters,S-PEBA-eSUN-ePA12-Filament-TDS-V4-0,Based on 0.4 mm nozzle and Simplify 3D v.4.1.2. Printing conditions may vary with different nozzle diameters,"p. 2, ""Footnote"": the page prints ""Based on 0.4 mm nozzle and Simplify 3D v.4.1.2. Printing conditions may vary with different nozzle diameters"" (reader reader-r1-07, text).",agrees,gap-fill,line,reader,reader-r1-07,batch-07.csv#345,G052-04
ready,profiles,P1226,Nozzle diameter,Not published,Based on 0.4 mm nozzle and Simplify 3D v.4.1.2. Printing conditions may vary with different nozzle diameters,S-PEBA-eSUN-ePLA-Silk-Magic-Filament-TDS-V4-02,Based on 0.4 mm nozzle and Simplify 3D v.4.1.2. Printing conditions may vary with different nozzle diameters,"p. 2, ""Footnote"": the page prints ""Based on 0.4 mm nozzle and Simplify 3D v.4.1.2. Printing conditions may vary with different nozzle diameters"" (reader reader-r1-07, text).",agrees,gap-fill,line,reader,reader-r1-07,batch-07.csv#373,G008-30
ready,profiles,P1227,Nozzle diameter,Not published,Based on 0.4 mm nozzle and Simplify 3D v.4.1.2. Printing conditions may vary with different nozzle diameters,S-PEBA-eSUN-ePLA-Silk-Mystic-Filament-TDS-V4-0,Based on 0.4 mm nozzle and Simplify 3D v.4.1.2. Printing conditions may vary with different nozzle diameters,"p. 2, ""Footnote"": the page prints ""Based on 0.4 mm nozzle and Simplify 3D v.4.1.2. Printing conditions may vary with different nozzle diameters"" (reader reader-r1-07, text).",agrees,gap-fill,line,reader,reader-r1-07,batch-07.csv#400,G008-31
ready,profiles,P0620,Nozzle diameter,Not published,Based on 0.4 mm nozzle and Simplify 3D v.4.1.2. Printing conditions may vary with different nozzle diameters,S-PEBA-eSUN-PLA-GF-Filament-TDS-V1-0-1,Based on 0.4 mm nozzle and Simplify 3D v.4.1.2. Printing conditions may vary with different nozzle diameters,"p. 2, ""Footnote"": the page prints ""Based on 0.4 mm nozzle and Simplify 3D v.4.1.2. Printing conditions may vary with different nozzle diameters"" (reader reader-r1-07, text).",agrees,gap-fill,line,reader,reader-r1-07,batch-07.csv#428,G019-03
ready,profiles,P1187,Nozzle diameter,Not published,Based on 0.4 mm nozzle and Simplify 3D v.4.1.2. Printing conditions may vary with different nozzle diameters,S-PEBA-eSUN-TPE-83A-Filament-TDS-V4-0,Based on 0.4 mm nozzle and Simplify 3D v.4.1.2. Printing conditions may vary with different nozzle diameters,"p. 2, ""Footnote"": the page prints ""Based on 0.4 mm nozzle and Simplify 3D v.4.1.2. Printing conditions may vary with different nozzle diameters"" (reader reader-r1-07, text).",agrees,gap-fill,line,reader,reader-r1-07,batch-07.csv#455,G167-10
ready,profiles,P0699,Plate,Not published,ALL,S-PEBA-TPU-64D-TDS,Build Platform Type | ALL,"p. 2, ""Build Platform Type"": the page prints ""ALL"" (reader reader-r1-07, text).",agrees,gap-fill,line,reader,reader-r1-07,batch-07.csv#496,G039-44
ready,profiles,P0991,Nozzle diameter,Not published,Based on Bambu P1S 0.4 mm nozzle and Orcaslicer2.10 Beta. Printing conditions may vary with different nozzle diameters,S-PEBA-TPU-LW-TDS-V1,Based on Bambu P1S 0.4 mm nozzle and Orcaslicer2.10 Beta. Printing conditions may vary with different nozzle diameters,"p. 2, ""nozzle_diameter"": the page prints ""Based on Bambu P1S 0.4 mm nozzle and Orcaslicer2.10 Beta. Printing conditions may vary with different nozzle diameters"" (reader reader-r1-08, text).",agrees,gap-fill,line,reader,reader-r1-08,batch-08.csv#23,G150-02
ready,profiles,P1307,Plate,Not published,Not required,D-EXTRUDR-FLEX-MEDIUM-MATT-PAGE,Surface preparation Not required,"p. 1, ""Surface preparation"": the page prints ""Not required"" (reader reader-r1-08, text).",agrees,gap-fill,line,reader,reader-r1-08,batch-08.csv#48,G039-14
ready,profiles,P1307,Nozzle diameter,Not published,Recommended settings for printers with a 0.4 mm nozzle. Max. 50% layer height. Optimal settings may vary between printers and are also dependent on environmental factors.,D-EXTRUDR-FLEX-MEDIUM-MATT-PAGE,Recommended settings for printers with a 0.4 mm nozzle. Max. 50% layer height. Optimal settings may vary between printers and are also dependent on environmental factors.,"p. 1, ""nozzle_diameter"": the page prints ""Recommended settings for printers with a 0.4 mm nozzle. Max. 50% layer height. Optimal settings may vary between printers and are also dependent on environmental factors."" (reader reader-r1-08, text).",agrees,gap-fill,line,reader,reader-r1-08,batch-08.csv#54,G039-14
ready,profiles,P0381,Plate,Not published,recommended,R-EXTRUDR-durapro-pa12-TDS-en,Adhesive recommended,"p. 2, ""Adhesive"": the page prints ""recommended"" (reader reader-r1-08, text).",agrees,gap-fill,line,reader,reader-r1-08,batch-08.csv#164,G052-02
ready,profiles,P0381,Nozzle diameter,Not published,Recommended settings for printers with a 0.4mm Nozzle. Max. 50% layerheight. Optimal print settings may vary between different printers and also depend on environmental factors.,R-EXTRUDR-durapro-pa12-TDS-en,Recommended settings for printers with a 0.4mm Nozzle. Max. 50% layerheight. Optimal print settings may vary between different printers and also depend on environmental factors.,"p. 2, ""nozzle_diameter"": the page prints ""Recommended settings for printers with a 0.4mm Nozzle. Max. 50% layerheight. Optimal print settings may vary between different printers and also depend on environmental factors."" (reader reader-r1-08, text).",agrees,gap-fill,line,reader,reader-r1-08,batch-08.csv#170,G052-02
ready,profiles,P0379,Plate,Not published,recommended,R-EXTRUDR-durapro-pc-pbt-cf-TDS-en,Adhesive recommended,"p. 2, ""Adhesive"": the page prints ""recommended"" (reader reader-r1-08, text).",agrees,gap-fill,line,reader,reader-r1-08,batch-08.csv#217,G131-01
ready,profiles,P0379,Nozzle diameter,Not published,a nozzle diameter of at least 0.6 mm should be used,R-EXTRUDR-durapro-pc-pbt-cf-TDS-en,"Additionally, a nozzle diameter of at least 0.6 mm should be used to prevent clogging and ensure smooth extrusion.","p. 2, ""nozzle_diameter"": the page prints ""a nozzle diameter of at least 0.6 mm should be used"" (reader reader-r1-08, text).",agrees,gap-fill,line,reader,reader-r1-08,batch-08.csv#224,G131-01
ready,profiles,P0772,Plate,Not published,recommended,R-EXTRUDR-durapro-pc-pbt-cf-TDS-en-3a6807,Adhesive recommended,"p. 2, ""Adhesive"": the page prints ""recommended"" (reader reader-r1-08, text).",agrees,gap-fill,line,reader,reader-r1-08,batch-08.csv#271,G131-01
ready,profiles,P0772,Nozzle diameter,Not published,Recommended settings for printers with a 0.5 mm Nozzle. Max. 50% layerheight. Optimal print settings may vary between different printers and also depend on environmental factors.,R-EXTRUDR-durapro-pc-pbt-cf-TDS-en-3a6807,Recommended settings for printers with a 0.5 mm Nozzle. Max. 50% layerheight. Optimal print settings may vary between different printers and also depend on environmental factors.,"p. 2, ""nozzle_diameter"": the page prints ""Recommended settings for printers with a 0.5 mm Nozzle. Max. 50% layerheight. Optimal print settings may vary between different printers and also depend on environmental factors."" (reader reader-r1-08, text).",agrees,gap-fill,line,reader,reader-r1-08,batch-08.csv#277,G131-01
ready,profiles,P1016,Plate,Not published,not required,R-EXTRUDR-flax-TDS-en,Adhesive not required,"p. 1, ""Adhesive"": the page prints ""not required"" (reader reader-r1-08, text).",agrees,gap-fill,line,reader,reader-r1-08,batch-08.csv#347,G152-01
ready,profiles,P0376,Plate,Not published,not required,R-EXTRUDR-flex-hard-cf-TDS-en,Adhesive not required,"p. 1, ""Adhesive"": the page prints ""not required"" (reader reader-r1-08, text).",agrees,gap-fill,line,reader,reader-r1-08,batch-08.csv#412,G129-02
ready,profiles,P0780,Plate,Not published,not required,R-EXTRUDR-flex-hard-cf-TDS-en-7bbe64,Adhesive not required,"p. 1, ""Adhesive"": the page prints ""not required"" (reader reader-r1-08, text).",agrees,gap-fill,line,reader,reader-r1-08,batch-08.csv#445,G129-02
ready,profiles,P0382,Plate,Not published,not required,R-EXTRUDR-flex-hard-TDS-en,Adhesive not required,"p. 1, ""Adhesive"": the page prints ""not required"" (reader reader-r1-08, text).",agrees,gap-fill,line,reader,reader-r1-08,batch-08.csv#479,G039-16
ready,profiles,P0797,Plate,Not published,not required,R-EXTRUDR-flex-hard-TDS-en-cbd667,Adhesive not required,"p. 1, ""Adhesive"": the page prints ""not required"" (reader reader-r1-08, text).",agrees,gap-fill,line,reader,reader-r1-08,batch-08.csv#513,G039-16
ready,profiles,P0393,Plate,Not published,not required,R-EXTRUDR-flex-medium-esd-TDS-en,Adhesive not required,"p. 1, ""Adhesive"": the page prints ""not required"" (reader reader-r1-08, text).",agrees,gap-fill,line,reader,reader-r1-08,batch-08.csv#569,G126-02
ready,profiles,P0807,Plate,Not published,not required,R-EXTRUDR-flex-medium-esd-TDS-en-eb4012,Adhesive not required,"p. 1, ""Adhesive"": the page prints ""not required"" (reader reader-r1-08, text).",agrees,gap-fill,line,reader,reader-r1-08,batch-08.csv#598,G126-02
ready,profiles,P0375,Plate,Not published,not required,R-EXTRUDR-flex-medium-matt-TDS-en,Adhesive not required,"p. 1, ""Adhesive"": the page prints ""not required"" (reader reader-r1-08, text).",agrees,gap-fill,line,reader,reader-r1-08,batch-08.csv#629,G039-14
ready,profiles,P0392,Plate,Not published,not required,R-EXTRUDR-flex-medium-TDS-en,Adhesive not required,"p. 1, ""Adhesive"": the page prints ""not required"" (reader reader-r1-08, text).",agrees,gap-fill,line,reader,reader-r1-08,batch-08.csv#664,G039-17
ready,profiles,P0800,Plate,Not published,not required,R-EXTRUDR-flex-medium-TDS-en-d2c5e4,Adhesive not required,"p. 1, ""Adhesive"": the page prints ""not required"" (reader reader-r1-08, text).",agrees,gap-fill,line,reader,reader-r1-08,batch-08.csv#698,G039-17
ready,profiles,P1174,Nozzle diameter,Not published,0.4mm,R-EXTRUDR-greentec-pro-TDS-en,Recommended settings for printers with a 0.4mm Nozzle.,"p. 1, ""Recommended settings for printers with a 0.4mm Nozzle"": the page prints ""0.4mm"" (reader reader-r1-09, text).",agrees,gap-fill,line,reader,reader-r1-09,batch-09.csv#53,G168-03
ready,profiles,P1175,Nozzle diameter,Not published,0.4mm,R-EXTRUDR-greentec-TDS-en,Recommended settings for printers with a 0.4mm Nozzle.,"p. 1, ""Recommended settings for printers with a 0.4mm Nozzle"": the page prints ""0.4mm"" (reader reader-r1-09, text).",agrees,gap-fill,line,reader,reader-r1-09,batch-09.csv#81,G168-04
ready,profiles,P0372,Nozzle diameter,Not published,0.4mm,R-EXTRUDR-pctg-TDS-en,Recommended settings for printers with a 0.4mm Nozzle.,"p. 1, ""Recommended settings for printers with a 0.4mm Nozzle"": the page prints ""0.4mm"" (reader reader-r1-09, text).",agrees,gap-fill,line,reader,reader-r1-09,batch-09.csv#138,G088-03
ready,profiles,P1308,Plate,Not published,Not required,R-EXTRUDR-PRINT-20260929-245381f760f8,Surface preparation Not required,"p. 1, ""Surface preparation"": the page prints ""Not required"" (reader reader-r1-09, text).",agrees,gap-fill,line,reader,reader-r1-09,batch-09.csv#202,G039-16
ready,profiles,P1308,Nozzle diameter,Not published,0.4 mm,R-EXTRUDR-PRINT-20260929-245381f760f8,Recommended settings for printers with a 0.4 mm nozzle.,"p. 1, ""Recommended settings for printers with a 0.4 mm nozzle"": the page prints ""0.4 mm"" (reader reader-r1-09, text).",agrees,gap-fill,line,reader,reader-r1-09,batch-09.csv#208,G039-16
ready,profiles,P1316,Plate,Not published,Not required,R-EXTRUDR-PRINT-20260929-ca0239ac2a92,Surface preparation Not required,"p. 1, ""Surface preparation"": the page prints ""Not required"" (reader reader-r1-09, text).",agrees,gap-fill,line,reader,reader-r1-09,batch-09.csv#242,G039-17
ready,profiles,P1316,Nozzle diameter,Not published,0.4 mm,R-EXTRUDR-PRINT-20260929-ca0239ac2a92,Recommended settings for printers with a 0.4 mm nozzle.,"p. 1, ""Recommended settings for printers with a 0.4 mm nozzle"": the page prints ""0.4 mm"" (reader reader-r1-09, text).",agrees,gap-fill,line,reader,reader-r1-09,batch-09.csv#248,G039-17
ready,profiles,P1309,Plate,Not published,Not required,R-EXTRUDR-PRINT-20260929-2cccd500d85c,Surface preparation Not required,"p. 1, ""Surface preparation"": the page prints ""Not required"" (reader reader-r1-09, text).",agrees,gap-fill,line,reader,reader-r1-09,batch-09.csv#282,G152-01
ready,profiles,P1309,Nozzle diameter,Not published,0.4 mm,R-EXTRUDR-PRINT-20260929-2cccd500d85c,Recommended settings for printers with a 0.4 mm nozzle.,"p. 1, ""Recommended settings for printers with a 0.4 mm nozzle"": the page prints ""0.4 mm"" (reader reader-r1-09, text).",agrees,gap-fill,line,reader,reader-r1-09,batch-09.csv#287,G152-01
ready,profiles,P1310,Plate,Not published,Not required,R-EXTRUDR-PRINT-20260929-3793d04515ce,Surface preparation Not required,"p. 1, ""Surface preparation"": the page prints ""Not required"" (reader reader-r1-09, text).",agrees,gap-fill,line,reader,reader-r1-09,batch-09.csv#326,G126-02
ready,profiles,P1310,Nozzle diameter,Not published,0.4 mm,R-EXTRUDR-PRINT-20260929-3793d04515ce,Recommended settings for printers with a 0.4 mm nozzle.,"p. 1, ""Recommended settings for printers with a 0.4 mm nozzle"": the page prints ""0.4 mm"" (reader reader-r1-09, text).",agrees,gap-fill,line,reader,reader-r1-09,batch-09.csv#332,G126-02
ready,profiles,P1314,Plate,Not published,Not required,R-EXTRUDR-PRINT-20260929-af22746e0274,Surface preparation Not required,"p. 1, ""Surface preparation"": the page prints ""Not required"" (reader reader-r1-09, text).",agrees,gap-fill,line,reader,reader-r1-09,batch-09.csv#365,G018-07
ready,profiles,P1314,Nozzle diameter,Not published,0.4 mm,R-EXTRUDR-PRINT-20260929-af22746e0274,Recommended settings for printers with a 0.4 mm nozzle.,"p. 1, ""Recommended settings for printers with a 0.4 mm nozzle"": the page prints ""0.4 mm"" (reader reader-r1-09, text).",agrees,gap-fill,line,reader,reader-r1-09,batch-09.csv#371,G018-07
ready,profiles,P1311,Plate,Not published,Not required,R-EXTRUDR-PRINT-20260929-463457967aab,Surface preparation Not required,"p. 1, ""Surface preparation"": the page prints ""Not required"" (reader reader-r1-09, text).",agrees,gap-fill,line,reader,reader-r1-09,batch-09.csv#409,G169-01
ready,profiles,P1311,Nozzle diameter,Not published,0.4 mm,R-EXTRUDR-PRINT-20260929-463457967aab,Recommended settings for printers with a 0.4 mm nozzle.,"p. 1, ""Recommended settings for printers with a 0.4 mm nozzle"": the page prints ""0.4 mm"" (reader reader-r1-09, text).",agrees,gap-fill,line,reader,reader-r1-09,batch-09.csv#415,G169-01
ready,profiles,P1297,Plate,Not published,Recommended,R-EXTRUDR-PRINT-20260928-83ec5c0b3125,Surface preparation Recommended,"p. 1, ""Surface preparation"": the page prints ""Recommended"" (reader reader-r1-09, text).",agrees,gap-fill,line,reader,reader-r1-09,batch-09.csv#491,G131-01
ready,profiles,P1297,Nozzle diameter,Not published,0.4 mm,R-EXTRUDR-PRINT-20260928-83ec5c0b3125,Recommended settings for printers with a 0.4 mm nozzle.,"p. 1, ""Recommended settings for printers with a 0.4 mm nozzle"": the page prints ""0.4 mm"" (reader reader-r1-09, text).",agrees,gap-fill,line,reader,reader-r1-09,batch-09.csv#497,G131-01
ready,profiles,P1390,Nozzle °C,Not published,260–290 °C,R-EXTRUDR-PRIORITY-20261003-cafa71249318,Nozzle temperature 260–290 °C,"p. 1, ""Nozzle temperature"": the page prints ""260–290 °C"" (reader reader-r1-09, text).",agrees,gap-fill,line,reader,reader-r1-09,batch-09.csv#637,G052-02
ready,profiles,P1390,Bed °C,Not published,110 °C,R-EXTRUDR-PRIORITY-20261003-cafa71249318,Build plate temperature 110 °C,"p. 1, ""Build plate temperature"": the page prints ""110 °C"" (reader reader-r1-09, text).",agrees,gap-fill,line,reader,reader-r1-09,batch-09.csv#638,G052-02
ready,profiles,P1390,Plate,Not published,Recommended,R-EXTRUDR-PRIORITY-20261003-cafa71249318,Surface preparation Recommended,"p. 1, ""Surface preparation"": the page prints ""Recommended"" (reader reader-r1-09, text).",agrees,gap-fill,line,reader,reader-r1-09,batch-09.csv#639,G052-02
ready,profiles,P1390,Enclosure,Not published,Yes,R-EXTRUDR-PRIORITY-20261003-cafa71249318,Enclosed chamber required Yes,"p. 1, ""Enclosed chamber required"": the page prints ""Yes"" (reader reader-r1-09, text).",agrees,gap-fill,line,reader,reader-r1-09,batch-09.csv#642,G052-02
ready,profiles,P1390,Abrasion / clogging,Not published,Hardened nozzle required: No,R-EXTRUDR-PRIORITY-20261003-cafa71249318,Hardened nozzle required No,"p. 1, ""Hardened nozzle required"": the page prints ""No"" (reader reader-r1-09, text). The sheet's label is written before its bare answer.",agrees,gap-fill,line,reader,reader-r1-09,batch-09.csv#643,G052-02
ready,profiles,P1390,Nozzle diameter,Not published,0.4 mm,R-EXTRUDR-PRIORITY-20261003-cafa71249318,Recommended settings for printers with a 0.4 mm nozzle.,"p. 1, ""Recommended settings for printers with a 0.4 mm nozzle"": the page prints ""0.4 mm"" (reader reader-r1-09, text).",agrees,gap-fill,line,reader,reader-r1-09,batch-09.csv#645,G052-02
ready,profiles,P1391,Nozzle °C,Not published,230–270 °C,R-EXTRUDR-PRIORITY-20261003-ce91065b0c8a,Nozzle temperature 230–270 °C,"p. 1, ""Nozzle temperature"": the page prints ""230–270 °C"" (reader reader-r1-09, text).",agrees,gap-fill,line,reader,reader-r1-09,batch-09.csv#687,G088-03
ready,profiles,P1391,Bed °C,Not published,90–110 °C,R-EXTRUDR-PRIORITY-20261003-ce91065b0c8a,Build plate temperature 90–110 °C,"p. 1, ""Build plate temperature"": the page prints ""90–110 °C"" (reader reader-r1-09, text).",agrees,gap-fill,line,reader,reader-r1-09,batch-09.csv#688,G088-03
ready,profiles,P1391,Plate,Not published,Not required,R-EXTRUDR-PRIORITY-20261003-ce91065b0c8a,Surface preparation Not required,"p. 1, ""Surface preparation"": the page prints ""Not required"" (reader reader-r1-09, text).",agrees,gap-fill,line,reader,reader-r1-09,batch-09.csv#689,G088-03
ready,profiles,P1391,Enclosure,Not published,For larger components,R-EXTRUDR-PRIORITY-20261003-ce91065b0c8a,Enclosed chamber required For larger components,"p. 1, ""Enclosed chamber required"": the page prints ""For larger components"" (reader reader-r1-09, text).",agrees,gap-fill,line,reader,reader-r1-09,batch-09.csv#692,G088-03
ready,profiles,P1391,Abrasion / clogging,Not published,Hardened nozzle required: No,R-EXTRUDR-PRIORITY-20261003-ce91065b0c8a,Hardened nozzle required No,"p. 1, ""Hardened nozzle required"": the page prints ""No"" (reader reader-r1-09, text). The sheet's label is written before its bare answer.",agrees,gap-fill,line,reader,reader-r1-09,batch-09.csv#693,G088-03
ready,profiles,P1391,Nozzle diameter,Not published,0.4 mm,R-EXTRUDR-PRIORITY-20261003-ce91065b0c8a,Recommended settings for printers with a 0.4 mm nozzle.,"p. 1, ""Recommended settings for printers with a 0.4 mm nozzle"": the page prints ""0.4 mm"" (reader reader-r1-09, text).",agrees,gap-fill,line,reader,reader-r1-09,batch-09.csv#695,G088-03
ready,profiles,P0893,Bed °C,Not published,Not required when using a packing tape,R-FIBERLOGY-FIBERLOGY-PP-TDS,Bed Temperature | Not required when using a packing tape,"p. 1, ""Bed Temperature"": the page prints ""Not required when using a packing tape"" (reader reader-r1-12, text).",agrees,gap-fill,line,reader,reader-r1-12,batch-12.csv#189,G082-10
ready,profiles,P1296,Plate,Not published,Smooth PEI + adhesive; Textured PEI; Glass + adhesive,R-FIBERLOGY-PRINT-20260928-7bb43c8e086b,Bed material: Smooth PEI + adhesive; Textured PEI; Glass + adhesive,"p. 1, ""Bed material"": the page prints ""Smooth PEI + adhesive; Textured PEI; Glass + adhesive"" (reader reader-r1-12, text).",agrees,gap-fill,line,reader,reader-r1-12,batch-12.csv#261,G144-03
ready,profiles,P1299,Plate,Not published,"Smooth PEI, Textured PEI, Glass",R-FIBERLOGY-PRINT-20260928-8542185b8c6b,"Bed material: Smooth PEI, Textured PEI, Glass","p. 1, ""Bed material"": the page prints ""Smooth PEI, Textured PEI, Glass"" (reader reader-r1-12, text).",agrees,gap-fill,line,reader,reader-r1-12,batch-12.csv#279,G158-01
ready,profiles,P1302,Plate,Not published,"Smooth PEI, Glass",R-FIBERLOGY-PRINT-20260928-8d6a2f7e6751,"Bed: Smooth PEI, Glass","p. 1, ""Bed"": the page prints ""Smooth PEI, Glass"" (reader reader-r1-12, text).",agrees,gap-fill,line,reader,reader-r1-12,batch-12.csv#295,G134-01
ready,profiles,P1303,Plate,Not published,Smooth PEI + adhesive; Textured PEI + adhesive; Glass + adhesive,R-FIBERLOGY-PRINT-20260928-dff2ce2ac494,Bed material: Smooth PEI + adhesive; Textured PEI + adhesive; Glass + adhesive,"p. 1, ""Bed material"": the page prints ""Smooth PEI + adhesive; Textured PEI + adhesive; Glass + adhesive"" (reader reader-r1-12, text).",agrees,gap-fill,line,reader,reader-r1-12,batch-12.csv#309,G052-06
ready,profiles,P1293,Plate,Not published,"Glass/Mirror, Lockpad, (PEI)",R-FILLAMENTUM-PRINT-20260928-5f11a7e57e06,"Hotbed surface: Glass/Mirror, Lockpad, (PEI)","p. 1, ""Hotbed surface"": the page prints ""Glass/Mirror, Lockpad, (PEI)"" (reader reader-r1-13, text).",agrees,gap-fill,line,reader,reader-r1-13,batch-13.csv#27,G086-02
ready,profiles,P1162,Plate,Not published,"PEI, mirror/glass",R-FILLAMENTUM-Technical-Data-Sheet-Flexfill-TPE-90A,"Type of bed PEI, mirror/glass","p. 1, ""Type of bed"": the page prints ""PEI, mirror/glass"" (reader reader-r1-13, text).",agrees,gap-fill,line,reader,reader-r1-13,batch-13.csv#125,G167-02
ready,profiles,P1189,Plate,Not published,"PEI, mirror/glass",R-FILLAMENTUM-Technical-Data-Sheet-Flexfill-TPE-96A,"Type of bed PEI, mirror/glass","p. 1, ""Type of bed"": the page prints ""PEI, mirror/glass"" (reader reader-r1-13, text).",agrees,gap-fill,line,reader,reader-r1-13,batch-13.csv#141,G167-11
ready,profiles,P0531,Plate,Not published,"PP plate, mirror/glass",R-FILLAMENTUM-Technical-Data-Sheet-PP-2320,"Type of bed PP plate, mirror/glass","p. 1, ""Type of bed"": the page prints ""PP plate, mirror/glass"" (reader reader-r1-13, text).",agrees,gap-fill,line,reader,reader-r1-13,batch-13.csv#258,G082-07
ready,profiles,P0486,Plate,Not published,"Tempered glass, BuildTak, Carbon fiber board",D-FLASH-PLA-CF-TDS-EN,"Build Surface Material Tempered glass, BuildTak, Carbon fiber board","p. 2, ""Build Surface Material"": the page prints ""Tempered glass, BuildTak, Carbon fiber board"" (reader reader-r1-13, text).",agrees,gap-fill,line,reader,reader-r1-13,batch-13.csv#367,G018-10
ready,profiles,P0474,Plate,Not published,"Tempered glass, BuildTak, Carbon fiber plate",D-FLASH-PLA-Silk-TDS-EN,"Build Surface Material Tempered glass, BuildTak, Carbon fiber plate","p. 2, ""Build Surface Material"": the page prints ""Tempered glass, BuildTak, Carbon fiber plate"" (reader reader-r1-13, text).",agrees,gap-fill,line,reader,reader-r1-13,batch-13.csv#399,G008-09
ready,profiles,P0982,Nozzle diameter,Not published,1.75mm,S-PET-TDS-BVOH,Diameter Tolerance Roundness | 1.75mm ± 0.05mm ≥ 95%,"p. 1, ""Diameter"": the page prints ""1.75mm"" (reader reader-r1-14, text).",agrees,gap-fill,line,reader,reader-r1-14,batch-14.csv#65,G076-03
ready,profiles,P0954,Drying,Not published,"130 °C, 6 - 8 h",R-3D4MAKERS-TDS-LUVOCOM-3F-PAHT-KK-50056-BK-FR-Filament-3D4Makers,Dehumidifying dryer 130 6 - 8,"p. 2, ""Dehumidifying dryer"": the page prints ""130 °C, 6 - 8 h"" (reader reader-r1-15, text).",agrees,gap-fill,line,reader,reader-r1-15,batch-15.csv#76,G148-02
ready,profiles,P0946,Drying,Not published,"130 °C, 6 to 8 h",S-PET-TDS-LUVOCOM-3F-PAHT-9825-NT-Injection-molded-specimen,Dehumidifying dryer 130 6 to 8,"p. 2, ""Dehumidifying dryer (optional)"": the page prints ""130 °C, 6 to 8 h"" (reader reader-r1-15, text).",agrees,gap-fill,line,reader,reader-r1-15,batch-15.csv#197,G147-01
ready,profiles,P0953,Drying,Not published,"130 °C, 6 - 8 h",S-PET-TDS-LUVOCOM-3F-PAHT-9936-BK,Dehumidifying dryer 130 6 - 8,"p. 2, ""Dehumidifying dryer"": the page prints ""130 °C, 6 - 8 h"" (reader reader-r1-15, text).",agrees,gap-fill,line,reader,reader-r1-15,batch-15.csv#234,G148-01
ready,profiles,P1183,Nozzle diameter,Not published,0.5 mm,R-NANOVIA-Flex-B4C,Nozzle (minimal)  0.5  mm,"p. 1, ""Nozzle (minimal)"": the page prints ""0.5 mm"" (reader reader-r1-15, text).",agrees,gap-fill,line,reader,reader-r1-15,batch-15.csv#557,G167-07
ready,profiles,P1184,Nozzle diameter,Not published,"0,5 mm",R-NANOVIA-Flex-VX,"Nozzle (minimum)  0,5  mm","p. 1, ""Nozzle (minimum)"": the page prints ""0,5 mm"" (reader reader-r1-15, text).",agrees,gap-fill,line,reader,reader-r1-15,batch-15.csv#573,G167-08
ready,profiles,P1191,Nozzle diameter,Not published,"0,4 mm",R-NANOVIA-ISTROFLEX,"Nozzle (minimum)  0,4  mm","p. 1, ""Nozzle (minimum)"": the page prints ""0,4 mm"" (reader reader-r1-15, text).",agrees,gap-fill,line,reader,reader-r1-15,batch-15.csv#675,G167-12
ready,profiles,P0898,Nozzle diameter,Not published,0.5 mm,R-NANOVIA-PA-Rail-ac7021,Nozzle (minimal)  0.5  mm,"p. 1, ""Nozzle (minimal)"": the page prints ""0.5 mm"" (reader reader-r1-15, text).",agrees,gap-fill,line,reader,reader-r1-15,batch-15.csv#727,G049-08
ready,profiles,P0898,Plate,Not published,better adhesion on smooth build plates (PEI/glass),R-NANOVIA-PA-Rail-ac7021,Nanovia PA Rail shows better adhesion results on smooth build plates (PEI/glass).,"p. 1, ""Printing"": the page prints ""better adhesion on smooth build plates (PEI/glass)"" (reader reader-r1-15, text).",agrees,gap-fill,line,reader,reader-r1-15,batch-15.csv#753,G049-08
ready,profiles,P0743,Plate,Not published,An ABS raft can allow for a better bed adhesion,R-NANOVIA-PC-PTFE,An ABS raft can allow for a better bed adhesion,"p. 1, ""Printing"": the page prints ""An ABS raft can allow for a better bed adhesion"" (reader reader-r1-15, text).",agrees,gap-fill,line,reader,reader-r1-15,batch-15.csv#779,G112-02
ready,profiles,P1020,Nozzle diameter,Not published,0.5 mm,R-NANOVIA-PLA-Flax,Nozzle (minimal)  0.5  mm,"p. 1, ""Nozzle (minimal)"": the page prints ""0.5 mm"" (reader reader-r1-15, text).",agrees,gap-fill,line,reader,reader-r1-15,batch-15.csv#787,G152-02
ready,profiles,P1300,Plate,Not published,textured PEI sheet,R-NOBUFIL-PRINT-20260928-87da1d4c6163,- Printing surface: textured PEI sheet,"p. 1, ""Printing surface"": the page prints ""textured PEI sheet"" (reader reader-r1-16, text).",agrees,gap-fill,line,reader,reader-r1-16,batch-16.csv#144,G144-02
ready,profiles,P0354,Plate,Not published,"BuildTak®, Glass, Blue Tape",S-POLYCN-PolyLite-PLA-CF-TDS-US-5-1,"Build surface material | BuildTak®, Glass, Blue Tape","p. 4, ""Build surface material"": the page prints ""BuildTak®, Glass, Blue Tape"" (reader reader-r1-16, text).",agrees,gap-fill,line,reader,reader-r1-16,batch-16.csv#247,G018-05
ready,profiles,P0019,Plate,Not published,PC and Texture PEI (Glue when needed),S-POLYCN-Polymaker-HT-PLA-GF-TDS-EN-V1-1,Build surface treatment | PC and Texture PEI (Glue when needed),"p. 5, ""Build surface treatment"": the page prints ""PC and Texture PEI (Glue when needed)"" (reader reader-r1-16, text).",agrees,gap-fill,line,reader,reader-r1-16,batch-16.csv#317,G019-01
ready,profiles,P0019,Abrasion / clogging,Not published,Hardened nozzle & print annealing,S-POLYCN-Polymaker-HT-PLA-GF-TDS-EN-V1-1,Additional requirements | Hardened nozzle & print annealing,"p. 5, ""Additional requirements"": the page prints ""Hardened nozzle & print annealing"" (reader reader-r1-16, text).",agrees,gap-fill,line,reader,reader-r1-16,batch-16.csv#328,G019-01
ready,profiles,P0296,Plate,Not published,PC and Textured PEI,S-POLYCN-TDS-Polymaker-HT-PLA-GF-V1-2-2025-12-09-EN,Build surface treatment PC and Textured PEI,"p. 1, ""Build surface treatment"": the page prints ""PC and Textured PEI"" (reader reader-r1-16, text).",agrees,gap-fill,line,reader,reader-r1-16,batch-16.csv#384,G019-01
ready,profiles,P0273,Nozzle diameter,Not published,0.4mm nozzle,S-POLYCN-TDS-Polymaker-Polylite-PLA-CF-V6-0-2026-06-09-EN,*Based on 0.4mm nozzle. Printing conditions may vary with different nozzle diameters.,"p. 1, ""Footnote"": the page prints ""0.4mm nozzle"" (reader reader-r1-16-b, text).",agrees,gap-fill,line,reader,reader-r1-16-b,batch-16.csv#440,G018-05
ready,profiles,P1002,Plate,Not published,PC and Textured PEI,S-POLYCN-TDS-Polymaker-PolySupport-PA12-v5-5-2026-01-14-EN,Build surface treatment PC and Textured PEI,"p. 1, ""Build surface treatment"": the page prints ""PC and Textured PEI"" (reader reader-r1-16-b, text).",agrees,gap-fill,line,reader,reader-r1-16-b,batch-16.csv#474,G080-02
ready,profiles,P1002,Nozzle diameter,Not published,0.4mm nozzle,S-POLYCN-TDS-Polymaker-PolySupport-PA12-v5-5-2026-01-14-EN,*Based on 0.4mm nozzle. Printing conditions may vary | with different nozzle diameters.,"p. 1, ""Footnote"": the page prints ""0.4mm nozzle"" (reader reader-r1-16-b, text).",agrees,gap-fill,line,reader,reader-r1-16-b,batch-16.csv#482,G080-02
ready,profiles,P1113,Nozzle diameter,Not published,0.4-1.0 mm,R-QIDI-PLA-CF,Recommended Nozzle Diameter | 0.4-1.0 mm,"p. 2, ""Recommended Nozzle Diameter"": the page prints ""0.4-1.0 mm"" (reader reader-r1-16-b, text).",agrees,gap-fill,line,reader,reader-r1-16-b,batch-16.csv#535,G018-13
ready,profiles,P1113,Plate,Not published,PEI or Coating with PVP glue,R-QIDI-PLA-CF,Recommended build surface treatment | PEI or Coating with PVP glue,"p. 2, ""Recommended build surface treatment"": the page prints ""PEI or Coating with PVP glue"" (reader reader-r1-16-b, text).",agrees,gap-fill,line,reader,reader-r1-16-b,batch-16.csv#536,G018-13
ready,profiles,P0662,Nozzle diameter,Not published,nozzle diameter 0.4mm,D-RAISE3D-P-filament-721-Technical-Data-Sheet-eng-04-20-2021,Suggested 3D print settings (nozzle diameter 0.4mm),"p. 1, ""Heading"": the page prints ""nozzle diameter 0.4mm"" (reader reader-r1-16-b, text).",agrees,gap-fill,line,reader,reader-r1-16-b,batch-16.csv#550,G082-09
ready,profiles,P0662,Plate,Not published,P-surface,D-RAISE3D-P-filament-721-Technical-Data-Sheet-eng-04-20-2021,Bed modification P-surface,"p. 1, ""Bed modification"": the page prints ""P-surface"" (reader reader-r1-16-b, text).",agrees,gap-fill,line,reader,reader-r1-16-b,batch-16.csv#556,G082-09
ready,profiles,P1141,Plate,Not published,"Tempered Glass, PEI Board, Carbon Fiber Board",S-PCGF-PA-TDS-Siddament,"- Printing Platform: Tempered Glass, PEI Board, Carbon Fiber Board","p. 2, ""Printing Platform"": the page prints ""Tempered Glass, PEI Board, Carbon Fiber Board"" (reader reader-r1-17, text).",agrees,gap-fill,line,reader,reader-r1-17,batch-17.csv#389,G049-07
ready,profiles,P1141,Nozzle diameter,Not published,0.2-0.6mm,S-PCGF-PA-TDS-Siddament,- Nozzle Diameter: 0.2-0.6mm,"p. 2, ""Nozzle Diameter"": the page prints ""0.2-0.6mm"" (reader reader-r1-17, text).",agrees,gap-fill,line,reader,reader-r1-17,batch-17.csv#390,G049-07
ready,profiles,P1112,Plate,Not published,"Tempered Glass, PEI Board, Carbon Fiber Board",S-PCGF-PLA-Carbon-Fiber-TDS-Siddament,"- Printing Platform: Tempered Glass, PEI Board, Carbon Fiber Board","p. 2, ""Printing Platform"": the page prints ""Tempered Glass, PEI Board, Carbon Fiber Board"" (reader reader-r1-17, text).",agrees,gap-fill,line,reader,reader-r1-17,batch-17.csv#411,G018-12
ready,profiles,P1112,Nozzle diameter,Not published,0.2-0.6mm,S-PCGF-PLA-Carbon-Fiber-TDS-Siddament,- Nozzle Diameter: 0.2-0.6mm,"p. 2, ""Nozzle Diameter"": the page prints ""0.2-0.6mm"" (reader reader-r1-17, text).",agrees,gap-fill,line,reader,reader-r1-17,batch-17.csv#412,G018-12
ready,profiles,P1106,Plate,Not published,"Tempered Glass, PEI Board, Carbon Fiber Board",S-PCGF-PLA-Silk-TDS-Siddament,"- Printing Platform: Tempered Glass, PEI Board, Carbon Fiber Board","p. 2, ""Printing Platform"": the page prints ""Tempered Glass, PEI Board, Carbon Fiber Board"" (reader reader-r1-17, text).",agrees,gap-fill,line,reader,reader-r1-17,batch-17.csv#433,G008-14
ready,profiles,P1106,Nozzle diameter,Not published,0.2-0.6mm,S-PCGF-PLA-Silk-TDS-Siddament,- Nozzle Diameter: 0.2-0.6mm,"p. 2, ""Nozzle Diameter"": the page prints ""0.2-0.6mm"" (reader reader-r1-17, text).",agrees,gap-fill,line,reader,reader-r1-17,batch-17.csv#434,G008-14
ready,profiles,P0048,Abrasion / clogging,Not published,Hardened nozzle recommended.,S-PCGF-TDS-1,strength under load. Hardened nozzle recommended.,"p. 1, ""Description"": the page prints ""Hardened nozzle recommended."" (reader reader-r1-17, text).",agrees,gap-fill,line,reader,reader-r1-17,batch-17.csv#445,G038-01
ready,profiles,P0976,Nozzle diameter,Not published,0.4mm and above,D-SIRAYA-flex-tpu-64d-filament-tds,Size request: 0.4mm and above,"p. 1, ""Nozzle size request"": the page prints ""0.4mm and above"" (reader reader-r1-17, text).",agrees,gap-fill,line,single-product,reader-r1-17,batch-17.csv#492,G039-68
ready,profiles,P0977,Nozzle diameter,Not published,0.4mm−0.8mm,D-SIRAYA-siraya-tech-flex-tpu-air-tds,Recommended Nozzle Diameter  0.4mm−0.8mm  0.4mm standard nozzle works well.,"p. 1, ""Recommended Nozzle Diameter"": the page prints ""0.4mm−0.8mm"" (reader reader-r1-17, text).",agrees,gap-fill,line,single-product,reader-r1-17,batch-17.csv#552,G039-69
ready,profiles,P0977,Plate,Not published,Glass (w/ PVP glue) PEI (w/ release agent) Steel Plate (w/ PVP glue) PC Film,D-SIRAYA-siraya-tech-flex-tpu-air-tds,"Recommended Build Surface  Glass (w/ PVP glue) PEI (w/ release agent) Steel Plate (w/ PVP glue) PC Film  Use release agent (PVP glue, Magigoo) on PEI or highly adhesive surfaces.","p. 1, ""Recommended Build Surface"": the page prints ""Glass (w/ PVP glue) PEI (w/ release agent) Steel Plate (w/ PVP glue) PC Film"" (reader reader-r1-17, text).",agrees,gap-fill,line,single-product,reader-r1-17,batch-17.csv#553,G039-69
ready,profiles,P0221,Nozzle diameter,Not published,"settings are based on a 0,4 mm nozzle",S-SPECTRUM-en-tds-pa6-neat-nt,new,"p. 1, ""settings footnote"": the page prints ""settings are based on a 0,4 mm nozzle"" (reader reader-r1-18, text).",agrees,gap-fill,line,reader,reader-r1-18,batch-18.csv#30,G049-04
ready,profiles,P0064,Nozzle diameter,Not published,"settings are based on a 0,4 mm nozzle",S-SPECTRUM-en-tds-spectrum-pa6-neat-bk,new,"p. 1, ""settings footnote"": the page prints ""settings are based on a 0,4 mm nozzle"" (reader reader-r1-18, text).",agrees,gap-fill,line,single-product,reader-r1-18,batch-18.csv#69,G049-01
ready,profiles,P0187,Nozzle diameter,Not published,"settings are based on a 0,4 mm nozzle",S-SPECTRUM-en-tds-spectrum-abs-kevlar,"* settings are based on a 0,4 mm nozzle.","p. 1, ""settings footnote"": the page prints ""settings are based on a 0,4 mm nozzle"" (reader reader-r1-18, text).",agrees,gap-fill,line,reader,reader-r1-18,batch-18.csv#94,G106-01
ready,profiles,P0236,Nozzle diameter,Not published,"settings are based on a 0,4 mm nozzle",S-SPECTRUM-en-tds-spectrum-asa-kevlar,new,"p. 1, ""settings footnote"": the page prints ""settings are based on a 0,4 mm nozzle"" (reader reader-r1-18, text).",agrees,gap-fill,line,reader,reader-r1-18,batch-18.csv#121,G113-01
ready,profiles,P0207,Nozzle diameter,Not published,"settings are based on a 0,4 mm nozzle",S-SPECTRUM-EN-TDS-Spectrum-ecoPET-9021,"* settings are based on a 0,4 mm nozzle.","p. 1, ""settings footnote"": the page prints ""settings are based on a 0,4 mm nozzle"" (reader reader-r1-18, text).",agrees,gap-fill,line,reader,reader-r1-18,batch-18.csv#147,G066-02
ready,profiles,P1182,Nozzle diameter,Not published,"settings are based on a 0,4 mm nozzle",S-SPECTRUM-en-tds-spectrum-greeny-pro,new,"p. 1, ""settings footnote"": the page prints ""settings are based on a 0,4 mm nozzle"" (reader reader-r1-18, text).",agrees,gap-fill,line,reader,reader-r1-18,batch-18.csv#171,G168-05
ready,profiles,P0889,Nozzle diameter,Not published,"settings are based on a 0,4 mm nozzle",S-SPECTRUM-en-tds-spectrum-greenyht,new,"p. 1, ""settings footnote"": the page prints ""settings are based on a 0,4 mm nozzle"" (reader reader-r1-18, text).",agrees,gap-fill,line,reader,reader-r1-18,batch-18.csv#192,G001-134
ready,profiles,P0184,Nozzle diameter,Not published,≥ 0.5 mm,S-SPECTRUM-en-tds-spectrum-pa6-cs20-frv0,new,"p. 1, ""Recommended nozzle"": the page prints ""≥ 0.5 mm"" (reader reader-r1-18, text).",agrees,gap-fill,line,reader,reader-r1-18,batch-18.csv#218,G104-01
ready,profiles,P0200,Nozzle diameter,Not published,"settings are based on a 0,4 mm nozzle",S-SPECTRUM-en-tds-spectrum-pa6-gk10,new,"p. 1, ""settings footnote"": the page prints ""settings are based on a 0,4 mm nozzle"" (reader reader-r1-18, text).",agrees,gap-fill,line,reader,reader-r1-18,batch-18.csv#249,G108-01
ready,profiles,P0218,Nozzle diameter,Not published,"settings are based on a 0,4 mm nozzle",S-SPECTRUM-en-tds-spectrum-pa6-low-warp,"* settings are based on a 0,4 mm nozzle.","p. 1, ""settings footnote"": the page prints ""settings are based on a 0,4 mm nozzle"" (reader reader-r1-18, text).",agrees,gap-fill,line,reader,reader-r1-18,batch-18.csv#280,G049-03
ready,profiles,P0111,Nozzle diameter,Not published,"settings are based on a 0,4 mm nozzle",S-SPECTRUM-en-tds-spectrum-pctg,"* settings are based on a 0,4 mm nozzle.","p. 1, ""settings footnote"": the page prints ""settings are based on a 0,4 mm nozzle"" (reader reader-r1-18, text).",agrees,gap-fill,line,reader,reader-r1-18,batch-18.csv#305,G088-02
ready,profiles,P0209,Nozzle diameter,Not published,"settings are based on a 0,4 mm nozzle",S-SPECTRUM-en-tds-spectrum-pctg-gf10,"* settings are based on a 0,4 mm nozzle.","p. 1, ""settings footnote"": the page prints ""settings are based on a 0,4 mm nozzle"" (reader reader-r1-18, text).",agrees,gap-fill,line,reader,reader-r1-18,batch-18.csv#326,G110-01
ready,profiles,P0208,Nozzle diameter,Not published,"settings are based on a 0,4 mm nozzle",S-SPECTRUM-en-tds-spectrum-petg-ptfe,"* settings are based on a 0,4 mm nozzle.","p. 1, ""settings footnote"": the page prints ""settings are based on a 0,4 mm nozzle"" (reader reader-r1-18, text).",agrees,gap-fill,line,reader,reader-r1-18,batch-18.csv#350,G109-01
ready,profiles,P0233,Nozzle diameter,Not published,"settings are based on a 0,4 mm nozzle",S-SPECTRUM-en-tds-spectrum-pla-carbon,"* settings are based on a 0,4 mm nozzle.","p. 1, ""settings footnote"": the page prints ""settings are based on a 0,4 mm nozzle"" (reader reader-r1-18, text).",agrees,gap-fill,line,reader,reader-r1-18,batch-18.csv#373,G018-03
ready,profiles,P0205,Nozzle diameter,Not published,"settings are based on a 0,4 mm nozzle",S-SPECTRUM-en-tds-spectrum-pla-magic-silk,"* settings are based on a 0,4 mm nozzle.","p. 1, ""settings footnote"": the page prints ""settings are based on a 0,4 mm nozzle"" (reader reader-r1-18, text).",agrees,gap-fill,line,reader,reader-r1-18,batch-18.csv#397,G008-03
ready,profiles,P1220,Nozzle diameter,Not published,"settings are based on a 0,4 mm nozzle",S-SPECTRUM-en-tds-spectrum-pla-silk-93646a,"* settings are based on a 0,4 mm nozzle.","p. 1, ""settings footnote"": the page prints ""settings are based on a 0,4 mm nozzle"" (reader reader-r1-18, text).",agrees,gap-fill,line,reader,reader-r1-18,batch-18.csv#421,G008-21
ready,profiles,P0175,Plate,Not published,YES (Magigoo PP),S-SPECTRUM-en-tds-spectrum-pp,new,"p. 1, ""Adhesive required"": the page prints ""YES (Magigoo PP)"" (reader reader-r1-18, text).",agrees,gap-fill,line,reader,reader-r1-18,batch-18.csv#450,G082-03
ready,profiles,P0175,Nozzle diameter,Not published,"settings are based on a 0,4 mm nozzle",S-SPECTRUM-en-tds-spectrum-pp,new,"p. 1, ""settings footnote"": the page prints ""settings are based on a 0,4 mm nozzle"" (reader reader-r1-18, text).",agrees,gap-fill,line,reader,reader-r1-18,batch-18.csv#452,G082-03
ready,profiles,P1266,Plate,Not published,not necessary (3),S-SPECTRUM-en-tds-spectrum-pp-42aa71,Adhesive not necessary (3),"p. 1, ""Adhesive"": the page prints ""not necessary (3)"" (reader reader-r1-18, text).",agrees,gap-fill,line,reader,reader-r1-18,batch-18.csv#474,G082-03
ready,profiles,P0186,Plate,Not published,"not necessary (if you need increased adhesion or prevent warping: glue stick, Dimafix, 3DLac, Magigoo)",S-SPECTRUM-en-tds-spectrum-asa-conductive,"Adhesive not necessary | (if you need increased adhesion or prevent warping: glue | stick, Dimafix, 3DLac, Magigoo)","p. 1, ""Adhesive"": the page prints ""not necessary (if you need increased adhesion or prevent warping: glue stick, Dimafix, 3DLac, Magigoo)"" (reader reader-r1-18, text).",agrees,gap-fill,line,reader,reader-r1-18,batch-18.csv#503,G105-01
ready,profiles,P0186,Nozzle diameter,Not published,settings are based on a 0.4mm nozzle,S-SPECTRUM-en-tds-spectrum-asa-conductive,* settings are based on a 0.4mm nozzle,"p. 1, ""settings footnote"": the page prints ""settings are based on a 0.4mm nozzle"" (reader reader-r1-18, text).",agrees,gap-fill,line,reader,reader-r1-18,batch-18.csv#504,G105-01
ready,profiles,P0227,Plate,Not published,"not necessary (if you need increased adhesion or prevent warping: glue stick, Dimafix, 3DLac, Magigoo)",S-SPECTRUM-en-tds-spectrum-pla-conductive,"Adhesive not necessary | (if you need increased adhesion or prevent warping: glue | stick, Dimafix, 3DLac, Magigoo)","p. 1, ""Adhesive"": the page prints ""not necessary (if you need increased adhesion or prevent warping: glue stick, Dimafix, 3DLac, Magigoo)"" (reader reader-r1-18, text).",agrees,gap-fill,line,reader,reader-r1-18,batch-18.csv#534,G111-01
ready,profiles,P0227,Nozzle diameter,Not published,settings are based on a 0.4mm nozzle,S-SPECTRUM-en-tds-spectrum-pla-conductive,* settings are based on a 0.4mm nozzle,"p. 1, ""settings footnote"": the page prints ""settings are based on a 0.4mm nozzle"" (reader reader-r1-18, text).",agrees,gap-fill,line,reader,reader-r1-18,batch-18.csv#535,G111-01
ready,profiles,P0228,Plate,Not published,YES (Magigoo PC),S-SPECTRUM-en-tds-spectrum-pc-ptfe,Adhesive required YES (Magigoo PC),"p. 1, ""Adhesive required"": the page prints ""YES (Magigoo PC)"" (reader reader-r1-18, text).",agrees,gap-fill,line,reader,reader-r1-18,batch-18.csv#573,G112-01
ready,profiles,P0228,Nozzle diameter,Not published,"settings are based on a 0,4 mm nozzle",S-SPECTRUM-en-tds-spectrum-pc-ptfe,"* settings are based on a 0,4 mm nozzle.","p. 1, ""settings footnote"": the page prints ""settings are based on a 0,4 mm nozzle"" (reader reader-r1-18, text).",agrees,gap-fill,line,reader,reader-r1-18,batch-18.csv#574,G112-01
ready,profiles,P0369,Nozzle diameter,Not published,0.5mm,S-SPECTRUM-en-tds-spectrum-sflex-carbon,* settings are based on a 0.5mm nozzle,"p. 1, ""settings are based on a 0.5mm nozzle"": the page prints ""0.5mm"" (reader reader-r1-19, text).",agrees,gap-fill,line,reader,reader-r1-19,batch-19.csv#25,G129-01
ready,profiles,P1163,Nozzle diameter,Not published,0.4mm,S-SPECTRUM-en-tds-spectrum-thermatech-pa,* settings are based on a 0.4mm nozzle,"p. 1, ""settings are based on a 0.4mm nozzle"": the page prints ""0.4mm"" (reader reader-r1-19, text).",agrees,gap-fill,line,reader,reader-r1-19,batch-19.csv#49,G164-03
ready,profiles,P0222,Drying,Not published,No,S-SPECTRUM-eng-tds-the-filament-pla-cf,Dry box recommended No,"p. 1, ""Dry box recommended"": the page prints ""No"" (reader reader-r1-19, text).",agrees,gap-fill,line,reader,reader-r1-19,batch-19.csv#64,G018-02
ready,profiles,P0222,Nozzle diameter,Not published,"0,4 mm",S-SPECTRUM-eng-tds-the-filament-pla-cf,"* settings are based on a 0,4 mm nozzle.","p. 1, ""settings are based on a 0,4 mm nozzle"": the page prints ""0,4 mm"" (reader reader-r1-19, text).",agrees,gap-fill,line,reader,reader-r1-19,batch-19.csv#71,G018-02
ready,profiles,P1288,Drying,Not published,No,S-SPECTRUM-PRINT-20260928-3741c527491c,Drybox recommended No,"p. 1, ""Drybox recommended"": the page prints ""No"" (reader reader-r1-19, text).",agrees,gap-fill,line,reader,reader-r1-19,batch-19.csv#131,G105-01
ready,profiles,P1305,Drying,Not published,Yes,S-SPECTRUM-PRINT-20260928-fd0f508a9a5c,Drybox recommended Yes,"p. 1, ""Drybox recommended"": the page prints ""Yes"" (reader reader-r1-19, text).",agrees,gap-fill,line,reader,reader-r1-19,batch-19.csv#183,G112-01
ready,profiles,P1321,Drying,Not published,No,R-COVERAGE-20261001-0b9610f07886,Drybox recommended No,"p. 1, ""Drybox recommended"": the page prints ""No"" (reader reader-r1-19, text).",agrees,gap-fill,line,reader,reader-r1-19,batch-19.csv#264,G153-02
ready,profiles,P1323,Drying,Not published,No,R-COVERAGE-20261001-bc88189b518f,Drybox recommended | No,"p. 1, ""Drybox recommended"": the page prints ""No"" (reader reader-r1-20, text).",agrees,gap-fill,line,reader,reader-r1-20,batch-20.csv#29,G153-01
ready,profiles,P1323,Plate,Not published,"not necessary (for increased adhesion or to prevent warping: Dimafix, 3DLac, Magigoo)",R-COVERAGE-20261001-bc88189b518f,"Adhesive | not necessary (for increased adhesion or to prevent warping: Dimafix, 3DLac, Magigoo)","p. 1, ""Adhesive"": the page prints ""not necessary (for increased adhesion or to prevent warping: Dimafix, 3DLac, Magigoo)"" (reader reader-r1-20, text).",agrees,gap-fill,line,reader,reader-r1-20,batch-20.csv#31,G153-01
ready,profiles,P1153,Plate,Not published,PEI 纹理板,R-SUNLU-25182761789529093884,平台材料 Plate Material | PEI 纹理板,"p. 2, ""平台材料 Plate Material"": the page prints ""PEI 纹理板"" (reader reader-r1-21, text).",agrees,gap-fill,line,reader,reader-r1-21,batch-21.csv#41,G082-04
ready,profiles,P1224,Plate,Not published,Textured PEI Build Plate,R-SUNLU-5156fe91-c7a8-48bd-9d1a-e753bf9c53a1,Plate Material | Textured PEI Build Plate,"p. 2, ""Plate Material"": the page prints ""Textured PEI Build Plate"" (reader reader-r1-21, text).",agrees,gap-fill,line,reader,reader-r1-21,batch-21.csv#149,G008-26
ready,profiles,P1225,Plate,Not published,Textured PEI Build Plate,R-SUNLU-5644650b-5633-42fb-b06a-6d1e125c9114,Plate Material | Textured PEI Build Plate,"p. 2, ""Plate Material"": the page prints ""Textured PEI Build Plate"" (reader reader-r1-21, text).",agrees,gap-fill,line,reader,reader-r1-21,batch-21.csv#203,G008-27
ready,profiles,P1105,Plate,Not published,PEI 纹理板,R-SUNLU-56889371789540318047,平台材料 Plate Material | PEI 纹理板,"p. 2, ""平台材料 Plate Material"": the page prints ""PEI 纹理板"" (reader reader-r1-21, text).",agrees,gap-fill,line,reader,reader-r1-21,batch-21.csv#265,G008-05
ready,profiles,P1223,Plate,Not published,Textured PEI Build Plate,R-SUNLU-63d55fe5-d33b-47f2-8930-520f193ade51,Plate Material | Textured PEI Build Plate,"p. 2, ""Plate Material"": the page prints ""Textured PEI Build Plate"" (reader reader-r1-21, text).",agrees,gap-fill,line,reader,reader-r1-21,batch-21.csv#320,G008-25
ready,profiles,P1218,Plate,Not published,Textured PEI Build Plate,R-SUNLU-91c03fbc-a5c0-4711-b3ae-10d0efd19f27,Plate Material | Textured PEI Build Plate,"p. 2, ""Plate Material"": the page prints ""Textured PEI Build Plate"" (reader reader-r1-21, text).",agrees,gap-fill,line,reader,reader-r1-21,batch-21.csv#430,G008-19
ready,profiles,P0792,Plate,Not published,Soft Magnetic Sheet,R-SUNLU-PLA-Carbon-Fiber,Print Platform Material | Soft Magnetic Sheet,"p. 2, ""Print Platform Material"": the page prints ""Soft Magnetic Sheet"" (reader reader-r1-22, text).",agrees,gap-fill,line,reader,reader-r1-22,batch-22.csv#90,G018-08
ready,profiles,P1335,Plate,Not published,Soft Magnetic Sheet,R-SUNLU-PLA-Carbon-Fiber,Print Platform Material | Soft Magnetic Sheet,"p. 2, ""Print Platform Material"": the page prints ""Soft Magnetic Sheet"" (reader reader-r1-22, text).",agrees,gap-fill,line,reader,reader-r1-22,batch-22.csv#90,G018-08
ready,profiles,P0793,Plate,Not published,Use PP base plate or apply PP glue.,R-SUNLU-PP-TDS-7b4ac3a3-751e-42d8-9b0b-bff0d1fc0a3b,Use PP base plate or apply PP glue.,"p. 1, ""Points for attention"": the page prints ""Use PP base plate or apply PP glue."" (reader reader-r1-22, text).",agrees,gap-fill,line,reader,reader-r1-22,batch-22.csv#103,G082-05
ready,profiles,P0804,Plate,Not published,Soft Magnetic Sheet,R-SUNLU-SILK-PLA,Print Platform Material | Soft Magnetic Sheet,"p. 2, ""Print Platform Material"": the page prints ""Soft Magnetic Sheet"" (reader reader-r1-22, text).",agrees,gap-fill,line,reader,reader-r1-22,batch-22.csv#231,G008-15
ready,profiles,P1339,Plate,Not published,Soft Magnetic Sheet,R-SUNLU-SILK-PLA,Print Platform Material | Soft Magnetic Sheet,"p. 2, ""Print Platform Material"": the page prints ""Soft Magnetic Sheet"" (reader reader-r1-22, text).",agrees,gap-fill,line,reader,reader-r1-22,batch-22.csv#231,G008-15
ready,profiles,P0802,Plate,Not published,Normal,R-SUNLU-Silk-PLA-Four-Color-TDS-fc0f1921-f20b-4dee-8742-08d11bddaea8,Print Platform Material | Normal,"p. 2, ""Print Platform Material"": the page prints ""Normal"" (reader reader-r1-22, text).",agrees,gap-fill,line,reader,reader-r1-22,batch-22.csv#279,G008-04
ready,profiles,P0709,Plate,Not published,"PEI, Buildtak, or bare glass + hair spray",R-3D-FUEL-TDS-3DFuel-Workday-ABS,"Bed Material: PEI, Buildtak, or bare glass + hair spray","p. 2, ""Bed Material"": the page prints ""PEI, Buildtak, or bare glass + hair spray"" (reader reader-r1-23, text).",agrees,gap-fill,line,reader,reader-r1-23,batch-23.csv#127,G027-29
ready,profiles,P0707,Abrasion / clogging,Not published,abbrasion resistant,R-3D4MAKERS-LUVOCOM-3F-PAHT-CF-9742-BK-EN-TDS,nozzle material: abbrasion resistant,"p. 2, ""General: nozzle material"": the page prints ""abbrasion resistant"" (reader reader-r1-23, text).",agrees,gap-fill,line,reader,reader-r1-23,batch-23.csv#228,G048-03
ready,profiles,P0707,Drying,Not published,"130 °C, 6 - 8 h",R-3D4MAKERS-LUVOCOM-3F-PAHT-CF-9742-BK-EN-TDS,Dehumidifying dryer 130 6 - 8,"p. 2, ""Dehumidifying dryer"": the page prints ""130 °C, 6 - 8 h"" (reader reader-r1-23, text).",agrees,gap-fill,line,reader,reader-r1-23,batch-23.csv#232,G048-03
ready,profiles,P0695,Plate,Not published,"PEI sheet, Buildtak, Adhesion spray, ABS juice",R-3D4MAKERS-TDS-ABS-Filament,"Bed Adhesion PEI sheet, Buildtak, Adhesion spray, ABS juice","p. 2, ""Bed Adhesion"": the page prints ""PEI sheet, Buildtak, Adhesion spray, ABS juice"" (reader reader-r1-23, text).",agrees,gap-fill,line,reader,reader-r1-23,batch-23.csv#284,G027-28
ready,profiles,P0666,Plate,Not published,"PEI Sheet, Buildtak, Adhesion Spray",R-3D4MAKERS-TDS-ASA-Filament,"Bed Adhesion PEI Sheet, Buildtak, Adhesion Spray","p. 2, ""Bed Adhesion"": the page prints ""PEI Sheet, Buildtak, Adhesion Spray"" (reader reader-r1-23, text).",agrees,gap-fill,line,reader,reader-r1-23,batch-23.csv#306,G031-19
ready,profiles,P1007,Plate,Not published,PEI Sheet / Glass,R-3D4MAKERS-TDS-Facilan-C8-Filament-v1-4,Bed Adhesion PEI Sheet / Glass,"p. 1, ""Bed Adhesion"": the page prints ""PEI Sheet / Glass"" (reader reader-r1-23, text).",agrees,gap-fill,line,reader,reader-r1-23,batch-23.csv#323,G001-177
ready,profiles,P0667,Plate,Not published,"PEI Sheet, Buildtak, Adhesion spray",R-3D4MAKERS-TDS-PETG-Filament,"Bed Adhesion PEI Sheet, Buildtak, Adhesion spray","p. 2, ""Bed Adhesion"": the page prints ""PEI Sheet, Buildtak, Adhesion spray"" (reader reader-r1-23, text).",agrees,gap-fill,line,reader,reader-r1-23,batch-23.csv#375,G020-34
ready,profiles,P0697,Plate,Not published,"Glass bed, Blue painters tape, Adhesion spray & more",R-3D4MAKERS-TDS-PLA-Filament,"Bed Adhesion Glass bed, Blue painters tape, Adhesion spray & more","p. 2, ""Bed Adhesion"": the page prints ""Glass bed, Blue painters tape, Adhesion spray & more"" (reader reader-r1-23, text).",agrees,gap-fill,line,reader,reader-r1-23,batch-23.csv#397,G001-95
ready,profiles,P0584,Plate,Not published,"PEI Sheet, carbon fiber plate or glass plate + Magigoo original",R-3D4MAKERS-TDS-PLLA-Filament,"Bed Adhesion PEI Sheet, carbon fiber plate or glass plate + Magigoo original","p. 1, ""Bed Adhesion"": the page prints ""PEI Sheet, carbon fiber plate or glass plate + Magigoo original"" (reader reader-r1-23, text).",agrees,gap-fill,line,reader,reader-r1-23,batch-23.csv#416,G001-73
ready,profiles,P0669,Abrasion / clogging,Not published,abbrasion resistant,R-3D4MAKERS-TDS-pps-cf-9938-bk-filament-en-iso,nozzle material: abbrasion resistant,"p. 2, ""nozzle material"": the page prints ""abbrasion resistant"" (reader reader-r1-23-b, text).",agrees,gap-fill,line,reader,reader-r1-23-b,batch-23.csv#439,G073-05
ready,profiles,P0669,Drying,Not published,"100 - 140 °C, 2 - 4 h",R-3D4MAKERS-TDS-pps-cf-9938-bk-filament-en-iso,Dehumidifying dryer | 100 - 140 | 2 - 4 | Dryer type Temperature °C Drying time in h,"p. 2, ""Dehumidifying dryer"": the page prints ""100 - 140 °C, 2 - 4 h"" (reader reader-r1-23-b, text).",agrees,gap-fill,line,reader,reader-r1-23-b,batch-23.csv#443,G073-05
ready,profiles,P0832,Nozzle diameter,Not published,0.4mm nozzle,R-3DJAKE-3DJAKE-ANYCUBIC-TDS-ABS-V3-0,"*Based on a 0.4mm nozzle, printing conditions may vary with different nozzle diameters","p. 2, ""Recommended Printing Parameters"": the page prints ""0.4mm nozzle"" (reader reader-r1-24, text).",agrees,gap-fill,line,reader,reader-r1-24,batch-24.csv#267,G027-36
ready,profiles,P0864,Nozzle diameter,Not published,0.4mm nozzle,R-3DJAKE-3DJAKE-ANYCUBIC-TDS-ASA-V3-0,"*Based on a 0.4mm nozzle, printing conditions may vary with different nozzle diameters","p. 2, ""Recommended Printing Parameters"": the page prints ""0.4mm nozzle"" (reader reader-r1-24, text).",agrees,gap-fill,line,reader,reader-r1-24,batch-24.csv#307,G031-30
ready,profiles,P0823,Nozzle diameter,Not published,0.4mm nozzle,R-3DJAKE-3DJAKE-ANYCUBIC-TDS-PETG-V3-0,"*Based on a 0.4mm nozzle, printing conditions may vary with different nozzle diameters","p. 2, ""Recommended Printing Parameters"": the page prints ""0.4mm nozzle"" (reader reader-r1-24, text).",agrees,gap-fill,line,reader,reader-r1-24,batch-24.csv#347,G020-48
ready,profiles,P0880,Nozzle diameter,Not published,0.4mm nozzle,R-3DJAKE-3DJAKE-ANYCUBIC-TDS-PLA-HS-V3-0,"*Based on a 0.4mm nozzle, printing conditions may vary with different nozzle diameters","p. 2, ""Recommended Printing Parameters"": the page prints ""0.4mm nozzle"" (reader reader-r1-24, text).",agrees,gap-fill,line,reader,reader-r1-24,batch-24.csv#388,G001-132
ready,profiles,P0866,Nozzle diameter,Not published,0.4mm nozzle,R-3DJAKE-3DJAKE-ANYCUBIC-TDS-PLA-Metal-V3-0,"*Based on a 0.4mm nozzle, printing conditions may vary with different nozzle diameters","p. 2, ""Recommended Printing Parameters"": the page prints ""0.4mm nozzle"" (reader reader-r1-24, text).",agrees,gap-fill,line,reader,reader-r1-24,batch-24.csv#430,G011-06
ready,profiles,P0863,Nozzle diameter,Not published,0.4mm nozzle,R-3DJAKE-3DJAKE-ANYCUBIC-TDS-PLA-V3-0,"*Based on a 0.4mm nozzle, printing conditions may vary with different nozzle diameters","p. 2, ""Recommended Printing Parameters"": the page prints ""0.4mm nozzle"" (reader reader-r1-24-b, text).",agrees,gap-fill,line,reader,reader-r1-24-b,batch-24.csv#470,G001-199
ready,profiles,P0840,Nozzle diameter,Not published,0.4mm nozzle,R-3DJAKE-3DJAKE-ANYCUBIC-TDS-TPU-V3-0,"*Based on a 0.4mm nozzle, printing conditions may vary with different nozzle diameters","p. 2, ""Recommended Printing Parameters"": the page prints ""0.4mm nozzle"" (reader reader-r1-24-b, text).",agrees,gap-fill,line,reader,reader-r1-24-b,batch-24.csv#510,G039-55
ready,profiles,P0868,Plate,Not published,"Build platform: Kapton tape, Glass bed, FlashForge original bed",R-3DJAKE-3DJAKE-ASA-TDS-1,"Build platform: Kapton tape, Glass bed, FlashForge original bed","p. 1, ""Printing Recommendations"": the page prints ""Build platform: Kapton tape, Glass bed, FlashForge original bed"" (reader reader-r1-24-b, text).",agrees,gap-fill,line,reader,reader-r1-24-b,batch-24.csv#546,G031-31
ready,profiles,P0855,Plate,Not published,"not necessary (if you need increased adhesion or prevent warping: glue stick, Dimafix, 3DLac, Magigoo)",R-3DJAKE-3DJAKE-EN-TDS-The-Filament-TPU-82A,"Adhesive | not necessary (if you need increased adhesion or prevent warping: glue stick, Dimafix, 3DLac, Magigoo)","p. 1, ""Adhesive"": the page prints ""not necessary (if you need increased adhesion or prevent warping: glue stick, Dimafix, 3DLac, Magigoo)"" (reader reader-r1-25, text).",agrees,gap-fill,line,reader,reader-r1-25,batch-25.csv#15,G039-56
ready,profiles,P0855,Nozzle diameter,Not published,"0,4 mm",R-3DJAKE-3DJAKE-EN-TDS-The-Filament-TPU-82A,"* settings are based on a 0,4 mm nozzle.","p. 1, ""settings are based on a 0.4 mm nozzle"": the page prints ""0,4 mm"" (reader reader-r1-25, text).",agrees,gap-fill,line,reader,reader-r1-25,batch-25.csv#19,G039-56
ready,profiles,P0838,Plate,Not published,"not necessary (if you need increased adhesion or prevent warping: glue stick, Dimafix, 3DLac, Magigoo)",R-3DJAKE-3DJAKE-EN-TDS-The-Filament-TPU-87A,"Adhesive | not necessary (if you need increased adhesion or prevent warping: glue stick, Dimafix, 3DLac, Magigoo)","p. 1, ""Adhesive"": the page prints ""not necessary (if you need increased adhesion or prevent warping: glue stick, Dimafix, 3DLac, Magigoo)"" (reader reader-r1-25, text).",agrees,gap-fill,line,reader,reader-r1-25,batch-25.csv#34,G039-54
ready,profiles,P0838,Nozzle diameter,Not published,"0,4 mm",R-3DJAKE-3DJAKE-EN-TDS-The-Filament-TPU-87A,"* settings are based on a 0,4 mm nozzle.","p. 1, ""settings are based on a 0.4 mm nozzle"": the page prints ""0,4 mm"" (reader reader-r1-25, text).",agrees,gap-fill,line,reader,reader-r1-25,batch-25.csv#38,G039-54
ready,profiles,P0833,Plate,Not published,"not necessary (if you need increased adhesion or prevent warping: glue stick, Dimafix, 3DLac, Magigoo)",R-3DJAKE-3DJAKE-EN-TDS-The-Filament-TPU-95A,"Adhesive | not necessary (if you need increased adhesion or prevent warping: glue stick, Dimafix, 3DLac, Magigoo)","p. 1, ""Adhesive"": the page prints ""not necessary (if you need increased adhesion or prevent warping: glue stick, Dimafix, 3DLac, Magigoo)"" (reader reader-r1-25, text).",agrees,gap-fill,line,reader,reader-r1-25,batch-25.csv#53,G039-53
ready,profiles,P0833,Nozzle diameter,Not published,"0,4 mm",R-3DJAKE-3DJAKE-EN-TDS-The-Filament-TPU-95A,"* settings are based on a 0,4 mm nozzle.","p. 1, ""settings are based on a 0.4 mm nozzle"": the page prints ""0,4 mm"" (reader reader-r1-25, text).",agrees,gap-fill,line,reader,reader-r1-25,batch-25.csv#57,G039-53
ready,profiles,P0871,Plate,Not published,"Blue tape, Kapton tape. Recommended: Glass bed + Dimafix spray",R-3DJAKE-3DJAKE-PETG-TDS-10-1,"Build platform: Blue tape, Kapton tape. Recommended: Glass bed + Dimafix spray","p. 1, ""Build platform"": the page prints ""Blue tape, Kapton tape. Recommended: Glass bed + Dimafix spray"" (reader reader-r1-25, text).",agrees,gap-fill,line,reader,reader-r1-25,batch-25.csv#81,G020-54
ready,profiles,P1289,Nozzle diameter,Not published,Hardened Steel with .4mm diameter minimum,X-3DXTECH-PRINT-20260928-46680bcd53a9,Nozzle Specs Hardened Steel with .4mm diameter minimum,"p. 1, ""Nozzle Specs"": the page prints ""Hardened Steel with .4mm diameter minimum"" (reader reader-r1-26, text).",agrees,gap-fill,line,reader,reader-r1-26,batch-26.csv#63,G029-01
ready,profiles,P1292,Nozzle diameter,Not published,0.4mm diameter minimum,X-3DXTECH-PRINT-20260928-5a8d5a8251f9,Nozzle Specs 0.4mm diameter minimum,"p. 1, ""Nozzle Specs"": the page prints ""0.4mm diameter minimum"" (reader reader-r1-26, text).",agrees,gap-fill,line,reader,reader-r1-26,batch-26.csv#74,G053-01
ready,profiles,P1295,Nozzle diameter,Not published,Hardened Steel with .4mm diameter minimum,X-3DXTECH-PRINT-20260928-7b969da511c0,Nozzle Specs Hardened Steel with .4mm diameter minimum,"p. 1, ""Nozzle Specs"": the page prints ""Hardened Steel with .4mm diameter minimum"" (reader reader-r1-26, text).",agrees,gap-fill,line,reader,reader-r1-26,batch-26.csv#86,G037-01
ready,profiles,P0914,Nozzle diameter,Not published,"0,4 mm",R-3DJAKE-ABS-P-TDS-1,"Nozzle: 0,4 mm","p. 1, ""Nozzle"": the page prints ""0,4 mm"" (reader reader-r1-27-b, text).",agrees,gap-fill,line,reader,reader-r1-27-b,batch-27.csv#256,G027-41
ready,profiles,P0914,Plate,Not published,"Blue tape, Kapton tape, Glass bed, Wood bed",R-3DJAKE-ABS-P-TDS-1,"Build platform: Blue tape, Kapton tape, Glass bed, Wood bed","p. 1, ""Build platform"": the page prints ""Blue tape, Kapton tape, Glass bed, Wood bed"" (reader reader-r1-27-b, text).",agrees,gap-fill,line,reader,reader-r1-27-b,batch-27.csv#266,G027-41
ready,profiles,P1275,Nozzle diameter,Not published,at least a 0.6 mm,R-3DJAKE-EN-TDS-LumberLay-pptx,we recommend using at least a 0.6 mm abrasion-resistant nozzle,"p. 1, ""Description"": the page prints ""at least a 0.6 mm"" (reader reader-r1-28-b, text).",agrees,gap-fill,line,reader,reader-r1-28-b,batch-28.csv#5,G014-17
ready,profiles,P1275,Bed °C,Not published,60 °C,R-3DJAKE-EN-TDS-LumberLay-pptx,Bed temp. AF 60 °C,"p. 1, ""Bed temp."": the page prints ""60 °C"" (reader reader-r1-28-b, text).",agrees,gap-fill,line,reader,reader-r1-28-b,batch-28.csv#33,G014-17
ready,profiles,P1275,Plate,Not published,Textured PEI,R-3DJAKE-EN-TDS-LumberLay-pptx,Bed surface / Textured PEI /,"p. 1, ""Bed surface"": the page prints ""Textured PEI"" (reader reader-r1-28-b, text).",agrees,gap-fill,line,reader,reader-r1-28-b,batch-28.csv#36,G014-17
ready,profiles,P0920,Plate,Not published,"Blue tape, Kapton tape, Glass bed",R-3DJAKE-PLA-TDS,"Build platform: Blue tape, Kapton tape, Glass bed","p. 1, ""Build platform"": the page prints ""Blue tape, Kapton tape, Glass bed"" (reader reader-r1-28-b, text).",agrees,gap-fill,line,reader,reader-r1-28-b,batch-28.csv#52,G001-153
ready,profiles,P1101,Plate,Not published,Textured PEI Plate / Smooth PEI Plate/Cool Plate Supertack,B-PC-uVYGQd,Build Plate Type Textured PEI Plate / Smooth PEI Plate/Cool Plate Supertack,"p. 1, ""Build Plate Type"": the page prints ""Textured PEI Plate / Smooth PEI Plate/Cool Plate Supertack"" (reader reader-r1-28-b, text).",agrees,gap-fill,line,reader,reader-r1-28-b,batch-28.csv#330,G001-183
ready,profiles,P0747,Plate,Not published,Glass/PEI + PC adhesive,R-BASF-ExtendedTDS-Ultrafuse-ASA-V2-1,Bed Material | Glass/PEI + PC adhesive,"p. 4, ""Bed Material"": the page prints ""Glass/PEI + PC adhesive"" (reader reader-r1-29-b, text).",agrees,gap-fill,line,reader,reader-r1-29-b,batch-29.csv#211,G031-23
ready,profiles,P0732,Plate,Not published,PEI or Glass,R-BASF-ExtendedTDS-Ultrafuse-PAHT-CF15-V1-5,Bed Material | PEI or Glass,"p. 3, ""Bed Material"": the page prints ""PEI or Glass"" (reader reader-r1-29-b, text).",agrees,gap-fill,line,reader,reader-r1-29-b,batch-29.csv#296,G048-02
ready,profiles,P0741,Plate,Not published,"Glass, PEI",R-BASF-ExtendedTDS-Ultrafuse-PET-CF15-V1-4,"Bed Material | Glass, PEI","p. 3, ""Bed Material"": the page prints ""Glass, PEI"" (reader reader-r1-29-b, text).",agrees,gap-fill,line,reader,reader-r1-29-b,batch-29.csv#426,G067-06
ready,profiles,P0987,Plate,Not published,Spray,R-BASF-Ultrafuse-HiPS-TDS-EN-v2-2,Bed Material | Spray,"p. 2, ""Bed Material"": the page prints ""Spray"" (reader reader-r1-29-b, text).",agrees,gap-fill,line,reader,reader-r1-29-b,batch-29.csv#488,G081-09
ready,profiles,P0560,Plate,Not published,PP bed adhesion solution stick (water soluble),R-BRASKEM-Braskem-3D-Printing-Data-Sheet-FL900PP-CF,Recommended Bed Temperature / Substrate ℃ / Type 80 / PP bed adhesion solution stick (water soluble),"p. 1, ""Recommended Bed Temperature / Substrate"": the page prints ""PP bed adhesion solution stick (water soluble)"" (reader reader-r1-30, text).",agrees,gap-fill,line,reader,reader-r1-30,batch-30.csv#289,G083-02
ready,profiles,P0896,Plate,Not published,"Glass Plate, Glue Stick",R-COLORFABB-TDS-E-ColorFabb-BronzeFill,"Bed / surface modification - Glass Plate, Glue Stick","p. 2, ""Bed / surface modification"": the page prints ""Glass Plate, Glue Stick"" (reader reader-r1-31, text).",agrees,gap-fill,line,reader,reader-r1-31,batch-31.csv#306,G001-136
ready,profiles,P0516,Plate,Not published,Tape or Glue,R-COLORFABB-TDS-E-ColorFabb-Color-on-Demand,Bed / surface modification - Tape or Glue,"p. 2, ""Bed / surface modification"": the page prints ""Tape or Glue"" (reader reader-r1-31, text).",agrees,gap-fill,line,reader,reader-r1-31,batch-31.csv#341,G001-60
ready,profiles,P0997,Plate,Not published,"Glass plate, glue stick, tape",R-COLORFABB-TDS-E-ColorFabb-CopperFill,"Bed / surface modification - Glass plate, glue stick, tape","p. 2, ""Bed / surface modification"": the page prints ""Glass plate, glue stick, tape"" (reader reader-r1-31, text).",agrees,gap-fill,line,reader,reader-r1-31,batch-31.csv#375,G001-156
ready,profiles,P0503,Plate,Not published,Tape or Glue,R-COLORFABB-TDS-E-ColorFabb-Economy-PLA,Bed / surface modification - Tape or Glue,"p. 2, ""Bed / surface modification"": the page prints ""Tape or Glue"" (reader reader-r1-31, text).",agrees,gap-fill,line,reader,reader-r1-31,batch-31.csv#410,G001-59
ready,profiles,P0502,Nozzle diameter,Not published,0.4mm nozzle,R-COLORFABB-TDS-E-ColorFabb-PLA-HP-5210c3,Layerheight 0.2 mm (for 0.4mm nozzle),"p. 1, ""Layerheight (for 0.4mm nozzle)"": the page prints ""0.4mm nozzle"" (reader reader-r1-31, text).",agrees,gap-fill,line,reader,reader-r1-31,batch-31.csv#714,G001-58
ready,profiles,P0510,Plate,Not published,"Glue stick, tape",R-COLORFABB-TDS-E-ColorFabb-PLA-HP-7a500b,"Bed / surface modification - Glue stick, tape","p. 2, ""Bed / surface modification"": the page prints ""Glue stick, tape"" (reader reader-r1-32-b, text).",agrees,gap-fill,line,reader,reader-r1-32-b,batch-32.csv#21,G001-58
ready,profiles,P0517,Plate,Not published,"Tape, Glue Stick",R-COLORFABB-TDS-E-colorFabb-PLA-Regrind,"Bed / surface modification - Tape, Glue Stick","p. 2, ""Bed / surface modification"": the page prints ""Tape, Glue Stick"" (reader reader-r1-32-b, text).",agrees,gap-fill,line,reader,reader-r1-32-b,batch-32.csv#58,G001-61
ready,profiles,P1204,Plate,Not published,Tape or glue,R-COLORFABB-TDS-E-colorFabb-PLA-Vertigo,Bed surface / modification Tape or glue,"p. 2, ""Bed surface / modification"": the page prints ""Tape or glue"" (reader reader-r1-32-b, text).",agrees,gap-fill,line,reader,reader-r1-32-b,batch-32.csv#93,G001-149
ready,profiles,P0895,Plate,Not published,"Glass Plate, Glue Stick, Tape",R-COLORFABB-TDS-E-ColorFabb-SteelFill,"Bed / surface modification - Glass Plate, Glue Stick, Tape","p. 2, ""Bed / surface modification"": the page prints ""Glass Plate, Glue Stick, Tape"" (reader reader-r1-32-b, text).",agrees,gap-fill,line,reader,reader-r1-32-b,batch-32.csv#125,G001-137
ready,profiles,P0451,Plate,Not published,"glass, PEI, spring steel plate",R-ERYONE-eryone-glow-in-the-dark-pla-tds,"Bed material glass, PEI, spring steel plate","p. 1, ""Bed material"": the page prints ""glass, PEI, spring steel plate"" (reader reader-r1-32-b, text).",agrees,gap-fill,line,reader,reader-r1-32-b,batch-32.csv#472,G016-02
ready,profiles,P0447,Plate,Not published,"glass, PEI, spring steel plate",R-ERYONE-eryone-petg-tds,"Bed material glass, PEI, spring steel plate","p. 1, ""Bed material"": the page prints ""glass, PEI, spring steel plate"" (reader reader-r1-32-b, text).",agrees,gap-fill,line,reader,reader-r1-32-b,batch-32.csv#497,G020-21
ready,profiles,P0429,Plate,Not published,"glass, PEI, spring steel plate",R-ERYONE-eryone-pla-light-weight-tds,"Bed material glass, PEI, spring steel plate","p. 1, ""Bed material"": the page prints ""glass, PEI, spring steel plate"" (reader reader-r1-32-b, text).",agrees,gap-fill,line,reader,reader-r1-32-b,batch-32.csv#524,G017-06
ready,profiles,P1210,Plate,Not published,"glass, PEI, spring steel plate",R-ERYONE-eryone-standard-pla-tds,"Bed material glass, PEI, spring steel plate","p. 1, ""Bed material"": the page prints ""glass, PEI, spring steel plate"" (reader reader-r1-32-b, text).",agrees,gap-fill,line,reader,reader-r1-32-b,batch-32.csv#549,G001-191
ready,profiles,P1254,Plate,Not published,"glass, PEI, spring steel plate",R-ERYONE-eryone-standard-tpu-tds,"Bed material | glass, PEI, spring steel plate","p. 1, ""Bed material"": the page prints ""glass, PEI, spring steel plate"" (reader reader-r1-33, text).",agrees,gap-fill,line,reader,reader-r1-33,batch-33.csv#6,G039-61
ready,profiles,P0437,Plate,Not published,"glass, PEI, spring steel plate",R-ERYONE-eryone-tpu-90a-tds,"Bed material | glass, PEI, spring steel plate","p. 1, ""Bed material"": the page prints ""glass, PEI, spring steel plate"" (reader reader-r1-33, text).",agrees,gap-fill,line,reader,reader-r1-33,batch-33.csv#29,G039-20
ready,profiles,P0442,Plate,Not published,"glass, PEI, spring steel plate",R-ERYONE-eryone-tpu-hs-tds,"Bed material | glass, PEI, spring steel plate","p. 1, ""Bed material"": the page prints ""glass, PEI, spring steel plate"" (reader reader-r1-33, text).",agrees,gap-fill,line,reader,reader-r1-33,batch-33.csv#53,G039-21
ready,profiles,P1230,Plate,Not published,"glass, PEI, spring steel plate",R-ERYONE-eryone-wood-pla-tds,"Bed material | glass, PEI, spring steel plate","p. 1, ""Bed material"": the page prints ""glass, PEI, spring steel plate"" (reader reader-r1-33, text).",agrees,gap-fill,line,reader,reader-r1-33,batch-33.csv#81,G014-19
ready,profiles,P0430,Plate,Not published,"glass, PEI, spring steel plate",R-ERYONE-file-manager-downLoad-path-file-manage-3828-20250903-eryone--1d9fed,"Bed material | glass, PEI, spring steel plate","p. 1, ""Bed material"": the page prints ""glass, PEI, spring steel plate"" (reader reader-r1-33, text).",agrees,gap-fill,line,reader,reader-r1-33,batch-33.csv#108,G031-09
ready,profiles,P0431,Plate,Not published,"glass, PEI, spring steel plate",R-ERYONE-file-manager-downLoad-path-file-manage-3828-20250903-eryone--25961c,"Bed material | glass, PEI, spring steel plate","p. 1, ""Bed material"": the page prints ""glass, PEI, spring steel plate"" (reader reader-r1-33, text).",agrees,gap-fill,line,reader,reader-r1-33,batch-33.csv#137,G053-06
ready,profiles,P0434,Plate,Not published,"glass, PEI, spring steel plate",R-ERYONE-file-manager-downLoad-path-file-manage-3828-20250903-eryone--41b571,"Bed material | glass, PEI, spring steel plate","p. 1, ""Bed material"": the page prints ""glass, PEI, spring steel plate"" (reader reader-r1-33, text).",agrees,gap-fill,line,reader,reader-r1-33,batch-33.csv#164,G033-06
ready,profiles,P0438,Plate,Not published,"glass, PEI, spring steel plate",R-ERYONE-file-manager-downLoad-path-file-manage-3828-20250903-eryone--6b5ac4,"Bed material | glass, PEI, spring steel plate","p. 1, ""Bed material"": the page prints ""glass, PEI, spring steel plate"" (reader reader-r1-33, text).",agrees,gap-fill,line,reader,reader-r1-33,batch-33.csv#193,G029-04
ready,profiles,P0441,Plate,Not published,"glass, PEI, spring steel plate",R-ERYONE-file-manager-downLoad-path-file-manage-3828-20250903-eryone--881af5,"Bed material | glass, PEI, spring steel plate","p. 1, ""Bed material"": the page prints ""glass, PEI, spring steel plate"" (reader reader-r1-33, text).",agrees,gap-fill,line,reader,reader-r1-33,batch-33.csv#218,G025-02
ready,profiles,P0443,Plate,Not published,"glass, PEI, spring steel plate",R-ERYONE-file-manager-downLoad-path-file-manage-3828-20250903-eryone--92f474,"Bed material | glass, PEI, spring steel plate","p. 1, ""Bed material"": the page prints ""glass, PEI, spring steel plate"" (reader reader-r1-33, text).",agrees,gap-fill,line,reader,reader-r1-33,batch-33.csv#246,G034-06
ready,profiles,P0445,Plate,Not published,"glass, PEI, spring steel plate",R-ERYONE-file-manager-downLoad-path-file-manage-3828-20250903-eryone--9a96a3,"Bed material glass, PEI, spring steel plate","p. 1, ""Bed material"": the page prints ""glass, PEI, spring steel plate"" (reader reader-r1-33, text).",agrees,gap-fill,line,reader,reader-r1-33,batch-33.csv#274,G031-10
ready,profiles,P0455,Plate,Not published,"glass, PEI, spring steel plate",R-ERYONE-file-manager-downLoad-path-file-manage-3828-20250903-eryone--fbbd78,"Bed material glass, PEI, spring steel plate","p. 1, ""Bed material"": the page prints ""glass, PEI, spring steel plate"" (reader reader-r1-34, text).",agrees,gap-fill,line,reader,reader-r1-34,batch-34.csv#6,G027-15
ready,profiles,P0654,Plate,Not published,Glass,R-ESSENTIUM-TDS-Essentium-TPU-80A-Z,Bed Material Glass,"p. 1, ""Bed Material"": the page prints ""Glass"" (reader reader-r1-34, text).",agrees,gap-fill,line,reader,reader-r1-34,batch-34.csv#117,G039-38
ready,profiles,P1298,Nozzle diameter,Not published,"0.4,0.6",S-ESUN-PRINT-20260928-84a9e8286c29,Printing Recommendation | Dry at70℃/>8h，0.4，0.6hardened steel nozzle enclosed-chamber printing,"p. 1, ""Printing Recommendation"": the page prints ""0.4，0.6"" (reader reader-r1-34, text).",agrees,gap-fill,line,reader,reader-r1-34,batch-34.csv#266,G029-06
ready,profiles,P0651,Nozzle diameter,Not published,0.4 mm,S-PEBA-59754c44,Based on 0.4 mm nozzle and Simplify 3D v.4.1.2. Printing conditions may vary with different nozzle diameters,"p. 2, ""Based on 0.4 mm nozzle"": the page prints ""0.4 mm"" (reader reader-r1-34, text).",agrees,gap-fill,line,reader,reader-r1-34,batch-34.csv#315,G001-89
ready,profiles,P0607,Nozzle diameter,Not published,0.4 mm,S-PEBA-a2d5f9c0,Based on 0.4 mm nozzle and Simplify 3D v.4.1.2. Printing conditions may vary with different nozzle diameters,"p. 2, ""Based on 0.4 mm nozzle"": the page prints ""0.4 mm"" (reader reader-r1-34, text).",agrees,gap-fill,line,reader,reader-r1-34,batch-34.csv#345,G001-81
ready,profiles,P0753,Nozzle diameter,Not published,0.4 mm,S-PEBA-ABS-CF-TDS-V1-2024-07-02,Based on Bambu P1S 0.4 mm nozzle and Orcaslicer1.7.0 Beta. Printing conditions may vary with different,"p. 2, ""Based on Bambu P1S 0.4 mm nozzle"": the page prints ""0.4 mm"" (reader reader-r1-34, text).",agrees,gap-fill,line,reader,reader-r1-34,batch-34.csv#375,G029-06
ready,profiles,P0678,Plate,Not published,PEI,S-PEBA-ABS-ESD-TDS-EN,Build Platform Type PEI,"p. 2, ""Build Platform Type"": the page prints ""PEI"" (reader reader-r1-34, text).",agrees,gap-fill,line,reader,reader-r1-34,batch-34.csv#416,G030-05
ready,profiles,P0581,Nozzle diameter,Not published,0.4 mm,S-PEBA-ABS-GF-TDS-V1-2024-07-02,Based on Bambu P1S 0.4 mm nozzle and Orcaslicer1.7.0 Beta. Printing conditions may vary with different,"p. 2, ""Based on Bambu P1S 0.4 mm nozzle"": the page prints ""0.4 mm"" (reader reader-r1-34, text).",agrees,gap-fill,line,reader,reader-r1-34,batch-34.csv#448,G028-09
ready,profiles,P0641,Nozzle diameter,Not published,0.4 mm,S-PEBA-ABS-HT-TDS-V1-2024-07-02,Based on Bambu P1S 0.4 mm nozzle and Orcaslicer1.7.0 Beta. Printing conditions may vary with different,"p. 2, ""Based on Bambu P1S 0.4 mm nozzle"": the page prints ""0.4 mm"" (reader reader-r1-34, text).",agrees,gap-fill,line,reader,reader-r1-34,batch-34.csv#480,G027-25
ready,profiles,P0660,Plate,Not published,PEI,S-PEBA-ABS-TDS-EN-docx,Build Platform Type PEI,"p. 3, ""Build Platform Type"": the page prints ""PEI"" (reader reader-r1-34, text).",agrees,gap-fill,line,reader,reader-r1-34,batch-34.csv#522,G027-22
ready,profiles,P0588,Nozzle diameter,Not published,0.4 mm,S-PEBA-ASA-TDS-V1-1,Based on Bambu P1S 0.4 mm nozzle and Orcaslicer2.1.0 Beta. Printing conditions may vary with different,"p. 2, ""Based on Bambu P1S 0.4 mm nozzle"": the page prints ""0.4 mm"" (reader reader-r1-34, text).",agrees,gap-fill,line,reader,reader-r1-34,batch-34.csv#558,G031-17
ready,profiles,P0586,Nozzle diameter,Not published,0.4 mm,S-PEBA-eABS-HS-TDS,Based on 0.4 mm nozzle and Simplify 3D v.4.1.2. Printing conditions may vary with different nozzle diameters,"p. 2, ""Based on 0.4 mm nozzle"": the page prints ""0.4 mm"" (reader reader-r1-34, text).",agrees,gap-fill,line,reader,reader-r1-34,batch-34.csv#589,G027-20
ready,profiles,P0665,Nozzle diameter,Not published,0.4 mm,S-PEBA-ePLA-HS,Based on 0.4 mm nozzle and Simplify 3D v.4.1.2. Printing conditions may vary with different nozzle diameters,"p. 2, ""Based on 0.4 mm nozzle"": the page prints ""0.4 mm"" (reader reader-r1-34, text).",agrees,gap-fill,line,reader,reader-r1-34,batch-34.csv#619,G001-91
ready,profiles,P0627,Nozzle diameter,Not published,0.4 mm,S-PEBA-ePLA-HS-Filament-TDS,Based on 0.4 mm nozzle and Simplify 3D v.4.1.2. Printing conditions may vary with different nozzle diameters,"p. 2, ""Based on 0.4 mm nozzle"": the page prints ""0.4 mm"" (reader reader-r1-34, text).",agrees,gap-fill,line,reader,reader-r1-34,batch-34.csv#649,G001-85
ready,profiles,P0704,Nozzle diameter,Not published,0.4 mm,S-PEBA-ePLA-Metal-TDS,Based on 0.4 mm nozzle and Simplify 3D v.4.1.2. Printing conditions may vary with different nozzle diameters,"p. 2, ""Based on 0.4 mm nozzle"": the page prints ""0.4 mm"" (reader reader-r1-34, text).",agrees,gap-fill,line,reader,reader-r1-34,batch-34.csv#680,G011-05
ready,profiles,P0652,Plate,Not published,PEI,S-PEBA-eSUN-PETG-Filament-TDS-1,Build Platform Type PEI,"p. 2, ""Build Platform Type"": the page prints ""PEI"" (reader reader-r1-35, text).",agrees,gap-fill,line,reader,reader-r1-35,batch-35.csv#486,G020-32
ready,profiles,P0650,Nozzle diameter,Not published,0.4 mm nozzle,S-PEBA-eSUN-TPU-95A-Filament-TDS-V4-0,Based on 0.4 mm nozzle and Simplify 3D v.4.1.2. Printing conditions may vary with different nozzle diameters,"p. 2, ""Based on"": the page prints ""0.4 mm nozzle"" (reader reader-r1-36-b, text).",agrees,gap-fill,line,reader,reader-r1-36-b,batch-36.csv#21,G039-37
ready,profiles,P1252,Nozzle diameter,Not published,0.4 mm nozzle,S-PEBA-eSUN-TPU-HS-Filament-TDS,Based on 0.4 mm nozzle and Simplify 3D v.4.1.2. Printing conditions may vary with different nozzle diameters,"p. 2, ""Based on"": the page prints ""0.4 mm nozzle"" (reader reader-r1-36-b, text).",agrees,gap-fill,line,reader,reader-r1-36-b,batch-36.csv#55,G039-58
ready,profiles,P0887,Nozzle diameter,Not published,0.4 mm nozzle,S-PEBA-eSUN-Twinkling-Filament-TDS-V4-0,Based on 0.4 mm nozzle and Simplify 3D v.4.1.2. Printing conditions may vary with different nozzle diameters,"p. 2, ""Based on"": the page prints ""0.4 mm nozzle"" (reader reader-r1-36-b, text).",agrees,gap-fill,line,reader,reader-r1-36-b,batch-36.csv#89,G013-04
ready,profiles,P0884,Nozzle diameter,Not published,0.4 mm nozzle,S-PEBA-eSUN-Wood-Filament-TDS-V4-0,Based on 0.4 mm nozzle and Simplify 3D v.4.1.2. Printing conditions may vary with different nozzle diameters,"p. 2, ""Based on"": the page prints ""0.4 mm nozzle"" (reader reader-r1-36-b, text).",agrees,gap-fill,line,reader,reader-r1-36-b,batch-36.csv#121,G014-12
ready,profiles,P0057,Plate,Not published,PEI,S-PEBA-PEBA90A-TDS-en,Build Plate Material PEI,"p. 2, ""Build Plate Material"": the page prints ""PEI"" (reader reader-r1-36-b, text).",agrees,gap-fill,line,reader,reader-r1-36-b,batch-36.csv#205,G045-01
ready,profiles,P0690,Plate,Not published,PEI,S-PEBA-PETG-Basic-TDS,Build Platform Type PEI,"p. 2, ""Build Platform Type"": the page prints ""PEI"" (reader reader-r1-36-b, text).",agrees,gap-fill,line,reader,reader-r1-36-b,batch-36.csv#255,G020-37
ready,profiles,P0755,Nozzle diameter,Not published,0.4 mm nozzle,S-PEBA-PETG-CF-TDS-V1-2024-07-02,Based on Bambu P1S 0.4 mm nozzle and Orcaslicer1.7.0 Beta. Printing conditions may vary with different,"p. 2, ""Based on"": the page prints ""0.4 mm nozzle"" (reader reader-r1-36-b, text).",agrees,gap-fill,line,reader,reader-r1-36-b,batch-36.csv#290,G024-15
ready,profiles,P0680,Plate,Not published,PEI,S-PEBA-PETG-ESD-TDS-EN,Build Platform Type PEI,"p. 2, ""Build Platform Type"": the page prints ""PEI"" (reader reader-r1-36-b, text).",agrees,gap-fill,line,reader,reader-r1-36-b,batch-36.csv#333,G026-07
ready,profiles,P0701,Plate,Not published,PEI,S-PEBA-PETG-Matte-TDS,Build Platform Type PEI,"p. 2, ""Build Platform Type"": the page prints ""PEI"" (reader reader-r1-36-b, text).",agrees,gap-fill,line,reader,reader-r1-36-b,batch-36.csv#377,G020-38
ready,profiles,P0687,Plate,Not published,PEI,S-PEBA-PETG-TDS-en,Build Platform Type PEI,"p. 3, ""Build Platform Type"": the page prints ""PEI"" (reader reader-r1-36-b, text).",agrees,gap-fill,line,reader,reader-r1-36-b,batch-36.csv#419,G020-35
ready,profiles,P0693,Plate,Not published,PEI,S-PEBA-PLA-Basic-TDS-EN,Build Platform Type PEI,"p. 2, ""Build Platform Type"": the page prints ""PEI"" (reader reader-r1-36-b, text).",agrees,gap-fill,line,reader,reader-r1-36-b,batch-36.csv#462,G001-94
ready,profiles,P0616,Plate,Not published,纹理PEI打印板,S-PEBA-PLA-Basic-TDS-EN-2026-6-5,Build Platform Type 纹理PEI打印板,"p. 2, ""Build Platform Type"": the page prints ""纹理PEI打印板"" (reader reader-r1-36-b, text).",agrees,gap-fill,line,reader,reader-r1-36-b,batch-36.csv#504,G001-83
ready,profiles,P0708,Nozzle diameter,Not published,0.4 mm nozzle,S-PEBA-PLA-Basic-TDS-V1-2024-08-07,Based on Bambu P1S 0.4 mm nozzle and Orcaslicer2.1.0 Beta. Printing conditions may vary with different,"p. 2, ""Based on"": the page prints ""0.4 mm nozzle"" (reader reader-r1-36-b, text).",agrees,gap-fill,line,reader,reader-r1-36-b,batch-36.csv#538,G001-97
ready,profiles,P0629,Plate,Not published,PEI,S-PEBA-PLA-Cast-TDS-EN-2025-8-27,Build Platform Type PEI,"p. 2, ""Build Platform Type"": the page prints ""PEI"" (reader reader-r1-36-b, text).",agrees,gap-fill,line,reader,reader-r1-36-b,batch-36.csv#580,G001-86
ready,profiles,P0585,Nozzle diameter,Not published,0.4mm nozzle,S-PEBA-PLA-CMYK-TDS-2024-06-30,Based on Bambu P1S 0.4mm nozzle and Orcaslicer2.1.0 Beta. Printing conditions may vary with different,"p. 2, ""Based on"": the page prints ""0.4mm nozzle"" (reader reader-r1-36-b, text).",agrees,gap-fill,line,reader,reader-r1-36-b,batch-36.csv#613,G001-74
ready,profiles,P0601,Plate,Not published,纹理PEI打印板,S-PEBA-PLA-HF-TDS-2026-2-2,Build Platform Type 纹理PEI打印板,"p. 2, ""Build Platform Type"": the page prints ""纹理PEI打印板"" (reader reader-r1-37, text).",agrees,gap-fill,line,reader,reader-r1-37,batch-37.csv#22,G001-80
ready,profiles,P0639,Plate,Not published,PEI,S-PEBA-PLA-HS-TDS,Build Platform Type PEI,"p. 2, ""Build Platform Type"": the page prints ""PEI"" (reader reader-r1-37, text).",agrees,gap-fill,line,reader,reader-r1-37,batch-37.csv#52,G001-88
ready,profiles,P0587,Nozzle diameter,Not published,0.4 mm nozzle,S-PEBA-PLA-Matte-Dual-Filament-TDS-V4-0,Based on 0.4 mm nozzle and Simplify 3D v.4.1.2. Printing conditions may vary with different nozzle diameters,"p. 2, ""Based on"": the page prints ""0.4 mm nozzle"" (reader reader-r1-37, text).",agrees,gap-fill,line,reader,reader-r1-37,batch-37.csv#78,G001-75
ready,profiles,P0577,Plate,Not published,PEI,S-PEBA-PLA-Matte-TDS-2025-06-19-1,Build Platform Type PEI,"p. 2, ""Build Platform Type"": the page prints ""PEI"" (reader reader-r1-37, text).",agrees,gap-fill,line,reader,reader-r1-37,batch-37.csv#105,G001-71
ready,profiles,P0595,Plate,Not published,纹理PEI打印板,S-PEBA-PLA-TDS-en,Build Platform Type 纹理PEI打印板,"p. 2, ""Build Platform Type"": the page prints ""纹理PEI打印板"" (reader reader-r1-37, text).",agrees,gap-fill,line,reader,reader-r1-37,batch-37.csv#136,G001-78
ready,profiles,P0683,Nozzle diameter,Not published,0.4 mm nozzle,S-PEBA-PLA-UV-Color-Change-FilamentTDS,Based on 0.4 mm nozzle and Simplify 3D v.4.1.2. Printing conditions may vary with different nozzle diameters,"p. 2, ""Based on"": the page prints ""0.4 mm nozzle"" (reader reader-r1-37, text).",agrees,gap-fill,line,reader,reader-r1-37,batch-37.csv#162,G001-92
ready,profiles,P0378,Nozzle diameter,Not published,0.4mm Nozzle,R-EXTRUDR-durapro-asa-TDS-en,Recommended settings | 0.4mm Nozzle,"p. 1, ""Recommended settings"": the page prints ""0.4mm Nozzle"" (reader reader-r1-37, visual-only).",agrees,gap-fill,pieces,reader,reader-r1-37,batch-37.csv#432,G031-07
ready,profiles,P0395,Nozzle diameter,Not published,at least 0.6 mm,R-EXTRUDR-durapro-pa12-cf-TDS-en,a nozzle diameter of at least 0.6 mm should be used to prevent clogging and ensure smooth extrusion,"p. 2, ""Note"": the page prints ""at least 0.6 mm"" (reader reader-r1-37, text).",agrees,gap-fill,line,reader,reader-r1-37,batch-37.csv#470,G053-04
ready,profiles,P0766,Nozzle diameter,Not published,0.5 mm Nozzle,R-EXTRUDR-durapro-pa12-cf-TDS-en-11cea4,Recommended settings for printers with a 0.5 mm Nozzle. Max. 50% layerheight. Optimal print settings may vary between different printers and also depend on environmental factors.,"p. 2, ""Recommended settings"": the page prints ""0.5 mm Nozzle"" (reader reader-r1-37, text).",agrees,gap-fill,line,reader,reader-r1-37,batch-37.csv#507,G053-04
ready,profiles,P0394,Nozzle diameter,Not published,at least 0.6 mm,R-EXTRUDR-durapro-pa6-cf-TDS-en,a nozzle diameter of at least 0.6 mm should be used to prevent clogging and ensure smooth extrusion,"p. 1, ""Note"": the page prints ""at least 0.6 mm"" (reader reader-r1-37, text).",agrees,gap-fill,line,reader,reader-r1-37,batch-37.csv#571,G050-05
ready,profiles,P0391,Nozzle diameter,Not published,at least 0.6 mm,R-EXTRUDR-durapro-pa6-gf-TDS-en,a nozzle diameter of at least 0.6 mm should be used to prevent clogging and ensure smooth extrusion,"p. 1, ""Note"": the page prints ""at least 0.6 mm"" (reader reader-r1-37, text).",agrees,gap-fill,line,reader,reader-r1-37,batch-37.csv#600,G051-05
ready,profiles,P0389,Nozzle diameter,Not published,0.4 mm Nozzle,R-EXTRUDR-durapro-pc-fr-v0-TDS-en,Recommended settings for printers with a 0.4 mm Nozzle. Max. 50% layerheight. Optimal print settings may vary between different printers and also depend on environmental factors.,"p. 2, ""Recommended settings"": the page prints ""0.4 mm Nozzle"" (reader reader-r1-37, text).",agrees,gap-fill,line,reader,reader-r1-37,batch-37.csv#650,G035-11
ready,profiles,P0384,Nozzle diameter,Not published,0.4mm Nozzle,R-EXTRUDR-durapro-pc-pbt-TDS-en,Recommended settings for printers with a 0.4mm Nozzle. Max. 50% layerheight.,"p. 2, ""Recommended settings for printers with a 0.4mm Nozzle"": the page prints ""0.4mm Nozzle"" (reader reader-r1-38-b, text).",agrees,gap-fill,line,reader,reader-r1-38-b,batch-38.csv#50,G095-02
ready,profiles,P0377,Nozzle diameter,Not published,0.4mm Nozzle,R-EXTRUDR-flex-semisoft-TDS-en,Recommended settings for printers with a 0.4mm Nozzle.,"p. 1, ""Recommended settings for printers with a 0.4mm Nozzle"": the page prints ""0.4mm Nozzle"" (reader reader-r1-38-b, text).",agrees,gap-fill,line,reader,reader-r1-38-b,batch-38.csv#118,G039-15
ready,profiles,P0809,Nozzle diameter,Not published,0.4mm Nozzle,R-EXTRUDR-flex-semisoft-TDS-en-f4e958,Recommended settings for printers with a 0.4mm Nozzle.,"p. 1, ""Recommended settings for printers with a 0.4mm Nozzle"": the page prints ""0.4mm Nozzle"" (reader reader-r1-38-b, text).",agrees,gap-fill,line,reader,reader-r1-38-b,batch-38.csv#150,G039-15
ready,profiles,P0992,Nozzle diameter,Not published,0.4mm Nozzle,R-EXTRUDR-pearl-TDS-en,Recommended settings for printers with a 0.4mm Nozzle.,"p. 1, ""Recommended settings for printers with a 0.4mm Nozzle"": the page prints ""0.4mm Nozzle"" (reader reader-r1-38-b, text).",agrees,gap-fill,line,reader,reader-r1-38-b,batch-38.csv#173,G001-173
ready,profiles,P0380,Nozzle diameter,Not published,0.4mm Nozzle,R-EXTRUDR-petg-bundle-TDS-en,Recommended settings for printers with a 0.4mm Nozzle.,"p. 1, ""Recommended settings for printers with a 0.4mm Nozzle"": the page prints ""0.4mm Nozzle"" (reader reader-r1-38-b, text).",agrees,gap-fill,line,reader,reader-r1-38-b,batch-38.csv#202,G020-17
ready,profiles,P0565,Nozzle diameter,Not published,0.4mm Nozzle,R-EXTRUDR-petg-TDS-en,Recommended settings for printers with a 0.4mm Nozzle.,"p. 1, ""Recommended settings for printers with a 0.4mm Nozzle"": the page prints ""0.4mm Nozzle"" (reader reader-r1-38-b, text).",agrees,gap-fill,line,reader,reader-r1-38-b,batch-38.csv#231,G020-17
ready,profiles,P0563,Nozzle diameter,Not published,0.4mm Nozzle,R-EXTRUDR-pla-basic-cmyk-TDS-en,Recommended settings for printers with a 0.4mm Nozzle.,"p. 1, ""Recommended settings for printers with a 0.4mm Nozzle"": the page prints ""0.4mm Nozzle"" (reader reader-r1-38-b, text).",agrees,gap-fill,line,reader,reader-r1-38-b,batch-38.csv#255,G001-34
ready,profiles,P0387,Nozzle diameter,Not published,0.4mm Nozzle,R-EXTRUDR-pla-basic-TDS-en,Recommended settings for printers with a 0.4mm Nozzle.,"p. 1, ""Recommended settings for printers with a 0.4mm Nozzle"": the page prints ""0.4mm Nozzle"" (reader reader-r1-38-b, text).",agrees,gap-fill,line,reader,reader-r1-38-b,batch-38.csv#279,G001-34
ready,profiles,P0564,Nozzle diameter,Not published,0.4mm Nozzle,R-EXTRUDR-pla-high-speed-TDS-en,Recommended settings for printers with a 0.4mm Nozzle.,"p. 1, ""Recommended settings for printers with a 0.4mm Nozzle"": the page prints ""0.4mm Nozzle"" (reader reader-r1-38-b, text).",agrees,gap-fill,line,reader,reader-r1-38-b,batch-38.csv#307,G001-35
ready,profiles,P0390,Nozzle diameter,Not published,0.4mm Nozzle,R-EXTRUDR-pla-hs-TDS-en,Recommended settings for printers with a 0.4mm Nozzle.,"p. 1, ""Recommended settings for printers with a 0.4mm Nozzle"": the page prints ""0.4mm Nozzle"" (reader reader-r1-38-b, text).",agrees,gap-fill,line,reader,reader-r1-38-b,batch-38.csv#335,G001-35
ready,profiles,P0785,Nozzle diameter,Not published,0.4mm Nozzle,R-EXTRUDR-pla-hs-TDS-en-8f08c1,Recommended settings for printers with a 0.4mm Nozzle.,"p. 1, ""Recommended settings for printers with a 0.4mm Nozzle"": the page prints ""0.4mm Nozzle"" (reader reader-r1-38-b, text).",agrees,gap-fill,line,reader,reader-r1-38-b,batch-38.csv#363,G001-35
ready,profiles,P0386,Nozzle diameter,Not published,0.4mm Nozzle,R-EXTRUDR-pla-nx2-matt-TDS-en,Recommended settings for printers with a 0.4mm Nozzle.,"p. 1, ""Recommended settings for printers with a 0.4mm Nozzle"": the page prints ""0.4mm Nozzle"" (reader reader-r1-38-b, text).",agrees,gap-fill,line,reader,reader-r1-38-b,batch-38.csv#389,G001-33
ready,profiles,P0385,Nozzle diameter,Not published,0.4mm Nozzle,R-EXTRUDR-pla-tough-TDS-en,Recommended settings for printers with a 0.4mm Nozzle.,"p. 1, ""Recommended settings for printers with a 0.4mm Nozzle"": the page prints ""0.4mm Nozzle"" (reader reader-r1-38-b, text).",agrees,gap-fill,line,reader,reader-r1-38-b,batch-38.csv#466,G001-32
ready,profiles,P1291,Nozzle diameter,Not published,0.4 mm nozzle,R-EXTRUDR-PRINT-20260928-526b472f69cc,Recommended settings for printers with a 0.4 mm nozzle. Max. 50% layer height.,"p. 1, ""Recommended settings for printers with a 0.4 mm nozzle"": the page prints ""0.4 mm nozzle"" (reader reader-r1-38-b, text).",agrees,gap-fill,line,reader,reader-r1-38-b,batch-38.csv#481,G029-03
ready,profiles,P1301,Nozzle diameter,Not published,0.4 mm nozzle,R-EXTRUDR-PRINT-20260928-8ac1c5367674,Recommended settings for printers with a 0.4 mm nozzle. Max. 50% layer height.,"p. 1, ""Recommended settings for printers with a 0.4 mm nozzle"": the page prints ""0.4 mm nozzle"" (reader reader-r1-38-b, text).",agrees,gap-fill,line,reader,reader-r1-38-b,batch-38.csv#524,G095-02
ready,profiles,P1312,Nozzle diameter,Not published,0.4 mm nozzle,R-EXTRUDR-PRINT-20260929-5f1378a7bff2,Recommended settings for printers with a 0.4 mm nozzle. Max. 50% layer height.,"p. 1, ""Recommended settings for printers with a 0.4 mm nozzle"": the page prints ""0.4 mm nozzle"" (reader reader-r1-38-b, text).",agrees,gap-fill,line,reader,reader-r1-38-b,batch-38.csv#572,G014-18
ready,profiles,P1315,Nozzle diameter,Not published,0.4 mm nozzle,R-EXTRUDR-PRINT-20260929-c415150859a4,Recommended settings for printers with a 0.4 mm nozzle. Max. 50% layer height.,"p. 1, ""Recommended settings for printers with a 0.4 mm nozzle"": the page prints ""0.4 mm nozzle"" (reader reader-r1-38-b, text).",agrees,gap-fill,line,reader,reader-r1-38-b,batch-38.csv#609,G039-15
ready,profiles,P1025,Nozzle diameter,Not published,0.5mm Nozzle,R-EXTRUDR-wood-TDS-en,Recommended settings for printers with a 0.5mm Nozzle.,"p. 1, ""Recommended settings for printers with a 0.5mm Nozzle"": the page prints ""0.5mm Nozzle"" (reader reader-r1-38-b, text).",agrees,gap-fill,line,reader,reader-r1-38-b,batch-38.csv#647,G014-18
ready,profiles,P0803,Nozzle diameter,Not published,0.4mm Nozzle,R-EXTRUDR-xpetg-cf-TDS-en,Recommended settings for printers with a 0.4mm Nozzle.,"p. 1, ""Recommended settings for printers with a 0.4mm Nozzle"": the page prints ""0.4mm Nozzle"" (reader reader-r1-38-b, text).",agrees,gap-fill,line,reader,reader-r1-38-b,batch-38.csv#672,G024-09
ready,profiles,P0881,Nozzle diameter,Not published,0.4mm Nozzle,R-EXTRUDR-xpetg-matt-TDS-en,Recommended settings for printers with a 0.4mm Nozzle.,"p. 1, ""Recommended settings for printers with a 0.4mm Nozzle"": the page prints ""0.4mm Nozzle"" (reader reader-r1-38-b, text).",agrees,gap-fill,line,reader,reader-r1-38-b,batch-38.csv#723,G020-56
ready,profiles,P1385,Nozzle °C,Not published,220–250 °C,R-EXTRUDR-PRIORITY-20261003-4eb5a75440e8,Nozzle temperature 220–250 °C | Recommended settings for printers with a 0.4 mm nozzle. Max. 50% layer height.,"p. 1, ""Nozzle temperature"": the page prints ""220–250 °C"" (reader reader-r1-39, text).",agrees,gap-fill,line,reader,reader-r1-39,batch-39.csv#6,G029-03
ready,profiles,P1385,Bed °C,Not published,100–110 °C,R-EXTRUDR-PRIORITY-20261003-4eb5a75440e8,Build plate temperature 100–110 °C,"p. 1, ""Build plate temperature"": the page prints ""100–110 °C"" (reader reader-r1-39, text).",agrees,gap-fill,line,reader,reader-r1-39,batch-39.csv#7,G029-03
ready,profiles,P1385,Plate,Not published,Recommended,R-EXTRUDR-PRIORITY-20261003-4eb5a75440e8,Surface preparation Recommended,"p. 1, ""Surface preparation"": the page prints ""Recommended"" (reader reader-r1-39, text).",agrees,gap-fill,line,reader,reader-r1-39,batch-39.csv#8,G029-03
ready,profiles,P1385,Enclosure,Not published,Yes,R-EXTRUDR-PRIORITY-20261003-4eb5a75440e8,Enclosed chamber required Yes,"p. 1, ""Enclosed chamber required"": the page prints ""Yes"" (reader reader-r1-39, text).",agrees,gap-fill,line,reader,reader-r1-39,batch-39.csv#11,G029-03
ready,profiles,P1385,Drying,Not published,60 °C | 10 h,R-EXTRUDR-PRIORITY-20261003-4eb5a75440e8,Drying temperature 60 °C | Drying time 10 h,"p. 1, ""Drying temperature / Drying time"": the page prints ""60 °C | 10 h"" (reader reader-r1-39, text).",agrees,gap-fill,line,reader,reader-r1-39,batch-39.csv#15,G029-03
ready,profiles,P1386,Nozzle °C,Not published,220–250 °C,R-EXTRUDR-PRIORITY-20261003-4f4b613ed9d4,Nozzle temperature 220–250 °C | Recommended settings for printers with a 0.4 mm nozzle. Max. 50% layer height.,"p. 1, ""Nozzle temperature"": the page prints ""220–250 °C"" (reader reader-r1-39, text).",agrees,gap-fill,line,reader,reader-r1-39,batch-39.csv#51,G027-11
ready,profiles,P1386,Bed °C,Not published,100–110 °C,R-EXTRUDR-PRIORITY-20261003-4f4b613ed9d4,Build plate temperature 100–110 °C,"p. 1, ""Build plate temperature"": the page prints ""100–110 °C"" (reader reader-r1-39, text).",agrees,gap-fill,line,reader,reader-r1-39,batch-39.csv#52,G027-11
ready,profiles,P1386,Plate,Not published,Recommended,R-EXTRUDR-PRIORITY-20261003-4f4b613ed9d4,Surface preparation Recommended,"p. 1, ""Surface preparation"": the page prints ""Recommended"" (reader reader-r1-39, text).",agrees,gap-fill,line,reader,reader-r1-39,batch-39.csv#53,G027-11
ready,profiles,P1386,Enclosure,Not published,Yes,R-EXTRUDR-PRIORITY-20261003-4f4b613ed9d4,Enclosed chamber required Yes,"p. 1, ""Enclosed chamber required"": the page prints ""Yes"" (reader reader-r1-39, text).",agrees,gap-fill,line,reader,reader-r1-39,batch-39.csv#56,G027-11
ready,profiles,P1386,Abrasion / clogging,Not published,Hardened nozzle required: No,R-EXTRUDR-PRIORITY-20261003-4f4b613ed9d4,Hardened nozzle required No,"p. 1, ""Hardened nozzle required"": the page prints ""No"" (reader reader-r1-39, text). The sheet's label is written before its bare answer.",agrees,gap-fill,line,reader,reader-r1-39,batch-39.csv#57,G027-11
ready,profiles,P1387,Nozzle °C,Not published,220–250 °C,R-EXTRUDR-PRIORITY-20261003-88316f653878,Nozzle temperature 220–250 °C | Recommended settings for printers with a 0.4 mm nozzle. Max. 50% layer height.,"p. 1, ""Nozzle temperature"": the page prints ""220–250 °C"" (reader reader-r1-39, text).",agrees,gap-fill,line,reader,reader-r1-39,batch-39.csv#91,G024-09
ready,profiles,P1387,Bed °C,Not published,60–90 °C,R-EXTRUDR-PRIORITY-20261003-88316f653878,Build plate temperature 60–90 °C,"p. 1, ""Build plate temperature"": the page prints ""60–90 °C"" (reader reader-r1-39, text).",agrees,gap-fill,line,reader,reader-r1-39,batch-39.csv#92,G024-09
ready,profiles,P1387,Plate,Not published,Not required,R-EXTRUDR-PRIORITY-20261003-88316f653878,Surface preparation Not required,"p. 1, ""Surface preparation"": the page prints ""Not required"" (reader reader-r1-39, text).",agrees,gap-fill,line,reader,reader-r1-39,batch-39.csv#93,G024-09
ready,profiles,P1387,Enclosure,Not published,For larger components,R-EXTRUDR-PRIORITY-20261003-88316f653878,Enclosed chamber required For larger components,"p. 1, ""Enclosed chamber required"": the page prints ""For larger components"" (reader reader-r1-39, text).",agrees,gap-fill,line,reader,reader-r1-39,batch-39.csv#96,G024-09
ready,profiles,P1387,Abrasion / clogging,Not published,Hardened nozzle required: Yes,R-EXTRUDR-PRIORITY-20261003-88316f653878,Hardened nozzle required Yes,"p. 1, ""Hardened nozzle required"": the page prints ""Yes"" (reader reader-r1-39, text). The sheet's label is written before its bare answer.",agrees,gap-fill,line,reader,reader-r1-39,batch-39.csv#97,G024-09
ready,profiles,P1388,Nozzle °C,Not published,230–270 °C,R-EXTRUDR-PRIORITY-20261003-8f1f07e586ce,Nozzle temperature 230–270 °C | Recommended settings for printers with a 0.4 mm nozzle. Max. 50% layer height.,"p. 1, ""Nozzle temperature"": the page prints ""230–270 °C"" (reader reader-r1-39, text).",agrees,gap-fill,line,reader,reader-r1-39,batch-39.csv#136,G034-05
ready,profiles,P1388,Bed °C,Not published,110 °C,R-EXTRUDR-PRIORITY-20261003-8f1f07e586ce,Build plate temperature 110 °C,"p. 1, ""Build plate temperature"": the page prints ""110 °C"" (reader reader-r1-39, text).",agrees,gap-fill,line,reader,reader-r1-39,batch-39.csv#137,G034-05
ready,profiles,P1388,Plate,Not published,Recommended,R-EXTRUDR-PRIORITY-20261003-8f1f07e586ce,Surface preparation Recommended,"p. 1, ""Surface preparation"": the page prints ""Recommended"" (reader reader-r1-39, text).",agrees,gap-fill,line,reader,reader-r1-39,batch-39.csv#138,G034-05
ready,profiles,P1388,Enclosure,Not published,Yes,R-EXTRUDR-PRIORITY-20261003-8f1f07e586ce,Enclosed chamber required Yes,"p. 1, ""Enclosed chamber required"": the page prints ""Yes"" (reader reader-r1-39, text).",agrees,gap-fill,line,reader,reader-r1-39,batch-39.csv#141,G034-05
ready,profiles,P1389,Nozzle °C,Not published,210–240 °C,R-EXTRUDR-PRIORITY-20261003-967a9be07d31,Nozzle temperature 210–240 °C | Recommended settings for printers with a 0.4 mm nozzle. Max. 50% layer height.,"p. 1, ""Nozzle temperature"": the page prints ""210–240 °C"" (reader reader-r1-39, text).",agrees,gap-fill,line,reader,reader-r1-39,batch-39.csv#182,G020-56
ready,profiles,P1389,Bed °C,Not published,60–90 °C,R-EXTRUDR-PRIORITY-20261003-967a9be07d31,Build plate temperature 60–90 °C,"p. 1, ""Build plate temperature"": the page prints ""60–90 °C"" (reader reader-r1-39, text).",agrees,gap-fill,line,reader,reader-r1-39,batch-39.csv#183,G020-56
ready,profiles,P1389,Plate,Not published,Not required,R-EXTRUDR-PRIORITY-20261003-967a9be07d31,Surface preparation Not required,"p. 1, ""Surface preparation"": the page prints ""Not required"" (reader reader-r1-39, text).",agrees,gap-fill,line,reader,reader-r1-39,batch-39.csv#184,G020-56
ready,profiles,P1389,Enclosure,Not published,For larger components,R-EXTRUDR-PRIORITY-20261003-967a9be07d31,Enclosed chamber required For larger components,"p. 1, ""Enclosed chamber required"": the page prints ""For larger components"" (reader reader-r1-39, text).",agrees,gap-fill,line,reader,reader-r1-39,batch-39.csv#187,G020-56
ready,profiles,P1389,Abrasion / clogging,Not published,Hardened nozzle required: No,R-EXTRUDR-PRIORITY-20261003-967a9be07d31,Hardened nozzle required No,"p. 1, ""Hardened nozzle required"": the page prints ""No"" (reader reader-r1-39, text). The sheet's label is written before its bare answer.",agrees,gap-fill,line,reader,reader-r1-39,batch-39.csv#188,G020-56
ready,profiles,P1392,Nozzle °C,Not published,270–300 °C,R-EXTRUDR-PRIORITY-20261003-e49b91234afa,Nozzle temperature 270–300 °C | Recommended settings for printers with a 0.4 mm nozzle. Max. 50% layer height.,"p. 1, ""Nozzle temperature"": the page prints ""270–300 °C"" (reader reader-r1-39, text).",agrees,gap-fill,line,reader,reader-r1-39,batch-39.csv#223,G050-05
ready,profiles,P1392,Bed °C,Not published,80–100 °C,R-EXTRUDR-PRIORITY-20261003-e49b91234afa,Build plate temperature 80–100 °C,"p. 1, ""Build plate temperature"": the page prints ""80–100 °C"" (reader reader-r1-39, text).",agrees,gap-fill,line,reader,reader-r1-39,batch-39.csv#224,G050-05
ready,profiles,P1392,Plate,Not published,Recommended,R-EXTRUDR-PRIORITY-20261003-e49b91234afa,Surface preparation Recommended,"p. 1, ""Surface preparation"": the page prints ""Recommended"" (reader reader-r1-39, text).",agrees,gap-fill,line,reader,reader-r1-39,batch-39.csv#225,G050-05
ready,profiles,P1392,Enclosure,Not published,Yes,R-EXTRUDR-PRIORITY-20261003-e49b91234afa,Enclosed chamber required Yes,"p. 1, ""Enclosed chamber required"": the page prints ""Yes"" (reader reader-r1-39, text).",agrees,gap-fill,line,reader,reader-r1-39,batch-39.csv#228,G050-05
ready,profiles,P0488,Nozzle diameter,Not published,0.4 mm,R-FIBERLOGY-FiberWORKS-PETG-TDS,Nozzle: 0.4 mm,"p. 2, ""Nozzle"": the page prints ""0.4 mm"" (reader reader-r1-43, text).",agrees,gap-fill,line,reader,reader-r1-43,batch-43.csv#204,G020-25
ready,profiles,P0489,Nozzle diameter,Not published,0.4 mm,R-FIBERLOGY-FiberWORKS-PLA-TDS,Nozzle: 0.4 mm,"p. 2, ""Nozzle"": the page prints ""0.4 mm"" (reader reader-r1-43, text).",agrees,gap-fill,line,reader,reader-r1-43,batch-43.csv#232,G001-53
ready,profiles,P1294,Plate,Not published,Smooth PEI + adhesive; Textured PEI + adhesive; Glass + adhesive,R-FIBERLOGY-PRINT-20260928-78dc0a4f3640,Bed material: Smooth PEI + adhesive; Textured PEI + adhesive; Glass + adhesive,"p. 1, ""Bed material"": the page prints ""Smooth PEI + adhesive; Textured PEI + adhesive; Glass + adhesive"" (reader reader-r1-43, text).",agrees,gap-fill,line,reader,reader-r1-43,batch-43.csv#253,G054-03
ready,profiles,P0931,Plate,Not published,"BuildTak®,Glass,BlueTape,PEI",R-FILAMENT2PRINT-F2P-ASA-EN,"Compatible Print Beds BuildTak®,Glass,BlueTape,PEI","p. 1, ""Compatible Print Beds"": the page prints ""BuildTak®,Glass,BlueTape,PEI"" (reader reader-r1-43, text).",agrees,gap-fill,line,reader,reader-r1-43,batch-43.csv#321,G031-34
ready,profiles,P0950,Plate,Not published,"BuildTak®,Glass,BlueTape,PEI",R-FILAMENT2PRINT-F2P-PETG-EN,"Compatible Print Beds BuildTak®,Glass,BlueTape,PEI","p. 1, ""Compatible Print Beds"": the page prints ""BuildTak®,Glass,BlueTape,PEI"" (reader reader-r1-43, text).",agrees,gap-fill,line,reader,reader-r1-43,batch-43.csv#345,G020-63
ready,profiles,P0535,Plate,Not published,"3Dlac, glue stick",R-FILLAMENTUM-Technical-Data-Sheet-ABS-Extrafill-03012019-1,"Adhesive 3Dlac, glue stick","p. 1, ""Adhesive"": the page prints ""3Dlac, glue stick"" (reader reader-r1-43, text).",agrees,gap-fill,line,reader,reader-r1-43,batch-43.csv#485,G027-19
ready,profiles,P0534,Plate,Not published,"3Dlac, glue stick",R-FILLAMENTUM-Technical-Data-Sheet-ASA-Extrafill-03012019,"Bed adhesive 3Dlac, glue stick","p. 1, ""Bed adhesive"": the page prints ""3Dlac, glue stick"" (reader reader-r1-43, text).",agrees,gap-fill,line,reader,reader-r1-43,batch-43.csv#503,G031-14
ready,profiles,P0536,Plate,Not published,Magigoo,R-FILLAMENTUM-Technical-Data-Sheet-Flexfill-TPU-92A-26082019,Bed adhesive Magigoo For easy removing of the object.,"p. 1, ""Bed adhesive"": the page prints ""Magigoo"" (reader reader-r1-43, text).",agrees,gap-fill,line,reader,reader-r1-43,batch-43.csv#522,G039-30
ready,profiles,P0993,Abrasion / clogging,Not published,hardened steel nozzles are recommended,R-FILLAMENTUM-Technical-Data-Sheet-Nylon-CF15-Carbon-03012019,The hardened steel nozzles are recommended.,"p. 1, ""Note"": the page prints ""hardened steel nozzles are recommended"" (reader reader-r1-44, text).",agrees,gap-fill,line,reader,reader-r1-44,batch-44.csv#51,G053-14
ready,profiles,P1281,Nozzle diameter,Not published,"nozzle of 0,5 mm in diameter",R-FILLAMENTUM-Technical-Data-Sheet-Timberfill-03012019,"It is recommended to use the nozzle of 0,5 mm in diameter.","p. 1, ""Recommended nozzle"": the page prints ""nozzle of 0,5 mm in diameter"" (reader reader-r1-44, text).",agrees,gap-fill,line,reader,reader-r1-44,batch-44.csv#130,G014-21
ready,profiles,P1140,Plate,Not published,mirror/glass,R-FILLAMENTUM-FLEXFILL-PEBA-90A-TDS,Type of bed mirror/glass | Printing on PEI surface can be challenging.,"p. 1, ""Type of bed"": the page prints ""mirror/glass"" (reader reader-r1-44, text).",agrees,gap-fill,line,reader,reader-r1-44,batch-44.csv#173,G045-04
ready,profiles,P0484,Plate,Not published,"Tempered glass, BuildTak, Carbon fiber board",D-FLASH-ABS-GF-TDS-EN,"Build Surface Material Tempered glass, BuildTak, Carbon fiber board","p. 2, ""Build Surface Material"": the page prints ""Tempered glass, BuildTak, Carbon fiber board"" (reader reader-r1-44, text).",agrees,gap-fill,line,reader,reader-r1-44,batch-44.csv#197,G028-06
ready,profiles,P0484,Abrasion / clogging,Not published,Hardened steel,D-FLASH-ABS-GF-TDS-EN,Nozzle & Gear Material Hardened steel,"p. 2, ""Nozzle & Gear Material"": the page prints ""Hardened steel"" (reader reader-r1-44, text).",agrees,gap-fill,line,reader,reader-r1-44,batch-44.csv#199,G028-06
ready,profiles,P0463,Plate,Not published,"Tempered glass, BuildTak, Carbon fiber board",D-FLASH-ABS-Matte-TDS-EN,"Build Surface Material Tempered glass, BuildTak, Carbon fiber board","p. 2, ""Build Surface Material"": the page prints ""Tempered glass, BuildTak, Carbon fiber board"" (reader reader-r1-44, text).",agrees,gap-fill,line,reader,reader-r1-44,batch-44.csv#230,G027-16
ready,profiles,P0479,Plate,Not published,"Tempered glass, BuildTak, Carbon fiber board",D-FLASH-PA6-GF-TDS-EN,"Build Surface Material Tempered glass, BuildTak, Carbon fiber board","p. 2, ""Build Surface Material"": the page prints ""Tempered glass, BuildTak, Carbon fiber board"" (reader reader-r1-44, text).",agrees,gap-fill,line,reader,reader-r1-44,batch-44.csv#263,G051-07
ready,profiles,P0479,Abrasion / clogging,Not published,Hardened steel,D-FLASH-PA6-GF-TDS-EN,Nozzle & Gear Material Hardened steel,"p. 2, ""Nozzle & Gear Material"": the page prints ""Hardened steel"" (reader reader-r1-44, text).",agrees,gap-fill,line,reader,reader-r1-44,batch-44.csv#265,G051-07
ready,profiles,P0456,Plate,Not published,"Tempered glass, BuildTak, Carbon fiber board",D-FLASH-PC-CF-TDS-EN,"Build Surface Material Tempered glass, BuildTak, Carbon fiber board","p. 2, ""Build Surface Material"": the page prints ""Tempered glass, BuildTak, Carbon fiber board"" (reader reader-r1-44, text).",agrees,gap-fill,line,reader,reader-r1-44,batch-44.csv#300,G037-05
ready,profiles,P0456,Abrasion / clogging,Not published,Hardened steel,D-FLASH-PC-CF-TDS-EN,Nozzle & Gear Material Hardened steel,"p. 2, ""Nozzle & Gear Material"": the page prints ""Hardened steel"" (reader reader-r1-44, text).",agrees,gap-fill,line,reader,reader-r1-44,batch-44.csv#302,G037-05
ready,profiles,P0466,Plate,Not published,"Tempered glass, BuildTak, Carbon fiber plate",D-FLASH-PET-GF-TDS-EN,"Build Surface Material Tempered glass, BuildTak, Carbon fiber plate","p. 2, ""Build Surface Material"": the page prints ""Tempered glass, BuildTak, Carbon fiber plate"" (reader reader-r1-44, text).",agrees,gap-fill,line,reader,reader-r1-44,batch-44.csv#338,G068-01
ready,profiles,P0466,Abrasion / clogging,Not published,Hardened steel,D-FLASH-PET-GF-TDS-EN,Nozzle & Gear Material Hardened steel,"p. 2, ""Nozzle & Gear Material"": the page prints ""Hardened steel"" (reader reader-r1-44, text).",agrees,gap-fill,line,reader,reader-r1-44,batch-44.csv#340,G068-01
ready,profiles,P0457,Plate,Not published,"Tempered glass, PEI, Carbon fiber plate",D-FLASH-PETG-HS-TDS-EN,"Build Surface Material Tempered glass, PEI, Carbon fiber plate","p. 2, ""Build Surface Material"": the page prints ""Tempered glass, PEI, Carbon fiber plate"" (reader reader-r1-44, text).",agrees,gap-fill,line,reader,reader-r1-44,batch-44.csv#370,G020-23
ready,profiles,P0483,Plate,Not published,"Tempered glass, BuildTak, Carbon fiber board",D-FLASH-PLA-Crystal-TDS-EN,"Build Surface Material Tempered glass, BuildTak, Carbon fiber board","p. 2, ""Build Surface Material"": the page prints ""Tempered glass, BuildTak, Carbon fiber board"" (reader reader-r1-44, text).",agrees,gap-fill,line,reader,reader-r1-44,batch-44.csv#400,G001-52
ready,profiles,P0462,Plate,Not published,"Tempered glass, PEI, Carbon fiber plate",D-FLASH-PLA-LW-TDS-EN,"Build Surface Material Tempered glass, PEI, Carbon fiber plate","p. 3, ""Build Surface Material"": the page prints ""Tempered glass, PEI, Carbon fiber plate"" (reader reader-r1-44, text).",agrees,gap-fill,line,reader,reader-r1-44,batch-44.csv#454,G017-07
ready,profiles,P0472,Plate,Not published,"Tempered glass, BuildTak, Carbon fiber plate",D-FLASH-PLA-Matte-TDS-EN,"Build Surface Material Tempered glass, BuildTak, Carbon fiber plate","p. 2, ""Build Surface Material"": the page prints ""Tempered glass, BuildTak, Carbon fiber plate"" (reader reader-r1-45, text).",agrees,gap-fill,line,reader,reader-r1-45,batch-45.csv#24,G001-50
ready,profiles,P0459,Plate,Not published,"Tempered glass, BuildTak, Carbon fiber plate",D-FLASH-PLA-Multicolor-TDS-EN,"Build Surface Material Tempered glass, BuildTak, Carbon fiber plate","p. 2, ""Build Surface Material"": the page prints ""Tempered glass, BuildTak, Carbon fiber plate"" (reader reader-r1-45, text).",agrees,gap-fill,line,reader,reader-r1-45,batch-45.csv#61,G001-48
ready,profiles,P0475,Plate,Not published,"Tempered glass, BuildTak, Carbon fiber board",D-FLASH-PLA-Pro-TDS-EN,"Build Surface Material Tempered glass, BuildTak, Carbon fiber board","p. 2, ""Build Surface Material"": the page prints ""Tempered glass, BuildTak, Carbon fiber board"" (reader reader-r1-45, text).",agrees,gap-fill,line,reader,reader-r1-45,batch-45.csv#97,G001-51
ready,profiles,P0552,Plate,Not published,"Tempered glass, BuildTak, Carbon fiber board",D-FLASH-PLA-TDS-EN,"Build Surface Material Tempered glass, BuildTak, Carbon fiber board","p. 2, ""Build Surface Material"": the page prints ""Tempered glass, BuildTak, Carbon fiber board"" (reader reader-r1-45, text).",agrees,gap-fill,line,reader,reader-r1-45,batch-45.csv#133,G001-67
ready,profiles,P0482,Plate,Not published,"Tempered glass, BuildTak, Carbon fiber plate",D-FLASH-PLA-Wood-TDS-EN,"Build Surface Material Tempered glass, BuildTak, Carbon fiber plate","p. 2, ""Build Surface Material"": the page prints ""Tempered glass, BuildTak, Carbon fiber plate"" (reader reader-r1-45, text).",agrees,gap-fill,line,reader,reader-r1-45,batch-45.csv#170,G014-04
ready,profiles,P1009,Plate,Not published,"Tempered glass, BuildTak, Carbon fiber plate",D-FLASH-PVA-TDS-EN,"Build Surface Material Tempered glass, BuildTak, Carbon fiber plate","p. 2, ""Build Surface Material"": the page prints ""Tempered glass, BuildTak, Carbon fiber plate"" (reader reader-r1-45, text).",agrees,gap-fill,line,reader,reader-r1-45,batch-45.csv#208,G075-07
ready,profiles,P0477,Plate,Not published,"Tempered glass, BuildTak, Carbon fiber plate",D-FLASH-TPU-TDS-EN,"Build Surface Material Tempered glass, BuildTak, Carbon fiber plate","p. 2, ""Build Surface Material"": the page prints ""Tempered glass, BuildTak, Carbon fiber plate"" (reader reader-r1-45, text).",agrees,gap-fill,line,reader,reader-r1-45,batch-45.csv#243,G039-22
ready,profiles,P0170,Abrasion / clogging,Not published,Hardened steel,R-FLASHFORGE-ASA-GF10-TDS,Nozzle & Gear Material Hardened steel,"p. 2, ""Nozzle & Gear Material"": the page prints ""Hardened steel"" (reader reader-r1-45, text).",agrees,gap-fill,line,reader,reader-r1-45,batch-45.csv#286,G034-04
ready,profiles,P0738,Nozzle diameter,Not published,≥ 0.15mm,S-PET-TDS-Bulk-PETG,Nozzle: ≥ 0.15mm,"p. 1, ""Nozzle"": the page prints ""≥ 0.15mm"" (reader reader-r1-46, text).",agrees,gap-fill,line,reader,reader-r1-46,batch-46.csv#82,G020-40
ready,profiles,P0738,Plate,Not published,EasyFix Nr. I,S-PET-TDS-Bulk-PETG,Buildplate adhesion: EasyFix Nr. I,"p. 1, ""Buildplate adhesion"": the page prints ""EasyFix Nr. I"" (reader reader-r1-46, text).",agrees,gap-fill,line,reader,reader-r1-46,batch-46.csv#83,G020-40
ready,profiles,P0725,Nozzle diameter,Not published,≥ 0.15mm,S-PET-TDS-Bulk-PLA,Nozzle: ≥ 0.15mm,"p. 1, ""Nozzle"": the page prints ""≥ 0.15mm"" (reader reader-r1-46, text).",agrees,gap-fill,line,reader,reader-r1-46,batch-46.csv#105,G001-100
ready,profiles,P0725,Plate,Not published,EasyFix Nr. I,S-PET-TDS-Bulk-PLA,Buildplate adhesion: EasyFix Nr. I,"p. 1, ""Buildplate adhesion"": the page prints ""EasyFix Nr. I"" (reader reader-r1-46, text).",agrees,gap-fill,line,reader,reader-r1-46,batch-46.csv#106,G001-100
ready,profiles,P1278,Nozzle diameter,Not published,≥ 0.15mm,S-PET-TDS-ReForm-rTPU-85A,Nozzle: ≥ 0.15mm,"p. 1, ""Nozzle"": the page prints ""≥ 0.15mm"" (reader reader-r1-47, text).",agrees,gap-fill,line,reader,reader-r1-47,batch-47.csv#128,G039-64
ready,profiles,P1278,Plate,Not published,EasyFix Nr. I,S-PET-TDS-ReForm-rTPU-85A,Buildplate adhesion: EasyFix Nr. I,"p. 1, ""Buildplate adhesion"": the page prints ""EasyFix Nr. I"" (reader reader-r1-47, text).",agrees,gap-fill,line,reader,reader-r1-47,batch-47.csv#129,G039-64
ready,profiles,P1276,Nozzle diameter,Not published,≥ 0.15mm,S-PET-TDS-ReForm-rTPU-90A,Nozzle: ≥ 0.15mm,"p. 1, ""Nozzle"": the page prints ""≥ 0.15mm"" (reader reader-r1-47, text).",agrees,gap-fill,line,reader,reader-r1-47,batch-47.csv#152,G039-62
ready,profiles,P1276,Plate,Not published,EasyFix Nr. I,S-PET-TDS-ReForm-rTPU-90A,Buildplate adhesion: EasyFix Nr. I,"p. 1, ""Buildplate adhesion"": the page prints ""EasyFix Nr. I"" (reader reader-r1-47, text).",agrees,gap-fill,line,reader,reader-r1-47,batch-47.csv#153,G039-62
ready,profiles,P0726,Nozzle diameter,Not published,≥ 0.15mm,S-PET-TDS-ReForm-rTPU-95A,Nozzle: ≥ 0.15mm,"p. 1, ""Nozzle"": the page prints ""≥ 0.15mm"" (reader reader-r1-47, text).",agrees,gap-fill,line,reader,reader-r1-47,batch-47.csv#176,G039-46
ready,profiles,P0726,Plate,Not published,EasyFix Nr. I,S-PET-TDS-ReForm-rTPU-95A,Buildplate adhesion: EasyFix Nr. I,"p. 1, ""Buildplate adhesion"": the page prints ""EasyFix Nr. I"" (reader reader-r1-47, text).",agrees,gap-fill,line,reader,reader-r1-47,batch-47.csv#177,G039-46
ready,profiles,P0037,Nozzle diameter,Not published,0.4mm,I-ESD-ABS-TDS,Nozzle Diameter 0.4mm,"p. 1, ""Nozzle Diameter"": the page prints ""0.4mm"" (reader reader-r1-48, text).",agrees,gap-fill,line,reader,reader-r1-48,batch-48.csv#36,G030-02
ready,profiles,P0037,Bed °C,Not published,80°C,I-ESD-ABS-TDS,Bottom Plate Heating 80°C,"p. 1, ""Bottom Plate Heating"": the page prints ""80°C"" (reader reader-r1-48, text).",agrees,gap-fill,line,reader,reader-r1-48,batch-48.csv#37,G030-02
ready,profiles,P0974,Nozzle °C,Not published,200-240,I-PLA-HS-PLA-TDS,Print temperature ℃ DSC 200-240,"p. 1, ""Print temperature"": the page prints ""200-240"" (reader reader-r1-48, text).",agrees,gap-fill,line,reader,reader-r1-48,batch-48.csv#224,G001-170
ready,profiles,P0974,Nozzle diameter,Not published,0.4mm print head,I-PLA-HS-PLA-TDS,*The above recommended print settings are based on a 0.4mm print head,"p. 1, ""Footnote"": the page prints ""0.4mm print head"" (reader reader-r1-48, text).",agrees,gap-fill,line,reader,reader-r1-48,batch-48.csv#232,G001-170
ready,profiles,P0971,Nozzle diameter,Not published,0.4mm,I-PLA-Light-Weight-PLA-TDS,Nozzle size 0.4mm,"p. 2, ""Specimen printing: Nozzle size"": the page prints ""0.4mm"" (reader reader-r1-48, text).",agrees,gap-fill,line,reader,reader-r1-48,batch-48.csv#243,G017-13
ready,profiles,P0971,Plate,Not published,"Glass,PEI Film,PC Film or plate applied with PVP glue",I-PLA-Light-Weight-PLA-TDS,Recommended build surface material | Glass、PEI Film、PC Film or plate applied with PVP glue,"p. 3, ""Recommended build surface material"": the page prints ""Glass、PEI Film、PC Film or plate applied with PVP glue"" (reader reader-r1-48, text).",agrees,gap-fill,line,reader,reader-r1-48,batch-48.csv#260,G017-13
ready,profiles,P1240,Nozzle diameter,Not published,"0.2, 0.4, 0.6, 0.8 mm",R-3DJAKE-KINGROON-PETG-Basic-Technical-Data-Sheet-V1-0,"Nozzle Size | 0.2, 0.4, 0.6, 0.8 mm","p. 1, ""Nozzle Size"": the page prints ""0.2, 0.4, 0.6, 0.8 mm"" (reader reader-r1-48, text).",agrees,gap-fill,line,reader,reader-r1-48,batch-48.csv#435,G020-72
ready,profiles,P1240,Plate,Not published,"Engineering Plate, High Temperature Plate or Textured PEI Plate",R-3DJAKE-KINGROON-PETG-Basic-Technical-Data-Sheet-V1-0,"Bed Type | Engineering Plate, High Temperature Plate or Textured PEI Plate","p. 1, ""Bed Type"": the page prints ""Engineering Plate, High Temperature Plate or Textured PEI Plate"" (reader reader-r1-48, text).",agrees,gap-fill,line,reader,reader-r1-48,batch-48.csv#437,G020-72
ready,profiles,P1211,Nozzle diameter,Not published,"0.2, 0.4, 0.6, 0.8 mm",R-3DJAKE-KINGROON-PLA-Basic-Technical-Data-Sheet-V1-0,"Nozzle Size | 0.2, 0.4, 0.6, 0.8 mm","p. 1, ""Nozzle Size"": the page prints ""0.2, 0.4, 0.6, 0.8 mm"" (reader reader-r1-48, text).",agrees,gap-fill,line,reader,reader-r1-48,batch-48.csv#496,G001-192
ready,profiles,P1211,Plate,Not published,"Cool Plate, High Temperature Plate or Textured PEI Plate",R-3DJAKE-KINGROON-PLA-Basic-Technical-Data-Sheet-V1-0,"Bed Type | Cool Plate, High Temperature Plate or Textured PEI Plate","p. 1, ""Bed Type"": the page prints ""Cool Plate, High Temperature Plate or Textured PEI Plate"" (reader reader-r1-48, text).",agrees,gap-fill,line,reader,reader-r1-48,batch-48.csv#498,G001-192
ready,profiles,P1255,Nozzle diameter,Not published,"0.4, 0.6, 0.8 mm",R-3DJAKE-KINGROON-TPU-95A-Technical-Data-Sheet-V1-0,"Nozzle Size | 0.4, 0.6, 0.8 mm","p. 1, ""Nozzle Size"": the page prints ""0.4, 0.6, 0.8 mm"" (reader reader-r1-48, text).",agrees,gap-fill,line,reader,reader-r1-48,batch-48.csv#557,G039-70
ready,profiles,P1255,Plate,Not published,"Smooth PEI Plate, Textured PEI Plate",R-3DJAKE-KINGROON-TPU-95A-Technical-Data-Sheet-V1-0,"Bed Type | Smooth PEI Plate, Textured PEI Plate","p. 1, ""Bed Type"": the page prints ""Smooth PEI Plate, Textured PEI Plate"" (reader reader-r1-48, text).",agrees,gap-fill,line,reader,reader-r1-48,batch-48.csv#559,G039-70
ready,profiles,P0965,Drying,Not published,"120 °C, 4 - 6 h",S-PET-TDS-LUVOCOM-3F-PAHT-CF-9891-BK,Vacuum Dryer | 120 | 4 - 6,"p. 2, ""Vacuum Dryer"": the page prints ""120 °C, 4 - 6 h"" (reader reader-r1-49-b, text).",agrees,gap-fill,line,reader,reader-r1-49-b,batch-49.csv#28,G048-04
ready,profiles,P1166,Plate,Not published,"Glass/Glue, Garolite, PEI",R-MATTERHACKERS-RczMCr,"Suggested printing bed material | Glass/Glue, Garolite, PEI","p. 1, ""Suggested printing bed material"": the page prints ""Glass/Glue, Garolite, PEI"" (reader reader-r1-49-b, text).",agrees,gap-fill,line,reader,reader-r1-49-b,batch-49.csv#193,G164-04
ready,profiles,P0814,Plate,Not published,"Glass/Glue, BuildTak, Blue Tape",R-MATTERHACKERS-PRO-SERIES-AfgVfK,"Suggested printing bed material | Glass/Glue, BuildTak, Blue Tape","p. 1, ""Suggested printing bed material"": the page prints ""Glass/Glue, BuildTak, Blue Tape"" (reader reader-r1-49-b, text).",agrees,gap-fill,line,reader,reader-r1-49-b,batch-49.csv#258,G039-52
ready,profiles,P0852,Plate,Not published,"Glass/Glue, Blue Tape, Garolite, CarbonFiber",R-MATTERHACKERS-PRO-SERIES-BBz11b,"Suggested printing bed material | Glass/Glue, Blue Tape, Garolite, CarbonFiber","p. 1, ""Suggested printing bed material"": the page prints ""Glass/Glue, Blue Tape, Garolite, CarbonFiber"" (reader reader-r1-49-b, text).",agrees,gap-fill,line,reader,reader-r1-49-b,batch-49.csv#274,G020-50
ready,profiles,P0847,Plate,Not published,"Glass/Glue, BuildTak, Blue Tape, Garolite",R-MATTERHACKERS-PRO-SERIES-vQ0bKO,"Suggested printing bed material Glass/Glue, BuildTak, Blue Tape, Garolite","p. 1, ""Suggested printing bed material"": the page prints ""Glass/Glue, BuildTak, Blue Tape, Garolite"" (reader reader-r1-50, text).",agrees,gap-fill,line,reader,reader-r1-50,batch-50.csv#6,G001-123
ready,profiles,P0842,Plate,Not published,Powder Coated PEI,R-MATTERHACKERS-PRO-SERIES-XKjoeP,Build Surface Material Powder Coated PEI,"p. 2, ""Build Surface Material"": the page prints ""Powder Coated PEI"" (reader reader-r1-50, text).",agrees,gap-fill,line,reader,reader-r1-50,batch-50.csv#36,G031-28
ready,profiles,P0872,Plate,Not published,"PEI Recommended, Glass with glue stick",R-MATTERHACKERS-PRO-SERIES-XNT7Rt,"Build Surface Material PEI Recommended, Glass with glue stick","p. 2, ""Build Surface Material"": the page prints ""PEI Recommended, Glass with glue stick"" (reader reader-r1-50, text).",agrees,gap-fill,line,reader,reader-r1-50,batch-50.csv#55,G039-57
ready,profiles,P0740,Nozzle diameter,Not published,0.5 mm,R-NANOVIA-ABS-CF,Nozzle (minimum) 0.5 mm,"p. 1, ""Nozzle (minimum)"": the page prints ""0.5 mm"" (reader reader-r1-50, text).",agrees,gap-fill,line,reader,reader-r1-50,batch-50.csv#89,G029-05
ready,profiles,P0740,Abrasion / clogging,Not published,A reinforced nozzle suitable for abrasive materials is recommended,R-NANOVIA-ABS-CF,"A reinforced nozzle, suitable for abrasive materials is recommended.","p. 1, ""Printing"": the page prints ""A reinforced nozzle suitable for abrasive materials is recommended"" (reader reader-r1-50, text).",agrees,gap-fill,line,reader,reader-r1-50,batch-50.csv#91,G029-05
ready,profiles,P0716,Nozzle diameter,Not published,0.5,R-NANOVIA-ABS-ESD,Nozzle (minimal) 0.5,"p. 1, ""Nozzle (minimal)"": the page prints ""0.5"" (reader reader-r1-50, text).",agrees,gap-fill,line,reader,reader-r1-50,batch-50.csv#150,G030-06
ready,profiles,P0723,Nozzle diameter,Not published,0.5 mm,R-NANOVIA-PA-6-CF,Nozzle (minimal) 0.5 mm,"p. 1, ""Nozzle (minimal)"": the page prints ""0.5 mm"" (reader reader-r1-50, text).",agrees,gap-fill,line,reader,reader-r1-50,batch-50.csv#247,G050-12
ready,profiles,P0723,Abrasion / clogging,Not published,A reinforced nozzle suitable for abrasive materials is recommended,R-NANOVIA-PA-6-CF,"A reinforced nozzle, suitable for abrasive materials is recommended.","p. 1, ""Printing"": the page prints ""A reinforced nozzle suitable for abrasive materials is recommended"" (reader reader-r1-50, text).",agrees,gap-fill,line,reader,reader-r1-50,batch-50.csv#250,G050-12
ready,profiles,P0723,Plate,Not published,Adhesive recommended when printing on glass surfaces.,R-NANOVIA-PA-6-CF,Adhesive recommended when printing on glass surfaces.,"p. 1, ""Printing"": the page prints ""Adhesive recommended when printing on glass surfaces."" (reader reader-r1-50, text).",agrees,gap-fill,line,reader,reader-r1-50,batch-50.csv#251,G050-12
ready,profiles,P1172,Nozzle diameter,Not published,"0,6 mm",R-NANOVIA-PA-Food-Industry,"Nozzle (minimal) 0,6 mm","p. 1, ""Nozzle (minimal)"": the page prints ""0,6 mm"" (reader reader-r1-50, text).",agrees,gap-fill,line,reader,reader-r1-50,batch-50.csv#280,G164-07
ready,profiles,P0712,Nozzle diameter,Not published,0.4 mm,R-NANOVIA-PC-ABS-Rail,Nozzle (minimal) 0.4 mm,"p. 1, ""Nozzle (minimal)"": the page prints ""0.4 mm"" (reader reader-r1-50, text).",agrees,gap-fill,line,reader,reader-r1-50,batch-50.csv#353,G094-07
ready,profiles,P0713,Nozzle diameter,Not published,0.5 mm,R-NANOVIA-PC-CF,Nozzle (minimal) 0.5 mm,"p. 1, ""Nozzle (minimal)"": the page prints ""0.5 mm"" (reader reader-r1-50, text).",agrees,gap-fill,line,reader,reader-r1-50,batch-50.csv#378,G037-07
ready,profiles,P0713,Abrasion / clogging,Not published,A reinforced nozzle suitable for abrasive materials is recommended,R-NANOVIA-PC-CF,"A reinforced nozzle, suitable for abrasive materials is recommended.","p. 1, ""Printing"": the page prints ""A reinforced nozzle suitable for abrasive materials is recommended"" (reader reader-r1-50, text).",agrees,gap-fill,line,reader,reader-r1-50,batch-50.csv#380,G037-07
ready,profiles,P0729,Nozzle diameter,Not published,0.5 mm,R-NANOVIA-PETG-CF,Nozzle (minimal) 0.5 mm,"p. 1, ""Nozzle (minimal)"": the page prints ""0.5 mm"" (reader reader-r1-50, text).",agrees,gap-fill,line,reader,reader-r1-50,batch-50.csv#426,G024-11
ready,profiles,P0729,Abrasion / clogging,Not published,A reinforced nozzle suitable for abrasive materials is recommended,R-NANOVIA-PETG-CF,"A reinforced nozzle, suitable for abrasive materials is recommended.","p. 1, ""Printing"": the page prints ""A reinforced nozzle suitable for abrasive materials is recommended"" (reader reader-r1-50, text).",agrees,gap-fill,line,reader,reader-r1-50,batch-50.csv#429,G024-11
ready,profiles,P0730,Nozzle diameter,Not published,0.5 mm,R-NANOVIA-PETG-ESD,Nozzle (minimal) 0.5 mm,"p. 1, ""Nozzle (minimal)"": the page prints ""0.5 mm"" (reader reader-r1-50, text).",agrees,gap-fill,line,reader,reader-r1-50,batch-50.csv#455,G026-08
ready,profiles,P0722,Nozzle diameter,Not published,0.5 mm,R-NANOVIA-PETG-GF-UV,Nozzle (minimal) 0.5 mm,"p. 1, ""Nozzle (minimal)"": the page prints ""0.5 mm"" (reader reader-r1-50, text).",agrees,gap-fill,line,reader,reader-r1-50,batch-50.csv#482,G025-03
ready,profiles,P0722,Abrasion / clogging,Not published,A reinforced nozzle suitable for abrasive materials is recommended,R-NANOVIA-PETG-GF-UV,"A reinforced nozzle, suitable for abrasive materials is recommended.","p. 1, ""3D Printing"": the page prints ""A reinforced nozzle suitable for abrasive materials is recommended"" (reader reader-r1-50, text).",agrees,gap-fill,line,reader,reader-r1-50,batch-50.csv#484,G025-03
ready,profiles,P0719,Nozzle diameter,Not published,"0,5 mm",R-NANOVIA-PLA-VX,"Nozzle (minimum) 0,5 mm","p. 1, ""Nozzle (minimum)"": the page prints ""0,5 mm"" (reader reader-r1-50, text).",agrees,gap-fill,line,reader,reader-r1-50,batch-50.csv#534,G001-99
ready,profiles,P0731,Nozzle diameter,Not published,0.5 mm,R-NANOVIA-PLA-Wood,Nozzle (minimal) 0.5 mm,"p. 1, ""Nozzle (minimal)"": the page prints ""0.5 mm"" (reader reader-r1-50, text).",agrees,gap-fill,line,reader,reader-r1-50,batch-50.csv#556,G014-08
ready,profiles,P0745,Nozzle diameter,Not published,0.5 mm,R-NANOVIA-PP-CF,Nozzle (minimal) 0.5 mm,"p. 1, ""Nozzle (minimal)"": the page prints ""0.5 mm"" (reader reader-r1-51, text).",agrees,gap-fill,line,reader,reader-r1-51,batch-51.csv#25,G083-04
ready,profiles,P0745,Abrasion / clogging,Not published,"A reinforced nozzle, suitable for abrasive materials is recommended.",R-NANOVIA-PP-CF,"A reinforced nozzle, suitable for abrasive materials is recommended.","p. 1, ""Printing"": the page prints ""A reinforced nozzle, suitable for abrasive materials is recommended."" (reader reader-r1-51, text).",agrees,gap-fill,line,reader,reader-r1-51,batch-51.csv#27,G083-04
ready,profiles,P1366,Abrasion / clogging,Not published,No. ABS Pro contains no abrasive fillers and prints well with standard nozzles.,R-POLYMAKER-PRIORITY-20261002-29b58f0eea90,No. ABS Pro contains no abrasive fillers and prints well with standard nozzles.,"p. 1, ""Does ABS Pro require a hardened nozzle?"": the page prints ""No. ABS Pro contains no abrasive fillers and prints well with standard nozzles."" (reader reader-r1-51, text).",agrees,gap-fill,line,reader,reader-r1-51,batch-51.csv#208,G027-08
ready,profiles,P1366,Nozzle °C,Not published,270˚C - 290˚C,R-POLYMAKER-PRIORITY-20261002-29b58f0eea90,Printing Temperature: 270˚C - 290˚C,"p. 1, ""Printing Temperature"": the page prints ""270˚C - 290˚C"" (reader reader-r1-51, text).",agrees,gap-fill,line,reader,reader-r1-51,batch-51.csv#210,G027-08
ready,profiles,P1366,Bed °C,Not published,100˚C - 110˚C,R-POLYMAKER-PRIORITY-20261002-29b58f0eea90,Bed Temperature: 100˚C - 110˚C,"p. 1, ""Bed Temperature"": the page prints ""100˚C - 110˚C"" (reader reader-r1-51, text).",agrees,gap-fill,line,reader,reader-r1-51,batch-51.csv#211,G027-08
ready,profiles,P1366,Drying,Not published,70˚C for 6h (Only if the material has absorbed moisture),R-POLYMAKER-PRIORITY-20261002-29b58f0eea90,Drying Settings: 70˚C for 6h (Only if the material has absorbed moisture),"p. 1, ""Drying Settings"": the page prints ""70˚C for 6h (Only if the material has absorbed moisture)"" (reader reader-r1-51, text).",agrees,gap-fill,line,reader,reader-r1-51,batch-51.csv#214,G027-08
ready,profiles,P1366,Plate,Not published,You can use Magigoo Original to help with build plate adhesion,R-POLYMAKER-PRIORITY-20261002-29b58f0eea90,And that's all! You can use Magigoo Original to help with build plate adhesion,"p. 1, ""Printing Requirements"": the page prints ""You can use Magigoo Original to help with build plate adhesion"" (reader reader-r1-51, text).",agrees,gap-fill,line,reader,reader-r1-51,batch-51.csv#221,G027-08
ready,profiles,P0303,Plate,Not published,"BuildTak®, Glass, PEI",S-POLYCN-index-php-controller-attachment-id-attachment-167,"Build Surface material BuildTak®, Glass, PEI","p. 1, ""Build Surface material"": the page prints ""BuildTak®, Glass, PEI"" (reader reader-r1-52, text).",agrees,gap-fill,line,single-product,reader-r1-52,batch-52.csv#34,G035-06
ready,profiles,P0303,Nozzle diameter,Not published,0.4 mm nozzle,S-POLYCN-index-php-controller-attachment-id-attachment-167,Based on 0.4 mm nozzle and Simplify 3D v.3.1.  Printing conditions may vary with different nozzle diameters,"p. 1, ""Footnote to printing conditions"": the page prints ""0.4 mm nozzle"" (reader reader-r1-52, text).",agrees,gap-fill,line,single-product,reader-r1-52,batch-52.csv#45,G035-06
ready,profiles,P0319,Plate,Not published,"BuildTak®, glass with glue or painters tape",S-POLYCN-PolyFlex-TPU90-PIS-EN-V1-2,"We recommend to print PolyFlex™ TPU90 on BuildTak®, glass with glue or painters tape.","p. 4, ""Prepare the printer: build surface"": the page prints ""BuildTak®, glass with glue or painters tape"" (reader reader-r1-52, text).",agrees,gap-fill,line,reader,reader-r1-52,batch-52.csv#102,G039-11
ready,profiles,P0280,Plate,Not published,"BuildTak®, Glass",S-POLYCN-PolyFlex-TPU90-TDS-V4-2,"Build Surface material BuildTak®, Glass","p. 1, ""Build Surface material"": the page prints ""BuildTak®, Glass"" (reader reader-r1-52, text).",agrees,gap-fill,line,reader,reader-r1-52,batch-52.csv#141,G039-11
ready,profiles,P0280,Nozzle diameter,Not published,0.4 mm nozzle,S-POLYCN-PolyFlex-TPU90-TDS-V4-2,Based on 0.4 mm nozzle and Simplify 3D v.4.1.  Printing conditions may vary with different nozzle diameters,"p. 1, ""Footnote to printing conditions"": the page prints ""0.4 mm nozzle"" (reader reader-r1-52, text).",agrees,gap-fill,line,reader,reader-r1-52,batch-52.csv#150,G039-11
ready,profiles,P0056,Nozzle diameter,Not published,0.4 mm nozzle,S-POLYCN-PolyFlex-TPU90-TDS-V5-1,* Based on 0.4 mm nozzle and Simplify 3D v.4.0.  Printing conditions may vary with different nozzle diameters,"p. 3, ""Footnote to printing conditions"": the page prints ""0.4 mm nozzle"" (reader reader-r1-52, text).",agrees,gap-fill,line,reader,reader-r1-52,batch-52.csv#182,G039-11
ready,profiles,P0274,Plate,Not published,"BuildTak®, Glass",S-POLYCN-PolyFlex-TPU95-HF-TDS-V4-2,"Build Surface material BuildTak®, Glass","p. 1, ""Build Surface material"": the page prints ""BuildTak®, Glass"" (reader reader-r1-52, text).",agrees,gap-fill,line,reader,reader-r1-52,batch-52.csv#195,G039-12
ready,profiles,P0274,Nozzle diameter,Not published,0.4 mm nozzle,S-POLYCN-PolyFlex-TPU95-HF-TDS-V4-2,Based on 0.4 mm nozzle and Simplify 3D v.4.1.  Printing conditions may vary with different nozzle diameters,"p. 1, ""Footnote to printing conditions"": the page prints ""0.4 mm nozzle"" (reader reader-r1-52, text).",agrees,gap-fill,line,reader,reader-r1-52,batch-52.csv#204,G039-12
ready,profiles,P0284,Plate,Not published,"BuildTak®, Glass, Blue Tape",S-POLYCN-PolyFlex-TPU95-TDS-V4,"Build Surface material BuildTak®, Glass, Blue Tape","p. 1, ""Build Surface material"": the page prints ""BuildTak®, Glass, Blue Tape"" (reader reader-r1-53, text).",agrees,gap-fill,line,reader,reader-r1-53,batch-53.csv#14,G039-13
ready,profiles,P0284,Nozzle diameter,Not published,0.4 mm,S-POLYCN-PolyFlex-TPU95-TDS-V4,Based on 0.4 mm nozzle and Simplify 3D v.3.1.  Printing conditions may vary with different nozzle diameters,"p. 1, ""Based on 0.4 mm nozzle"": the page prints ""0.4 mm"" (reader reader-r1-53, text).",agrees,gap-fill,line,reader,reader-r1-53,batch-53.csv#25,G039-13
ready,profiles,P0049,Nozzle diameter,Not published,0.4 mm,S-POLYCN-PolyFlex-TPU95-TDS-V5-1,* Based on 0.4 mm nozzle and Simplify 3D v.4.0.  Printing conditions may vary with different nozzle diameters,"p. 3, ""Based on 0.4 mm nozzle"": the page prints ""0.4 mm"" (reader reader-r1-53, text).",agrees,gap-fill,line,reader,reader-r1-53,batch-53.csv#45,G039-13
ready,profiles,P0302,Nozzle diameter,Not published,0.4 mm,S-POLYCN-Polylite-PLA-Pro-EN-V5-1-3-6,* Based on 0.4 mm nozzle and Simplify 3D v.4.0.  Printing conditions may vary with different nozzle diameters,"p. 5, ""Based on 0.4 mm nozzle"": the page prints ""0.4 mm"" (reader reader-r1-53, text).",agrees,gap-fill,line,reader,reader-r1-53,batch-53.csv#104,G001-22
ready,profiles,P0305,Nozzle diameter,Not published,0.4 mm,S-POLYCN-PolyLite-PLA-TDS-V3,Based on 0.4 mm nozzle and Simplify 3D v.4.0.  Printing conditions may vary with different nozzle diameters,"p. 1, ""Based on 0.4 mm nozzle"": the page prints ""0.4 mm"" (reader reader-r1-53, text).",agrees,gap-fill,line,reader,reader-r1-53,batch-53.csv#146,G001-19
ready,profiles,P0305,Plate,Not published,"BuildTak®, Glass, Blue Tape",S-POLYCN-PolyLite-PLA-TDS-V3,"Build Surface material | BuildTak®, Glass, Blue Tape","p. 1, ""Build Surface material"": the page prints ""BuildTak®, Glass, Blue Tape"" (reader reader-r1-53, text).",agrees,gap-fill,line,reader,reader-r1-53,batch-53.csv#149,G001-19
ready,profiles,P0270,Nozzle diameter,Not published,0.4 mm,S-POLYCN-PolyLite-PLA-TDS-V5-1-7,* Based on 0.4 mm nozzle and Simplify 3D v.4.0.  Printing conditions may vary with different nozzle diameters,"p. 4, ""Based on 0.4 mm nozzle"": the page prints ""0.4 mm"" (reader reader-r1-53, text).",agrees,gap-fill,line,reader,reader-r1-53,batch-53.csv#200,G001-19
ready,profiles,P0322,Nozzle diameter,Not published,0.4 mm,S-POLYCN-PolyMax-PETG-TDS-V4,Based on 0.4 mm nozzle and Simplify 3D v.4.0.  Printing conditions may vary with different nozzle diameters,"p. 1, ""Based on 0.4 mm nozzle"": the page prints ""0.4 mm"" (reader reader-r1-53, text).",agrees,gap-fill,line,single-product,reader-r1-53,batch-53.csv#264,G020-16
ready,profiles,P0069,Nozzle diameter,Not published,0.4 mm,S-POLYCN-PolyMide-PA12-CF-TDS-V5-1-1,* Based on 0.4 mm nozzle and Simplify 3D v.4.0.  Printing conditions may vary with different nozzle diameters,"p. 5, ""Based on 0.4 mm nozzle"": the page prints ""0.4 mm"" (reader reader-r1-53, text).",agrees,gap-fill,line,reader,reader-r1-53,batch-53.csv#349,G053-02
ready,profiles,P0081,Nozzle diameter,Not published,0.4 mm,S-POLYCN-PolyMide-PA6-GF-TDS-V5-1,* Based on 0.4 mm nozzle and Simplify 3D v.4.0.  Printing conditions may vary with different nozzle diameters,"p. 5, ""Based on 0.4 mm nozzle"": the page prints ""0.4 mm"" (reader reader-r1-53, text).",agrees,gap-fill,line,single-product,reader-r1-53,batch-53.csv#427,G051-03
ready,profiles,P0288,Nozzle diameter,Not published,0.4mm,S-POLYCN-TDS-Polymaker-ABS-Max-V1-1-2026-06-01-EN,*Based on 0.4mm nozzle. Printing conditions may vary with different nozzle diameters.,"p. 1, ""Based on 0.4mm nozzle"": the page prints ""0.4mm"" (reader reader-r1-53, text).",agrees,gap-fill,line,reader,reader-r1-53,batch-53.csv#497,G027-07
ready,profiles,P0292,Plate,Not published,PEI,S-POLYCN-TDS-Polymaker-ABS-Pro-V1-1-2026-06-01-EN,Build surface treatment PEI,"p. 1, ""Build surface treatment"": the page prints ""PEI"" (reader reader-r1-53-c, text).",agrees,gap-fill,line,reader,reader-r1-53-c,batch-53.csv#532,G027-08
ready,profiles,P0292,Nozzle diameter,Not published,0.4mm,S-POLYCN-TDS-Polymaker-ABS-Pro-V1-1-2026-06-01-EN,*Based on 0.4mm nozzle. Printing conditions may vary with different nozzle diameters.,"p. 1, ""Based on 0.4mm nozzle"": the page prints ""0.4mm"" (reader reader-r1-53-c, text).",agrees,gap-fill,line,reader,reader-r1-53-c,batch-53.csv#539,G027-08
ready,profiles,P0347,Plate,Not published,PC and Texture PEI,S-POLYCN-TDS-Polymaker-HT-PLA-Pro-V1-4-2026-7-17-EN,Build surface treatment PC and Texture PEI,"p. 1, ""Build surface treatment"": the page prints ""PC and Texture PEI"" (reader reader-r1-54-b, text).",agrees,gap-fill,line,reader,reader-r1-54-b,batch-54.csv#52,G001-29
ready,profiles,P0347,Nozzle diameter,Not published,0.4mm,S-POLYCN-TDS-Polymaker-HT-PLA-Pro-V1-4-2026-7-17-EN,*Based on 0.4mm nozzle.,"p. 1, ""Based on 0.4mm nozzle"": the page prints ""0.4mm"" (reader reader-r1-54-b, text).",agrees,gap-fill,line,reader,reader-r1-54-b,batch-54.csv#61,G001-29
ready,profiles,P0325,Plate,Not published,PC and Textured PEI,S-POLYCN-TDS-Polymaker-PETG-V2-0-2025-11-17,Build surface treatment PC and Textured PEI,"p. 1, ""Build surface treatment"": the page prints ""PC and Textured PEI"" (reader reader-r1-54-b, text).",agrees,gap-fill,line,reader,reader-r1-54-b,batch-54.csv#103,G020-15
ready,profiles,P0325,Nozzle diameter,Not published,0.4mm,S-POLYCN-TDS-Polymaker-PETG-V2-0-2025-11-17,*Based on 0.4mm nozzle.,"p. 1, ""Based on 0.4mm nozzle"": the page prints ""0.4mm"" (reader reader-r1-54-b, text).",agrees,gap-fill,line,reader,reader-r1-54-b,batch-54.csv#110,G020-15
ready,profiles,P0349,Plate,Not published,PC and Textured PEI,S-POLYCN-TDS-Polymaker-PLA-Pro-v6-0-2026-01-30-EN,Build surface treatment PC and Textured PEI,"p. 1, ""Build surface treatment"": the page prints ""PC and Textured PEI"" (reader reader-r1-54-b, text).",agrees,gap-fill,line,reader,reader-r1-54-b,batch-54.csv#148,G001-30
ready,profiles,P0349,Nozzle diameter,Not published,0.4mm,S-POLYCN-TDS-Polymaker-PLA-Pro-v6-0-2026-01-30-EN,*Based on 0.4mm nozzle.,"p. 1, ""Based on 0.4mm nozzle"": the page prints ""0.4mm"" (reader reader-r1-54-b, text).",agrees,gap-fill,line,reader,reader-r1-54-b,batch-54.csv#155,G001-30
ready,profiles,P0290,Plate,Not published,PC and Textured PEI,S-POLYCN-TDS-Polymaker-PolyFlex-TPU90-V5-6-2025-12-11-EN,Build surface treatment PC and Textured PEI,"p. 1, ""Build surface treatment"": the page prints ""PC and Textured PEI"" (reader reader-r1-54-b, text).",agrees,gap-fill,line,reader,reader-r1-54-b,batch-54.csv#180,G039-11
ready,profiles,P0290,Nozzle diameter,Not published,0.4mm,S-POLYCN-TDS-Polymaker-PolyFlex-TPU90-V5-6-2025-12-11-EN,*Based on 0.4mm nozzle.,"p. 1, ""Based on 0.4mm nozzle"": the page prints ""0.4mm"" (reader reader-r1-54-b, text).",agrees,gap-fill,line,reader,reader-r1-54-b,batch-54.csv#187,G039-11
ready,profiles,P0320,Plate,Not published,PC and Textured PEI,S-POLYCN-TDS-Polymaker-PolyFlex-TPU95-HF-V5-5-2025-12-29-EN,Build surface treatment PC and Textured PEI,"p. 1, ""Build surface treatment"": the page prints ""PC and Textured PEI"" (reader reader-r1-54-b, text).",agrees,gap-fill,line,reader,reader-r1-54-b,batch-54.csv#212,G039-12
ready,profiles,P0320,Nozzle diameter,Not published,0.4mm,S-POLYCN-TDS-Polymaker-PolyFlex-TPU95-HF-V5-5-2025-12-29-EN,*Based on 0.4mm nozzle.,"p. 1, ""Based on 0.4mm nozzle"": the page prints ""0.4mm"" (reader reader-r1-54-b, text).",agrees,gap-fill,line,reader,reader-r1-54-b,batch-54.csv#219,G039-12
ready,profiles,P0333,Plate,Not published,PC and Textured PEI,S-POLYCN-TDS-Polymaker-PolyFlex-TPU95-V5-5-2025-12-29-EN,Build surface treatment PC and Textured PEI,"p. 1, ""Build surface treatment"": the page prints ""PC and Textured PEI"" (reader reader-r1-54-b, text).",agrees,gap-fill,line,reader,reader-r1-54-b,batch-54.csv#244,G039-13
ready,profiles,P0333,Nozzle diameter,Not published,0.4mm,S-POLYCN-TDS-Polymaker-PolyFlex-TPU95-V5-5-2025-12-29-EN,*Based on 0.4mm nozzle.,"p. 1, ""Based on 0.4mm nozzle"": the page prints ""0.4mm"" (reader reader-r1-54-b, text).",agrees,gap-fill,line,reader,reader-r1-54-b,batch-54.csv#251,G039-13
ready,profiles,P0342,Plate,Not published,PC and Textured PEI,S-POLYCN-TDS-Polymaker-PolyLite-CosPLA-Version-A-V5-5-2025-12-30-EN,Build surface treatment PC and Textured PEI,"p. 1, ""Build surface treatment"": the page prints ""PC and Textured PEI"" (reader reader-r1-54-b, text).",agrees,gap-fill,line,reader,reader-r1-54-b,batch-54.csv#289,G001-28
ready,profiles,P0342,Nozzle diameter,Not published,0.4mm,S-POLYCN-TDS-Polymaker-PolyLite-CosPLA-Version-A-V5-5-2025-12-30-EN,*Based on 0.4mm nozzle.,"p. 1, ""Based on 0.4mm nozzle"": the page prints ""0.4mm"" (reader reader-r1-54-b, text).",agrees,gap-fill,line,reader,reader-r1-54-b,batch-54.csv#296,G001-28
ready,profiles,P0336,Plate,Not published,PC and Textured PEI,S-POLYCN-TDS-Polymaker-PolyLite-PLA-Pro-V5-6-2026-01-05-EN,Build surface treatment PC and Textured PEI,"p. 1, ""Build surface treatment"": the page prints ""PC and Textured PEI"" (reader reader-r1-54-b, text).",agrees,gap-fill,line,reader,reader-r1-54-b,batch-54.csv#333,G001-27
ready,profiles,P0336,Nozzle diameter,Not published,0.4mm,S-POLYCN-TDS-Polymaker-PolyLite-PLA-Pro-V5-6-2026-01-05-EN,*Based on 0.4mm nozzle.,"p. 1, ""Based on 0.4mm nozzle"": the page prints ""0.4mm"" (reader reader-r1-54-b, text).",agrees,gap-fill,line,reader,reader-r1-54-b,batch-54.csv#340,G001-27
ready,profiles,P0276,Plate,Not published,PC and Textured PEI,S-POLYCN-TDS-Polymaker-PolyMax-PC-V5-5-2026-01-05-EN,Build surface treatment PC and Textured PEI,"p. 1, ""Build surface treatment"": the page prints ""PC and Textured PEI"" (reader reader-r1-54-b, text).",agrees,gap-fill,line,reader,reader-r1-54-b,batch-54.csv#378,G035-06
ready,profiles,P0276,Nozzle diameter,Not published,0.4mm,S-POLYCN-TDS-Polymaker-PolyMax-PC-V5-5-2026-01-05-EN,*Based on 0.4mm nozzle.,"p. 1, ""Based on 0.4mm nozzle"": the page prints ""0.4mm"" (reader reader-r1-54-b, text).",agrees,gap-fill,line,reader,reader-r1-54-b,batch-54.csv#389,G035-06
ready,profiles,P0358,Plate,Not published,PC and Textured PEI,S-POLYCN-TDS-Polymaker-PolyMax-PETG-V5-5-2026-01-06-EN,Build surface treatment PC and Textured PEI,"p. 1, ""Build surface treatment"": the page prints ""PC and Textured PEI"" (reader reader-r1-54-b, text).",agrees,gap-fill,line,reader,reader-r1-54-b,batch-54.csv#426,G020-16
ready,profiles,P0358,Nozzle diameter,Not published,0.4mm,S-POLYCN-TDS-Polymaker-PolyMax-PETG-V5-5-2026-01-06-EN,*Based on 0.4mm nozzle.,"p. 1, ""Based on 0.4mm nozzle"": the page prints ""0.4mm"" (reader reader-r1-54-b, text).",agrees,gap-fill,line,reader,reader-r1-54-b,batch-54.csv#433,G020-16
ready,profiles,P0317,Plate,Not published,PC and Textured PEI,S-POLYCN-TDS-Polymaker-PolyMax-PLA-V5-5-2026-01-06-EN,Build surface treatment PC and Textured PEI,"p. 1, ""Build surface treatment"": the page prints ""PC and Textured PEI"" (reader reader-r1-54-b, text).",agrees,gap-fill,line,reader,reader-r1-54-b,batch-54.csv#472,G001-24
ready,profiles,P0317,Nozzle diameter,Not published,0.4mm,S-POLYCN-TDS-Polymaker-PolyMax-PLA-V5-5-2026-01-06-EN,*Based on 0.4mm nozzle.,"p. 1, ""Based on 0.4mm nozzle"": the page prints ""0.4mm"" (reader reader-r1-54-b, text).",agrees,gap-fill,line,reader,reader-r1-54-b,batch-54.csv#479,G001-24
ready,profiles,P0286,Plate,Not published,PC and Texture PEI (Glue when needed),S-POLYCN-TDS-Polymaker-PolySonic-PLA-Pro-6-0-2026-06-08-EN,Build surface treatment PC and Texture PEI (Glue when needed),"p. 1, ""Build surface treatment"": the page prints ""PC and Texture PEI (Glue when needed)"" (reader reader-r1-54-b, block).",agrees,gap-fill,block,reader,reader-r1-54-b,batch-54.csv#533,G001-20
ready,profiles,P0287,Plate,Not published,PC and Texture PEI (Glue when needed),S-POLYCN-TDS-Polymaker-PolySonic-PLA-Pro-6-0-2026-06-08-EN,Build surface treatment PC and Texture PEI (Glue when needed),"p. 1, ""Build surface treatment"": the page prints ""PC and Texture PEI (Glue when needed)"" (reader reader-r1-54-b, block).",agrees,gap-fill,block,reader,reader-r1-54-b,batch-54.csv#533,G001-20
ready,profiles,P0286,Nozzle diameter,Not published,0.4mm,S-POLYCN-TDS-Polymaker-PolySonic-PLA-Pro-6-0-2026-06-08-EN,*Based on 0.4mm nozzle.,"p. 1, ""Based on 0.4mm nozzle"": the page prints ""0.4mm"" (reader reader-r1-54-b, text).",agrees,gap-fill,line,reader,reader-r1-54-b,batch-54.csv#543,G001-20
ready,profiles,P0287,Nozzle diameter,Not published,0.4mm,S-POLYCN-TDS-Polymaker-PolySonic-PLA-Pro-6-0-2026-06-08-EN,*Based on 0.4mm nozzle.,"p. 1, ""Based on 0.4mm nozzle"": the page prints ""0.4mm"" (reader reader-r1-54-b, text).",agrees,gap-fill,line,reader,reader-r1-54-b,batch-54.csv#543,G001-20
ready,profiles,P0990,Plate,Not published,PC and Textured PEI,S-POLYCN-TDS-Polymaker-PolySupport-v5-5-2026-01-14-EN,Build surface treatment PC and Textured PEI,"p. 1, ""Build surface treatment"": the page prints ""PC and Textured PEI"" (reader reader-r1-54-b, text).",agrees,gap-fill,line,reader,reader-r1-54-b,batch-54.csv#557,G077-02
ready,profiles,P0990,Nozzle diameter,Not published,0.4mm,S-POLYCN-TDS-Polymaker-PolySupport-v5-5-2026-01-14-EN,*Based on 0.4mm nozzle.,"p. 1, ""Based on 0.4mm nozzle"": the page prints ""0.4mm"" (reader reader-r1-54-b, text).",agrees,gap-fill,line,reader,reader-r1-54-b,batch-54.csv#564,G077-02
ready,profiles,P0592,Plate,Not published,smooth PEI sheet; powder coated sheet; satin sheet,S-PVB-0eaa8597-prusament-rpla-natural-pigments-technical-data-sheet,Bed Type smooth PEI sheet; powder coated sheet; satin sheet,"p. 1, ""Bed Type"": the page prints ""smooth PEI sheet; powder coated sheet; satin sheet"" (reader reader-r1-55, text).",agrees,gap-fill,line,reader,reader-r1-55,batch-55.csv#34,G001-77
ready,profiles,P0634,Plate,Not published,"smooth PEI sheet, powder coated sheet, satin sheet",S-PVB-269cd3c8-prusament-pla-hs-technical-datasheet,"Bed Type smooth PEI sheet, powder coated sheet, satin sheet","p. 1, ""Bed Type"": the page prints ""smooth PEI sheet, powder coated sheet, satin sheet"" (reader reader-r1-55, text).",agrees,gap-fill,line,reader,reader-r1-55,batch-55.csv#77,G001-87
ready,profiles,P0698,Plate,Not published,PP sheet,S-PVB-512923fd-tds-pp-glass-fiber-en,Bed Type PP sheet,"p. 1, ""Bed Type"": the page prints ""PP sheet"" (reader reader-r1-55, text).",agrees,gap-fill,line,reader,reader-r1-55,batch-55.csv#123,G084-02
ready,profiles,P0698,Abrasion / clogging,Not published,A hardened nozzle is necessary.,S-PVB-512923fd-tds-pp-glass-fiber-en,Additional Info | A hardened nozzle is necessary.,"p. 1, ""Additional Info"": the page prints ""A hardened nozzle is necessary."" (reader reader-r1-55, visual-only).",agrees,gap-fill,pieces,reader,reader-r1-55,batch-55.csv#124,G084-02
ready,profiles,P1238,Plate,Not published,satin sheet; powder coated sheet; smooth PEI sheet* (* with a glue stick),S-PVB-8-PETG-RECYCLED-Prusament-TDS-2022,Bed Type satin sheet; powder coated sheet; smooth PEI sheet* | * with a glue stick,"p. 1, ""Bed Type"": the page prints ""satin sheet; powder coated sheet; smooth PEI sheet* (* with a glue stick)"" (reader reader-r1-55, text).",agrees,gap-fill,line,reader,reader-r1-55,batch-55.csv#210,G020-59
ready,profiles,P0631,Plate,Not published,"PA Nylon, PP, Satin, Textured, and PEI smooth* sheet (* with a glue stick as a separate layer)",S-PVB-80316f6d-tds-prusament-tpu-95a-en-1,"Bed Type PA Nylon, PP, Satin, Textured, and PEI smooth* sheet | * with a glue stick as a separate layer","p. 1, ""Bed Type"": the page prints ""PA Nylon, PP, Satin, Textured, and PEI smooth* sheet (* with a glue stick as a separate layer)"" (reader reader-r1-55, text).",agrees,gap-fill,line,reader,reader-r1-55,batch-55.csv#253,G039-35
ready,profiles,P0580,Plate,Not published,satin sheet; powder coated sheet; smooth PEI sheet* (*) with a glue stick),S-PVB-9f8d2165-tds-prusament-petg-n-en,Bed Type satin sheet; powder coated sheet; smooth PEI sheet* | *) with a glue stick,"p. 1, ""Bed Type"": the page prints ""satin sheet; powder coated sheet; smooth PEI sheet* (*) with a glue stick)"" (reader reader-r1-55, text).",agrees,gap-fill,line,reader,reader-r1-55,batch-55.csv#298,G020-29
ready,profiles,P0644,Plate,Not published,PP sheet,S-PVB-b4ef2bf6-technical-data-sheet-1,Bed Type PP sheet,"p. 1, ""Bed Type"": the page prints ""PP sheet"" (reader reader-r1-55, text).",agrees,gap-fill,line,reader,reader-r1-55,batch-55.csv#342,G083-03
ready,profiles,P0644,Abrasion / clogging,Not published,A hardened nozzle is necessary.,S-PVB-b4ef2bf6-technical-data-sheet-1,Additional Info | A hardened nozzle is necessary.,"p. 1, ""Additional Info"": the page prints ""A hardened nozzle is necessary."" (reader reader-r1-55, visual-only).",agrees,gap-fill,pieces,reader,reader-r1-55,batch-55.csv#343,G083-03
ready,profiles,P0670,Plate,Not published,satin sheet; smooth PEI sheet; powder coated sheet** (** with a glue stick),S-PVB-bc8551ef-tds-prusament-asa-2024-en,Bed Type satin sheet; smooth PEI sheet; powder coated sheet** | ** with a glue stick,"p. 1, ""Bed Type"": the page prints ""satin sheet; smooth PEI sheet; powder coated sheet** (** with a glue stick)"" (reader reader-r1-55, text).",agrees,gap-fill,line,reader,reader-r1-55,batch-55.csv#387,G031-20
ready,profiles,P0655,Plate,Not published,Satin / TXT / PP sheet,S-PVB-e032493a-tds-pc-space-grade-en,Bed Type Satin / TXT / PP sheet,"p. 1, ""Bed Type"": the page prints ""Satin / TXT / PP sheet"" (reader reader-r1-55-c, text).",agrees,gap-fill,line,reader,reader-r1-55-c,batch-55.csv#429,G037-06
ready,profiles,P0655,Abrasion / clogging,Not published,A hardened nozzle is necessary.,S-PVB-e032493a-tds-pc-space-grade-en,Additional Info | A hardened nozzle is necessary.,"p. 1, ""Additional Info"": the page prints ""A hardened nozzle is necessary."" (reader reader-r1-55-c, visual-only).",agrees,gap-fill,pieces,reader,reader-r1-55-c,batch-55.csv#430,G037-06
ready,profiles,P0600,Plate,Not published,satin sheet; smooth PEI sheet**; powder coated sheet**,S-PVB-PCBlend-Prusament-TDS-2022-16-EN,Bed Type satin sheet; smooth PEI sheet**; powder coated sheet** | ** with a glue stick,"p. 1, ""Bed Type"": the page prints ""satin sheet; smooth PEI sheet**; powder coated sheet**"" (reader reader-r1-55-c, text).",agrees,gap-fill,line,reader,reader-r1-55-c,batch-55.csv#483,G035-15
ready,profiles,P0739,Plate,Not published,Satin / TXT / PP sheet,S-PVB-Prusament-PC-Space-Grade-Black,Bed Type Satin / TXT / PP sheet,"p. 1, ""Bed Type"": the page prints ""Satin / TXT / PP sheet"" (reader reader-r1-55-c, text).",agrees,gap-fill,line,reader,reader-r1-55-c,batch-55.csv#529,G037-06
ready,profiles,P0739,Abrasion / clogging,Not published,A hardened nozzle is necessary.,S-PVB-Prusament-PC-Space-Grade-Black,Additional Info | A hardened nozzle is necessary.,"p. 1, ""Additional Info"": the page prints ""A hardened nozzle is necessary."" (reader reader-r1-55-c, visual-only).",agrees,gap-fill,pieces,reader,reader-r1-55-c,batch-55.csv#530,G037-06
ready,profiles,P0783,Plate,Not published,satin sheet; powder coated sheet; smooth PEI sheet*,S-PVB-prusament-petg-v0-technical-data-sheet,Bed Type satin sheet; powder coated sheet; smooth PEI sheet* | * with a glue stick,"p. 1, ""Bed Type"": the page prints ""satin sheet; powder coated sheet; smooth PEI sheet*"" (reader reader-r1-55-c, text).",agrees,gap-fill,line,reader,reader-r1-55-c,batch-55.csv#583,G020-47
ready,profiles,P1199,Plate,Not published,smooth PEI sheet; powder coated sheet; satin sheet,S-PVB-prusament-pla-technical-data-sheet,Bed Type smooth PEI sheet; powder coated sheet; satin sheet,"p. 1, ""Bed Type"": the page prints ""smooth PEI sheet; powder coated sheet; satin sheet"" (reader reader-r1-55-c, text).",agrees,gap-fill,line,reader,reader-r1-55-c,batch-55.csv#628,G001-144
ready,profiles,P0770,Plate,Not published,smooth PEI sheet; powder coated sheet; satin sheet,S-PVB-prusament-rpla-natural-pigments-technical-data-sheet,Bed Type smooth PEI sheet; powder coated sheet; satin sheet,"p. 1, ""Bed Type"": the page prints ""smooth PEI sheet; powder coated sheet; satin sheet"" (reader reader-r1-56-b, text).",agrees,gap-fill,line,reader,reader-r1-56-b,batch-56.csv#10,G001-77
ready,profiles,P1251,Plate,Not published,satin sheet; powder coated sheet; smooth PEI sheet**,S-PVB-TDS-Prusament-PCCF-2023-EN,Bed Type satin sheet; powder coated sheet; smooth PEI sheet** | ** with a glue stick,"p. 1, ""Bed Type"": the page prints ""satin sheet; powder coated sheet; smooth PEI sheet**"" (reader reader-r1-56-b, text).",agrees,gap-fill,line,reader,reader-r1-56-b,batch-56.csv#91,G037-10
ready,profiles,P0806,Plate,Not published,"Using perforated bed, PVA glue, specialized product (Dimafix), kapton coating or other different way to obtain adhesion is recommended.",S-PVB-technisches-datenblatt-2,"There might be some problems to achieve proper adhesion on glass bed. Using perforated bed, PVA glue, specialized product (Dimafix), kapton coating or other different way to obtain adhesion is recommended.","p. 3, ""3. RECOMMENDATION OF PRINTING"": the page prints ""Using perforated bed, PVA glue, specialized product (Dimafix), kapton coating or other different way to obtain adhesion is recommended."" (reader reader-r1-56-b, text).",agrees,gap-fill,line,reader,reader-r1-56-b,batch-56.csv#181,G027-33
ready,profiles,P1248,Nozzle diameter,Not published,≥0.4mm,R-QIDI-ASA-AERO,Recommended nozzle diameter | ≥0.4mm,"p. 3, ""Recommended nozzle diameter"": the page prints ""≥0.4mm"" (reader reader-r1-56-b, text).",agrees,gap-fill,line,reader,reader-r1-56-b,batch-56.csv#229,G032-04
ready,profiles,P1248,Plate,Not published,PEI Film or Coating with PVP glue,R-QIDI-ASA-AERO,Recommended build surface | PEI Film or Coating with PVP glue,"p. 3, ""Recommended build surface"": the page prints ""PEI Film or Coating with PVP glue"" (reader reader-r1-56-b, text).",agrees,gap-fill,line,reader,reader-r1-56-b,batch-56.csv#230,G032-04
ready,profiles,P0922,Nozzle diameter,Not published,0.4-1.0mm,R-QIDI-PA12-CF,建议喷嘴大小 | Recommended Nozzle Diameter | 0.4-1.0mm,"p. 3, ""Recommended Nozzle Diameter"": the page prints ""0.4-1.0mm"" (reader reader-r1-56-c, text).",agrees,gap-fill,line,reader,reader-r1-56-c,batch-56.csv#768,G059-02
ready,profiles,P0922,Abrasion / clogging,Not published,It is recommended to use hardened steel nozzles,R-QIDI-PA12-CF,"It is recommended to use hardened steel nozzles, which can effectively improve the print quality.","p. 4, ""Additional Suggestions 3"": the page prints ""It is recommended to use hardened steel nozzles"" (reader reader-r1-56-c, text).",agrees,gap-fill,line,reader,reader-r1-56-c,batch-56.csv#780,G059-02
ready,profiles,P0762,Nozzle diameter,Not published,≥0.2 mm,R-QIDI-PEBA-95A,Recommended nozzle diameter | ≥0.2 mm,"p. 3, ""Recommended nozzle diameter"": the page prints ""≥0.2 mm"" (reader reader-r1-56-c, text).",agrees,gap-fill,line,reader,reader-r1-56-c,batch-56.csv#811,G045-07
ready,profiles,P0762,Plate,Not published,"Glass, PEI Film or PC Film",R-QIDI-PEBA-95A,"Recommended build surface | Glass, PEI Film or PC Film","p. 3, ""Recommended build surface"": the page prints ""Glass, PEI Film or PC Film"" (reader reader-r1-56-c, text).",agrees,gap-fill,line,reader,reader-r1-56-c,batch-56.csv#812,G045-07
ready,profiles,P1145,Nozzle diameter,Not published,0.4-1.0 mm,R-QIDI-PET-GF,建议喷嘴大小 | Recommended Nozzle Diameter | 0.4-1.0 mm,"p. 3, ""Recommended Nozzle Diameter"": the page prints ""0.4-1.0 mm"" (reader reader-r1-56-c, text).",agrees,gap-fill,line,reader,reader-r1-56-c,batch-56.csv#859,G068-05
ready,profiles,P0758,Plate,Not published,PEI board or glue,R-QIDI-PETG-CF,Recommended Build Surface | PEI board or glue,"p. 5, ""Recommended Build Surface"": the page prints ""PEI board or glue"" (reader reader-r1-56-c, text).",agrees,gap-fill,line,reader,reader-r1-56-c,batch-56.csv#918,G024-16
ready,profiles,P0759,Plate,Not published,PEI board or glue,R-QIDI-PETG-GF,Recommended Build Surface PEI board or glue,"p. 5, ""Recommended Build Surface"": the page prints ""PEI board or glue"" (reader reader-r1-57, text).",agrees,gap-fill,line,reader,reader-r1-57,batch-57.csv#44,G025-04
ready,profiles,P0759,Nozzle diameter,Not published,*Based on the 0.4 mm nozzle.,R-QIDI-PETG-GF,*Based on the 0.4 mm nozzle. Different nozzle diameters also make printing conditions different.,"p. 5, ""Footnote"": the page prints ""*Based on the 0.4 mm nozzle."" (reader reader-r1-57, text).",agrees,gap-fill,line,reader,reader-r1-57,batch-57.csv#49,G025-04
ready,profiles,P0761,Plate,Not published,PEI board,R-QIDI-PETG-RAPIDO,Recommended Build board PEI board,"p. 5, ""Recommended Build board"": the page prints ""PEI board"" (reader reader-r1-57, text).",agrees,gap-fill,line,reader,reader-r1-57,batch-57.csv#92,G020-44
ready,profiles,P0761,Nozzle diameter,Not published,*Based on the 0.4 mm nozzle.,R-QIDI-PETG-RAPIDO,*Based on the 0.4 mm nozzle. Different nozzle diameters also make printing conditions different.,"p. 5, ""Footnote"": the page prints ""*Based on the 0.4 mm nozzle."" (reader reader-r1-57, text).",agrees,gap-fill,line,reader,reader-r1-57,batch-57.csv#97,G020-44
ready,profiles,P1236,Nozzle diameter,Not published,0.2-1.0mm,R-QIDI-PETG-TOUGH,Recommended nozzle diameter and nozzle material | 0.2-1.0mm 铜制喷头,"p. 3, ""Recommended nozzle diameter and nozzle material"": the page prints ""0.2-1.0mm"" (reader reader-r1-57, text).",agrees,gap-fill,line,reader,reader-r1-57,batch-57.csv#122,G020-45
ready,profiles,P1236,Plate,Not published,"Glass,PEI Film or Coating with PVP glue",R-QIDI-PETG-TOUGH,Recommended build surface | Glass、PEI Film or Coating with PVP glue,"p. 3, ""Recommended build surface"": the page prints ""Glass、PEI Film or Coating with PVP glue"" (reader reader-r1-57, text).",agrees,gap-fill,line,reader,reader-r1-57,batch-57.csv#124,G020-45
ready,profiles,P1138,Nozzle diameter,Not published,≥0.2mm,R-QIDI-TPU95A-HF,Recommended nozzle diameter | ≥0.2mm,"p. 3, ""Recommended nozzle diameter"": the page prints ""≥0.2mm"" (reader reader-r1-57, text).",agrees,gap-fill,line,reader,reader-r1-57,batch-57.csv#201,G039-50
ready,profiles,P1138,Plate,Not published,"Glass, PEI Film or PC Film",R-QIDI-TPU95A-HF,"Recommended build surface Glass, PEI Film or PC Film","p. 3, ""Recommended build surface"": the page prints ""Glass, PEI Film or PC Film"" (reader reader-r1-57, text).",agrees,gap-fill,line,reader,reader-r1-57,batch-57.csv#202,G039-50
ready,profiles,P0918,Nozzle °C,Not published,250 ºC,D-RAISE3D-Raise3D-Hyper-Core-ABS-CF15-TDS-V1-0,Nozzle temp.= 250 ºC,"p. 1, ""Specimen print: Nozzle temp."": the page prints ""250 ºC"" (reader reader-r1-57-c, text).",agrees,gap-fill,line,reader,reader-r1-57-c,batch-57.csv#286,G029-09
ready,profiles,P0918,Bed °C,Not published,100 ºC,D-RAISE3D-Raise3D-Hyper-Core-ABS-CF15-TDS-V1-0,Bed temp.= 100 ºC,"p. 1, ""Specimen print: Bed temp."": the page prints ""100 ºC"" (reader reader-r1-57-c, text).",agrees,gap-fill,line,reader,reader-r1-57-c,batch-57.csv#287,G029-09
ready,profiles,P1263,Nozzle °C,Not published,320 ºC,D-RAISE3D-Raise3D-Hyper-Core-PPA-CF25-TDS-V2-0,Nozzle temp. = 320 ºC,"p. 1, ""Specimen print: Nozzle temp."": the page prints ""320 ºC"" (reader reader-r1-57-c, text).",agrees,gap-fill,line,reader,reader-r1-57-c,batch-57.csv#330,G070-08
ready,profiles,P1263,Bed °C,Not published,80 ºC,D-RAISE3D-Raise3D-Hyper-Core-PPA-CF25-TDS-V2-0,Bed temp.= 80 ºC,"p. 1, ""Specimen print: Bed temp."": the page prints ""80 ºC"" (reader reader-r1-57-c, text).",agrees,gap-fill,line,reader,reader-r1-57-c,batch-57.csv#331,G070-08
ready,profiles,P0912,Nozzle °C,Not published,340 ºC,D-RAISE3D-Raise3D-Hyper-Core-PPA-GF25-TDS-V1-1,Nozzle temp. = 340 ºC,"p. 1, ""Nozzle temp."": the page prints ""340 ºC"" (reader reader-r1-58, text).",agrees,gap-fill,line,reader,reader-r1-58,batch-58.csv#17,G071-05
ready,profiles,P0912,Bed °C,Not published,80 ºC,D-RAISE3D-Raise3D-Hyper-Core-PPA-GF25-TDS-V1-1,Bed temp.= 80 ºC,"p. 1, ""Bed temp."": the page prints ""80 ºC"" (reader reader-r1-58, text).",agrees,gap-fill,line,reader,reader-r1-58,batch-58.csv#18,G071-05
ready,profiles,P0618,Nozzle diameter,Not published,0.4mm,D-RAISE3D-Raise3D-Hyper-Speed-ABS-Filament-TDS-V2-0,Nozzle diameter=0.4mm,"p. 2, ""Nozzle diameter"": the page prints ""0.4mm"" (reader reader-r1-58, text).",agrees,gap-fill,line,reader,reader-r1-58,batch-58.csv#67,G027-24
ready,profiles,P0618,Nozzle °C,Not published,250 °C,D-RAISE3D-Raise3D-Hyper-Speed-ABS-Filament-TDS-V2-0,nozzle temperature = 250 °C,"p. 2, ""nozzle temperature"": the page prints ""250 °C"" (reader reader-r1-58, text).",agrees,gap-fill,line,reader,reader-r1-58,batch-58.csv#68,G027-24
ready,profiles,P0618,Bed °C,Not published,70 °C,D-RAISE3D-Raise3D-Hyper-Speed-ABS-Filament-TDS-V2-0,build plate temperature = | 70 °C,"p. 2, ""build plate temperature"": the page prints ""70 °C"" (reader reader-r1-58, text).",agrees,gap-fill,line,reader,reader-r1-58,batch-58.csv#70,G027-24
ready,profiles,P0917,Nozzle °C,Not published,270 ºC,D-RAISE3D-Raise3D-Hyper-Speed-PETG-CF-TDS-V1-0,Nozzle temp. =270 ºC,"p. 2, ""Nozzle temp."": the page prints ""270 ºC"" (reader reader-r1-58, text).",agrees,gap-fill,line,reader,reader-r1-58,batch-58.csv#157,G024-20
ready,profiles,P0917,Bed °C,Not published,60 ºC,D-RAISE3D-Raise3D-Hyper-Speed-PETG-CF-TDS-V1-0,Bed temp.= 60 ºC,"p. 2, ""Bed temp."": the page prints ""60 ºC"" (reader reader-r1-58, text).",agrees,gap-fill,line,reader,reader-r1-58,batch-58.csv#158,G024-20
ready,profiles,P0917,Abrasion / clogging,Not published,"A wear-resistance nozzle, such as hardened steel and ruby nozzle, is highly recommended",D-RAISE3D-Raise3D-Hyper-Speed-PETG-CF-TDS-V1-0,"A wear-resistance nozzle, such as hardened steel and ruby nozzle, is highly recommended to be used with Hyper Speed PETG CF.","p. 2, ""Note 1"": the page prints ""A wear-resistance nozzle, such as hardened steel and ruby nozzle, is highly recommended"" (reader reader-r1-58, text).",agrees,gap-fill,line,reader,reader-r1-58,batch-58.csv#165,G024-20
ready,profiles,P0919,Nozzle diameter,Not published,0.4 mm,D-RAISE3D-Raise3D-Hyper-Speed-PLA-Filament-TDS-V4-0-EN,Nozzle diameter = 0.4 mm,"p. 1, ""Nozzle diameter"": the page prints ""0.4 mm"" (reader reader-r1-58, text).",agrees,gap-fill,line,reader,reader-r1-58,batch-58.csv#195,G001-155
ready,profiles,P0919,Nozzle °C,Not published,220 °C,D-RAISE3D-Raise3D-Hyper-Speed-PLA-Filament-TDS-V4-0-EN,nozzle temperature = 220 °C,"p. 1, ""nozzle temperature"": the page prints ""220 °C"" (reader reader-r1-58, text).",agrees,gap-fill,line,reader,reader-r1-58,batch-58.csv#196,G001-155
ready,profiles,P0919,Bed °C,Not published,60 °C,D-RAISE3D-Raise3D-Hyper-Speed-PLA-Filament-TDS-V4-0-EN,build plate temperature = 60 °C,"p. 1, ""build plate temperature"": the page prints ""60 °C"" (reader reader-r1-58, text).",agrees,gap-fill,line,reader,reader-r1-58,batch-58.csv#198,G001-155
ready,profiles,P0907,Nozzle °C,Not published,230 ºC,D-RAISE3D-Raise3D-Hyper-Speed-PLA-Pro-TDS-V1-0-1,Nozzle temp.= 230 ºC,"p. 1, ""Nozzle temp."": the page prints ""230 ºC"" (reader reader-r1-58, text).",agrees,gap-fill,line,reader,reader-r1-58,batch-58.csv#239,G001-152
ready,profiles,P0907,Bed °C,Not published,55 ºC,D-RAISE3D-Raise3D-Hyper-Speed-PLA-Pro-TDS-V1-0-1,Bed temp.= 55 ºC,"p. 1, ""Bed temp."": the page prints ""55 ºC"" (reader reader-r1-58, text).",agrees,gap-fill,line,reader,reader-r1-58,batch-58.csv#240,G001-152
ready,profiles,P0656,Nozzle °C,Not published,300ºC,D-RAISE3D-Raise3D-Industrial-PET-CF-TDS-V2-8c9901cf-e1d5-4e11-b9e2-cd245c298c4f,Nozzle temp. 300ºC,"p. 2, ""Nozzle temp."": the page prints ""300ºC"" (reader reader-r1-58, text).",agrees,gap-fill,line,reader,reader-r1-58,batch-58.csv#380,G067-05
ready,profiles,P0656,Bed °C,Not published,80ºC,D-RAISE3D-Raise3D-Industrial-PET-CF-TDS-V2-8c9901cf-e1d5-4e11-b9e2-cd245c298c4f,Bed temp. 80ºC,"p. 2, ""Bed temp."": the page prints ""80ºC"" (reader reader-r1-58, text).",agrees,gap-fill,line,reader,reader-r1-58,batch-58.csv#381,G067-05
ready,profiles,P0673,Nozzle °C,Not published,320 ºC,D-RAISE3D-Raise3D-Industrial-PET-CF-TDS-V4-0,Nozzle temp. = 320 ºC,"p. 2, ""Specimen print: Nozzle temp."": the page prints ""320 ºC"" (reader reader-r1-58-c, text).",agrees,gap-fill,line,reader,reader-r1-58-c,batch-58.csv#445,G067-05
ready,profiles,P0673,Bed °C,Not published,80 ºC,D-RAISE3D-Raise3D-Industrial-PET-CF-TDS-V4-0,Bed temp.= 80 ºC,"p. 2, ""Specimen print: Bed temp."": the page prints ""80 ºC"" (reader reader-r1-58-c, text).",agrees,gap-fill,line,reader,reader-r1-58-c,batch-58.csv#446,G067-05
ready,profiles,P0633,Nozzle °C,Not published,320℃,D-RAISE3D-Raise3D-Industrial-PET-GF-TDS-V1,Nozzle temp 320℃,"p. 2, ""Specimen print: Nozzle temp"": the page prints ""320℃"" (reader reader-r1-58-c, text).",agrees,gap-fill,line,reader,reader-r1-58-c,batch-58.csv#475,G068-04
ready,profiles,P0633,Bed °C,Not published,80℃,D-RAISE3D-Raise3D-Industrial-PET-GF-TDS-V1,Bed temp 80℃,"p. 2, ""Specimen print: Bed temp"": the page prints ""80℃"" (reader reader-r1-58-c, text).",agrees,gap-fill,line,reader,reader-r1-58-c,batch-58.csv#476,G068-04
ready,profiles,P0635,Nozzle °C,Not published,245 °C,D-RAISE3D-Raise3D-Industrial-PETG-ESD-TDS-V3,nozzle temperature = 245 °C,"p. 2, ""Specimen print: nozzle temperature"": the page prints ""245 °C"" (reader reader-r1-58-c, text).",agrees,gap-fill,line,reader,reader-r1-58-c,batch-58.csv#517,G026-06
ready,profiles,P0635,Bed °C,Not published,80 °C,D-RAISE3D-Raise3D-Industrial-PETG-ESD-TDS-V3,build plate temperature = 80 °C,"p. 2, ""Specimen print: build plate temperature"": the page prints ""80 °C"" (reader reader-r1-58-c, text).",agrees,gap-fill,line,reader,reader-r1-58-c,batch-58.csv#519,G026-06
ready,profiles,P0909,Chamber °C,Not published,non-heated printing camber,D-RAISE3D-Raise3D-Industrial-PPS-CF-TDS-V1-1,PPS CF is well compatible with non-heated printing camber,"p. 1, ""Description"": the page prints ""non-heated printing camber"" (reader reader-r1-59, text).",agrees,gap-fill,line,reader,reader-r1-59,batch-59.csv#32,G073-07
ready,profiles,P0909,Nozzle °C,Not published,340 ºC,D-RAISE3D-Raise3D-Industrial-PPS-CF-TDS-V1-1,Nozzle temp. = 340 ºC,"p. 2, ""Footnote 1 (after annealed table)"": the page prints ""340 ºC"" (reader reader-r1-59, text).",agrees,gap-fill,line,reader,reader-r1-59,batch-59.csv#56,G073-07
ready,profiles,P0909,Bed °C,Not published,90 ºC,D-RAISE3D-Raise3D-Industrial-PPS-CF-TDS-V1-1,Bed temp.= 90 ºC,"p. 2, ""Footnote 1 (after annealed table)"": the page prints ""90 ºC"" (reader reader-r1-59, text).",agrees,gap-fill,line,reader,reader-r1-59,batch-59.csv#57,G073-07
ready,profiles,P0909,Abrasion / clogging,Not published,"wear-resistance nozzle, such as hardened steel and ruby nozzle, is highly recommended",D-RAISE3D-Raise3D-Industrial-PPS-CF-TDS-V1-1,"Abrasion of the brass nozzle happens frequently when printing Industrial PPS CF. A wear-resistance nozzle, such as hardened steel and ruby nozzle, is highly recommended to be used with Industrial PPS CF.","p. 3, ""Note 1"": the page prints ""wear-resistance nozzle, such as hardened steel and ruby nozzle, is highly recommended"" (reader reader-r1-59, text).",agrees,gap-fill,line,reader,reader-r1-59,batch-59.csv#82,G073-07
ready,profiles,P0910,Plate,Not published,BuildTak®,D-RAISE3D-Raise3D-Premium-ABS-TDS-V7-2,Build Surface material | BuildTak®,"p. 2, ""Build Surface material"": the page prints ""BuildTak®"" (reader reader-r1-59, text).",agrees,gap-fill,line,reader,reader-r1-59,batch-59.csv#114,G027-40
ready,profiles,P0910,Nozzle diameter,Not published,0.4 mm nozzle,D-RAISE3D-Raise3D-Premium-ABS-TDS-V7-2,Based on 0.4 mm nozzle and ideaMaker.,"p. 2, ""Note 1"": the page prints ""0.4 mm nozzle"" (reader reader-r1-59, text).",agrees,gap-fill,line,reader,reader-r1-59,batch-59.csv#125,G027-40
ready,profiles,P0582,Plate,Not published,BuildTak®,D-RAISE3D-Raise3D-Premium-ASA-TDS-v6-0,Build Surface material | BuildTak®,"p. 2, ""Build Surface material"": the page prints ""BuildTak®"" (reader reader-r1-59, text).",agrees,gap-fill,line,reader,reader-r1-59,batch-59.csv#156,G031-16
ready,profiles,P0582,Nozzle diameter,Not published,0.4 mm nozzle,D-RAISE3D-Raise3D-Premium-ASA-TDS-v6-0,Based on 0.4 mm nozzle and ideaMaker.,"p. 2, ""Note"": the page prints ""0.4 mm nozzle"" (reader reader-r1-59, text).",agrees,gap-fill,line,reader,reader-r1-59,batch-59.csv#167,G031-16
ready,profiles,P0671,Plate,Not published,BuildTak® recommended,D-RAISE3D-Raise3d-Premium-PC-Black-White-TDS-V6,Build Surface material BuildTak® recommended,"p. 2, ""Build Surface material"": the page prints ""BuildTak® recommended"" (reader reader-r1-59-c, text).",agrees,gap-fill,line,reader,reader-r1-59-c,batch-59.csv#190,G035-18
ready,profiles,P0671,Nozzle diameter,Not published,0.4 mm,D-RAISE3D-Raise3d-Premium-PC-Black-White-TDS-V6,Based on 0.4 mm nozzle and ideaMaker. Printing conditions may vary with different nozzle diameters.,"p. 2, ""Based on 0.4 mm nozzle"": the page prints ""0.4 mm"" (reader reader-r1-59-c, text).",agrees,gap-fill,line,reader,reader-r1-59-c,batch-59.csv#201,G035-18
ready,profiles,P1250,Plate,Not published,BuildTak® recommended,D-RAISE3D-Raise3d-Premium-PC-Transparent-TDS-V4,Build Surface material BuildTak® recommended,"p. 1, ""Build Surface material"": the page prints ""BuildTak® recommended"" (reader reader-r1-59-c, text).",agrees,gap-fill,line,single-product,reader-r1-59-c,batch-59.csv#220,G035-16
ready,profiles,P1250,Nozzle diameter,Not published,0.4 mm,D-RAISE3D-Raise3d-Premium-PC-Transparent-TDS-V4,Based on 0.4 mm nozzle and ideaMaker. Printing conditions may vary with different nozzle diameters.,"p. 2, ""Based on 0.4 mm nozzle"": the page prints ""0.4 mm"" (reader reader-r1-59-c, text).",agrees,gap-fill,line,single-product,reader-r1-59-c,batch-59.csv#230,G035-16
ready,profiles,P0622,Nozzle diameter,Not published,0.4 mm,D-RAISE3D-Raise3d-Premium-PC-Transparent-TDS-V6,Based on 0.4 mm nozzle and ideaMaker. Printing conditions may vary with different nozzle diameters.,"p. 2, ""Based on 0.4 mm nozzle"": the page prints ""0.4 mm"" (reader reader-r1-59-c, text).",agrees,gap-fill,line,reader,reader-r1-59-c,batch-59.csv#262,G035-16
ready,profiles,P1237,Plate,Not published,"Glass, BuildTak® recommended",D-RAISE3D-Raise3d-Premium-PETG-TDS-V3,"Build Surface material Glass, BuildTak® recommended","p. 2, ""Build Surface material"": the page prints ""Glass, BuildTak® recommended"" (reader reader-r1-59-c, text).",agrees,gap-fill,line,reader,reader-r1-59-c,batch-59.csv#280,G020-58
ready,profiles,P1237,Nozzle diameter,Not published,0.4 mm,D-RAISE3D-Raise3d-Premium-PETG-TDS-V3,1. Based on 0.4 mm nozzle and ideaMaker. Printing conditions may vary with different nozzle diameters.,"p. 2, ""Note 1"": the page prints ""0.4 mm"" (reader reader-r1-59-c, text).",agrees,gap-fill,line,reader,reader-r1-59-c,batch-59.csv#291,G020-58
ready,profiles,P0614,Plate,Not published,"BuildTak®, Blue Tap",D-RAISE3D-Raise3D-Premium-PLA-TDS-V6-0-EN,"Recommended build surface BuildTak®, Blue Tap","p. 2, ""Recommended build surface"": the page prints ""BuildTak®, Blue Tap"" (reader reader-r1-59-c, text).",agrees,gap-fill,line,reader,reader-r1-59-c,batch-59.csv#314,G001-82
ready,profiles,P0614,Nozzle diameter,Not published,0.4 mm,D-RAISE3D-Raise3D-Premium-PLA-TDS-V6-0-EN,Based on 0.4 mm nozzle and ideaMaker. Printing conditions may vary with different nozzle diameters.,"p. 2, ""Note"": the page prints ""0.4 mm"" (reader reader-r1-59-c, text).",agrees,gap-fill,line,reader,reader-r1-59-c,batch-59.csv#326,G001-82
ready,profiles,P0648,Nozzle diameter,Not published,0.4 mm,D-RAISE3D-Raise3D-Premium-TPU95A-TDS-V2-2,Based on 0.4 mm nozzle and ideaMaker. Printing conditions may vary with different nozzle diameters.,"p. 2, ""Note"": the page prints ""0.4 mm"" (reader reader-r1-59-c, text).",agrees,gap-fill,line,reader,reader-r1-59-c,batch-59.csv#372,G039-36
ready,profiles,P1239,Nozzle diameter,Not published,0.1-0.4 mm or higher,R-RECREUS-PET-G-TECHNICAL-DATA-SHEET-TDS-2020-0,Minimal nozzle diameter | 0.1-0.4 mm or higher,"p. 1, ""Minimal nozzle diameter"": the page prints ""0.1-0.4 mm or higher"" (reader reader-r1-59-c, ocr).",agrees,gap-fill,line+ocr,reader,reader-r1-59-c,batch-59.csv#453,G020-70
ready,profiles,P1209,Nozzle diameter,Not published,0.1 (0.4 mm or higher recommended),R-RECREUS-PLA,Minimal nozzle diameter | 0.1 (0.4 mm or higher recommended),"p. 1, ""Minimal nozzle diameter"": the page prints ""0.1 (0.4 mm or higher recommended)"" (reader reader-r1-59-c, text).",agrees,gap-fill,line,reader,reader-r1-59-c,batch-59.csv#496,G001-188
ready,profiles,P1127,Plate,Not published,"Tempered Glass, PEI Board, Carbon Fiber Board",S-PCGF-ABS-Carbon-Fiber-TDS-Siddament,"- Printing Platform: Tempered Glass, PEI Board, Carbon Fiber Board","p. 2, ""Printing Platform"": the page prints ""Tempered Glass, PEI Board, Carbon Fiber Board"" (reader reader-r1-60-c, text).",agrees,gap-fill,line,reader,reader-r1-60-c,batch-60.csv#373,G029-07
ready,profiles,P1127,Nozzle diameter,Not published,0.2-0.6mm,S-PCGF-ABS-Carbon-Fiber-TDS-Siddament,- Nozzle Diameter: 0.2-0.6mm,"p. 2, ""Nozzle Diameter"": the page prints ""0.2-0.6mm"" (reader reader-r1-60-c, text).",agrees,gap-fill,line,reader,reader-r1-60-c,batch-60.csv#374,G029-07
ready,profiles,P1121,Plate,Not published,"Tempered Glass, PEI Board, Carbon Fiber Board",S-PCGF-ABS-TDS-Siddament,"- Printing Platform: Tempered Glass, PEI Board, Carbon Fiber Board","p. 2, ""Printing Platform"": the page prints ""Tempered Glass, PEI Board, Carbon Fiber Board"" (reader reader-r1-60-c, text).",agrees,gap-fill,line,reader,reader-r1-60-c,batch-60.csv#398,G027-31
ready,profiles,P1121,Nozzle diameter,Not published,0.2-0.6mm,S-PCGF-ABS-TDS-Siddament,- Nozzle Diameter: 0.2-0.6mm,"p. 2, ""Nozzle Diameter"": the page prints ""0.2-0.6mm"" (reader reader-r1-60-c, text).",agrees,gap-fill,line,reader,reader-r1-60-c,batch-60.csv#399,G027-31
ready,profiles,P1132,Plate,Not published,"Tempered Glass, PEI Board, Carbon Fiber Board",S-PCGF-ASA-Carbon-Fiber-TDS-Siddament,"- Printing Platform: Tempered Glass, PEI Board, Carbon Fiber Board","p. 2, ""Printing Platform"": the page prints ""Tempered Glass, PEI Board, Carbon Fiber Board"" (reader reader-r1-60-c, text).",agrees,gap-fill,line,reader,reader-r1-60-c,batch-60.csv#423,G033-13
ready,profiles,P1132,Nozzle diameter,Not published,0.2-0.6mm,S-PCGF-ASA-Carbon-Fiber-TDS-Siddament,- Nozzle Diameter: 0.2-0.6mm,"p. 2, ""Nozzle Diameter"": the page prints ""0.2-0.6mm"" (reader reader-r1-60-c, text).",agrees,gap-fill,line,reader,reader-r1-60-c,batch-60.csv#424,G033-13
ready,profiles,P1128,Plate,Not published,"Tempered Glass, PEI Board, Carbon Fiber Board",S-PCGF-ASA-TDS-Siddament,"- Printing Platform: Tempered Glass, PEI Board, Carbon Fiber Board","p. 2, ""Printing Platform"": the page prints ""Tempered Glass, PEI Board, Carbon Fiber Board"" (reader reader-r1-60-c, text).",agrees,gap-fill,line,reader,reader-r1-60-c,batch-60.csv#474,G031-24
ready,profiles,P1128,Nozzle diameter,Not published,0.2-0.6mm,S-PCGF-ASA-TDS-Siddament,- Nozzle Diameter: 0.2-0.6mm,"p. 2, ""Nozzle Diameter"": the page prints ""0.2-0.6mm"" (reader reader-r1-60-c, text).",agrees,gap-fill,line,reader,reader-r1-60-c,batch-60.csv#475,G031-24
ready,profiles,P1136,Plate,Not published,"Tempered Glass, PEI Board, Carbon Fiber Board",S-PCGF-PC-Carbon-Fiber-TDS-Siddament,"- Printing Platform: Tempered Glass, PEI Board, Carbon Fiber Board","p. 2, ""Printing Platform"": the page prints ""Tempered Glass, PEI Board, Carbon Fiber Board"" (reader reader-r1-60-c, text).",agrees,gap-fill,line,reader,reader-r1-60-c,batch-60.csv#606,G037-08
ready,profiles,P1136,Nozzle diameter,Not published,0.2-0.6mm,S-PCGF-PC-Carbon-Fiber-TDS-Siddament,- Nozzle Diameter: 0.2-0.6mm,"p. 2, ""Nozzle Diameter"": the page prints ""0.2-0.6mm"" (reader reader-r1-60-c, text).",agrees,gap-fill,line,reader,reader-r1-60-c,batch-60.csv#607,G037-08
ready,profiles,P1134,Plate,Not published,"Tempered Glass, PEI Board, Carbon Fiber Board",S-PCGF-PC-TDS-Siddament,"- Printing Platform: Tempered Glass, PEI Board, Carbon Fiber Board","p. 2, ""Printing Platform"": the page prints ""Tempered Glass, PEI Board, Carbon Fiber Board"" (reader reader-r1-60-c, text).",agrees,gap-fill,line,reader,reader-r1-60-c,batch-60.csv#631,G035-20
ready,profiles,P1134,Nozzle diameter,Not published,0.2-0.6mm,S-PCGF-PC-TDS-Siddament,- Nozzle Diameter: 0.2-0.6mm,"p. 2, ""Nozzle Diameter"": the page prints ""0.2-0.6mm"" (reader reader-r1-60-c, text).",agrees,gap-fill,line,reader,reader-r1-60-c,batch-60.csv#632,G035-20
ready,profiles,P1119,Plate,Not published,"Tempered Glass, PEI Board, Carbon Fiber Board",S-PCGF-PETG-Carbon-Fiber-TDS-Siddament,"- Printing Platform: Tempered Glass, PEI Board, Carbon Fiber Board","p. 2, ""Printing Platform"": the page prints ""Tempered Glass, PEI Board, Carbon Fiber Board"" (reader reader-r1-61-b, text).",agrees,gap-fill,line,reader,reader-r1-61-b,batch-61.csv#39,G024-14
ready,profiles,P1119,Nozzle diameter,Not published,0.2-0.6mm (Hardened Nozzle Recommended),S-PCGF-PETG-Carbon-Fiber-TDS-Siddament,- Nozzle Diameter: 0.2-0.6mm (Hardened Nozzle Recommended),"p. 2, ""Nozzle Diameter"": the page prints ""0.2-0.6mm (Hardened Nozzle Recommended)"" (reader reader-r1-61-b, text).",agrees,gap-fill,line,reader,reader-r1-61-b,batch-61.csv#40,G024-14
ready,profiles,P1116,Plate,Not published,"Tempered Glass, PEI Board, Carbon Fiber Board",S-PCGF-PETG-Matte-TDS-Siddament,"- Printing Platform: Tempered Glass, PEI Board, Carbon Fiber Board","p. 2, ""Printing Platform"": the page prints ""Tempered Glass, PEI Board, Carbon Fiber Board"" (reader reader-r1-61-b, text).",agrees,gap-fill,line,reader,reader-r1-61-b,batch-61.csv#70,G020-43
ready,profiles,P1116,Nozzle diameter,Not published,0.2-0.6mm,S-PCGF-PETG-Matte-TDS-Siddament,- Nozzle Diameter: 0.2-0.6mm,"p. 2, ""Nozzle Diameter"": the page prints ""0.2-0.6mm"" (reader reader-r1-61-b, text).",agrees,gap-fill,line,reader,reader-r1-61-b,batch-61.csv#71,G020-43
ready,profiles,P1115,Plate,Not published,"Tempered Glass, PEI Board, Carbon Fiber Board",S-PCGF-PETG-TDS-Siddament,"- Printing Platform: Tempered Glass, PEI Board, Carbon Fiber Board","p. 2, ""Printing Platform"": the page prints ""Tempered Glass, PEI Board, Carbon Fiber Board"" (reader reader-r1-61-b, text).",agrees,gap-fill,line,reader,reader-r1-61-b,batch-61.csv#91,G020-42
ready,profiles,P1115,Nozzle diameter,Not published,0.2-0.6mm,S-PCGF-PETG-TDS-Siddament,- Nozzle Diameter: 0.2-0.6mm,"p. 2, ""Nozzle Diameter"": the page prints ""0.2-0.6mm"" (reader reader-r1-61-b, text).",agrees,gap-fill,line,reader,reader-r1-61-b,batch-61.csv#92,G020-42
ready,profiles,P1111,Plate,Not published,"Tempered Glass, PEI Board, Carbon Fiber Board",S-PCGF-PLA-Glow-in-the-Dark-TDS-Siddament,"- Printing Platform: Tempered Glass, PEI Board, Carbon Fiber Board","p. 2, ""Printing Platform"": the page prints ""Tempered Glass, PEI Board, Carbon Fiber Board"" (reader reader-r1-61-b, text).",agrees,gap-fill,line,reader,reader-r1-61-b,batch-61.csv#112,G016-03
ready,profiles,P1111,Nozzle diameter,Not published,0.2-0.6mm,S-PCGF-PLA-Glow-in-the-Dark-TDS-Siddament,- Nozzle Diameter: 0.2-0.6mm,"p. 2, ""Nozzle Diameter"": the page prints ""0.2-0.6mm"" (reader reader-r1-61-b, text).",agrees,gap-fill,line,reader,reader-r1-61-b,batch-61.csv#113,G016-03
ready,profiles,P1107,Plate,Not published,"Tempered Glass, PEI Board, Carbon Fiber Board",S-PCGF-PLA-Marble-TDS-Siddament,"- Printing Platform: Tempered Glass, PEI Board, Carbon Fiber Board","p. 2, ""Printing Platform"": the page prints ""Tempered Glass, PEI Board, Carbon Fiber Board"" (reader reader-r1-61-b, text).",agrees,gap-fill,line,reader,reader-r1-61-b,batch-61.csv#133,G012-04
ready,profiles,P1107,Nozzle diameter,Not published,0.2-0.6mm,S-PCGF-PLA-Marble-TDS-Siddament,- Nozzle Diameter: 0.2-0.6mm,"p. 2, ""Nozzle Diameter"": the page prints ""0.2-0.6mm"" (reader reader-r1-61-b, text).",agrees,gap-fill,line,reader,reader-r1-61-b,batch-61.csv#134,G012-04
ready,profiles,P1099,Plate,Not published,"Tempered Glass, PEI Board, Carbon Fiber Board",S-PCGF-PLA-Matte-TDS-Siddament,"- Printing Platform: Tempered Glass, PEI Board, Carbon Fiber Board","p. 2, ""Printing Platform"": the page prints ""Tempered Glass, PEI Board, Carbon Fiber Board"" (reader reader-r1-61-b, text).",agrees,gap-fill,line,reader,reader-r1-61-b,batch-61.csv#154,G001-106
ready,profiles,P1099,Nozzle diameter,Not published,0.2-0.6mm,S-PCGF-PLA-Matte-TDS-Siddament,- Nozzle Diameter: 0.2-0.6mm,"p. 2, ""Nozzle Diameter"": the page prints ""0.2-0.6mm"" (reader reader-r1-61-b, text).",agrees,gap-fill,line,reader,reader-r1-61-b,batch-61.csv#155,G001-106
ready,profiles,P1098,Plate,Not published,"Tempered Glass, PEI Board, Carbon Fiber Board",S-PCGF-PLA-TDS-Siddament,"- Printing Platform: Tempered Glass, PEI Board, Carbon Fiber Board","p. 2, ""Printing Platform"": the page prints ""Tempered Glass, PEI Board, Carbon Fiber Board"" (reader reader-r1-61-b, text).",agrees,gap-fill,line,reader,reader-r1-61-b,batch-61.csv#175,G001-103
ready,profiles,P1098,Nozzle diameter,Not published,0.2-0.6mm,S-PCGF-PLA-TDS-Siddament,- Nozzle Diameter: 0.2-0.6mm,"p. 2, ""Nozzle Diameter"": the page prints ""0.2-0.6mm"" (reader reader-r1-61-b, text).",agrees,gap-fill,line,reader,reader-r1-61-b,batch-61.csv#176,G001-103
ready,profiles,P1109,Plate,Not published,"Tempered Glass, PEI Board, Carbon Fiber Board",S-PCGF-PLA-Wood-TDS-Siddament,"- Printing Platform: Tempered Glass, PEI Board, Carbon Fiber Board","p. 2, ""Printing Platform"": the page prints ""Tempered Glass, PEI Board, Carbon Fiber Board"" (reader reader-r1-61-b, text).",agrees,gap-fill,line,reader,reader-r1-61-b,batch-61.csv#196,G014-09
ready,profiles,P1109,Nozzle diameter,Not published,0.2-0.6mm,S-PCGF-PLA-Wood-TDS-Siddament,- Nozzle Diameter: 0.2-0.6mm,"p. 2, ""Nozzle Diameter"": the page prints ""0.2-0.6mm"" (reader reader-r1-61-b, text).",agrees,gap-fill,line,reader,reader-r1-61-b,batch-61.csv#197,G014-09
ready,profiles,P1137,Plate,Not published,"Tempered Glass, PEI Board, Carbon Fiber Board",S-PCGF-TPU-95A-TDS-Siddament,"- Printing Platform: Tempered Glass, PEI Board, Carbon Fiber Board","p. 2, ""Printing Platform"": the page prints ""Tempered Glass, PEI Board, Carbon Fiber Board"" (reader reader-r1-61-b, text).",agrees,gap-fill,line,reader,reader-r1-61-b,batch-61.csv#217,G039-49
ready,profiles,P1137,Nozzle diameter,Not published,0.2-0.6mm,S-PCGF-TPU-95A-TDS-Siddament,- Nozzle Diameter: 0.2-0.6mm,"p. 2, ""Nozzle Diameter"": the page prints ""0.2-0.6mm"" (reader reader-r1-61-b, text).",agrees,gap-fill,line,reader,reader-r1-61-b,batch-61.csv#218,G039-49
ready,profiles,P1146,Plate,Not published,PEI sheet or PVP glue coating,D-SIRAYA-Fibreheart-PPA-TDS,Ensure proper bed adhesion using a PEI sheet or PVP glue coating to prevent warping.,"p. 4, ""Preparing for Printing"": the page prints ""PEI sheet or PVP glue coating"" (reader reader-r1-61-c, text).",agrees,gap-fill,line,reader,reader-r1-61-c,batch-61.csv#298,G069-02
ready,profiles,P1146,Nozzle diameter,Not published,0.4-1.0mm,D-SIRAYA-Fibreheart-PPA-TDS,Nozzle Diameter: 0.4-1.0mm;,"p. 4, ""Hardware Requirements - Nozzle Diameter"": the page prints ""0.4-1.0mm"" (reader reader-r1-61-c, text).",agrees,gap-fill,line,reader,reader-r1-61-c,batch-61.csv#303,G069-02
ready,profiles,P0994,Plate,Not published,"Glass, PEI Film, or PVP Glue Stick",D-SIRAYA-fibreheart-tpu-gf-filament-tds,"Compatible Build surfaces Glass, PEI Film, or PVP Glue Stick","p. 1, ""Compatible Build surfaces"": the page prints ""Glass, PEI Film, or PVP Glue Stick"" (reader reader-r1-61-c, text).",agrees,gap-fill,line,reader,reader-r1-61-c,batch-61.csv#339,G151-01
ready,profiles,P0994,Nozzle diameter,Not published,0.4mm or larger,D-SIRAYA-fibreheart-tpu-gf-filament-tds,Recommended Nozzle Diameter 0.4mm or larger,"p. 1, ""Recommended Nozzle Diameter"": the page prints ""0.4mm or larger"" (reader reader-r1-61-c, text).",agrees,gap-fill,line,reader,reader-r1-61-c,batch-61.csv#344,G151-01
ready,profiles,P1031,Nozzle diameter,Not published,≥ 0.2 mm (≥ 0.4mm is recommended for ease of use),D-SIRAYA-rebound-peba-85a-filament-tds,Nozzle ≥ 0.2 mm (≥ 0.4mm is recommended for ease of use),"p. 1, ""Nozzle"": the page prints ""≥ 0.2 mm (≥ 0.4mm is recommended for ease of use)"" (reader reader-r1-61-c, text).",agrees,gap-fill,line,reader,reader-r1-61-c,batch-61.csv#373,G045-10
ready,profiles,P1031,Plate,Not published,"Glass, PEI Film, or PC Film",D-SIRAYA-rebound-peba-85a-filament-tds,"Build Surface Glass, PEI Film, or PC Film","p. 1, ""Build Surface"": the page prints ""Glass, PEI Film, or PC Film"" (reader reader-r1-61-c, text).",agrees,gap-fill,line,reader,reader-r1-61-c,batch-61.csv#376,G045-10
ready,profiles,P0892,Plate,Not published,PEI film,D-SIRAYA-siraya-tech-fibreheart-abs-cf-core-tds,Build Platform Material PEI film | Note: 1. With optional Glue Stick or PVP glue coating for enhanced adhesion.,"p. 1, ""Build Platform Material"": the page prints ""PEI film"" (reader reader-r1-61-c, text).",agrees,gap-fill,line,reader,reader-r1-61-c,batch-61.csv#407,G029-08
ready,profiles,P1139,Nozzle °C,Not published,200°C to 225°C,D-SIRAYA-siraya-tech-fibreheart-flex-tpu-85a-tds,Ideal extrusion temperatures range from 200°C to 225°C,"p. 1, ""(1) Temperature Settings"": the page prints ""200°C to 225°C"" (reader reader-r1-61-c, text).",agrees,gap-fill,line,single-product,reader-r1-61-c,batch-61.csv#441,G039-67
ready,profiles,P1139,Nozzle diameter,Not published,"greater than 0.2mm, best results 0.4mm nozzle",D-SIRAYA-siraya-tech-fibreheart-flex-tpu-85a-tds,"A nozzle size greater than 0.2mm is recommended, with the best results typically achieved using a 0.4mm nozzle","p. 1, ""(3) Nozzle Size"": the page prints ""greater than 0.2mm, best results 0.4mm nozzle"" (reader reader-r1-61-c, text).",agrees,gap-fill,line,single-product,reader-r1-61-c,batch-61.csv#445,G039-67
ready,profiles,P1139,Plate,Not published,PEI or glass with glue stick application,D-SIRAYA-siraya-tech-fibreheart-flex-tpu-85a-tds,PEI or glass with glue stick application is recommended for best adhesion.,"p. 1, ""(5) Build Platform Material"": the page prints ""PEI or glass with glue stick application"" (reader reader-r1-61-c, text).",agrees,gap-fill,line,single-product,reader-r1-61-c,batch-61.csv#448,G039-67
ready,profiles,P0975,Nozzle diameter,Not published,0.2mm (The best results: 0.4mm),D-SIRAYA-siraya-tech-fibreheart-flex-tpu-95a-tds,Recommended Nozzle Diameter 0.2mm (The best results: 0.4mm),"p. 1, ""Recommended Nozzle Diameter"": the page prints ""0.2mm (The best results: 0.4mm)"" (reader reader-r1-61-c, text).",agrees,gap-fill,line,single-product,reader-r1-61-c,batch-61.csv#483,G039-66
ready,profiles,P0975,Plate,Not published,PEI or glass with glue stick application,D-SIRAYA-siraya-tech-fibreheart-flex-tpu-95a-tds,Build Platform Material PEI or glass with glue stick application,"p. 1, ""Build Platform Material"": the page prints ""PEI or glass with glue stick application"" (reader reader-r1-61-c, text).",agrees,gap-fill,line,single-product,reader-r1-61-c,batch-61.csv#487,G039-66
ready,profiles,P0925,Nozzle diameter,Not published,Size request: 0.4mm and above,D-SIRAYA-siraya-tech-fibreheart-paht-cf-ppa-based-tds,Nozzle Use a hardened steel nozzle or higher grade Size request: 0.4mm and above,"p. 1, ""Nozzle"": the page prints ""Size request: 0.4mm and above"" (reader reader-r1-61-c, text).",agrees,gap-fill,line,reader,reader-r1-61-c,batch-61.csv#523,G070-09
ready,profiles,P0925,Plate,Not published,Use a PEI sheet or apply a PVP glue coating on the print bed surface for better adhesion and to reduce warping,D-SIRAYA-siraya-tech-fibreheart-paht-cf-ppa-based-tds,Print Bed Surface Coating Use a PEI sheet or apply a PVP glue coating on the print bed surface for better adhesion and to reduce warping,"p. 1, ""Print Bed Surface Coating"": the page prints ""Use a PEI sheet or apply a PVP glue coating on the print bed surface for better adhesion and to reduce warping"" (reader reader-r1-61-c, text).",agrees,gap-fill,line,reader,reader-r1-61-c,batch-61.csv#525,G070-09
ready,profiles,P0986,Nozzle diameter,Not published,≥ 0.4mm,D-SIRAYA-siraya-tech-rebound-peba-95a-tds,Recommended Nozzle Size ≥ 0.4mm,"p. 1, ""Recommended Nozzle Size"": the page prints ""≥ 0.4mm"" (reader reader-r1-61-c, text).",agrees,gap-fill,line,reader,reader-r1-61-c,batch-61.csv#545,G045-08
ready,profiles,P1017,Plate,Not published,"Glass, PEI Film, or PC Film",D-SIRAYA-siraya-tech-rebound-peba-air-70a-95a-tds,"Build Surface Glass, PEI Film, or PC Film","p. 1, ""Build Surface"": the page prints ""Glass, PEI Film, or PC Film"" (reader reader-r1-61-c, text).",agrees,gap-fill,line,reader,reader-r1-61-c,batch-61.csv#606,G045-09
ready,profiles,P1304,Plate,Not published,"Glass, PEI Film, or PVP Glue Stick",D-SIRAYA-TECH-PRINT-20260928-fc27f63b931a,"Compatible Build surfaces  Glass, PEI Film, or PVP Glue Stick","p. 1, ""Compatible Build surfaces"": the page prints ""Glass, PEI Film, or PVP Glue Stick"" (reader reader-r1-62, text).",agrees,gap-fill,line,reader,reader-r1-62,batch-62.csv#65,G151-01
ready,profiles,P1304,Nozzle diameter,Not published,0.4mm or larger,D-SIRAYA-TECH-PRINT-20260928-fc27f63b931a,Recommended Nozzle Diameter  0.4mm or larger,"p. 1, ""Recommended Nozzle Diameter"": the page prints ""0.4mm or larger"" (reader reader-r1-62, text).",agrees,gap-fill,line,reader,reader-r1-62,batch-62.csv#70,G151-01
ready,profiles,P0176,Drying,Not published,not necessary,S-SPECTRUM-en-tds-petg-frv0,Dry box not necessary,"p. 1, ""Dry box"": the page prints ""not necessary"" (reader reader-r1-62, text).",agrees,gap-fill,line,reader,reader-r1-62,batch-62.csv#180,G020-05
ready,profiles,P0214,Drying,Not published,not necessary,S-SPECTRUM-en-tds-petg-matt,Dry box not necessary,"p. 1, ""Dry box"": the page prints ""not necessary"" (reader reader-r1-62, text).",agrees,gap-fill,line,reader,reader-r1-62,batch-62.csv#207,G020-09
ready,profiles,P0191,Drying,Not published,not necessary,S-SPECTRUM-en-tds-spectrum-abs-gp450,Dry box not necessary,"p. 1, ""Dry box"": the page prints ""not necessary"" (reader reader-r1-62-c, text).",agrees,gap-fill,line,reader,reader-r1-62-c,batch-62.csv#232,G027-03
ready,profiles,P0191,Nozzle diameter,Not published,"0,4 mm",S-SPECTRUM-en-tds-spectrum-abs-gp450,"* settings are based on a 0,4 mm nozzle.","p. 1, ""* settings are based on a 0,4 mm nozzle."": the page prints ""0,4 mm"" (reader reader-r1-62-c, text).",agrees,gap-fill,line,reader,reader-r1-62-c,batch-62.csv#234,G027-03
ready,profiles,P0192,Drying,Not published,not necessary,S-SPECTRUM-en-tds-spectrum-asa-275,Dry box not necessary,"p. 1, ""Dry box"": the page prints ""not necessary"" (reader reader-r1-62-c, text).",agrees,gap-fill,line,reader,reader-r1-62-c,batch-62.csv#263,G031-03
ready,profiles,P0192,Nozzle diameter,Not published,"0,4 mm",S-SPECTRUM-en-tds-spectrum-asa-275,"* settings are based on a 0,4 mm nozzle.","p. 1, ""* settings are based on a 0,4 mm nozzle."": the page prints ""0,4 mm"" (reader reader-r1-62-c, text).",agrees,gap-fill,line,reader,reader-r1-62-c,batch-62.csv#265,G031-03
ready,profiles,P0195,Drying,Not published,not necessary,S-SPECTRUM-en-tds-spectrum-asax-cf10,Dry box not necessary,"p. 1, ""Dry box"": the page prints ""not necessary"" (reader reader-r1-62-c, text).",agrees,gap-fill,line,reader,reader-r1-62-c,batch-62.csv#290,G033-04
ready,profiles,P0195,Nozzle diameter,Not published,"0,4 mm",S-SPECTRUM-en-tds-spectrum-asax-cf10,"* settings are based on a 0,4 mm nozzle.","p. 1, ""* settings are based on a 0,4 mm nozzle."": the page prints ""0,4 mm"" (reader reader-r1-62-c, text).",agrees,gap-fill,line,reader,reader-r1-62-c,batch-62.csv#292,G033-04
ready,profiles,P0041,Drying,Not published,not necessary,S-SPECTRUM-en-tds-spectrum-asax-x-gf10,Dry box not necessary,"p. 1, ""Dry box"": the page prints ""not necessary"" (reader reader-r1-62-c, text).",agrees,gap-fill,line,reader,reader-r1-62-c,batch-62.csv#316,G034-01
ready,profiles,P0041,Nozzle diameter,Not published,0.5mm,S-SPECTRUM-en-tds-spectrum-asax-x-gf10,* settings are based on a 0.5mm nozzle,"p. 1, ""* settings are based on a 0.5mm nozzle"": the page prints ""0.5mm"" (reader reader-r1-62-c, text).",agrees,gap-fill,line,reader,reader-r1-62-c,batch-62.csv#318,G034-01
ready,profiles,P0555,Drying,Not published,not necessary,S-SPECTRUM-en-tds-spectrum-flameguard-asa-275,Dry box not necessary,"p. 1, ""Dry box"": the page prints ""not necessary"" (reader reader-r1-62-c, text).",agrees,gap-fill,line,reader,reader-r1-62-c,batch-62.csv#349,G031-15
ready,profiles,P0555,Nozzle diameter,Not published,"0,4 mm",S-SPECTRUM-en-tds-spectrum-flameguard-asa-275,"* settings are based on a 0,4 mm nozzle.","p. 1, ""* settings are based on a 0,4 mm nozzle."": the page prints ""0,4 mm"" (reader reader-r1-62-c, text).",agrees,gap-fill,line,reader,reader-r1-62-c,batch-62.csv#351,G031-15
ready,profiles,P0223,Drying,Not published,not necessary,S-SPECTRUM-en-tds-spectrum-flameguard-pla,Dry box not necessary,"p. 1, ""Dry box"": the page prints ""not necessary"" (reader reader-r1-62-c, text).",agrees,gap-fill,line,reader,reader-r1-62-c,batch-62.csv#373,G001-14
ready,profiles,P0223,Nozzle diameter,Not published,"0,4 mm",S-SPECTRUM-en-tds-spectrum-flameguard-pla,"* settings are based on a 0,4 mm nozzle.","p. 1, ""* settings are based on a 0,4 mm nozzle."": the page prints ""0,4 mm"" (reader reader-r1-62-c, text).",agrees,gap-fill,line,reader,reader-r1-62-c,batch-62.csv#375,G001-14
ready,profiles,P0179,Drying,Not published,not necessary,S-SPECTRUM-en-tds-spectrum-high-speed,Dry box not necessary,"p. 1, ""Dry box"": the page prints ""not necessary"" (reader reader-r1-62-c, text).",agrees,gap-fill,line,reader,reader-r1-62-c,batch-62.csv#396,G001-05
ready,profiles,P0180,Drying,Not published,not necessary,S-SPECTRUM-en-tds-spectrum-high-speed,Dry box not necessary,"p. 1, ""Dry box"": the page prints ""not necessary"" (reader reader-r1-62-c, text).",agrees,gap-fill,line,reader,reader-r1-62-c,batch-62.csv#396,G001-05
ready,profiles,P0179,Nozzle diameter,Not published,"0,4 mm",S-SPECTRUM-en-tds-spectrum-high-speed,"* settings are based on a 0,4 mm nozzle.","p. 1, ""* settings are based on a 0,4 mm nozzle."": the page prints ""0,4 mm"" (reader reader-r1-62-c, text).",agrees,gap-fill,line,reader,reader-r1-62-c,batch-62.csv#398,G001-05
ready,profiles,P0180,Nozzle diameter,Not published,"0,4 mm",S-SPECTRUM-en-tds-spectrum-high-speed,"* settings are based on a 0,4 mm nozzle.","p. 1, ""* settings are based on a 0,4 mm nozzle."": the page prints ""0,4 mm"" (reader reader-r1-62-c, text).",agrees,gap-fill,line,reader,reader-r1-62-c,batch-62.csv#398,G001-05
ready,profiles,P0102,Drying,Not published,not necessary,S-SPECTRUM-en-tds-spectrum-hipsx,Dry box not necessary,"p. 1, ""Dry box"": the page prints ""not necessary"" (reader reader-r1-62-c, text).",agrees,gap-fill,line,reader,reader-r1-62-c,batch-62.csv#425,G081-02
ready,profiles,P0102,Nozzle diameter,Not published,"0,4 mm",S-SPECTRUM-en-tds-spectrum-hipsx,"* settings are based on a 0,4 mm nozzle.","p. 1, ""* settings are based on a 0,4 mm nozzle."": the page prints ""0,4 mm"" (reader reader-r1-62-c, text).",agrees,gap-fill,line,reader,reader-r1-62-c,batch-62.csv#427,G081-02
ready,profiles,P0225,Nozzle diameter,Not published,0.4mm,S-SPECTRUM-en-tds-spectrum-lw-asa-ultrafoam,* settings are based on a 0.4mm nozzle,"p. 1, ""* settings are based on a 0.4mm nozzle"": the page prints ""0.4mm"" (reader reader-r1-62-c, text).",agrees,gap-fill,line,reader,reader-r1-62-c,batch-62.csv#455,G032-02
ready,profiles,P0204,Drying,Not published,not necessary,S-SPECTRUM-en-tds-spectrum-medical,Dry box not necessary,"p. 1, ""Dry box"": the page prints ""not necessary"" (reader reader-r1-62-c, text).",agrees,gap-fill,line,reader,reader-r1-62-c,batch-62.csv#480,G027-04
ready,profiles,P0204,Nozzle diameter,Not published,"0,4 mm",S-SPECTRUM-en-tds-spectrum-medical,"* settings are based on a 0,4 mm nozzle.","p. 1, ""* settings are based on a 0,4 mm nozzle."": the page prints ""0,4 mm"" (reader reader-r1-62-c, text).",agrees,gap-fill,line,reader,reader-r1-62-c,batch-62.csv#482,G027-04
ready,profiles,P0210,Nozzle diameter,Not published,≥ 0.5 mm,S-SPECTRUM-en-tds-spectrum-pa6-cf15,"Recommended nozzle ≥ 0.5 mm | * settings are based on a 0,5 mm nozzle.","p. 1, ""Recommended nozzle"": the page prints ""≥ 0.5 mm"" (reader reader-r1-62-c, text).",agrees,gap-fill,line,reader,reader-r1-62-c,batch-62.csv#514,G050-04
ready,profiles,P0203,Nozzle diameter,Not published,0.5mm,S-SPECTRUM-en-tds-spectrum-pc-275,* settings are based on a 0.5mm nozzle,"p. 1, ""* settings are based on a 0.5mm nozzle"": the page prints ""0.5mm"" (reader reader-r1-62-c, text).",agrees,gap-fill,line,reader,reader-r1-62-c,batch-62.csv#542,G035-03
ready,profiles,P0120,Drying,Not published,not necessary,S-SPECTRUM-en-tds-spectrum-pc-abs-fr-v0,Dry box not necessary,"p. 2, ""Dry box"": the page prints ""not necessary"" (reader reader-r1-62-c, text).",agrees,gap-fill,line,reader,reader-r1-62-c,batch-62.csv#576,G094-03
ready,profiles,P0120,Nozzle diameter,Not published,0.5mm,S-SPECTRUM-en-tds-spectrum-pc-abs-fr-v0,* settings are based on a 0.5mm nozzle,"p. 2, ""* settings are based on a 0.5mm nozzle"": the page prints ""0.5mm"" (reader reader-r1-62-c, text).",agrees,gap-fill,line,reader,reader-r1-62-c,batch-62.csv#578,G094-03
ready,profiles,P0046,Nozzle diameter,Not published,0.4mm,S-SPECTRUM-en-tds-spectrum-pc-cf,* settings are based on a 0.4mm nozzle,"p. 1, ""* settings are based on a 0.4mm nozzle"": the page prints ""0.4mm"" (reader reader-r1-62-c, text).",agrees,gap-fill,line,reader,reader-r1-62-c,batch-62.csv#606,G037-02
ready,profiles,P0224,Nozzle diameter,Not published,≥ 0.5 mm,S-SPECTRUM-en-tds-spectrum-pet-cf15,Recommended nozzle ≥ 0.5 mm,"p. 1, ""Recommended nozzle"": the page prints ""≥ 0.5 mm"" (reader reader-r1-63-b, text).",agrees,gap-fill,line,reader,reader-r1-63-b,batch-63.csv#71,G067-03
ready,profiles,P0360,Drying,Not published,not necessary,S-SPECTRUM-en-tds-spectrum-pla-glitter,Dry box not necessary,"p. 1, ""Dry box"": the page prints ""not necessary"" (reader reader-r1-63-c, text).",agrees,gap-fill,line,reader,reader-r1-63-c,batch-63.csv#203,G013-02
ready,profiles,P0360,Nozzle diameter,Not published,≥ 0.4 mm,S-SPECTRUM-en-tds-spectrum-pla-glitter,"Recommended nozzle ≥ 0.4 mm | * settings are based on a 0,4 mm nozzle.","p. 1, ""Recommended nozzle"": the page prints ""≥ 0.4 mm"" (reader reader-r1-63-c, text).",agrees,gap-fill,line,reader,reader-r1-63-c,batch-63.csv#205,G013-02
ready,profiles,P1231,Drying,Not published,not necessary,S-SPECTRUM-EN-TDS-Spectrum-PLA-Glow-in-the-Dark-0,Dry box not necessary,"p. 1, ""Dry box"": the page prints ""not necessary"" (reader reader-r1-63-c, text).",agrees,gap-fill,line,reader,reader-r1-63-c,batch-63.csv#229,G016-05
ready,profiles,P0190,Drying,Not published,not necessary,S-SPECTRUM-en-tds-spectrum-pla-huracan,Dry box not necessary,"p. 1, ""Dry box"": the page prints ""not necessary"" (reader reader-r1-63-c, text).",agrees,gap-fill,line,reader,reader-r1-63-c,batch-63.csv#252,G001-07
ready,profiles,P0189,Drying,Not published,not necessary,S-SPECTRUM-en-tds-spectrum-pla-matt,Dry box not necessary,"p. 1, ""Dry box"": the page prints ""not necessary"" (reader reader-r1-63-c, text).",agrees,gap-fill,line,reader,reader-r1-63-c,batch-63.csv#274,G001-06
ready,profiles,P0237,Drying,Not published,not necessary,S-SPECTRUM-en-tds-spectrum-pla-pastello,Dry box not necessary,"p. 1, ""Dry box"": the page prints ""not necessary"" (reader reader-r1-63-c, text).",agrees,gap-fill,line,reader,reader-r1-63-c,batch-63.csv#294,G001-17
ready,profiles,P0557,Drying,Not published,not necessary,S-SPECTRUM-en-tds-spectrum-pla-premium,Dry box not necessary,"p. 1, ""Dry box"": the page prints ""not necessary"" (reader reader-r1-64, text).",agrees,gap-fill,line,reader,reader-r1-64,batch-64.csv#22,G001-69
ready,profiles,P0557,Nozzle diameter,Not published,"0,4 mm",S-SPECTRUM-en-tds-spectrum-pla-premium,"* settings are based on a 0,4 mm nozzle.","p. 1, ""settings footnote"": the page prints ""0,4 mm"" (reader reader-r1-64, text).",agrees,gap-fill,line,reader,reader-r1-64,batch-64.csv#24,G001-69
ready,profiles,P0235,Drying,Not published,not necessary,S-SPECTRUM-en-tds-spectrum-pla-pro,Dry box not necessary,"p. 1, ""Dry box"": the page prints ""not necessary"" (reader reader-r1-64, text).",agrees,gap-fill,line,reader,reader-r1-64,batch-64.csv#48,G001-16
ready,profiles,P0235,Nozzle diameter,Not published,"0,4 mm",S-SPECTRUM-en-tds-spectrum-pla-pro,"* settings are based on a 0,4 mm nozzle.","p. 1, ""settings footnote"": the page prints ""0,4 mm"" (reader reader-r1-64, text).",agrees,gap-fill,line,reader,reader-r1-64,batch-64.csv#50,G001-16
ready,profiles,P0776,Drying,Not published,not necessary,S-SPECTRUM-EN-TDS-Spectrum-PLA-Pro-2,Dry box not necessary,"p. 1, ""Dry box"": the page prints ""not necessary"" (reader reader-r1-64, text).",agrees,gap-fill,line,reader,reader-r1-64,batch-64.csv#74,G001-16
ready,profiles,P0776,Nozzle diameter,Not published,"0,4 mm",S-SPECTRUM-EN-TDS-Spectrum-PLA-Pro-2,"* settings are based on a 0,4 mm nozzle.","p. 1, ""settings footnote"": the page prints ""0,4 mm"" (reader reader-r1-64, text).",agrees,gap-fill,line,reader,reader-r1-64,batch-64.csv#76,G001-16
ready,profiles,P1202,Drying,Not published,not necessary,S-SPECTRUM-en-tds-spectrum-pla-thermoactive,Dry box not necessary,"p. 1, ""Dry box"": the page prints ""not necessary"" (reader reader-r1-64, text).",agrees,gap-fill,line,reader,reader-r1-64,batch-64.csv#99,G001-147
ready,profiles,P1202,Nozzle diameter,Not published,"0,4 mm",S-SPECTRUM-en-tds-spectrum-pla-thermoactive,"* settings are based on a 0,4 mm nozzle.","p. 1, ""settings footnote"": the page prints ""0,4 mm"" (reader reader-r1-64, text).",agrees,gap-fill,line,reader,reader-r1-64,batch-64.csv#101,G001-147
ready,profiles,P0177,Drying,Not published,not necessary,S-SPECTRUM-en-tds-spectrum-pla-tough,Dry box not necessary,"p. 1, ""Dry box"": the page prints ""not necessary"" (reader reader-r1-64-c, text).",agrees,gap-fill,line,reader,reader-r1-64-c,batch-64.csv#127,G001-04
ready,profiles,P0177,Nozzle diameter,Not published,"0,4 mm",S-SPECTRUM-en-tds-spectrum-pla-tough,"* settings are based on a 0,4 mm nozzle.","p. 1, ""settings footnote"": the page prints ""0,4 mm"" (reader reader-r1-64-c, text).",agrees,gap-fill,line,reader,reader-r1-64-c,batch-64.csv#129,G001-04
ready,profiles,P0092,Plate,Not published,YES (Magigoo Pro HT),S-SPECTRUM-en-tds-spectrum-pps-am230,Adhesive required YES (Magigoo Pro HT),"p. 1, ""Adhesive required"": the page prints ""YES (Magigoo Pro HT)"" (reader reader-r1-64-c, text).",agrees,gap-fill,line,reader,reader-r1-64-c,batch-64.csv#152,G072-02
ready,profiles,P0092,Nozzle diameter,Not published,"0,4 mm",S-SPECTRUM-en-tds-spectrum-pps-am230,"* settings are based on a 0,4 mm nozzle.","p. 1, ""settings footnote"": the page prints ""0,4 mm"" (reader reader-r1-64-c, text).",agrees,gap-fill,line,reader,reader-r1-64-c,batch-64.csv#155,G072-02
ready,profiles,P0231,Drying,Not published,not necessary,S-SPECTRUM-en-tds-spectrum-rpetg,Dry box not necessary,"p. 1, ""Dry box"": the page prints ""not necessary"" (reader reader-r1-64-c, text).",agrees,gap-fill,line,reader,reader-r1-64-c,batch-64.csv#176,G020-11
ready,profiles,P0231,Nozzle diameter,Not published,"0,4 mm",S-SPECTRUM-en-tds-spectrum-rpetg,"* settings are based on a 0,4 mm nozzle.","p. 1, ""settings footnote"": the page prints ""0,4 mm"" (reader reader-r1-64-c, text).",agrees,gap-fill,line,reader,reader-r1-64-c,batch-64.csv#178,G020-11
ready,profiles,P0206,Drying,Not published,not necessary,S-SPECTRUM-en-tds-spectrum-rpla,Dry box not necessary,"p. 1, ""Dry box"": the page prints ""not necessary"" (reader reader-r1-64-c, text).",agrees,gap-fill,line,reader,reader-r1-64-c,batch-64.csv#199,G001-10
ready,profiles,P0206,Nozzle diameter,Not published,"0,4 mm",S-SPECTRUM-en-tds-spectrum-rpla,"* settings are based on a 0,4 mm nozzle.","p. 1, ""settings footnote"": the page prints ""0,4 mm"" (reader reader-r1-64-c, text).",agrees,gap-fill,line,reader,reader-r1-64-c,batch-64.csv#201,G001-10
ready,profiles,P1205,Drying,Not published,No,S-SPECTRUM-en-tds-spectrum-safeguard-pla,Dry box No,"p. 1, ""Dry box"": the page prints ""No"" (reader reader-r1-64-c, text).",agrees,gap-fill,line,reader,reader-r1-64-c,batch-64.csv#222,G001-150
ready,profiles,P1205,Plate,Not published,"not necessary (if you need increased adhesion or prevent warping: glue stick, Dimafix, 3DLac, Magigoo)",S-SPECTRUM-en-tds-spectrum-safeguard-pla,"Adhesive not necessary (if you need increased adhesion or prevent | warping: glue stick, Dimafix, 3DLac, Magigoo)","p. 1, ""Adhesive"": the page prints ""not necessary (if you need increased adhesion or prevent warping: glue stick, Dimafix, 3DLac, Magigoo)"" (reader reader-r1-64-c, text).",agrees,gap-fill,line,reader,reader-r1-64-c,batch-64.csv#224,G001-150
ready,profiles,P1205,Nozzle diameter,Not published,0.4mm,S-SPECTRUM-en-tds-spectrum-safeguard-pla,* settings are based on a 0.4mm nozzle,"p. 1, ""settings footnote"": the page prints ""0.4mm"" (reader reader-r1-64-c, text).",agrees,gap-fill,line,reader,reader-r1-64-c,batch-64.csv#225,G001-150
ready,profiles,P0215,Drying,Not published,recommended,S-SPECTRUM-en-tds-spectrum-sflex-85a,Dry box recommended,"p. 1, ""Dry box"": the page prints ""recommended"" (reader reader-r1-64-c, text).",agrees,gap-fill,line,reader,reader-r1-64-c,batch-64.csv#248,G039-07
ready,profiles,P0215,Nozzle diameter,Not published,"0,4 mm",S-SPECTRUM-en-tds-spectrum-sflex-85a,"* settings are based on a 0,4 mm nozzle.","p. 1, ""settings footnote"": the page prints ""0,4 mm"" (reader reader-r1-64-c, text).",agrees,gap-fill,line,reader,reader-r1-64-c,batch-64.csv#250,G039-07
ready,profiles,P0185,Drying,Not published,recommended,S-SPECTRUM-en-tds-spectrum-sflex-90a,Dry box recommended,"p. 1, ""Dry box"": the page prints ""recommended"" (reader reader-r1-64-c, text).",agrees,gap-fill,line,reader,reader-r1-64-c,batch-64.csv#268,G039-04
ready,profiles,P0185,Nozzle diameter,Not published,"0,4 mm",S-SPECTRUM-en-tds-spectrum-sflex-90a,"* settings are based on a 0,4 mm nozzle.","p. 1, ""settings footnote"": the page prints ""0,4 mm"" (reader reader-r1-64-c, text).",agrees,gap-fill,line,reader,reader-r1-64-c,batch-64.csv#270,G039-04
ready,profiles,P0572,Drying,Not published,recommended,S-SPECTRUM-EN-TDS-Spectrum-SFLEX-90A-4,Dry box recommended,"p. 1, ""Dry box"": the page prints ""recommended"" (reader reader-r1-64-c, text).",agrees,gap-fill,line,reader,reader-r1-64-c,batch-64.csv#288,G039-04
ready,profiles,P0572,Nozzle diameter,Not published,"0,4 mm",S-SPECTRUM-EN-TDS-Spectrum-SFLEX-90A-4,"* settings are based on a 0,4 mm nozzle.","p. 1, ""settings footnote"": the page prints ""0,4 mm"" (reader reader-r1-64-c, text).",agrees,gap-fill,line,reader,reader-r1-64-c,batch-64.csv#290,G039-04
ready,profiles,P0220,Drying,Not published,not necessary,S-SPECTRUM-en-tds-spectrum-smart-abs,Dry box not necessary,"p. 1, ""Dry box"": the page prints ""not necessary"" (reader reader-r1-64-c, text).",agrees,gap-fill,line,reader,reader-r1-64-c,batch-64.csv#315,G027-05
ready,profiles,P0220,Nozzle diameter,Not published,"0,4 mm",S-SPECTRUM-en-tds-spectrum-smart-abs,"* settings are based on a 0,4 mm nozzle.","p. 1, ""settings footnote"": the page prints ""0,4 mm"" (reader reader-r1-64-c, text).",agrees,gap-fill,line,reader,reader-r1-64-c,batch-64.csv#317,G027-05
ready,profiles,P0361,Drying,Not published,not necessary,S-SPECTRUM-en-tds-spectrum-wood,Dry box not necessary,"p. 1, ""Dry box"": the page prints ""not necessary"" (reader reader-r1-64-c, text).",agrees,gap-fill,line,reader,reader-r1-64-c,batch-64.csv#339,G014-02
ready,profiles,P0361,Nozzle diameter,Not published,≥ 0.4 mm,S-SPECTRUM-en-tds-spectrum-wood,Recommended nozzle ≥ 0.4 mm,"p. 1, ""Recommended nozzle"": the page prints ""≥ 0.4 mm"" (reader reader-r1-64-c, text).",agrees,gap-fill,line,reader,reader-r1-64-c,batch-64.csv#341,G014-02
ready,profiles,P0219,Drying,Not published,No,S-SPECTRUM-en-tds-the-filament-asa,Dry box recommended No,"p. 1, ""Dry box recommended"": the page prints ""No"" (reader reader-r1-64-c, text).",agrees,gap-fill,line,reader,reader-r1-64-c,batch-64.csv#358,G031-04
ready,profiles,P0219,Plate,Not published,"not necessary (if you need increased adhesion or prevent warping: glue stick, Dimafix, 3DLac, Magigoo)",S-SPECTRUM-en-tds-the-filament-asa,"Adhesive not necessary (if you need increased adhesion or prevent warping: glue stick, Dimafix, 3DLac, Magigoo)","p. 1, ""Adhesive"": the page prints ""not necessary (if you need increased adhesion or prevent warping: glue stick, Dimafix, 3DLac, Magigoo)"" (reader reader-r1-64-c, text).",agrees,gap-fill,line,reader,reader-r1-64-c,batch-64.csv#360,G031-04
ready,profiles,P0219,Nozzle diameter,Not published,"0,4 mm",S-SPECTRUM-en-tds-the-filament-asa,"* settings are based on a 0,4 mm nozzle.","p. 1, ""settings footnote"": the page prints ""0,4 mm"" (reader reader-r1-64-c, text).",agrees,gap-fill,line,reader,reader-r1-64-c,batch-64.csv#363,G031-04
ready,profiles,P0174,Drying,Not published,No,S-SPECTRUM-en-tds-the-filament-asa-cf,Dry box recommended No,"p. 1, ""Dry box recommended"": the page prints ""No"" (reader reader-r1-64-c, text).",agrees,gap-fill,line,reader,reader-r1-64-c,batch-64.csv#380,G033-03
ready,profiles,P0174,Plate,Not published,"not necessary (if you need increased adhesion or prevent warping: glue stick, Dimafix, 3DLac, Magigoo)",S-SPECTRUM-en-tds-the-filament-asa-cf,"Adhesive not necessary (if you need increased adhesion or prevent warping: glue stick, Dimafix, 3DLac, Magigoo)","p. 1, ""Adhesive"": the page prints ""not necessary (if you need increased adhesion or prevent warping: glue stick, Dimafix, 3DLac, Magigoo)"" (reader reader-r1-64-c, text).",agrees,gap-fill,line,reader,reader-r1-64-c,batch-64.csv#382,G033-03
ready,profiles,P0174,Nozzle diameter,Not published,"0,4 mm",S-SPECTRUM-en-tds-the-filament-asa-cf,"* settings are based on a 0,4 mm nozzle.","p. 1, ""settings footnote"": the page prints ""0,4 mm"" (reader reader-r1-64-c, text).",agrees,gap-fill,line,reader,reader-r1-64-c,batch-64.csv#385,G033-03
ready,profiles,P0202,Drying,Not published,No,S-SPECTRUM-en-tds-the-filament-ht-pla,Dry box recommended No,"p. 1, ""Dry box recommended"": the page prints ""No"" (reader reader-r1-64-c, text).",agrees,gap-fill,line,reader,reader-r1-64-c,batch-64.csv#402,G001-09
ready,profiles,P0202,Plate,Not published,"not necessary (if you need increased adhesion or prevent warping: glue stick, Dimafix, 3DLac, Magigoo)",S-SPECTRUM-en-tds-the-filament-ht-pla,"Adhesive not necessary (if you need increased adhesion or prevent warping: glue stick, Dimafix, 3DLac, Magigoo)","p. 1, ""Adhesive"": the page prints ""not necessary (if you need increased adhesion or prevent warping: glue stick, Dimafix, 3DLac, Magigoo)"" (reader reader-r1-64-c, text).",agrees,gap-fill,line,reader,reader-r1-64-c,batch-64.csv#404,G001-09
ready,profiles,P0202,Nozzle diameter,Not published,"0,4 mm",S-SPECTRUM-en-tds-the-filament-ht-pla,"* settings are based on a 0,4 mm nozzle.","p. 1, ""settings footnote"": the page prints ""0,4 mm"" (reader reader-r1-64-c, text).",agrees,gap-fill,line,reader,reader-r1-64-c,batch-64.csv#407,G001-09
ready,profiles,P0727,Drying,Not published,No,S-SPECTRUM-EN-TDS-The-Filament-PETG,Dry box recommended No,"p. 1, ""Dry box recommended"": the page prints ""No"" (reader reader-r1-64-c, text).",agrees,gap-fill,line,reader,reader-r1-64-c,batch-64.csv#423,G020-10
ready,profiles,P0727,Plate,Not published,"not necessary (if you need increased adhesion or prevent warping: glue stick, Dimafix, 3DLac, Magigoo)",S-SPECTRUM-EN-TDS-The-Filament-PETG,"Adhesive not necessary (if you need increased adhesion or prevent warping: glue stick, Dimafix, 3DLac, Magigoo)","p. 1, ""Adhesive"": the page prints ""not necessary (if you need increased adhesion or prevent warping: glue stick, Dimafix, 3DLac, Magigoo)"" (reader reader-r1-64-c, text).",agrees,gap-fill,line,reader,reader-r1-64-c,batch-64.csv#425,G020-10
ready,profiles,P0727,Nozzle diameter,Not published,"0,4 mm",S-SPECTRUM-EN-TDS-The-Filament-PETG,"* settings are based on a 0,4 mm nozzle.","p. 1, ""settings footnote"": the page prints ""0,4 mm"" (reader reader-r1-64-c, text).",agrees,gap-fill,line,reader,reader-r1-64-c,batch-64.csv#428,G020-10
ready,profiles,P0181,Drying,Not published,if wet,S-SPECTRUM-en-tds-the-filament-petg-lite,Dry box recommended if wet,"p. 1, ""Dry box recommended"": the page prints ""if wet"" (reader reader-r1-64-c, text).",agrees,gap-fill,line,reader,reader-r1-64-c,batch-64.csv#441,G020-06
ready,profiles,P0181,Plate,Not published,"not necessary (if you need increased adhesion or prevent warping: glue stick, Dimafix, 3DLac, Magigoo)",S-SPECTRUM-en-tds-the-filament-petg-lite,"Adhesive not necessary (if you need increased adhesion or prevent warping: glue stick, Dimafix, 3DLac, Magigoo)","p. 1, ""Adhesive"": the page prints ""not necessary (if you need increased adhesion or prevent warping: glue stick, Dimafix, 3DLac, Magigoo)"" (reader reader-r1-64-c, text).",agrees,gap-fill,line,reader,reader-r1-64-c,batch-64.csv#443,G020-06
ready,profiles,P0181,Nozzle diameter,Not published,"0,4 mm",S-SPECTRUM-en-tds-the-filament-petg-lite,"* settings are based on a 0,4 mm nozzle.","p. 1, ""settings footnote"": the page prints ""0,4 mm"" (reader reader-r1-64-c, text).",agrees,gap-fill,line,reader,reader-r1-64-c,batch-64.csv#446,G020-06
ready,profiles,P0556,Drying,Not published,No,S-SPECTRUM-EN-TDS-The-Filament-PLA,Dry box recommended No,"p. 1, ""Dry box recommended"": the page prints ""No"" (reader reader-r1-64-c, text).",agrees,gap-fill,line,reader,reader-r1-64-c,batch-64.csv#462,G001-13
ready,profiles,P0556,Plate,Not published,"not necessary (if you need increased adhesion or prevent warping: glue stick, Dimafix, 3DLac, Magigoo)",S-SPECTRUM-EN-TDS-The-Filament-PLA,"Adhesive not necessary (if you need increased adhesion or prevent warping: glue stick, Dimafix, 3DLac, Magigoo)","p. 1, ""Adhesive"": the page prints ""not necessary (if you need increased adhesion or prevent warping: glue stick, Dimafix, 3DLac, Magigoo)"" (reader reader-r1-64-c, text).",agrees,gap-fill,line,reader,reader-r1-64-c,batch-64.csv#464,G001-13
ready,profiles,P0556,Nozzle diameter,Not published,"0,4 mm",S-SPECTRUM-EN-TDS-The-Filament-PLA,"* settings are based on a 0,4 mm nozzle.","p. 1, ""settings footnote"": the page prints ""0,4 mm"" (reader reader-r1-64-c, text).",agrees,gap-fill,line,reader,reader-r1-64-c,batch-64.csv#467,G001-13
ready,profiles,P0545,Drying,Not published,No,S-SPECTRUM-EN-TDS-The-Filament-PLA-HS,Dry box recommended No,"p. 1, ""Dry box recommended"": the page prints ""No"" (reader reader-r1-64-c, text).",agrees,gap-fill,line,reader,reader-r1-64-c,batch-64.csv#482,G001-11
ready,profiles,P0545,Plate,Not published,"not necessary (if you need increased adhesion or prevent warping: glue stick, Dimafix, 3DLac, Magigoo)",S-SPECTRUM-EN-TDS-The-Filament-PLA-HS,"Adhesive not necessary (if you need increased adhesion or prevent warping: glue stick, Dimafix, 3DLac, Magigoo)","p. 1, ""Adhesive"": the page prints ""not necessary (if you need increased adhesion or prevent warping: glue stick, Dimafix, 3DLac, Magigoo)"" (reader reader-r1-64-c, text).",agrees,gap-fill,line,reader,reader-r1-64-c,batch-64.csv#484,G001-11
ready,profiles,P0545,Nozzle diameter,Not published,"0,4 mm",S-SPECTRUM-EN-TDS-The-Filament-PLA-HS,"* settings are based on a 0,4 mm nozzle.","p. 1, ""settings footnote"": the page prints ""0,4 mm"" (reader reader-r1-64-c, text).",agrees,gap-fill,line,reader,reader-r1-64-c,batch-64.csv#488,G001-11
ready,profiles,P0213,Drying,Not published,No,S-SPECTRUM-en-tds-the-filament-pla-lite,Dry box recommended No,"p. 1, ""Dry box recommended"": the page prints ""No"" (reader reader-r1-64-c, text).",agrees,gap-fill,line,reader,reader-r1-64-c,batch-64.csv#501,G001-12
ready,profiles,P0213,Plate,Not published,"not necessary (if you need increased adhesion or prevent warping: glue stick, Dimafix, 3DLac, Magigoo)",S-SPECTRUM-en-tds-the-filament-pla-lite,"Adhesive not necessary (if you need increased adhesion or prevent warping: glue stick, Dimafix, 3DLac, Magigoo)","p. 1, ""Adhesive"": the page prints ""not necessary (if you need increased adhesion or prevent warping: glue stick, Dimafix, 3DLac, Magigoo)"" (reader reader-r1-64-c, text).",agrees,gap-fill,line,reader,reader-r1-64-c,batch-64.csv#503,G001-12
ready,profiles,P0213,Nozzle diameter,Not published,"0,4 mm",S-SPECTRUM-en-tds-the-filament-pla-lite,"* settings are based on a 0,4 mm nozzle.","p. 1, ""settings footnote"": the page prints ""0,4 mm"" (reader reader-r1-64-c, text).",agrees,gap-fill,line,reader,reader-r1-64-c,batch-64.csv#506,G001-12
ready,profiles,P0201,Drying,Not published,No,S-SPECTRUM-en-tds-the-filament-pla-matte,Dry box recommended No,"p. 1, ""Dry box recommended"": the page prints ""No"" (reader reader-r1-64-c, text).",agrees,gap-fill,line,reader,reader-r1-64-c,batch-64.csv#520,G001-08
ready,profiles,P0201,Plate,Not published,"not necessary (if you need increased adhesion or prevent warping: glue stick, Dimafix, 3DLac, Magigoo)",S-SPECTRUM-en-tds-the-filament-pla-matte,"Adhesive not necessary (if you need increased adhesion or prevent warping: glue stick, Dimafix, 3DLac, Magigoo)","p. 1, ""Adhesive"": the page prints ""not necessary (if you need increased adhesion or prevent warping: glue stick, Dimafix, 3DLac, Magigoo)"" (reader reader-r1-64-c, text).",agrees,gap-fill,line,reader,reader-r1-64-c,batch-64.csv#522,G001-08
ready,profiles,P0201,Nozzle diameter,Not published,"0,4 mm",S-SPECTRUM-en-tds-the-filament-pla-matte,"* settings are based on a 0,4 mm nozzle.","p. 1, ""settings footnote"": the page prints ""0,4 mm"" (reader reader-r1-64-c, text).",agrees,gap-fill,line,reader,reader-r1-64-c,batch-64.csv#525,G001-08
ready,profiles,P0229,Drying,Not published,Yes,S-SPECTRUM-en-tds-the-filament-tpu-82a,Dry box recommended Yes,"p. 1, ""Dry box recommended"": the page prints ""Yes"" (reader reader-r1-64-c, text).",agrees,gap-fill,line,reader,reader-r1-64-c,batch-64.csv#539,G039-09
ready,profiles,P0229,Nozzle diameter,Not published,"0,4 mm",S-SPECTRUM-en-tds-the-filament-tpu-82a,"* settings are based on a 0,4 mm nozzle.","p. 1, ""settings footnote"": the page prints ""0,4 mm"" (reader reader-r1-64-c, text).",agrees,gap-fill,line,reader,reader-r1-64-c,batch-64.csv#544,G039-09
ready,profiles,P0194,Drying,Not published,Yes,S-SPECTRUM-en-tds-the-filament-tpu-87a,Dry box recommended Yes,"p. 1, ""Dry box recommended"": the page prints ""Yes"" (reader reader-r1-64-c, text).",agrees,gap-fill,line,reader,reader-r1-64-c,batch-64.csv#558,G039-06
ready,profiles,P0194,Nozzle diameter,Not published,"0,4 mm",S-SPECTRUM-en-tds-the-filament-tpu-87a,"* settings are based on a 0,4 mm nozzle.","p. 1, ""settings footnote"": the page prints ""0,4 mm"" (reader reader-r1-64-c, text).",agrees,gap-fill,line,reader,reader-r1-64-c,batch-64.csv#563,G039-06
ready,profiles,P0188,Nozzle diameter,Not published,"0,4 mm",S-SPECTRUM-en-tds-the-filament-tpu-95a,"* settings are based on a 0,4 mm nozzle.","p. 1, ""* settings are based on a 0,4 mm nozzle"": the page prints ""0,4 mm"" (reader reader-r1-65-c, text).",agrees,gap-fill,line,reader,reader-r1-65-c,batch-65.csv#18,G039-05
ready,profiles,P0230,Nozzle diameter,Not published,"0,4 mm",S-SPECTRUM-eng-tds-the-filament-petg,"* settings are based on a 0,4 mm nozzle.","p. 1, ""* settings are based on a 0,4 mm nozzle"": the page prints ""0,4 mm"" (reader reader-r1-65-c, text).",agrees,gap-fill,line,reader,reader-r1-65-c,batch-65.csv#39,G020-10
ready,profiles,P0216,Nozzle diameter,Not published,"0,4 mm",S-SPECTRUM-eng-tds-the-filament-pla,"* settings are based on a 0,4 mm nozzle.","p. 1, ""* settings are based on a 0,4 mm nozzle"": the page prints ""0,4 mm"" (reader reader-r1-65-c, text).",agrees,gap-fill,line,reader,reader-r1-65-c,batch-65.csv#60,G001-13
ready,profiles,P0211,Nozzle diameter,Not published,"0,4 mm",S-SPECTRUM-eng-tds-the-filament-pla-hs,"* settings are based on a 0,4 mm nozzle.","p. 1, ""* settings are based on a 0,4 mm nozzle"": the page prints ""0,4 mm"" (reader reader-r1-65-c, text).",agrees,gap-fill,line,reader,reader-r1-65-c,batch-65.csv#82,G001-11
ready,profiles,P0212,Nozzle diameter,Not published,"0,4 mm",S-SPECTRUM-eng-tds-the-filament-pla-hs,"* settings are based on a 0,4 mm nozzle.","p. 1, ""* settings are based on a 0,4 mm nozzle"": the page prints ""0,4 mm"" (reader reader-r1-65-c, text).",agrees,gap-fill,line,reader,reader-r1-65-c,batch-65.csv#82,G001-11
ready,profiles,P0921,Plate,Not published,Low Temperature build sheet; F370/F370CR Standard Build Trays,R-STRATASYS-mds-fdm-pc-abs-0823a,Build Sheet | Low Temperature | 0.02 x 26 x 38 in. (0.51 x 660 x 965 mm) | 0.02 x 16 x 18.5 in. (0.51 x 406 x 470 mm) | F370/F370CR Standard Build Trays,"p. 3, ""Build Sheet"": the page prints ""Low Temperature build sheet; F370/F370CR Standard Build Trays"" (reader reader-r1-67-c, text).",agrees,gap-fill,line,reader,reader-r1-67-c,batch-67.csv#150,G094-09
ready,profiles,P1103,Plate,Not published,常规,R-SUNLU-19364171789540194308,平台材料 Plate Material 常规,"p. 2, ""平台材料 Plate Material"": the page prints ""常规"" (reader reader-r1-67-c, text).",agrees,gap-fill,line,reader,reader-r1-67-c,batch-67.csv#484,G001-39
ready,profiles,P1244,Plate,Not published,PEI 纹理板,R-SUNLU-48f9a499-b97a-4844-be4b-35ca349b5b64,平台材料 Plate Material | PEI 纹理板,"p. 2, ""Plate Material"": the page prints ""PEI 纹理板"" (reader reader-r1-68-c, text).",agrees,gap-fill,line,reader,reader-r1-68-c,batch-68.csv#182,G027-14
ready,profiles,P1244,Drying,Not published,80℃,R-SUNLU-48f9a499-b97a-4844-be4b-35ca349b5b64,Drying Temp. | 80℃,"p. 2, ""Drying Temp."": the page prints ""80℃"" (reader reader-r1-68-c, text).",agrees,gap-fill,line,reader,reader-r1-68-c,batch-68.csv#190,G027-14
ready,profiles,P1200,Plate,Not published,Textured PEI Build Plate,R-SUNLU-689d1925-acad-4de8-9079-c8eee9c3081e,Plate Material | Textured PEI Build Plate,"p. 2, ""Plate Material"": the page prints ""Textured PEI Build Plate"" (reader reader-r1-68-c, text).",agrees,gap-fill,line,reader,reader-r1-68-c,batch-68.csv#278,G001-145
ready,profiles,P0413,Drying,Not published,/,R-SUNLU-6f3c0e89-fa56-46b2-ab3d-601ee6b70cf9,Drying Temp. | /,"p. 2, ""Drying Temp."": the page prints ""/"" (reader reader-r1-68-c, text).",agrees,gap-fill,line,reader,reader-r1-68-c,batch-68.csv#381,G075-02
ready,profiles,P1198,Plate,Not published,Textured PEI Build Plate,R-SUNLU-81b1d361-0bd9-4783-ba0f-283a311c6870,Plate Material | Textured PEI Build Plate,"p. 2, ""Plate Material"": the page prints ""Textured PEI Build Plate"" (reader reader-r1-68-c, text).",agrees,gap-fill,line,reader,reader-r1-68-c,batch-68.csv#472,G001-143
ready,profiles,P0412,Plate,Not published,PEI 纹理板,R-SUNLU-a47cd225-7892-4788-9c73-bd27bfd791f5,Plate Material | PEI 纹理板,"p. 2, ""Plate Material"": the page prints ""PEI 纹理板"" (reader reader-r1-69-c, text).",agrees,gap-fill,line,reader,reader-r1-69-c,batch-69.csv#85,G001-40
ready,profiles,P0798,Plate,Not published,Normal,R-SUNLU-ABS-FR-TDS-0,Print Platform Material | Normal,"p. 2, ""Print Platform Material"": the page prints ""Normal"" (reader reader-r1-69-c, text).",agrees,gap-fill,line,reader,reader-r1-69-c,batch-69.csv#134,G027-14
ready,profiles,P0808,Plate,Not published,Normal,R-SUNLU-High-Speed-ABS-TDS,Print Platform Material | Normal,"p. 2, ""Print Platform Material"": the page prints ""Normal"" (reader reader-r1-70-c, text).",agrees,gap-fill,line,reader,reader-r1-70-c,batch-70.csv#89,G027-12
ready,profiles,P0786,Plate,Not published,Normal,R-SUNLU-High-Speed-Matte-PETG-TDS,Print Platform Material | Normal,"p. 2, ""Print Platform Material"": the page prints ""Normal"" (reader reader-r1-70-c, text).",agrees,gap-fill,line,reader,reader-r1-70-c,batch-70.csv#141,G020-20
ready,profiles,P1361,Plate,Not published,Normal,R-SUNLU-High-Speed-Matte-PETG-TDS,Print Platform Material | Normal,"p. 2, ""Print Platform Material"": the page prints ""Normal"" (reader reader-r1-70-c, text).",agrees,gap-fill,line,reader,reader-r1-70-c,batch-70.csv#141,G020-20
ready,profiles,P1362,Plate,Not published,Normal,R-SUNLU-High-Speed-Matte-PETG-TDS,Print Platform Material | Normal,"p. 2, ""Print Platform Material"": the page prints ""Normal"" (reader reader-r1-70-c, text).",agrees,gap-fill,line,reader,reader-r1-70-c,batch-70.csv#141,G020-20
ready,profiles,P0765,Plate,Not published,Normal,R-SUNLU-PA12-CF-TDS,Print Platform Material | Normal,"p. 2, ""Print Platform Material"": the page prints ""Normal"" (reader reader-r1-70-c, text).",agrees,gap-fill,line,reader,reader-r1-70-c,batch-70.csv#190,G053-05
ready,profiles,P0801,Plate,Not published,Normal,R-SUNLU-PA6-CF-TDS,Print Platform Material | Normal,"p. 2, ""Print Platform Material"": the page prints ""Normal"" (reader reader-r1-70-c, text).",agrees,gap-fill,line,reader,reader-r1-70-c,batch-70.csv#239,G050-06
ready,profiles,P0768,Plate,Not published,Normal,R-SUNLU-PA6-GF-TDS,Print Platform Material | Normal,"p. 2, ""Print Platform Material"": the page prints ""Normal"" (reader reader-r1-70-c, text).",agrees,gap-fill,line,reader,reader-r1-70-c,batch-70.csv#287,G051-06
ready,profiles,P0781,Plate,Not published,Normal,R-SUNLU-PC-ABS-TDS,Print Platform Material | Normal,"p. 2, ""Print Platform Material"": the page prints ""Normal"" (reader reader-r1-70-c, text).",agrees,gap-fill,line,reader,reader-r1-70-c,batch-70.csv#336,G094-04
ready,profiles,P0810,Plate,Not published,Normal,R-SUNLU-PC-TDS,Print Platform Material | Normal,"p. 2, ""Print Platform Material"": the page prints ""Normal"" (reader reader-r1-70-c, text).",agrees,gap-fill,line,reader,reader-r1-70-c,batch-70.csv#384,G035-12
ready,profiles,P0799,Plate,Not published,Normal,R-SUNLU-PLA-Classic-TDS,Print Platform Material | Normal,"p. 2, ""Print Platform Material"": the page prints ""Normal"" (reader reader-r1-70-c, text).",agrees,gap-fill,line,reader,reader-r1-70-c,batch-70.csv#436,G001-111
ready,profiles,P1363,Plate,Not published,Normal,R-SUNLU-PLA-Classic-TDS,Print Platform Material | Normal,"p. 2, ""Print Platform Material"": the page prints ""Normal"" (reader reader-r1-70-c, text).",agrees,gap-fill,line,reader,reader-r1-70-c,batch-70.csv#436,G001-111
ready,profiles,P1364,Plate,Not published,Normal,R-SUNLU-PLA-Classic-TDS,Print Platform Material | Normal,"p. 2, ""Print Platform Material"": the page prints ""Normal"" (reader reader-r1-70-c, text).",agrees,gap-fill,line,reader,reader-r1-70-c,batch-70.csv#436,G001-111
ready,profiles,P0773,Plate,Not published,Normal,R-SUNLU-PLA-Galaxy-TDS,Print Platform Material | Normal,"p. 2, ""Print Platform Material"": the page prints ""Normal"" (reader reader-r1-70-c, text).",agrees,gap-fill,line,reader,reader-r1-70-c,batch-70.csv#483,G015-02
ready,profiles,P0790,Plate,Not published,No Limitations,R-SUNLU-PLA-Glow-in-the-Dark,Print Platform Material | No Limitations,"p. 2, ""Print Platform Material"": the page prints ""No Limitations"" (reader reader-r1-70-c, text).",agrees,gap-fill,line,reader,reader-r1-70-c,batch-70.csv#533,G016-04
ready,profiles,P1333,Plate,Not published,No Limitations,R-SUNLU-PLA-Glow-in-the-Dark,Print Platform Material | No Limitations,"p. 2, ""Print Platform Material"": the page prints ""No Limitations"" (reader reader-r1-70-c, text).",agrees,gap-fill,line,reader,reader-r1-70-c,batch-70.csv#533,G016-04
ready,profiles,P0778,Plate,Not published,Normal,R-SUNLU-PVB-TDS,Print Platform Material Normal,"p. 2, ""Print Platform Material"": the page prints ""Normal"" (reader reader-r1-71-c, text).",agrees,gap-fill,line,reader,reader-r1-71-c,batch-71.csv#39,G093-03
ready,profiles,P0811,Plate,Not published,No Limitations,R-SUNLU-SUNLU-TPU-95A-Gray,Print Platform Material No Limitations,"p. 2, ""Print Platform Material"": the page prints ""No Limitations"" (reader reader-r1-71-c, text).",agrees,gap-fill,line,single-product,reader-r1-71-c,batch-71.csv#91,G039-19
ready,profiles,P1341,Plate,Not published,No Limitations,R-SUNLU-SUNLU-TPU-95A-Gray,Print Platform Material No Limitations,"p. 2, ""Print Platform Material"": the page prints ""No Limitations"" (reader reader-r1-71-c, text).",agrees,gap-fill,line,single-product,reader-r1-71-c,batch-71.csv#91,G039-19
ready,profiles,P1108,Plate,Not published,PEI,R-SUNLU-TDS-High-speed-PLA-marble,打印平台材料 Print Platform Material PEI,"p. 2, ""打印平台材料 Print Platform Material"": the page prints ""PEI"" (reader reader-r1-71-c, text).",agrees,gap-fill,line,single-product,reader-r1-71-c,batch-71.csv#140,G012-02
ready,profiles,P1247,Drying,Not published,No,R-3DJAKE-EN-TDS-The-Filament-ASA,Dry box recommended No,"p. 1, ""Dry box recommended"": the page prints ""No"" (reader reader-r1-71-c, text).",agrees,gap-fill,line,reader,reader-r1-71-c,batch-71.csv#166,G031-43
ready,profiles,P1247,Nozzle diameter,Not published,"0,4 mm",R-3DJAKE-EN-TDS-The-Filament-ASA,"* settings are based on a 0,4 mm nozzle.","p. 1, ""* settings are based on a 0,4 mm nozzle."": the page prints ""0,4 mm"" (reader reader-r1-71-c, text).",agrees,gap-fill,line,reader,reader-r1-71-c,batch-71.csv#170,G031-43
ready,profiles,P1249,Drying,Not published,No,R-3DJAKE-EN-TDS-The-Filament-ASA-CF,Dry box recommended No,"p. 1, ""Dry box recommended"": the page prints ""No"" (reader reader-r1-71-c, text).",agrees,gap-fill,line,reader,reader-r1-71-c,batch-71.csv#186,G033-18
ready,profiles,P1249,Nozzle diameter,Not published,"0,4 mm",R-3DJAKE-EN-TDS-The-Filament-ASA-CF,"* settings are based on a 0,4 mm nozzle.","p. 1, ""* settings are based on a 0,4 mm nozzle."": the page prints ""0,4 mm"" (reader reader-r1-71-c, text).",agrees,gap-fill,line,reader,reader-r1-71-c,batch-71.csv#190,G033-18
ready,profiles,P1214,Drying,Not published,No,R-3DJAKE-EN-TDS-The-Filament-HT-PLA,Dry box recommended No,"p. 1, ""Dry box recommended"": the page prints ""No"" (reader reader-r1-71-c, text).",agrees,gap-fill,line,reader,reader-r1-71-c,batch-71.csv#207,G001-196
ready,profiles,P1214,Nozzle diameter,Not published,"0,4 mm",R-3DJAKE-EN-TDS-The-Filament-HT-PLA,"* settings are based on a 0,4 mm nozzle.","p. 1, ""* settings are based on a 0,4 mm nozzle."": the page prints ""0,4 mm"" (reader reader-r1-71-c, text).",agrees,gap-fill,line,reader,reader-r1-71-c,batch-71.csv#211,G001-196
ready,profiles,P1241,Drying,Not published,if wet,R-3DJAKE-EN-TDS-The-Filament-PETG-Lite,Dry box recommended if wet,"p. 1, ""Dry box recommended"": the page prints ""if wet"" (reader reader-r1-71-c, text).",agrees,gap-fill,line,reader,reader-r1-71-c,batch-71.csv#224,G020-73
ready,profiles,P1241,Nozzle diameter,Not published,"0,4 mm",R-3DJAKE-EN-TDS-The-Filament-PETG-Lite,"* settings are based on a 0,4 mm nozzle.","p. 1, ""* settings are based on a 0,4 mm nozzle."": the page prints ""0,4 mm"" (reader reader-r1-71-c, text).",agrees,gap-fill,line,reader,reader-r1-71-c,batch-71.csv#228,G020-73
ready,profiles,P1216,Drying,Not published,No,R-3DJAKE-EN-TDS-The-Filament-PLA-Lite,Dry box recommended No,"p. 1, ""Dry box recommended"": the page prints ""No"" (reader reader-r1-71-c, text).",agrees,gap-fill,line,reader,reader-r1-71-c,batch-71.csv#241,G001-198
ready,profiles,P1216,Nozzle diameter,Not published,"0,4 mm",R-3DJAKE-EN-TDS-The-Filament-PLA-Lite,"* settings are based on a 0,4 mm nozzle.","p. 1, ""* settings are based on a 0,4 mm nozzle."": the page prints ""0,4 mm"" (reader reader-r1-71-c, text).",agrees,gap-fill,line,reader,reader-r1-71-c,batch-71.csv#245,G001-198
ready,profiles,P1215,Drying,Not published,No,R-3DJAKE-EN-TDS-The-Filament-PLA-Matte,Dry box recommended No,"p. 1, ""Dry box recommended"": the page prints ""No"" (reader reader-r1-71-c, text).",agrees,gap-fill,line,reader,reader-r1-71-c,batch-71.csv#259,G001-197
ready,profiles,P1215,Nozzle diameter,Not published,"0,4 mm",R-3DJAKE-EN-TDS-The-Filament-PLA-Matte,"* settings are based on a 0,4 mm nozzle.","p. 1, ""* settings are based on a 0,4 mm nozzle."": the page prints ""0,4 mm"" (reader reader-r1-71-c, text).",agrees,gap-fill,line,reader,reader-r1-71-c,batch-71.csv#263,G001-197
ready,profiles,P0900,Drying,Not published,No,S-SPECTRUM-EN-TDS-Spectrum-HDPE,Dry box recommended | No,"p. 1, ""Dry box recommended"": the page prints ""No"" (reader reader-r1-cx, text).",agrees,gap-fill,line,reader,reader-r1-cx,batch-cx.csv#18,G085-01
ready,profiles,P0107,Drying,Not published,No,S-SPECTRUM-en-tds-spectrum-hdpe,Dry box recommended | No,"p. 1, ""Dry box recommended"": the page prints ""No"" (reader reader-r1-cx, text).",agrees,gap-fill,line,reader,reader-r1-cx,batch-cx.csv#40,G085-01
ready,profiles,P0573,Nozzle diameter,Not published,0.4mm,S-SPECTRUM-EN-TDS-Spectrum-PA12-CF15,* settings are based on a 0.4mm nozzle,"p. 1, ""Footnote"": the page prints ""0.4mm"" (reader reader-r1-cx, text).",agrees,gap-fill,line,reader,reader-r1-cx,batch-cx.csv#60,G053-03
ready,profiles,P0070,Nozzle diameter,Not published,0.4mm,S-SPECTRUM-en-tds-spectrum-pa12-cf15,* settings are based on a 0.4mm nozzle,"p. 1, ""Footnote"": the page prints ""0.4mm"" (reader reader-r1-cx, text).",agrees,gap-fill,line,reader,reader-r1-cx,batch-cx.csv#88,G053-03
ready,profiles,P0549,Drying,Not published,Yes,S-SPECTRUM-EN-TDS-Spectrum-PEBA,Dry box recommended | Yes,"p. 1, ""Dry box recommended"": the page prints ""Yes"" (reader reader-r1-cx, text).",agrees,gap-fill,line,reader,reader-r1-cx,batch-cx.csv#119,G045-02
ready,profiles,P0058,Drying,Not published,Yes,S-SPECTRUM-en-tds-spectrum-peba,Dry box recommended | Yes,"p. 1, ""Dry box recommended"": the page prints ""Yes"" (reader reader-r1-cx, text).",agrees,gap-fill,line,reader,reader-r1-cx,batch-cx.csv#143,G045-02
ready,profiles,P0550,Drying,Not published,No,S-SPECTRUM-EN-TDS-Spectrum-PETG-ESD,Dry box recommended | No,"p. 1, ""Dry box recommended"": the page prints ""No"" (reader reader-r1-cx, text).",agrees,gap-fill,line,reader,reader-r1-cx,batch-cx.csv#170,G026-03
ready,profiles,P0031,Drying,Not published,No,S-SPECTRUM-en-tds-spectrum-petg-esd,Dry box recommended | No,"p. 1, ""Dry box recommended"": the page prints ""No"" (reader reader-r1-cx, text).",agrees,gap-fill,line,reader,reader-r1-cx,batch-cx.csv#196,G026-03
ready,profiles,P0554,Drying,Not published,No,S-SPECTRUM-EN-TDS-Spectrum-PLA-ESD,Dry box recommended | No,"p. 1, ""Dry box recommended"": the page prints ""No"" (reader reader-r1-cx, text).",agrees,gap-fill,line,reader,reader-r1-cx,batch-cx.csv#222,G107-01
ready,profiles,P0193,Drying,Not published,No,S-SPECTRUM-en-tds-spectrum-pla-esd,Dry box recommended | No,"p. 1, ""Dry box recommended"": the page prints ""No"" (reader reader-r1-cx, text).",agrees,gap-fill,line,reader,reader-r1-cx,batch-cx.csv#248,G107-01
ready,profiles,P0363,Nozzle diameter,Not published,"0,4 mm",S-SPECTRUM-EN-TDS-Spectrum-PLA-Metal-Brass,"* settings are based on a 0,4 mm nozzle.","p. 1, ""Footnote"": the page prints ""0,4 mm"" (reader reader-r1-cx, text).",agrees,gap-fill,line,reader,reader-r1-cx,batch-cx.csv#263,G011-03
ready,profiles,P0363,Drying,Not published,no,S-SPECTRUM-EN-TDS-Spectrum-PLA-Metal-Brass,Dry box | no,"p. 1, ""Dry box"": the page prints ""no"" (reader reader-r1-cx, text).",agrees,gap-fill,line,reader,reader-r1-cx,batch-cx.csv#270,G011-03
ready,profiles,P0366,Nozzle diameter,Not published,"0,4 mm",S-SPECTRUM-en-tds-spectrum-pla-metal-brass,"* settings are based on a 0,4 mm nozzle.","p. 1, ""Footnote"": the page prints ""0,4 mm"" (reader reader-r1-cx, text).",agrees,gap-fill,line,reader,reader-r1-cx,batch-cx.csv#285,G011-03
ready,profiles,P0366,Drying,Not published,no,S-SPECTRUM-en-tds-spectrum-pla-metal-brass,Dry box | no,"p. 1, ""Dry box"": the page prints ""no"" (reader reader-r1-cx, text).",agrees,gap-fill,line,reader,reader-r1-cx,batch-cx.csv#292,G011-03
ready,profiles,P0368,Nozzle diameter,Not published,"0,4 mm",S-SPECTRUM-EN-TDS-Spectrum-PLA-Metal-Bronze,"* settings are based on a 0,4 mm nozzle.","p. 1, ""Footnote"": the page prints ""0,4 mm"" (reader reader-r1-cx, text).",agrees,gap-fill,line,reader,reader-r1-cx,batch-cx.csv#307,G011-04
ready,profiles,P0368,Drying,Not published,no,S-SPECTRUM-EN-TDS-Spectrum-PLA-Metal-Bronze,Dry box | no,"p. 1, ""Dry box"": the page prints ""no"" (reader reader-r1-cx, text).",agrees,gap-fill,line,reader,reader-r1-cx,batch-cx.csv#314,G011-04
ready,profiles,P0365,Nozzle diameter,Not published,"0,4 mm",S-SPECTRUM-en-tds-spectrum-pla-metal-bronze,"* settings are based on a 0,4 mm nozzle.","p. 1, ""Footnote"": the page prints ""0,4 mm"" (reader reader-r1-cx, text).",agrees,gap-fill,line,reader,reader-r1-cx,batch-cx.csv#329,G011-04
ready,profiles,P0365,Drying,Not published,no,S-SPECTRUM-en-tds-spectrum-pla-metal-bronze,Dry box | no,"p. 1, ""Dry box"": the page prints ""no"" (reader reader-r1-cx, text).",agrees,gap-fill,line,reader,reader-r1-cx,batch-cx.csv#336,G011-04
ready,profiles,P0367,Nozzle diameter,Not published,"0,4 mm",S-SPECTRUM-EN-TDS-Spectrum-PLA-Metal-Copper,"* settings are based on a 0,4 mm nozzle.","p. 1, ""Footnote"": the page prints ""0,4 mm"" (reader reader-r1-cx, text).",agrees,gap-fill,line,reader,reader-r1-cx,batch-cx.csv#351,G011-02
ready,profiles,P0367,Drying,Not published,no,S-SPECTRUM-EN-TDS-Spectrum-PLA-Metal-Copper,Dry box | no,"p. 1, ""Dry box"": the page prints ""no"" (reader reader-r1-cx, text).",agrees,gap-fill,line,reader,reader-r1-cx,batch-cx.csv#358,G011-02
ready,profiles,P0362,Nozzle diameter,Not published,"0,4 mm",S-SPECTRUM-en-tds-spectrum-pla-metal-copper,"* settings are based on a 0,4 mm nozzle.","p. 1, ""Footnote"": the page prints ""0,4 mm"" (reader reader-r1-cx, text).",agrees,gap-fill,line,reader,reader-r1-cx,batch-cx.csv#373,G011-02
ready,profiles,P0362,Drying,Not published,no,S-SPECTRUM-en-tds-spectrum-pla-metal-copper,Dry box | no,"p. 1, ""Dry box"": the page prints ""no"" (reader reader-r1-cx, text).",agrees,gap-fill,line,reader,reader-r1-cx,batch-cx.csv#380,G011-02
ready,profiles,P0546,Nozzle diameter,Not published,"0,4 mm",S-SPECTRUM-EN-TDS-Spectrum-SFLEX-98A,"* settings are based on a 0,4 mm nozzle.","p. 1, ""Footnote *"": the page prints ""0,4 mm"" (reader reader-r1-cx, text).",agrees,gap-fill,line,reader,reader-r1-cx,batch-cx.csv#402,G039-08
ready,profiles,P0546,Drying,Not published,recommended,S-SPECTRUM-EN-TDS-Spectrum-SFLEX-98A,Dry box | recommended,"p. 1, ""Dry box"": the page prints ""recommended"" (reader reader-r1-cx, text).",agrees,gap-fill,line,reader,reader-r1-cx,batch-cx.csv#410,G039-08
ready,profiles,P0226,Nozzle diameter,Not published,"0,4 mm",S-SPECTRUM-en-tds-spectrum-sflex-98a,"* settings are based on a 0,4 mm nozzle.","p. 1, ""Footnote *"": the page prints ""0,4 mm"" (reader reader-r1-cx, text).",agrees,gap-fill,line,reader,reader-r1-cx,batch-cx.csv#430,G039-08
ready,profiles,P0226,Drying,Not published,recommended,S-SPECTRUM-en-tds-spectrum-sflex-98a,Dry box | recommended,"p. 1, ""Dry box"": the page prints ""recommended"" (reader reader-r1-cx, text).",agrees,gap-fill,line,reader,reader-r1-cx,batch-cx.csv#438,G039-08
ready,profiles,P0734,Nozzle diameter,Not published,"0,4 mm",S-SPECTRUM-ENG-TDS-The-Filament-PETG-CF,"* settings are based on a 0,4 mm nozzle.","p. 1, ""Footnote *"": the page prints ""0,4 mm"" (reader reader-r1-cx, text).",agrees,gap-fill,line,reader,reader-r1-cx,batch-cx.csv#451,G024-04
ready,profiles,P0734,Drying,Not published,No,S-SPECTRUM-ENG-TDS-The-Filament-PETG-CF,Dry box recommended | No,"p. 1, ""Dry box recommended"": the page prints ""No"" (reader reader-r1-cx, text).",agrees,gap-fill,line,reader,reader-r1-cx,batch-cx.csv#456,G024-04
ready,profiles,P0232,Nozzle diameter,Not published,"0,4 mm",S-SPECTRUM-eng-tds-the-filament-petg-cf,"* settings are based on a 0,4 mm nozzle.","p. 1, ""Footnote *"": the page prints ""0,4 mm"" (reader reader-r1-cx, text).",agrees,gap-fill,line,reader,reader-r1-cx,batch-cx.csv#472,G024-04
ready,profiles,P0232,Drying,Not published,No,S-SPECTRUM-eng-tds-the-filament-petg-cf,Dry box recommended | No,"p. 1, ""Dry box recommended"": the page prints ""No"" (reader reader-r1-cx, text).",agrees,gap-fill,line,reader,reader-r1-cx,batch-cx.csv#477,G024-04
ready,profiles,P1171,Plate,Not published,"Glass Plate, buildTak",R-COLORFABB-TDS-E-colorFabb-PA-NEAT,"Bed / surface modification | - | Glass Plate, buildTak","p. 2, ""Bed / surface modification"": the page prints ""Glass Plate, buildTak"" (reader reader-r1-cx, text).",agrees,gap-fill,line,reader,reader-r1-cx,batch-cx.csv#546,G164-06
ready,profiles,P0518,Plate,/ modification,"heated build platform on a glass plate; cold bed possible with 3DLac, buildTak or 3DEeze",R-COLORFABB-colorFabb-nGen-Filament-TDS,"Bed surface / modification nGen gives best results on a heated build platform, 75C to about 85C is usually needed for proper adhesion to a glass plate. | Printing on a cold bed is possible but you’ll need some adhesion tools to minimize warping. 3DLac, buildTak or 3DEeze can do the trick.","p. 1, ""Bed surface / modification"": the page prints ""heated build platform on a glass plate; cold bed possible with 3DLac, buildTak or 3DEeze"" (reader reader-r1-04, text). The record held ""/ modification"".",agrees,plate-label,line,held,reader-r1-04,batch-04.csv#350,G092-02
ready,profiles,P0530,Plate,/ modification,"buildTak covered buildplate, heated at around 80C",R-COLORFABB-colorFabb-nGen-Flex-Filament-TDS,"Bed surface / modification nGen_FLEX gives best results on a buildTak covered buildplate, heated at around 80C. Make sure the distance between nozzle and buildplate is not too close, first layer should not be squeezed too much.","p. 1, ""Bed surface / modification"": the page prints ""buildTak covered buildplate, heated at around 80C"" (reader reader-r1-04, text). The record held ""/ modification"".",agrees,plate-label,line,held,reader-r1-04,batch-04.csv#370,G143-01
ready,profiles,P1190,Plate,/ modification,"buildTak, Glass plate",R-COLORFABB-colorFabb-PA-CF-Low-Warp-TDS,"Bed surface / modification buildTak, Glass plate","p. 1, ""Bed surface / modification"": the page prints ""buildTak, Glass plate"" (reader reader-r1-04, text). The record held ""/ modification"".",agrees,plate-label,line,held,reader-r1-04,batch-04.csv#386,G165-01
ready,profiles,P0927,Plate,/ modification,performs well on heated and non-heated build platforms; masking tape on a cold build platform,R-COLORFABB-colorFabb-PLA-PHA-Printing-Filament-TDS,Bed surface / modification Our PLA/PHA performs well on both heated and non-heated build platforms. For those users printing on a cold build platform we advise applying masking tape to the build area.,"p. 1, ""Bed surface / modification"": the page prints ""performs well on heated and non-heated build platforms; masking tape on a cold build platform"" (reader reader-r1-04, text). The record held ""/ modification"".",agrees,plate-label,line,held,reader-r1-04,batch-04.csv#406,G145-01
ready,profiles,P0751,Plate,Type,"Engineering Plate, High Temperature Plate or Textured PEI Plate",B-PC-Bambu-PC-Technical-Data-Sheet,"Build Plate Type | Engineering Plate, High Temperature | Plate or Textured PEI Plate","p. 1, ""Build Plate Type"": the page prints ""Engineering Plate, High Temperature Plate or Textured PEI Plate"" (reader reader-r1-28-b, text). The record held ""Type"".",agrees,plate-label,line,held,reader-r1-28-b,batch-28.csv#142,G035-01
ready,profiles,P0894,Plate,/ modification,"Glass plate, glue stick, polyimide tape, kapton tape",R-COLORFABB-colorFabb-BronzeFill-TDS,"Bed surface / modification Glass plate, glue stick, polyimide tape, kapton tape","p. 1, ""Bed surface / modification"": the page prints ""Glass plate, glue stick, polyimide tape, kapton tape"" (reader reader-r1-30, text). The record held ""/ modification"".",agrees,plate-label,line,held,reader-r1-30,batch-30.csv#358,G001-136
ready,profiles,P0523,Plate,/ modification,Tape or glue,R-COLORFABB-colorFabb-Economy-PLA-TDS,Bed surface / modification Tape or glue,"p. 1, ""Bed surface / modification"": the page prints ""Tape or glue"" (reader reader-r1-30, text). The record held ""/ modification"".",agrees,plate-label,line,held,reader-r1-30,batch-30.csv#373,G001-59
ready,profiles,P0520,Plate,/ modification,Tape or glue,R-COLORFABB-colorFabb-LW-PLA-TDS,Bed surface / modification Tape or glue,"p. 1, ""Bed surface / modification"": the page prints ""Tape or glue"" (reader reader-r1-30, text). The record held ""/ modification"".",agrees,plate-label,line,held,reader-r1-30,batch-30.csv#397,G017-09
ready,profiles,P0901,Plate,/ modification,"Glass plate, glue stick, polyimide tape, kapton tape",R-COLORFABB-colorFabb-SteelFill-TDS,"Bed surface / modification Glass plate, glue stick, polyimide tape, kapton tape","p. 1, ""Bed surface / modification"": the page prints ""Glass plate, glue stick, polyimide tape, kapton tape"" (reader reader-r1-30, text). The record held ""/ modification"".",agrees,plate-label,line,held,reader-r1-30,batch-30.csv#426,G001-137
ready,profiles,P0506,Plate,/ modification,Tape or glue,R-COLORFABB-colorFabb-VarioShore-TPU-TDS,Bed surface / modification Tape or glue,"p. 1, ""Bed surface / modification"": the page prints ""Tape or glue"" (reader reader-r1-30, text). The record held ""/ modification"".",agrees,plate-label,line,held,reader-r1-30,batch-30.csv#443,G039-25
ready,profiles,P1012,Plate,/ modification,"For colorFabb_XT we advise to print on a heated bed. After printing, the build plate needs to cool down to about 20-30 C at which point you can remove the printed part.",R-COLORFABB-colorFabb-XT-Filament-TDS,"Bed surface / modification For colorFabb_XT we advise to print on a heated bed. After printing, the | build plate needs to cool down to about 20-30 C at which point you can | remove the printed part.","p. 1, ""Bed surface / modification"": the page prints ""For colorFabb_XT we advise to print on a heated bed. After printing, the build plate needs to cool down to about 20-30 C at which point you can remove the printed part."" (reader reader-r1-30, text). The record held ""/ modification"".",agrees,plate-label,line,held,reader-r1-30,batch-30.csv#463,G089-03
ready,profiles,P0529,Plate,/ modification,Tape or glue,R-COLORFABB-TDS-E-ColorFabb-LW-PLA-1,Bed surface / modification Tape or glue,"p. 1, ""Bed surface / modification"": the page prints ""Tape or glue"" (reader reader-r1-31, text). The record held ""/ modification"".",agrees,plate-label,line,held,reader-r1-31,batch-31.csv#536,G017-09
ready,profiles,P0574,Plate,/ modification,Tape or glue,R-COLORFABB-TDS-E-colorFabb-PLA-Chameleon,Bed surface / modification Tape or glue,"p. 2, ""Bed surface / modification"": the page prints ""Tape or glue"" (reader reader-r1-31, text). The record held ""/ modification"".",agrees,plate-label,line,held,reader-r1-31,batch-31.csv#686,G001-70
ready,profiles,P0571,Plate,/ modification,Tape or glue,R-COLORFABB-TDS-E-ColorFabb-varioShore-TPU,Bed surface / modification Tape or glue,"p. 1, ""Bed surface / modification"": the page prints ""Tape or glue"" (reader reader-r1-32-b, text). The record held ""/ modification"".",agrees,plate-label,line,held,reader-r1-32-b,batch-32.csv#160,G039-25
ready,profiles,P0986,Plate,Adhesion,"PEI (smooth or textured), glass with glue stick or Magigoo, or specialized flexible filament build surfaces",D-SIRAYA-siraya-tech-rebound-peba-95a-tds,"Suitable surfaces include PEI (smooth or textured), glass with glue stick or Magigoo, or specialized flexible filament build surfaces.","p. 1, ""Build Plate Adhesion"": the page prints ""PEI (smooth or textured), glass with glue stick or Magigoo, or specialized flexible filament build surfaces"" (reader reader-r1-61-c, text). The record held ""Adhesion"".",agrees,plate-label,line,held,reader-r1-61-c,batch-61.csv#567,G045-08
ready,profiles,P0423,Plate,No processing required,Textured PEI Build Plate,R-SUNLU-cc96ba09-b739-4afb-851f-bcdd5f02dc2b,late Material | Textured PEI Build Plate,"p. 2, ""late Material"": the page prints ""Textured PEI Build Plate"" (reader reader-r1-69-c, text). The record held ""No processing required"".",agrees,plate-label,line,held,reader-r1-69-c,batch-69.csv#326,G015-02
ready,profiles,P1170,Plate,/ modification,"buildTak, Glass plate",R-COLORFABB-TDS-E-ColorFabb-PA-neat,"Bed surface / modification | buildTak, Glass plate","p. 1, ""Bed surface / modification"": the page prints ""buildTak, Glass plate"" (reader reader-r1-cx, text). The record held ""/ modification"".",agrees,plate-label,line,held,reader-r1-cx,batch-cx.csv#505,G164-06
ready,profiles,P0597,Locator,p. 1: Recommended printing settings,p. 1: Recommended printing settings; p. 1: Bed Adhesion,R-3D4MAKERS-TDS-ABS-Kevlar-filament-3D4Makers-V1,Bed Adhesion Carbon fiber / glass / pei sheet | PRINT RECOMMENDATIONS,Locator names the rows now read.,agrees,gap-fill,line,reader,reader-r1-01,batch-01.csv#136,G106-02
ready,profiles,P0645,Locator,p. 1: Recommended printing settings: NozzleTemperature,p. 1: Recommended printing settings: NozzleTemperature; p. 1: Bed Adhesion,R-3D4MAKERS-TDS-Facilan-HT-ElogioAM-v1-4,Bed Adhesion PEI Sheet / Glass | PRINT RECOMMENDATIONS,Locator names the rows now read.,agrees,gap-fill,line,reader,reader-r1-01,batch-01.csv#154,G066-06
ready,profiles,P1000,Locator,p. 1: Recommended printing settings: NozzleTemperature,p. 1: Recommended printing settings: NozzleTemperature; p. 1: Bed Adhesion,R-3D4MAKERS-TDS-Facilan-PCL100-filament-V1-4,Bed Adhesion Smoothpaper / PEI Sheet | PRINT RECOMMENDATIONS,Locator names the rows now read.,agrees,gap-fill,line,reader,reader-r1-01,batch-01.csv#178,G149-02
ready,profiles,P0877,Locator,p. 2: Recommended printing settings; p. 2: Dry Environment; p. 2: Nozzle Temperature; p. 2: Bed Temperature,p. 2: Recommended printing settings; p. 2: Dry Environment; p. 2: Nozzle Temperature; p. 2: Bed Temperature; p. 2: Based on a 0.4mm nozzle,R-3DJAKE-3DJAKE-ANYCUBIC-TDS-PLA-silk-V3-0,"*Based on a 0.4mm nozzle, printing conditions may vary with different nozzle diameters",Locator names the rows now read.,agrees,gap-fill,line,reader,reader-r1-01,batch-01.csv#329,G008-17
ready,profiles,P0869,Locator,p. 1: Recommended printing settings,p. 1: Recommended printing settings; p. 1: Description,R-3DJAKE-3DJAKE-TDS-Original-CarbonFiber-PLA-1-0-1,This filament is slightly more abrasive than standard PLA. Be prepared to replace your nozzle and do 1st layer adjustment after prolonged use or upgrade to a wear-resistant nozzle for less maintenance.,Locator names the rows now read.,agrees,gap-fill,line,reader,reader-r1-01,batch-01.csv#513,G018-15
ready,profiles,P0082,Locator,Recommended printing settings,Recommended printing settings; p. 1: Recommended Nozzle Diameter,X-3DXSTAT-ESD-PA12-TDS-v1,Recommended Nozzle Diameter: Minimum 0.4mm,Locator names the rows now read.,agrees,gap-fill,line,reader,reader-r1-02,batch-02.csv#12,G064-01
ready,profiles,P1169,Locator,p. 1: Recommended printing settings; p. 1: Bed Temp; p. 1: Print Bed Enclosure,p. 1: Recommended printing settings; p. 1: Bed Temp; p. 1: Print Bed Enclosure; p. 1: Nozzle,X-ECOMAX-wearx-tds-FW-PA6-Copolymer-v1-0,Nozzle: 0.2mm or larger,Locator names the rows now read.,agrees,gap-fill,line,reader,reader-r1-02,batch-02.csv#219,G049-09
ready,profiles,P1229,Locator,p. 1: Nozzle temperature; p. 1: Heated bed,p. 1: Nozzle temperature; p. 1: Heated bed; p. 1: Build platform,R-3DJAKE-SILK-TDS-4,"Build platform: Blue tape, Kapton tape, Glass bed",Locator names the rows now read.,agrees,gap-fill,line,reader,reader-r1-02,batch-02.csv#310,G008-33
ready,profiles,P1193,Locator,p. 2: Recommended printing settings; p. 2: Build Chamber Temperature,p. 2: Recommended printing settings; p. 2: Build Chamber Temperature; p. 2: Bed Material,R-BASF-Ultrafuse-TPS-90A-TDS-EN-v1-1,"Bed Material PEI, PI or glue",Locator names the rows now read.,agrees,gap-fill,line,reader,reader-r1-03,batch-03.csv#350,G170-02
ready,profiles,P1152,Locator,"p. 2: Bed Temperature, Nozzle Temperature; p. 2: Build Chamber Temperature","p. 2: Bed Temperature, Nozzle Temperature; p. 2: Build Chamber Temperature; p. 2: Bed Material; p. 2: Nozzle Diameter",S-BVOH-ULTRAFUSE-TDS-v1-3,Bed Material Glass,Locator names the rows now read.,agrees,gap-fill,line,reader,reader-r1-03,batch-03.csv#454,G076-02
ready,profiles,P0059,Locator,Recommended printing settings; p. 2: Build Chamber Temperature,Recommended printing settings; p. 2: Build Chamber Temperature; p. 2: Bed Material,S-TPC,Bed Material PP adhesive,Locator names the rows now read.,agrees,gap-fill,line,single-product,reader-r1-03,batch-03.csv#497,G046-01
ready,profiles,P0097,Locator,Recommended printing settings; p. 2: Drying,Recommended printing settings; p. 2: Drying; p. 2: Surface Adhesion,S-BVOH,"Surface Adhesion | Kapton (additional adhesion using glue, e.g. Magigoo)",Locator names the rows now read.,agrees,gap-fill,line,reader,reader-r1-04,batch-04.csv#87,G076-01
ready,profiles,P1268,Locator,p. 1: Extruder Temperature ℃,p. 1: Extruder Temperature ℃; p. 1: Bed substrate (first layer),R-BRASKEM-FL300PE-PDS,"**Traditional bed adhesive solutions used for PLA and ABS (such as blue tape, glue sticks, hair spray) will not properly adhere PE to the built plate.",Locator names the rows now read.,agrees,gap-fill,line,reader,reader-r1-04,batch-04.csv#254,G085-02
ready,profiles,P0528,Locator,p. 2: Recommended printing settings,p. 2: Recommended printing settings; p. 2: Notes,R-COLORFABB-TDS-E-colorFabb-nGen-CF10,"The reported properties are an average of a batch of 3D printed specimens. The specimens have been printed in XY plane, using 0.15mm layerheight, 100% infill, 0.4mm nozzle, 230 °C nozzle temperature and 80 °C bed temperature.",Locator names the rows now read.,agrees,gap-fill,line,reader,reader-r1-05,batch-05.csv#60,G142-01
ready,profiles,P0495,Locator,"p. 2: Guideline for print settings: Nozzle Temp., unfoamed column (Value unfoamed @ 210)","p. 2: Guideline for print settings: Nozzle Temp., unfoamed column (Value unfoamed @ 210); p. 2: Notes",R-COLORFABB-TDS-LW-PET,0.4 mm nozzle,Locator names the rows now read.,agrees,gap-fill,line,reader,reader-r1-05,batch-05.csv#98,G141-01
ready,profiles,P1356,Locator,"p. 2: Guideline for print settings: Nozzle Temp., foamed column (Value foamed @ 260)","p. 2: Guideline for print settings: Nozzle Temp., foamed column (Value foamed @ 260); p. 2: Notes",R-COLORFABB-TDS-LW-PET,0.4 mm nozzle,Locator names the rows now read.,agrees,gap-fill,line,reader,reader-r1-05,batch-05.csv#98,G141-01
ready,profiles,P0508,Locator,"p. 2: Guideline for print settings: Nozzle Temp., unfoamed column (Value unfoamed @ 210)","p. 2: Guideline for print settings: Nozzle Temp., unfoamed column (Value unfoamed @ 210); p. 2: Notes",R-COLORFABB-TDS-LW-PET-FLEX,0.4 mm nozzle,Locator names the rows now read.,agrees,gap-fill,line,reader,reader-r1-05,batch-05.csv#135,G141-02
ready,profiles,P1358,Locator,"p. 2: Guideline for print settings: Nozzle Temp., foamed column (Value foamed @ 260)","p. 2: Guideline for print settings: Nozzle Temp., foamed column (Value foamed @ 260); p. 2: Notes",R-COLORFABB-TDS-LW-PET-FLEX,0.4 mm nozzle,Locator names the rows now read.,agrees,gap-fill,line,reader,reader-r1-05,batch-05.csv#135,G141-02
ready,profiles,P0499,Locator,p. 2: Recommended printing settings,p. 2: Recommended printing settings; p. 2: Notes,R-COLORFABB-TDS-nGen-CF10,"100% infill, 0,4 mm nozzle,",Locator names the rows now read.,agrees,gap-fill,line,reader,reader-r1-05,batch-05.csv#162,G142-01
ready,profiles,P0505,Locator,p. 2: Recommended printing settings,p. 2: Recommended printing settings; p. 2: Bed / surface modification; p. 2: Notes,R-COLORFABB-TDS-PET-FLEX-MAX,Bed / surface modification | Adhesion spray (3D lac),Locator names the rows now read.,agrees,gap-fill,pieces,reader,reader-r1-05,batch-05.csv#184,G066-05
ready,profiles,P0496,Locator,p. 2: Recommended printing settings,p. 2: Recommended printing settings; p. 2: Bed / surface modification; p. 2: Notes,R-COLORFABB-TDS-PET-HIGH-SPEED-PRO,Bed / surface modification Adhesion spray (3D lac),Locator names the rows now read.,agrees,gap-fill,line,reader,reader-r1-05,batch-05.csv#209,G066-03
ready,profiles,P0504,Locator,p. 2: Recommended printing settings,p. 2: Recommended printing settings; p. 2: Bed / surface modification; p. 2: Notes,R-COLORFABB-TDS-PET-ULTRA-HIGH-SPEED,Bed / surface modification Adhesion spray (3D lac),Locator names the rows now read.,agrees,gap-fill,line,reader,reader-r1-05,batch-05.csv#234,G066-04
ready,profiles,P0928,Locator,p. 2: Recommended printing settings,p. 2: Recommended printing settings; p. 2: Notes,R-COLORFABB-TDS-PLA-PHA,"100% infill, 0,4 mm nozzle,",Locator names the rows now read.,agrees,gap-fill,line,reader,reader-r1-05,batch-05.csv#275,G145-01
ready,profiles,P0929,Locator,p. 1: Recommended printing settings; p. 1: Pre-printing drying; p. 1: bed temperature; p. 1: Chamber temperature,p. 1: Recommended printing settings; p. 1: Pre-printing drying; p. 1: bed temperature; p. 1: Chamber temperature; p. 1: Print Bed Surface Treatment,R-FILAMENT2PRINT-CreatBot-PLA,Print bed surface treatment 3D Printing Spray / PVP Glue Stick / Specialized Adhesive,Locator names the rows now read.,agrees,gap-fill,line,reader,reader-r1-05,batch-05.csv#360,G018-17
ready,profiles,P0512,Locator,p. 2: Recommended printing settings: Nozzle Temp,p. 2: Recommended printing settings: Nozzle Temp; p. 2: Notes,R-COLORFABB-TDS-E-ColorFabb-nGen-FLEX,"100% infill, 0,4 mm nozzle,",Locator names the rows now read.,agrees,gap-fill,line,reader,reader-r1-05,batch-05.csv#481,G143-01
ready,profiles,P0428,Locator,p. 1: Recommended printing settings; p. 1: Bed temperature; p. 1: Sealed printing,p. 1: Recommended printing settings; p. 1: Bed temperature; p. 1: Sealed printing; p. 1: Bed material,R-ERYONE-eryone-silk-pla-tds,"Bed material | glass, PEI, spring steel plate",Locator names the rows now read.,agrees,gap-fill,line,reader,reader-r1-06,batch-06.csv#5,G008-06
ready,profiles,P0450,Locator,p. 1: Recommended printing settings; p. 1: Drying conditions; p. 1: Sealed printing,p. 1: Recommended printing settings; p. 1: Drying conditions; p. 1: Sealed printing; p. 1: Bed material,R-ERYONE-eryone-pla-cf-tds,"Bed material | glass, PEI, spring steel plate",Locator names the rows now read.,agrees,gap-fill,line,reader,reader-r1-06,batch-06.csv#33,G018-09
ready,profiles,P1222,Locator,"p. 1: Nozzle temperature, Bed temperature, Sealed printing","p. 1: Nozzle temperature, Bed temperature, Sealed printing; p. 1: Bed material",R-ERYONE-eryone-silk-pla-dual-color-tds,"Bed material | glass, PEI, spring steel plate",Locator names the rows now read.,agrees,gap-fill,line,reader,reader-r1-06,batch-06.csv#61,G008-23
ready,profiles,P0433,Locator,p. 1: Recommended printing settings; p. 1: Sealed printing,p. 1: Recommended printing settings; p. 1: Sealed printing; p. 1: Bed material,R-ERYONE-eryone-hyper-speed-dual-color-silk-pla-tds,"Bed material | glass, PEI, spring steel plate",Locator names the rows now read.,agrees,gap-fill,line,reader,reader-r1-06,batch-06.csv#89,G008-08
ready,profiles,P1221,Locator,"p. 1: Nozzle temperature, Bed temperature, Sealed printing","p. 1: Nozzle temperature, Bed temperature, Sealed printing; p. 1: Bed material",R-ERYONE-eryone-hyper-speed-triple-color-silk-pla-tds,"Bed material | glass, PEI, spring steel plate",Locator names the rows now read.,agrees,gap-fill,line,reader,reader-r1-06,batch-06.csv#117,G008-22
ready,profiles,P1219,Locator,"p. 1: Nozzle temperature, Bed temperature, Sealed printing","p. 1: Nozzle temperature, Bed temperature, Sealed printing; p. 1: Bed material",R-ERYONE-eryone-silk-pla-tri-color-tds,"Bed material | glass, PEI, spring steel plate",Locator names the rows now read.,agrees,gap-fill,line,reader,reader-r1-07,batch-07.csv#6,G008-20
ready,profiles,P0432,Locator,p. 1: Recommended printing settings; p. 1: Drying conditions; p. 1: Nozzle temperature; p. 1: Bed temperature; p. 1: Sealed printing,p. 1: Recommended printing settings; p. 1: Drying conditions; p. 1: Nozzle temperature; p. 1: Bed temperature; p. 1: Sealed printing; p. 1: Bed material,R-ERYONE-eryone-silk-rainbow-pla-tds,"Bed material | glass, PEI, spring steel plate",Locator names the rows now read.,agrees,gap-fill,line,reader,reader-r1-07,batch-07.csv#35,G008-07
ready,profiles,P1104,Locator,"p. 2: Build Platform Temperature, Drying Preparation, Nozzle Temperature","p. 2: Build Platform Temperature, Drying Preparation, Nozzle Temperature; p. 2: Build Platform Type",S-ESUN-PLA-Silk-TDS-2025-06-19,Build Platform Type | PEI,Locator names the rows now read.,agrees,gap-fill,line,reader,reader-r1-07,batch-07.csv#177,G008-02
ready,profiles,P0663,Locator,"p. 2: Recommended printing settings: Extruder Temperature, Build Platform Temperature","p. 2: Recommended printing settings: Extruder Temperature, Build Platform Temperature; p. 2: Footnote",S-PEBA-79f73c22-1,Based on 0.4 mm nozzle and Simplify 3D v.4.1.2. Printing conditions may vary with different nozzle diameters,Locator names the rows now read.,agrees,gap-fill,line,reader,reader-r1-07,batch-07.csv#258,G008-12
ready,profiles,P0604,Locator,p. 2: Recommended printing settings,p. 2: Recommended printing settings; p. 2: Footnote,S-PEBA-ePLA-CF-TDS,Based on 0.4 mm nozzle and Simplify 3D v.4.1.2. Printing conditions may vary with different nozzle diameters,Locator names the rows now read.,agrees,gap-fill,line,reader,reader-r1-07,batch-07.csv#286,G018-11
ready,profiles,P1029,Locator,p. 2: Recommended printing settings,p. 2: Recommended printing settings; p. 2: Footnote; p. 2: Notes 3,S-PEBA-eSUN-ePA-CF-Filament-TDS-V4-0,Based on 0.4 mm nozzle and Simplify 3D v.4.1.2. Printing conditions may vary with different nozzle diameters,Locator names the rows now read.,agrees,gap-fill,line,reader,reader-r1-07,batch-07.csv#314,G156-01
ready,profiles,P0599,Locator,p. 2: Recommended printing settings; p. 2: Drying note,p. 2: Recommended printing settings; p. 2: Drying note; p. 2: Footnote,S-PEBA-eSUN-ePA12-Filament-TDS-V4-0,Based on 0.4 mm nozzle and Simplify 3D v.4.1.2. Printing conditions may vary with different nozzle diameters,Locator names the rows now read.,agrees,gap-fill,line,reader,reader-r1-07,batch-07.csv#345,G052-04
ready,profiles,P1226,Locator,"p. 2: Extruder Temperature, Build Platform Temperature","p. 2: Extruder Temperature, Build Platform Temperature; p. 2: Footnote",S-PEBA-eSUN-ePLA-Silk-Magic-Filament-TDS-V4-02,Based on 0.4 mm nozzle and Simplify 3D v.4.1.2. Printing conditions may vary with different nozzle diameters,Locator names the rows now read.,agrees,gap-fill,line,reader,reader-r1-07,batch-07.csv#373,G008-30
ready,profiles,P1227,Locator,"p. 2: Extruder Temperature, Build Platform Temperature","p. 2: Extruder Temperature, Build Platform Temperature; p. 2: Footnote",S-PEBA-eSUN-ePLA-Silk-Mystic-Filament-TDS-V4-0,Based on 0.4 mm nozzle and Simplify 3D v.4.1.2. Printing conditions may vary with different nozzle diameters,Locator names the rows now read.,agrees,gap-fill,line,reader,reader-r1-07,batch-07.csv#400,G008-31
ready,profiles,P0620,Locator,p. 2: Recommended printing settings,p. 2: Recommended printing settings; p. 2: Footnote,S-PEBA-eSUN-PLA-GF-Filament-TDS-V1-0-1,Based on 0.4 mm nozzle and Simplify 3D v.4.1.2. Printing conditions may vary with different nozzle diameters,Locator names the rows now read.,agrees,gap-fill,line,reader,reader-r1-07,batch-07.csv#428,G019-03
ready,profiles,P1187,Locator,p. 2: Recommended printing settings,p. 2: Recommended printing settings; p. 2: Footnote,S-PEBA-eSUN-TPE-83A-Filament-TDS-V4-0,Based on 0.4 mm nozzle and Simplify 3D v.4.1.2. Printing conditions may vary with different nozzle diameters,Locator names the rows now read.,agrees,gap-fill,line,reader,reader-r1-07,batch-07.csv#455,G167-10
ready,profiles,P0699,Locator,p. 2: Recommended printing settings: Extruder Temperature; p. 2: Drying Preparation,p. 2: Recommended printing settings: Extruder Temperature; p. 2: Drying Preparation; p. 2: Build Platform Type,S-PEBA-TPU-64D-TDS,Build Platform Type | ALL,Locator names the rows now read.,agrees,gap-fill,line,reader,reader-r1-07,batch-07.csv#496,G039-44
ready,profiles,P0991,Locator,"p. 2: Recommended printing settings: Extruder Temperature, Build Platform Temperature","p. 2: Recommended printing settings: Extruder Temperature, Build Platform Temperature; p. 2: nozzle_diameter",S-PEBA-TPU-LW-TDS-V1,Based on Bambu P1S 0.4 mm nozzle and Orcaslicer2.10 Beta. Printing conditions may vary with different nozzle diameters,Locator names the rows now read.,agrees,gap-fill,line,reader,reader-r1-08,batch-08.csv#23,G150-02
ready,profiles,P1307,Locator,"p. 1: Print Settings, Drying (drying only; the page's nozzle and build plate rows agree with P0375, from the sheet)","p. 1: Print Settings, Drying (drying only; the page's nozzle and build plate rows agree with P0375, from the sheet); p. 1: Surface preparation; p. 1: nozzle_diameter",D-EXTRUDR-FLEX-MEDIUM-MATT-PAGE,Surface preparation Not required,Locator names the rows now read.,agrees,gap-fill,line,reader,reader-r1-08,batch-08.csv#48,G039-14
ready,profiles,P0381,Locator,p. 2: Recommended printing settings; p. 2: Hardened Nozzle,p. 2: Recommended printing settings; p. 2: Hardened Nozzle; p. 2: Adhesive; p. 2: nozzle_diameter,R-EXTRUDR-durapro-pa12-TDS-en,Adhesive recommended,Locator names the rows now read.,agrees,gap-fill,line,reader,reader-r1-08,batch-08.csv#164,G052-02
ready,profiles,P0379,Locator,p. 2: Recommended printing settings,p. 2: Recommended printing settings; p. 2: Adhesive; p. 2: nozzle_diameter,R-EXTRUDR-durapro-pc-pbt-cf-TDS-en,Adhesive recommended,Locator names the rows now read.,agrees,gap-fill,line,reader,reader-r1-08,batch-08.csv#217,G131-01
ready,profiles,P0772,Locator,p. 2: Recommended printing settings,p. 2: Recommended printing settings; p. 2: Adhesive; p. 2: nozzle_diameter,R-EXTRUDR-durapro-pc-pbt-cf-TDS-en-3a6807,Adhesive recommended,Locator names the rows now read.,agrees,gap-fill,line,reader,reader-r1-08,batch-08.csv#271,G131-01
ready,profiles,P1016,Locator,p. 1: Recommended printing settings,p. 1: Recommended printing settings; p. 1: Adhesive,R-EXTRUDR-flax-TDS-en,Adhesive not required,Locator names the rows now read.,agrees,gap-fill,line,reader,reader-r1-08,batch-08.csv#347,G152-01
ready,profiles,P0376,Locator,p. 1: Recommended printing settings,p. 1: Recommended printing settings; p. 1: Adhesive,R-EXTRUDR-flex-hard-cf-TDS-en,Adhesive not required,Locator names the rows now read.,agrees,gap-fill,line,reader,reader-r1-08,batch-08.csv#412,G129-02
ready,profiles,P0780,Locator,p. 1: Recommended printing settings,p. 1: Recommended printing settings; p. 1: Adhesive,R-EXTRUDR-flex-hard-cf-TDS-en-7bbe64,Adhesive not required,Locator names the rows now read.,agrees,gap-fill,line,reader,reader-r1-08,batch-08.csv#445,G129-02
ready,profiles,P0382,Locator,p. 1: Recommended printing settings; p. 1: Hardened Nozzle,p. 1: Recommended printing settings; p. 1: Hardened Nozzle; p. 1: Adhesive,R-EXTRUDR-flex-hard-TDS-en,Adhesive not required,Locator names the rows now read.,agrees,gap-fill,line,reader,reader-r1-08,batch-08.csv#479,G039-16
ready,profiles,P0797,Locator,p. 1: Recommended printing settings; p. 1: Hardened Nozzle,p. 1: Recommended printing settings; p. 1: Hardened Nozzle; p. 1: Adhesive,R-EXTRUDR-flex-hard-TDS-en-cbd667,Adhesive not required,Locator names the rows now read.,agrees,gap-fill,line,reader,reader-r1-08,batch-08.csv#513,G039-16
ready,profiles,P0393,Locator,p. 1: Recommended printing settings; p. 1: Hardened Nozzle,p. 1: Recommended printing settings; p. 1: Hardened Nozzle; p. 1: Adhesive,R-EXTRUDR-flex-medium-esd-TDS-en,Adhesive not required,Locator names the rows now read.,agrees,gap-fill,line,reader,reader-r1-08,batch-08.csv#569,G126-02
ready,profiles,P0807,Locator,p. 1: Recommended printing settings; p. 1: Hardened Nozzle,p. 1: Recommended printing settings; p. 1: Hardened Nozzle; p. 1: Adhesive,R-EXTRUDR-flex-medium-esd-TDS-en-eb4012,Adhesive not required,Locator names the rows now read.,agrees,gap-fill,line,reader,reader-r1-08,batch-08.csv#598,G126-02
ready,profiles,P0375,Locator,p. 1: Recommended printing settings; p. 1: Hardened Nozzle,p. 1: Recommended printing settings; p. 1: Hardened Nozzle; p. 1: Adhesive,R-EXTRUDR-flex-medium-matt-TDS-en,Adhesive not required,Locator names the rows now read.,agrees,gap-fill,line,reader,reader-r1-08,batch-08.csv#629,G039-14
ready,profiles,P0392,Locator,p. 1: Recommended printing settings; p. 1: Hardened Nozzle,p. 1: Recommended printing settings; p. 1: Hardened Nozzle; p. 1: Adhesive,R-EXTRUDR-flex-medium-TDS-en,Adhesive not required,Locator names the rows now read.,agrees,gap-fill,line,reader,reader-r1-08,batch-08.csv#664,G039-17
ready,profiles,P0800,Locator,p. 1: Recommended printing settings; p. 1: Hardened Nozzle,p. 1: Recommended printing settings; p. 1: Hardened Nozzle; p. 1: Adhesive,R-EXTRUDR-flex-medium-TDS-en-d2c5e4,Adhesive not required,Locator names the rows now read.,agrees,gap-fill,line,reader,reader-r1-08,batch-08.csv#698,G039-17
ready,profiles,P1174,Locator,p. 1: Recommended printing settings; p. 1: Hardened Nozzle,p. 1: Recommended printing settings; p. 1: Hardened Nozzle; p. 1: Recommended settings for printers with a 0.4mm Nozzle,R-EXTRUDR-greentec-pro-TDS-en,Recommended settings for printers with a 0.4mm Nozzle.,Locator names the rows now read.,agrees,gap-fill,line,reader,reader-r1-09,batch-09.csv#53,G168-03
ready,profiles,P1175,Locator,p. 1: Recommended printing settings; p. 1: Hardened Nozzle,p. 1: Recommended printing settings; p. 1: Hardened Nozzle; p. 1: Recommended settings for printers with a 0.4mm Nozzle,R-EXTRUDR-greentec-TDS-en,Recommended settings for printers with a 0.4mm Nozzle.,Locator names the rows now read.,agrees,gap-fill,line,reader,reader-r1-09,batch-09.csv#81,G168-04
ready,profiles,P0372,Locator,p. 1: Recommended printing settings; p. 1: Hardened Nozzle,p. 1: Recommended printing settings; p. 1: Hardened Nozzle; p. 1: Recommended settings for printers with a 0.4mm Nozzle,R-EXTRUDR-pctg-TDS-en,Recommended settings for printers with a 0.4mm Nozzle.,Locator names the rows now read.,agrees,gap-fill,line,reader,reader-r1-09,batch-09.csv#138,G088-03
ready,profiles,P1308,Locator,"p. 1: Print Settings, Drying (drying only; the page's nozzle and build plate rows agree with P0382, from the sheet)","p. 1: Print Settings, Drying (drying only; the page's nozzle and build plate rows agree with P0382, from the sheet); p. 1: Surface preparation; p. 1: Recommended settings for printers with a 0.4 mm nozzle",R-EXTRUDR-PRINT-20260929-245381f760f8,Surface preparation Not required,Locator names the rows now read.,agrees,gap-fill,line,reader,reader-r1-09,batch-09.csv#202,G039-16
ready,profiles,P1316,Locator,"p. 1: Print Settings, Drying (drying only; the page's nozzle and build plate rows agree with P0392, from the sheet)","p. 1: Print Settings, Drying (drying only; the page's nozzle and build plate rows agree with P0392, from the sheet); p. 1: Surface preparation; p. 1: Recommended settings for printers with a 0.4 mm nozzle",R-EXTRUDR-PRINT-20260929-ca0239ac2a92,Surface preparation Not required,Locator names the rows now read.,agrees,gap-fill,line,reader,reader-r1-09,batch-09.csv#242,G039-17
ready,profiles,P1309,Locator,"p. 1: Print Settings, Drying (drying only; the page's nozzle and build plate rows agree with P1016, from the sheet)","p. 1: Print Settings, Drying (drying only; the page's nozzle and build plate rows agree with P1016, from the sheet); p. 1: Surface preparation; p. 1: Recommended settings for printers with a 0.4 mm nozzle",R-EXTRUDR-PRINT-20260929-2cccd500d85c,Surface preparation Not required,Locator names the rows now read.,agrees,gap-fill,line,reader,reader-r1-09,batch-09.csv#282,G152-01
ready,profiles,P1310,Locator,"p. 1: Print Settings, Drying (drying only; the page's nozzle and build plate rows agree with P0393, from the sheet)","p. 1: Print Settings, Drying (drying only; the page's nozzle and build plate rows agree with P0393, from the sheet); p. 1: Surface preparation; p. 1: Recommended settings for printers with a 0.4 mm nozzle",R-EXTRUDR-PRINT-20260929-3793d04515ce,Surface preparation Not required,Locator names the rows now read.,agrees,gap-fill,line,reader,reader-r1-09,batch-09.csv#326,G126-02
ready,profiles,P1314,Locator,"p. 1: Print Settings, Drying (drying only; the page's nozzle and build plate rows agree with P0374, from the sheet)","p. 1: Print Settings, Drying (drying only; the page's nozzle and build plate rows agree with P0374, from the sheet); p. 1: Surface preparation; p. 1: Recommended settings for printers with a 0.4 mm nozzle",R-EXTRUDR-PRINT-20260929-af22746e0274,Surface preparation Not required,Locator names the rows now read.,agrees,gap-fill,line,reader,reader-r1-09,batch-09.csv#365,G018-07
ready,profiles,P1311,Locator,"p. 1: Print Settings, Drying (drying only; the page's nozzle and build plate rows agree with P1173, from the sheet)","p. 1: Print Settings, Drying (drying only; the page's nozzle and build plate rows agree with P1173, from the sheet); p. 1: Surface preparation; p. 1: Recommended settings for printers with a 0.4 mm nozzle",R-EXTRUDR-PRINT-20260929-463457967aab,Surface preparation Not required,Locator names the rows now read.,agrees,gap-fill,line,reader,reader-r1-09,batch-09.csv#409,G169-01
ready,profiles,P1297,Locator,"p. 1: Exact-product chamber guidance: Enclosed chamber required Yes; p. 1: Print Settings, Drying","p. 1: Exact-product chamber guidance: Enclosed chamber required Yes; p. 1: Print Settings, Drying; p. 1: Surface preparation; p. 1: Recommended settings for printers with a 0.4 mm nozzle",R-EXTRUDR-PRINT-20260928-83ec5c0b3125,Surface preparation Recommended,Locator names the rows now read.,agrees,gap-fill,line,reader,reader-r1-09,batch-09.csv#491,G131-01
ready,profiles,P1390,Locator,p. 1: Exact product drying table and own nozzle recommendation; other recipe fields not transcribed in this scoped profile,p. 1: Exact product drying table and own nozzle recommendation; other recipe fields not transcribed in this scoped profile; p. 1: Nozzle temperature; p. 1: Build plate temperature; p. 1: Surface preparation; p. 1: Enclosed chamber required; p. 1: Hardened nozzle required; p. 1: Recommended settings for printers with a 0.4 mm nozzle,R-EXTRUDR-PRIORITY-20261003-cafa71249318,Nozzle temperature 260–290 °C,Locator names the rows now read.,agrees,gap-fill,line,reader,reader-r1-09,batch-09.csv#637,G052-02
ready,profiles,P1391,Locator,p. 1: Exact product drying table and own nozzle recommendation; other recipe fields not transcribed in this scoped profile,p. 1: Exact product drying table and own nozzle recommendation; other recipe fields not transcribed in this scoped profile; p. 1: Nozzle temperature; p. 1: Build plate temperature; p. 1: Surface preparation; p. 1: Enclosed chamber required; p. 1: Hardened nozzle required; p. 1: Recommended settings for printers with a 0.4 mm nozzle,R-EXTRUDR-PRIORITY-20261003-ce91065b0c8a,Nozzle temperature 230–270 °C,Locator names the rows now read.,agrees,gap-fill,line,reader,reader-r1-09,batch-09.csv#687,G088-03
ready,profiles,P0893,Locator,p. 1: Recommended printing settings,p. 1: Recommended printing settings; p. 1: Bed Temperature,R-FIBERLOGY-FIBERLOGY-PP-TDS,Bed Temperature | Not required when using a packing tape,Locator names the rows now read.,agrees,gap-fill,line,reader,reader-r1-12,batch-12.csv#189,G082-10
ready,profiles,P1296,Locator,p. 1: Exact-product chamber guidance: Enclosed chamber: not required,p. 1: Exact-product chamber guidance: Enclosed chamber: not required; p. 1: Bed material,R-FIBERLOGY-PRINT-20260928-7bb43c8e086b,Bed material: Smooth PEI + adhesive; Textured PEI; Glass + adhesive,Locator names the rows now read.,agrees,gap-fill,line,reader,reader-r1-12,batch-12.csv#261,G144-03
ready,profiles,P1299,Locator,p. 1: Exact-product chamber guidance: Enclosed chamber: not required,p. 1: Exact-product chamber guidance: Enclosed chamber: not required; p. 1: Bed material,R-FIBERLOGY-PRINT-20260928-8542185b8c6b,"Bed material: Smooth PEI, Textured PEI, Glass",Locator names the rows now read.,agrees,gap-fill,line,reader,reader-r1-12,batch-12.csv#279,G158-01
ready,profiles,P1302,Locator,p. 1: Exact-product chamber guidance: Enclosed chamber: not required,p. 1: Exact-product chamber guidance: Enclosed chamber: not required; p. 1: Bed,R-FIBERLOGY-PRINT-20260928-8d6a2f7e6751,"Bed: Smooth PEI, Glass",Locator names the rows now read.,agrees,gap-fill,line,reader,reader-r1-12,batch-12.csv#295,G134-01
ready,profiles,P1303,Locator,p. 1: Exact-product chamber guidance: it is recommended to use a 3D printer with an enclosed and heated chamber,p. 1: Exact-product chamber guidance: it is recommended to use a 3D printer with an enclosed and heated chamber; p. 1: Bed material,R-FIBERLOGY-PRINT-20260928-dff2ce2ac494,Bed material: Smooth PEI + adhesive; Textured PEI + adhesive; Glass + adhesive,Locator names the rows now read.,agrees,gap-fill,line,reader,reader-r1-12,batch-12.csv#309,G052-06
ready,profiles,P1293,Locator,"p. 1: Exact-product chamber guidance: Heated chamber/enclosure: not required, but it helps","p. 1: Exact-product chamber guidance: Heated chamber/enclosure: not required, but it helps; p. 1: Hotbed surface",R-FILLAMENTUM-PRINT-20260928-5f11a7e57e06,"Hotbed surface: Glass/Mirror, Lockpad, (PEI)",Locator names the rows now read.,agrees,gap-fill,line,reader,reader-r1-13,batch-13.csv#27,G086-02
ready,profiles,P1162,Locator,p. 1: Recommended printing settings,p. 1: Recommended printing settings; p. 1: Type of bed,R-FILLAMENTUM-Technical-Data-Sheet-Flexfill-TPE-90A,"Type of bed PEI, mirror/glass",Locator names the rows now read.,agrees,gap-fill,line,reader,reader-r1-13,batch-13.csv#125,G167-02
ready,profiles,P1189,Locator,p. 1: Recommended printing settings,p. 1: Recommended printing settings; p. 1: Type of bed,R-FILLAMENTUM-Technical-Data-Sheet-Flexfill-TPE-96A,"Type of bed PEI, mirror/glass",Locator names the rows now read.,agrees,gap-fill,line,reader,reader-r1-13,batch-13.csv#141,G167-11
ready,profiles,P0531,Locator,p. 1: Recommended printing settings,p. 1: Recommended printing settings; p. 1: Type of bed,R-FILLAMENTUM-Technical-Data-Sheet-PP-2320,"Type of bed PP plate, mirror/glass",Locator names the rows now read.,agrees,gap-fill,line,reader,reader-r1-13,batch-13.csv#258,G082-07
ready,profiles,P0486,Locator,p. 2: Recommended printing settings: Nozzle Temperature; p. 2: Ambient Temperature for Printing; p. 3: Drying note,p. 2: Recommended printing settings: Nozzle Temperature; p. 2: Ambient Temperature for Printing; p. 3: Drying note; p. 2: Build Surface Material,D-FLASH-PLA-CF-TDS-EN,"Build Surface Material Tempered glass, BuildTak, Carbon fiber board",Locator names the rows now read.,agrees,gap-fill,line,reader,reader-r1-13,batch-13.csv#367,G018-10
ready,profiles,P0474,Locator,p. 2: Recommended printing settings: Nozzle Temperature; p. 2: Ambient Temperature for Printing,p. 2: Recommended printing settings: Nozzle Temperature; p. 2: Ambient Temperature for Printing; p. 2: Build Surface Material,D-FLASH-PLA-Silk-TDS-EN,"Build Surface Material Tempered glass, BuildTak, Carbon fiber plate",Locator names the rows now read.,agrees,gap-fill,line,reader,reader-r1-13,batch-13.csv#399,G008-09
ready,profiles,P0982,Locator,p. 1: Recommended printing settings,p. 1: Recommended printing settings; p. 1: Diameter,S-PET-TDS-BVOH,Diameter Tolerance Roundness | 1.75mm ± 0.05mm ≥ 95%,Locator names the rows now read.,agrees,gap-fill,line,reader,reader-r1-14,batch-14.csv#65,G076-03
ready,profiles,P0954,Locator,p. 2: Recommended printing settings; p. 2: Processing: nozzle material,p. 2: Recommended printing settings; p. 2: Processing: nozzle material; p. 2: Dehumidifying dryer; p. 2: Nozzle,R-3D4MAKERS-TDS-LUVOCOM-3F-PAHT-KK-50056-BK-FR-Filament-3D4Makers,Dehumidifying dryer 130 6 - 8,Locator names the rows now read.,agrees,gap-fill,line,reader,reader-r1-15,batch-15.csv#76,G148-02
ready,profiles,P0946,Locator,p. 2: Recommended printing settings,p. 2: Recommended printing settings; p. 2: Dehumidifying dryer (optional),S-PET-TDS-LUVOCOM-3F-PAHT-9825-NT-Injection-molded-specimen,Dehumidifying dryer 130 6 to 8,Locator names the rows now read.,agrees,gap-fill,line,reader,reader-r1-15,batch-15.csv#197,G147-01
ready,profiles,P0953,Locator,p. 2: Recommended printing settings; p. 2: Processing: nozzle material,p. 2: Recommended printing settings; p. 2: Processing: nozzle material; p. 2: Dehumidifying dryer,S-PET-TDS-LUVOCOM-3F-PAHT-9936-BK,Dehumidifying dryer 130 6 - 8,Locator names the rows now read.,agrees,gap-fill,line,reader,reader-r1-15,batch-15.csv#234,G148-01
ready,profiles,P1183,Locator,p. 1: Recommended printing settings; p. 1: Nozzle note; p. 1: Application recommendations (drying),p. 1: Recommended printing settings; p. 1: Nozzle note; p. 1: Application recommendations (drying); p. 1: Nozzle (minimal),R-NANOVIA-Flex-B4C,Nozzle (minimal)  0.5  mm,Locator names the rows now read.,agrees,gap-fill,line,reader,reader-r1-15,batch-15.csv#557,G167-07
ready,profiles,P1184,Locator,p. 1: Recommended printing settings; p. 1: Application recommendations (drying),p. 1: Recommended printing settings; p. 1: Application recommendations (drying); p. 1: Nozzle (minimum),R-NANOVIA-Flex-VX,"Nozzle (minimum)  0,5  mm",Locator names the rows now read.,agrees,gap-fill,line,reader,reader-r1-15,batch-15.csv#573,G167-08
ready,profiles,P1191,Locator,p. 1: Recommended printing settings; p. 1: Application recommendations (drying),p. 1: Recommended printing settings; p. 1: Application recommendations (drying); p. 1: Nozzle (minimum),R-NANOVIA-ISTROFLEX,"Nozzle (minimum)  0,4  mm",Locator names the rows now read.,agrees,gap-fill,line,reader,reader-r1-15,batch-15.csv#675,G167-12
ready,profiles,P0898,Locator,p. 1: Recommended printing settings; p. 1: Drying note,p. 1: Recommended printing settings; p. 1: Drying note; p. 1: Nozzle (minimal); p. 1: Printing,R-NANOVIA-PA-Rail-ac7021,Nozzle (minimal)  0.5  mm,Locator names the rows now read.,agrees,gap-fill,line,reader,reader-r1-15,batch-15.csv#727,G049-08
ready,profiles,P0743,Locator,p. 1: Recommended printing settings; p. 1: Drying note,p. 1: Recommended printing settings; p. 1: Drying note; p. 1: Printing,R-NANOVIA-PC-PTFE,An ABS raft can allow for a better bed adhesion,Locator names the rows now read.,agrees,gap-fill,line,reader,reader-r1-15,batch-15.csv#779,G112-02
ready,profiles,P1020,Locator,p. 1: Recommended printing settings; p. 1: Drying note,p. 1: Recommended printing settings; p. 1: Drying note; p. 1: Nozzle (minimal),R-NANOVIA-PLA-Flax,Nozzle (minimal)  0.5  mm,Locator names the rows now read.,agrees,gap-fill,line,reader,reader-r1-15,batch-15.csv#787,G152-02
ready,profiles,P1300,Locator,p. 1: Exact-product chamber guidance: It is ideal for use in open desktop 3D printers.,p. 1: Exact-product chamber guidance: It is ideal for use in open desktop 3D printers.; p. 1: Printing surface,R-NOBUFIL-PRINT-20260928-87da1d4c6163,- Printing surface: textured PEI sheet,Locator names the rows now read.,agrees,gap-fill,line,reader,reader-r1-16,batch-16.csv#144,G144-02
ready,profiles,P0354,Locator,p. 4: Recommended printing settings: Nozzle temperature; p. 4: Environmental temperature,p. 4: Recommended printing settings: Nozzle temperature; p. 4: Environmental temperature; p. 4: Build surface material,S-POLYCN-PolyLite-PLA-CF-TDS-US-5-1,"Build surface material | BuildTak®, Glass, Blue Tape",Locator names the rows now read.,agrees,gap-fill,line,reader,reader-r1-16,batch-16.csv#247,G018-05
ready,profiles,P0019,Locator,Recommended printing settings; p. 5: Drying setting; p. 5: Closure chamber,Recommended printing settings; p. 5: Drying setting; p. 5: Closure chamber; p. 5: Build surface treatment; p. 5: Additional requirements,S-POLYCN-Polymaker-HT-PLA-GF-TDS-EN-V1-1,Build surface treatment | PC and Texture PEI (Glue when needed),Locator names the rows now read.,agrees,gap-fill,line,reader,reader-r1-16,batch-16.csv#317,G019-01
ready,profiles,P0296,Locator,p. 1: Recommended printing settings: Nozzle temperature; p. 1: Drying temp. and time; p. 1: Closure chamber,p. 1: Recommended printing settings: Nozzle temperature; p. 1: Drying temp. and time; p. 1: Closure chamber; p. 1: Build surface treatment,S-POLYCN-TDS-Polymaker-HT-PLA-GF-V1-2-2025-12-09-EN,Build surface treatment PC and Textured PEI,Locator names the rows now read.,agrees,gap-fill,line,reader,reader-r1-16,batch-16.csv#384,G019-01
ready,profiles,P0273,Locator,"p. 1: Recommended printing settings: Nozzle temperature, Build plate temperature","p. 1: Recommended printing settings: Nozzle temperature, Build plate temperature; p. 1: Footnote",S-POLYCN-TDS-Polymaker-Polylite-PLA-CF-V6-0-2026-06-09-EN,*Based on 0.4mm nozzle. Printing conditions may vary with different nozzle diameters.,Locator names the rows now read.,agrees,gap-fill,line,reader,reader-r1-16-b,batch-16.csv#440,G018-05
ready,profiles,P1002,Locator,p. 1: Recommended printing settings; p. 1: Closure chamber; p. 1: Nozzle note,p. 1: Recommended printing settings; p. 1: Closure chamber; p. 1: Nozzle note; p. 1: Build surface treatment; p. 1: Footnote,S-POLYCN-TDS-Polymaker-PolySupport-PA12-v5-5-2026-01-14-EN,Build surface treatment PC and Textured PEI,Locator names the rows now read.,agrees,gap-fill,line,reader,reader-r1-16-b,batch-16.csv#474,G080-02
ready,profiles,P1113,Locator,p. 3: Drying note; p. 2: Nozzle Temperature; p. 2: Build plate temperature,p. 3: Drying note; p. 2: Nozzle Temperature; p. 2: Build plate temperature; p. 2: Recommended Nozzle Diameter; p. 2: Recommended build surface treatment,R-QIDI-PLA-CF,Recommended Nozzle Diameter | 0.4-1.0 mm,Locator names the rows now read.,agrees,gap-fill,line,reader,reader-r1-16-b,batch-16.csv#535,G018-13
ready,profiles,P0662,Locator,p. 1: Recommended printing settings: Nozzle temperature,p. 1: Recommended printing settings: Nozzle temperature; p. 1: Heading; p. 1: Bed modification; p. 2: Specimen chamber temperature,D-RAISE3D-P-filament-721-Technical-Data-Sheet-eng-04-20-2021,Suggested 3D print settings (nozzle diameter 0.4mm),Locator names the rows now read.,agrees,gap-fill,line,reader,reader-r1-16-b,batch-16.csv#550,G082-09
ready,profiles,P1141,Locator,p. 1: Drying note; p. 2: Nozzle Temperature; p. 2: Bed Temperature,p. 1: Drying note; p. 2: Nozzle Temperature; p. 2: Bed Temperature; p. 2: Printing Platform; p. 2: Nozzle Diameter,S-PCGF-PA-TDS-Siddament,"- Printing Platform: Tempered Glass, PEI Board, Carbon Fiber Board",Locator names the rows now read.,agrees,gap-fill,line,reader,reader-r1-17,batch-17.csv#389,G049-07
ready,profiles,P1112,Locator,p. 1: Drying note; p. 2: Nozzle Temperature; p. 2: Bed Temperature,p. 1: Drying note; p. 2: Nozzle Temperature; p. 2: Bed Temperature; p. 2: Printing Platform; p. 2: Nozzle Diameter,S-PCGF-PLA-Carbon-Fiber-TDS-Siddament,"- Printing Platform: Tempered Glass, PEI Board, Carbon Fiber Board",Locator names the rows now read.,agrees,gap-fill,line,reader,reader-r1-17,batch-17.csv#411,G018-12
ready,profiles,P1106,Locator,p. 1: Drying note; p. 2: Nozzle Temperature; p. 2: Bed Temperature,p. 1: Drying note; p. 2: Nozzle Temperature; p. 2: Bed Temperature; p. 2: Printing Platform; p. 2: Nozzle Diameter,S-PCGF-PLA-Silk-TDS-Siddament,"- Printing Platform: Tempered Glass, PEI Board, Carbon Fiber Board",Locator names the rows now read.,agrees,gap-fill,line,reader,reader-r1-17,batch-17.csv#433,G008-14
ready,profiles,P0048,Locator,Recommended printing settings,Recommended printing settings; p. 1: Description,S-PCGF-TDS-1,strength under load. Hardened nozzle recommended.,Locator names the rows now read.,agrees,gap-fill,line,reader,reader-r1-17,batch-17.csv#445,G038-01
ready,profiles,P0976,Locator,p. 1: Recommended printing settings,p. 1: Recommended printing settings; p. 1: Nozzle size request,D-SIRAYA-flex-tpu-64d-filament-tds,Size request: 0.4mm and above,Locator names the rows now read.,agrees,gap-fill,line,single-product,reader-r1-17,batch-17.csv#492,G039-68
ready,profiles,P0977,Locator,"p. 1: Recommended printing settings; p. 1: Drying note; p. 1: Nozzle Temperature; p. 1: Build Plate Temperature; source-scope review2026-10-01: complete ownTDS product body and Recommended Printing Conditions, no nozzle-material/hardening or fibre-abrasion requirement stated","p. 1: Recommended printing settings; p. 1: Drying note; p. 1: Nozzle Temperature; p. 1: Build Plate Temperature; source-scope review2026-10-01: complete ownTDS product body and Recommended Printing Conditions, no nozzle-material/hardening or fibre-abrasion requirement stated; p. 1: Recommended Nozzle Diameter; p. 1: Recommended Build Surface",D-SIRAYA-siraya-tech-flex-tpu-air-tds,Recommended Nozzle Diameter  0.4mm−0.8mm  0.4mm standard nozzle works well.,Locator names the rows now read.,agrees,gap-fill,line,single-product,reader-r1-17,batch-17.csv#552,G039-69
ready,profiles,P0221,Locator,p. 1: Recommended printing settings; p. 1: Drying (if wet) ***; p. 1: Nozzle note,p. 1: Recommended printing settings; p. 1: Drying (if wet) ***; p. 1: Nozzle note; p. 1: settings footnote,S-SPECTRUM-en-tds-pa6-neat-nt,new,Locator names the rows now read.,agrees,gap-fill,line,reader,reader-r1-18,batch-18.csv#30,G049-04
ready,profiles,P0064,Locator,Recommended printing settings; p. 1: Drying (if wet) ***; p. 1: Nozzle note,Recommended printing settings; p. 1: Drying (if wet) ***; p. 1: Nozzle note; p. 1: settings footnote,S-SPECTRUM-en-tds-spectrum-pa6-neat-bk,new,Locator names the rows now read.,agrees,gap-fill,line,single-product,reader-r1-18,batch-18.csv#69,G049-01
ready,profiles,P0187,Locator,p. 1: Recommended printing settings,p. 1: Recommended printing settings; p. 1: settings footnote,S-SPECTRUM-en-tds-spectrum-abs-kevlar,"* settings are based on a 0,4 mm nozzle.",Locator names the rows now read.,agrees,gap-fill,line,reader,reader-r1-18,batch-18.csv#94,G106-01
ready,profiles,P0236,Locator,p. 1: Recommended printing settings,p. 1: Recommended printing settings; p. 1: settings footnote,S-SPECTRUM-en-tds-spectrum-asa-kevlar,new,Locator names the rows now read.,agrees,gap-fill,line,reader,reader-r1-18,batch-18.csv#121,G113-01
ready,profiles,P0207,Locator,p. 1: Recommended printing settings; p. 1: Nozzle note,p. 1: Recommended printing settings; p. 1: Nozzle note; p. 1: settings footnote,S-SPECTRUM-EN-TDS-Spectrum-ecoPET-9021,"* settings are based on a 0,4 mm nozzle.",Locator names the rows now read.,agrees,gap-fill,line,reader,reader-r1-18,batch-18.csv#147,G066-02
ready,profiles,P1182,Locator,p. 1: Recommended printing settings; p. 1: Nozzle note,p. 1: Recommended printing settings; p. 1: Nozzle note; p. 1: settings footnote,S-SPECTRUM-en-tds-spectrum-greeny-pro,new,Locator names the rows now read.,agrees,gap-fill,line,reader,reader-r1-18,batch-18.csv#171,G168-05
ready,profiles,P0889,Locator,p. 1: Recommended printing settings,p. 1: Recommended printing settings; p. 1: settings footnote,S-SPECTRUM-en-tds-spectrum-greenyht,new,Locator names the rows now read.,agrees,gap-fill,line,reader,reader-r1-18,batch-18.csv#192,G001-134
ready,profiles,P0184,Locator,p. 1: Recommended printing settings; p. 1: Drying (if wet) ***,p. 1: Recommended printing settings; p. 1: Drying (if wet) ***; p. 1: Recommended nozzle,S-SPECTRUM-en-tds-spectrum-pa6-cs20-frv0,new,Locator names the rows now read.,agrees,gap-fill,line,reader,reader-r1-18,batch-18.csv#218,G104-01
ready,profiles,P0200,Locator,p. 1: Recommended printing settings; p. 1: Drying (if wet) ***,p. 1: Recommended printing settings; p. 1: Drying (if wet) ***; p. 1: settings footnote,S-SPECTRUM-en-tds-spectrum-pa6-gk10,new,Locator names the rows now read.,agrees,gap-fill,line,reader,reader-r1-18,batch-18.csv#249,G108-01
ready,profiles,P0218,Locator,p. 1: Recommended printing settings; p. 1: Drying (if wet) ***; p. 1: Nozzle note,p. 1: Recommended printing settings; p. 1: Drying (if wet) ***; p. 1: Nozzle note; p. 1: settings footnote,S-SPECTRUM-en-tds-spectrum-pa6-low-warp,"* settings are based on a 0,4 mm nozzle.",Locator names the rows now read.,agrees,gap-fill,line,reader,reader-r1-18,batch-18.csv#280,G049-03
ready,profiles,P0111,Locator,Recommended printing settings; p. 1: Nozzle note,Recommended printing settings; p. 1: Nozzle note; p. 1: settings footnote,S-SPECTRUM-en-tds-spectrum-pctg,"* settings are based on a 0,4 mm nozzle.",Locator names the rows now read.,agrees,gap-fill,line,reader,reader-r1-18,batch-18.csv#305,G088-02
ready,profiles,P0209,Locator,p. 1: Recommended printing settings,p. 1: Recommended printing settings; p. 1: settings footnote,S-SPECTRUM-en-tds-spectrum-pctg-gf10,"* settings are based on a 0,4 mm nozzle.",Locator names the rows now read.,agrees,gap-fill,line,reader,reader-r1-18,batch-18.csv#326,G110-01
ready,profiles,P0208,Locator,p. 1: Recommended printing settings; p. 1: Nozzle note,p. 1: Recommended printing settings; p. 1: Nozzle note; p. 1: settings footnote,S-SPECTRUM-en-tds-spectrum-petg-ptfe,"* settings are based on a 0,4 mm nozzle.",Locator names the rows now read.,agrees,gap-fill,line,reader,reader-r1-18,batch-18.csv#350,G109-01
ready,profiles,P0233,Locator,p. 1: Recommended printing settings,p. 1: Recommended printing settings; p. 1: settings footnote,S-SPECTRUM-en-tds-spectrum-pla-carbon,"* settings are based on a 0,4 mm nozzle.",Locator names the rows now read.,agrees,gap-fill,line,reader,reader-r1-18,batch-18.csv#373,G018-03
ready,profiles,P0205,Locator,p. 1: Recommended printing settings; p. 1: Nozzle note,p. 1: Recommended printing settings; p. 1: Nozzle note; p. 1: settings footnote,S-SPECTRUM-en-tds-spectrum-pla-magic-silk,"* settings are based on a 0,4 mm nozzle.",Locator names the rows now read.,agrees,gap-fill,line,reader,reader-r1-18,batch-18.csv#397,G008-03
ready,profiles,P1220,Locator,"p. 1: Bed temperature, Closed chamber, Nozzle note","p. 1: Bed temperature, Closed chamber, Nozzle note; p. 1: settings footnote",S-SPECTRUM-en-tds-spectrum-pla-silk-93646a,"* settings are based on a 0,4 mm nozzle.",Locator names the rows now read.,agrees,gap-fill,line,reader,reader-r1-18,batch-18.csv#421,G008-21
ready,profiles,P0175,Locator,p. 1: Recommended printing settings; p. 1: Ruby or hardened nozzle; p. 1: chamber statement,p. 1: Recommended printing settings; p. 1: Ruby or hardened nozzle; p. 1: chamber statement; p. 1: Adhesive required; p. 1: settings footnote,S-SPECTRUM-en-tds-spectrum-pp,new,Locator names the rows now read.,agrees,gap-fill,line,reader,reader-r1-18,batch-18.csv#450,G082-03
ready,profiles,P1266,Locator,p. 1: Ruby or hardened nozzle,p. 1: Ruby or hardened nozzle; p. 1: Adhesive,S-SPECTRUM-en-tds-spectrum-pp-42aa71,Adhesive not necessary (3),Locator names the rows now read.,agrees,gap-fill,line,reader,reader-r1-18,batch-18.csv#474,G082-03
ready,profiles,P0186,Locator,p. 1: Recommended printing settings; p. 1: Drying (if wet) ***,p. 1: Recommended printing settings; p. 1: Drying (if wet) ***; p. 1: Adhesive; p. 1: settings footnote,S-SPECTRUM-en-tds-spectrum-asa-conductive,"Adhesive not necessary | (if you need increased adhesion or prevent warping: glue | stick, Dimafix, 3DLac, Magigoo)",Locator names the rows now read.,agrees,gap-fill,line,reader,reader-r1-18,batch-18.csv#503,G105-01
ready,profiles,P0227,Locator,p. 1: Recommended printing settings; p. 1: Drying (if wet) ***,p. 1: Recommended printing settings; p. 1: Drying (if wet) ***; p. 1: Adhesive; p. 1: settings footnote,S-SPECTRUM-en-tds-spectrum-pla-conductive,"Adhesive not necessary | (if you need increased adhesion or prevent warping: glue | stick, Dimafix, 3DLac, Magigoo)",Locator names the rows now read.,agrees,gap-fill,line,reader,reader-r1-18,batch-18.csv#534,G111-01
ready,profiles,P0228,Locator,p. 1: Recommended printing settings; p. 1: Nozzle note,p. 1: Recommended printing settings; p. 1: Nozzle note; p. 1: Adhesive required; p. 1: settings footnote,S-SPECTRUM-en-tds-spectrum-pc-ptfe,Adhesive required YES (Magigoo PC),Locator names the rows now read.,agrees,gap-fill,line,reader,reader-r1-18,batch-18.csv#573,G112-01
ready,profiles,P0369,Locator,p. 1: Recommended printing settings; p. 1: Drying (if wet) ***,p. 1: Recommended printing settings; p. 1: Drying (if wet) ***; p. 1: settings are based on a 0.5mm nozzle,S-SPECTRUM-en-tds-spectrum-sflex-carbon,* settings are based on a 0.5mm nozzle,Locator names the rows now read.,agrees,gap-fill,line,reader,reader-r1-19,batch-19.csv#25,G129-01
ready,profiles,P1163,Locator,p. 1: Recommended printing settings; p. 1: Nozzle note; p. 1: Nozzle temperature - standard speed,p. 1: Recommended printing settings; p. 1: Nozzle note; p. 1: Nozzle temperature - standard speed; p. 1: settings are based on a 0.4mm nozzle,S-SPECTRUM-en-tds-spectrum-thermatech-pa,* settings are based on a 0.4mm nozzle,Locator names the rows now read.,agrees,gap-fill,line,reader,reader-r1-19,batch-19.csv#49,G164-03
ready,profiles,P0222,Locator,p. 1: Recommended printing settings,"p. 1: Recommended printing settings; p. 1: Dry box recommended; p. 1: settings are based on a 0,4 mm nozzle",S-SPECTRUM-eng-tds-the-filament-pla-cf,Dry box recommended No,Locator names the rows now read.,agrees,gap-fill,line,reader,reader-r1-19,batch-19.csv#64,G018-02
ready,profiles,P1288,Locator,p. 1: Exact-product chamber guidance: does not require a heated chamber,p. 1: Exact-product chamber guidance: does not require a heated chamber; p. 1: Drybox recommended,S-SPECTRUM-PRINT-20260928-3741c527491c,Drybox recommended No,Locator names the rows now read.,agrees,gap-fill,line,reader,reader-r1-19,batch-19.csv#131,G105-01
ready,profiles,P1305,Locator,p. 1: Exact-product chamber guidance: It is recommended to print using a heated chamber.,p. 1: Exact-product chamber guidance: It is recommended to print using a heated chamber.; p. 1: Drybox recommended,S-SPECTRUM-PRINT-20260928-fd0f508a9a5c,Drybox recommended Yes,Locator names the rows now read.,agrees,gap-fill,line,reader,reader-r1-19,batch-19.csv#183,G112-01
ready,profiles,P1321,Locator,p. 1: How to use: nozzle215–265°C; bed60–80°C; enclosure not necessary; ruby/hardened nozzle recommended No; own description standard brass nozzles,p. 1: How to use: nozzle215–265°C; bed60–80°C; enclosure not necessary; ruby/hardened nozzle recommended No; own description standard brass nozzles; p. 1: Drybox recommended,R-COVERAGE-20261001-0b9610f07886,Drybox recommended No,Locator names the rows now read.,agrees,gap-fill,line,reader,reader-r1-19,batch-19.csv#264,G153-02
ready,profiles,P1323,Locator,p. 1: How to use: nozzle215–265°C; bed60–80°C; enclosure not necessary; ruby/hardened nozzle recommended No; own description standard brass nozzles,p. 1: How to use: nozzle215–265°C; bed60–80°C; enclosure not necessary; ruby/hardened nozzle recommended No; own description standard brass nozzles; p. 1: Drybox recommended; p. 1: Adhesive,R-COVERAGE-20261001-bc88189b518f,Drybox recommended | No,Locator names the rows now read.,agrees,gap-fill,line,reader,reader-r1-20,batch-20.csv#29,G153-01
ready,profiles,P1153,Locator,p. 2: Drying Temp.; p. 2: 喷嘴温度 Nozzle Temp.; p. 2: 平台温度 Plate Temp.,p. 2: Drying Temp.; p. 2: 喷嘴温度 Nozzle Temp.; p. 2: 平台温度 Plate Temp.; p. 2: 平台材料 Plate Material,R-SUNLU-25182761789529093884,平台材料 Plate Material | PEI 纹理板,Locator names the rows now read.,agrees,gap-fill,line,reader,reader-r1-21,batch-21.csv#41,G082-04
ready,profiles,P1224,Locator,"p. 2: Nozzle Temp., Plate Temp.","p. 2: Nozzle Temp., Plate Temp.; p. 2: Plate Material",R-SUNLU-5156fe91-c7a8-48bd-9d1a-e753bf9c53a1,Plate Material | Textured PEI Build Plate,Locator names the rows now read.,agrees,gap-fill,line,reader,reader-r1-21,batch-21.csv#149,G008-26
ready,profiles,P1225,Locator,"p. 2: Nozzle Temp., Plate Temp.","p. 2: Nozzle Temp., Plate Temp.; p. 2: Plate Material",R-SUNLU-5644650b-5633-42fb-b06a-6d1e125c9114,Plate Material | Textured PEI Build Plate,Locator names the rows now read.,agrees,gap-fill,line,reader,reader-r1-21,batch-21.csv#203,G008-27
ready,profiles,P1105,Locator,p. 2: Drying Temp.; p. 2: 喷嘴温度 Nozzle Temp.; p. 2: 平台温度 Plate Temp.,p. 2: Drying Temp.; p. 2: 喷嘴温度 Nozzle Temp.; p. 2: 平台温度 Plate Temp.; p. 2: 平台材料 Plate Material,R-SUNLU-56889371789540318047,平台材料 Plate Material | PEI 纹理板,Locator names the rows now read.,agrees,gap-fill,line,reader,reader-r1-21,batch-21.csv#265,G008-05
ready,profiles,P1223,Locator,"p. 2: Nozzle Temp., Plate Temp.","p. 2: Nozzle Temp., Plate Temp.; p. 2: Plate Material",R-SUNLU-63d55fe5-d33b-47f2-8930-520f193ade51,Plate Material | Textured PEI Build Plate,Locator names the rows now read.,agrees,gap-fill,line,reader,reader-r1-21,batch-21.csv#320,G008-25
ready,profiles,P1218,Locator,"p. 2: Nozzle Temp., Plate Temp.","p. 2: Nozzle Temp., Plate Temp.; p. 2: Plate Material",R-SUNLU-91c03fbc-a5c0-4711-b3ae-10d0efd19f27,Plate Material | Textured PEI Build Plate,Locator names the rows now read.,agrees,gap-fill,line,reader,reader-r1-21,batch-21.csv#430,G008-19
ready,profiles,P0792,Locator,p. 2: Recommended printing settings; p. 2: Nozzle Print Temp.; p. 2: Room Temp.,p. 2: Recommended printing settings; p. 2: Nozzle Print Temp.; p. 2: Room Temp.; p. 2: Print Platform Material,R-SUNLU-PLA-Carbon-Fiber,Print Platform Material | Soft Magnetic Sheet,Locator names the rows now read.,agrees,gap-fill,line,reader,reader-r1-22,batch-22.csv#90,G018-08
ready,profiles,P1335,Locator,"p. 2: Recommended Printing Parameters: Zonal Temperature, 100-200mm/s","p. 2: Recommended Printing Parameters: Zonal Temperature, 100-200mm/s; p. 2: Print Platform Material",R-SUNLU-PLA-Carbon-Fiber,Print Platform Material | Soft Magnetic Sheet,Locator names the rows now read.,agrees,gap-fill,line,reader,reader-r1-22,batch-22.csv#90,G018-08
ready,profiles,P0793,Locator,p. 2: Recommended printing settings; p. 2: Nozzle Print Temp.; p. 2: Print Platform Temp.,p. 2: Recommended printing settings; p. 2: Nozzle Print Temp.; p. 2: Print Platform Temp.; p. 1: Points for attention,R-SUNLU-PP-TDS-7b4ac3a3-751e-42d8-9b0b-bff0d1fc0a3b,Use PP base plate or apply PP glue.,Locator names the rows now read.,agrees,gap-fill,line,reader,reader-r1-22,batch-22.csv#103,G082-05
ready,profiles,P0804,Locator,p. 2: Recommended printing settings; p. 2: Nozzle Print Temp.; p. 2: Print Platform Temp.; p. 2: Room Temp.,p. 2: Recommended printing settings; p. 2: Nozzle Print Temp.; p. 2: Print Platform Temp.; p. 2: Room Temp.; p. 2: Print Platform Material,R-SUNLU-SILK-PLA,Print Platform Material | Soft Magnetic Sheet,Locator names the rows now read.,agrees,gap-fill,line,reader,reader-r1-22,batch-22.csv#231,G008-15
ready,profiles,P1339,Locator,"p. 2: Recommended Printing Parameters: Zonal Temperature, 100-200mm/s","p. 2: Recommended Printing Parameters: Zonal Temperature, 100-200mm/s; p. 2: Print Platform Material",R-SUNLU-SILK-PLA,Print Platform Material | Soft Magnetic Sheet,Locator names the rows now read.,agrees,gap-fill,line,reader,reader-r1-22,batch-22.csv#231,G008-15
ready,profiles,P0802,Locator,p. 2: Recommended printing settings; p. 2: Nozzle Print Temp.,p. 2: Recommended printing settings; p. 2: Nozzle Print Temp.; p. 2: Print Platform Material,R-SUNLU-Silk-PLA-Four-Color-TDS-fc0f1921-f20b-4dee-8742-08d11bddaea8,Print Platform Material | Normal,Locator names the rows now read.,agrees,gap-fill,line,reader,reader-r1-22,batch-22.csv#279,G008-04
ready,profiles,P0709,Locator,p. 1: Recommended printing settings,p. 1: Recommended printing settings; p. 2: Bed Material,R-3D-FUEL-TDS-3DFuel-Workday-ABS,"Bed Material: PEI, Buildtak, or bare glass + hair spray",Locator names the rows now read.,agrees,gap-fill,line,reader,reader-r1-23,batch-23.csv#127,G027-29
ready,profiles,P0707,Locator,p. 2: Recommended printing settings,p. 2: Recommended printing settings; p. 2: General: nozzle material; p. 2: Dehumidifying dryer,R-3D4MAKERS-LUVOCOM-3F-PAHT-CF-9742-BK-EN-TDS,nozzle material: abbrasion resistant,Locator names the rows now read.,agrees,gap-fill,line,reader,reader-r1-23,batch-23.csv#228,G048-03
ready,profiles,P0695,Locator,p. 2: Recommended printing settings,p. 2: Recommended printing settings; p. 2: Bed Adhesion,R-3D4MAKERS-TDS-ABS-Filament,"Bed Adhesion PEI sheet, Buildtak, Adhesion spray, ABS juice",Locator names the rows now read.,agrees,gap-fill,line,reader,reader-r1-23,batch-23.csv#284,G027-28
ready,profiles,P0666,Locator,p. 2: Recommended printing settings,p. 2: Recommended printing settings; p. 2: Bed Adhesion,R-3D4MAKERS-TDS-ASA-Filament,"Bed Adhesion PEI Sheet, Buildtak, Adhesion Spray",Locator names the rows now read.,agrees,gap-fill,line,reader,reader-r1-23,batch-23.csv#306,G031-19
ready,profiles,P1007,Locator,p. 1: Recommended printing settings: NozzleTemperature,p. 1: Recommended printing settings: NozzleTemperature; p. 1: Bed Adhesion,R-3D4MAKERS-TDS-Facilan-C8-Filament-v1-4,Bed Adhesion PEI Sheet / Glass,Locator names the rows now read.,agrees,gap-fill,line,reader,reader-r1-23,batch-23.csv#323,G001-177
ready,profiles,P0667,Locator,p. 2: Recommended printing settings,p. 2: Recommended printing settings; p. 2: Bed Adhesion,R-3D4MAKERS-TDS-PETG-Filament,"Bed Adhesion PEI Sheet, Buildtak, Adhesion spray",Locator names the rows now read.,agrees,gap-fill,line,reader,reader-r1-23,batch-23.csv#375,G020-34
ready,profiles,P0697,Locator,p. 2: Recommended printing settings,p. 2: Recommended printing settings; p. 2: Bed Adhesion,R-3D4MAKERS-TDS-PLA-Filament,"Bed Adhesion Glass bed, Blue painters tape, Adhesion spray & more",Locator names the rows now read.,agrees,gap-fill,line,reader,reader-r1-23,batch-23.csv#397,G001-95
ready,profiles,P0584,Locator,p. 1: Recommended printing settings; p. 1: Drying Instruction,p. 1: Recommended printing settings; p. 1: Drying Instruction; p. 1: Bed Adhesion,R-3D4MAKERS-TDS-PLLA-Filament,"Bed Adhesion PEI Sheet, carbon fiber plate or glass plate + Magigoo original",Locator names the rows now read.,agrees,gap-fill,line,reader,reader-r1-23,batch-23.csv#416,G001-73
ready,profiles,P0669,Locator,p. 2: Recommended printing settings,p. 2: Recommended printing settings; p. 2: nozzle material; p. 2: Dehumidifying dryer,R-3D4MAKERS-TDS-pps-cf-9938-bk-filament-en-iso,nozzle material: abbrasion resistant,Locator names the rows now read.,agrees,gap-fill,line,reader,reader-r1-23-b,batch-23.csv#439,G073-05
ready,profiles,P0832,Locator,p. 2: Recommended printing settings; p. 2: Nozzle Temperature; p. 2: Bed Temperature,p. 2: Recommended printing settings; p. 2: Nozzle Temperature; p. 2: Bed Temperature; p. 2: Recommended Printing Parameters,R-3DJAKE-3DJAKE-ANYCUBIC-TDS-ABS-V3-0,"*Based on a 0.4mm nozzle, printing conditions may vary with different nozzle diameters",Locator names the rows now read.,agrees,gap-fill,line,reader,reader-r1-24,batch-24.csv#267,G027-36
ready,profiles,P0864,Locator,p. 2: Recommended printing settings; p. 2: Nozzle Temperature; p. 2: Bed Temperature,p. 2: Recommended printing settings; p. 2: Nozzle Temperature; p. 2: Bed Temperature; p. 2: Recommended Printing Parameters,R-3DJAKE-3DJAKE-ANYCUBIC-TDS-ASA-V3-0,"*Based on a 0.4mm nozzle, printing conditions may vary with different nozzle diameters",Locator names the rows now read.,agrees,gap-fill,line,reader,reader-r1-24,batch-24.csv#307,G031-30
ready,profiles,P0823,Locator,p. 2: Recommended printing settings; p. 2: Dry Environment; p. 2: Nozzle Temperature; p. 2: Bed Temperature,p. 2: Recommended printing settings; p. 2: Dry Environment; p. 2: Nozzle Temperature; p. 2: Bed Temperature; p. 2: Recommended Printing Parameters,R-3DJAKE-3DJAKE-ANYCUBIC-TDS-PETG-V3-0,"*Based on a 0.4mm nozzle, printing conditions may vary with different nozzle diameters",Locator names the rows now read.,agrees,gap-fill,line,reader,reader-r1-24,batch-24.csv#347,G020-48
ready,profiles,P0880,Locator,p. 1: Recommended printing settings; p. 2: Dry Environment; p. 2: Nozzle Temperature; p. 2: Bed Temperature,p. 1: Recommended printing settings; p. 2: Dry Environment; p. 2: Nozzle Temperature; p. 2: Bed Temperature; p. 2: Recommended Printing Parameters,R-3DJAKE-3DJAKE-ANYCUBIC-TDS-PLA-HS-V3-0,"*Based on a 0.4mm nozzle, printing conditions may vary with different nozzle diameters",Locator names the rows now read.,agrees,gap-fill,line,reader,reader-r1-24,batch-24.csv#388,G001-132
ready,profiles,P0866,Locator,p. 2: Recommended printing settings; p. 2: Dry Environment; p. 2: Nozzle Temperature; p. 2: Bed Temperature,p. 2: Recommended printing settings; p. 2: Dry Environment; p. 2: Nozzle Temperature; p. 2: Bed Temperature; p. 2: Recommended Printing Parameters,R-3DJAKE-3DJAKE-ANYCUBIC-TDS-PLA-Metal-V3-0,"*Based on a 0.4mm nozzle, printing conditions may vary with different nozzle diameters",Locator names the rows now read.,agrees,gap-fill,line,reader,reader-r1-24,batch-24.csv#430,G011-06
ready,profiles,P0863,Locator,p. 2: Recommended printing settings; p. 2: Dry Environment,p. 2: Recommended printing settings; p. 2: Dry Environment; p. 2: Recommended Printing Parameters,R-3DJAKE-3DJAKE-ANYCUBIC-TDS-PLA-V3-0,"*Based on a 0.4mm nozzle, printing conditions may vary with different nozzle diameters",Locator names the rows now read.,agrees,gap-fill,line,reader,reader-r1-24-b,batch-24.csv#470,G001-199
ready,profiles,P0840,Locator,p. 2: Recommended printing settings; p. 2: Dry Environment; p. 2: Nozzle Temperature; p. 2: Bed Temperature,p. 2: Recommended printing settings; p. 2: Dry Environment; p. 2: Nozzle Temperature; p. 2: Bed Temperature; p. 2: Recommended Printing Parameters,R-3DJAKE-3DJAKE-ANYCUBIC-TDS-TPU-V3-0,"*Based on a 0.4mm nozzle, printing conditions may vary with different nozzle diameters",Locator names the rows now read.,agrees,gap-fill,line,reader,reader-r1-24-b,batch-24.csv#510,G039-55
ready,profiles,P0868,Locator,"p. 1: Recommended printing settings: Nozzle temperature, Heated bed","p. 1: Recommended printing settings: Nozzle temperature, Heated bed; p. 1: Printing Recommendations",R-3DJAKE-3DJAKE-ASA-TDS-1,"Build platform: Kapton tape, Glass bed, FlashForge original bed",Locator names the rows now read.,agrees,gap-fill,line,reader,reader-r1-24-b,batch-24.csv#546,G031-31
ready,profiles,P0855,Locator,p. 1: Recommended printing settings,p. 1: Recommended printing settings; p. 1: Adhesive; p. 1: settings are based on a 0.4 mm nozzle,R-3DJAKE-3DJAKE-EN-TDS-The-Filament-TPU-82A,"Adhesive | not necessary (if you need increased adhesion or prevent warping: glue stick, Dimafix, 3DLac, Magigoo)",Locator names the rows now read.,agrees,gap-fill,line,reader,reader-r1-25,batch-25.csv#15,G039-56
ready,profiles,P0838,Locator,p. 1: Recommended printing settings,p. 1: Recommended printing settings; p. 1: Adhesive; p. 1: settings are based on a 0.4 mm nozzle,R-3DJAKE-3DJAKE-EN-TDS-The-Filament-TPU-87A,"Adhesive | not necessary (if you need increased adhesion or prevent warping: glue stick, Dimafix, 3DLac, Magigoo)",Locator names the rows now read.,agrees,gap-fill,line,reader,reader-r1-25,batch-25.csv#34,G039-54
ready,profiles,P0833,Locator,p. 1: Recommended printing settings,p. 1: Recommended printing settings; p. 1: Adhesive; p. 1: settings are based on a 0.4 mm nozzle,R-3DJAKE-3DJAKE-EN-TDS-The-Filament-TPU-95A,"Adhesive | not necessary (if you need increased adhesion or prevent warping: glue stick, Dimafix, 3DLac, Magigoo)",Locator names the rows now read.,agrees,gap-fill,line,reader,reader-r1-25,batch-25.csv#53,G039-53
ready,profiles,P0871,Locator,p. 1: Recommended printing settings: Nozzle temperature,p. 1: Recommended printing settings: Nozzle temperature; p. 1: Build platform,R-3DJAKE-3DJAKE-PETG-TDS-10-1,"Build platform: Blue tape, Kapton tape. Recommended: Glass bed + Dimafix spray",Locator names the rows now read.,agrees,gap-fill,line,reader,reader-r1-25,batch-25.csv#81,G020-54
ready,profiles,P1289,Locator,p. 1: Exact-product chamber guidance: Heated Chamber,p. 1: Exact-product chamber guidance: Heated Chamber; p. 1: Nozzle Specs,X-3DXTECH-PRINT-20260928-46680bcd53a9,Nozzle Specs Hardened Steel with .4mm diameter minimum,Locator names the rows now read.,agrees,gap-fill,line,reader,reader-r1-26,batch-26.csv#63,G029-01
ready,profiles,P1292,Locator,p. 1: Exact-product chamber guidance: Heated Chamber,p. 1: Exact-product chamber guidance: Heated Chamber; p. 1: Nozzle Specs,X-3DXTECH-PRINT-20260928-5a8d5a8251f9,Nozzle Specs 0.4mm diameter minimum,Locator names the rows now read.,agrees,gap-fill,line,reader,reader-r1-26,batch-26.csv#74,G053-01
ready,profiles,P1295,Locator,p. 1: Exact-product chamber guidance: Heated Chamber,p. 1: Exact-product chamber guidance: Heated Chamber; p. 1: Nozzle Specs,X-3DXTECH-PRINT-20260928-7b969da511c0,Nozzle Specs Hardened Steel with .4mm diameter minimum,Locator names the rows now read.,agrees,gap-fill,line,reader,reader-r1-26,batch-26.csv#86,G037-01
ready,profiles,P0914,Locator,"p. 1: Recommended printing settings: Nozzle temperature, Heated bed","p. 1: Recommended printing settings: Nozzle temperature, Heated bed; p. 1: Nozzle; p. 1: Build platform",R-3DJAKE-ABS-P-TDS-1,"Nozzle: 0,4 mm",Locator names the rows now read.,agrees,gap-fill,line,reader,reader-r1-27-b,batch-27.csv#256,G027-41
ready,profiles,P1275,Locator,p. 1: Description,p. 1: Description; p. 1: Bed temp.; p. 1: Bed surface,R-3DJAKE-EN-TDS-LumberLay-pptx,we recommend using at least a 0.6 mm abrasion-resistant nozzle,Locator names the rows now read.,agrees,gap-fill,line,reader,reader-r1-28-b,batch-28.csv#5,G014-17
ready,profiles,P0920,Locator,"p. 1: Recommended printing settings: Nozzle temperature, Heated bed","p. 1: Recommended printing settings: Nozzle temperature, Heated bed; p. 1: Build platform",R-3DJAKE-PLA-TDS,"Build platform: Blue tape, Kapton tape, Glass bed",Locator names the rows now read.,agrees,gap-fill,line,reader,reader-r1-28-b,batch-28.csv#52,G001-153
ready,profiles,P1101,Locator,"p. 1: Bed Temperature, Chamber Temperature, Drying Settings before Printing, Nozzle Temperature","p. 1: Bed Temperature, Chamber Temperature, Drying Settings before Printing, Nozzle Temperature; p. 1: Build Plate Type; p. 1: Drying Settings before Printing",B-PC-uVYGQd,Build Plate Type Textured PEI Plate / Smooth PEI Plate/Cool Plate Supertack,Locator names the rows now read.,agrees,gap-fill,line,reader,reader-r1-28-b,batch-28.csv#330,G001-183
ready,profiles,P0747,Locator,p. 4: Recommended printing settings; p. 4: Drying recommendations,p. 4: Recommended printing settings; p. 4: Drying recommendations; p. 4: Bed Material,R-BASF-ExtendedTDS-Ultrafuse-ASA-V2-1,Bed Material | Glass/PEI + PC adhesive,Locator names the rows now read.,agrees,gap-fill,line,reader,reader-r1-29-b,batch-29.csv#211,G031-23
ready,profiles,P0732,Locator,p. 3: Recommended printing settings; p. 4: Drying recommendations,p. 3: Recommended printing settings; p. 4: Drying recommendations; p. 3: Bed Material,R-BASF-ExtendedTDS-Ultrafuse-PAHT-CF15-V1-5,Bed Material | PEI or Glass,Locator names the rows now read.,agrees,gap-fill,line,reader,reader-r1-29-b,batch-29.csv#296,G048-02
ready,profiles,P0741,Locator,p. 3: Recommended printing settings,p. 3: Recommended printing settings; p. 3: Bed Material,R-BASF-ExtendedTDS-Ultrafuse-PET-CF15-V1-4,"Bed Material | Glass, PEI",Locator names the rows now read.,agrees,gap-fill,line,reader,reader-r1-29-b,batch-29.csv#426,G067-06
ready,profiles,P0987,Locator,p. 2: Recommended printing settings; p. 2: Drying recommendations; p. 2: Build Chamber Temperature,p. 2: Recommended printing settings; p. 2: Drying recommendations; p. 2: Build Chamber Temperature; p. 2: Bed Material,R-BASF-Ultrafuse-HiPS-TDS-EN-v2-2,Bed Material | Spray,Locator names the rows now read.,agrees,gap-fill,line,reader,reader-r1-29-b,batch-29.csv#488,G081-09
ready,profiles,P0560,Locator,p. 1: Recommended printing settings: Nozzle Size (Material),p. 1: Recommended printing settings: Nozzle Size (Material); p. 1: Recommended Bed Temperature / Substrate; p. 1: Alternate Bed Temperature / Substrate,R-BRASKEM-Braskem-3D-Printing-Data-Sheet-FL900PP-CF,Recommended Bed Temperature / Substrate ℃ / Type 80 / PP bed adhesion solution stick (water soluble),Locator names the rows now read.,agrees,gap-fill,line,reader,reader-r1-30,batch-30.csv#289,G083-02
ready,profiles,P0896,Locator,p. 2: Recommended printing settings,p. 2: Recommended printing settings; p. 2: Bed / surface modification,R-COLORFABB-TDS-E-ColorFabb-BronzeFill,"Bed / surface modification - Glass Plate, Glue Stick",Locator names the rows now read.,agrees,gap-fill,line,reader,reader-r1-31,batch-31.csv#306,G001-136
ready,profiles,P0516,Locator,p. 2: Recommended printing settings: Nozzle Temp,p. 2: Recommended printing settings: Nozzle Temp; p. 2: Bed / surface modification,R-COLORFABB-TDS-E-ColorFabb-Color-on-Demand,Bed / surface modification - Tape or Glue,Locator names the rows now read.,agrees,gap-fill,line,reader,reader-r1-31,batch-31.csv#341,G001-60
ready,profiles,P0997,Locator,p. 2: Recommended printing settings,p. 2: Recommended printing settings; p. 2: Bed / surface modification,R-COLORFABB-TDS-E-ColorFabb-CopperFill,"Bed / surface modification - Glass plate, glue stick, tape",Locator names the rows now read.,agrees,gap-fill,line,reader,reader-r1-31,batch-31.csv#375,G001-156
ready,profiles,P0503,Locator,p. 2: Recommended printing settings: Nozzle Temp,p. 2: Recommended printing settings: Nozzle Temp; p. 2: Bed / surface modification,R-COLORFABB-TDS-E-ColorFabb-Economy-PLA,Bed / surface modification - Tape or Glue,Locator names the rows now read.,agrees,gap-fill,line,reader,reader-r1-31,batch-31.csv#410,G001-59
ready,profiles,P0502,Locator,p. 1: Recommended printing settings,p. 1: Recommended printing settings; p. 1: Layerheight (for 0.4mm nozzle),R-COLORFABB-TDS-E-ColorFabb-PLA-HP-5210c3,Layerheight 0.2 mm (for 0.4mm nozzle),Locator names the rows now read.,agrees,gap-fill,line,reader,reader-r1-31,batch-31.csv#714,G001-58
ready,profiles,P0510,Locator,p. 2: Recommended printing settings,p. 2: Recommended printing settings; p. 2: Bed / surface modification,R-COLORFABB-TDS-E-ColorFabb-PLA-HP-7a500b,"Bed / surface modification - Glue stick, tape",Locator names the rows now read.,agrees,gap-fill,line,reader,reader-r1-32-b,batch-32.csv#21,G001-58
ready,profiles,P0517,Locator,p. 2: Recommended printing settings,p. 2: Recommended printing settings; p. 2: Bed / surface modification,R-COLORFABB-TDS-E-colorFabb-PLA-Regrind,"Bed / surface modification - Tape, Glue Stick",Locator names the rows now read.,agrees,gap-fill,line,reader,reader-r1-32-b,batch-32.csv#58,G001-61
ready,profiles,P1204,Locator,"p. 2: Nozzle temperature, Bed temperature","p. 2: Nozzle temperature, Bed temperature; p. 2: Bed surface / modification",R-COLORFABB-TDS-E-colorFabb-PLA-Vertigo,Bed surface / modification Tape or glue,Locator names the rows now read.,agrees,gap-fill,line,reader,reader-r1-32-b,batch-32.csv#93,G001-149
ready,profiles,P0895,Locator,p. 2: Recommended printing settings; p. 2: Nozzle note,p. 2: Recommended printing settings; p. 2: Nozzle note; p. 2: Bed / surface modification,R-COLORFABB-TDS-E-ColorFabb-SteelFill,"Bed / surface modification - Glass Plate, Glue Stick, Tape",Locator names the rows now read.,agrees,gap-fill,line,reader,reader-r1-32-b,batch-32.csv#125,G001-137
ready,profiles,P0451,Locator,p. 1: Recommended printing settings; p. 1: Drying conditions; p. 1: Sealed printing,p. 1: Recommended printing settings; p. 1: Drying conditions; p. 1: Sealed printing; p. 1: Bed material,R-ERYONE-eryone-glow-in-the-dark-pla-tds,"Bed material glass, PEI, spring steel plate",Locator names the rows now read.,agrees,gap-fill,line,reader,reader-r1-32-b,batch-32.csv#472,G016-02
ready,profiles,P0447,Locator,p. 1: Recommended printing settings; p. 1: Sealed printing,p. 1: Recommended printing settings; p. 1: Sealed printing; p. 1: Bed material,R-ERYONE-eryone-petg-tds,"Bed material glass, PEI, spring steel plate",Locator names the rows now read.,agrees,gap-fill,line,reader,reader-r1-32-b,batch-32.csv#497,G020-21
ready,profiles,P0429,Locator,p. 1: Recommended printing settings; p. 1: Drying conditions; p. 1: Sealed printing,p. 1: Recommended printing settings; p. 1: Drying conditions; p. 1: Sealed printing; p. 1: Bed material,R-ERYONE-eryone-pla-light-weight-tds,"Bed material glass, PEI, spring steel plate",Locator names the rows now read.,agrees,gap-fill,line,reader,reader-r1-32-b,batch-32.csv#524,G017-06
ready,profiles,P1210,Locator,"p. 1: Nozzle temperature, Bed temperature, Sealed printing; p. 1: Drying conditions","p. 1: Nozzle temperature, Bed temperature, Sealed printing; p. 1: Drying conditions; p. 1: Bed material",R-ERYONE-eryone-standard-pla-tds,"Bed material glass, PEI, spring steel plate",Locator names the rows now read.,agrees,gap-fill,line,reader,reader-r1-32-b,batch-32.csv#549,G001-191
ready,profiles,P1254,Locator,"p. 1: Nozzle temperature, Bed temperature, Sealed printing","p. 1: Nozzle temperature, Bed temperature, Sealed printing; p. 1: Bed material",R-ERYONE-eryone-standard-tpu-tds,"Bed material | glass, PEI, spring steel plate",Locator names the rows now read.,agrees,gap-fill,line,reader,reader-r1-33,batch-33.csv#6,G039-61
ready,profiles,P0437,Locator,p. 1: Recommended printing settings; p. 1: Sealed printing,p. 1: Recommended printing settings; p. 1: Sealed printing; p. 1: Bed material,R-ERYONE-eryone-tpu-90a-tds,"Bed material | glass, PEI, spring steel plate",Locator names the rows now read.,agrees,gap-fill,line,reader,reader-r1-33,batch-33.csv#29,G039-20
ready,profiles,P0442,Locator,p. 1: Recommended printing settings; p. 1: Sealed printing,p. 1: Recommended printing settings; p. 1: Sealed printing; p. 1: Bed material,R-ERYONE-eryone-tpu-hs-tds,"Bed material | glass, PEI, spring steel plate",Locator names the rows now read.,agrees,gap-fill,line,reader,reader-r1-33,batch-33.csv#53,G039-21
ready,profiles,P1230,Locator,"p. 1: Nozzle temperature, Bed temperature, Sealed printing; p. 1: Drying conditions","p. 1: Nozzle temperature, Bed temperature, Sealed printing; p. 1: Drying conditions; p. 1: Bed material",R-ERYONE-eryone-wood-pla-tds,"Bed material | glass, PEI, spring steel plate",Locator names the rows now read.,agrees,gap-fill,line,reader,reader-r1-33,batch-33.csv#81,G014-19
ready,profiles,P0430,Locator,p. 1: Recommended printing settings; p. 1: Drying conditions; p. 1: Sealed printing,p. 1: Recommended printing settings; p. 1: Drying conditions; p. 1: Sealed printing; p. 1: Bed material,R-ERYONE-file-manager-downLoad-path-file-manage-3828-20250903-eryone--1d9fed,"Bed material | glass, PEI, spring steel plate",Locator names the rows now read.,agrees,gap-fill,line,reader,reader-r1-33,batch-33.csv#108,G031-09
ready,profiles,P0431,Locator,p. 1: Recommended printing settings; p. 1: Sealed printing,p. 1: Recommended printing settings; p. 1: Sealed printing; p. 1: Bed material,R-ERYONE-file-manager-downLoad-path-file-manage-3828-20250903-eryone--25961c,"Bed material | glass, PEI, spring steel plate",Locator names the rows now read.,agrees,gap-fill,line,reader,reader-r1-33,batch-33.csv#137,G053-06
ready,profiles,P0434,Locator,p. 1: Recommended printing settings; p. 1: Sealed printing,p. 1: Recommended printing settings; p. 1: Sealed printing; p. 1: Bed material,R-ERYONE-file-manager-downLoad-path-file-manage-3828-20250903-eryone--41b571,"Bed material | glass, PEI, spring steel plate",Locator names the rows now read.,agrees,gap-fill,line,reader,reader-r1-33,batch-33.csv#164,G033-06
ready,profiles,P0438,Locator,p. 1: Recommended printing settings; p. 1: Sealed printing,p. 1: Recommended printing settings; p. 1: Sealed printing; p. 1: Bed material,R-ERYONE-file-manager-downLoad-path-file-manage-3828-20250903-eryone--6b5ac4,"Bed material | glass, PEI, spring steel plate",Locator names the rows now read.,agrees,gap-fill,line,reader,reader-r1-33,batch-33.csv#193,G029-04
ready,profiles,P0441,Locator,p. 1: Recommended printing settings; p. 1: Drying conditions; p. 1: Sealed printing,p. 1: Recommended printing settings; p. 1: Drying conditions; p. 1: Sealed printing; p. 1: Bed material,R-ERYONE-file-manager-downLoad-path-file-manage-3828-20250903-eryone--881af5,"Bed material | glass, PEI, spring steel plate",Locator names the rows now read.,agrees,gap-fill,line,reader,reader-r1-33,batch-33.csv#218,G025-02
ready,profiles,P0443,Locator,p. 1: Recommended printing settings; p. 1: Sealed printing,p. 1: Recommended printing settings; p. 1: Sealed printing; p. 1: Bed material,R-ERYONE-file-manager-downLoad-path-file-manage-3828-20250903-eryone--92f474,"Bed material | glass, PEI, spring steel plate",Locator names the rows now read.,agrees,gap-fill,line,reader,reader-r1-33,batch-33.csv#246,G034-06
ready,profiles,P0445,Locator,p. 1: Recommended printing settings; p. 1: Sealed printing,p. 1: Recommended printing settings; p. 1: Sealed printing; p. 1: Bed material,R-ERYONE-file-manager-downLoad-path-file-manage-3828-20250903-eryone--9a96a3,"Bed material glass, PEI, spring steel plate",Locator names the rows now read.,agrees,gap-fill,line,reader,reader-r1-33,batch-33.csv#274,G031-10
ready,profiles,P0455,Locator,p. 1: Recommended printing settings; p. 1: Sealed printing,p. 1: Recommended printing settings; p. 1: Sealed printing; p. 1: Bed material,R-ERYONE-file-manager-downLoad-path-file-manage-3828-20250903-eryone--fbbd78,"Bed material glass, PEI, spring steel plate",Locator names the rows now read.,agrees,gap-fill,line,reader,reader-r1-34,batch-34.csv#6,G027-15
ready,profiles,P0654,Locator,p. 1: Recommended printing settings: Nozzle Temperature,p. 1: Recommended printing settings: Nozzle Temperature; p. 1: Bed Material,R-ESSENTIUM-TDS-Essentium-TPU-80A-Z,Bed Material Glass,Locator names the rows now read.,agrees,gap-fill,line,reader,reader-r1-34,batch-34.csv#117,G039-38
ready,profiles,P1298,Locator,p. 1: Exact-product chamber guidance: enclosed-chamber printing,p. 1: Exact-product chamber guidance: enclosed-chamber printing; p. 1: Printing Recommendation,S-ESUN-PRINT-20260928-84a9e8286c29,Printing Recommendation | Dry at70℃/>8h，0.4，0.6hardened steel nozzle enclosed-chamber printing,Locator names the rows now read.,agrees,gap-fill,line,reader,reader-r1-34,batch-34.csv#266,G029-06
ready,profiles,P0651,Locator,"p. 2: Recommended printing settings: Extruder Temperature, Build Platform Temperature","p. 2: Recommended printing settings: Extruder Temperature, Build Platform Temperature; p. 2: Based on 0.4 mm nozzle",S-PEBA-59754c44,Based on 0.4 mm nozzle and Simplify 3D v.4.1.2. Printing conditions may vary with different nozzle diameters,Locator names the rows now read.,agrees,gap-fill,line,reader,reader-r1-34,batch-34.csv#315,G001-89
ready,profiles,P0607,Locator,"p. 2: Recommended printing settings: Extruder Temperature, Build Platform Temperature","p. 2: Recommended printing settings: Extruder Temperature, Build Platform Temperature; p. 2: Based on 0.4 mm nozzle",S-PEBA-a2d5f9c0,Based on 0.4 mm nozzle and Simplify 3D v.4.1.2. Printing conditions may vary with different nozzle diameters,Locator names the rows now read.,agrees,gap-fill,line,reader,reader-r1-34,batch-34.csv#345,G001-81
ready,profiles,P0753,Locator,p. 2: Recommended printing settings: Extruder Temperature,p. 2: Recommended printing settings: Extruder Temperature; p. 2: Based on Bambu P1S 0.4 mm nozzle,S-PEBA-ABS-CF-TDS-V1-2024-07-02,Based on Bambu P1S 0.4 mm nozzle and Orcaslicer1.7.0 Beta. Printing conditions may vary with different,Locator names the rows now read.,agrees,gap-fill,line,reader,reader-r1-34,batch-34.csv#375,G029-06
ready,profiles,P0678,Locator,p. 2: Recommended printing settings: Nozzle Temperature; p. 2: Drying Preparation,p. 2: Recommended printing settings: Nozzle Temperature; p. 2: Drying Preparation; p. 2: Build Platform Type,S-PEBA-ABS-ESD-TDS-EN,Build Platform Type PEI,Locator names the rows now read.,agrees,gap-fill,line,reader,reader-r1-34,batch-34.csv#416,G030-05
ready,profiles,P0581,Locator,p. 2: Recommended printing settings: Extruder Temperature,p. 2: Recommended printing settings: Extruder Temperature; p. 2: Based on Bambu P1S 0.4 mm nozzle,S-PEBA-ABS-GF-TDS-V1-2024-07-02,Based on Bambu P1S 0.4 mm nozzle and Orcaslicer1.7.0 Beta. Printing conditions may vary with different,Locator names the rows now read.,agrees,gap-fill,line,reader,reader-r1-34,batch-34.csv#448,G028-09
ready,profiles,P0641,Locator,"p. 2: Recommended printing settings: Extruder Temperature, Build Platform Temperature","p. 2: Recommended printing settings: Extruder Temperature, Build Platform Temperature; p. 2: Based on Bambu P1S 0.4 mm nozzle; p. 2: Build Platform Temperature",S-PEBA-ABS-HT-TDS-V1-2024-07-02,Based on Bambu P1S 0.4 mm nozzle and Orcaslicer1.7.0 Beta. Printing conditions may vary with different,Locator names the rows now read.,agrees,gap-fill,line,reader,reader-r1-34,batch-34.csv#480,G027-25
ready,profiles,P0660,Locator,"p. 3: Recommended printing settings: Build Platform Temperature, Nozzle Temperature; p. 3: Drying Preparation; p. 4: Printing note","p. 3: Recommended printing settings: Build Platform Temperature, Nozzle Temperature; p. 3: Drying Preparation; p. 4: Printing note; p. 3: Build Platform Type",S-PEBA-ABS-TDS-EN-docx,Build Platform Type PEI,Locator names the rows now read.,agrees,gap-fill,line,reader,reader-r1-34,batch-34.csv#522,G027-22
ready,profiles,P0588,Locator,p. 2: Recommended printing settings: Extruder Temperature,p. 2: Recommended printing settings: Extruder Temperature; p. 2: Based on Bambu P1S 0.4 mm nozzle; p. 2: Build Platform Temperature,S-PEBA-ASA-TDS-V1-1,Based on Bambu P1S 0.4 mm nozzle and Orcaslicer2.1.0 Beta. Printing conditions may vary with different,Locator names the rows now read.,agrees,gap-fill,line,reader,reader-r1-34,batch-34.csv#558,G031-17
ready,profiles,P0586,Locator,"p. 2: Recommended printing settings: Extruder Temperature, Build Platform Temperature","p. 2: Recommended printing settings: Extruder Temperature, Build Platform Temperature; p. 2: Based on 0.4 mm nozzle; p. 2: Build Platform Temperature",S-PEBA-eABS-HS-TDS,Based on 0.4 mm nozzle and Simplify 3D v.4.1.2. Printing conditions may vary with different nozzle diameters,Locator names the rows now read.,agrees,gap-fill,line,reader,reader-r1-34,batch-34.csv#589,G027-20
ready,profiles,P0665,Locator,p. 2: Recommended printing settings,p. 2: Recommended printing settings; p. 2: Based on 0.4 mm nozzle,S-PEBA-ePLA-HS,Based on 0.4 mm nozzle and Simplify 3D v.4.1.2. Printing conditions may vary with different nozzle diameters,Locator names the rows now read.,agrees,gap-fill,line,reader,reader-r1-34,batch-34.csv#619,G001-91
ready,profiles,P0627,Locator,p. 2: Recommended printing settings,p. 2: Recommended printing settings; p. 2: Based on 0.4 mm nozzle,S-PEBA-ePLA-HS-Filament-TDS,Based on 0.4 mm nozzle and Simplify 3D v.4.1.2. Printing conditions may vary with different nozzle diameters,Locator names the rows now read.,agrees,gap-fill,line,reader,reader-r1-34,batch-34.csv#649,G001-85
ready,profiles,P0704,Locator,p. 2: Recommended printing settings,p. 2: Recommended printing settings; p. 2: Based on 0.4 mm nozzle,S-PEBA-ePLA-Metal-TDS,Based on 0.4 mm nozzle and Simplify 3D v.4.1.2. Printing conditions may vary with different nozzle diameters,Locator names the rows now read.,agrees,gap-fill,line,reader,reader-r1-34,batch-34.csv#680,G011-05
ready,profiles,P0652,Locator,p. 2: Recommended printing settings: Nozzle Temperature; p. 2: Drying Preparation,p. 2: Recommended printing settings: Nozzle Temperature; p. 2: Drying Preparation; p. 2: Build Platform Type,S-PEBA-eSUN-PETG-Filament-TDS-1,Build Platform Type PEI,Locator names the rows now read.,agrees,gap-fill,line,reader,reader-r1-35,batch-35.csv#486,G020-32
ready,profiles,P0650,Locator,p. 2: Recommended printing settings; p. 2: Drying note,p. 2: Recommended printing settings; p. 2: Drying note; p. 2: Based on,S-PEBA-eSUN-TPU-95A-Filament-TDS-V4-0,Based on 0.4 mm nozzle and Simplify 3D v.4.1.2. Printing conditions may vary with different nozzle diameters,Locator names the rows now read.,agrees,gap-fill,line,reader,reader-r1-36-b,batch-36.csv#21,G039-37
ready,profiles,P1252,Locator,"p. 2: Extruder Temperature, Build Platform Temperature","p. 2: Extruder Temperature, Build Platform Temperature; p. 2: Based on",S-PEBA-eSUN-TPU-HS-Filament-TDS,Based on 0.4 mm nozzle and Simplify 3D v.4.1.2. Printing conditions may vary with different nozzle diameters,Locator names the rows now read.,agrees,gap-fill,line,reader,reader-r1-36-b,batch-36.csv#55,G039-58
ready,profiles,P0887,Locator,p. 2: Recommended printing settings,p. 2: Recommended printing settings; p. 2: Based on,S-PEBA-eSUN-Twinkling-Filament-TDS-V4-0,Based on 0.4 mm nozzle and Simplify 3D v.4.1.2. Printing conditions may vary with different nozzle diameters,Locator names the rows now read.,agrees,gap-fill,line,reader,reader-r1-36-b,batch-36.csv#89,G013-04
ready,profiles,P0884,Locator,p. 2: Recommended printing settings,p. 2: Recommended printing settings; p. 2: Based on,S-PEBA-eSUN-Wood-Filament-TDS-V4-0,Based on 0.4 mm nozzle and Simplify 3D v.4.1.2. Printing conditions may vary with different nozzle diameters,Locator names the rows now read.,agrees,gap-fill,line,reader,reader-r1-36-b,batch-36.csv#121,G014-12
ready,profiles,P0057,Locator,Recommended printing settings,Recommended printing settings; p. 2: Build Plate Material,S-PEBA-PEBA90A-TDS-en,Build Plate Material PEI,Locator names the rows now read.,agrees,gap-fill,line,reader,reader-r1-36-b,batch-36.csv#205,G045-01
ready,profiles,P0690,Locator,p. 2: Recommended printing settings: Extruder Temperature; p. 2: Drying Preparation,p. 2: Recommended printing settings: Extruder Temperature; p. 2: Drying Preparation; p. 2: Build Platform Type,S-PEBA-PETG-Basic-TDS,Build Platform Type PEI,Locator names the rows now read.,agrees,gap-fill,line,reader,reader-r1-36-b,batch-36.csv#255,G020-37
ready,profiles,P0755,Locator,p. 2: Recommended printing settings: Extruder Temperature,p. 2: Recommended printing settings: Extruder Temperature; p. 2: Based on,S-PEBA-PETG-CF-TDS-V1-2024-07-02,Based on Bambu P1S 0.4 mm nozzle and Orcaslicer1.7.0 Beta. Printing conditions may vary with different,Locator names the rows now read.,agrees,gap-fill,line,reader,reader-r1-36-b,batch-36.csv#290,G024-15
ready,profiles,P0680,Locator,p. 2: Recommended printing settings: Nozzle Temperature; p. 2: Drying Preparation,p. 2: Recommended printing settings: Nozzle Temperature; p. 2: Drying Preparation; p. 2: Build Platform Type,S-PEBA-PETG-ESD-TDS-EN,Build Platform Type PEI,Locator names the rows now read.,agrees,gap-fill,line,reader,reader-r1-36-b,batch-36.csv#333,G026-07
ready,profiles,P0701,Locator,p. 2: Recommended printing settings: Nozzle Temperature; p. 2: Drying Preparation,p. 2: Recommended printing settings: Nozzle Temperature; p. 2: Drying Preparation; p. 2: Build Platform Type,S-PEBA-PETG-Matte-TDS,Build Platform Type PEI,Locator names the rows now read.,agrees,gap-fill,line,reader,reader-r1-36-b,batch-36.csv#377,G020-38
ready,profiles,P0687,Locator,p. 3: Recommended printing settings: Nozzle Temperature; p. 3: Drying Preparation,p. 3: Recommended printing settings: Nozzle Temperature; p. 3: Drying Preparation; p. 3: Build Platform Type,S-PEBA-PETG-TDS-en,Build Platform Type PEI,Locator names the rows now read.,agrees,gap-fill,line,reader,reader-r1-36-b,batch-36.csv#419,G020-35
ready,profiles,P0693,Locator,p. 2: Recommended printing settings: Nozzle Temperature; p. 2: Drying Preparation,p. 2: Recommended printing settings: Nozzle Temperature; p. 2: Drying Preparation; p. 2: Build Platform Type,S-PEBA-PLA-Basic-TDS-EN,Build Platform Type PEI,Locator names the rows now read.,agrees,gap-fill,line,reader,reader-r1-36-b,batch-36.csv#462,G001-94
ready,profiles,P0616,Locator,p. 2: Recommended printing settings: Nozzle Temperature; p. 2: Drying Preparation,p. 2: Recommended printing settings: Nozzle Temperature; p. 2: Drying Preparation; p. 2: Build Platform Type,S-PEBA-PLA-Basic-TDS-EN-2026-6-5,Build Platform Type 纹理PEI打印板,Locator names the rows now read.,agrees,gap-fill,line,reader,reader-r1-36-b,batch-36.csv#504,G001-83
ready,profiles,P0708,Locator,"p. 2: Recommended printing settings: Extruder Temperature, Build Platform Temperature","p. 2: Recommended printing settings: Extruder Temperature, Build Platform Temperature; p. 2: Based on",S-PEBA-PLA-Basic-TDS-V1-2024-08-07,Based on Bambu P1S 0.4 mm nozzle and Orcaslicer2.1.0 Beta. Printing conditions may vary with different,Locator names the rows now read.,agrees,gap-fill,line,reader,reader-r1-36-b,batch-36.csv#538,G001-97
ready,profiles,P0629,Locator,p. 2: Recommended printing settings: Nozzle Temperature; p. 2: Drying Preparation,p. 2: Recommended printing settings: Nozzle Temperature; p. 2: Drying Preparation; p. 2: Build Platform Type,S-PEBA-PLA-Cast-TDS-EN-2025-8-27,Build Platform Type PEI,Locator names the rows now read.,agrees,gap-fill,line,reader,reader-r1-36-b,batch-36.csv#580,G001-86
ready,profiles,P0585,Locator,p. 2: Recommended printing settings,p. 2: Recommended printing settings; p. 2: Based on,S-PEBA-PLA-CMYK-TDS-2024-06-30,Based on Bambu P1S 0.4mm nozzle and Orcaslicer2.1.0 Beta. Printing conditions may vary with different,Locator names the rows now read.,agrees,gap-fill,line,reader,reader-r1-36-b,batch-36.csv#613,G001-74
ready,profiles,P0601,Locator,p. 2: Recommended printing settings: Nozzle Temperature; p. 2: Drying Preparation,p. 2: Recommended printing settings: Nozzle Temperature; p. 2: Drying Preparation; p. 2: Build Platform Type,S-PEBA-PLA-HF-TDS-2026-2-2,Build Platform Type 纹理PEI打印板,Locator names the rows now read.,agrees,gap-fill,line,reader,reader-r1-37,batch-37.csv#22,G001-80
ready,profiles,P0639,Locator,p. 2: Recommended printing settings: Nozzle Temperature; p. 2: Drying Preparation,p. 2: Recommended printing settings: Nozzle Temperature; p. 2: Drying Preparation; p. 2: Build Platform Type,S-PEBA-PLA-HS-TDS,Build Platform Type PEI,Locator names the rows now read.,agrees,gap-fill,line,reader,reader-r1-37,batch-37.csv#52,G001-88
ready,profiles,P0587,Locator,p. 2: Recommended printing settings; p. 1: Description,p. 2: Recommended printing settings; p. 1: Description; p. 2: Based on,S-PEBA-PLA-Matte-Dual-Filament-TDS-V4-0,Based on 0.4 mm nozzle and Simplify 3D v.4.1.2. Printing conditions may vary with different nozzle diameters,Locator names the rows now read.,agrees,gap-fill,line,reader,reader-r1-37,batch-37.csv#78,G001-75
ready,profiles,P0577,Locator,p. 2: Recommended printing settings: Nozzle Temperature; p. 2: Drying Preparation,p. 2: Recommended printing settings: Nozzle Temperature; p. 2: Drying Preparation; p. 2: Build Platform Type,S-PEBA-PLA-Matte-TDS-2025-06-19-1,Build Platform Type PEI,Locator names the rows now read.,agrees,gap-fill,line,reader,reader-r1-37,batch-37.csv#105,G001-71
ready,profiles,P0595,Locator,p. 2: Recommended printing settings: Nozzle Temperature; p. 2: Drying Preparation,p. 2: Recommended printing settings: Nozzle Temperature; p. 2: Drying Preparation; p. 2: Build Platform Type,S-PEBA-PLA-TDS-en,Build Platform Type 纹理PEI打印板,Locator names the rows now read.,agrees,gap-fill,line,reader,reader-r1-37,batch-37.csv#136,G001-78
ready,profiles,P0683,Locator,"p. 2: Recommended printing settings: Extruder Temperature, Build Platform Temperature","p. 2: Recommended printing settings: Extruder Temperature, Build Platform Temperature; p. 2: Based on",S-PEBA-PLA-UV-Color-Change-FilamentTDS,Based on 0.4 mm nozzle and Simplify 3D v.4.1.2. Printing conditions may vary with different nozzle diameters,Locator names the rows now read.,agrees,gap-fill,line,reader,reader-r1-37,batch-37.csv#162,G001-92
ready,profiles,P0378,Locator,p. 1: Recommended printing settings; p. 1: Hardened Nozzle,p. 1: Recommended printing settings; p. 1: Hardened Nozzle; p. 1: Recommended settings,R-EXTRUDR-durapro-asa-TDS-en,Recommended settings | 0.4mm Nozzle,Locator names the rows now read.,agrees,gap-fill,pieces,reader,reader-r1-37,batch-37.csv#432,G031-07
ready,profiles,P0395,Locator,p. 1: Recommended printing settings,p. 1: Recommended printing settings; p. 2: Note,R-EXTRUDR-durapro-pa12-cf-TDS-en,a nozzle diameter of at least 0.6 mm should be used to prevent clogging and ensure smooth extrusion,Locator names the rows now read.,agrees,gap-fill,line,reader,reader-r1-37,batch-37.csv#470,G053-04
ready,profiles,P0766,Locator,p. 2: Recommended printing settings,p. 2: Recommended printing settings; p. 2: Recommended settings,R-EXTRUDR-durapro-pa12-cf-TDS-en-11cea4,Recommended settings for printers with a 0.5 mm Nozzle. Max. 50% layerheight. Optimal print settings may vary between different printers and also depend on environmental factors.,Locator names the rows now read.,agrees,gap-fill,line,reader,reader-r1-37,batch-37.csv#507,G053-04
ready,profiles,P0394,Locator,p. 1: Recommended printing settings,p. 1: Recommended printing settings; p. 1: Note,R-EXTRUDR-durapro-pa6-cf-TDS-en,a nozzle diameter of at least 0.6 mm should be used to prevent clogging and ensure smooth extrusion,Locator names the rows now read.,agrees,gap-fill,line,reader,reader-r1-37,batch-37.csv#571,G050-05
ready,profiles,P0391,Locator,p. 1: Recommended printing settings,p. 1: Recommended printing settings; p. 1: Note,R-EXTRUDR-durapro-pa6-gf-TDS-en,a nozzle diameter of at least 0.6 mm should be used to prevent clogging and ensure smooth extrusion,Locator names the rows now read.,agrees,gap-fill,line,reader,reader-r1-37,batch-37.csv#600,G051-05
ready,profiles,P0389,Locator,p. 2: Recommended printing settings; p. 2: Hardened Nozzle,p. 2: Recommended printing settings; p. 2: Hardened Nozzle; p. 2: Recommended settings,R-EXTRUDR-durapro-pc-fr-v0-TDS-en,Recommended settings for printers with a 0.4 mm Nozzle. Max. 50% layerheight. Optimal print settings may vary between different printers and also depend on environmental factors.,Locator names the rows now read.,agrees,gap-fill,line,reader,reader-r1-37,batch-37.csv#650,G035-11
ready,profiles,P0384,Locator,p. 2: Recommended printing settings; p. 2: Hardened Nozzle,p. 2: Recommended printing settings; p. 2: Hardened Nozzle; p. 2: Recommended settings for printers with a 0.4mm Nozzle,R-EXTRUDR-durapro-pc-pbt-TDS-en,Recommended settings for printers with a 0.4mm Nozzle. Max. 50% layerheight.,Locator names the rows now read.,agrees,gap-fill,line,reader,reader-r1-38-b,batch-38.csv#50,G095-02
ready,profiles,P0377,Locator,p. 1: Recommended printing settings; p. 1: Hardened Nozzle,p. 1: Recommended printing settings; p. 1: Hardened Nozzle; p. 1: Recommended settings for printers with a 0.4mm Nozzle,R-EXTRUDR-flex-semisoft-TDS-en,Recommended settings for printers with a 0.4mm Nozzle.,Locator names the rows now read.,agrees,gap-fill,line,reader,reader-r1-38-b,batch-38.csv#118,G039-15
ready,profiles,P0809,Locator,p. 1: Recommended printing settings; p. 1: Hardened Nozzle,p. 1: Recommended printing settings; p. 1: Hardened Nozzle; p. 1: Recommended settings for printers with a 0.4mm Nozzle,R-EXTRUDR-flex-semisoft-TDS-en-f4e958,Recommended settings for printers with a 0.4mm Nozzle.,Locator names the rows now read.,agrees,gap-fill,line,reader,reader-r1-38-b,batch-38.csv#150,G039-15
ready,profiles,P0992,Locator,p. 1: Recommended printing settings; p. 1: Hardened Nozzle,p. 1: Recommended printing settings; p. 1: Hardened Nozzle; p. 1: Recommended settings for printers with a 0.4mm Nozzle,R-EXTRUDR-pearl-TDS-en,Recommended settings for printers with a 0.4mm Nozzle.,Locator names the rows now read.,agrees,gap-fill,line,reader,reader-r1-38-b,batch-38.csv#173,G001-173
ready,profiles,P0380,Locator,p. 1: Recommended printing settings; p. 1: Hardened Nozzle,p. 1: Recommended printing settings; p. 1: Hardened Nozzle; p. 1: Recommended settings for printers with a 0.4mm Nozzle,R-EXTRUDR-petg-bundle-TDS-en,Recommended settings for printers with a 0.4mm Nozzle.,Locator names the rows now read.,agrees,gap-fill,line,reader,reader-r1-38-b,batch-38.csv#202,G020-17
ready,profiles,P0565,Locator,p. 1: Recommended printing settings; p. 1: Hardened Nozzle,p. 1: Recommended printing settings; p. 1: Hardened Nozzle; p. 1: Recommended settings for printers with a 0.4mm Nozzle,R-EXTRUDR-petg-TDS-en,Recommended settings for printers with a 0.4mm Nozzle.,Locator names the rows now read.,agrees,gap-fill,line,reader,reader-r1-38-b,batch-38.csv#231,G020-17
ready,profiles,P0563,Locator,p. 1: Recommended printing settings; p. 1: Hardened Nozzle,p. 1: Recommended printing settings; p. 1: Hardened Nozzle; p. 1: Recommended settings for printers with a 0.4mm Nozzle,R-EXTRUDR-pla-basic-cmyk-TDS-en,Recommended settings for printers with a 0.4mm Nozzle.,Locator names the rows now read.,agrees,gap-fill,line,reader,reader-r1-38-b,batch-38.csv#255,G001-34
ready,profiles,P0387,Locator,p. 1: Recommended printing settings; p. 1: Hardened Nozzle,p. 1: Recommended printing settings; p. 1: Hardened Nozzle; p. 1: Recommended settings for printers with a 0.4mm Nozzle,R-EXTRUDR-pla-basic-TDS-en,Recommended settings for printers with a 0.4mm Nozzle.,Locator names the rows now read.,agrees,gap-fill,line,reader,reader-r1-38-b,batch-38.csv#279,G001-34
ready,profiles,P0564,Locator,p. 1: Recommended printing settings; p. 1: Hardened Nozzle,p. 1: Recommended printing settings; p. 1: Hardened Nozzle; p. 1: Recommended settings for printers with a 0.4mm Nozzle,R-EXTRUDR-pla-high-speed-TDS-en,Recommended settings for printers with a 0.4mm Nozzle.,Locator names the rows now read.,agrees,gap-fill,line,reader,reader-r1-38-b,batch-38.csv#307,G001-35
ready,profiles,P0390,Locator,p. 1: Recommended printing settings; p. 1: Hardened Nozzle,p. 1: Recommended printing settings; p. 1: Hardened Nozzle; p. 1: Recommended settings for printers with a 0.4mm Nozzle,R-EXTRUDR-pla-hs-TDS-en,Recommended settings for printers with a 0.4mm Nozzle.,Locator names the rows now read.,agrees,gap-fill,line,reader,reader-r1-38-b,batch-38.csv#335,G001-35
ready,profiles,P0785,Locator,p. 1: Recommended printing settings; p. 1: Hardened Nozzle,p. 1: Recommended printing settings; p. 1: Hardened Nozzle; p. 1: Recommended settings for printers with a 0.4mm Nozzle,R-EXTRUDR-pla-hs-TDS-en-8f08c1,Recommended settings for printers with a 0.4mm Nozzle.,Locator names the rows now read.,agrees,gap-fill,line,reader,reader-r1-38-b,batch-38.csv#363,G001-35
ready,profiles,P0386,Locator,p. 1: Recommended printing settings; p. 1: Hardened Nozzle,p. 1: Recommended printing settings; p. 1: Hardened Nozzle; p. 1: Recommended settings for printers with a 0.4mm Nozzle,R-EXTRUDR-pla-nx2-matt-TDS-en,Recommended settings for printers with a 0.4mm Nozzle.,Locator names the rows now read.,agrees,gap-fill,line,reader,reader-r1-38-b,batch-38.csv#389,G001-33
ready,profiles,P0385,Locator,p. 1: Recommended printing settings; p. 1: Hardened Nozzle,p. 1: Recommended printing settings; p. 1: Hardened Nozzle; p. 1: Recommended settings for printers with a 0.4mm Nozzle,R-EXTRUDR-pla-tough-TDS-en,Recommended settings for printers with a 0.4mm Nozzle.,Locator names the rows now read.,agrees,gap-fill,line,reader,reader-r1-38-b,batch-38.csv#466,G001-32
ready,profiles,P1291,Locator,"p. 1: Exact-product chamber guidance: Enclosed chamber required Yes; p. 1: Print Settings, Drying","p. 1: Exact-product chamber guidance: Enclosed chamber required Yes; p. 1: Print Settings, Drying; p. 1: Recommended settings for printers with a 0.4 mm nozzle",R-EXTRUDR-PRINT-20260928-526b472f69cc,Recommended settings for printers with a 0.4 mm nozzle. Max. 50% layer height.,Locator names the rows now read.,agrees,gap-fill,line,reader,reader-r1-38-b,batch-38.csv#481,G029-03
ready,profiles,P1301,Locator,p. 1: Exact-product chamber guidance: Enclosed chamber required Yes,p. 1: Exact-product chamber guidance: Enclosed chamber required Yes; p. 1: Recommended settings for printers with a 0.4 mm nozzle,R-EXTRUDR-PRINT-20260928-8ac1c5367674,Recommended settings for printers with a 0.4 mm nozzle. Max. 50% layer height.,Locator names the rows now read.,agrees,gap-fill,line,reader,reader-r1-38-b,batch-38.csv#524,G095-02
ready,profiles,P1312,Locator,"p. 1: Print Settings, Drying (drying only; the page's nozzle and build plate rows agree with P1025, from the sheet)","p. 1: Print Settings, Drying (drying only; the page's nozzle and build plate rows agree with P1025, from the sheet); p. 1: Recommended settings for printers with a 0.4 mm nozzle",R-EXTRUDR-PRINT-20260929-5f1378a7bff2,Recommended settings for printers with a 0.4 mm nozzle. Max. 50% layer height.,Locator names the rows now read.,agrees,gap-fill,line,reader,reader-r1-38-b,batch-38.csv#572,G014-18
ready,profiles,P1315,Locator,"p. 1: Print Settings, Drying (drying only; the page's nozzle and build plate rows agree with P0377, from the sheet)","p. 1: Print Settings, Drying (drying only; the page's nozzle and build plate rows agree with P0377, from the sheet); p. 1: Recommended settings for printers with a 0.4 mm nozzle",R-EXTRUDR-PRINT-20260929-c415150859a4,Recommended settings for printers with a 0.4 mm nozzle. Max. 50% layer height.,Locator names the rows now read.,agrees,gap-fill,line,reader,reader-r1-38-b,batch-38.csv#609,G039-15
ready,profiles,P1025,Locator,p. 1: Recommended printing settings; p. 1: Hardened Nozzle,p. 1: Recommended printing settings; p. 1: Hardened Nozzle; p. 1: Recommended settings for printers with a 0.5mm Nozzle,R-EXTRUDR-wood-TDS-en,Recommended settings for printers with a 0.5mm Nozzle.,Locator names the rows now read.,agrees,gap-fill,line,reader,reader-r1-38-b,batch-38.csv#647,G014-18
ready,profiles,P0803,Locator,p. 1: Recommended printing settings,p. 1: Recommended printing settings; p. 1: Recommended settings for printers with a 0.4mm Nozzle,R-EXTRUDR-xpetg-cf-TDS-en,Recommended settings for printers with a 0.4mm Nozzle.,Locator names the rows now read.,agrees,gap-fill,line,reader,reader-r1-38-b,batch-38.csv#672,G024-09
ready,profiles,P0881,Locator,p. 1: Recommended printing settings; p. 1: Hardened Nozzle,p. 1: Recommended printing settings; p. 1: Hardened Nozzle; p. 1: Recommended settings for printers with a 0.4mm Nozzle,R-EXTRUDR-xpetg-matt-TDS-en,Recommended settings for printers with a 0.4mm Nozzle.,Locator names the rows now read.,agrees,gap-fill,line,reader,reader-r1-38-b,batch-38.csv#723,G020-56
ready,profiles,P1385,Locator,p. 1: Exact product drying table and own nozzle recommendation; other recipe fields not transcribed in this scoped profile; generic0.4mm table heading and specific FAQ diameter advice retained as different contexts,p. 1: Exact product drying table and own nozzle recommendation; other recipe fields not transcribed in this scoped profile; generic0.4mm table heading and specific FAQ diameter advice retained as different contexts; p. 1: Nozzle temperature; p. 1: Build plate temperature; p. 1: Surface preparation; p. 1: Enclosed chamber required; p. 1: Drying temperature / Drying time,R-EXTRUDR-PRIORITY-20261003-4eb5a75440e8,Nozzle temperature 220–250 °C | Recommended settings for printers with a 0.4 mm nozzle. Max. 50% layer height.,Locator names the rows now read.,agrees,gap-fill,line,reader,reader-r1-39,batch-39.csv#6,G029-03
ready,profiles,P1386,Locator,p. 1: Exact product drying table and own nozzle recommendation; other recipe fields not transcribed in this scoped profile,p. 1: Exact product drying table and own nozzle recommendation; other recipe fields not transcribed in this scoped profile; p. 1: Nozzle temperature; p. 1: Build plate temperature; p. 1: Surface preparation; p. 1: Enclosed chamber required; p. 1: Hardened nozzle required,R-EXTRUDR-PRIORITY-20261003-4f4b613ed9d4,Nozzle temperature 220–250 °C | Recommended settings for printers with a 0.4 mm nozzle. Max. 50% layer height.,Locator names the rows now read.,agrees,gap-fill,line,reader,reader-r1-39,batch-39.csv#51,G027-11
ready,profiles,P1387,Locator,p. 1: Exact product drying table and own nozzle recommendation; other recipe fields not transcribed in this scoped profile,p. 1: Exact product drying table and own nozzle recommendation; other recipe fields not transcribed in this scoped profile; p. 1: Nozzle temperature; p. 1: Build plate temperature; p. 1: Surface preparation; p. 1: Enclosed chamber required; p. 1: Hardened nozzle required,R-EXTRUDR-PRIORITY-20261003-88316f653878,Nozzle temperature 220–250 °C | Recommended settings for printers with a 0.4 mm nozzle. Max. 50% layer height.,Locator names the rows now read.,agrees,gap-fill,line,reader,reader-r1-39,batch-39.csv#91,G024-09
ready,profiles,P1388,Locator,p. 1: Exact product drying table and own nozzle recommendation; other recipe fields not transcribed in this scoped profile; generic0.4mm table heading and specific FAQ diameter advice retained as different contexts,p. 1: Exact product drying table and own nozzle recommendation; other recipe fields not transcribed in this scoped profile; generic0.4mm table heading and specific FAQ diameter advice retained as different contexts; p. 1: Nozzle temperature; p. 1: Build plate temperature; p. 1: Surface preparation; p. 1: Enclosed chamber required,R-EXTRUDR-PRIORITY-20261003-8f1f07e586ce,Nozzle temperature 230–270 °C | Recommended settings for printers with a 0.4 mm nozzle. Max. 50% layer height.,Locator names the rows now read.,agrees,gap-fill,line,reader,reader-r1-39,batch-39.csv#136,G034-05
ready,profiles,P1389,Locator,p. 1: Exact product drying table and own nozzle recommendation; other recipe fields not transcribed in this scoped profile,p. 1: Exact product drying table and own nozzle recommendation; other recipe fields not transcribed in this scoped profile; p. 1: Nozzle temperature; p. 1: Build plate temperature; p. 1: Surface preparation; p. 1: Enclosed chamber required; p. 1: Hardened nozzle required,R-EXTRUDR-PRIORITY-20261003-967a9be07d31,Nozzle temperature 210–240 °C | Recommended settings for printers with a 0.4 mm nozzle. Max. 50% layer height.,Locator names the rows now read.,agrees,gap-fill,line,reader,reader-r1-39,batch-39.csv#182,G020-56
ready,profiles,P1392,Locator,p. 1: Exact product drying table and own nozzle recommendation; other recipe fields not transcribed in this scoped profile; generic0.4mm table heading and specific FAQ diameter advice retained as different contexts,p. 1: Exact product drying table and own nozzle recommendation; other recipe fields not transcribed in this scoped profile; generic0.4mm table heading and specific FAQ diameter advice retained as different contexts; p. 1: Nozzle temperature; p. 1: Build plate temperature; p. 1: Surface preparation; p. 1: Enclosed chamber required,R-EXTRUDR-PRIORITY-20261003-e49b91234afa,Nozzle temperature 270–300 °C | Recommended settings for printers with a 0.4 mm nozzle. Max. 50% layer height.,Locator names the rows now read.,agrees,gap-fill,line,reader,reader-r1-39,batch-39.csv#223,G050-05
ready,profiles,P0488,Locator,p. 1: Recommended printing settings,p. 1: Recommended printing settings; p. 2: Nozzle,R-FIBERLOGY-FiberWORKS-PETG-TDS,Nozzle: 0.4 mm,Locator names the rows now read.,agrees,gap-fill,line,reader,reader-r1-43,batch-43.csv#204,G020-25
ready,profiles,P0489,Locator,p. 1: Recommended printing settings,p. 1: Recommended printing settings; p. 2: Nozzle,R-FIBERLOGY-FiberWORKS-PLA-TDS,Nozzle: 0.4 mm,Locator names the rows now read.,agrees,gap-fill,line,reader,reader-r1-43,batch-43.csv#232,G001-53
ready,profiles,P1294,Locator,p. 1: Exact-product chamber guidance: does not require a heated print chamber,p. 1: Exact-product chamber guidance: does not require a heated print chamber; p. 1: Bed material,R-FIBERLOGY-PRINT-20260928-78dc0a4f3640,Bed material: Smooth PEI + adhesive; Textured PEI + adhesive; Glass + adhesive,Locator names the rows now read.,agrees,gap-fill,line,reader,reader-r1-43,batch-43.csv#253,G054-03
ready,profiles,P0931,Locator,p. 1: Recommended printing settings; p. 1: Bed Temperature,p. 1: Recommended printing settings; p. 1: Bed Temperature; p. 1: Compatible Print Beds,R-FILAMENT2PRINT-F2P-ASA-EN,"Compatible Print Beds BuildTak®,Glass,BlueTape,PEI",Locator names the rows now read.,agrees,gap-fill,line,reader,reader-r1-43,batch-43.csv#321,G031-34
ready,profiles,P0950,Locator,p. 1: Recommended printing settings; p. 1: Bed Temperature,p. 1: Recommended printing settings; p. 1: Bed Temperature; p. 1: Compatible Print Beds,R-FILAMENT2PRINT-F2P-PETG-EN,"Compatible Print Beds BuildTak®,Glass,BlueTape,PEI",Locator names the rows now read.,agrees,gap-fill,line,reader,reader-r1-43,batch-43.csv#345,G020-63
ready,profiles,P0535,Locator,p. 1: Recommended printing settings,p. 1: Recommended printing settings; p. 1: Adhesive,R-FILLAMENTUM-Technical-Data-Sheet-ABS-Extrafill-03012019-1,"Adhesive 3Dlac, glue stick",Locator names the rows now read.,agrees,gap-fill,line,reader,reader-r1-43,batch-43.csv#485,G027-19
ready,profiles,P0534,Locator,p. 1: Recommended printing settings,p. 1: Recommended printing settings; p. 1: Bed adhesive,R-FILLAMENTUM-Technical-Data-Sheet-ASA-Extrafill-03012019,"Bed adhesive 3Dlac, glue stick",Locator names the rows now read.,agrees,gap-fill,line,reader,reader-r1-43,batch-43.csv#503,G031-14
ready,profiles,P0536,Locator,p. 1: Recommended printing settings,p. 1: Recommended printing settings; p. 1: Bed adhesive,R-FILLAMENTUM-Technical-Data-Sheet-Flexfill-TPU-92A-26082019,Bed adhesive Magigoo For easy removing of the object.,Locator names the rows now read.,agrees,gap-fill,line,reader,reader-r1-43,batch-43.csv#522,G039-30
ready,profiles,P0993,Locator,p. 1: Recommended printing settings,p. 1: Recommended printing settings; p. 1: Note,R-FILLAMENTUM-Technical-Data-Sheet-Nylon-CF15-Carbon-03012019,The hardened steel nozzles are recommended.,Locator names the rows now read.,agrees,gap-fill,line,reader,reader-r1-44,batch-44.csv#51,G053-14
ready,profiles,P1281,Locator,"p. 1: Recommended printing settings (Print temperature, Hot pad)","p. 1: Recommended printing settings (Print temperature, Hot pad); p. 1: Recommended nozzle",R-FILLAMENTUM-Technical-Data-Sheet-Timberfill-03012019,"It is recommended to use the nozzle of 0,5 mm in diameter.",Locator names the rows now read.,agrees,gap-fill,line,reader,reader-r1-44,batch-44.csv#130,G014-21
ready,profiles,P1140,Locator,"p. 1: Conditions to re-dry, Print temperature","p. 1: Conditions to re-dry, Print temperature; p. 1: Type of bed",R-FILLAMENTUM-FLEXFILL-PEBA-90A-TDS,Type of bed mirror/glass | Printing on PEI surface can be challenging.,Locator names the rows now read.,agrees,gap-fill,line,reader,reader-r1-44,batch-44.csv#173,G045-04
ready,profiles,P0484,Locator,p. 2: Recommended printing settings: Nozzle Temperature; p. 2: Ambient Temperature for Printing; p. 3: Drying note,p. 2: Recommended printing settings: Nozzle Temperature; p. 2: Ambient Temperature for Printing; p. 3: Drying note; p. 2: Build Surface Material; p. 2: Nozzle & Gear Material,D-FLASH-ABS-GF-TDS-EN,"Build Surface Material Tempered glass, BuildTak, Carbon fiber board",Locator names the rows now read.,agrees,gap-fill,line,reader,reader-r1-44,batch-44.csv#197,G028-06
ready,profiles,P0463,Locator,p. 2: Recommended printing settings: Nozzle Temperature; p. 2: Ambient Temperature for Printing; p. 3: Drying note,p. 2: Recommended printing settings: Nozzle Temperature; p. 2: Ambient Temperature for Printing; p. 3: Drying note; p. 2: Build Surface Material,D-FLASH-ABS-Matte-TDS-EN,"Build Surface Material Tempered glass, BuildTak, Carbon fiber board",Locator names the rows now read.,agrees,gap-fill,line,reader,reader-r1-44,batch-44.csv#230,G027-16
ready,profiles,P0479,Locator,p. 2: Recommended printing settings: Nozzle Temperature; p. 2: Ambient Temperature for Printing; p. 3: Drying note,p. 2: Recommended printing settings: Nozzle Temperature; p. 2: Ambient Temperature for Printing; p. 3: Drying note; p. 2: Build Surface Material; p. 2: Nozzle & Gear Material,D-FLASH-PA6-GF-TDS-EN,"Build Surface Material Tempered glass, BuildTak, Carbon fiber board",Locator names the rows now read.,agrees,gap-fill,line,reader,reader-r1-44,batch-44.csv#263,G051-07
ready,profiles,P0456,Locator,p. 2: Recommended printing settings: Nozzle Temperature; p. 2: Ambient Temperature for Printing; p. 3: Drying note,p. 2: Recommended printing settings: Nozzle Temperature; p. 2: Ambient Temperature for Printing; p. 3: Drying note; p. 2: Build Surface Material; p. 2: Nozzle & Gear Material,D-FLASH-PC-CF-TDS-EN,"Build Surface Material Tempered glass, BuildTak, Carbon fiber board",Locator names the rows now read.,agrees,gap-fill,line,reader,reader-r1-44,batch-44.csv#300,G037-05
ready,profiles,P0466,Locator,p. 2: Recommended printing settings: Nozzle Temperature; p. 2: Ambient Temperature for Printing,p. 2: Recommended printing settings: Nozzle Temperature; p. 2: Ambient Temperature for Printing; p. 2: Build Surface Material; p. 2: Nozzle & Gear Material; p. 1: Description,D-FLASH-PET-GF-TDS-EN,"Build Surface Material Tempered glass, BuildTak, Carbon fiber plate",Locator names the rows now read.,agrees,gap-fill,line,reader,reader-r1-44,batch-44.csv#338,G068-01
ready,profiles,P0457,Locator,p. 2: Recommended printing settings,p. 2: Recommended printing settings; p. 2: Build Surface Material,D-FLASH-PETG-HS-TDS-EN,"Build Surface Material Tempered glass, PEI, Carbon fiber plate",Locator names the rows now read.,agrees,gap-fill,line,reader,reader-r1-44,batch-44.csv#370,G020-23
ready,profiles,P0483,Locator,p. 2: Recommended printing settings: Nozzle Temperature; p. 2: Ambient Temperature for Printing,p. 2: Recommended printing settings: Nozzle Temperature; p. 2: Ambient Temperature for Printing; p. 2: Build Surface Material,D-FLASH-PLA-Crystal-TDS-EN,"Build Surface Material Tempered glass, BuildTak, Carbon fiber board",Locator names the rows now read.,agrees,gap-fill,line,reader,reader-r1-44,batch-44.csv#400,G001-52
ready,profiles,P0462,Locator,p. 3: Recommended printing settings; p. 3: Ambient Temperature for Printing; p. 1: Drying note,p. 3: Recommended printing settings; p. 3: Ambient Temperature for Printing; p. 1: Drying note; p. 3: Build Surface Material,D-FLASH-PLA-LW-TDS-EN,"Build Surface Material Tempered glass, PEI, Carbon fiber plate",Locator names the rows now read.,agrees,gap-fill,line,reader,reader-r1-44,batch-44.csv#454,G017-07
ready,profiles,P0472,Locator,p. 2: Recommended printing settings: Nozzle Temperature; p. 2: Ambient Temperature for Printing,p. 2: Recommended printing settings: Nozzle Temperature; p. 2: Ambient Temperature for Printing; p. 2: Build Surface Material,D-FLASH-PLA-Matte-TDS-EN,"Build Surface Material Tempered glass, BuildTak, Carbon fiber plate",Locator names the rows now read.,agrees,gap-fill,line,reader,reader-r1-45,batch-45.csv#24,G001-50
ready,profiles,P0459,Locator,p. 2: Recommended printing settings: Nozzle Temperature; p. 2: Ambient Temperature for Printing,p. 2: Recommended printing settings: Nozzle Temperature; p. 2: Ambient Temperature for Printing; p. 2: Build Surface Material,D-FLASH-PLA-Multicolor-TDS-EN,"Build Surface Material Tempered glass, BuildTak, Carbon fiber plate",Locator names the rows now read.,agrees,gap-fill,line,reader,reader-r1-45,batch-45.csv#61,G001-48
ready,profiles,P0475,Locator,p. 2: Recommended printing settings: Nozzle Temperature; p. 2: Ambient Temperature for Printing,p. 2: Recommended printing settings: Nozzle Temperature; p. 2: Ambient Temperature for Printing; p. 2: Build Surface Material,D-FLASH-PLA-Pro-TDS-EN,"Build Surface Material Tempered glass, BuildTak, Carbon fiber board",Locator names the rows now read.,agrees,gap-fill,line,reader,reader-r1-45,batch-45.csv#97,G001-51
ready,profiles,P0552,Locator,p. 2: Recommended printing settings: Nozzle Temperature; p. 2: Ambient Temperature for Printing,p. 2: Recommended printing settings: Nozzle Temperature; p. 2: Ambient Temperature for Printing; p. 2: Build Surface Material,D-FLASH-PLA-TDS-EN,"Build Surface Material Tempered glass, BuildTak, Carbon fiber board",Locator names the rows now read.,agrees,gap-fill,line,reader,reader-r1-45,batch-45.csv#133,G001-67
ready,profiles,P0482,Locator,p. 2: Recommended printing settings: Nozzle Temperature; p. 2: Ambient Temperature for Printing,p. 2: Recommended printing settings: Nozzle Temperature; p. 2: Ambient Temperature for Printing; p. 2: Build Surface Material,D-FLASH-PLA-Wood-TDS-EN,"Build Surface Material Tempered glass, BuildTak, Carbon fiber plate",Locator names the rows now read.,agrees,gap-fill,line,reader,reader-r1-45,batch-45.csv#170,G014-04
ready,profiles,P1009,Locator,p. 2: Recommended printing settings: Nozzle Temperature; p. 2: Ambient Temperature for Printing,p. 2: Recommended printing settings: Nozzle Temperature; p. 2: Ambient Temperature for Printing; p. 2: Build Surface Material,D-FLASH-PVA-TDS-EN,"Build Surface Material Tempered glass, BuildTak, Carbon fiber plate",Locator names the rows now read.,agrees,gap-fill,line,reader,reader-r1-45,batch-45.csv#208,G075-07
ready,profiles,P0477,Locator,p. 2: Recommended printing settings: Nozzle Temperature; p. 2: Ambient Temperature for Printing; p. 3: Drying note,p. 2: Recommended printing settings: Nozzle Temperature; p. 2: Ambient Temperature for Printing; p. 3: Drying note; p. 2: Build Surface Material,D-FLASH-TPU-TDS-EN,"Build Surface Material Tempered glass, BuildTak, Carbon fiber plate",Locator names the rows now read.,agrees,gap-fill,line,reader,reader-r1-45,batch-45.csv#243,G039-22
ready,profiles,P0170,Locator,Recommended Printing Conditions,Recommended Printing Conditions; p. 2: Nozzle & Gear Material,R-FLASHFORGE-ASA-GF10-TDS,Nozzle & Gear Material Hardened steel,Locator names the rows now read.,agrees,gap-fill,line,reader,reader-r1-45,batch-45.csv#286,G034-04
ready,profiles,P0738,Locator,p. 1: Recommended printing settings,p. 1: Recommended printing settings; p. 1: Nozzle; p. 1: Buildplate adhesion,S-PET-TDS-Bulk-PETG,Nozzle: ≥ 0.15mm,Locator names the rows now read.,agrees,gap-fill,line,reader,reader-r1-46,batch-46.csv#82,G020-40
ready,profiles,P0725,Locator,p. 1: Recommended printing settings,p. 1: Recommended printing settings; p. 1: Nozzle; p. 1: Buildplate adhesion,S-PET-TDS-Bulk-PLA,Nozzle: ≥ 0.15mm,Locator names the rows now read.,agrees,gap-fill,line,reader,reader-r1-46,batch-46.csv#105,G001-100
ready,profiles,P1278,Locator,"p. 1: Nozzle temp, Heat bed, Enclosure, Drying","p. 1: Nozzle temp, Heat bed, Enclosure, Drying; p. 1: Buildplate adhesion",S-PET-TDS-ReForm-rTPU-85A,Nozzle: ≥ 0.15mm,Locator names the rows now read.,agrees,gap-fill,line,reader,reader-r1-47,batch-47.csv#128,G039-64
ready,profiles,P1276,Locator,"p. 1: Nozzle temp, Heat bed, Enclosure, Drying","p. 1: Nozzle temp, Heat bed, Enclosure, Drying; p. 1: Buildplate adhesion",S-PET-TDS-ReForm-rTPU-90A,Nozzle: ≥ 0.15mm,Locator names the rows now read.,agrees,gap-fill,line,reader,reader-r1-47,batch-47.csv#152,G039-62
ready,profiles,P0726,Locator,p. 1: Recommended printing settings; p. 1: Drying,p. 1: Recommended printing settings; p. 1: Drying; p. 1: Nozzle; p. 1: Buildplate adhesion,S-PET-TDS-ReForm-rTPU-95A,Nozzle: ≥ 0.15mm,Locator names the rows now read.,agrees,gap-fill,line,reader,reader-r1-47,batch-47.csv#176,G039-46
ready,profiles,P0037,Locator,Recommended printing settings,Recommended printing settings; p. 1: Nozzle Diameter; p. 1: Bottom Plate Heating,I-ESD-ABS-TDS,Nozzle Diameter 0.4mm,Locator names the rows now read.,agrees,gap-fill,line,reader,reader-r1-48,batch-48.csv#36,G030-02
ready,profiles,P0974,Locator,p. 1: Recommended printing settings,p. 1: Recommended printing settings; p. 1: Print temperature; p. 1: Footnote,I-PLA-HS-PLA-TDS,Print temperature ℃ DSC 200-240,Locator names the rows now read.,agrees,gap-fill,line,reader,reader-r1-48,batch-48.csv#224,G001-170
ready,profiles,P0971,Locator,p. 3: Recommended printing settings,p. 3: Recommended printing settings; p. 2: Specimen printing: Nozzle size; p. 3: Recommended build surface material,I-PLA-Light-Weight-PLA-TDS,Nozzle size 0.4mm,Locator names the rows now read.,agrees,gap-fill,line,reader,reader-r1-48,batch-48.csv#243,G017-13
ready,profiles,P1240,Locator,"p. 1: Nozzle Temperature, Bed Temperature, Chamber Temperature","p. 1: Nozzle Temperature, Bed Temperature, Chamber Temperature; p. 1: Nozzle Size; p. 1: Bed Type",R-3DJAKE-KINGROON-PETG-Basic-Technical-Data-Sheet-V1-0,"Nozzle Size | 0.2, 0.4, 0.6, 0.8 mm",Locator names the rows now read.,agrees,gap-fill,line,reader,reader-r1-48,batch-48.csv#435,G020-72
ready,profiles,P1211,Locator,"p. 1: Nozzle Temperature, Bed Temperature, Chamber Temperature; p. 1: Drying Settings before Printing","p. 1: Nozzle Temperature, Bed Temperature, Chamber Temperature; p. 1: Drying Settings before Printing; p. 1: Nozzle Size; p. 1: Bed Type",R-3DJAKE-KINGROON-PLA-Basic-Technical-Data-Sheet-V1-0,"Nozzle Size | 0.2, 0.4, 0.6, 0.8 mm",Locator names the rows now read.,agrees,gap-fill,line,reader,reader-r1-48,batch-48.csv#496,G001-192
ready,profiles,P1255,Locator,"p. 1: Nozzle Temperature, Bed Temperature, Chamber Temperature; p. 1: Drying Settings before Printing","p. 1: Nozzle Temperature, Bed Temperature, Chamber Temperature; p. 1: Drying Settings before Printing; p. 1: Nozzle Size; p. 1: Bed Type",R-3DJAKE-KINGROON-TPU-95A-Technical-Data-Sheet-V1-0,"Nozzle Size | 0.4, 0.6, 0.8 mm",Locator names the rows now read.,agrees,gap-fill,line,reader,reader-r1-48,batch-48.csv#557,G039-70
ready,profiles,P0965,Locator,p. 2: Recommended printing settings,p. 2: Recommended printing settings; p. 2: Vacuum Dryer; p. 2: Nozzle,S-PET-TDS-LUVOCOM-3F-PAHT-CF-9891-BK,Vacuum Dryer | 120 | 4 - 6,Locator names the rows now read.,agrees,gap-fill,line,reader,reader-r1-49-b,batch-49.csv#28,G048-04
ready,profiles,P1166,Locator,p. 1: Recommended printing settings,p. 1: Recommended printing settings; p. 1: Suggested printing bed material,R-MATTERHACKERS-RczMCr,"Suggested printing bed material | Glass/Glue, Garolite, PEI",Locator names the rows now read.,agrees,gap-fill,line,reader,reader-r1-49-b,batch-49.csv#193,G164-04
ready,profiles,P0814,Locator,p. 1: Recommended printing settings,p. 1: Recommended printing settings; p. 1: Suggested printing bed material,R-MATTERHACKERS-PRO-SERIES-AfgVfK,"Suggested printing bed material | Glass/Glue, BuildTak, Blue Tape",Locator names the rows now read.,agrees,gap-fill,line,reader,reader-r1-49-b,batch-49.csv#258,G039-52
ready,profiles,P0852,Locator,p. 1: Recommended printing settings,p. 1: Recommended printing settings; p. 1: Suggested printing bed material,R-MATTERHACKERS-PRO-SERIES-BBz11b,"Suggested printing bed material | Glass/Glue, Blue Tape, Garolite, CarbonFiber",Locator names the rows now read.,agrees,gap-fill,line,reader,reader-r1-49-b,batch-49.csv#274,G020-50
ready,profiles,P0847,Locator,p. 1: Recommended printing settings,p. 1: Recommended printing settings; p. 1: Suggested printing bed material,R-MATTERHACKERS-PRO-SERIES-vQ0bKO,"Suggested printing bed material Glass/Glue, BuildTak, Blue Tape, Garolite",Locator names the rows now read.,agrees,gap-fill,line,reader,reader-r1-50,batch-50.csv#6,G001-123
ready,profiles,P0842,Locator,p. 2: Recommended printing settings; p. 2: Material Drying Temperature,p. 2: Recommended printing settings; p. 2: Material Drying Temperature; p. 2: Build Surface Material,R-MATTERHACKERS-PRO-SERIES-XKjoeP,Build Surface Material Powder Coated PEI,Locator names the rows now read.,agrees,gap-fill,line,reader,reader-r1-50,batch-50.csv#36,G031-28
ready,profiles,P0872,Locator,p. 2: Recommended printing settings; p. 2: Material Drying Temperature,p. 2: Recommended printing settings; p. 2: Material Drying Temperature; p. 2: Build Surface Material,R-MATTERHACKERS-PRO-SERIES-XNT7Rt,"Build Surface Material PEI Recommended, Glass with glue stick",Locator names the rows now read.,agrees,gap-fill,line,reader,reader-r1-50,batch-50.csv#55,G039-57
ready,profiles,P0740,Locator,p. 1: Recommended printing settings; p. 1: Drying note,p. 1: Recommended printing settings; p. 1: Drying note; p. 1: Nozzle (minimum); p. 1: Printing,R-NANOVIA-ABS-CF,Nozzle (minimum) 0.5 mm,Locator names the rows now read.,agrees,gap-fill,line,reader,reader-r1-50,batch-50.csv#89,G029-05
ready,profiles,P0716,Locator,p. 1: Recommended printing settings; p. 1: Drying note,p. 1: Recommended printing settings; p. 1: Drying note; p. 1: Nozzle (minimal),R-NANOVIA-ABS-ESD,Nozzle (minimal) 0.5,Locator names the rows now read.,agrees,gap-fill,line,reader,reader-r1-50,batch-50.csv#150,G030-06
ready,profiles,P0723,Locator,p. 1: Recommended printing settings; p. 1: Drying note,p. 1: Recommended printing settings; p. 1: Drying note; p. 1: Nozzle (minimal); p. 1: Printing,R-NANOVIA-PA-6-CF,Nozzle (minimal) 0.5 mm,Locator names the rows now read.,agrees,gap-fill,line,reader,reader-r1-50,batch-50.csv#247,G050-12
ready,profiles,P1172,Locator,p. 1: Recommended printing settings; p. 1: Nozzle note; p. 1: Application recommendations (drying),p. 1: Recommended printing settings; p. 1: Nozzle note; p. 1: Application recommendations (drying); p. 1: Nozzle (minimal),R-NANOVIA-PA-Food-Industry,"Nozzle (minimal) 0,6 mm",Locator names the rows now read.,agrees,gap-fill,line,reader,reader-r1-50,batch-50.csv#280,G164-07
ready,profiles,P0712,Locator,p. 1: Recommended printing settings; p. 1: Drying note,p. 1: Recommended printing settings; p. 1: Drying note; p. 1: Nozzle (minimal),R-NANOVIA-PC-ABS-Rail,Nozzle (minimal) 0.4 mm,Locator names the rows now read.,agrees,gap-fill,line,reader,reader-r1-50,batch-50.csv#353,G094-07
ready,profiles,P0713,Locator,p. 1: Recommended printing settings; p. 1: Drying note,p. 1: Recommended printing settings; p. 1: Drying note; p. 1: Nozzle (minimal); p. 1: Printing,R-NANOVIA-PC-CF,Nozzle (minimal) 0.5 mm,Locator names the rows now read.,agrees,gap-fill,line,reader,reader-r1-50,batch-50.csv#378,G037-07
ready,profiles,P0729,Locator,p. 1: Recommended printing settings; p. 1: Drying note,p. 1: Recommended printing settings; p. 1: Drying note; p. 1: Nozzle (minimal); p. 1: Printing,R-NANOVIA-PETG-CF,Nozzle (minimal) 0.5 mm,Locator names the rows now read.,agrees,gap-fill,line,reader,reader-r1-50,batch-50.csv#426,G024-11
ready,profiles,P0730,Locator,p. 1: Recommended printing settings; p. 1: Drying note,p. 1: Recommended printing settings; p. 1: Drying note; p. 1: Nozzle (minimal),R-NANOVIA-PETG-ESD,Nozzle (minimal) 0.5 mm,Locator names the rows now read.,agrees,gap-fill,line,reader,reader-r1-50,batch-50.csv#455,G026-08
ready,profiles,P0722,Locator,p. 1: Recommended printing settings; p. 1: Drying note,p. 1: Recommended printing settings; p. 1: Drying note; p. 1: Nozzle (minimal); p. 1: 3D Printing,R-NANOVIA-PETG-GF-UV,Nozzle (minimal) 0.5 mm,Locator names the rows now read.,agrees,gap-fill,line,reader,reader-r1-50,batch-50.csv#482,G025-03
ready,profiles,P0719,Locator,p. 1: Recommended printing settings,p. 1: Recommended printing settings; p. 1: Nozzle (minimum),R-NANOVIA-PLA-VX,"Nozzle (minimum) 0,5 mm",Locator names the rows now read.,agrees,gap-fill,line,reader,reader-r1-50,batch-50.csv#534,G001-99
ready,profiles,P0731,Locator,p. 1: Recommended printing settings; p. 1: Drying note,p. 1: Recommended printing settings; p. 1: Drying note; p. 1: Nozzle (minimal),R-NANOVIA-PLA-Wood,Nozzle (minimal) 0.5 mm,Locator names the rows now read.,agrees,gap-fill,line,reader,reader-r1-50,batch-50.csv#556,G014-08
ready,profiles,P0745,Locator,p. 1: Recommended printing settings; p. 1: Drying note,p. 1: Recommended printing settings; p. 1: Drying note; p. 1: Nozzle (minimal); p. 1: Printing,R-NANOVIA-PP-CF,Nozzle (minimal) 0.5 mm,Locator names the rows now read.,agrees,gap-fill,line,reader,reader-r1-51,batch-51.csv#25,G083-04
ready,profiles,P1366,Locator,"p. 1: FAQ Do I need an enclosure to print ABS Pro?; Printing Requirements, enclosure","p. 1: FAQ Do I need an enclosure to print ABS Pro?; Printing Requirements, enclosure; p. 1: Does ABS Pro require a hardened nozzle?; p. 1: Printing Temperature; p. 1: Bed Temperature; p. 1: Drying Settings; p. 1: Printing Requirements",R-POLYMAKER-PRIORITY-20261002-29b58f0eea90,No. ABS Pro contains no abrasive fillers and prints well with standard nozzles.,Locator names the rows now read.,agrees,gap-fill,line,reader,reader-r1-51,batch-51.csv#208,G027-08
ready,profiles,P0303,Locator,p. 1: Recommended printing settings: Nozzle temperature; p. 1: Recommended environmental temperature; p. 1: Enclosure note,p. 1: Recommended printing settings: Nozzle temperature; p. 1: Recommended environmental temperature; p. 1: Enclosure note; p. 1: Build Surface material; p. 1: Footnote to printing conditions,S-POLYCN-index-php-controller-attachment-id-attachment-167,"Build Surface material BuildTak®, Glass, PEI",Locator names the rows now read.,agrees,gap-fill,line,single-product,reader-r1-52,batch-52.csv#34,G035-06
ready,profiles,P0319,Locator,p. 6: Recommended printing settings; p. 6: Drying settings,p. 6: Recommended printing settings; p. 6: Drying settings; p. 4: Prepare the printer: build surface,S-POLYCN-PolyFlex-TPU90-PIS-EN-V1-2,"We recommend to print PolyFlex™ TPU90 on BuildTak®, glass with glue or painters tape.",Locator names the rows now read.,agrees,gap-fill,line,reader,reader-r1-52,batch-52.csv#102,G039-11
ready,profiles,P0280,Locator,p. 1: Recommended printing settings: Nozzle temperature,p. 1: Recommended printing settings: Nozzle temperature; p. 1: Build Surface material; p. 1: Footnote to printing conditions,S-POLYCN-PolyFlex-TPU90-TDS-V4-2,"Build Surface material BuildTak®, Glass",Locator names the rows now read.,agrees,gap-fill,line,reader,reader-r1-52,batch-52.csv#141,G039-11
ready,profiles,P0056,Locator,Recommended printing settings,Recommended printing settings; p. 3: Footnote to printing conditions,S-POLYCN-PolyFlex-TPU90-TDS-V5-1,* Based on 0.4 mm nozzle and Simplify 3D v.4.0.  Printing conditions may vary with different nozzle diameters,Locator names the rows now read.,agrees,gap-fill,line,reader,reader-r1-52,batch-52.csv#182,G039-11
ready,profiles,P0274,Locator,p. 1: Recommended printing settings: Nozzle temperature; p. 1: Recommended environmental temperature,p. 1: Recommended printing settings: Nozzle temperature; p. 1: Recommended environmental temperature; p. 1: Build Surface material; p. 1: Footnote to printing conditions,S-POLYCN-PolyFlex-TPU95-HF-TDS-V4-2,"Build Surface material BuildTak®, Glass",Locator names the rows now read.,agrees,gap-fill,line,reader,reader-r1-52,batch-52.csv#195,G039-12
ready,profiles,P0284,Locator,p. 1: Recommended printing settings: Nozzle temperature,p. 1: Recommended printing settings: Nozzle temperature; p. 1: Build Surface material; p. 1: Based on 0.4 mm nozzle,S-POLYCN-PolyFlex-TPU95-TDS-V4,"Build Surface material BuildTak®, Glass, Blue Tape",Locator names the rows now read.,agrees,gap-fill,line,reader,reader-r1-53,batch-53.csv#14,G039-13
ready,profiles,P0049,Locator,Recommended printing settings,Recommended printing settings; p. 3: Based on 0.4 mm nozzle,S-POLYCN-PolyFlex-TPU95-TDS-V5-1,* Based on 0.4 mm nozzle and Simplify 3D v.4.0.  Printing conditions may vary with different nozzle diameters,Locator names the rows now read.,agrees,gap-fill,line,reader,reader-r1-53,batch-53.csv#45,G039-13
ready,profiles,P0302,Locator,p. 5: Recommended printing settings: Nozzle temperature; p. 5: Environmental temperature,p. 5: Recommended printing settings: Nozzle temperature; p. 5: Environmental temperature; p. 5: Based on 0.4 mm nozzle,S-POLYCN-Polylite-PLA-Pro-EN-V5-1-3-6,* Based on 0.4 mm nozzle and Simplify 3D v.4.0.  Printing conditions may vary with different nozzle diameters,Locator names the rows now read.,agrees,gap-fill,line,reader,reader-r1-53,batch-53.csv#104,G001-22
ready,profiles,P0305,Locator,p. 1: Recommended printing settings: Nozzle temperature; p. 1: Recommended environmental temperature,p. 1: Recommended printing settings: Nozzle temperature; p. 1: Recommended environmental temperature; p. 1: Based on 0.4 mm nozzle; p. 1: Build Surface material,S-POLYCN-PolyLite-PLA-TDS-V3,Based on 0.4 mm nozzle and Simplify 3D v.4.0.  Printing conditions may vary with different nozzle diameters,Locator names the rows now read.,agrees,gap-fill,line,reader,reader-r1-53,batch-53.csv#146,G001-19
ready,profiles,P0270,Locator,p. 4: Recommended printing settings: Nozzle temperature; p. 4: Environmental temperature,p. 4: Recommended printing settings: Nozzle temperature; p. 4: Environmental temperature; p. 4: Based on 0.4 mm nozzle,S-POLYCN-PolyLite-PLA-TDS-V5-1-7,* Based on 0.4 mm nozzle and Simplify 3D v.4.0.  Printing conditions may vary with different nozzle diameters,Locator names the rows now read.,agrees,gap-fill,line,reader,reader-r1-53,batch-53.csv#200,G001-19
ready,profiles,P0322,Locator,p. 1: Recommended printing settings: Nozzle temperature; p. 1: Recommended environmental temperature,p. 1: Recommended printing settings: Nozzle temperature; p. 1: Recommended environmental temperature; p. 1: Based on 0.4 mm nozzle,S-POLYCN-PolyMax-PETG-TDS-V4,Based on 0.4 mm nozzle and Simplify 3D v.4.0.  Printing conditions may vary with different nozzle diameters,Locator names the rows now read.,agrees,gap-fill,line,single-product,reader-r1-53,batch-53.csv#264,G020-16
ready,profiles,P0069,Locator,Recommended printing settings,Recommended printing settings; p. 5: Based on 0.4 mm nozzle,S-POLYCN-PolyMide-PA12-CF-TDS-V5-1-1,* Based on 0.4 mm nozzle and Simplify 3D v.4.0.  Printing conditions may vary with different nozzle diameters,Locator names the rows now read.,agrees,gap-fill,line,reader,reader-r1-53,batch-53.csv#349,G053-02
ready,profiles,P0081,Locator,Recommended printing settings,Recommended printing settings; p. 5: Based on 0.4 mm nozzle,S-POLYCN-PolyMide-PA6-GF-TDS-V5-1,* Based on 0.4 mm nozzle and Simplify 3D v.4.0.  Printing conditions may vary with different nozzle diameters,Locator names the rows now read.,agrees,gap-fill,line,single-product,reader-r1-53,batch-53.csv#427,G051-03
ready,profiles,P0288,Locator,p. 1: Recommended printing settings: Nozzle temperature; p. 1: Chamber temperature,p. 1: Recommended printing settings: Nozzle temperature; p. 1: Chamber temperature; p. 1: Based on 0.4mm nozzle,S-POLYCN-TDS-Polymaker-ABS-Max-V1-1-2026-06-01-EN,*Based on 0.4mm nozzle. Printing conditions may vary with different nozzle diameters.,Locator names the rows now read.,agrees,gap-fill,line,reader,reader-r1-53,batch-53.csv#497,G027-07
ready,profiles,P0292,Locator,p. 1: Recommended printing settings: Nozzle temperature; p. 1: Closure chamber,p. 1: Recommended printing settings: Nozzle temperature; p. 1: Closure chamber; p. 1: Build surface treatment; p. 1: Based on 0.4mm nozzle,S-POLYCN-TDS-Polymaker-ABS-Pro-V1-1-2026-06-01-EN,Build surface treatment PEI,Locator names the rows now read.,agrees,gap-fill,line,reader,reader-r1-53-c,batch-53.csv#532,G027-08
ready,profiles,P0347,Locator,p. 1: Recommended printing settings: Nozzle temperature,p. 1: Recommended printing settings: Nozzle temperature; p. 1: Build surface treatment; p. 1: Based on 0.4mm nozzle,S-POLYCN-TDS-Polymaker-HT-PLA-Pro-V1-4-2026-7-17-EN,Build surface treatment PC and Texture PEI,Locator names the rows now read.,agrees,gap-fill,line,reader,reader-r1-54-b,batch-54.csv#52,G001-29
ready,profiles,P0325,Locator,p. 1: Recommended printing settings: Nozzle temperature; p. 1: Drying temp. and time; p. 1: Closure chamber,p. 1: Recommended printing settings: Nozzle temperature; p. 1: Drying temp. and time; p. 1: Closure chamber; p. 1: Build surface treatment; p. 1: Based on 0.4mm nozzle,S-POLYCN-TDS-Polymaker-PETG-V2-0-2025-11-17,Build surface treatment PC and Textured PEI,Locator names the rows now read.,agrees,gap-fill,line,reader,reader-r1-54-b,batch-54.csv#103,G020-15
ready,profiles,P0349,Locator,p. 1: Recommended printing settings: Nozzle temperature; p. 1: Drying temp. and time; p. 1: Closure chamber,p. 1: Recommended printing settings: Nozzle temperature; p. 1: Drying temp. and time; p. 1: Closure chamber; p. 1: Build surface treatment; p. 1: Based on 0.4mm nozzle,S-POLYCN-TDS-Polymaker-PLA-Pro-v6-0-2026-01-30-EN,Build surface treatment PC and Textured PEI,Locator names the rows now read.,agrees,gap-fill,line,reader,reader-r1-54-b,batch-54.csv#148,G001-30
ready,profiles,P0290,Locator,p. 1: Recommended printing settings: Nozzle temperature; p. 1: Drying temp. and time; p. 1: Closure chamber,p. 1: Recommended printing settings: Nozzle temperature; p. 1: Drying temp. and time; p. 1: Closure chamber; p. 1: Build surface treatment; p. 1: Based on 0.4mm nozzle,S-POLYCN-TDS-Polymaker-PolyFlex-TPU90-V5-6-2025-12-11-EN,Build surface treatment PC and Textured PEI,Locator names the rows now read.,agrees,gap-fill,line,reader,reader-r1-54-b,batch-54.csv#180,G039-11
ready,profiles,P0320,Locator,p. 1: Recommended printing settings: Nozzle temperature; p. 1: Drying temp. and time; p. 1: Closure chamber,p. 1: Recommended printing settings: Nozzle temperature; p. 1: Drying temp. and time; p. 1: Closure chamber; p. 1: Build surface treatment; p. 1: Based on 0.4mm nozzle,S-POLYCN-TDS-Polymaker-PolyFlex-TPU95-HF-V5-5-2025-12-29-EN,Build surface treatment PC and Textured PEI,Locator names the rows now read.,agrees,gap-fill,line,reader,reader-r1-54-b,batch-54.csv#212,G039-12
ready,profiles,P0333,Locator,p. 1: Recommended printing settings: Nozzle temperature; p. 1: Drying temp. and time; p. 1: Closure chamber,p. 1: Recommended printing settings: Nozzle temperature; p. 1: Drying temp. and time; p. 1: Closure chamber; p. 1: Build surface treatment; p. 1: Based on 0.4mm nozzle,S-POLYCN-TDS-Polymaker-PolyFlex-TPU95-V5-5-2025-12-29-EN,Build surface treatment PC and Textured PEI,Locator names the rows now read.,agrees,gap-fill,line,reader,reader-r1-54-b,batch-54.csv#244,G039-13
ready,profiles,P0342,Locator,p. 1: Recommended printing settings: Nozzle temperature; p. 1: Drying temp. and time; p. 1: Closure chamber,p. 1: Recommended printing settings: Nozzle temperature; p. 1: Drying temp. and time; p. 1: Closure chamber; p. 1: Build surface treatment; p. 1: Based on 0.4mm nozzle,S-POLYCN-TDS-Polymaker-PolyLite-CosPLA-Version-A-V5-5-2025-12-30-EN,Build surface treatment PC and Textured PEI,Locator names the rows now read.,agrees,gap-fill,line,reader,reader-r1-54-b,batch-54.csv#289,G001-28
ready,profiles,P0336,Locator,p. 1: Recommended printing settings: Nozzle temperature; p. 1: Drying temp. and time; p. 1: Closure chamber,p. 1: Recommended printing settings: Nozzle temperature; p. 1: Drying temp. and time; p. 1: Closure chamber; p. 1: Build surface treatment; p. 1: Based on 0.4mm nozzle,S-POLYCN-TDS-Polymaker-PolyLite-PLA-Pro-V5-6-2026-01-05-EN,Build surface treatment PC and Textured PEI,Locator names the rows now read.,agrees,gap-fill,line,reader,reader-r1-54-b,batch-54.csv#333,G001-27
ready,profiles,P0276,Locator,p. 1: Recommended printing settings: Nozzle temperature; p. 1: Drying temp. and time; p. 1: Closure chamber,p. 1: Recommended printing settings: Nozzle temperature; p. 1: Drying temp. and time; p. 1: Closure chamber; p. 1: Build surface treatment; p. 1: Based on 0.4mm nozzle,S-POLYCN-TDS-Polymaker-PolyMax-PC-V5-5-2026-01-05-EN,Build surface treatment PC and Textured PEI,Locator names the rows now read.,agrees,gap-fill,line,reader,reader-r1-54-b,batch-54.csv#378,G035-06
ready,profiles,P0358,Locator,p. 1: Recommended printing settings: Nozzle temperature; p. 1: Drying temp. and time; p. 1: Closure chamber,p. 1: Recommended printing settings: Nozzle temperature; p. 1: Drying temp. and time; p. 1: Closure chamber; p. 1: Build surface treatment; p. 1: Based on 0.4mm nozzle,S-POLYCN-TDS-Polymaker-PolyMax-PETG-V5-5-2026-01-06-EN,Build surface treatment PC and Textured PEI,Locator names the rows now read.,agrees,gap-fill,line,reader,reader-r1-54-b,batch-54.csv#426,G020-16
ready,profiles,P0317,Locator,p. 1: Recommended printing settings: Nozzle temperature; p. 1: Drying temp. and time; p. 1: Closure chamber,p. 1: Recommended printing settings: Nozzle temperature; p. 1: Drying temp. and time; p. 1: Closure chamber; p. 1: Build surface treatment; p. 1: Based on 0.4mm nozzle,S-POLYCN-TDS-Polymaker-PolyMax-PLA-V5-5-2026-01-06-EN,Build surface treatment PC and Textured PEI,Locator names the rows now read.,agrees,gap-fill,line,reader,reader-r1-54-b,batch-54.csv#472,G001-24
ready,profiles,P0286,Locator,p. 1: Recommended printing settings: Nozzle temperature; p. 1: Drying temp. and time; p. 1: Closure chamber,p. 1: Recommended printing settings: Nozzle temperature; p. 1: Drying temp. and time; p. 1: Closure chamber; p. 1: Build surface treatment; p. 1: Based on 0.4mm nozzle,S-POLYCN-TDS-Polymaker-PolySonic-PLA-Pro-6-0-2026-06-08-EN,Build surface treatment PC and Texture PEI (Glue when needed),Locator names the rows now read.,agrees,gap-fill,block,reader,reader-r1-54-b,batch-54.csv#533,G001-20
ready,profiles,P0287,Locator,"p. 1: Recommended printing settings: Nozzle temperature, High-speed","p. 1: Recommended printing settings: Nozzle temperature, High-speed; p. 1: Build surface treatment; p. 1: Based on 0.4mm nozzle",S-POLYCN-TDS-Polymaker-PolySonic-PLA-Pro-6-0-2026-06-08-EN,Build surface treatment PC and Texture PEI (Glue when needed),Locator names the rows now read.,agrees,gap-fill,block,reader,reader-r1-54-b,batch-54.csv#533,G001-20
ready,profiles,P0990,Locator,p. 1: Recommended printing settings; p. 1: Closure chamber,p. 1: Recommended printing settings; p. 1: Closure chamber; p. 1: Build surface treatment; p. 1: Based on 0.4mm nozzle,S-POLYCN-TDS-Polymaker-PolySupport-v5-5-2026-01-14-EN,Build surface treatment PC and Textured PEI,Locator names the rows now read.,agrees,gap-fill,line,reader,reader-r1-54-b,batch-54.csv#557,G077-02
ready,profiles,P0592,Locator,p. 1: Recommended printing settings,p. 1: Recommended printing settings; p. 1: Bed Type,S-PVB-0eaa8597-prusament-rpla-natural-pigments-technical-data-sheet,Bed Type smooth PEI sheet; powder coated sheet; satin sheet,Locator names the rows now read.,agrees,gap-fill,line,reader,reader-r1-55,batch-55.csv#34,G001-77
ready,profiles,P0634,Locator,p. 1: Recommended printing settings,p. 1: Recommended printing settings; p. 1: Bed Type,S-PVB-269cd3c8-prusament-pla-hs-technical-datasheet,"Bed Type smooth PEI sheet, powder coated sheet, satin sheet",Locator names the rows now read.,agrees,gap-fill,line,reader,reader-r1-55,batch-55.csv#77,G001-87
ready,profiles,P0698,Locator,p. 1: Recommended printing settings,p. 1: Recommended printing settings; p. 1: Bed Type; p. 1: Additional Info,S-PVB-512923fd-tds-pp-glass-fiber-en,Bed Type PP sheet,Locator names the rows now read.,agrees,gap-fill,line,reader,reader-r1-55,batch-55.csv#123,G084-02
ready,profiles,P1238,Locator,"p. 1: Nozzle Temperature [°C], Heatbed Temperature [°C]","p. 1: Nozzle Temperature [°C], Heatbed Temperature [°C]; p. 1: Bed Type",S-PVB-8-PETG-RECYCLED-Prusament-TDS-2022,Bed Type satin sheet; powder coated sheet; smooth PEI sheet* | * with a glue stick,Locator names the rows now read.,agrees,gap-fill,line,reader,reader-r1-55,batch-55.csv#210,G020-59
ready,profiles,P0631,Locator,p. 1: Recommended printing settings,p. 1: Recommended printing settings; p. 1: Bed Type,S-PVB-80316f6d-tds-prusament-tpu-95a-en-1,"Bed Type PA Nylon, PP, Satin, Textured, and PEI smooth* sheet | * with a glue stick as a separate layer",Locator names the rows now read.,agrees,gap-fill,line,reader,reader-r1-55,batch-55.csv#253,G039-35
ready,profiles,P0580,Locator,p. 1: Recommended printing settings: Nozzle Temperature,p. 1: Recommended printing settings: Nozzle Temperature; p. 1: Bed Type,S-PVB-9f8d2165-tds-prusament-petg-n-en,Bed Type satin sheet; powder coated sheet; smooth PEI sheet* | *) with a glue stick,Locator names the rows now read.,agrees,gap-fill,line,reader,reader-r1-55,batch-55.csv#298,G020-29
ready,profiles,P0644,Locator,p. 1: Recommended printing settings,p. 1: Recommended printing settings; p. 1: Bed Type; p. 1: Additional Info,S-PVB-b4ef2bf6-technical-data-sheet-1,Bed Type PP sheet,Locator names the rows now read.,agrees,gap-fill,line,reader,reader-r1-55,batch-55.csv#342,G083-03
ready,profiles,P0670,Locator,p. 1: Recommended printing settings: Nozzle Temperature,p. 1: Recommended printing settings: Nozzle Temperature; p. 1: Bed Type,S-PVB-bc8551ef-tds-prusament-asa-2024-en,Bed Type satin sheet; smooth PEI sheet; powder coated sheet** | ** with a glue stick,Locator names the rows now read.,agrees,gap-fill,line,reader,reader-r1-55,batch-55.csv#387,G031-20
ready,profiles,P0655,Locator,p. 1: Recommended printing settings,p. 1: Recommended printing settings; p. 1: Bed Type; p. 1: Additional Info,S-PVB-e032493a-tds-pc-space-grade-en,Bed Type Satin / TXT / PP sheet,Locator names the rows now read.,agrees,gap-fill,line,reader,reader-r1-55-c,batch-55.csv#429,G037-06
ready,profiles,P0600,Locator,p. 1: Recommended printing settings: Nozzle Temperature,p. 1: Recommended printing settings: Nozzle Temperature; p. 1: Bed Type,S-PVB-PCBlend-Prusament-TDS-2022-16-EN,Bed Type satin sheet; smooth PEI sheet**; powder coated sheet** | ** with a glue stick,Locator names the rows now read.,agrees,gap-fill,line,reader,reader-r1-55-c,batch-55.csv#483,G035-15
ready,profiles,P0739,Locator,p. 1: Recommended printing settings,p. 1: Recommended printing settings; p. 1: Bed Type; p. 1: Additional Info,S-PVB-Prusament-PC-Space-Grade-Black,Bed Type Satin / TXT / PP sheet,Locator names the rows now read.,agrees,gap-fill,line,reader,reader-r1-55-c,batch-55.csv#529,G037-06
ready,profiles,P0783,Locator,p. 1: Recommended printing settings,p. 1: Recommended printing settings; p. 1: Bed Type,S-PVB-prusament-petg-v0-technical-data-sheet,Bed Type satin sheet; powder coated sheet; smooth PEI sheet* | * with a glue stick,Locator names the rows now read.,agrees,gap-fill,line,reader,reader-r1-55-c,batch-55.csv#583,G020-47
ready,profiles,P1199,Locator,"p. 1: Nozzle Temperature [°C], Heatbed Temperature [°C]","p. 1: Nozzle Temperature [°C], Heatbed Temperature [°C]; p. 1: Bed Type",S-PVB-prusament-pla-technical-data-sheet,Bed Type smooth PEI sheet; powder coated sheet; satin sheet,Locator names the rows now read.,agrees,gap-fill,line,reader,reader-r1-55-c,batch-55.csv#628,G001-144
ready,profiles,P0770,Locator,p. 1: Recommended printing settings,p. 1: Recommended printing settings; p. 1: Bed Type,S-PVB-prusament-rpla-natural-pigments-technical-data-sheet,Bed Type smooth PEI sheet; powder coated sheet; satin sheet,Locator names the rows now read.,agrees,gap-fill,line,reader,reader-r1-56-b,batch-56.csv#10,G001-77
ready,profiles,P1251,Locator,"p. 1: Nozzle Temperature [°C], Heatbed Temperature [°C]","p. 1: Nozzle Temperature [°C], Heatbed Temperature [°C]; p. 1: Bed Type",S-PVB-TDS-Prusament-PCCF-2023-EN,Bed Type satin sheet; powder coated sheet; smooth PEI sheet** | ** with a glue stick,Locator names the rows now read.,agrees,gap-fill,line,reader,reader-r1-56-b,batch-56.csv#91,G037-10
ready,profiles,P0806,Locator,p. 3: Recommended printing settings,p. 3: Recommended printing settings; p. 3: 3. RECOMMENDATION OF PRINTING,S-PVB-technisches-datenblatt-2,"There might be some problems to achieve proper adhesion on glass bed. Using perforated bed, PVA glue, specialized product (Dimafix), kapton coating or other different way to obtain adhesion is recommended.",Locator names the rows now read.,agrees,gap-fill,line,reader,reader-r1-56-b,batch-56.csv#181,G027-33
ready,profiles,P1248,Locator,"p. 3: Nozzle temperature, Build plate temperature","p. 3: Nozzle temperature, Build plate temperature; p. 3: Recommended nozzle diameter; p. 3: Recommended build surface",R-QIDI-ASA-AERO,Recommended nozzle diameter | ≥0.4mm,Locator names the rows now read.,agrees,gap-fill,line,reader,reader-r1-56-b,batch-56.csv#229,G032-04
ready,profiles,P0922,Locator,p. 3: Recommended printing settings; p. 4: Drying note; p. 3: Build plate temperature,p. 3: Recommended printing settings; p. 4: Drying note; p. 3: Build plate temperature; p. 3: Recommended Nozzle Diameter; p. 4: Additional Suggestions 3,R-QIDI-PA12-CF,建议喷嘴大小 | Recommended Nozzle Diameter | 0.4-1.0mm,Locator names the rows now read.,agrees,gap-fill,line,reader,reader-r1-56-c,batch-56.csv#768,G059-02
ready,profiles,P0762,Locator,p. 2: Recommended printing settings; p. 3: Drying note,p. 2: Recommended printing settings; p. 3: Drying note; p. 3: Recommended nozzle diameter; p. 3: Recommended build surface,R-QIDI-PEBA-95A,Recommended nozzle diameter | ≥0.2 mm,Locator names the rows now read.,agrees,gap-fill,line,reader,reader-r1-56-c,batch-56.csv#811,G045-07
ready,profiles,P1145,Locator,p. 4: Drying note; p. 3: Nozzle Temperature; p. 4: Build plate temperature; p. 5: Nozzle,p. 4: Drying note; p. 3: Nozzle Temperature; p. 4: Build plate temperature; p. 5: Nozzle; p. 3: Recommended Nozzle Diameter,R-QIDI-PET-GF,建议喷嘴大小 | Recommended Nozzle Diameter | 0.4-1.0 mm,Locator names the rows now read.,agrees,gap-fill,line,reader,reader-r1-56-c,batch-56.csv#859,G068-05
ready,profiles,P0758,Locator,p. 5: Recommended printing settings,p. 5: Recommended printing settings; p. 5: Recommended Build Surface,R-QIDI-PETG-CF,Recommended Build Surface | PEI board or glue,Locator names the rows now read.,agrees,gap-fill,line,reader,reader-r1-56-c,batch-56.csv#918,G024-16
ready,profiles,P0759,Locator,p. 5: Recommended printing settings,p. 5: Recommended printing settings; p. 5: Recommended Build Surface; p. 5: Footnote,R-QIDI-PETG-GF,Recommended Build Surface PEI board or glue,Locator names the rows now read.,agrees,gap-fill,line,reader,reader-r1-57,batch-57.csv#44,G025-04
ready,profiles,P0761,Locator,p. 5: Recommended printing settings,p. 5: Recommended printing settings; p. 5: Recommended Build board; p. 5: Footnote,R-QIDI-PETG-RAPIDO,Recommended Build board PEI board,Locator names the rows now read.,agrees,gap-fill,line,reader,reader-r1-57,batch-57.csv#92,G020-44
ready,profiles,P1236,Locator,"p. 3: Nozzle temperature, Build plate temperature","p. 3: Nozzle temperature, Build plate temperature; p. 3: Recommended nozzle diameter and nozzle material; p. 3: Recommended build surface",R-QIDI-PETG-TOUGH,Recommended nozzle diameter and nozzle material | 0.2-1.0mm 铜制喷头,Locator names the rows now read.,agrees,gap-fill,line,reader,reader-r1-57,batch-57.csv#122,G020-45
ready,profiles,P1138,Locator,p. 4: Drying note; p. 3: Nozzle temperature; p. 3: Build plate temperature,p. 4: Drying note; p. 3: Nozzle temperature; p. 3: Build plate temperature; p. 3: Recommended nozzle diameter; p. 3: Recommended build surface,R-QIDI-TPU95A-HF,Recommended nozzle diameter | ≥0.2mm,Locator names the rows now read.,agrees,gap-fill,line,reader,reader-r1-57,batch-57.csv#201,G039-50
ready,profiles,P0918,Locator,"p. 1: the notes under the test specimens' conditions, the sheet's only printing guidance (m295); p. 2: Drying note","p. 1: the notes under the test specimens' conditions, the sheet's only printing guidance (m295); p. 2: Drying note; p. 1: Specimen print: Nozzle temp.; p. 1: Specimen print: Bed temp.",D-RAISE3D-Raise3D-Hyper-Core-ABS-CF15-TDS-V1-0,Nozzle temp.= 250 ºC,Locator names the rows now read.,agrees,gap-fill,line,reader,reader-r1-57-c,batch-57.csv#286,G029-09
ready,profiles,P1263,Locator,p. 2: Nozzle note; p. 2: Notes,p. 2: Nozzle note; p. 2: Notes; p. 1: Specimen print: Nozzle temp.; p. 1: Specimen print: Bed temp.,D-RAISE3D-Raise3D-Hyper-Core-PPA-CF25-TDS-V2-0,Nozzle temp. = 320 ºC,Locator names the rows now read.,agrees,gap-fill,line,reader,reader-r1-57-c,batch-57.csv#330,G070-08
ready,profiles,P0912,Locator,"p. 1: the notes under the test specimens' conditions, the sheet's only printing guidance (m295)","p. 1: the notes under the test specimens' conditions, the sheet's only printing guidance (m295); p. 1: Nozzle temp.; p. 1: Bed temp.",D-RAISE3D-Raise3D-Hyper-Core-PPA-GF25-TDS-V1-1,Nozzle temp. = 340 ºC,Locator names the rows now read.,agrees,gap-fill,line,reader,reader-r1-58,batch-58.csv#17,G071-05
ready,profiles,P0618,Locator,p. 2: Recommended printing settings,p. 2: Recommended printing settings; p. 2: Nozzle diameter; p. 2: nozzle temperature; p. 2: build plate temperature,D-RAISE3D-Raise3D-Hyper-Speed-ABS-Filament-TDS-V2-0,Nozzle diameter=0.4mm,Locator names the rows now read.,agrees,gap-fill,line,reader,reader-r1-58,batch-58.csv#67,G027-24
ready,profiles,P0917,Locator,"p. 2: the conditions the test specimens were printed under, which are not printing guidance (m170)","p. 2: the conditions the test specimens were printed under, which are not printing guidance (m170); p. 2: Nozzle temp.; p. 2: Bed temp.; p. 2: Note 1",D-RAISE3D-Raise3D-Hyper-Speed-PETG-CF-TDS-V1-0,Nozzle temp. =270 ºC,Locator names the rows now read.,agrees,gap-fill,line,reader,reader-r1-58,batch-58.csv#157,G024-20
ready,profiles,P0919,Locator,p. 1: Recommended printing settings,p. 1: Recommended printing settings; p. 1: Nozzle diameter; p. 1: nozzle temperature; p. 1: build plate temperature,D-RAISE3D-Raise3D-Hyper-Speed-PLA-Filament-TDS-V4-0-EN,Nozzle diameter = 0.4 mm,Locator names the rows now read.,agrees,gap-fill,line,reader,reader-r1-58,batch-58.csv#195,G001-155
ready,profiles,P0907,Locator,"p. 1: the notes under the test specimens' conditions, the sheet's only printing guidance (m295); p. 2: Drying note; p. 2: Nozzle note","p. 1: the notes under the test specimens' conditions, the sheet's only printing guidance (m295); p. 2: Drying note; p. 2: Nozzle note; p. 1: Nozzle temp.; p. 1: Bed temp.",D-RAISE3D-Raise3D-Hyper-Speed-PLA-Pro-TDS-V1-0-1,Nozzle temp.= 230 ºC,Locator names the rows now read.,agrees,gap-fill,line,reader,reader-r1-58,batch-58.csv#239,G001-152
ready,profiles,P0656,Locator,"p. 2: the notes under the test specimens' conditions, the sheet's only printing guidance (m295); p. 2: Notes","p. 2: the notes under the test specimens' conditions, the sheet's only printing guidance (m295); p. 2: Notes; p. 2: Nozzle temp.; p. 2: Bed temp.",D-RAISE3D-Raise3D-Industrial-PET-CF-TDS-V2-8c9901cf-e1d5-4e11-b9e2-cd245c298c4f,Nozzle temp. 300ºC,Locator names the rows now read.,agrees,gap-fill,line,reader,reader-r1-58,batch-58.csv#380,G067-05
ready,profiles,P0673,Locator,"p. 1: the notes under the test specimens' conditions, the sheet's only printing guidance (m295); p. 2: Notes","p. 1: the notes under the test specimens' conditions, the sheet's only printing guidance (m295); p. 2: Notes; p. 2: Specimen print: Nozzle temp.; p. 2: Specimen print: Bed temp.",D-RAISE3D-Raise3D-Industrial-PET-CF-TDS-V4-0,Nozzle temp. = 320 ºC,Locator names the rows now read.,agrees,gap-fill,line,reader,reader-r1-58-c,batch-58.csv#445,G067-05
ready,profiles,P0633,Locator,"p. 2: the notes under the test specimens' conditions, the sheet's only printing guidance (m295); p. 2: Notes","p. 2: the notes under the test specimens' conditions, the sheet's only printing guidance (m295); p. 2: Notes; p. 2: Specimen print: Nozzle temp; p. 2: Specimen print: Bed temp",D-RAISE3D-Raise3D-Industrial-PET-GF-TDS-V1,Nozzle temp 320℃,Locator names the rows now read.,agrees,gap-fill,line,reader,reader-r1-58-c,batch-58.csv#475,G068-04
ready,profiles,P0635,Locator,"p. 2: the conditions the test specimens were printed under, which are not printing guidance (m170)","p. 2: the conditions the test specimens were printed under, which are not printing guidance (m170); p. 2: Specimen print: nozzle temperature; p. 2: Specimen print: build plate temperature",D-RAISE3D-Raise3D-Industrial-PETG-ESD-TDS-V3,nozzle temperature = 245 °C,Locator names the rows now read.,agrees,gap-fill,line,reader,reader-r1-58-c,batch-58.csv#517,G026-06
ready,profiles,P0909,Locator,"p. 2: the conditions the test specimens were printed under, which are not printing guidance (m170)","p. 2: the conditions the test specimens were printed under, which are not printing guidance (m170); p. 1: Description; p. 2: Footnote 1 (after annealed table); p. 3: Note 1",D-RAISE3D-Raise3D-Industrial-PPS-CF-TDS-V1-1,PPS CF is well compatible with non-heated printing camber,Locator names the rows now read.,agrees,gap-fill,line,reader,reader-r1-59,batch-59.csv#32,G073-07
ready,profiles,P0910,Locator,p. 2: Recommended printing settings: Nozzle temperature; p. 2: Recommended environmental temperature,p. 2: Recommended printing settings: Nozzle temperature; p. 2: Recommended environmental temperature; p. 2: Build Surface material; p. 2: Note 1,D-RAISE3D-Raise3D-Premium-ABS-TDS-V7-2,Build Surface material | BuildTak®,Locator names the rows now read.,agrees,gap-fill,line,reader,reader-r1-59,batch-59.csv#114,G027-40
ready,profiles,P0582,Locator,p. 2: Recommended printing settings: Nozzle temperature,p. 2: Recommended printing settings: Nozzle temperature; p. 2: Build Surface material; p. 2: Note,D-RAISE3D-Raise3D-Premium-ASA-TDS-v6-0,Build Surface material | BuildTak®,Locator names the rows now read.,agrees,gap-fill,line,reader,reader-r1-59,batch-59.csv#156,G031-16
ready,profiles,P0671,Locator,p. 2: Recommended printing settings: Nozzle temperature,p. 2: Recommended printing settings: Nozzle temperature; p. 2: Build Surface material; p. 2: Based on 0.4 mm nozzle,D-RAISE3D-Raise3d-Premium-PC-Black-White-TDS-V6,Build Surface material BuildTak® recommended,Locator names the rows now read.,agrees,gap-fill,line,reader,reader-r1-59-c,batch-59.csv#190,G035-18
ready,profiles,P1250,Locator,p. 1: Nozzle temperature; p. 2: Build plate temperature; p. 2: Recommended environmental temperature,p. 1: Nozzle temperature; p. 2: Build plate temperature; p. 2: Recommended environmental temperature; p. 1: Build Surface material; p. 2: Based on 0.4 mm nozzle,D-RAISE3D-Raise3d-Premium-PC-Transparent-TDS-V4,Build Surface material BuildTak® recommended,Locator names the rows now read.,agrees,gap-fill,line,single-product,reader-r1-59-c,batch-59.csv#220,G035-16
ready,profiles,P0622,Locator,p. 1: Recommended printing settings: Nozzle temperature,p. 1: Recommended printing settings: Nozzle temperature; p. 2: Based on 0.4 mm nozzle,D-RAISE3D-Raise3d-Premium-PC-Transparent-TDS-V6,Based on 0.4 mm nozzle and ideaMaker. Printing conditions may vary with different nozzle diameters.,Locator names the rows now read.,agrees,gap-fill,line,reader,reader-r1-59-c,batch-59.csv#262,G035-16
ready,profiles,P1237,Locator,"p. 2: Nozzle temperature, Build plate temperature","p. 2: Nozzle temperature, Build plate temperature; p. 2: Build Surface material; p. 2: Note 1",D-RAISE3D-Raise3d-Premium-PETG-TDS-V3,"Build Surface material Glass, BuildTak® recommended",Locator names the rows now read.,agrees,gap-fill,line,reader,reader-r1-59-c,batch-59.csv#280,G020-58
ready,profiles,P0614,Locator,p. 2: Recommended printing settings: Nozzle temperature; p. 2: Recommended environmental temperature (°C),p. 2: Recommended printing settings: Nozzle temperature; p. 2: Recommended environmental temperature (°C); p. 2: Recommended build surface; p. 2: Note,D-RAISE3D-Raise3D-Premium-PLA-TDS-V6-0-EN,"Recommended build surface BuildTak®, Blue Tap",Locator names the rows now read.,agrees,gap-fill,line,reader,reader-r1-59-c,batch-59.csv#314,G001-82
ready,profiles,P0648,Locator,p. 1: Recommended printing settings: Nozzle temperature; p. 1: Notes,p. 1: Recommended printing settings: Nozzle temperature; p. 1: Notes; p. 2: Note,D-RAISE3D-Raise3D-Premium-TPU95A-TDS-V2-2,Based on 0.4 mm nozzle and ideaMaker. Printing conditions may vary with different nozzle diameters.,Locator names the rows now read.,agrees,gap-fill,line,reader,reader-r1-59-c,batch-59.csv#372,G039-36
ready,profiles,P1239,Locator,p. 1: Printing temperatures; p. 1: Hot-bed temperature,p. 1: Printing temperatures; p. 1: Hot-bed temperature; p. 1: Minimal nozzle diameter,R-RECREUS-PET-G-TECHNICAL-DATA-SHEET-TDS-2020-0,Minimal nozzle diameter | 0.1-0.4 mm or higher,Locator names the rows now read.,agrees,gap-fill,line+ocr,reader,reader-r1-59-c,batch-59.csv#453,G020-70
ready,profiles,P1209,Locator,"p. 1: Printing temperatures, bed temperature","p. 1: Printing temperatures, bed temperature; p. 1: Minimal nozzle diameter",R-RECREUS-PLA,Minimal nozzle diameter | 0.1 (0.4 mm or higher recommended),Locator names the rows now read.,agrees,gap-fill,line,reader,reader-r1-59-c,batch-59.csv#496,G001-188
ready,profiles,P1127,Locator,p. 1: Drying note; p. 2: Nozzle Temperature; p. 2: Bed Temperature,p. 1: Drying note; p. 2: Nozzle Temperature; p. 2: Bed Temperature; p. 2: Printing Platform; p. 2: Nozzle Diameter,S-PCGF-ABS-Carbon-Fiber-TDS-Siddament,"- Printing Platform: Tempered Glass, PEI Board, Carbon Fiber Board",Locator names the rows now read.,agrees,gap-fill,line,reader,reader-r1-60-c,batch-60.csv#373,G029-07
ready,profiles,P1121,Locator,p. 1: Drying note; p. 2: Nozzle Temperature; p. 2: Bed Temperature,p. 1: Drying note; p. 2: Nozzle Temperature; p. 2: Bed Temperature; p. 2: Printing Platform; p. 2: Nozzle Diameter,S-PCGF-ABS-TDS-Siddament,"- Printing Platform: Tempered Glass, PEI Board, Carbon Fiber Board",Locator names the rows now read.,agrees,gap-fill,line,reader,reader-r1-60-c,batch-60.csv#398,G027-31
ready,profiles,P1132,Locator,p. 1: Drying note; p. 2: Nozzle Temperature; p. 2: Bed Temperature,p. 1: Drying note; p. 2: Nozzle Temperature; p. 2: Bed Temperature; p. 2: Printing Platform; p. 2: Nozzle Diameter,S-PCGF-ASA-Carbon-Fiber-TDS-Siddament,"- Printing Platform: Tempered Glass, PEI Board, Carbon Fiber Board",Locator names the rows now read.,agrees,gap-fill,line,reader,reader-r1-60-c,batch-60.csv#423,G033-13
ready,profiles,P1128,Locator,p. 1: Drying note; p. 2: Nozzle Temperature; p. 2: Bed Temperature,p. 1: Drying note; p. 2: Nozzle Temperature; p. 2: Bed Temperature; p. 2: Printing Platform; p. 2: Nozzle Diameter,S-PCGF-ASA-TDS-Siddament,"- Printing Platform: Tempered Glass, PEI Board, Carbon Fiber Board",Locator names the rows now read.,agrees,gap-fill,line,reader,reader-r1-60-c,batch-60.csv#474,G031-24
ready,profiles,P1136,Locator,p. 1: Drying note; p. 2: Nozzle Temperature; p. 2: Bed Temperature,p. 1: Drying note; p. 2: Nozzle Temperature; p. 2: Bed Temperature; p. 2: Printing Platform; p. 2: Nozzle Diameter,S-PCGF-PC-Carbon-Fiber-TDS-Siddament,"- Printing Platform: Tempered Glass, PEI Board, Carbon Fiber Board",Locator names the rows now read.,agrees,gap-fill,line,reader,reader-r1-60-c,batch-60.csv#606,G037-08
ready,profiles,P1134,Locator,p. 1: Drying note; p. 2: Nozzle Temperature; p. 2: Bed Temperature,p. 1: Drying note; p. 2: Nozzle Temperature; p. 2: Bed Temperature; p. 2: Printing Platform; p. 2: Nozzle Diameter,S-PCGF-PC-TDS-Siddament,"- Printing Platform: Tempered Glass, PEI Board, Carbon Fiber Board",Locator names the rows now read.,agrees,gap-fill,line,reader,reader-r1-60-c,batch-60.csv#631,G035-20
ready,profiles,P1119,Locator,p. 1: Drying note; p. 2: Nozzle Temperature; p. 2: Bed Temperature; p. 2: Nozzle Diameter,p. 1: Drying note; p. 2: Nozzle Temperature; p. 2: Bed Temperature; p. 2: Nozzle Diameter; p. 2: Printing Platform,S-PCGF-PETG-Carbon-Fiber-TDS-Siddament,"- Printing Platform: Tempered Glass, PEI Board, Carbon Fiber Board",Locator names the rows now read.,agrees,gap-fill,line,reader,reader-r1-61-b,batch-61.csv#39,G024-14
ready,profiles,P1116,Locator,p. 1: Drying note; p. 2: Nozzle Temperature; p. 2: Bed Temperature,p. 1: Drying note; p. 2: Nozzle Temperature; p. 2: Bed Temperature; p. 2: Printing Platform; p. 2: Nozzle Diameter,S-PCGF-PETG-Matte-TDS-Siddament,"- Printing Platform: Tempered Glass, PEI Board, Carbon Fiber Board",Locator names the rows now read.,agrees,gap-fill,line,reader,reader-r1-61-b,batch-61.csv#70,G020-43
ready,profiles,P1115,Locator,p. 1: Drying note; p. 2: Nozzle Temperature; p. 2: Bed Temperature,p. 1: Drying note; p. 2: Nozzle Temperature; p. 2: Bed Temperature; p. 2: Printing Platform; p. 2: Nozzle Diameter,S-PCGF-PETG-TDS-Siddament,"- Printing Platform: Tempered Glass, PEI Board, Carbon Fiber Board",Locator names the rows now read.,agrees,gap-fill,line,reader,reader-r1-61-b,batch-61.csv#91,G020-42
ready,profiles,P1111,Locator,p. 1: Drying note; p. 2: Nozzle Temperature; p. 2: Bed Temperature,p. 1: Drying note; p. 2: Nozzle Temperature; p. 2: Bed Temperature; p. 2: Printing Platform; p. 2: Nozzle Diameter,S-PCGF-PLA-Glow-in-the-Dark-TDS-Siddament,"- Printing Platform: Tempered Glass, PEI Board, Carbon Fiber Board",Locator names the rows now read.,agrees,gap-fill,line,reader,reader-r1-61-b,batch-61.csv#112,G016-03
ready,profiles,P1107,Locator,p. 1: Drying note; p. 2: Nozzle Temperature; p. 2: Bed Temperature,p. 1: Drying note; p. 2: Nozzle Temperature; p. 2: Bed Temperature; p. 2: Printing Platform; p. 2: Nozzle Diameter,S-PCGF-PLA-Marble-TDS-Siddament,"- Printing Platform: Tempered Glass, PEI Board, Carbon Fiber Board",Locator names the rows now read.,agrees,gap-fill,line,reader,reader-r1-61-b,batch-61.csv#133,G012-04
ready,profiles,P1099,Locator,p. 1: Drying note; p. 2: Nozzle Temperature; p. 2: Bed Temperature,p. 1: Drying note; p. 2: Nozzle Temperature; p. 2: Bed Temperature; p. 2: Printing Platform; p. 2: Nozzle Diameter,S-PCGF-PLA-Matte-TDS-Siddament,"- Printing Platform: Tempered Glass, PEI Board, Carbon Fiber Board",Locator names the rows now read.,agrees,gap-fill,line,reader,reader-r1-61-b,batch-61.csv#154,G001-106
ready,profiles,P1098,Locator,p. 1: Drying note; p. 2: Nozzle Temperature; p. 2: Bed Temperature,p. 1: Drying note; p. 2: Nozzle Temperature; p. 2: Bed Temperature; p. 2: Printing Platform; p. 2: Nozzle Diameter,S-PCGF-PLA-TDS-Siddament,"- Printing Platform: Tempered Glass, PEI Board, Carbon Fiber Board",Locator names the rows now read.,agrees,gap-fill,line,reader,reader-r1-61-b,batch-61.csv#175,G001-103
ready,profiles,P1109,Locator,p. 1: Drying note; p. 2: Nozzle Temperature; p. 2: Bed Temperature,p. 1: Drying note; p. 2: Nozzle Temperature; p. 2: Bed Temperature; p. 2: Printing Platform; p. 2: Nozzle Diameter,S-PCGF-PLA-Wood-TDS-Siddament,"- Printing Platform: Tempered Glass, PEI Board, Carbon Fiber Board",Locator names the rows now read.,agrees,gap-fill,line,reader,reader-r1-61-b,batch-61.csv#196,G014-09
ready,profiles,P1137,Locator,p. 1: Drying note; p. 2: Nozzle Temperature; p. 2: Bed Temperature,p. 1: Drying note; p. 2: Nozzle Temperature; p. 2: Bed Temperature; p. 2: Printing Platform; p. 2: Nozzle Diameter,S-PCGF-TPU-95A-TDS-Siddament,"- Printing Platform: Tempered Glass, PEI Board, Carbon Fiber Board",Locator names the rows now read.,agrees,gap-fill,line,reader,reader-r1-61-b,batch-61.csv#217,G039-49
ready,profiles,P1146,Locator,"p. 5: Bed Temperature, Drying note, Nozzle Temperature; p. 4: Nozzle note; p. 4: Printing tips","p. 5: Bed Temperature, Drying note, Nozzle Temperature; p. 4: Nozzle note; p. 4: Printing tips; p. 4: Preparing for Printing; p. 4: Hardware Requirements - Nozzle Diameter",D-SIRAYA-Fibreheart-PPA-TDS,Ensure proper bed adhesion using a PEI sheet or PVP glue coating to prevent warping.,Locator names the rows now read.,agrees,gap-fill,line,reader,reader-r1-61-c,batch-61.csv#298,G069-02
ready,profiles,P0994,Locator,p. 1: Recommended printing settings; p. 1: Enclosure,p. 1: Recommended printing settings; p. 1: Enclosure; p. 1: Compatible Build surfaces; p. 1: Recommended Nozzle Diameter,D-SIRAYA-fibreheart-tpu-gf-filament-tds,"Compatible Build surfaces Glass, PEI Film, or PVP Glue Stick",Locator names the rows now read.,agrees,gap-fill,line,reader,reader-r1-61-c,batch-61.csv#339,G151-01
ready,profiles,P1031,Locator,p. 1: Recommended printing settings; p. 1: Drying note,p. 1: Recommended printing settings; p. 1: Drying note; p. 1: Nozzle; p. 1: Build Surface,D-SIRAYA-rebound-peba-85a-filament-tds,Nozzle ≥ 0.2 mm (≥ 0.4mm is recommended for ease of use),Locator names the rows now read.,agrees,gap-fill,line,reader,reader-r1-61-c,batch-61.csv#373,G045-10
ready,profiles,P0892,Locator,p. 1: Recommended printing settings; p. 1: Drying note; p. 1: Enclosure; p. 1: chamber statement,p. 1: Recommended printing settings; p. 1: Drying note; p. 1: Enclosure; p. 1: chamber statement; p. 1: Build Platform Material,D-SIRAYA-siraya-tech-fibreheart-abs-cf-core-tds,Build Platform Material PEI film | Note: 1. With optional Glue Stick or PVP glue coating for enhanced adhesion.,Locator names the rows now read.,agrees,gap-fill,line,reader,reader-r1-61-c,batch-61.csv#407,G029-08
ready,profiles,P1139,Locator,p. 1: Drying note,p. 1: Drying note; p. 1: (1) Temperature Settings; p. 1: (3) Nozzle Size; p. 1: (5) Build Platform Material,D-SIRAYA-siraya-tech-fibreheart-flex-tpu-85a-tds,Ideal extrusion temperatures range from 200°C to 225°C,Locator names the rows now read.,agrees,gap-fill,line,single-product,reader-r1-61-c,batch-61.csv#441,G039-67
ready,profiles,P0975,Locator,p. 1: Recommended printing settings; p. 1: Drying note,p. 1: Recommended printing settings; p. 1: Drying note; p. 1: Recommended Nozzle Diameter; p. 1: Build Platform Material,D-SIRAYA-siraya-tech-fibreheart-flex-tpu-95a-tds,Recommended Nozzle Diameter 0.2mm (The best results: 0.4mm),Locator names the rows now read.,agrees,gap-fill,line,single-product,reader-r1-61-c,batch-61.csv#483,G039-66
ready,profiles,P0925,Locator,p. 1: Recommended printing settings; p. 1: Drying; p. 1: Recommended build plate temperature,p. 1: Recommended printing settings; p. 1: Drying; p. 1: Recommended build plate temperature; p. 1: Nozzle; p. 1: Print Bed Surface Coating,D-SIRAYA-siraya-tech-fibreheart-paht-cf-ppa-based-tds,Nozzle Use a hardened steel nozzle or higher grade Size request: 0.4mm and above,Locator names the rows now read.,agrees,gap-fill,line,reader,reader-r1-61-c,batch-61.csv#523,G070-09
ready,profiles,P0986,Locator,p. 1: Recommended printing settings,p. 1: Recommended printing settings; p. 1: Recommended Nozzle Size; p. 1: Build Plate Adhesion,D-SIRAYA-siraya-tech-rebound-peba-95a-tds,Recommended Nozzle Size ≥ 0.4mm,Locator names the rows now read.,agrees,gap-fill,line,reader,reader-r1-61-c,batch-61.csv#545,G045-08
ready,profiles,P1017,Locator,p. 1: Recommended printing settings: Nozzle Temperature; p. 1: Drying note,p. 1: Recommended printing settings: Nozzle Temperature; p. 1: Drying note; p. 1: Build Surface,D-SIRAYA-siraya-tech-rebound-peba-air-70a-95a-tds,"Build Surface Glass, PEI Film, or PC Film",Locator names the rows now read.,agrees,gap-fill,line,reader,reader-r1-61-c,batch-61.csv#606,G045-09
ready,profiles,P1304,Locator,"p. 1: Exact-product chamber guidance: Enclosure Not mandatory, but it is recommended","p. 1: Exact-product chamber guidance: Enclosure Not mandatory, but it is recommended; p. 1: Compatible Build surfaces; p. 1: Recommended Nozzle Diameter",D-SIRAYA-TECH-PRINT-20260928-fc27f63b931a,"Compatible Build surfaces  Glass, PEI Film, or PVP Glue Stick",Locator names the rows now read.,agrees,gap-fill,line,reader,reader-r1-62,batch-62.csv#65,G151-01
ready,profiles,P0176,Locator,p. 1: Recommended printing settings; p. 1: Nozzle note,p. 1: Recommended printing settings; p. 1: Nozzle note; p. 1: Dry box,S-SPECTRUM-en-tds-petg-frv0,Dry box not necessary,Locator names the rows now read.,agrees,gap-fill,line,reader,reader-r1-62,batch-62.csv#180,G020-05
ready,profiles,P0214,Locator,p. 1: Recommended printing settings; p. 1: Nozzle note,p. 1: Recommended printing settings; p. 1: Nozzle note; p. 1: Dry box,S-SPECTRUM-en-tds-petg-matt,Dry box not necessary,Locator names the rows now read.,agrees,gap-fill,line,reader,reader-r1-62,batch-62.csv#207,G020-09
ready,profiles,P0191,Locator,p. 1: Recommended printing settings; p. 1: Nozzle note,"p. 1: Recommended printing settings; p. 1: Nozzle note; p. 1: Dry box; p. 1: * settings are based on a 0,4 mm nozzle.",S-SPECTRUM-en-tds-spectrum-abs-gp450,Dry box not necessary,Locator names the rows now read.,agrees,gap-fill,line,reader,reader-r1-62-c,batch-62.csv#232,G027-03
ready,profiles,P0192,Locator,p. 1: Recommended printing settings; p. 1: Nozzle note,"p. 1: Recommended printing settings; p. 1: Nozzle note; p. 1: Dry box; p. 1: * settings are based on a 0,4 mm nozzle.",S-SPECTRUM-en-tds-spectrum-asa-275,Dry box not necessary,Locator names the rows now read.,agrees,gap-fill,line,reader,reader-r1-62-c,batch-62.csv#263,G031-03
ready,profiles,P0195,Locator,p. 1: Recommended printing settings,"p. 1: Recommended printing settings; p. 1: Dry box; p. 1: * settings are based on a 0,4 mm nozzle.",S-SPECTRUM-en-tds-spectrum-asax-cf10,Dry box not necessary,Locator names the rows now read.,agrees,gap-fill,line,reader,reader-r1-62-c,batch-62.csv#290,G033-04
ready,profiles,P0041,Locator,Recommended printing settings,Recommended printing settings; p. 1: Dry box; p. 1: * settings are based on a 0.5mm nozzle,S-SPECTRUM-en-tds-spectrum-asax-x-gf10,Dry box not necessary,Locator names the rows now read.,agrees,gap-fill,line,reader,reader-r1-62-c,batch-62.csv#316,G034-01
ready,profiles,P0555,Locator,p. 1: Recommended printing settings; p. 1: Nozzle note,"p. 1: Recommended printing settings; p. 1: Nozzle note; p. 1: Dry box; p. 1: * settings are based on a 0,4 mm nozzle.",S-SPECTRUM-en-tds-spectrum-flameguard-asa-275,Dry box not necessary,Locator names the rows now read.,agrees,gap-fill,line,reader,reader-r1-62-c,batch-62.csv#349,G031-15
ready,profiles,P0223,Locator,p. 1: Recommended printing settings; p. 1: Nozzle note,"p. 1: Recommended printing settings; p. 1: Nozzle note; p. 1: Dry box; p. 1: * settings are based on a 0,4 mm nozzle.",S-SPECTRUM-en-tds-spectrum-flameguard-pla,Dry box not necessary,Locator names the rows now read.,agrees,gap-fill,line,reader,reader-r1-62-c,batch-62.csv#373,G001-14
ready,profiles,P0179,Locator,p. 1: Recommended printing settings: Nozzle temperature - standard speed; p. 1: Nozzle note,"p. 1: Recommended printing settings: Nozzle temperature - standard speed; p. 1: Nozzle note; p. 1: Dry box; p. 1: * settings are based on a 0,4 mm nozzle.",S-SPECTRUM-en-tds-spectrum-high-speed,Dry box not necessary,Locator names the rows now read.,agrees,gap-fill,line,reader,reader-r1-62-c,batch-62.csv#396,G001-05
ready,profiles,P0180,Locator,p. 1: Recommended printing settings: Nozzle temperature - high speed,"p. 1: Recommended printing settings: Nozzle temperature - high speed; p. 1: Dry box; p. 1: * settings are based on a 0,4 mm nozzle.",S-SPECTRUM-en-tds-spectrum-high-speed,Dry box not necessary,Locator names the rows now read.,agrees,gap-fill,line,reader,reader-r1-62-c,batch-62.csv#396,G001-05
ready,profiles,P0102,Locator,Recommended printing settings; p. 1: Nozzle note,"Recommended printing settings; p. 1: Nozzle note; p. 1: Dry box; p. 1: * settings are based on a 0,4 mm nozzle.",S-SPECTRUM-en-tds-spectrum-hipsx,Dry box not necessary,Locator names the rows now read.,agrees,gap-fill,line,reader,reader-r1-62-c,batch-62.csv#425,G081-02
ready,profiles,P0225,Locator,p. 1: Recommended printing settings; p. 1: Drying (if wet) ***; p. 1: Ruby or hardened nozzle,p. 1: Recommended printing settings; p. 1: Drying (if wet) ***; p. 1: Ruby or hardened nozzle; p. 1: * settings are based on a 0.4mm nozzle,S-SPECTRUM-en-tds-spectrum-lw-asa-ultrafoam,* settings are based on a 0.4mm nozzle,Locator names the rows now read.,agrees,gap-fill,line,reader,reader-r1-62-c,batch-62.csv#455,G032-02
ready,profiles,P0204,Locator,p. 1: Recommended printing settings; p. 1: Nozzle note,"p. 1: Recommended printing settings; p. 1: Nozzle note; p. 1: Dry box; p. 1: * settings are based on a 0,4 mm nozzle.",S-SPECTRUM-en-tds-spectrum-medical,Dry box not necessary,Locator names the rows now read.,agrees,gap-fill,line,reader,reader-r1-62-c,batch-62.csv#480,G027-04
ready,profiles,P0210,Locator,p. 1: Recommended printing settings; p. 1: Drying (if wet) ***,p. 1: Recommended printing settings; p. 1: Drying (if wet) ***; p. 1: Recommended nozzle,S-SPECTRUM-en-tds-spectrum-pa6-cf15,"Recommended nozzle ≥ 0.5 mm | * settings are based on a 0,5 mm nozzle.",Locator names the rows now read.,agrees,gap-fill,line,reader,reader-r1-62-c,batch-62.csv#514,G050-04
ready,profiles,P0203,Locator,p. 1: Recommended printing settings; p. 1: Drying (if wet) ***; p. 1: Nozzle note,p. 1: Recommended printing settings; p. 1: Drying (if wet) ***; p. 1: Nozzle note; p. 1: * settings are based on a 0.5mm nozzle,S-SPECTRUM-en-tds-spectrum-pc-275,* settings are based on a 0.5mm nozzle,Locator names the rows now read.,agrees,gap-fill,line,reader,reader-r1-62-c,batch-62.csv#542,G035-03
ready,profiles,P0120,Locator,Recommended printing settings; p. 2: Nozzle note,Recommended printing settings; p. 2: Nozzle note; p. 2: Dry box; p. 2: * settings are based on a 0.5mm nozzle,S-SPECTRUM-en-tds-spectrum-pc-abs-fr-v0,Dry box not necessary,Locator names the rows now read.,agrees,gap-fill,line,reader,reader-r1-62-c,batch-62.csv#576,G094-03
ready,profiles,P0046,Locator,Recommended printing settings; p. 1: Drying (if wet) ***,Recommended printing settings; p. 1: Drying (if wet) ***; p. 1: * settings are based on a 0.4mm nozzle,S-SPECTRUM-en-tds-spectrum-pc-cf,* settings are based on a 0.4mm nozzle,Locator names the rows now read.,agrees,gap-fill,line,reader,reader-r1-62-c,batch-62.csv#606,G037-02
ready,profiles,P0224,Locator,p. 1: Recommended printing settings,p. 1: Recommended printing settings; p. 1: Recommended nozzle,S-SPECTRUM-en-tds-spectrum-pet-cf15,Recommended nozzle ≥ 0.5 mm,Locator names the rows now read.,agrees,gap-fill,line,reader,reader-r1-63-b,batch-63.csv#71,G067-03
ready,profiles,P0360,Locator,p. 1: Recommended printing settings; p. 1: Nozzle note,p. 1: Recommended printing settings; p. 1: Nozzle note; p. 1: Dry box; p. 1: Recommended nozzle,S-SPECTRUM-en-tds-spectrum-pla-glitter,Dry box not necessary,Locator names the rows now read.,agrees,gap-fill,line,reader,reader-r1-63-c,batch-63.csv#203,G013-02
ready,profiles,P1231,Locator,"p. 1: Nozzle temperature, Closed chamber, Ruby or hardened nozzle; p. 1: Bed temperature","p. 1: Nozzle temperature, Closed chamber, Ruby or hardened nozzle; p. 1: Bed temperature; p. 1: Dry box",S-SPECTRUM-EN-TDS-Spectrum-PLA-Glow-in-the-Dark-0,Dry box not necessary,Locator names the rows now read.,agrees,gap-fill,line,reader,reader-r1-63-c,batch-63.csv#229,G016-05
ready,profiles,P0190,Locator,p. 1: Recommended printing settings; p. 1: Nozzle note,p. 1: Recommended printing settings; p. 1: Nozzle note; p. 1: Dry box,S-SPECTRUM-en-tds-spectrum-pla-huracan,Dry box not necessary,Locator names the rows now read.,agrees,gap-fill,line,reader,reader-r1-63-c,batch-63.csv#252,G001-07
ready,profiles,P0189,Locator,p. 1: Recommended printing settings; p. 1: Nozzle note,p. 1: Recommended printing settings; p. 1: Nozzle note; p. 1: Dry box,S-SPECTRUM-en-tds-spectrum-pla-matt,Dry box not necessary,Locator names the rows now read.,agrees,gap-fill,line,reader,reader-r1-63-c,batch-63.csv#274,G001-06
ready,profiles,P0237,Locator,p. 1: Recommended printing settings; p. 1: Nozzle note,p. 1: Recommended printing settings; p. 1: Nozzle note; p. 1: Dry box,S-SPECTRUM-en-tds-spectrum-pla-pastello,Dry box not necessary,Locator names the rows now read.,agrees,gap-fill,line,reader,reader-r1-63-c,batch-63.csv#294,G001-17
ready,profiles,P0557,Locator,p. 1: Recommended printing settings; p. 1: Nozzle note,p. 1: Recommended printing settings; p. 1: Nozzle note; p. 1: Dry box; p. 1: settings footnote,S-SPECTRUM-en-tds-spectrum-pla-premium,Dry box not necessary,Locator names the rows now read.,agrees,gap-fill,line,reader,reader-r1-64,batch-64.csv#22,G001-69
ready,profiles,P0235,Locator,p. 1: Recommended printing settings; p. 1: Nozzle note,p. 1: Recommended printing settings; p. 1: Nozzle note; p. 1: Dry box; p. 1: settings footnote,S-SPECTRUM-en-tds-spectrum-pla-pro,Dry box not necessary,Locator names the rows now read.,agrees,gap-fill,line,reader,reader-r1-64,batch-64.csv#48,G001-16
ready,profiles,P0776,Locator,p. 1: Recommended printing settings; p. 1: Nozzle note,p. 1: Recommended printing settings; p. 1: Nozzle note; p. 1: Dry box; p. 1: settings footnote,S-SPECTRUM-EN-TDS-Spectrum-PLA-Pro-2,Dry box not necessary,Locator names the rows now read.,agrees,gap-fill,line,reader,reader-r1-64,batch-64.csv#74,G001-16
ready,profiles,P1202,Locator,"p. 1: Bed temperature, Closed chamber, Nozzle note","p. 1: Bed temperature, Closed chamber, Nozzle note; p. 1: Dry box; p. 1: settings footnote",S-SPECTRUM-en-tds-spectrum-pla-thermoactive,Dry box not necessary,Locator names the rows now read.,agrees,gap-fill,line,reader,reader-r1-64,batch-64.csv#99,G001-147
ready,profiles,P0177,Locator,p. 1: Recommended printing settings; p. 1: Nozzle note,p. 1: Recommended printing settings; p. 1: Nozzle note; p. 1: Dry box; p. 1: settings footnote,S-SPECTRUM-en-tds-spectrum-pla-tough,Dry box not necessary,Locator names the rows now read.,agrees,gap-fill,line,reader,reader-r1-64-c,batch-64.csv#127,G001-04
ready,profiles,P0092,Locator,Recommended printing settings; p. 1: Drying (if wet) ***; p. 1: Nozzle note,Recommended printing settings; p. 1: Drying (if wet) ***; p. 1: Nozzle note; p. 1: Adhesive required; p. 1: settings footnote,S-SPECTRUM-en-tds-spectrum-pps-am230,Adhesive required YES (Magigoo Pro HT),Locator names the rows now read.,agrees,gap-fill,line,reader,reader-r1-64-c,batch-64.csv#152,G072-02
ready,profiles,P0231,Locator,p. 1: Recommended printing settings; p. 1: Nozzle note,p. 1: Recommended printing settings; p. 1: Nozzle note; p. 1: Dry box; p. 1: settings footnote,S-SPECTRUM-en-tds-spectrum-rpetg,Dry box not necessary,Locator names the rows now read.,agrees,gap-fill,line,reader,reader-r1-64-c,batch-64.csv#176,G020-11
ready,profiles,P0206,Locator,p. 1: Recommended printing settings; p. 1: Nozzle note,p. 1: Recommended printing settings; p. 1: Nozzle note; p. 1: Dry box; p. 1: settings footnote,S-SPECTRUM-en-tds-spectrum-rpla,Dry box not necessary,Locator names the rows now read.,agrees,gap-fill,line,reader,reader-r1-64-c,batch-64.csv#199,G001-10
ready,profiles,P1205,Locator,"p. 1: Closed chamber, Ruby or hardened nozzle","p. 1: Closed chamber, Ruby or hardened nozzle; p. 1: Dry box; p. 1: Adhesive; p. 1: settings footnote",S-SPECTRUM-en-tds-spectrum-safeguard-pla,Dry box No,Locator names the rows now read.,agrees,gap-fill,line,reader,reader-r1-64-c,batch-64.csv#222,G001-150
ready,profiles,P0215,Locator,p. 1: Recommended printing settings; p. 1: Nozzle note,p. 1: Recommended printing settings; p. 1: Nozzle note; p. 1: Dry box; p. 1: settings footnote,S-SPECTRUM-en-tds-spectrum-sflex-85a,Dry box recommended,Locator names the rows now read.,agrees,gap-fill,line,reader,reader-r1-64-c,batch-64.csv#248,G039-07
ready,profiles,P0185,Locator,p. 1: Recommended printing settings; p. 1: Nozzle note,p. 1: Recommended printing settings; p. 1: Nozzle note; p. 1: Dry box; p. 1: settings footnote,S-SPECTRUM-en-tds-spectrum-sflex-90a,Dry box recommended,Locator names the rows now read.,agrees,gap-fill,line,reader,reader-r1-64-c,batch-64.csv#268,G039-04
ready,profiles,P0572,Locator,p. 1: Recommended printing settings; p. 1: Nozzle note,p. 1: Recommended printing settings; p. 1: Nozzle note; p. 1: Dry box; p. 1: settings footnote,S-SPECTRUM-EN-TDS-Spectrum-SFLEX-90A-4,Dry box recommended,Locator names the rows now read.,agrees,gap-fill,line,reader,reader-r1-64-c,batch-64.csv#288,G039-04
ready,profiles,P0220,Locator,p. 1: Recommended printing settings; p. 1: Nozzle note,p. 1: Recommended printing settings; p. 1: Nozzle note; p. 1: Dry box; p. 1: settings footnote,S-SPECTRUM-en-tds-spectrum-smart-abs,Dry box not necessary,Locator names the rows now read.,agrees,gap-fill,line,reader,reader-r1-64-c,batch-64.csv#315,G027-05
ready,profiles,P0361,Locator,p. 1: Recommended printing settings; p. 1: Nozzle note,p. 1: Recommended printing settings; p. 1: Nozzle note; p. 1: Dry box; p. 1: Recommended nozzle,S-SPECTRUM-en-tds-spectrum-wood,Dry box not necessary,Locator names the rows now read.,agrees,gap-fill,line,reader,reader-r1-64-c,batch-64.csv#339,G014-02
ready,profiles,P0219,Locator,p. 1: Recommended printing settings,p. 1: Recommended printing settings; p. 1: Dry box recommended; p. 1: Adhesive; p. 1: settings footnote,S-SPECTRUM-en-tds-the-filament-asa,Dry box recommended No,Locator names the rows now read.,agrees,gap-fill,line,reader,reader-r1-64-c,batch-64.csv#358,G031-04
ready,profiles,P0174,Locator,p. 1: Recommended printing settings,p. 1: Recommended printing settings; p. 1: Dry box recommended; p. 1: Adhesive; p. 1: settings footnote,S-SPECTRUM-en-tds-the-filament-asa-cf,Dry box recommended No,Locator names the rows now read.,agrees,gap-fill,line,reader,reader-r1-64-c,batch-64.csv#380,G033-03
ready,profiles,P0202,Locator,p. 1: Recommended printing settings,p. 1: Recommended printing settings; p. 1: Dry box recommended; p. 1: Adhesive; p. 1: settings footnote,S-SPECTRUM-en-tds-the-filament-ht-pla,Dry box recommended No,Locator names the rows now read.,agrees,gap-fill,line,reader,reader-r1-64-c,batch-64.csv#402,G001-09
ready,profiles,P0727,Locator,p. 1: Recommended printing settings,p. 1: Recommended printing settings; p. 1: Dry box recommended; p. 1: Adhesive; p. 1: settings footnote,S-SPECTRUM-EN-TDS-The-Filament-PETG,Dry box recommended No,Locator names the rows now read.,agrees,gap-fill,line,reader,reader-r1-64-c,batch-64.csv#423,G020-10
ready,profiles,P0181,Locator,p. 1: Recommended printing settings,p. 1: Recommended printing settings; p. 1: Dry box recommended; p. 1: Adhesive; p. 1: settings footnote,S-SPECTRUM-en-tds-the-filament-petg-lite,Dry box recommended if wet,Locator names the rows now read.,agrees,gap-fill,line,reader,reader-r1-64-c,batch-64.csv#441,G020-06
ready,profiles,P0556,Locator,p. 1: Recommended printing settings,p. 1: Recommended printing settings; p. 1: Dry box recommended; p. 1: Adhesive; p. 1: settings footnote,S-SPECTRUM-EN-TDS-The-Filament-PLA,Dry box recommended No,Locator names the rows now read.,agrees,gap-fill,line,reader,reader-r1-64-c,batch-64.csv#462,G001-13
ready,profiles,P0545,Locator,p. 1: Recommended printing settings,p. 1: Recommended printing settings; p. 1: Dry box recommended; p. 1: Adhesive; p. 1: settings footnote; p. 1: Nozzle temperature (High Speed),S-SPECTRUM-EN-TDS-The-Filament-PLA-HS,Dry box recommended No,Locator names the rows now read.,agrees,gap-fill,line,reader,reader-r1-64-c,batch-64.csv#482,G001-11
ready,profiles,P0213,Locator,p. 1: Recommended printing settings,p. 1: Recommended printing settings; p. 1: Dry box recommended; p. 1: Adhesive; p. 1: settings footnote,S-SPECTRUM-en-tds-the-filament-pla-lite,Dry box recommended No,Locator names the rows now read.,agrees,gap-fill,line,reader,reader-r1-64-c,batch-64.csv#501,G001-12
ready,profiles,P0201,Locator,p. 1: Recommended printing settings,p. 1: Recommended printing settings; p. 1: Dry box recommended; p. 1: Adhesive; p. 1: settings footnote,S-SPECTRUM-en-tds-the-filament-pla-matte,Dry box recommended No,Locator names the rows now read.,agrees,gap-fill,line,reader,reader-r1-64-c,batch-64.csv#520,G001-08
ready,profiles,P0229,Locator,p. 1: Recommended printing settings,p. 1: Recommended printing settings; p. 1: Dry box recommended; p. 1: settings footnote,S-SPECTRUM-en-tds-the-filament-tpu-82a,Dry box recommended Yes,Locator names the rows now read.,agrees,gap-fill,line,reader,reader-r1-64-c,batch-64.csv#539,G039-09
ready,profiles,P0194,Locator,p. 1: Recommended printing settings,p. 1: Recommended printing settings; p. 1: Dry box recommended; p. 1: settings footnote,S-SPECTRUM-en-tds-the-filament-tpu-87a,Dry box recommended Yes,Locator names the rows now read.,agrees,gap-fill,line,reader,reader-r1-64-c,batch-64.csv#558,G039-06
ready,profiles,P0188,Locator,p. 1: Recommended printing settings,"p. 1: Recommended printing settings; p. 1: * settings are based on a 0,4 mm nozzle",S-SPECTRUM-en-tds-the-filament-tpu-95a,"* settings are based on a 0,4 mm nozzle.",Locator names the rows now read.,agrees,gap-fill,line,reader,reader-r1-65-c,batch-65.csv#18,G039-05
ready,profiles,P0230,Locator,p. 1: Recommended printing settings,"p. 1: Recommended printing settings; p. 1: * settings are based on a 0,4 mm nozzle",S-SPECTRUM-eng-tds-the-filament-petg,"* settings are based on a 0,4 mm nozzle.",Locator names the rows now read.,agrees,gap-fill,line,reader,reader-r1-65-c,batch-65.csv#39,G020-10
ready,profiles,P0216,Locator,p. 1: Recommended printing settings,"p. 1: Recommended printing settings; p. 1: * settings are based on a 0,4 mm nozzle",S-SPECTRUM-eng-tds-the-filament-pla,"* settings are based on a 0,4 mm nozzle.",Locator names the rows now read.,agrees,gap-fill,line,reader,reader-r1-65-c,batch-65.csv#60,G001-13
ready,profiles,P0211,Locator,p. 1: Recommended printing settings: Nozzle temperature,"p. 1: Recommended printing settings: Nozzle temperature; p. 1: * settings are based on a 0,4 mm nozzle",S-SPECTRUM-eng-tds-the-filament-pla-hs,"* settings are based on a 0,4 mm nozzle.",Locator names the rows now read.,agrees,gap-fill,line,reader,reader-r1-65-c,batch-65.csv#82,G001-11
ready,profiles,P0212,Locator,p. 1: Recommended printing settings: Nozzle temperature (High Speed),"p. 1: Recommended printing settings: Nozzle temperature (High Speed); p. 1: * settings are based on a 0,4 mm nozzle",S-SPECTRUM-eng-tds-the-filament-pla-hs,"* settings are based on a 0,4 mm nozzle.",Locator names the rows now read.,agrees,gap-fill,line,reader,reader-r1-65-c,batch-65.csv#82,G001-11
ready,profiles,P0921,Locator,p. 7: Recommended printing settings,p. 7: Recommended printing settings; p. 3: Build Sheet,R-STRATASYS-mds-fdm-pc-abs-0823a,Build Sheet | Low Temperature | 0.02 x 26 x 38 in. (0.51 x 660 x 965 mm) | 0.02 x 16 x 18.5 in. (0.51 x 406 x 470 mm) | F370/F370CR Standard Build Trays,Locator names the rows now read.,agrees,gap-fill,line,reader,reader-r1-67-c,batch-67.csv#150,G094-09
ready,profiles,P1103,Locator,p. 2: Drying Temp.; p. 2: 喷嘴温度 Nozzle Temp. ℃; p. 2: 平台温度 Plate Temp.,p. 2: Drying Temp.; p. 2: 喷嘴温度 Nozzle Temp. ℃; p. 2: 平台温度 Plate Temp.; p. 2: 平台材料 Plate Material,R-SUNLU-19364171789540194308,平台材料 Plate Material 常规,Locator names the rows now read.,agrees,gap-fill,line,reader,reader-r1-67-c,batch-67.csv#484,G001-39
ready,profiles,P1244,Locator,"p. 2: 喷嘴温度 Nozzle Temp., 平台温度 Plate Temp.","p. 2: 喷嘴温度 Nozzle Temp., 平台温度 Plate Temp.; p. 2: Plate Material; p. 2: Drying Temp.",R-SUNLU-48f9a499-b97a-4844-be4b-35ca349b5b64,平台材料 Plate Material | PEI 纹理板,Locator names the rows now read.,agrees,gap-fill,line,reader,reader-r1-68-c,batch-68.csv#182,G027-14
ready,profiles,P1200,Locator,"p. 2: Nozzle Temp., Plate Temp.","p. 2: Nozzle Temp., Plate Temp.; p. 2: Plate Material",R-SUNLU-689d1925-acad-4de8-9079-c8eee9c3081e,Plate Material | Textured PEI Build Plate,Locator names the rows now read.,agrees,gap-fill,line,reader,reader-r1-68-c,batch-68.csv#278,G001-145
ready,profiles,P0413,Locator,p. 2: Recommended printing settings; p. 2: Nozzle Temp.,p. 2: Recommended printing settings; p. 2: Nozzle Temp.; p. 2: Drying Temp.,R-SUNLU-6f3c0e89-fa56-46b2-ab3d-601ee6b70cf9,Drying Temp. | /,Locator names the rows now read.,agrees,gap-fill,line,reader,reader-r1-68-c,batch-68.csv#381,G075-02
ready,profiles,P1198,Locator,"p. 2: Nozzle Temp., Plate Temp.","p. 2: Nozzle Temp., Plate Temp.; p. 2: Plate Material",R-SUNLU-81b1d361-0bd9-4783-ba0f-283a311c6870,Plate Material | Textured PEI Build Plate,Locator names the rows now read.,agrees,gap-fill,line,reader,reader-r1-68-c,batch-68.csv#472,G001-143
ready,profiles,P0412,Locator,p. 2: Recommended printing settings; p. 2: Nozzle Temp.,p. 2: Recommended printing settings; p. 2: Nozzle Temp.; p. 2: Plate Material,R-SUNLU-a47cd225-7892-4788-9c73-bd27bfd791f5,Plate Material | PEI 纹理板,Locator names the rows now read.,agrees,gap-fill,line,reader,reader-r1-69-c,batch-69.csv#85,G001-40
ready,profiles,P0798,Locator,p. 2: Recommended printing settings; p. 2: Nozzle Print Temp.; p. 2: Print Platform Temp.,p. 2: Recommended printing settings; p. 2: Nozzle Print Temp.; p. 2: Print Platform Temp.; p. 2: Print Platform Material,R-SUNLU-ABS-FR-TDS-0,Print Platform Material | Normal,Locator names the rows now read.,agrees,gap-fill,line,reader,reader-r1-69-c,batch-69.csv#134,G027-14
ready,profiles,P0808,Locator,p. 2: Recommended printing settings; p. 2: Nozzle Print Temp.,p. 2: Recommended printing settings; p. 2: Nozzle Print Temp.; p. 2: Print Platform Material,R-SUNLU-High-Speed-ABS-TDS,Print Platform Material | Normal,Locator names the rows now read.,agrees,gap-fill,line,reader,reader-r1-70-c,batch-70.csv#89,G027-12
ready,profiles,P0786,Locator,"p. 2: Recommended printing settings; p. 2: Nozzle Print Temp.; p. 2: Nozzle temperature, 50-100mm/s","p. 2: Recommended printing settings; p. 2: Nozzle Print Temp.; p. 2: Nozzle temperature, 50-100mm/s; p. 2: Print Platform Material",R-SUNLU-High-Speed-Matte-PETG-TDS,Print Platform Material | Normal,Locator names the rows now read.,agrees,gap-fill,line,reader,reader-r1-70-c,batch-70.csv#141,G020-20
ready,profiles,P1361,Locator,"p. 2: Recommended Printing Parameters: Nozzle temperature, 100-300mm/s","p. 2: Recommended Printing Parameters: Nozzle temperature, 100-300mm/s; p. 2: Print Platform Material",R-SUNLU-High-Speed-Matte-PETG-TDS,Print Platform Material | Normal,Locator names the rows now read.,agrees,gap-fill,line,reader,reader-r1-70-c,batch-70.csv#141,G020-20
ready,profiles,P1362,Locator,"p. 2: Recommended Printing Parameters: Nozzle temperature, 300-600mm/s","p. 2: Recommended Printing Parameters: Nozzle temperature, 300-600mm/s; p. 2: Print Platform Material",R-SUNLU-High-Speed-Matte-PETG-TDS,Print Platform Material | Normal,Locator names the rows now read.,agrees,gap-fill,line,reader,reader-r1-70-c,batch-70.csv#141,G020-20
ready,profiles,P0765,Locator,p. 2: Recommended printing settings; p. 2: Nozzle Print Temp.,p. 2: Recommended printing settings; p. 2: Nozzle Print Temp.; p. 2: Print Platform Material,R-SUNLU-PA12-CF-TDS,Print Platform Material | Normal,Locator names the rows now read.,agrees,gap-fill,line,reader,reader-r1-70-c,batch-70.csv#190,G053-05
ready,profiles,P0801,Locator,p. 2: Recommended printing settings; p. 2: Nozzle Print Temp.,p. 2: Recommended printing settings; p. 2: Nozzle Print Temp.; p. 2: Print Platform Material,R-SUNLU-PA6-CF-TDS,Print Platform Material | Normal,Locator names the rows now read.,agrees,gap-fill,line,reader,reader-r1-70-c,batch-70.csv#239,G050-06
ready,profiles,P0768,Locator,p. 2: Recommended printing settings; p. 2: Nozzle Print Temp.,p. 2: Recommended printing settings; p. 2: Nozzle Print Temp.; p. 2: Print Platform Material,R-SUNLU-PA6-GF-TDS,Print Platform Material | Normal,Locator names the rows now read.,agrees,gap-fill,line,reader,reader-r1-70-c,batch-70.csv#287,G051-06
ready,profiles,P0781,Locator,p. 2: Recommended printing settings; p. 2: Nozzle Print Temp.,p. 2: Recommended printing settings; p. 2: Nozzle Print Temp.; p. 2: Print Platform Material,R-SUNLU-PC-ABS-TDS,Print Platform Material | Normal,Locator names the rows now read.,agrees,gap-fill,line,reader,reader-r1-70-c,batch-70.csv#336,G094-04
ready,profiles,P0810,Locator,p. 2: Recommended printing settings; p. 2: Nozzle Print Temp.,p. 2: Recommended printing settings; p. 2: Nozzle Print Temp.; p. 2: Print Platform Material,R-SUNLU-PC-TDS,Print Platform Material | Normal,Locator names the rows now read.,agrees,gap-fill,line,reader,reader-r1-70-c,batch-70.csv#384,G035-12
ready,profiles,P0799,Locator,"p. 2: Recommended printing settings; p. 2: Nozzle Print Temp.; p. 2: Print Platform Temp.; p. 2: Nozzle temperature, 50-150mm/s","p. 2: Recommended printing settings; p. 2: Nozzle Print Temp.; p. 2: Print Platform Temp.; p. 2: Nozzle temperature, 50-150mm/s; p. 2: Print Platform Material",R-SUNLU-PLA-Classic-TDS,Print Platform Material | Normal,Locator names the rows now read.,agrees,gap-fill,line,reader,reader-r1-70-c,batch-70.csv#436,G001-111
ready,profiles,P1363,Locator,"p. 2: Recommended Printing Parameters: Nozzle temperature, 150-300mm/s","p. 2: Recommended Printing Parameters: Nozzle temperature, 150-300mm/s; p. 2: Print Platform Material",R-SUNLU-PLA-Classic-TDS,Print Platform Material | Normal,Locator names the rows now read.,agrees,gap-fill,line,reader,reader-r1-70-c,batch-70.csv#436,G001-111
ready,profiles,P1364,Locator,"p. 2: Recommended Printing Parameters: Nozzle temperature, 300-450mm/s","p. 2: Recommended Printing Parameters: Nozzle temperature, 300-450mm/s; p. 2: Print Platform Material",R-SUNLU-PLA-Classic-TDS,Print Platform Material | Normal,Locator names the rows now read.,agrees,gap-fill,line,reader,reader-r1-70-c,batch-70.csv#436,G001-111
ready,profiles,P0773,Locator,p. 2: Recommended printing settings; p. 2: Nozzle Print Temp.,p. 2: Recommended printing settings; p. 2: Nozzle Print Temp.; p. 2: Print Platform Material,R-SUNLU-PLA-Galaxy-TDS,Print Platform Material | Normal,Locator names the rows now read.,agrees,gap-fill,line,reader,reader-r1-70-c,batch-70.csv#483,G015-02
ready,profiles,P0790,Locator,p. 2: Recommended printing settings; p. 2: Nozzle Print Temp.; p. 2: Print Platform Temp.; p. 2: Room Temp.,p. 2: Recommended printing settings; p. 2: Nozzle Print Temp.; p. 2: Print Platform Temp.; p. 2: Room Temp.; p. 2: Print Platform Material,R-SUNLU-PLA-Glow-in-the-Dark,Print Platform Material | No Limitations,Locator names the rows now read.,agrees,gap-fill,line,reader,reader-r1-70-c,batch-70.csv#533,G016-04
ready,profiles,P1333,Locator,"p. 2: Recommended Printing Parameters: Zonal Temperature, 100-200mm/s","p. 2: Recommended Printing Parameters: Zonal Temperature, 100-200mm/s; p. 2: Print Platform Material",R-SUNLU-PLA-Glow-in-the-Dark,Print Platform Material | No Limitations,Locator names the rows now read.,agrees,gap-fill,line,reader,reader-r1-70-c,batch-70.csv#533,G016-04
ready,profiles,P0778,Locator,p. 2: Recommended printing settings; p. 2: Nozzle Print Temp.,p. 2: Recommended printing settings; p. 2: Nozzle Print Temp.; p. 2: Print Platform Material,R-SUNLU-PVB-TDS,Print Platform Material Normal,Locator names the rows now read.,agrees,gap-fill,line,reader,reader-r1-71-c,batch-71.csv#39,G093-03
ready,profiles,P0811,Locator,p. 2: Recommended printing settings; p. 2: Nozzle Print Temp.; p. 2: Print Platform Temp.; p. 2: Room Temp.,p. 2: Recommended printing settings; p. 2: Nozzle Print Temp.; p. 2: Print Platform Temp.; p. 2: Room Temp.; p. 2: Print Platform Material,R-SUNLU-SUNLU-TPU-95A-Gray,Print Platform Material No Limitations,Locator names the rows now read.,agrees,gap-fill,line,single-product,reader-r1-71-c,batch-71.csv#91,G039-19
ready,profiles,P1341,Locator,"p. 2: Recommended Printing Parameters: Zonal Temperature, 80- 150mm/s","p. 2: Recommended Printing Parameters: Zonal Temperature, 80- 150mm/s; p. 2: Print Platform Material",R-SUNLU-SUNLU-TPU-95A-Gray,Print Platform Material No Limitations,Locator names the rows now read.,agrees,gap-fill,line,single-product,reader-r1-71-c,batch-71.csv#91,G039-19
ready,profiles,P1108,Locator,p. 2: Drying Temp.; p. 2: Nozzle Print Temp.; p. 2: 打印平台温度 Print Platform Temp.,p. 2: Drying Temp.; p. 2: Nozzle Print Temp.; p. 2: 打印平台温度 Print Platform Temp.; p. 2: 打印平台材料 Print Platform Material,R-SUNLU-TDS-High-speed-PLA-marble,打印平台材料 Print Platform Material PEI,Locator names the rows now read.,agrees,gap-fill,line,single-product,reader-r1-71-c,batch-71.csv#140,G012-02
ready,profiles,P1247,Locator,"p. 1: Nozzle temperature, Bed temperature, Closed chamber for printing, Ruby or hardened nozzle","p. 1: Nozzle temperature, Bed temperature, Closed chamber for printing, Ruby or hardened nozzle; p. 1: Dry box recommended; p. 1: * settings are based on a 0,4 mm nozzle.",R-3DJAKE-EN-TDS-The-Filament-ASA,Dry box recommended No,Locator names the rows now read.,agrees,gap-fill,line,reader,reader-r1-71-c,batch-71.csv#166,G031-43
ready,profiles,P1249,Locator,"p. 1: Nozzle temperature, Bed temperature, Closed chamber for printing, Ruby or hardened nozzle","p. 1: Nozzle temperature, Bed temperature, Closed chamber for printing, Ruby or hardened nozzle; p. 1: Dry box recommended; p. 1: * settings are based on a 0,4 mm nozzle.",R-3DJAKE-EN-TDS-The-Filament-ASA-CF,Dry box recommended No,Locator names the rows now read.,agrees,gap-fill,line,reader,reader-r1-71-c,batch-71.csv#186,G033-18
ready,profiles,P1214,Locator,"p. 1: Nozzle temperature, Bed temperature, Closed chamber for printing, Ruby or hardened nozzle","p. 1: Nozzle temperature, Bed temperature, Closed chamber for printing, Ruby or hardened nozzle; p. 1: Dry box recommended; p. 1: * settings are based on a 0,4 mm nozzle.",R-3DJAKE-EN-TDS-The-Filament-HT-PLA,Dry box recommended No,Locator names the rows now read.,agrees,gap-fill,line,reader,reader-r1-71-c,batch-71.csv#207,G001-196
ready,profiles,P1241,Locator,"p. 1: Nozzle temperature, Bed temperature, Closed chamber for printing, Ruby or hardened nozzle","p. 1: Nozzle temperature, Bed temperature, Closed chamber for printing, Ruby or hardened nozzle; p. 1: Dry box recommended; p. 1: * settings are based on a 0,4 mm nozzle.",R-3DJAKE-EN-TDS-The-Filament-PETG-Lite,Dry box recommended if wet,Locator names the rows now read.,agrees,gap-fill,line,reader,reader-r1-71-c,batch-71.csv#224,G020-73
ready,profiles,P1216,Locator,"p. 1: Nozzle temperature, Bed temperature, Closed chamber for printing, Ruby or hardened nozzle","p. 1: Nozzle temperature, Bed temperature, Closed chamber for printing, Ruby or hardened nozzle; p. 1: Dry box recommended; p. 1: * settings are based on a 0,4 mm nozzle.",R-3DJAKE-EN-TDS-The-Filament-PLA-Lite,Dry box recommended No,Locator names the rows now read.,agrees,gap-fill,line,reader,reader-r1-71-c,batch-71.csv#241,G001-198
ready,profiles,P1215,Locator,"p. 1: Nozzle temperature, Bed temperature, Closed chamber for printing, Ruby or hardened nozzle","p. 1: Nozzle temperature, Bed temperature, Closed chamber for printing, Ruby or hardened nozzle; p. 1: Dry box recommended; p. 1: * settings are based on a 0,4 mm nozzle.",R-3DJAKE-EN-TDS-The-Filament-PLA-Matte,Dry box recommended No,Locator names the rows now read.,agrees,gap-fill,line,reader,reader-r1-71-c,batch-71.csv#259,G001-197
ready,profiles,P0900,Locator,p. 1: Recommended printing settings,p. 1: Recommended printing settings; p. 1: Dry box recommended,S-SPECTRUM-EN-TDS-Spectrum-HDPE,Dry box recommended | No,Locator names the rows now read.,agrees,gap-fill,line,reader,reader-r1-cx,batch-cx.csv#18,G085-01
ready,profiles,P0107,Locator,Recommended printing settings,Recommended printing settings; p. 1: Dry box recommended,S-SPECTRUM-en-tds-spectrum-hdpe,Dry box recommended | No,Locator names the rows now read.,agrees,gap-fill,line,reader,reader-r1-cx,batch-cx.csv#40,G085-01
ready,profiles,P0573,Locator,p. 1: Recommended printing settings; p. 1: Drying (if wet) ***,p. 1: Recommended printing settings; p. 1: Drying (if wet) ***; p. 1: Footnote,S-SPECTRUM-EN-TDS-Spectrum-PA12-CF15,* settings are based on a 0.4mm nozzle,Locator names the rows now read.,agrees,gap-fill,line,reader,reader-r1-cx,batch-cx.csv#60,G053-03
ready,profiles,P0070,Locator,Recommended printing settings; p. 1: Drying (if wet) ***,Recommended printing settings; p. 1: Drying (if wet) ***; p. 1: Footnote,S-SPECTRUM-en-tds-spectrum-pa12-cf15,* settings are based on a 0.4mm nozzle,Locator names the rows now read.,agrees,gap-fill,line,reader,reader-r1-cx,batch-cx.csv#88,G053-03
ready,profiles,P0549,Locator,p. 1: Recommended printing settings,p. 1: Recommended printing settings; p. 1: Dry box recommended,S-SPECTRUM-EN-TDS-Spectrum-PEBA,Dry box recommended | Yes,Locator names the rows now read.,agrees,gap-fill,line,reader,reader-r1-cx,batch-cx.csv#119,G045-02
ready,profiles,P0058,Locator,Recommended printing settings,Recommended printing settings; p. 1: Dry box recommended,S-SPECTRUM-en-tds-spectrum-peba,Dry box recommended | Yes,Locator names the rows now read.,agrees,gap-fill,line,reader,reader-r1-cx,batch-cx.csv#143,G045-02
ready,profiles,P0550,Locator,p. 1: Recommended printing settings,p. 1: Recommended printing settings; p. 1: Dry box recommended,S-SPECTRUM-EN-TDS-Spectrum-PETG-ESD,Dry box recommended | No,Locator names the rows now read.,agrees,gap-fill,line,reader,reader-r1-cx,batch-cx.csv#170,G026-03
ready,profiles,P0031,Locator,Recommended printing settings,Recommended printing settings; p. 1: Dry box recommended,S-SPECTRUM-en-tds-spectrum-petg-esd,Dry box recommended | No,Locator names the rows now read.,agrees,gap-fill,line,reader,reader-r1-cx,batch-cx.csv#196,G026-03
ready,profiles,P0554,Locator,p. 1: Recommended printing settings,p. 1: Recommended printing settings; p. 1: Dry box recommended,S-SPECTRUM-EN-TDS-Spectrum-PLA-ESD,Dry box recommended | No,Locator names the rows now read.,agrees,gap-fill,line,reader,reader-r1-cx,batch-cx.csv#222,G107-01
ready,profiles,P0193,Locator,p. 1: Recommended printing settings,p. 1: Recommended printing settings; p. 1: Dry box recommended,S-SPECTRUM-en-tds-spectrum-pla-esd,Dry box recommended | No,Locator names the rows now read.,agrees,gap-fill,line,reader,reader-r1-cx,batch-cx.csv#248,G107-01
ready,profiles,P0363,Locator,p. 1: Recommended printing settings,p. 1: Recommended printing settings; p. 1: Footnote; p. 1: Dry box,S-SPECTRUM-EN-TDS-Spectrum-PLA-Metal-Brass,"* settings are based on a 0,4 mm nozzle.",Locator names the rows now read.,agrees,gap-fill,line,reader,reader-r1-cx,batch-cx.csv#263,G011-03
ready,profiles,P0366,Locator,p. 1: Recommended printing settings,p. 1: Recommended printing settings; p. 1: Footnote; p. 1: Dry box,S-SPECTRUM-en-tds-spectrum-pla-metal-brass,"* settings are based on a 0,4 mm nozzle.",Locator names the rows now read.,agrees,gap-fill,line,reader,reader-r1-cx,batch-cx.csv#285,G011-03
ready,profiles,P0368,Locator,p. 1: Recommended printing settings,p. 1: Recommended printing settings; p. 1: Footnote; p. 1: Dry box,S-SPECTRUM-EN-TDS-Spectrum-PLA-Metal-Bronze,"* settings are based on a 0,4 mm nozzle.",Locator names the rows now read.,agrees,gap-fill,line,reader,reader-r1-cx,batch-cx.csv#307,G011-04
ready,profiles,P0365,Locator,p. 1: Recommended printing settings,p. 1: Recommended printing settings; p. 1: Footnote; p. 1: Dry box,S-SPECTRUM-en-tds-spectrum-pla-metal-bronze,"* settings are based on a 0,4 mm nozzle.",Locator names the rows now read.,agrees,gap-fill,line,reader,reader-r1-cx,batch-cx.csv#329,G011-04
ready,profiles,P0367,Locator,p. 1: Recommended printing settings,p. 1: Recommended printing settings; p. 1: Footnote; p. 1: Dry box,S-SPECTRUM-EN-TDS-Spectrum-PLA-Metal-Copper,"* settings are based on a 0,4 mm nozzle.",Locator names the rows now read.,agrees,gap-fill,line,reader,reader-r1-cx,batch-cx.csv#351,G011-02
ready,profiles,P0362,Locator,p. 1: Recommended printing settings,p. 1: Recommended printing settings; p. 1: Footnote; p. 1: Dry box,S-SPECTRUM-en-tds-spectrum-pla-metal-copper,"* settings are based on a 0,4 mm nozzle.",Locator names the rows now read.,agrees,gap-fill,line,reader,reader-r1-cx,batch-cx.csv#373,G011-02
ready,profiles,P0546,Locator,p. 1: Recommended printing settings; p. 1: Nozzle note,p. 1: Recommended printing settings; p. 1: Nozzle note; p. 1: Footnote *; p. 1: Dry box,S-SPECTRUM-EN-TDS-Spectrum-SFLEX-98A,"* settings are based on a 0,4 mm nozzle.",Locator names the rows now read.,agrees,gap-fill,line,reader,reader-r1-cx,batch-cx.csv#402,G039-08
ready,profiles,P0226,Locator,p. 1: Recommended printing settings; p. 1: Nozzle note,p. 1: Recommended printing settings; p. 1: Nozzle note; p. 1: Footnote *; p. 1: Dry box,S-SPECTRUM-en-tds-spectrum-sflex-98a,"* settings are based on a 0,4 mm nozzle.",Locator names the rows now read.,agrees,gap-fill,line,reader,reader-r1-cx,batch-cx.csv#430,G039-08
ready,profiles,P0734,Locator,p. 1: Recommended printing settings,p. 1: Recommended printing settings; p. 1: Footnote *; p. 1: Dry box recommended,S-SPECTRUM-ENG-TDS-The-Filament-PETG-CF,"* settings are based on a 0,4 mm nozzle.",Locator names the rows now read.,agrees,gap-fill,line,reader,reader-r1-cx,batch-cx.csv#451,G024-04
ready,profiles,P0232,Locator,p. 1: Recommended printing settings,p. 1: Recommended printing settings; p. 1: Footnote *; p. 1: Dry box recommended,S-SPECTRUM-eng-tds-the-filament-petg-cf,"* settings are based on a 0,4 mm nozzle.",Locator names the rows now read.,agrees,gap-fill,line,reader,reader-r1-cx,batch-cx.csv#472,G024-04
ready,profiles,P1171,Locator,p. 2: Recommended printing settings,p. 2: Recommended printing settings; p. 2: Bed / surface modification,R-COLORFABB-TDS-E-colorFabb-PA-NEAT,"Bed / surface modification | - | Glass Plate, buildTak",Locator names the rows now read.,agrees,gap-fill,line,reader,reader-r1-cx,batch-cx.csv#546,G164-06
ready,profiles,P0518,Locator,p. 1: Recommended printing settings,p. 1: Recommended printing settings; p. 1: Bed surface / modification,R-COLORFABB-colorFabb-nGen-Filament-TDS,"Bed surface / modification nGen gives best results on a heated build platform, 75C to about 85C is usually needed for proper adhesion to a glass plate. | Printing on a cold bed is possible but you’ll need some adhesion tools to minimize warping. 3DLac, buildTak or 3DEeze can do the trick.",Locator names the rows now read.,agrees,plate-label,line,held,reader-r1-04,batch-04.csv#350,G092-02
ready,profiles,P0530,Locator,p. 1: Recommended printing settings,p. 1: Recommended printing settings; p. 1: Bed surface / modification,R-COLORFABB-colorFabb-nGen-Flex-Filament-TDS,"Bed surface / modification nGen_FLEX gives best results on a buildTak covered buildplate, heated at around 80C. Make sure the distance between nozzle and buildplate is not too close, first layer should not be squeezed too much.",Locator names the rows now read.,agrees,plate-label,line,held,reader-r1-04,batch-04.csv#370,G143-01
ready,profiles,P1190,Locator,p. 1: Recommended printing settings,p. 1: Recommended printing settings; p. 1: Bed surface / modification,R-COLORFABB-colorFabb-PA-CF-Low-Warp-TDS,"Bed surface / modification buildTak, Glass plate",Locator names the rows now read.,agrees,plate-label,line,held,reader-r1-04,batch-04.csv#386,G165-01
ready,profiles,P0927,Locator,p. 1: Recommended printing settings,p. 1: Recommended printing settings; p. 1: Bed surface / modification,R-COLORFABB-colorFabb-PLA-PHA-Printing-Filament-TDS,Bed surface / modification Our PLA/PHA performs well on both heated and non-heated build platforms. For those users printing on a cold build platform we advise applying masking tape to the build area.,Locator names the rows now read.,agrees,plate-label,line,held,reader-r1-04,batch-04.csv#406,G145-01
ready,profiles,P0894,Locator,p. 1: Recommended printing settings,p. 1: Recommended printing settings; p. 1: Bed surface / modification,R-COLORFABB-colorFabb-BronzeFill-TDS,"Bed surface / modification Glass plate, glue stick, polyimide tape, kapton tape",Locator names the rows now read.,agrees,plate-label,line,held,reader-r1-30,batch-30.csv#358,G001-136
ready,profiles,P0523,Locator,p. 1: Recommended printing settings,p. 1: Recommended printing settings; p. 1: Bed surface / modification,R-COLORFABB-colorFabb-Economy-PLA-TDS,Bed surface / modification Tape or glue,Locator names the rows now read.,agrees,plate-label,line,held,reader-r1-30,batch-30.csv#373,G001-59
ready,profiles,P0520,Locator,p. 1: Recommended printing settings,p. 1: Recommended printing settings; p. 1: Bed surface / modification,R-COLORFABB-colorFabb-LW-PLA-TDS,Bed surface / modification Tape or glue,Locator names the rows now read.,agrees,plate-label,line,held,reader-r1-30,batch-30.csv#397,G017-09
ready,profiles,P0901,Locator,p. 1: Recommended printing settings,p. 1: Recommended printing settings; p. 1: Bed surface / modification,R-COLORFABB-colorFabb-SteelFill-TDS,"Bed surface / modification Glass plate, glue stick, polyimide tape, kapton tape",Locator names the rows now read.,agrees,plate-label,line,held,reader-r1-30,batch-30.csv#426,G001-137
ready,profiles,P0506,Locator,p. 1: Recommended printing settings,p. 1: Recommended printing settings; p. 1: Bed surface / modification,R-COLORFABB-colorFabb-VarioShore-TPU-TDS,Bed surface / modification Tape or glue,Locator names the rows now read.,agrees,plate-label,line,held,reader-r1-30,batch-30.csv#443,G039-25
ready,profiles,P1012,Locator,p. 1: Recommended printing settings,p. 1: Recommended printing settings; p. 1: Bed surface / modification,R-COLORFABB-colorFabb-XT-Filament-TDS,"Bed surface / modification For colorFabb_XT we advise to print on a heated bed. After printing, the | build plate needs to cool down to about 20-30 C at which point you can | remove the printed part.",Locator names the rows now read.,agrees,plate-label,line,held,reader-r1-30,batch-30.csv#463,G089-03
ready,profiles,P0529,Locator,p. 1: Recommended printing settings,p. 1: Recommended printing settings; p. 1: Bed surface / modification,R-COLORFABB-TDS-E-ColorFabb-LW-PLA-1,Bed surface / modification Tape or glue,Locator names the rows now read.,agrees,plate-label,line,held,reader-r1-31,batch-31.csv#536,G017-09
ready,profiles,P0574,Locator,p. 2: Recommended printing settings,p. 2: Recommended printing settings; p. 2: Bed surface / modification,R-COLORFABB-TDS-E-colorFabb-PLA-Chameleon,Bed surface / modification Tape or glue,Locator names the rows now read.,agrees,plate-label,line,held,reader-r1-31,batch-31.csv#686,G001-70
ready,profiles,P0571,Locator,p. 1: Recommended printing settings,p. 1: Recommended printing settings; p. 1: Bed surface / modification,R-COLORFABB-TDS-E-ColorFabb-varioShore-TPU,Bed surface / modification Tape or glue,Locator names the rows now read.,agrees,plate-label,line,held,reader-r1-32-b,batch-32.csv#160,G039-25
ready,profiles,P0423,Locator,p. 2: Recommended printing settings; p. 2: Nozzle Temp.,p. 2: Recommended printing settings; p. 2: Nozzle Temp.; p. 2: late Material,R-SUNLU-cc96ba09-b739-4afb-851f-bcdd5f02dc2b,late Material | Textured PEI Build Plate,Locator names the rows now read.,agrees,plate-label,line,held,reader-r1-69-c,batch-69.csv#326,G015-02
ready,profiles,P1170,Locator,p. 1: Recommended printing settings,p. 1: Recommended printing settings; p. 1: Bed surface / modification,R-COLORFABB-TDS-E-ColorFabb-PA-neat,"Bed surface / modification | buildTak, Glass plate",Locator names the rows now read.,agrees,plate-label,line,held,reader-r1-cx,batch-cx.csv#505,G164-06
